player_id,player_name,team,conference,season,passing_ATT,passing_COMPLETIONS,passing_INT,passing_PCT,passing_TD,passing_YDS,passing_YPA,receiving_LONG,receiving_REC,receiving_TD,receiving_YDS,receiving_YPR,rushing_CAR,rushing_LONG,rushing_TD,rushing_YDS,rushing_YPC
102597,Will Rogers,Washington,Big Ten,2024,311,220,7,0.707,14,2458,7.9,,,,,,34,20,0,-79,-2.3
107494,Trey Sanders,TCU,Big 12,2024,,,,,,,,,,,,,13,12,0,46,3.5
146583,John Adams,Temple,American Athletic,2024,,,,,,,,35,16,1,194,12.1,3,4,0,9,3.0
184812,Calvin Moore,Cal Poly,Big Sky,2024,,,,,,,,8,1,0,8,8.0,,,,,
233186,Josh Jenkins,Holy Cross,Patriot,2024,1,0,1,0.000,0,0,0.0,,,,,,,,,,
3116099,Monte Harrison,Arkansas,SEC,2024,,,,,,,,18,2,0,29,14.5,,,,,
3949586,Jake Taylor,Duke,ACC,2024,,,,,,,,14,11,0,74,6.7,,,,,
4038961,Cam McCormick,Miami,ACC,2024,,,,,,,,9,6,3,42,7.0,,,,,
4242373,Bentley Hanshaw,Liberty,Conference USA,2024,,,,,,,,21,10,1,92,9.2,,,,,
4251136,Spencer Curtis,Hawai'i,Mountain West,2024,,,,,,,,28,19,0,244,12.8,,,,,
4360435,Jacolby Hewitt,Alabama A&M,SWAC,2024,,,,,,,,45,15,1,169,11.3,1,19,0,19,19.0
4360480,Spencer Petras,Utah State,Mountain West,2024,327,214,11,0.654,17,2315,7.1,,,,,,36,12,1,35,1.0
4360689,Tyler Shough,Louisville,ACC,2024,389,244,6,0.627,23,3195,8.2,,,,,,42,46,1,19,0.5
4360890,Jordan McCloud,Texas State,Sun Belt,2024,389,272,13,0.699,30,3222,8.3,,,,,,74,42,7,278,3.8
4360930,Jyaire Shorter,Memphis,American Athletic,2024,,,,,,,,38,10,0,123,12.3,,,,,
4361014,Brant Kuithe,Utah,Big 12,2024,,,,,,,,71,35,6,505,14.4,8,11,2,26,3.3
4361025,Jack Tuttle,Michigan,Big Ten,2024,50,30,2,0.600,1,306,6.1,,,,,,15,13,0,4,0.3
4361059,Da'kendall James,Towson,CAA,2024,,,,,,,,25,9,0,126,14.0,,,,,
4361802,Cameron Carroll,Florida,SEC,2024,,,,,,,,,,,,,3,4,0,1,0.3
4362075,Cameron Rising,Utah,Big 12,2024,66,34,3,0.515,7,555,8.4,,,,,,8,25,0,33,4.1
4362159,Alan Bowman,Oklahoma State,Big 12,2024,340,204,12,0.600,17,2442,7.2,16,1,1,11,11.0,24,12,0,-38,-1.6
4362188,Sterling Galban,Massachusetts,FBS Independents,2024,,,,,,,,21,25,0,210,8.4,1,0,0,-7,-7.0
4362248,Anthony Torres,Toledo,Mid-American,2024,,,,,,,,78,31,9,404,13.0,,,,,
4362263,Jalynn Williams,Western Carolina,Southern,2024,,,,,,,,9,3,0,15,5.0,34,17,10,106,3.1
4362313,O'Shann Allison,Austin Peay,UAC,2024,,,,,,,,9,13,0,25,1.9,61,49,0,237,3.9
4362332,Alec Burton,Utah Tech,UAC,2024,,,,,,,,64,3,2,119,39.7,,,,,
4362535,Treshawn Chamberlain,Samford,Southern,2024,,,,,,,,5,1,0,5,5.0,,,,,
4362909,Cameron Gardner,Mississippi Valley State,SWAC,2024,,,,,,,,24,14,0,161,11.5,1,6,0,6,6.0
4362915,Gerry Bohannon,BYU,Big 12,2024,4,3,1,0.750,0,27,6.8,,,,,,7,11,0,30,4.3
4363059,Jay Gibson,Chattanooga,Southern,2024,,,,,,,,26,13,1,102,7.8,,,,,
4364635,Cole Grossman,Montana,Big Sky,2024,,,,,,,,10,4,0,24,6.0,,,,,
4365454,Takairee Kenebrew,North Alabama,UAC,2024,,,,,,,,78,42,4,695,16.5,1,7,0,7,7.0
4365710,Jaren Mitchell,Incarnate Word,Southland,2024,,,,,,,,9,4,0,26,6.5,,,,,
4366640,Solomon Vanhorse,Indiana,Big Ten,2024,,,,,,,,14,1,0,14,14.0,,,,,
4367042,John Erby,Duquesne,NEC,2024,1,0,0,0.000,0,0,0.0,45,48,8,681,14.2,3,13,0,10,3.3
4367069,Ty Son Lawton,Indiana,Big Ten,2024,1,0,0,0.000,0,0,0.0,35,12,0,124,10.3,141,29,12,668,4.7
4368612,Jay Parker,Tennessee Tech,Big South-OVC,2024,,,,,,,,79,14,1,174,12.4,3,12,0,15,5.0
4368909,Jeremiah Edwards,UT Martin,Big South-OVC,2024,,,,,,,,18,2,0,26,13.0,,,,,
4369910,Chance Newman,Northwestern State,Southland,2024,1,1,0,1.000,0,6,6.0,32,4,0,63,15.8,13,14,1,30,2.3
4370170,Landon Parker,Troy,Sun Belt,2024,3,1,0,0.333,0,29,9.7,33,27,0,350,13.0,,,,,
4370981,Keilon Elder,Grambling,SWAC,2024,,,,,,,,4,3,0,9,3.0,40,22,3,214,5.4
4371078,Romelo Williams,Virginia St,CIAA,2024,20,14,1,0.700,1,171,8.6,,,,,,11,15,1,53,4.8
4373895,Ben Wooldridge,Louisiana,Sun Belt,2024,291,192,6,0.660,17,2453,8.4,,,,,,65,18,5,174,2.7
4376241,D'Angelo Durham,McNeese,Southland,2024,,,,,,,,13,7,0,56,8.0,54,27,3,232,4.3
4379400,Matthew Downing,Elon,CAA,2024,233,144,4,0.618,16,2049,8.8,,,,,,65,21,3,-18,-0.3
4379471,Tyler Brown,Clemson,ACC,2024,,,,,,,,16,5,0,30,6.0,1,0,0,-2,-2.0
4383431,Cameron Lewis,East Tennessee State,Southern,2024,,,,,,,,32,19,2,207,10.9,,,,,
4384603,Will McElvain,Central Arkansas,UAC,2024,257,169,6,0.658,14,1958,7.6,,,,,,36,18,0,-23,-0.6
4395522,Jacob Van Landingham,Northern State,Northern Sun,2024,,,,,,,,5,2,0,9,4.5,,,,,
4426333,John Emery Jr.,LSU,SEC,2024,,,,,,,,10,1,0,10,10.0,10,39,0,61,6.1
4426335,Graham Mertz,Florida,SEC,2024,94,72,2,0.766,6,791,8.4,,,,,,18,16,1,56,3.1
4426337,Bru McCoy,Tennessee,SEC,2024,,,,,,,,42,39,2,472,12.1,2,9,0,15,7.5
4426357,Kyle Ford,USC,Big Ten,2024,,,,,,,,41,26,3,317,12.2,,,,,
4426409,Chez Mellusi,Wisconsin,Big Ten,2024,,,,,,,,10,6,0,17,2.8,56,21,3,232,4.1
4426410,Mycah Pittman,Utah,Big 12,2024,,,,,,,,21,6,0,50,8.3,,,,,
4426417,Jacob Zeno,UAB,American Athletic,2024,118,82,5,0.695,6,819,6.9,,,,,,37,26,0,97,2.6
4426420,Devyn Ford,Notre Dame,FBS Independents,2024,,,,,,,,6,2,0,6,3.0,13,11,0,55,4.2
4426421,Ryland Goede,Georgia Tech,ACC,2024,,,,,,,,25,6,1,70,11.7,,,,,
4426424,Trejan Bridges,Central Arkansas,UAC,2024,,,,,,,,50,47,5,646,13.7,,,,,
4426428,Sean Dollars,Nevada,Mountain West,2024,,,,,,,,17,11,0,74,6.7,47,26,0,165,3.5
4426430,Taisun Phommachanh,Massachusetts,FBS Independents,2024,234,132,6,0.564,8,1590,6.8,,,,,,107,33,3,317,3.0
4426444,Connor Bazelak,Bowling Green,Mid-American,2024,402,269,5,0.669,18,3044,7.6,,,,,,48,19,2,-91,-1.9
4426454,Lance LeGendre,Louisiana,Sun Belt,2024,,,,,,,,48,49,6,826,16.9,1,10,0,10,10.0
4426459,Chase Lane,Georgia Tech,ACC,2024,,,,,,,,32,24,3,283,11.8,,,,,
4426460,Jackson Lowe,Incarnate Word,Southland,2024,,,,,,,,17,7,3,68,9.7,,,,,
4426463,Dannis Jackson,Southern Miss,Sun Belt,2024,,,,,,,,47,11,0,210,19.1,2,8,0,11,5.5
4426478,Colby Bowman,Utah State,Mountain West,2024,,,,,,,,31,7,0,69,9.9,,,,,
4426484,Marcus Major,Minnesota,Big Ten,2024,,,,,,,,25,20,1,144,7.2,78,40,3,352,4.5
4426499,Hank Bachmeier,Wake Forest,ACC,2024,357,224,10,0.627,16,2593,7.3,5,1,0,1,1.0,96,20,1,141,1.5
4426524,Kendall Abdur-Rahman,McKendree,Great Lakes,2024,,,,,,,,25,4,0,65,16.3,,,,,
4426528,Ife Adeyi,Sam Houston,Conference USA,2024,,,,,,,,32,30,1,271,9.0,9,28,1,76,8.4
4426530,Kay'Ron Adams,Michigan State,Big Ten,2024,,,,,,,,16,15,0,85,5.7,133,63,2,649,4.9
4426535,Theo Wease,Missouri,SEC,2024,,,,,,,,70,60,4,884,14.7,,,,,
4426570,Ezeriah Anderson,UConn,FBS Independents,2024,,,,,,,,44,5,1,79,15.8,,,,,
4426612,Jarrad Baker,UCF,Big 12,2024,,,,,,,,17,6,0,53,8.8,,,,,
4426635,Darwin Barlow,North Carolina,ACC,2024,,,,,,,,17,3,0,31,10.3,9,14,0,62,6.9
4426645,Jouvensly Bazil,Bethune-Cookman,SWAC,2024,,,,,,,,5,4,0,-5,-1.3,25,23,0,66,2.6
4426657,Ryan Hilinski,Northwestern,Big Ten,2024,15,9,1,0.600,0,121,8.1,,,,,,2,0,0,-4,-2.0
4426664,Leighton Bechdel,West Virginia,Big 12,2024,,,,,,,,,,,,,1,14,1,14,14.0
4426684,Andrew Bench,South Alabama,Sun Belt,2024,,,,,,,,19,1,0,19,19.0,,,,,
4426687,Johnathan Bennett,The Citadel,Southern,2024,241,124,8,0.515,9,1726,7.2,,,,,,143,49,4,557,3.9
4426688,Kaiden Bennett,Sacramento State,Big Sky,2024,45,22,3,0.489,1,269,6.0,,,,,,12,11,0,28,2.3
4426689,Ulysses Bentley IV,Ole Miss,SEC,2024,,,,,,,,31,13,0,99,7.6,84,89,5,419,5.0
4426696,Micah Bernard,Utah,Big 12,2024,,,,,,,,19,30,2,150,5.0,197,64,4,1009,5.1
4426703,Mark Biggins,Campbell,CAA,2024,,,,,,,,8,4,0,12,3.0,81,64,3,393,4.9
4426760,Stephan Bracey,Central Michigan,Mid-American,2024,,,,,,,,33,5,0,75,15.0,,,,,
4426815,Mike Brown-Stephens,South Florida,American Athletic,2024,,,,,,,,32,28,4,350,12.5,1,0,0,0,0.0
4426847,Zach Calzada,Incarnate Word,Southland,2024,508,334,9,0.657,33,3614,7.1,,,,,,97,33,5,317,3.3
4426857,Oscar Cardenas,UTSA,American Athletic,2024,,,,,,,,35,13,3,141,10.8,1,0,0,0,0.0
4426869,Jalen Carr,Illinois State,MVFC,2024,,,,,,,,5,2,0,9,4.5,,,,,
4426884,Quincy Casey,West Georgia,UAC,2024,139,79,5,0.568,10,1066,7.7,,,,,,39,20,3,160,4.1
4426892,Dante Cephas,Kansas State,Big 12,2024,,,,,,,,35,15,0,184,12.3,,,,,
4426894,Dante Chachere,Portland State,Big Sky,2024,243,148,7,0.609,12,1961,8.1,,,,,,133,62,12,717,5.4
4426919,De'Corian Clark,UTSA,American Athletic,2024,,,,,,,,14,1,0,14,14.0,,,,,
4426952,Jack Coldiron,Miami (OH),Mid-American,2024,,,,,,,,22,13,0,139,10.7,,,,,
4426965,Blair Conwright,North Texas,American Athletic,2024,,,,,,,,96,40,7,542,13.6,,,,,
4426970,Glover Cook,UT Martin,Big South-OVC,2024,,,,,,,,17,6,0,50,8.3,74,33,1,303,4.1
4426971,Gary Cooper,Bryant,CAA,2024,,,,,,,,36,16,0,175,10.9,1,0,0,-10,-10.0
4426998,Javien Cuff,Buffalo,Mid-American,2024,,,,,,,,28,11,1,155,14.1,,,,,
4427003,Kyron Cumby,Tennessee Tech,Big South-OVC,2024,,,,,,,,9,3,0,10,3.3,20,18,0,76,3.8
4427051,Cooper Dawson,Charleston Southern,Big South-OVC,2024,,,,,,,,5,3,0,12,4.0,,,,,
4427063,Wayne Dennis Jr.,Howard,MEAC,2024,,,,,,,,10,1,0,10,10.0,,,,,
4427097,Elijah Downing,Murray State,MVFC,2024,,,,,,,,31,9,1,108,12.0,,,,,
4427111,Michel Dukes,Georgia State,Sun Belt,2024,,,,,,,,26,43,3,354,8.2,63,35,2,365,5.8
4427135,Jett Elad,UNLV,Mountain West,2024,,,,,,,,,,,,,2,0,0,-1,-0.5
4427146,Luke Elzinga,Oklahoma,SEC,2024,3,3,0,1.000,0,66,22.0,,,,,,,,,,
4427176,Joey Felton,Yale,Ivy,2024,,,,,,,,71,21,3,261,12.4,,,,,
4427191,Dequan Finn,Baylor,Big 12,2024,43,23,2,0.535,3,307,7.1,,,,,,21,39,2,66,3.1
4427225,Zakhari Franklin,Illinois,Big Ten,2024,,,,,,,,44,56,4,658,11.8,,,,,
4427238,Dillon Gabriel,Oregon,Big Ten,2024,447,326,6,0.729,30,3857,8.6,,,,,,75,54,7,149,2.0
4427243,Brett Gabbert,Miami (OH),Mid-American,2024,379,217,11,0.573,21,2921,7.7,,,,,,55,18,1,6,0.1
4427251,Velton Gardner,Texas,SEC,2024,,,,,,,,,,,,,8,10,0,26,3.3
4427287,Dorien Goddard,UVA Wise,South Atlantic,2024,,,,,,,,3,3,0,5,1.7,,,,,
4427299,Damarius Good,Long Island University,NEC,2024,,,,,,,,,,,,,5,7,0,21,4.2
4427313,Ta'Quan Roberson,Kansas State,Big 12,2024,7,3,0,0.429,0,18,2.6,,,,,,1,7,0,7,7.0
4427331,Khafre Brown,Arkansas,SEC,2024,,,,,,,,25,2,0,42,21.0,,,,,
4427332,Gerald Green,Troy,Sun Belt,2024,,,,,,,,83,9,1,134,14.9,111,51,3,545,4.9
4427354,Jarrett Guest,Bryant,CAA,2024,283,171,5,0.604,12,1686,6.0,,,,,,45,18,0,74,1.6
4427431,Cooper Heisey,Maine,CAA,2024,,,,,,,,13,20,5,118,5.9,,,,,
4427446,Braylon Henderson,North Dakota State,MVFC,2024,,,,,,,,32,29,2,331,11.4,,,,,
4427455,Cade McNamara,Iowa,Big Ten,2024,172,104,5,0.605,6,1017,5.9,,,,,,13,12,0,-31,-2.4
4427518,Demariyon Houston,Old Dominion,Sun Belt,2024,,,,,,,,30,9,3,83,9.2,1,4,0,4,4.0
4427548,Desmond Hutson,Northern Iowa,MVFC,2024,,,,,,,,49,38,2,466,12.3,,,,,
4427569,Giles Jackson,Washington,Big Ten,2024,,,,,,,,49,85,7,893,10.5,4,6,1,16,4.0
4427601,Ali Jennings,Virginia Tech,ACC,2024,,,,,,,,65,15,3,373,24.9,,,,,
4427609,Rahmir Johnson,Nebraska,Big Ten,2024,,,,,,,,36,21,1,179,8.5,54,22,1,260,4.8
4427611,Garrison Johnson,The Citadel,Southern,2024,,,,,,,,26,2,0,37,18.5,67,12,7,282,4.2
4427630,Oscar Adaway III,South Carolina,SEC,2024,,,,,,,,30,15,0,145,9.7,77,36,3,295,3.8
4427634,Keegan Jones,UCLA,Big Ten,2024,,,,,,,,67,19,1,201,10.6,47,22,1,179,3.8
4427647,Jermaine Johnson Jr.,Duquesne,NEC,2024,,,,,,,,33,16,3,175,10.9,,,,,
4427648,Lexington Joseph,Florida International,Conference USA,2024,,,,,,,,19,10,0,41,4.1,82,35,3,308,3.8
4427649,Kelley Joiner Jr.,South Florida,American Athletic,2024,,,,,,,,29,9,2,80,8.9,121,54,12,799,6.6
4427694,Casey Kelly,East Carolina,American Athletic,2024,,,,,,,,23,15,1,122,8.1,,,,,
4427709,Keshawn King,Western Michigan,Mid-American,2024,,,,,,,,,,,,,9,8,0,27,3.0
4427731,Tyler Knoop,Stony Brook,CAA,2024,263,182,4,0.692,17,2021,7.7,9,1,0,-1,-1.0,63,24,0,172,2.7
4427779,Jaelyn Lay,Massachusetts,FBS Independents,2024,,,,,,,,10,2,0,17,8.5,,,,,
4427819,Justin Lockhart,San José State,Mountain West,2024,,,,,,,,57,53,5,983,18.5,,,,,
4427821,Torry Locklin,Kansas,Big 12,2024,,,,,,,,31,2,0,36,18.0,2,5,0,5,2.5
4427841,Billy Lucas,Liberty,Conference USA,2024,,,,,,,,18,5,0,51,10.2,123,55,5,720,5.9
4427846,Khatib Lyles,Austin Peay,UAC,2024,,,,,,,,35,1,0,35,35.0,,,,,
4427911,Hollis Mathis,William & Mary,CAA,2024,4,4,0,1.000,2,54,13.5,55,51,3,577,11.3,18,17,1,114,6.3
4427934,Dominick Mazotti,Massachusetts,FBS Independents,2024,,,,,,,,26,18,1,183,10.2,1,3,0,3,3.0
4427936,Grayson McCall,NC State,ACC,2024,80,53,2,0.663,3,518,6.5,,,,,,19,12,0,53,2.8
4427949,Clifton McDowell,McNeese,Southland,2024,109,63,2,0.578,6,1054,9.7,,,,,,71,36,6,370,5.2
4427957,Ty McCullouch,Montana State,Big Sky,2024,1,1,0,1.000,1,34,34.0,61,42,5,529,12.6,13,64,2,182,14.0
4427960,Terrell McDonald,UAB,American Athletic,2024,,,,,,,,67,15,0,202,13.5,5,5,1,9,1.8
4427966,Maverick McIvor,Abilene Christian,UAC,2024,496,312,7,0.629,30,3847,7.8,,,,,,34,16,0,-39,-1.1
4427971,Dontae McMillan,Eastern Michigan,Mid-American,2024,,,,,,,,6,2,0,1,0.5,23,14,0,87,3.8
4427981,Jayce Medlock,Prairie View A&M,SWAC,2024,,,,,,,,23,11,0,83,7.5,,,,,
4427983,Dawaiian McNeely,Wyoming,Mountain West,2024,,,,,,,,,,,,,2,8,0,12,6.0
4428018,Delbert Mimms III,Eastern Michigan,Mid-American,2024,,,,,,,,20,19,1,147,7.7,182,41,9,799,4.4
4428025,Kris Mitchell,Notre Dame,FBS Independents,2024,,,,,,,,28,22,2,224,10.2,,,,,
4428030,Jalen Mitchell,Tennessee Tech,Big South-OVC,2024,,,,,,,,39,11,0,110,10.0,136,68,5,785,5.8
4428035,Elijah Mojarro,Rice,American Athletic,2024,,,,,,,,41,22,3,215,9.8,,,,,
4428050,Kamari Morales,Boston College,ACC,2024,,,,,,,,54,28,6,325,11.6,,,,,
4428067,Joseph Appiah Darkwa,Campbell,CAA,2024,,,,,,,,7,1,0,7,7.0,,,,,
4428095,Thomas Nance,Bethune-Cookman,SWAC,2024,,,,,,,,45,28,2,337,12.0,,,,,
4428116,Isaiah Neyor,Nebraska,Big Ten,2024,,,,,,,,59,34,5,455,13.4,2,13,0,6,3.0
4428140,Kalani Norris,Florida A&M,SWAC,2024,,,,,,,,15,2,0,26,13.0,,,,,
4428143,Sone Ntoh,Monmouth,CAA,2024,,,,,,,,6,3,1,13,4.3,109,64,25,487,4.5
4428162,Duke Olges,Northwestern,Big Ten,2024,,,,,,,,6,1,0,6,6.0,,,,,
4428163,Donovan Ollie,Colorado State,Mountain West,2024,,,,,,,,22,4,0,36,9.0,,,,,
4428167,Justin Olson,Charlotte,American Athletic,2024,,,,,,,,25,2,0,35,17.5,,,,,
4428177,Nick Ostmo,Montana,Big Sky,2024,,,,,,,,27,19,1,141,7.4,119,62,3,738,6.2
4428200,Cross Patton,Bethune-Cookman,SWAC,2024,,,,,,,,0,1,0,-1,-1.0,9,14,0,17,1.9
4428216,Alec Pell,Austin Peay,UAC,2024,,,,,,,,16,11,2,74,6.7,1,3,0,3,3.0
4428219,Brionne Penny,James Madison,Sun Belt,2024,,,,,,,,16,1,0,16,16.0,,,,,
4428235,AJ Phillips,North Alabama,UAC,2024,,,,,,,,,,,,,1,3,0,3,3.0
4428272,Juwuan Price,North Texas,American Athletic,2024,,,,,,,,12,2,0,14,7.0,14,18,0,64,4.6
4428320,Courtney Reese,Bethune-Cookman,SWAC,2024,,,,,,,,31,13,1,103,7.9,66,37,1,222,3.4
4428336,Sevonne Rhea,Lamar,Southland,2024,,,,,,,,80,31,6,553,17.8,1,1,0,1,1.0
4428438,Edward Saydee,Gardner-Webb,Big South-OVC,2024,,,,,,,,40,28,1,234,8.4,162,52,5,702,4.3
4428439,Collin Schlee,Virginia Tech,ACC,2024,55,28,1,0.509,3,414,7.5,,,,,,41,18,2,143,3.5
4428486,Treon Sibley,Liberty,Conference USA,2024,,,,,,,,70,28,2,510,18.2,,,,,
4428502,Tristan Sinclair,Stanford,ACC,2024,,,,,,,,,,,,,1,6,0,6,6.0
4428527,Dalvin Smith,Western Kentucky,Conference USA,2024,4,3,0,0.750,2,107,26.8,65,30,4,397,13.2,1,0,0,-11,-11.0
4428580,Tyler Stephens,Missouri,SEC,2024,,,,,,,,11,4,0,22,5.5,,,,,
4428594,Melquan Stovall,Arizona State,Big 12,2024,,,,,,,,63,24,0,287,12.0,3,12,0,13,4.3
4428606,Jacquez Stuart,Toledo,Mid-American,2024,,,,,,,,34,16,0,180,11.3,68,31,2,269,4.0
4428643,Tristen Tewes,Northern Illinois,Mid-American,2024,,,,,,,,12,6,1,41,6.8,,,,,
4428666,Cadarrius Thompson,Georgia State,Sun Belt,2024,,,,,,,,5,1,0,5,5.0,,,,,
4428692,Dino Tomlin,Boston College,ACC,2024,,,,,,,,25,3,0,40,13.3,,,,,
4428693,Trent Tompkins,UC Davis,Big Sky,2024,,,,,,,,25,60,4,535,8.9,6,9,0,4,0.7
4428719,Milan Tucker,Florida Atlantic,American Athletic,2024,,,,,,,,52,13,0,145,11.2,,,,,
4428754,Charlie Vincent,Utah,Big 12,2024,,,,,,,,5,2,0,9,4.5,14,6,0,44,3.1
4428783,Treshaun Ward,Boston College,ACC,2024,,,,,,,,59,15,4,268,17.9,77,36,2,406,5.3
4428784,Damon Ward Jr.,North Texas,American Athletic,2024,,,,,,,,57,41,4,755,18.4,,,,,
4428797,Woodi Washington,Oklahoma,SEC,2024,,,,,,,,28,1,0,28,28.0,,,,,
4428800,JR Waters,Grambling,SWAC,2024,,,,,,,,23,8,2,109,13.6,,,,,
4428803,Jordan Waters,NC State,ACC,2024,,,,,,,,24,15,1,167,11.1,95,94,4,470,4.9
4428805,Connor Watkins,Villanova,CAA,2024,342,176,5,0.515,13,2102,6.1,,,,,,119,45,7,417,3.5
4428806,Quincy Watson,Delaware,CAA,2024,,,,,,,,,,,,,37,17,4,168,4.5
4428808,Jacob Bernard,Louisiana,Sun Belt,2024,,,,,,,,52,28,0,375,13.4,,,,,
4428844,Chandler Whitfield,Southern,SWAC,2024,,,,,,,,54,23,4,411,17.9,,,,,
4428853,Calvin Wiggins,Houston Christian,Southland,2024,,,,,,,,28,10,0,135,13.5,,,,,
4428887,Davis Beville,South Carolina,SEC,2024,7,5,0,0.714,1,46,6.6,,,,,,4,10,0,2,0.5
4428915,Lee Witherspoon,UAB,American Athletic,2024,,,,,,,,8,4,0,12,3.0,35,15,0,166,4.7
4428921,Jude Wolfe,San Diego State,Mountain West,2024,,,,,,,,32,18,2,161,8.9,,,,,
4428938,Dante Wright,Temple,American Athletic,2024,,,,,,,,91,61,6,792,13.0,5,9,0,17,3.4
4428940,Kyi Wright,James Madison,Sun Belt,2024,,,,,,,,1,1,1,1,1.0,,,,,
4428943,Jacardia Wright,Missouri State,MVFC,2024,,,,,,,,60,35,2,403,11.5,173,37,13,792,4.6
4428961,Jordan Yates,Tennessee Tech,Big South-OVC,2024,6,4,0,0.667,0,48,8.0,13,14,1,92,6.6,40,40,4,235,5.9
4428993,Haynes King,Georgia Tech,ACC,2024,269,196,2,0.729,14,2114,7.9,,,,,,126,30,11,577,4.6
4428996,Jordan Burch,Oregon,Big Ten,2024,,,,,,,,,,,,,1,36,0,36,36.0
4428997,Sav'ell Smalls,Colorado,Big 12,2024,,,,,,,,13,9,1,68,7.6,,,,,
4429020,D.J. Uiagalelei,Florida State,ACC,2024,156,84,6,0.538,4,1065,6.8,,,,,,37,13,0,-8,-0.2
4429032,Hudson Card,Purdue,Big Ten,2024,248,144,7,0.581,9,1641,6.6,0,1,0,-7,-7.0,46,23,0,-27,-0.6
4429043,Jaylan Knighton,SMU,ACC,2024,,,,,,,,18,4,0,42,10.5,12,17,0,43,3.6
4429053,A.J. Henning,Northwestern,Big Ten,2024,,,,,,,,46,59,4,603,10.2,5,9,0,8,1.6
4429056,Kobe Hudson,UCF,Big 12,2024,,,,,,,,53,47,4,770,16.4,,,,,
4429059,Jo'quavious Marks,USC,Big Ten,2024,,,,,,,,33,47,0,321,6.8,198,65,9,1133,5.7
4429062,Ze'Vian Capers,Gardner-Webb,Big South-OVC,2024,,,,,,,,35,8,0,90,11.3,,,,,
4429066,Jeff Sims,Arizona State,Big 12,2024,25,13,0,0.520,0,168,6.7,,,,,,24,12,1,101,4.2
4429068,Ethan Garbers,UCLA,Big Ten,2024,363,235,11,0.647,16,2727,7.5,,,,,,83,57,1,137,1.7
4429072,Lawrance Toafili,Florida State,ACC,2024,,,,,,,,32,25,0,215,8.6,109,28,3,456,4.2
4429077,Keyvone Lee,Mississippi State,SEC,2024,,,,,,,,12,3,0,13,4.3,29,18,1,140,4.8
4429079,Luke Doty,South Carolina,SEC,2024,,,,,,,,6,3,0,17,5.7,,,,,
4429080,Jackson Bratton,North Alabama,UAC,2024,,,,,,,,15,1,0,15,15.0,,,,,
4429088,Drew Pyne,Missouri,SEC,2024,82,49,3,0.598,3,391,4.8,,,,,,15,10,0,21,1.4
4429093,Quincy Brown,Nicholls,Southland,2024,1,1,0,1.000,1,18,18.0,35,25,3,305,12.2,,,,,
4429103,Javian Hester,Oklahoma,SEC,2024,,,,,,,,90,14,1,315,22.5,,,,,
4429105,Arian Smith,Georgia,SEC,2024,,,,,,,,67,48,4,817,17.0,5,30,0,54,10.8
4429115,Gee Scott Jr.,Ohio State,Big Ten,2024,,,,,,,,34,27,2,253,9.4,,,,,
4429120,Micah Bowens,Bethune-Cookman,SWAC,2024,11,3,1,0.273,0,1,0.1,,,,,,9,7,0,20,2.2
4429121,Kalel Mullings,Michigan,Big Ten,2024,,,,,,,,12,6,0,35,5.8,185,63,12,948,5.1
4429125,Gary Bryant Jr.,Oregon,Big Ten,2024,,,,,,,,6,2,0,12,6.0,,,,,
4429133,Malik Hornsby,Arkansas State,Sun Belt,2024,,,,,,,,21,7,0,39,5.6,5,73,1,86,17.2
4429145,Harrison Bailey,Louisville,ACC,2024,33,24,0,0.727,3,227,6.9,,,,,,2,13,0,17,8.5
4429149,Brendon Lewis,Nevada,Mountain West,2024,312,211,7,0.676,16,2290,7.3,18,1,0,18,18.0,157,67,8,775,4.9
4429172,Traeshon Holden,Oregon,Big Ten,2024,,,,,,,,59,45,5,718,16.0,2,21,0,22,11.0
4429173,Bryce Farrell,Stanford,ACC,2024,,,,,,,,,,,,,2,5,0,5,2.5
4429174,Kevin Bauman,Notre Dame,FBS Independents,2024,,,,,,,,8,1,1,8,8.0,,,,,
4429179,Aidan Bouman,South Dakota,MVFC,2024,312,214,4,0.686,19,2958,9.5,,,,,,23,12,0,-57,-2.5
4429184,Elijhah Badger,Florida,SEC,2024,,,,,,,,77,39,4,806,20.7,,,,,
4429186,Sam Adams II,Washington,Big Ten,2024,,,,,,,,,,,,,8,7,0,19,2.4
4429191,Deuce Hogan,New Mexico State,Conference USA,2024,18,6,2,0.333,0,31,1.7,,,,,,4,13,0,-3,-0.8
4429212,Rashad Amos,Ole Miss,SEC,2024,,,,,,,,,,,,,9,42,0,75,8.3
4429227,Jaylon Armstead,San Diego State,Mountain West,2024,,,,,,,,6,1,0,6,6.0,13,15,0,42,3.2
4429247,Jaylon Barden,Samford,Southern,2024,,,,,,,,15,7,0,47,6.7,,,,,
4429253,Mitch Bartol,Illinois State,MVFC,2024,,,,,,,,27,19,2,180,9.5,,,,,
4429255,Marquez Bell,Florida A&M,SWAC,2024,,,,,,,,43,16,0,148,9.3,1,8,0,8,8.0
4429259,CJ Beasley,Georgia State,Sun Belt,2024,,,,,,,,7,3,0,16,5.3,13,20,0,71,5.5
4429283,Austin Bolt,Boise State,Mountain West,2024,,,,,,,,44,16,4,196,12.3,,,,,
4429284,DeMeer Blankumsee,Memphis,American Athletic,2024,,,,,,,,89,45,6,677,15.0,2,1,0,-4,-2.0
4429287,Peny Boone,UCF,Big 12,2024,,,,,,,,9,1,0,9,9.0,34,59,2,208,6.1
4429299,Tahj Brooks,Texas Tech,Big 12,2024,3,2,0,0.667,0,38,12.7,30,27,1,185,6.9,286,40,17,1505,5.3
4429311,Montavious Brini,West Virginia Wesleyan,Mountain East,2024,,,,,,,,10,4,0,20,5.0,,,,,
4429313,Tyrone Broden Jr.,Arkansas,SEC,2024,,,,,,,,22,15,1,197,13.1,,,,,
4429316,DeCarlos Brooks,Arizona State,Big 12,2024,,,,,,,,7,1,0,7,7.0,37,15,1,148,4.0
4429380,Coby Cavil,Prairie View A&M,SWAC,2024,,,,,,,,72,6,1,118,19.7,,,,,
4429410,Sevaughn Clark,Toledo,Mid-American,2024,,,,,,,,23,9,0,51,5.7,65,26,0,215,3.3
4429422,Trey Cleveland,Abilene Christian,UAC,2024,,,,,,,,37,34,1,317,9.3,,,,,
4429435,Brady Cook,Missouri,SEC,2024,320,200,2,0.625,11,2525,7.9,,,,,,87,31,5,223,2.6
4429439,Quinton Cooley,Liberty,Conference USA,2024,,,,,,,,9,1,0,9,9.0,205,44,13,1254,6.1
4429445,Logan Compton,Incarnate Word,Southland,2024,,,,,,,,39,17,3,210,12.4,1,3,0,3,3.0
4429455,Jamal Cooney,UAlbany,CAA,2024,,,,,,,,24,6,0,66,11.0,1,2,0,2,2.0
4429461,Josh Crabtree,Murray State,MVFC,2024,,,,,,,,12,4,0,35,8.8,,,,,
4429463,Jacolby Criswell,North Carolina,ACC,2024,320,186,6,0.581,15,2459,7.7,0,0,0,-2,0,71,20,3,103,1.5
4429466,Drake Dabney,TCU,Big 12,2024,,,,,,,,44,19,0,193,10.2,,,,,
4429470,Nicky Dalmolin,Duke,ACC,2024,,,,,,,,71,11,2,166,15.1,,,,,
4429505,Kelvin Dean Jr.,Florida A&M,SWAC,2024,,,,,,,,21,16,2,125,7.8,94,56,1,482,5.1
4429552,Eamonn Dennis,Ohio,Mid-American,2024,,,,,,,,16,3,0,26,8.7,5,10,0,30,6.0
4429582,Joe Fagnano,UConn,FBS Independents,2024,207,120,4,0.580,20,1631,7.9,,,,,,30,19,1,60,2.0
4429595,Chandler Fields,Louisiana,Sun Belt,2024,87,63,1,0.724,5,897,10.3,,,,,,26,34,2,88,3.4
4429608,Corey Dyches,California,ACC,2024,,,,,,,,28,17,1,181,10.6,,,,,
4429618,Justice Ellison,Indiana,Big Ten,2024,1,0,0,0.000,0,0,0.0,19,13,0,90,6.9,159,47,10,848,5.3
4429620,Justin Fomby,North Carolina A&T,CAA,2024,231,135,9,0.584,9,1527,6.6,,,,,,32,15,1,-53,-1.7
4429632,Konner Fox,Texas State,Sun Belt,2024,,,,,,,,23,14,1,143,10.2,,,,,
4429652,Pat Garwo III,Nevada,Mountain West,2024,,,,,,,,13,11,0,48,4.4,55,25,5,246,4.5
4429660,Joe Gillette,Maine,CAA,2024,,,,,,,,55,29,2,467,16.1,3,7,1,12,4.0
4429665,Terrance Gipson,Eastern Illinois,Big South-OVC,2024,,,,,,,,46,23,0,285,12.4,,,,,
4429691,Malik Grant,Rhode Island,CAA,2024,,,,,,,,35,14,1,152,10.9,260,75,11,1387,5.3
4429709,Jamious Griffin,Oregon State,Pac-12,2024,,,,,,,,7,5,0,26,5.2,73,33,4,450,6.2
4429751,DeMarcus Harris,Marshall,Sun Belt,2024,,,,,,,,10,1,0,10,10.0,,,,,
4429757,Javon Harvey,Duke,ACC,2024,,,,,,,,16,11,1,101,9.2,,,,,
4429773,Loic Fouonji,Vanderbilt,SEC,2024,,,,,,,,40,12,0,187,15.6,,,,,
4429781,Michael Frogge,Wake Forest,ACC,2024,,,,,,,,6,2,1,9,4.5,,,,,
4429797,Isaac Gifford,Nebraska,Big Ten,2024,,,,,,,,8,1,0,8,8.0,,,,,
4429800,Ger-Cari Caldwell,North Carolina A&T,CAA,2024,,,,,,,,76,41,2,510,12.4,,,,,
4429801,Tucker Gleason,Toledo,Mid-American,2024,385,233,8,0.605,24,2793,7.3,,,,,,97,35,7,364,3.8
4429811,Patrick Herbert,Oregon,Big Ten,2024,,,,,,,,29,10,0,97,9.7,,,,,
4429847,Garrett Greene,West Virginia,Big 12,2024,316,189,12,0.598,15,2300,7.3,,,,,,133,56,6,751,5.6
4429870,Keenan Hambrick,Alabama A&M,SWAC,2024,,,,,,,,65,52,5,774,14.9,1,0,0,-2,-2.0
4429885,Kobie Campbell,Rice,American Athletic,2024,,,,,,,,33,32,1,372,11.6,1,40,0,40,40.0
4429911,JoVoni Johnson,Rice,American Athletic,2024,,,,,,,,6,1,0,6,6.0,,,,,
4429914,Karter Johnson,Florida A&M,SWAC,2024,,,,,,,,22,16,1,144,9.0,1,0,0,0,0.0
4429915,Jaden Johnson,Prairie View A&M,SWAC,2024,167,98,6,0.587,7,1223,7.3,,,,,,59,21,0,81,1.4
4429925,Dayron Johnson,Tennessee State,Big South-OVC,2024,,,,,,,,7,2,0,6,3.0,,,,,
4429949,Maliq Carr,Houston,Big 12,2024,,,,,,,,23,19,1,186,9.8,,,,,
4429955,Will Howard,Ohio State,Big Ten,2024,423,309,10,0.730,35,4010,9.5,0,1,0,0,0.0,105,19,7,226,2.2
4429963,Jeremiah Hunter,Washington,Big Ten,2024,,,,,,,,42,36,1,490,13.6,1,4,0,4,4.0
4429967,Kris Hutson,Washington State,Pac-12,2024,,,,,,,,59,55,2,691,12.6,4,22,1,28,7.0
4429971,Ryan Ingram,Wofford,Southern,2024,,,,,,,,8,2,0,8,4.0,154,47,6,672,4.4
4429976,Micah Kelly,Samford,Southern,2024,,,,,,,,18,13,0,69,5.3,78,85,1,371,4.8
4429989,Stanley King,Kent State,Mid-American,2024,,,,,,,,14,3,0,34,11.3,,,,,
4429994,Bryce Kirtz,Northwestern,Big Ten,2024,,,,,,,,55,39,0,598,15.3,,,,,
4430016,Nate Lamb,Western Illinois,Big South-OVC,2024,402,262,8,0.652,21,3372,8.4,37,1,0,37,37.0,116,36,8,345,3.0
4430022,Anthony Landphere,Memphis,American Athletic,2024,,,,,,,,31,33,4,379,11.5,,,,,
4430033,Cooper Legas,Tulsa,American Athletic,2024,162,87,6,0.537,12,1144,7.1,,,,,,79,33,1,201,2.5
4430041,Michael Lindauer,Southern Illinois,MVFC,2024,57,34,3,0.596,8,445,7.8,,,,,,10,9,0,21,2.1
4430055,VJ Johnson,VMI,Southern,2024,,,,,,,,4,4,0,12,3.0,,,,,
4430063,Dominique Johnson,TCU,Big 12,2024,,,,,,,,2,1,0,2,2.0,18,20,1,63,3.5
4430067,Jaren Mangham,Minnesota,Big Ten,2024,,,,,,,,7,1,0,7,7.0,19,18,0,123,6.5
4430077,Jaharie Martin,Maine,CAA,2024,,,,,,,,15,8,0,42,5.3,104,16,6,381,3.7
4430089,Michael Mathison,Western Kentucky,Conference USA,2024,,,,,,,,36,13,2,143,11.0,7,12,1,34,4.9
4430103,Munir McClain,Utah,Big 12,2024,,,,,,,,9,3,0,20,6.7,,,,,
4430105,Fabian Mccray,Jackson State,SWAC,2024,,,,,,,,9,5,0,30,6.0,,,,,
4430119,Deshawn McCuin,San Diego State,Mountain West,2024,,,,,,,,1,1,0,1,1.0,,,,,
4430138,Tysen Kershaw,Northern Iowa,MVFC,2024,,,,,,,,37,12,1,193,16.1,,,,,
4430166,Josiah Miamen,Florida International,Conference USA,2024,,,,,,,,23,10,0,120,12.0,,,,,
4430183,Logan Kyle,James Madison,Sun Belt,2024,,,,,,,,30,11,1,132,12.0,1,0,0,-2,-2.0
4430185,Caullin Lacy,Louisville,ACC,2024,,,,,,,,34,18,1,196,10.9,5,9,1,21,4.2
4430235,Chris Long,Rutgers,Big Ten,2024,,,,,,,,58,11,1,163,14.8,,,,,
4430254,Jerjuan Newton,Toledo,Mid-American,2024,,,,,,,,64,72,11,1033,14.3,1,1,0,1,1.0
4430270,Jay Maclin,Kentucky,SEC,2024,,,,,,,,83,13,4,313,24.1,2,12,0,13,6.5
4430288,Eli Pancol,Duke,ACC,2024,,,,,,,,86,60,9,798,13.3,,,,,
4430323,Ja'Shaun Poke,San Diego State,Mountain West,2024,,,,,,,,46,50,1,459,9.2,4,4,0,-5,-1.3
4430338,Jeremiah Pruitte,Florida A&M,SWAC,2024,,,,,,,,32,10,1,115,11.5,,,,,
4430358,Cal Redman,Stony Brook,CAA,2024,,,,,,,,34,32,4,393,12.3,,,,,
4430431,Kurtis Rourke,Indiana,Big Ten,2024,320,222,5,0.694,29,3042,9.5,,,,,,46,12,2,-35,-0.8
4430452,Nik Scalzo,Samford,Southern,2024,1,0,0,0.000,0,0,0.0,,,,,,1,0,0,-7,-7.0
4430468,Marquez Cooper,San Diego State,Mountain West,2024,,,,,,,,21,20,2,137,6.9,292,47,12,1274,4.4
4430470,TJ Sheffield,UConn,FBS Independents,2024,,,,,,,,58,54,3,505,9.4,,,,,
4430482,Joshua Simon,South Carolina,SEC,2024,,,,,,,,57,41,7,512,12.5,,,,,
4430512,Noah Smith,Sam Houston,Conference USA,2024,2,1,0,0.500,1,64,32.0,22,40,0,313,7.8,13,17,0,81,6.2
4430520,Elias Spence,Portland State,Big Sky,2024,,,,,,,,15,3,0,21,7.0,3,4,1,1,0.3
4430565,Will Nixon,Syracuse,ACC,2024,,,,,,,,20,4,0,44,11.0,19,12,0,76,4.0
4430577,Rashod Owens,Oklahoma State,Big 12,2024,,,,,,,,58,32,4,515,16.1,,,,,
4430590,Payton Thorne,Auburn,SEC,2024,317,199,9,0.628,21,2713,8.6,,,,,,112,31,2,283,2.5
4430596,Keshawn Toney,South Carolina State,MEAC,2024,1,1,0,1.000,0,10,10.0,27,29,3,319,11.0,,,,,
4430598,Christopher Toudle,Western Michigan,Mid-American,2024,,,,,,,,23,8,1,91,11.4,,,,,
4430636,Kentron Poitier,Florida State,ACC,2024,,,,,,,,29,10,2,155,15.5,,,,,
4430654,Rico Powers Jr.,Jackson State,SWAC,2024,,,,,,,,6,4,0,9,2.3,1,17,0,17,17.0
4430656,Myles Price,Indiana,Big Ten,2024,,,,,,,,41,38,3,466,12.3,7,25,1,63,9.0
4430666,Ikaika Ragsdale,North Texas,American Athletic,2024,,,,,,,,17,4,0,13,3.3,22,8,1,58,2.6
4430689,Dominic Richardson,Baylor,Big 12,2024,,,,,,,,19,1,0,19,19.0,31,10,0,109,3.5
4430699,Jack Salopek,Elon,CAA,2024,83,47,2,0.566,1,483,5.8,,,,,,36,18,0,-5,-0.1
4430712,Jordan Simmons,Akron,Mid-American,2024,,,,,,,,52,21,0,183,8.7,110,73,2,664,6.0
4430716,Justin Whiteside,Central Michigan,Mid-American,2024,,,,,,,,23,1,0,23,23.0,,,,,
4430717,Keshawn Wicks,Florida A&M,SWAC,2024,,,,,,,,,,,,,5,9,0,10,2.0
4430724,Dariyan Wiley,Vanderbilt,SEC,2024,,,,,,,,8,1,0,8,8.0,,,,,
4430747,Reese Smith,Liberty,Conference USA,2024,,,,,,,,44,18,4,277,15.4,,,,,
4430772,Mason Stahl,Sacred Heart,FCS Independents,2024,,,,,,,,48,12,0,155,12.9,,,,,
4430775,Hayden Wolff,Western Michigan,Mid-American,2024,312,208,8,0.667,18,2410,7.7,,,,,,39,16,0,-101,-2.6
4430798,Kyler Pearson,Oklahoma State,Big 12,2024,,,,,,,,7,1,0,7,7.0,,,,,
4430800,Julian Fleming,Penn State,Big Ten,2024,,,,,,,,39,14,1,176,12.6,,,,,
4430804,Chris Tyree,Virginia,ACC,2024,,,,,,,,25,24,0,136,5.7,11,13,0,43,3.9
4430810,Daniyel Ngata,Washington,Big Ten,2024,,,,,,,,,,,,,4,6,0,9,2.3
4430817,Xzavier Henderson,Cincinnati,Big 12,2024,,,,,,,,42,58,4,735,12.7,,,,,
4430821,Kitan Crawford,Nevada,Mountain West,2024,,,,,,,,6,1,0,6,6.0,1,0,0,-4,-4.0
4430825,E.J. Smith,Texas A&M,SEC,2024,,,,,,,,26,8,0,66,8.3,54,17,0,207,3.8
4430827,Troy Omeire,Arizona State,Big 12,2024,,,,,,,,23,5,0,59,11.8,,,,,
4430828,Mookie Cooper,Missouri,SEC,2024,,,,,,,,78,12,0,235,19.6,1,4,0,4,4.0
4430833,Ja'Quavion Fraziars,Florida,SEC,2024,,,,,,,,14,1,0,14,14.0,,,,,
4430836,Chubba Purdy,Nevada,Mountain West,2024,25,18,1,0.720,1,239,9.6,11,2,0,10,5.0,13,19,0,60,4.6
4430841,Carson Beck,Georgia,SEC,2024,448,290,12,0.647,28,3485,7.8,,,,,,55,14,1,71,1.3
4430843,Jalen Berger,UCLA,Big Ten,2024,,,,,,,,12,10,2,59,5.9,48,18,0,178,3.7
4430845,Darvon Hubbard,Northern Arizona,Big Sky,2024,,,,,,,,23,16,0,99,6.2,98,55,4,436,4.4
4430847,Chris Street,Utah Tech,UAC,2024,,,,,,,,31,17,2,136,8.0,64,20,1,185,2.9
4430854,Collin Sullivan,Houston Christian,Southland,2024,,,,,,,,27,9,0,131,14.6,,,,,
4430857,Jaden Dottin,Toledo,Mid-American,2024,,,,,,,,41,9,0,123,13.7,,,,,
4430870,Keandre Lambert,Auburn,SEC,2024,,,,,,,,67,50,8,981,19.6,,,,,
4430875,Daniel Jackson,Minnesota,Big Ten,2024,,,,,,,,39,75,4,863,11.5,3,5,0,13,4.3
4430885,Ja'Khi Douglas,Florida State,ACC,2024,,,,,,,,71,32,4,519,16.2,5,15,0,16,3.2
4430893,DeaMonte Trayanum,Kentucky,SEC,2024,,,,,,,,,,,,,12,17,0,75,6.3
4430894,Caziah Holmes,Florida State,ACC,2024,,,,,,,,,,,,,15,18,3,84,5.6
4430896,J.J. Pegues,Ole Miss,SEC,2024,,,,,,,,,,,,,21,10,7,69,3.3
4430898,David Afari,Northern Colorado,Big Sky,2024,,,,,,,,29,8,0,113,14.1,59,27,1,263,4.5
4430905,Jadon Thompson,Louisville,ACC,2024,,,,,,,,33,6,2,88,14.7,,,,,
4430912,Malakai Anthony,Merrimack,FCS Independents,2024,32,21,0,0.656,0,120,3.8,,,,,,19,42,2,76,4.0
4430914,Lawrence Arnold,Kansas,Big 12,2024,,,,,,,,40,26,1,360,13.8,2,14,1,28,14.0
4430934,Zeriah Beason,Troy,Sun Belt,2024,,,,,,,,35,16,0,208,13.0,,,,,
4430949,Austin Blaske,North Carolina,ACC,2024,,,,,,,,6,0,0,6,0,,,,,
4430950,Jefferson Boaz,Western Carolina,Southern,2024,5,2,0,0.400,0,24,4.8,,,,,,5,5,1,5,1.0
4430992,Kentrel Bullock,South Alabama,Sun Belt,2024,,,,,,,,28,15,1,153,10.2,152,59,7,832,5.5
4430993,LV Bunkley-Shelton,Georgia Southern,Sun Belt,2024,,,,,,,,34,30,0,322,10.7,,,,,
4430995,Kolbe Burrell,Northwestern State,Southland,2024,,,,,,,,1,1,0,1,1.0,16,48,0,71,4.4
4431001,Elijah Canion,Liberty,Conference USA,2024,,,,,,,,50,25,3,354,14.2,,,,,
4431002,Latrell Caples,Boise State,Mountain West,2024,,,,,,,,36,38,5,473,12.4,,,,,
4431008,Jasheen Davis,Wake Forest,ACC,2024,,,,,,,,,,,,,1,4,0,4,4.0
4431009,Hunter Welcing,Northwestern,Big Ten,2024,,,,,,,,20,1,0,20,20.0,,,,,
4431018,Michael Chandler II,Campbell,CAA,2024,160,86,6,0.538,12,1118,7.0,19,3,0,18,6.0,89,72,3,508,5.7
4431028,Kaedric Cobbs,Bryant,CAA,2024,,,,,,,,7,4,0,12,3.0,9,14,0,46,5.1
4431035,Gavin Williams,Northern Illinois,Mid-American,2024,,,,,,,,35,25,1,140,5.6,139,71,4,749,5.4
4431045,John Copenhaver,North Carolina,ACC,2024,,,,,,,,35,40,4,414,10.4,1,6,0,6,6.0
4431046,EJ Core,Delaware State,MEAC,2024,,,,,,,,24,12,0,99,8.3,1,7,0,7,7.0
4431051,Izayah Cummings,Louisville,ACC,2024,,,,,,,,19,3,0,33,11.0,,,,,
4431053,Mac Dalena,Fresno State,Mountain West,2024,,,,,,,,75,60,8,998,16.6,5,20,0,39,7.8
4431066,Harlan Dixon,SE Louisiana,Southland,2024,,,,,,,,22,15,0,61,4.1,83,35,2,426,5.1
4431068,Kelvontay Dixon,SMU,ACC,2024,,,,,,,,87,21,1,386,18.4,1,2,0,2,2.0
4431074,Jevyon Ducker,Sam Houston,Conference USA,2024,,,,,,,,31,15,0,110,7.3,158,86,7,745,4.7
4431081,Sage Ennis,Virginia,ACC,2024,,,,,,,,2,1,0,2,2.0,,,,,
4431083,Darryle Evans,Houston Christian,Southland,2024,,,,,,,,31,3,0,51,17.0,89,66,4,463,5.2
4431091,Ben Finley,Akron,Mid-American,2024,387,211,9,0.545,16,2581,6.7,10,2,0,15,7.5,80,33,0,51,0.6
4431094,Christian Fitzpatrick,Marshall,Sun Belt,2024,,,,,,,,69,34,6,576,16.9,,,,,
4431114,Ben Gulbranson,Oregon State,Pac-12,2024,128,78,4,0.609,4,943,7.4,,,,,,14,4,1,-7,-0.5
4431134,Eli Wilson,App State,Sun Belt,2024,,,,,,,,34,25,5,292,11.7,,,,,
4431142,Jimmy Holiday,Louisiana Tech,Conference USA,2024,1,0,0,0.000,0,0,0.0,32,39,2,476,12.2,48,29,4,182,3.8
4431152,Jackson Acker,Wisconsin,Big Ten,2024,,,,,,,,11,5,0,29,5.8,1,4,0,4,4.0
4431174,Taji Johnson,Buffalo,Mid-American,2024,,,,,,,,34,19,2,215,11.3,,,,,
4431196,Jake Briningstool,Clemson,ACC,2024,,,,,,,,41,49,7,530,10.8,,,,,
4431197,Romello Brinson,SMU,ACC,2024,,,,,,,,51,14,0,141,10.1,,,,,
4431209,Dacari Collins,NC State,ACC,2024,,,,,,,,43,24,2,314,13.1,,,,,
4431210,Beaux Collins,Notre Dame,FBS Independents,2024,,,,,,,,53,41,3,490,12.0,,,,,
4431213,Deion Colzie,Notre Dame,FBS Independents,2024,,,,,,,,15,5,1,41,8.2,,,,,
4431219,Kyren Lacy,LSU,SEC,2024,,,,,,,,35,58,9,866,14.9,,,,,
4431234,Logan Loya,UCLA,Big Ten,2024,,,,,,,,29,29,4,348,12.0,,,,,
4431236,Qian Magwood,Ball State,Mid-American,2024,,,,,,,,45,23,4,207,9.0,,,,,
4431237,Steven Mahar Jr.,Duquesne,NEC,2024,,,,,,,,12,6,2,19,3.2,,,,,
4431241,Duane Martin,Louisville,ACC,2024,,,,,,,,11,2,0,17,8.5,3,14,1,16,5.3
4431246,Baron May,Bowling Green,Mid-American,2024,1,1,0,1.000,1,43,43.0,,,,,,,,,,
4431254,Charlie Dixon,North Carolina A&T,CAA,2024,,,,,,,,,,,,,1,0,0,0,0.0
4431268,Chimere Dike,Florida,SEC,2024,,,,,,,,44,42,2,783,18.6,,,,,
4431271,Tamatoa Mokiao-Atimalala,Hawai'i,Mountain West,2024,,,,,,,,19,12,3,91,7.6,,,,,
4431273,Jalil Farooq,Oklahoma,SEC,2024,,,,,,,,47,3,0,58,19.3,,,,,
4431277,Koy Moore,Western Kentucky,Conference USA,2024,,,,,,,,20,2,0,27,13.5,,,,,
4431281,Christian Moore,UNLV,Mountain West,2024,,,,,,,,27,2,0,28,14.0,1,3,0,3,3.0
4431286,Armoni Goodwin,UAB,American Athletic,2024,,,,,,,,20,2,1,23,11.5,14,26,0,88,6.3
4431297,Blake Nowell,TCU,Big 12,2024,,,,,,,,46,9,1,179,19.9,,,,,
4431302,Ricky Ortega,Central Connecticut,NEC,2024,7,2,1,0.286,0,52,7.4,9,3,0,25,8.3,22,20,3,57,2.6
4431303,Jake Overman,Pittsburgh,ACC,2024,,,,,,,,31,17,1,160,9.4,,,,,
4431304,Kejon Owens,Florida International,Conference USA,2024,,,,,,,,29,9,0,82,9.1,92,26,5,392,4.3
4431309,Money Parks,Utah,Big 12,2024,,,,,,,,71,21,3,294,14.0,1,3,0,3,3.0
4431310,Henry Parrish Jr.,Ole Miss,SEC,2024,,,,,,,,16,15,0,82,5.5,131,42,10,693,5.3
4431325,Taylen Green,Arkansas,SEC,2024,381,230,9,0.604,15,3153,8.3,,,,,,156,41,8,602,3.9
4431327,Kamonte Grimes,Northern Iowa,MVFC,2024,,,,,,,,15,2,0,19,9.5,,,,,
4431328,Rodney Hammond Jr.,Pittsburgh,ACC,2024,,,,,,,,8,2,0,10,5.0,12,6,0,35,2.9
4431334,Chris Hilton Jr.,LSU,SEC,2024,,,,,,,,45,9,3,243,27.0,,,,,
4431338,Ahmari Huggins-Bruce,Louisville,ACC,2024,,,,,,,,58,17,0,230,13.5,,,,,
4431339,Evan Prater,Cincinnati,Big 12,2024,1,0,0,0.000,0,0,0.0,,,,,,,,,,
4431342,Brennan Presley,Oklahoma State,Big 12,2024,1,1,0,1.000,1,16,16.0,36,89,7,764,8.6,8,22,1,59,7.4
4431346,Mark Redman,Louisville,ACC,2024,,,,,,,,32,23,3,251,10.9,,,,,
4431353,Xavier Restrepo,Miami,ACC,2024,1,0,0,0.000,0,0,0.0,77,69,11,1127,16.3,,,,,
4431368,Tyler Savage,East Carolina,American Athletic,2024,,,,,,,,34,14,1,193,13.8,,,,,
4431375,Ken Seals,TCU,Big 12,2024,13,10,0,0.769,1,97,7.5,,,,,,4,7,0,12,3.0
4431387,Evan Simon,Temple,American Athletic,2024,308,181,9,0.588,15,2032,6.6,,,,,,87,16,3,20,0.2
4431389,Ketron Jackson,Baylor,Big 12,2024,,,,,,,,39,12,2,236,19.7,,,,,
4431397,Logan Smothers,Jacksonville State,Conference USA,2024,19,11,0,0.579,0,123,6.5,,,,,,22,72,3,175,8.0
4431398,Dylan Downing,Miami (OH),Mid-American,2024,,,,,,,,10,6,0,24,4.0,44,15,1,152,3.5
4431416,Kiael Kelly,Ball State,Mid-American,2024,4,2,0,0.500,0,8,2.0,6,4,0,-19,-4.8,35,24,1,91,2.6
4431431,Corey Kiner,Cincinnati,Big 12,2024,,,,,,,,14,15,0,105,7.0,204,46,4,1153,5.7
4431443,Tristan Leigh,Clemson,ACC,2024,,,,,,,,-9,1,0,-9,-9.0,,,,,
4431445,Ky Thomas,Kent State,Mid-American,2024,,,,,,,,10,10,0,53,5.3,135,38,1,550,4.1
4431459,Tyler Warren,Penn State,Big Ten,2024,6,3,0,0.500,1,35,5.8,38,104,8,1233,11.9,26,48,4,218,8.4
4431461,Chamon Metayer,Arizona State,Big 12,2024,,,,,,,,29,32,5,306,9.6,,,,,
4431465,Behren Morton,Texas Tech,Big 12,2024,463,293,8,0.633,27,3300,7.1,,,,,,55,26,1,-22,-0.4
4431466,Jordan Watkins,Ole Miss,SEC,2024,,,,,,,,75,49,9,906,18.5,3,19,0,20,6.7
4431468,Jordan Mosley,Mississippi State,SEC,2024,,,,,,,,65,23,3,405,17.6,,,,,
4431475,Latrell Neville,New Mexico State,Conference USA,2024,,,,,,,,7,4,0,20,5.0,,,,,
4431479,Ricky White,UNLV,Mountain West,2024,,,,,,,,55,79,11,1041,13.2,1,1,0,1,1.0
4431483,Sy'veon Wilkerson,Georgia State,Sun Belt,2024,,,,,,,,3,1,0,3,3.0,23,41,0,97,4.2
4431484,Jay Wilkerson,Louisiana Tech,Conference USA,2024,,,,,,,,55,13,2,262,20.2,1,15,0,15,15.0
4431485,Leshon Williams,Iowa,Big Ten,2024,,,,,,,,11,4,0,26,6.5,11,8,0,21,1.9
4431487,Savion Williams,TCU,Big 12,2024,3,3,0,1.000,1,22,7.3,75,60,6,611,10.2,51,35,6,322,6.3
4431497,Mavin Anderson,California,ACC,2024,,,,,,,,19,14,0,99,7.1,,,,,
4431498,Jayden Ballard,Ohio State,Big Ten,2024,,,,,,,,12,2,0,18,9.0,,,,,
4431499,Sieh Bangura,Minnesota,Big Ten,2024,,,,,,,,,,,,,4,6,0,12,3.0
4431501,James BlackStrain,Missouri State,MVFC,2024,,,,,,,,37,23,3,353,15.3,,,,,
4431505,Kobe Paysour,North Carolina,ACC,2024,,,,,,,,36,21,0,365,17.4,,,,,
4431506,Ja'Corey Brooks,Louisville,ACC,2024,,,,,,,,86,61,9,1013,16.6,,,,,
4431509,Kaden Prather,Maryland,Big Ten,2024,,,,,,,,33,56,4,624,11.1,1,0,0,-1,-1.0
4431513,Tyler Buchner,Notre Dame,FBS Independents,2024,1,1,0,1.000,0,23,23.0,,,,,,1,4,0,4,4.0
4431514,Daejon Reynolds,Pittsburgh,ACC,2024,,,,,,,,40,15,1,189,12.6,,,,,
4431516,Brandon Buckhaulter,UAB,American Athletic,2024,,,,,,,,19,2,0,18,9.0,1,1,0,1,1.0
4431519,Barrett Carter,Clemson,ACC,2024,,,,,,,,,,,,,1,4,1,4,4.0
4431525,Dekel Crowdus,Hawai'i,Mountain West,2024,,,,,,,,74,16,4,402,25.1,,,,,
4431527,Derrick Davis Jr.,Pittsburgh,ACC,2024,,,,,,,,14,3,0,15,5.0,27,12,2,70,2.6
4431535,Jake Rubley,Illinois State,MVFC,2024,61,34,1,0.557,2,355,5.8,,,,,,15,7,1,-20,-1.3
4431536,Donovan Edwards,Michigan,Big Ten,2024,1,1,0,1.000,1,23,23.0,15,18,1,83,4.6,128,41,4,589,4.6
4431537,Trevonte Rucker,UT Martin,Big South-OVC,2024,,,,,,,,78,53,8,759,14.3,6,10,0,25,4.2
4431560,Antwain Littleton II,Temple,American Athletic,2024,,,,,,,,20,16,1,134,8.4,93,37,1,305,3.3
4431562,Phil Mafah,Clemson,ACC,2024,,,,,,,,22,21,0,103,4.9,216,83,8,1115,5.2
4431565,Walter Simmons III,Bethune-Cookman,SWAC,2024,,,,,,,,5,1,0,5,5.0,2,5,0,7,3.5
4431574,Eli Stowers,Vanderbilt,SEC,2024,2,1,0,0.500,1,17,8.5,41,49,5,638,13.0,6,9,0,7,1.2
4431580,Miller Moss,USC,Big Ten,2024,362,233,9,0.644,18,2555,7.1,,,,,,21,9,2,-18,-0.9
4431597,Roc Taylor,Memphis,American Athletic,2024,,,,,,,,48,66,2,950,14.4,2,4,0,5,2.5
4431600,Jayden Thomas,Notre Dame,FBS Independents,2024,,,,,,,,23,18,2,167,9.3,3,18,0,27,9.0
4431606,Ahmonte Watkins,New Mexico State,Conference USA,2024,,,,,,,,64,2,1,69,34.5,16,24,0,66,4.1
4431607,Desmond Watson,Florida,SEC,2024,,,,,,,,,,,,,1,1,0,1,1.0
4431609,Jarris Williams,Troy,Sun Belt,2024,,,,,,,,,,,,,2,4,0,7,3.5
4431618,Mario Williams,Tulane,American Athletic,2024,1,0,0,0.000,0,0,0.0,68,60,6,1031,17.2,2,13,0,12,6.0
4431632,Caleb Coombs,Florida Atlantic,American Athletic,2024,,,,,,,,27,8,0,123,15.4,,,,,
4431633,Will Crowder,Troy,Sun Belt,2024,63,44,0,0.698,5,547,8.7,,,,,,17,12,1,63,3.7
4431639,BJ Harris,Central Michigan,Mid-American,2024,,,,,,,,26,11,0,93,8.5,91,71,3,418,4.6
4431646,Keontez Lewis,Southern Illinois,MVFC,2024,,,,,,,,65,49,5,790,16.1,10,57,1,121,12.1
4431647,Chauncey Magwood,UCF,Big 12,2024,,,,,,,,34,5,0,102,20.4,,,,,
4431651,Elijah Metcalf,Marshall,Sun Belt,2024,,,,,,,,28,20,3,194,9.7,2,3,0,-3,-1.5
4431735,Douglas Emilien,Kansas,Big 12,2024,,,,,,,,8,3,1,20,6.7,1,5,0,5,5.0
4431750,Kody Epps,BYU,Big 12,2024,,,,,,,,17,8,1,54,6.8,,,,,
4431801,Torrance Farmer,Western Illinois,Big South-OVC,2024,,,,,,,,27,8,1,82,10.3,41,25,3,132,3.2
4431948,TJ Finley,Western Kentucky,Conference USA,2024,75,48,2,0.640,1,490,6.5,0,1,0,-7,-7.0,11,8,0,20,1.8
4431976,Dustin Fletcher,The Citadel,Southern,2024,9,5,0,0.556,0,43,4.8,,,,,,25,30,2,102,4.1
4431997,Nate Floyd,Nevada,Mountain West,2024,,,,,,,,19,2,0,23,11.5,,,,,
4432138,Mason Garcia,Austin Peay,UAC,2024,8,3,0,0.375,0,19,2.4,,,,,,6,11,0,7,1.2
4432208,Caleb Lohner,Utah,Big 12,2024,,,,,,,,20,4,4,54,13.5,,,,,
4432209,Alaka'i Gilman,Utah,Big 12,2024,,,,,,,,,,,,,2,1,0,0,0.0
4432214,Charlie Gordinier,Sacred Heart,FCS Independents,2024,,,,,,,,6,1,0,6,6.0,,,,,
4432215,Stephen Gosnell,Virginia Tech,ACC,2024,,,,,,,,49,28,1,506,18.1,,,,,
4432230,Jalen Hampton,Western Kentucky,Conference USA,2024,,,,,,,,,,,,,11,14,0,57,5.2
4432260,Matthew Hibner,SMU,ACC,2024,,,,,,,,80,24,4,368,15.3,,,,,
4432264,Austin Hill,Stetson,Pioneer,2024,,,,,,,,25,3,0,25,8.3,,,,,
4432267,Joey Hobert,Texas State,Sun Belt,2024,,,,,,,,40,70,8,680,9.7,3,7,0,6,2.0
4432297,Isaiah Jacobs,UAB,American Athletic,2024,,,,,,,,8,7,0,33,4.7,41,12,0,162,4.0
4432326,Trevor Kardell,Kansas,Big 12,2024,,,,,,,,32,12,0,148,12.3,,,,,
4432327,Kendall Karr,Coastal Carolina,Sun Belt,2024,,,,,,,,65,13,1,234,18.0,,,,,
4432338,Luke Lachey,Iowa,Big Ten,2024,,,,,,,,28,28,0,231,8.3,,,,,
4432367,Kaevion Mack,Western Michigan,Mid-American,2024,,,,,,,,18,5,2,63,12.6,,,,,
4432368,Luke MacPhail,Utah Tech,UAC,2024,14,5,1,0.357,0,52,3.7,,,,,,5,14,0,8,1.6
4432369,Sol-Jay Maiava-Peters,New Mexico,Mountain West,2024,,,,,,,,6,3,0,13,4.3,22,20,1,124,5.6
4432370,Sammy Malignaggi,Campbell,CAA,2024,,,,,,,,18,7,0,45,6.4,42,13,0,138,3.3
4432374,Ahmani Marshall,App State,Sun Belt,2024,,,,,,,,14,11,0,71,6.5,149,29,7,713,4.8
4432387,Nate Mccollum,North Carolina,ACC,2024,,,,,,,,48,24,0,274,11.4,5,37,1,40,8.0
4432431,Avery Morrow,Colorado State,Mountain West,2024,,,,,,,,17,16,0,102,6.4,184,73,9,1006,5.5
4432434,Keyon Mozee,Miami (OH),Mid-American,2024,,,,,,,,2,1,0,2,2.0,178,74,4,1098,6.2
4432484,Michael Pleas,UT Martin,Big South-OVC,2024,,,,,,,,,,,,,1,32,0,32,32.0
4432486,Victor Pless,Mercer,Southern,2024,,,,,,,,15,2,0,19,9.5,1,4,0,4,4.0
4432506,Sawyer Racanelli,Montana,Big Sky,2024,,,,,,,,81,30,2,409,13.6,,,,,
4432531,Jake Roberts,Oklahoma,SEC,2024,,,,,,,,28,12,2,112,9.3,,,,,
4432534,Tyree Saunders,Alabama State,SWAC,2024,,,,,,,,8,1,0,8,8.0,,,,,
4432551,Stacy Sneed,Houston,Big 12,2024,,,,,,,,23,16,1,99,6.2,60,65,1,308,5.1
4432555,J.J. Sparkman,UTSA,American Athletic,2024,,,,,,,,38,7,0,78,11.1,,,,,
4432556,Kody Sparks,UT Martin,Big South-OVC,2024,2,0,1,0.000,0,0,0.0,,,,,,,,,,
4432612,Christian Veilleux,Georgia State,Sun Belt,2024,291,166,11,0.570,13,2047,7.0,,,,,,28,23,1,74,2.6
4432631,Noah Whittington,Oregon,Big Ten,2024,,,,,,,,18,24,2,136,5.7,118,28,6,540,4.6
4432662,Cane Berrong,Coastal Carolina,Sun Belt,2024,,,,,,,,26,12,1,145,12.1,,,,,
4432664,Gavin Blackwell,North Carolina,ACC,2024,,,,,,,,19,4,0,43,10.8,,,,,
4432666,Kahlil Brantley,Florida Atlantic,American Athletic,2024,,,,,,,,28,7,2,79,11.3,,,,,
4432669,Joshua Burrell,Furman,Southern,2024,,,,,,,,37,2,0,43,21.5,,,,,
4432677,Iverson Celestine,South Alabama,Sun Belt,2024,,,,,,,,18,2,0,18,9.0,6,6,1,21,3.5
4432690,Dematrius Davis,UTSA,American Athletic,2024,,,,,,,,,,,,,1,3,0,3,3.0
4432694,JoJo Earle,TCU,Big 12,2024,,,,,,,,15,7,1,37,5.3,3,16,0,30,10.0
4432702,Thad Franklin,Florida A&M,SWAC,2024,,,,,,,,24,20,2,186,9.3,120,70,5,653,5.4
4432703,Jake Garcia,East Carolina,American Athletic,2024,181,109,12,0.602,8,1426,7.9,,,,,,40,19,2,46,1.2
4432705,Bryson Green,Wisconsin,Big Ten,2024,,,,,,,,35,17,2,219,12.9,,,,,
4432710,TreVeyon Henderson,Ohio State,Big Ten,2024,,,,,,,,75,27,1,284,10.5,144,66,10,1016,7.1
4432718,LJ Johnson Jr.,SMU,ACC,2024,,,,,,,,31,11,0,80,7.3,74,35,5,303,4.1
4432722,Athan Kaliakmanis,Rutgers,Big Ten,2024,395,213,7,0.539,18,2696,6.8,,,,,,92,20,3,251,2.7
4432727,Solomon Lewis,Louisiana Tech,Conference USA,2024,,,,,,,,48,16,3,220,13.8,3,8,0,11,3.7
4432731,Moliki Matavao,UCLA,Big Ten,2024,,,,,,,,35,41,2,506,12.3,,,,,
4432732,Walker Merrill,Wake Forest,ACC,2024,,,,,,,,14,9,0,77,8.6,,,,,
4432734,Jalen Milroe,Alabama,SEC,2024,319,205,11,0.643,16,2844,8.9,,,,,,168,72,20,726,4.3
4432744,Julian Nixon,UL Monroe,Sun Belt,2024,,,,,,,,23,9,1,91,10.1,1,1,0,1,1.0
4432754,Ricky Parks,Fordham,Patriot,2024,,,,,,,,,,,,,55,46,0,239,4.3
4432757,Evan Pryor,Cincinnati,Big 12,2024,,,,,,,,80,15,1,181,12.1,56,65,6,418,7.5
4432759,Sawyer Robertson,Baylor,Big 12,2024,368,229,8,0.622,28,3071,8.3,,,,,,63,45,4,230,3.7
4432762,Shedeur Sanders,Colorado,Big 12,2024,477,353,10,0.740,37,4134,8.7,,,,,,100,17,4,-50,-0.5
4432765,Clayton Smith,Arizona State,Big 12,2024,,,,,,,,15,1,0,15,15.0,,,,,
4432767,Preston Stone,SMU,ACC,2024,51,30,1,0.588,5,421,8.3,,,,,,12,12,0,27,2.3
4432772,Jermaine Terry II,Oregon State,Pac-12,2024,,,,,,,,43,23,1,375,16.3,,,,,
4432774,Ty Thompson,Tulane,American Athletic,2024,40,17,3,0.425,3,199,5.0,,,,,,49,50,6,260,5.3
4432775,Dont'E Thornton,Tennessee,SEC,2024,,,,,,,,86,26,6,661,25.4,,,,,
4432782,Brock Vandagriff,Kentucky,SEC,2024,218,125,8,0.573,10,1593,7.3,,,,,,90,22,0,131,1.5
4432784,Kyron Ware-Hudson,USC,Big Ten,2024,1,0,0,0.000,0,0,0.0,39,38,3,462,12.2,,,,,
4432797,Sean Jackson,Auburn,SEC,2024,,,,,,,,,,,,,3,6,0,13,4.3
4432803,Kaidon Salter,Liberty,Conference USA,2024,261,147,6,0.563,15,1886,7.2,,,,,,114,41,7,587,5.1
4433821,John Gentry,Sam Houston,Conference USA,2024,,,,,,,,8,6,1,16,2.7,26,16,1,75,2.9
4433824,Hank Gibbs,Northern Colorado,Big Sky,2024,8,4,1,0.500,0,21,2.6,,,,,,19,15,1,100,5.3
4433825,Levi Gazarek,Bowling Green,Mid-American,2024,,,,,,,,17,8,2,63,7.9,,,,,
4433827,Rocko Griffin,UTSA,American Athletic,2024,,,,,,,,8,3,0,16,5.3,17,17,0,44,2.6
4433828,Khalan Griffin,Lamar,Southland,2024,,,,,,,,13,11,1,74,6.7,218,28,7,1158,5.3
4433830,Luke Grimm,Kansas,Big 12,2024,,,,,,,,70,51,6,690,13.5,11,37,1,135,12.3
4433855,Terry Lockett,Eastern Michigan,Mid-American,2024,1,1,0,1.000,1,22,22.0,79,46,5,660,14.3,3,11,0,20,6.7
4433859,Jalynnee McGee,Portland State,Big Sky,2024,,,,,,,,3,1,0,3,3.0,19,16,0,74,3.9
4433871,Caleb Medford,New Mexico,Mountain West,2024,,,,,,,,47,18,3,336,18.7,,,,,
4433880,Jontavis Robertson,Duke,ACC,2024,,,,,,,,12,8,0,53,6.6,,,,,
4433886,Tate Rodemaker,Southern Miss,Sun Belt,2024,165,98,7,0.594,7,985,6.0,42,1,0,42,42.0,26,11,0,-90,-3.5
4433901,Corey Rucker,Arkansas State,Sun Belt,2024,,,,,,,,79,69,7,1053,15.3,,,,,
4433906,Trayvon Rudolph,Northern Illinois,Mid-American,2024,3,2,0,0.667,1,52,17.3,48,37,1,403,10.9,14,60,2,179,12.8
4433909,Matt Sykes,Rice,American Athletic,2024,,,,,,,,37,65,5,795,12.2,2,0,0,-4,-2.0
4433921,Kole Taylor,West Virginia,Big 12,2024,,,,,,,,39,43,3,448,10.4,,,,,
4433932,Mike Wright,Northwestern,Big Ten,2024,67,39,1,0.582,0,356,5.3,2,1,0,2,2.0,17,20,1,82,4.8
4433935,Ethan Wright,Youngstown State,MVFC,2024,1,1,0,1.000,0,15,15.0,15,18,0,114,6.3,136,64,4,677,5.0
4433940,Abdur-Rahmaan Yaseen,South Florida,American Athletic,2024,,,,,,,,51,21,0,254,12.1,,,,,
4433945,Elijah Young,Western Kentucky,Conference USA,2024,1,0,0,0.000,0,0,0.0,29,47,2,384,8.2,201,30,3,883,4.4
4433947,Corey Wren,UTEP,Conference USA,2024,,,,,,,,6,1,0,6,6.0,10,9,0,24,2.4
4433959,Ben Yurosek,Georgia,SEC,2024,,,,,,,,31,15,0,185,12.3,,,,,
4433965,Brandon Campbell,Massachusetts,FBS Independents,2024,,,,,,,,24,8,0,67,8.4,61,21,3,233,3.8
4433968,Byron Cardwell,California,ACC,2024,,,,,,,,22,2,0,31,15.5,24,10,0,75,3.1
4433969,Timmy McClain,Arkansas State,Sun Belt,2024,21,14,0,0.667,3,163,7.8,,,,,,19,18,1,39,2.1
4433971,Kyle McCord,Syracuse,ACC,2024,592,391,12,0.660,34,4779,8.1,,,,,,67,29,3,-65,-1.0
4433973,Seven Mcgee,UAlbany,CAA,2024,,,,,,,,75,39,6,592,15.2,3,5,0,9,3.0
4461822,Tyler Cherry,The Citadel,Southern,2024,,,,,,,,45,16,2,303,18.9,,,,,
4463590,Caleb Anderson,Alcorn State,SWAC,2024,,,,,,,,16,6,1,58,9.7,,,,,
4476461,Stephen Martin,Samford,Southern,2024,,,,,,,,13,6,0,55,9.2,,,,,
4511722,Hunter Wood,Missouri State,MVFC,2024,1,1,0,1.000,1,40,40.0,35,63,3,770,12.2,,,,,
4528999,Jalen Rogers,Florida A&M,SWAC,2024,,,,,,,,14,3,0,28,9.3,,,,,
4565172,Courtney Jackson,Arkansas State,Sun Belt,2024,,,,,,,,44,42,2,494,11.8,,,,,
4565180,Peter Costelli,Northern Colorado,Big Sky,2024,71,38,2,0.535,4,586,8.3,,,,,,18,32,0,88,4.9
4565181,Bralon Brown,Marshall,Sun Belt,2024,,,,,,,,22,15,2,166,11.1,,,,,
4565183,Will Swanson,Kansas State,Big 12,2024,,,,,,,,12,9,3,66,7.3,,,,,
4565184,Jerand Bradley,Boston College,ACC,2024,,,,,,,,30,6,2,94,15.7,,,,,
4565185,Tai Felton,Maryland,Big Ten,2024,,,,,,,,75,96,9,1124,11.7,2,19,0,23,11.5
4565187,Jalen Kitna,UAB,American Athletic,2024,316,196,11,0.620,17,2209,7.0,0,1,0,-9,-9.0,45,21,0,-60,-1.3
4565189,Cam Ransom,Bethune-Cookman,SWAC,2024,235,149,5,0.634,10,1682,7.2,0,1,0,0,0.0,102,29,5,160,1.6
4565211,Dan Dishman,UTSA,American Athletic,2024,,,,,,,,33,12,3,171,14.3,,,,,
4565297,Dontae Fleming,Tulane,American Athletic,2024,,,,,,,,53,31,1,598,19.3,3,19,0,21,7.0
4565315,Blake Shapen,Mississippi State,SEC,2024,108,74,1,0.685,8,974,9.0,,,,,,34,18,2,36,1.1
4565318,Terion Stewart,Bowling Green,Mid-American,2024,,,,,,,,12,1,0,12,12.0,166,73,6,898,5.4
4565355,Dexter Williams II,Georgia Southern,Sun Belt,2024,30,19,0,0.633,3,248,8.3,,,,,,12,20,1,45,3.8
4565361,Anthony Sambucci,Western Michigan,Mid-American,2024,2,0,0,0.000,0,0,0.0,54,34,3,412,12.1,,,,,
4565454,Jaelon Travis,Incarnate Word,Southland,2024,,,,,,,,23,8,0,83,10.4,,,,,
4565460,Jaycob Horn,Eastern Kentucky,UAC,2024,,,,,,,,15,12,0,97,8.1,,,,,
4565491,Jere Getzinger Jr.,Eastern Michigan,Mid-American,2024,,,,,,,,18,13,2,91,7.0,,,,,
4565532,Jordan Brunson,Miami (OH),Mid-American,2024,,,,,,,,3,1,0,3,3.0,53,75,4,299,5.6
4565533,Samuel Kenerson,Georgia Southern,Sun Belt,2024,,,,,,,,16,1,0,16,16.0,,,,,
4565552,Deacon Hill,Utah Tech,UAC,2024,75,36,1,0.480,2,412,5.5,,,,,,10,24,1,5,0.5
4565553,Elijah Howard,Central Connecticut,NEC,2024,,,,,,,,33,20,1,201,10.1,225,40,8,929,4.1
4565555,Kaleo Ballungay,UNLV,Mountain West,2024,,,,,,,,29,17,6,152,8.9,,,,,
4565652,Errol Rogers Jr.,SE Louisiana,Southland,2024,,,,,,,,23,13,1,151,11.6,,,,,
4565769,Sean Fresch,Rice,American Athletic,2024,,,,,,,,40,1,0,40,40.0,,,,,
4565770,Damien Moore,Lamar,Southland,2024,,,,,,,,72,4,2,103,25.8,49,23,1,227,4.6
4565859,Joe Royer,Cincinnati,Big 12,2024,,,,,,,,38,51,3,532,10.4,,,,,
4565878,James Bomba,Indiana,Big Ten,2024,,,,,,,,2,1,0,2,2.0,,,,,
4565879,Diante Vines,Old Dominion,Sun Belt,2024,,,,,,,,40,36,2,393,10.9,,,,,
4565889,Omarion Dollison,James Madison,Sun Belt,2024,,,,,,,,73,37,6,633,17.1,,,,,
4565892,Navy Shuler,Tennessee,SEC,2024,3,1,0,0.333,0,10,3.3,,,,,,2,6,0,5,2.5
4566153,Blaine Green,Stephen F. Austin,Southland,2024,,,,,,,,50,22,3,395,18.0,,,,,
4566157,Luke Floriea,Kent State,Mid-American,2024,1,0,1,0.000,0,0,0.0,80,44,7,688,15.6,1,10,0,17,17.0
4566195,Marshall Lang,Northwestern,Big Ten,2024,,,,,,,,21,11,1,115,10.5,1,3,0,3,3.0
4566198,Lake McRee,USC,Big Ten,2024,,,,,,,,34,24,0,245,10.2,,,,,
4566700,Brandon Niemenski,Long Island University,NEC,2024,,,,,,,,21,6,1,63,10.5,,,,,
4567031,Michael Kern,Wake Forest,ACC,2024,45,24,3,0.533,1,288,6.4,,,,,,8,8,0,1,0.1
4567033,Donavon Greene,Wake Forest,ACC,2024,,,,,,,,45,23,3,380,16.5,,,,,
4567040,Cameron Hite,Wake Forest,ACC,2024,,,,,,,,16,12,0,74,6.2,0,0,0,-9,0
4567044,Taylor Morin,Wake Forest,ACC,2024,1,0,0,0.000,0,0,0.0,51,64,2,756,11.8,1,9,0,9,9.0
4567114,A.J. Gates,Alabama State,SWAC,2024,,,,,,,,67,8,0,96,12.0,37,45,0,160,4.3
4567149,KJ Jefferson,UCF,Big 12,2024,108,64,4,0.593,7,1012,9.4,,,,,,61,23,2,193,3.2
4567217,Ja'Varrius Johnson,UCF,Big 12,2024,,,,,,,,13,10,0,62,6.2,4,20,0,40,10.0
4567234,Tyler Fromm,Georgia Southern,Sun Belt,2024,,,,,,,,30,25,2,249,10.0,,,,,
4567235,Luke Deal,Auburn,SEC,2024,,,,,,,,3,3,1,6,2.0,,,,,
4567241,Kinkead Dent,UT Martin,Big South-OVC,2024,303,174,7,0.574,20,2278,7.5,,,,,,80,55,7,321,4.0
4567244,Jadon Jackson,Kansas State,Big 12,2024,,,,,,,,60,15,1,207,13.8,2,9,0,9,4.5
4567253,Darion Williamson,Florida State,ACC,2024,,,,,,,,35,5,0,71,14.2,,,,,
4567400,Nay'Quan Wright,South Florida,American Athletic,2024,,,,,,,,44,22,0,149,6.8,109,64,8,510,4.7
4567415,Trent Whittemore,UCF,Big 12,2024,1,0,0,0.000,0,0,0.0,54,7,0,132,18.9,,,,,
4567459,Juan Powell,Coastal Carolina,Sun Belt,2024,,,,,,,,4,1,0,4,4.0,,,,,
4567495,Quavon Beckford,Tuskegee,SIAC,2024,,,,,,,,22,1,0,22,22.0,,,,,
4567507,Rodrigues Clark,Southern Miss,Sun Belt,2024,,,,,,,,19,13,0,51,3.9,124,54,1,604,4.9
4567525,Javon Ivory,South Alabama,Sun Belt,2024,,,,,,,,57,2,0,71,35.5,,,,,
4567532,Devin Boddie Jr.,Wyoming,Mountain West,2024,,,,,,,,20,5,1,62,12.4,1,2,0,2,2.0
4567543,Justin Ball,Mississippi State,SEC,2024,,,,,,,,16,9,0,77,8.6,,,,,
4567545,Jayden Harrison,Notre Dame,FBS Independents,2024,,,,,,,,42,19,1,211,11.1,,,,,
4567596,Christan Horn,App State,Sun Belt,2024,,,,,,,,83,19,1,367,19.3,,,,,
4567707,Grayson James,Boston College,ACC,2024,166,106,2,0.639,6,1202,7.2,,,,,,37,20,3,79,2.1
4567736,Taji Hudson,James Madison,Sun Belt,2024,1,1,0,1.000,0,23,23.0,19,3,0,30,10.0,1,11,0,11,11.0
4567747,Garrett Nussmeier,LSU,SEC,2024,524,336,12,0.641,29,4039,7.7,,,,,,36,14,3,-39,-1.1
4567750,Emeka Egbuka,Ohio State,Big Ten,2024,,,,,,,,68,81,10,1011,12.5,8,13,0,33,4.1
4567784,Jacolby George,Miami,ACC,2024,,,,,,,,49,53,8,752,14.2,2,0,0,-8,-4.0
4568024,Josh Williams,LSU,SEC,2024,,,,,,,,23,31,0,263,8.5,117,23,6,482,4.1
4568075,Juan Davis,Texas,SEC,2024,,,,,,,,11,9,0,54,6.0,,,,,
4568237,Matt Smith,Massachusetts,FBS Independents,2024,,,,,,,,17,3,0,38,12.7,,,,,
4568312,Jordan Houston,Marshall,Sun Belt,2024,,,,,,,,75,13,1,173,13.3,111,45,2,592,5.3
4568316,DeMarcus Jones II,NC State,ACC,2024,,,,,,,,14,1,0,14,14.0,6,14,1,33,5.5
4568336,Zach Gibson,Georgia State,Sun Belt,2024,151,102,2,0.675,7,1004,6.6,,,,,,43,16,1,53,1.2
4568406,Calvin Hill,Houston Christian,Southland,2024,,,,,,,,8,3,0,8,2.7,92,43,4,425,4.6
4568411,Cornelious Brown,Alabama A&M,SWAC,2024,222,127,7,0.572,12,1666,7.5,,,,,,49,46,1,161,3.3
4568421,Darius Lewis,North Greenville,Gulf South,2024,,,,,,,,8,1,0,8,8.0,,,,,
4568425,Beau Johnson,Georgia Southern,Sun Belt,2024,,,,,,,,16,9,1,71,7.9,,,,,
4568443,J'Wan Evans,Northern Arizona,Big Sky,2024,,,,,,,,16,5,0,33,6.6,52,60,2,310,6.0
4568490,RJ Harvey,UCF,Big 12,2024,1,1,0,1.000,0,18,18.0,75,20,3,267,13.4,232,80,22,1577,6.8
4568558,Tama Tuitele,Northern Colorado,Big Sky,2024,,,,,,,,23,4,0,44,11.0,1,22,0,22,22.0
4568649,Ethan Hall,Tulsa,American Athletic,2024,,,,,,,,29,5,0,34,6.8,1,1,0,1,1.0
4568658,Daniel Carter,Pittsburgh,ACC,2024,,,,,,,,13,3,1,22,7.3,22,43,4,208,9.5
4568687,Sincere Brown,Campbell,CAA,2024,,,,,,,,74,57,12,976,17.1,,,,,
4568694,Daniel Hishaw Jr.,Kansas,Big 12,2024,,,,,,,,17,3,0,33,11.0,65,32,3,376,5.8
4569001,Cameron Ross,James Madison,Sun Belt,2024,,,,,,,,43,37,3,443,12.0,4,41,0,56,14.0
4569013,Jacob Flynn,Stonehill,NEC,2024,,,,,,,,47,8,2,148,18.5,2,10,0,12,6.0
4569086,Charles Ross,USC,Big Ten,2024,,,,,,,,11,1,0,11,11.0,,,,,
4569119,Chris Herron,Prairie View A&M,SWAC,2024,2,1,0,0.500,1,43,21.5,45,13,1,181,13.9,4,10,0,-4,-1.0
4569181,Kyle Maxwell,Washington State,Pac-12,2024,,,,,,,,4,1,0,4,4.0,,,,,
4569184,Trenton Bourguet,Arizona State,Big 12,2024,3,2,0,0.667,1,71,23.7,,,,,,,,,,
4569262,Alex Honig,UConn,FBS Independents,2024,,,,,,,,13,6,3,59,9.8,,,,,
4569281,Nick Rempert,North Texas,American Athletic,2024,,,,,,,,40,11,1,127,11.5,2,23,0,29,14.5
4569310,JJ Davis,Morgan State,MEAC,2024,,,,,,,,26,15,0,140,9.3,68,32,4,252,3.7
4569343,Rahmon Hart Jr.,Stony Brook,CAA,2024,,,,,,,,10,3,0,21,7.0,,,,,
4569372,Dalevon Campbell,South Carolina,SEC,2024,,,,,,,,60,12,0,312,26.0,,,,,
4569414,Chase Artopoeus,Chattanooga,Southern,2024,232,138,6,0.595,11,1940,8.4,,,,,,37,32,6,104,2.8
4569416,Nicholas Barr-Mira,Mississippi State,SEC,2024,1,1,0,1.000,0,11,11.0,,,,,,,,,,
4569422,Christian Grubb,Portland State,Big Sky,2024,,,,,,,,6,1,0,6,6.0,20,19,1,114,5.7
4569431,Mike Martinez,Idaho,Big Sky,2024,,,,,,,,23,10,2,93,9.3,,,,,
4569452,Winston Wright,East Carolina,American Athletic,2024,,,,,,,,65,54,8,556,10.3,13,15,0,91,7.0
4569481,Anthony Watkins,Tulsa,American Athletic,2024,,,,,,,,63,13,1,142,10.9,87,77,4,402,4.6
4569501,Anthony Williams Jr.,Alcorn State,SWAC,2024,,,,,,,,7,6,0,0,0.0,34,29,2,175,5.1
4569507,Cade McDonald,Miami (OH),Mid-American,2024,,,,,,,,51,52,3,631,12.1,1,7,0,7,7.0
4569508,Evan Morris,UCF,Big 12,2024,,,,,,,,8,2,0,10,5.0,,,,,
4569535,Jacob Clark,Missouri State,MVFC,2024,369,257,6,0.696,26,3548,9.6,,,,,,78,38,1,7,0.1
4569547,Nick Kallerup,Minnesota,Big Ten,2024,,,,,,,,44,9,0,117,13.0,,,,,
4569557,Miki Suguturaga,Utah,Big 12,2024,,,,,,,,3,1,0,3,3.0,,,,,
4569594,Cameron Davis,Washington,Big Ten,2024,,,,,,,,37,14,0,156,11.1,44,20,0,190,4.3
4569598,Dylan Morris,James Madison,Sun Belt,2024,1,1,0,1.000,0,6,6.0,,,,,,,,,,
4569615,Thomas Gordon,Northwestern,Big Ten,2024,,,,,,,,26,27,1,252,9.3,,,,,
4569635,Dean Janikowski,Washington State,Pac-12,2024,,,,,,,,,,,,,1,5,0,5,5.0
4569653,Shane Calhoun,Texas A&M,SEC,2024,,,,,,,,36,3,0,57,19.0,,,,,
4569655,Te'Rai Powell,Massachusetts,FBS Independents,2024,,,,,,,,,,,,,1,39,0,39,39.0
4569656,Mitchell Sellers,Southeast Missouri State,Big South-OVC,2024,,,,,,,,31,29,6,256,8.8,,,,,
4569727,Louis Hansen,UConn,FBS Independents,2024,,,,,,,,55,24,4,236,9.8,,,,,
4569896,Alex Brown,Wyoming,Mountain West,2024,,,,,,,,15,2,0,21,10.5,,,,,
4569948,Keanu Hill,BYU,Big 12,2024,,,,,,,,20,12,1,108,9.0,,,,,
4569988,Enoch Nawahine,BYU,Big 12,2024,,,,,,,,1,1,0,1,1.0,30,12,1,98,3.3
4570033,Kai Kroeger,South Carolina,SEC,2024,2,0,0,0.000,0,0,0.0,,,,,,,,,,
4570037,Terrance Ferguson,Oregon,Big Ten,2024,,,,,,,,62,43,3,591,13.7,,,,,
4570038,Sam Hart,Colorado,Big 12,2024,,,,,,,,2,2,0,1,0.5,,,,,
4570045,John Dunmore,Towson,CAA,2024,1,0,0,0.000,0,0,0.0,80,42,5,618,14.7,1,19,0,19,19.0
4570048,Michael Johnson Jr.,Syracuse,ACC,2024,3,2,0,0.667,0,31,10.3,,,,,,4,4,0,-8,-2.0
4570057,Cole Snyder,Eastern Michigan,Mid-American,2024,402,239,9,0.595,15,2676,6.7,,,,,,136,29,4,322,2.4
4570071,Julius Davis,Montana State,Big Sky,2024,,,,,,,,,,,,,40,18,3,227,5.7
4570088,Connor Genal,Morehead State,Pioneer,2024,68,35,2,0.515,3,453,6.7,,,,,,15,9,0,-50,-3.3
4570115,Samario Rudolph,Jacksonville State,Conference USA,2024,,,,,,,,22,6,0,54,9.0,2,10,0,13,6.5
4570132,Ryan Davis,New Mexico,Mountain West,2024,,,,,,,,55,54,3,747,13.8,,,,,
4570154,Preston Brown,Catawba,South Atlantic,2024,33,22,1,0.667,2,181,5.5,,,,,,7,7,0,-9,-1.3
4570190,Jake Bailey,SMU,ACC,2024,,,,,,,,39,19,1,275,14.5,1,0,0,-3,-3.0
4570218,Jonah Panoke,Hawai'i,Mountain West,2024,,,,,,,,49,33,3,387,11.7,,,,,
4570242,Nick Nash,San José State,Mountain West,2024,2,2,0,1.000,2,42,21.0,45,104,16,1382,13.3,1,0,0,-9,-9.0
4570250,Trevor Wilson,Kansas,Big 12,2024,,,,,,,,36,9,0,139,15.4,3,6,0,-1,-0.3
4570259,Daniel Richardson,Florida A&M,SWAC,2024,330,231,8,0.700,23,2662,8.1,,,,,,48,17,0,-16,-0.3
4570270,Adam Jones,Arkansas State,Sun Belt,2024,,,,,,,,46,21,3,255,12.1,,,,,
4570283,Parker Titsworth,Ohio,Mid-American,2024,,,,,,,,5,1,0,5,5.0,,,,,
4570286,Tyler Foster,Oklahoma State,Big 12,2024,,,,,,,,9,3,0,19,6.3,,,,,
4570296,Dalen Cambre,Louisiana,Sun Belt,2024,,,,,,,,13,5,0,46,9.2,,,,,
4570300,Landon Burton,Louisiana,Sun Belt,2024,,,,,,,,,,,,,0,0,1,0,0
4570309,Justin Stephens,Toledo,Mid-American,2024,,,,,,,,17,1,0,17,17.0,,,,,
4570472,Cam Stoudamire,Alcorn State,SWAC,2024,,,,,,,,,,,,,1,0,0,-10,-10.0
4570507,Devin Voisin,South Alabama,Sun Belt,2024,,,,,,,,28,34,0,407,12.0,,,,,
4570516,Joshua Carter,Eastern Kentucky,UAC,2024,,,,,,,,30,23,0,198,8.6,233,77,14,1232,5.3
4570554,Chandler Rogers,California,ACC,2024,25,12,0,0.480,0,117,4.7,3,1,0,3,3.0,29,25,1,86,3.0
4570580,Sean Brown,Jacksonville State,Conference USA,2024,,,,,,,,56,11,3,181,16.5,,,,,
4570636,Malick Meiga,Coastal Carolina,Sun Belt,2024,,,,,,,,46,7,0,117,16.7,,,,,
4570667,Terez Traynor,Charlotte,American Athletic,2024,,,,,,,,12,2,0,18,9.0,,,,,
4570683,Kam Brown,Purdue,Big Ten,2024,,,,,,,,52,3,0,87,29.0,,,,,
4570688,Caden Davis,Ole Miss,SEC,2024,1,0,1,0.000,0,0,0.0,,,,,,,,,,
4570738,Ke'Shawn Williams,Indiana,Big Ten,2024,,,,,,,,52,39,5,448,11.5,2,14,0,27,13.5
4570740,Bryce Butler,Ohio,Mid-American,2024,,,,,,,,7,1,1,7,7.0,,,,,
4570743,Santino Marucci,New Mexico State,Conference USA,2024,112,49,5,0.438,3,519,4.6,,,,,,37,38,1,131,3.5
4570839,Jaelin Benefield,Southern Illinois,MVFC,2024,,,,,,,,6,3,0,7,2.3,17,15,1,88,5.2
4570840,Jonah O'Brien,Alabama State,SWAC,2024,9,4,1,0.444,0,58,6.4,,,,,,5,6,0,-11,-2.2
4570846,Anthony Manaves,Eastern Illinois,Big South-OVC,2024,,,,,,,,32,4,0,50,12.5,,,,,
4570906,Brian Buschini,Nebraska,Big Ten,2024,2,2,0,1.000,0,38,19.0,,,,,,1,0,0,-2,-2.0
4570921,Ryan Simpson,Montana,Big Sky,2024,1,0,0,0.000,0,0,0.0,13,2,0,18,9.0,,,,,
4571021,Shamar Garrett,Utah Tech,UAC,2024,,,,,,,,24,35,1,248,7.1,11,30,0,57,5.2
4571025,Semaj Bolin,Valparaiso,Pioneer,2024,,,,,,,,7,3,0,9,3.0,,,,,
4571070,Hayes Sutton,Middle Tennessee,Conference USA,2024,,,,,,,,27,15,1,126,8.4,,,,,
4571076,Da'Shon Davis,Tennessee State,Big South-OVC,2024,,,,,,,,72,4,0,102,25.5,,,,,
4571114,JJ Jenkins,Buffalo,Mid-American,2024,,,,,,,,90,36,4,536,14.9,,,,,
4571178,William Enneking,Butler,Pioneer,2024,,,,,,,,34,12,2,153,12.8,,,,,
4571194,Marcus Bellon,Nevada,Mountain West,2024,2,1,0,0.500,1,44,22.0,63,39,4,522,13.4,9,9,0,37,4.1
4571272,Nick Howard,Butler,Pioneer,2024,52,34,0,0.654,7,524,10.1,,,,,,133,31,11,662,5.0
4571290,Chaz Davis,UC Davis,Big Sky,2024,,,,,,,,77,38,8,618,16.3,,,,,
4571293,Miles Hastings,UC Davis,Big Sky,2024,493,350,12,0.710,36,4319,8.8,,,,,,43,8,1,-145,-3.4
4571305,Zak Wallace,Arkansas State,Sun Belt,2024,,,,,,,,49,14,0,96,6.9,154,57,11,721,4.7
4571349,Dervon Pesnell,The Citadel,Southern,2024,,,,,,,,54,24,1,443,18.5,,,,,
4571364,Hajj-Malik Williams,UNLV,Mountain West,2024,252,150,5,0.595,19,1941,7.7,,,,,,161,71,9,851,5.3
4571563,Sean Atkins,South Florida,American Athletic,2024,3,1,0,0.333,1,12,4.0,52,80,2,799,10.0,1,14,0,14,14.0
4571704,Garrett Cody,Fordham,Patriot,2024,,,,,,,,39,17,0,179,10.5,,,,,
4571716,Jeff Ciccio,Fordham,Patriot,2024,,,,,,,,29,6,1,75,12.5,,,,,
4571720,Dorrian Moultrie,Hampton,CAA,2024,,,,,,,,48,34,1,410,12.1,,,,,
4571721,Pierce Holley,Eastern Illinois,Big South-OVC,2024,405,249,13,0.615,18,3125,7.7,,,,,,64,17,1,-179,-2.8
4571739,Kevin McGuire,Sacred Heart,FCS Independents,2024,,,,,,,,49,16,1,218,13.6,,,,,
4571740,Marquese Albert,Nicholls,Southland,2024,,,,,,,,9,5,0,22,4.4,23,26,0,109,4.7
4571768,Alex Moore,Idaho,Big Sky,2024,,,,,,,,33,19,1,159,8.4,,,,,
4571803,Tyler Purdy,James Madison,Sun Belt,2024,,,,,,,,19,6,0,44,7.3,37,13,2,170,4.6
4571812,Jack Coulson,Valparaiso,Pioneer,2024,,,,,,,,43,11,1,157,14.3,,,,,
4571818,Jordan Hull,Delaware State,MEAC,2024,,,,,,,,28,30,1,252,8.4,,,,,
4571821,Jaden Sutton,Delaware State,MEAC,2024,1,0,0,0.000,0,0,0.0,55,16,1,165,10.3,185,72,12,1226,6.6
4571875,Qualan Jones,Stephen F. Austin,Southland,2024,,,,,,,,33,13,0,80,6.2,147,52,8,779,5.3
4571935,Jahmal Banks,Nebraska,Big Ten,2024,,,,,,,,31,44,3,587,13.3,,,,,
4571942,Payten Singletary,South Florida,American Athletic,2024,,,,,,,,34,17,2,197,11.6,,,,,
4572038,Ren Hefley,Gardner-Webb,Big South-OVC,2024,47,25,1,0.532,1,197,4.2,,,,,,6,6,0,-12,-2.0
4572040,George Johnson,Florida Atlantic,American Athletic,2024,,,,,,,,13,10,0,85,8.5,,,,,
4572267,Elijah Spencer,Minnesota,Big Ten,2024,,,,,,,,29,52,6,685,13.2,,,,,
4572380,Quincy Skinner Jr.,Vanderbilt,SEC,2024,,,,,,,,63,29,3,367,12.7,1,22,0,22,22.0
4572447,Rhoody Jean-Louis,Alabama State,SWAC,2024,,,,,,,,,,,,,1,1,0,1,1.0
4572455,Jake Smith,Arizona State,Big 12,2024,,,,,,,,30,6,0,91,15.2,5,14,0,14,2.8
4572525,Kobe Johnson,Colorado State,Mountain West,2024,1,1,0,1.000,1,23,23.0,7,3,0,11,3.7,10,2,0,1,0.1
4572626,Travis Theis,South Dakota,MVFC,2024,2,0,1,0.000,0,0,0.0,49,33,2,385,11.7,181,55,19,1112,6.1
4572629,Carter Bell,South Dakota,MVFC,2024,2,1,0,0.500,0,30,15.0,45,53,3,787,14.8,10,22,1,67,6.7
4572655,Jeremiah Webb,South Alabama,Sun Belt,2024,,,,,,,,52,36,5,649,18.0,1,18,0,18,18.0
4572656,Canyon Bauer,Augustana University (SD),Northern Sun,2024,,,,,,,,17,5,0,37,7.4,,,,,
4572682,Kevin Brenner,South Dakota State,MVFC,2024,1,1,0,1.000,0,21,21.0,10,6,1,47,7.8,,,,,
4572717,Lance Jackson,Chattanooga,Southern,2024,,,,,,,,20,1,0,20,20.0,31,7,0,79,2.5
4572739,Cooper Wallace,The Citadel,Southern,2024,,,,,,,,30,9,0,75,8.3,90,54,4,424,4.7
4572784,Cameron Overton,Long Island University,NEC,2024,,,,,,,,11,1,0,11,11.0,,,,,
4572785,Kahlil Overton,Long Island University,NEC,2024,,,,,,,,31,9,0,94,10.4,,,,,
4572873,C.J. Charleston,Michigan,Big Ten,2024,,,,,,,,22,1,0,22,22.0,,,,,
4572925,Daniel Bettis,Samford,Southern,2024,,,,,,,,1,1,0,1,1.0,,,,,
4572934,Seth Morgan,New Hampshire,CAA,2024,363,234,8,0.645,22,2321,6.4,6,1,0,6,6.0,46,24,2,-51,-1.1
4573055,Irvin Mulligan,Jackson State,SWAC,2024,,,,,,,,22,3,0,39,13.0,204,54,13,1237,6.1
4573222,Brett Buckman,UConn,FBS Independents,2024,,,,,,,,32,7,0,91,13.0,,,,,
4573243,Chandler Brayboy,Elon,CAA,2024,,,,,,,,70,59,8,979,16.6,8,35,0,121,15.1
4573286,Jamie Lamson,Maine,CAA,2024,,,,,,,,10,6,0,29,4.8,,,,,
4573302,Michael Monios,Maine,CAA,2024,,,,,,,,16,8,0,53,6.6,,,,,
4573398,Max Brosmer,Minnesota,Big Ten,2024,403,268,6,0.665,18,2829,7.0,,,,,,71,28,5,-37,-0.5
4573409,Sean Lehane,New Hampshire,CAA,2024,1,1,0,1.000,0,6,6.0,,,,,,,,,,
4573410,Caleb Mead,New Hampshire,CAA,2024,,,,,,,,1,2,0,-1,-0.5,22,57,1,128,5.8
4573418,Isaac Seide,New Hampshire,CAA,2024,,,,,,,,16,19,0,90,4.7,108,61,2,422,3.9
4573455,Darius Perrantes,Duquesne,NEC,2024,287,166,15,0.578,29,2337,8.1,,,,,,23,20,1,23,1.0
4573456,Brady Roark,Rhode Island,CAA,2024,,,,,,,,5,3,0,6,2.0,,,,,
4573495,Chaz Ward,Louisiana,Sun Belt,2024,,,,,,,,9,2,0,11,5.5,,,,,
4573521,Jadon Turner,Central Connecticut,NEC,2024,,,,,,,,15,4,0,22,5.5,70,59,3,368,5.3
4573522,Shawn Harris Jr.,Rhode Island,CAA,2024,,,,,,,,42,23,0,301,13.1,6,45,1,55,9.2
4573531,RJ Lamarre,Stony Brook,CAA,2024,,,,,,,,30,22,0,267,12.1,,,,,
4573532,Clarens Legagneur,Stony Brook,CAA,2024,,,,,,,,19,1,0,19,19.0,,,,,
4573541,Niko Papic,Stony Brook,CAA,2024,,,,,,,,0,0,0,-6,0,,,,,
4573542,Marcus Velez,Bethune-Cookman,SWAC,2024,,,,,,,,20,19,0,152,8.0,,,,,
4573584,Elijah Reames,Nicholls,Southland,2024,,,,,,,,,,,,,1,0,0,-11,-11.0
4573699,Jackson Hawes,Georgia Tech,ACC,2024,,,,,,,,33,16,0,195,12.2,,,,,
4573885,Iaan Cousin,Samford,Southern,2024,,,,,,,,77,19,2,323,17.0,4,9,0,3,0.8
4573886,Preston Daniels,Kennesaw State,Conference USA,2024,,,,,,,,12,2,0,18,9.0,35,6,3,85,2.4
4573916,Michael Benefield,Kennesaw State,Conference USA,2024,,,,,,,,9,5,0,15,3.0,138,59,5,542,3.9
4574004,Michael Oppong,Florida A&M,SWAC,2024,,,,,,,,0,1,0,0,0.0,,,,,
4574024,Rob McCoy,Charleston Southern,Big South-OVC,2024,13,7,0,0.538,0,52,4.0,,,,,,6,20,0,20,3.3
4574106,Matt O'Connor,Stetson,Pioneer,2024,52,26,4,0.500,1,213,4.1,,,,,,3,3,0,-8,-2.7
4574120,Jaden Rolling,Robert Morris,NEC,2024,,,,,,,,0,0,0,-5,0,,,,,
4574128,Bronson Yoder,William & Mary,CAA,2024,1,1,0,1.000,0,1,1.0,23,11,0,118,10.7,198,36,10,1115,5.6
4574327,Marlyn Johnson,Florida Atlantic,American Athletic,2024,,,,,,,,22,17,0,169,9.9,,,,,
4574356,Tyler Huff,Jacksonville State,Conference USA,2024,293,178,7,0.608,14,2543,8.7,,,,,,227,51,15,1344,5.9
4574374,Delvecchio Powell II,Robert Morris,NEC,2024,,,,,,,,29,13,0,97,7.5,38,31,2,173,4.6
4574466,Caden Meis,Northern Colorado,Big Sky,2024,3,2,0,0.667,1,21,7.0,16,7,0,49,7.0,96,24,4,337,3.5
4574487,Jabari Blake,Virginia St,CIAA,2024,,,,,,,,3,1,0,3,3.0,,,,,
4574651,Solomon Davis,Central Michigan,Mid-American,2024,,,,,,,,72,19,2,350,18.4,3,13,0,24,8.0
4574678,Taylor Shields,Gardner-Webb,Big South-OVC,2024,,,,,,,,65,12,3,243,20.3,,,,,
4574679,Edwin Summerour,Alcorn State,SWAC,2024,,,,,,,,11,1,0,11,11.0,,,,,
4574722,Christian Dremel,Rutgers,Big Ten,2024,,,,,,,,36,12,1,162,13.5,,,,,
4574732,Aaron Young,Old Dominion,Sun Belt,2024,,,,,,,,37,2,0,39,19.5,23,24,2,119,5.2
4574744,Grayson Lewis,Long Island University,NEC,2024,,,,,,,,,,,,,0,19,0,19,0
4574767,Jake Schultz,Oklahoma State,Big 12,2024,,,,,,,,63,3,0,68,22.7,1,0,0,0,0.0
4574790,Harold Blood,Missouri,SEC,2024,,,,,,,,,,,,,1,0,0,-1,-1.0
4574860,Kyrese Rowan,Utah State,Mountain West,2024,,,,,,,,57,44,3,526,12.0,2,5,1,4,2.0
4574964,Gavin Thomson,St. Francis (PA),NEC,2024,,,,,,,,64,40,6,624,15.6,1,5,0,5,5.0
4575085,CJ Russell,Southern,SWAC,2024,,,,,,,,17,1,0,17,17.0,75,28,4,334,4.5
4575131,Jacory Merritt,Arizona,Big 12,2024,,,,,,,,,,,,,13,36,1,106,8.2
4575158,Tevarrius Adams,Alcorn State,SWAC,2024,,,,,,,,32,13,0,133,10.2,3,10,0,15,5.0
4575192,Jordan Springs,Savannah St,SIAC,2024,,,,,,,,5,1,0,5,5.0,,,,,
4575239,Ruperake Fuavai,Houston Christian,Southland,2024,,,,,,,,,,,,,1,1,0,1,1.0
4575348,Da'Quan Felton,Virginia Tech,ACC,2024,,,,,,,,55,32,2,360,11.3,1,10,0,10,10.0
4575363,Aaron Harris,North Carolina A&T,CAA,2024,,,,,,,,,,,,,4,4,0,10,2.5
4575528,Francis Sherman,Cincinnati,Big 12,2024,,,,,,,,14,2,0,22,11.0,,,,,
4575538,Tyler Crowe,Boise State,Mountain West,2024,,,,,,,,7,3,0,15,5.0,28,13,3,129,4.6
4575558,Josh Kelly,Texas Tech,Big 12,2024,,,,,,,,41,89,5,1023,11.5,,,,,
4575667,Deion Hankins,Texas State,Sun Belt,2024,,,,,,,,,,,,,62,47,2,272,4.4
4575758,Charles Norman,UL Monroe,Sun Belt,2024,,,,,,,,,,,,,3,4,0,4,1.3
4575831,Taron Keith,South Florida,American Athletic,2024,,,,,,,,64,13,0,157,12.1,78,42,8,419,5.4
4575856,James Della Pesca,Temple,American Athletic,2024,,,,,,,,25,14,0,131,9.4,,,,,
4575862,Trebor Pena,Syracuse,ACC,2024,1,0,0,0.000,0,0,0.0,50,84,9,941,11.2,12,17,1,72,6.0
4575936,Airius Trice,UT Martin,Big South-OVC,2024,,,,,,,,5,3,0,9,3.0,,,,,
4576127,Haden Carlson,Florida International,Conference USA,2024,6,4,2,0.667,0,37,6.2,,,,,,,,,,
4576132,Andrew Volmar,Bethune-Cookman,SWAC,2024,,,,,,,,,,,,,1,2,0,2,2.0
4576135,Zoe Roberts,UT Martin,Big South-OVC,2024,,,,,,,,50,12,1,194,16.2,,,,,
4576150,Shamar Sandgren,South Alabama,Sun Belt,2024,,,,,,,,21,19,1,208,10.9,,,,,
4576152,Quincy Vaughn,North Dakota,MVFC,2024,,,,,,,,20,11,1,111,10.1,14,3,2,22,1.6
4576183,Kevin Davis,Miami (OH),Mid-American,2024,,,,,,,,35,29,2,234,8.1,50,97,4,331,6.6
4576186,Trevor Borland,Western Kentucky,Conference USA,2024,,,,,,,,5,2,2,8,4.0,,,,,
4576189,Aveon Smith,Alabama A&M,SWAC,2024,32,22,1,0.688,2,219,6.8,,,,,,15,31,1,104,6.9
4576218,Sevion Morrison,Kansas,Big 12,2024,,,,,,,,18,1,0,18,18.0,27,38,2,164,6.1
4576226,Hunter Brown,Eastern Kentucky,UAC,2024,,,,,,,,25,9,0,90,10.0,,,,,
4576257,Aaron Tutino,St. Francis (PA),NEC,2024,,,,,,,,13,4,0,24,6.0,,,,,
4576273,Will Downes,Marist,Pioneer,2024,,,,,,,,28,18,2,267,14.8,,,,,
4576294,Harrison Waylee,Wyoming,Mountain West,2024,,,,,,,,3,2,0,5,2.5,63,36,1,323,5.1
4576298,Keegan Wilburn,Bryant,CAA,2024,,,,,,,,40,1,0,40,40.0,,,,,
4576318,Marcus Carroll,Missouri,SEC,2024,,,,,,,,19,9,0,66,7.3,140,35,12,595,4.3
4576788,Andre Johnson,Miami (OH),Mid-American,2024,,,,,,,,44,7,0,120,17.1,,,,,
4576799,Sebastian Macaluso,San José State,Mountain West,2024,,,,,,,,51,15,0,187,12.5,,,,,
4577440,Grant Sergent,San Diego,Pioneer,2024,301,180,5,0.598,26,2274,7.6,46,1,0,46,46.0,52,13,0,-114,-2.2
4577478,Tyler Riddell,Gardner-Webb,Big South-OVC,2024,317,198,11,0.625,15,2335,7.4,,,,,,52,14,0,-15,-0.3
4577541,Avery Boyd,Georgia Tech,ACC,2024,,,,,,,,33,25,2,316,12.6,1,0,0,-2,-2.0
4577577,Ismael Fuller,Houston Christian,Southland,2024,,,,,,,,71,13,2,244,18.8,,,,,
4577580,Gino English,East Tennessee State,Southern,2024,80,46,8,0.575,7,761,9.5,,,,,,16,14,3,35,2.2
4577746,Delvin Attafah,Central Connecticut,NEC,2024,,,,,,,,22,5,0,55,11.0,,,,,
4577762,Jacob Orlando,Buffalo,Mid-American,2024,,,,,,,,34,11,2,101,9.2,0,1,0,1,0
4577869,Keelan White,Montana,Big Sky,2024,,,,,,,,25,52,3,557,10.7,,,,,
4577880,Jobi Malary,James Madison,Sun Belt,2024,,,,,,,,6,1,0,6,6.0,45,32,2,269,6.0
4577885,Travis West,Portland State,Big Sky,2024,,,,,,,,33,3,0,50,16.7,1,7,0,7,7.0
4577980,Luke Sprague,Bethune-Cookman,SWAC,2024,46,28,1,0.609,3,336,7.3,,,,,,11,1,1,-48,-4.4
4578042,P.J. Wells,Jacksonville State,Conference USA,2024,,,,,,,,15,12,0,72,6.0,,,,,
4578084,Brandon Jimenez,Valparaiso,Pioneer,2024,,,,,,,,26,4,0,75,18.8,,,,,
4578097,Tommy Smith,Rhode Island,CAA,2024,,,,,,,,46,28,3,421,15.0,5,6,2,15,3.0
4578110,Gabe Sloat,Rhode Island,CAA,2024,,,,,,,,26,11,0,111,10.1,19,7,0,66,3.5
4578236,Jared Lewis,Long Island University,NEC,2024,2,2,0,1.000,0,32,16.0,,,,,,7,4,2,9,1.3
4578268,Ty Arrington,Duquesne,NEC,2024,,,,,,,,40,7,0,83,11.9,,,,,
4578286,Harrison Cohen,Morehead State,Pioneer,2024,,,,,,,,10,1,1,10,10.0,,,,,
4578417,Shawn Charles,Robert Morris,NEC,2024,4,2,1,0.500,1,31,7.8,86,30,5,553,18.4,11,48,0,65,5.9
4578436,Coleman Owen,Ohio,Mid-American,2024,,,,,,,,75,78,8,1235,15.8,2,22,1,26,13.0
4578489,Abdul-Fatai Ibrahim,Louisiana Tech,Conference USA,2024,,,,,,,,20,14,0,121,8.6,2,7,0,12,6.0
4578628,Jordan Davis,Wofford,Southern,2024,,,,,,,,45,20,3,206,10.3,,,,,
4578684,Khristopher Simmons,Grambling,SWAC,2024,,,,,,,,28,1,0,28,28.0,,,,,
4578961,Jacob Sharp,Weber State,Big Sky,2024,,,,,,,,57,54,9,767,14.2,,,,,
4578992,Mason Pierce,Incarnate Word,Southland,2024,,,,,,,,22,27,1,157,5.8,2,9,0,11,5.5
4579071,Billy Riviere III,Washington State,Pac-12,2024,,,,,,,,8,1,0,8,8.0,,,,,
4579073,Tommy Schuster,Michigan State,Big Ten,2024,29,20,0,0.690,0,202,7.0,,,,,,8,5,1,-51,-6.4
4579591,James Carpenter,Indiana,Big Ten,2024,,,,,,,,,,,,,1,18,0,18,18.0
4579667,Pat Conroy,Old Dominion,Sun Belt,2024,,,,,,,,75,37,5,523,14.1,,,,,
4580226,Tamatoa Falatea,Princeton,Ivy,2024,,,,,,,,23,4,0,40,10.0,,,,,
4580626,Ryan Lonergan,Montana State,Big Sky,2024,,,,,,,,53,13,2,250,19.2,,,,,
4581420,Lonyatta Alexander,Montana State,Big Sky,2024,,,,,,,,37,22,0,264,12.0,,,,,
4581750,Jaden Smith,Nevada,Mountain West,2024,1,1,0,1.000,0,18,18.0,62,62,7,849,13.7,,,,,
4583089,Var'Keyes Gumms,Arkansas,SEC,2024,,,,,,,,0,1,0,0,0.0,,,,,
4583990,Kyle Weber,Tarleton State,UAC,2024,,,,,,,,,,,,,2,3,2,4,2.0
4584384,Marquez Phillips,Morgan State,MEAC,2024,,,,,,,,37,19,2,259,13.6,,,,,
4585726,Isaac Smith,Eastern Michigan,Mid-American,2024,,,,,,,,7,1,0,7,7.0,,,,,
4586312,Jaylin Noel,Iowa State,Big 12,2024,2,0,0,0.000,0,0,0.0,75,81,8,1194,14.7,9,12,0,38,4.2
4586331,Taj Butts,Duquesne,NEC,2024,,,,,,,,13,5,0,32,6.4,68,21,0,268,3.9
4587295,Trey Lindsey,UAlbany,CAA,2024,28,14,0,0.500,1,128,4.6,,,,,,12,24,1,72,6.0
4587700,Dominique Anthony,Morgan State,MEAC,2024,25,17,3,0.680,1,179,7.2,,,,,,5,6,0,15,3.0
4587701,Andrel Anthony Jr.,Oklahoma,SEC,2024,,,,,,,,4,1,0,4,4.0,,,,,
4587702,Christian Leary,Georgia Tech,ACC,2024,,,,,,,,17,3,0,27,9.0,,,,,
4587705,Cam'Ron Valdez,Texas Tech,Big 12,2024,,,,,,,,1,1,0,1,1.0,9,17,0,40,4.4
4587720,Tristan Michaud,South Dakota,MVFC,2024,,,,,,,,10,2,0,16,8.0,,,,,
4587721,Daniel Greek,Tarleton State,UAC,2024,40,23,1,0.575,3,262,6.6,,,,,,7,8,0,0,0.0
4587722,Troy Stellato,Clemson,ACC,2024,,,,,,,,34,26,1,266,10.2,1,11,0,11,11.0
4587977,Sam Brown,Miami,ACC,2024,,,,,,,,76,36,2,509,14.1,,,,,
4588200,Colby McDonald,Maryland,Big Ten,2024,,,,,,,,10,2,0,16,8.0,29,22,0,150,5.2
4588298,Jameson Geers,Minnesota,Big Ten,2024,,,,,,,,23,27,4,286,10.6,,,,,
4588466,Christian Jourdain,East Texas A&M,Southland,2024,,,,,,,,36,49,6,650,13.3,3,11,0,13,4.3
4589233,Dylan Goffney,Colorado State,Mountain West,2024,,,,,,,,22,6,0,57,9.5,,,,,
4589693,Einaj Carter,South Carolina State,MEAC,2024,1,0,0,0.000,0,0,0.0,75,37,4,517,14.0,11,15,0,27,2.5
4590292,Thomas Fidone Jr.,Nebraska,Big Ten,2024,,,,,,,,33,36,0,373,10.4,,,,,
4590294,Brady Lichtenberg,Cincinnati,Big 12,2024,5,3,0,0.600,0,25,5.0,,,,,,6,5,0,-13,-2.2
4590295,Thomas Zsiros,Toledo,Mid-American,2024,,,,,,,,25,12,1,148,12.3,,,,,
4590302,Deon Silas,Rhode Island,CAA,2024,,,,,,,,14,2,0,20,10.0,56,31,2,240,4.3
4590347,Rahjai Harris,East Carolina,American Athletic,2024,,,,,,,,19,15,0,91,6.1,206,86,11,1166,5.7
4590532,Silas Bolden,Texas,SEC,2024,,,,,,,,24,23,1,267,11.6,2,5,1,-3,-1.5
4591746,Dane Olson,Colorado State,Mountain West,2024,2,1,0,0.500,1,6,3.0,41,17,1,314,18.5,2,7,0,9,4.5
4592531,Ari Patu,North Alabama,UAC,2024,78,45,5,0.577,1,479,6.1,13,1,0,13,13.0,33,25,2,67,2.0
4592532,Billy Edwards,Maryland,Big Ten,2024,420,273,9,0.650,15,2881,6.9,0,0,0,-12,0,81,15,5,150,1.9
4592533,Marco Notarainni,Boise State,Mountain West,2024,,,,,,,,,,,,,1,6,0,6,6.0
4592572,Mason Tharp,Texas Tech,Big 12,2024,,,,,,,,44,12,2,139,11.6,,,,,
4592573,Michael Jackson III,Georgia,SEC,2024,,,,,,,,10,1,0,10,10.0,,,,,
4592832,Marcus Burke,Florida,SEC,2024,,,,,,,,20,8,2,69,8.6,1,5,0,5,5.0
4592835,Dalton Stroman,App State,Sun Belt,2024,,,,,,,,47,20,5,307,15.4,,,,,
4594319,Brady Boyd,Texas Tech,Big 12,2024,,,,,,,,7,1,0,7,7.0,,,,,
4594337,Liam Clifford,Penn State,Big Ten,2024,,,,,,,,57,18,1,286,15.9,1,12,0,12,12.0
4594444,Jordan Moore,Duke,ACC,2024,,,,,,,,58,55,8,861,15.7,,,,,
4594446,Roderick Daniels,SMU,ACC,2024,1,0,0,0.000,0,0,0.0,81,42,4,601,14.3,44,13,3,160,3.6
4594447,Donnie Gray,Northwestern,Big Ten,2024,,,,,,,,16,2,0,20,10.0,,,,,
4594479,Matt Lowe,Morgan State,MEAC,2024,,,,,,,,22,4,0,45,11.3,,,,,
4594749,Michael Trigg,Baylor,Big 12,2024,,,,,,,,42,30,3,395,13.2,,,,,
4594984,Tavierre Dunlap,Michigan,Big Ten,2024,,,,,,,,,,,,,1,20,1,20,20.0
4595341,Caleb Hood,North Carolina,ACC,2024,3,2,0,0.667,1,19,6.3,19,4,0,37,9.3,18,16,0,81,4.5
4595342,Oronde Gadsden II,Syracuse,ACC,2024,,,,,,,,39,72,7,922,12.8,1,12,0,12,12.0
4595354,Gabe Ervin,Nebraska,Big Ten,2024,,,,,,,,,,,,,14,11,2,41,2.9
4596010,Lemeke Brockington,Minnesota,Big Ten,2024,,,,,,,,35,18,1,282,15.7,1,2,0,2,2.0
4596336,Chandler Pittman,Southern Miss,Sun Belt,2024,1,1,0,1.000,0,25,25.0,25,8,0,51,6.4,2,6,0,7,3.5
4596346,Jordan Dingle,Kentucky,SEC,2024,,,,,,,,19,9,1,71,7.9,,,,,
4596347,Donaven McCulley,Indiana,Big Ten,2024,,,,,,,,12,2,1,21,10.5,,,,,
4596439,Dominic Lovett,Georgia,SEC,2024,,,,,,,,38,59,6,607,10.3,,,,,
4596472,Jalon Daniels,Kansas,Big 12,2024,300,171,12,0.570,14,2454,8.2,,,,,,93,33,6,447,4.8
4596539,Yulkeith Brown,Tulane,American Athletic,2024,,,,,,,,42,35,4,470,13.4,8,15,1,39,4.9
4596542,Pat Coogan,Notre Dame,FBS Independents,2024,,,,,,,,11,1,0,11,11.0,,,,,
4596545,C.J. Dippre,Alabama,SEC,2024,,,,,,,,46,21,0,256,12.2,,,,,
4596596,J.J. Jones,North Carolina,ACC,2024,,,,,,,,53,36,6,582,16.2,,,,,
4596602,Brashard Smith,SMU,ACC,2024,,,,,,,,33,39,4,327,8.4,234,71,14,1330,5.7
4597146,Faysal Aden,UAlbany,CAA,2024,,,,,,,,11,9,1,61,6.8,58,37,0,236,4.1
4597247,Austin Smith,Austin Peay,UAC,2024,335,211,7,0.630,15,2301,6.9,,,,,,118,23,4,239,2.0
4597248,Tailique Williams,Georgia State,Sun Belt,2024,,,,,,,,24,16,0,165,10.3,1,0,0,-1,-1.0
4597310,Austin Barber,Florida,SEC,2024,,,,,,,,,,,,,0,0,1,0,0
4597499,Mikey Keene,Fresno State,Mountain West,2024,392,276,11,0.704,18,2887,7.4,,,,,,47,14,0,-192,-4.1
4597679,Luke Altmyer,Illinois,Big Ten,2024,347,211,6,0.608,22,2717,7.8,3,1,0,3,3.0,99,37,4,217,2.2
4597703,Tory Horton,Colorado State,Mountain West,2024,,,,,,,,52,25,1,331,13.2,1,22,0,22,22.0
4599158,Al-Jay Henderson,Buffalo,Mid-American,2024,,,,,,,,75,19,1,238,12.5,204,68,9,1078,5.3
4600403,Braylon Braxton,Marshall,Sun Belt,2024,206,124,2,0.602,19,1624,7.9,,,,,,134,35,4,610,4.6
4600410,Tre Shackelford,Washington State,Pac-12,2024,,,,,,,,39,10,1,144,14.4,,,,,
4600418,Kajiya Hollawayne,Temple,American Athletic,2024,1,1,0,1.000,0,19,19.0,59,9,0,120,13.3,1,16,0,16,16.0
4600597,Montorie Foster,Michigan State,Big Ten,2024,,,,,,,,40,46,3,588,12.8,2,4,0,7,3.5
4600981,Patrick Bryant,Illinois,Big Ten,2024,,,,,,,,64,53,10,978,18.5,5,7,0,14,2.8
4601080,Raheim Sanders,South Carolina,SEC,2024,,,,,,,,43,27,2,316,11.7,183,66,11,881,4.8
4601283,Trevion Cooley,Georgia Tech,ACC,2024,,,,,,,,4,1,0,4,4.0,6,8,0,26,4.3
4602185,Eric McAlister,TCU,Big 12,2024,,,,,,,,84,39,5,762,19.5,,,,,
4602192,Landen King,Utah,Big 12,2024,,,,,,,,21,3,1,54,18.0,,,,,
4602216,Omari Walker,Rhode Island,CAA,2024,,,,,,,,23,12,0,153,12.8,1,0,0,0,0.0
4602667,Jaylin Lane,Virginia Tech,ACC,2024,1,1,0,1.000,1,6,6.0,66,38,2,466,12.3,18,24,2,116,6.4
4602783,Trent Battle,TCU,Big 12,2024,,,,,,,,15,6,0,29,4.8,44,24,2,186,4.2
4602785,Peyton Higgins,Troy,Sun Belt,2024,,,,,,,,37,31,1,301,9.7,1,0,0,-3,-3.0
4602788,Jackson Meeks,Syracuse,ACC,2024,,,,,,,,41,78,7,1021,13.1,,,,,
4602898,Chayden Peery,Florida International,Conference USA,2024,12,7,0,0.583,1,58,4.8,,,,,,10,7,0,25,2.5
4602906,Jordan Hornbeak,Northern Colorado,Big Sky,2024,,,,,,,,9,5,0,13,2.6,22,25,0,85,3.9
4602940,Derwin Burgess Jr.,Georgia Southern,Sun Belt,2024,,,,,,,,48,59,3,659,11.2,1,2,0,2,2.0
4602966,Jacob Gill,Iowa,Big Ten,2024,,,,,,,,59,35,2,411,11.7,5,9,0,13,2.6
4602968,Nate Hampton,Liberty,Conference USA,2024,9,2,1,0.222,1,40,4.4,,,,,,1,7,0,7,7.0
4602969,Bryson Nesbit,North Carolina,ACC,2024,,,,,,,,34,24,3,264,11.0,,,,,
4602981,Jakolbe Baldwin,NC State,ACC,2024,,,,,,,,-1,1,0,-1,-1.0,,,,,
4602983,Ty Lyles,Gardner-Webb,Big South-OVC,2024,,,,,,,,15,2,0,16,8.0,,,,,
4603185,Markus Allen,Eastern Michigan,Mid-American,2024,,,,,,,,78,42,3,636,15.1,,,,,
4603186,Jack Bech,TCU,Big 12,2024,,,,,,,,52,62,9,1034,16.7,0,7,0,7,0
4603190,Casey Cain,UNLV,Mountain West,2024,,,,,,,,50,7,2,136,19.4,1,7,0,7,7.0
4603191,David Larkins,App State,Sun Belt,2024,,,,,,,,6,5,1,18,3.6,,,,,
4603192,Logan Diggs,Ole Miss,SEC,2024,,,,,,,,6,1,0,6,6.0,1,15,0,15,15.0
4603746,Malik Rutherford,Georgia Tech,ACC,2024,,,,,,,,52,62,3,702,11.3,9,29,0,87,9.7
4604004,Keelan Marion,BYU,Big 12,2024,,,,,,,,52,24,1,346,14.4,21,18,2,96,4.6
4604008,Kelan Robinson,East Carolina,American Athletic,2024,,,,,,,,15,4,0,33,8.3,,,,,
4605477,Alante Brown,Michigan State,Big Ten,2024,,,,,,,,15,2,0,20,10.0,3,9,0,17,5.7
4605489,Damien Alford,Utah,Big 12,2024,1,0,1,0.000,0,0,0.0,,,,,,,,,,
4605841,Nathan Carter,Michigan State,Big Ten,2024,,,,,,,,30,18,2,173,9.6,116,60,5,499,4.3
4605858,Rivaldo Fairweather,Auburn,SEC,2024,,,,,,,,43,31,2,372,12.0,,,,,
4605869,Terry Wilkins,Middle Tennessee,Conference USA,2024,,,,,,,,17,13,1,69,5.3,54,23,1,214,4.0
4605951,C.J. Daniels,LSU,SEC,2024,,,,,,,,34,42,0,480,11.4,,,,,
4605998,Logan Fife,Montana,Big Sky,2024,246,157,2,0.638,13,1781,7.2,,,,,,52,22,5,120,2.3
4606194,Seth Henigan,Memphis,American Athletic,2024,477,309,6,0.648,25,3502,7.3,,,,,,80,23,1,190,2.4
4606195,Demie Sumo,Kentucky,SEC,2024,,,,,,,,18,20,0,154,7.7,129,22,5,586,4.5
4606632,Mikale Greer,Northern Arizona,Big Sky,2024,,,,,,,,,,,,,4,14,0,36,9.0
4606669,Victor Konopka,Rutgers,Big Ten,2024,,,,,,,,12,1,0,12,12.0,,,,,
4606685,Logan Mauldin,McNeese,Southland,2024,,,,,,,,38,14,1,155,11.1,,,,,
4606713,Brandon Hayes,SE Louisiana,Southland,2024,,,,,,,,17,11,3,72,6.5,8,15,0,35,4.4
4607267,Malik Sherrod,Fresno State,Mountain West,2024,,,,,,,,21,8,0,38,4.8,60,48,4,196,3.3
4607419,Keyshawn Smith,SMU,ACC,2024,,,,,,,,45,33,5,527,16.0,2,3,0,1,0.5
4607891,Ryan Stubblefield,South Carolina State,MEAC,2024,46,33,2,0.717,5,465,10.1,,,,,,24,36,3,30,1.3
4608003,Onuma Dieke,Elon,CAA,2024,,,,,,,,70,35,2,548,15.7,,,,,
4608450,Taylor Thompson,James Madison,Sun Belt,2024,,,,,,,,36,33,6,448,13.6,,,,,
4608519,Tyler Mello,Fresno State,Mountain West,2024,,,,,,,,1,1,1,1,1.0,,,,,
4608520,Sam Olson,Arizona,Big 12,2024,,,,,,,,51,13,2,196,15.1,,,,,
4608605,Nick Miles,Wyoming,Mountain West,2024,,,,,,,,25,9,0,60,6.7,,,,,
4608606,Tyson Mobley,Liberty,Conference USA,2024,,,,,,,,25,29,1,276,9.5,,,,,
4608607,Lincoln Pare,Texas State,Sun Belt,2024,,,,,,,,22,12,0,134,11.2,94,73,8,547,5.8
4608679,Will Sheppard,Colorado,Big 12,2024,,,,,,,,47,48,6,621,12.9,,,,,
4608686,Kyle Monangai,Rutgers,Big Ten,2024,,,,,,,,14,14,1,75,5.4,256,62,13,1279,5.0
4608691,Maximilian Mang,Syracuse,ACC,2024,,,,,,,,5,1,0,5,5.0,,,,,
4608758,Caron Robinson,Edinboro University,Pennsylvania State Athletic,2024,,,,,,,,7,2,0,9,4.5,16,30,0,91,5.7
4608772,Brian Brewton,Middle Tennessee,Conference USA,2024,,,,,,,,5,2,0,7,3.5,,,,,
4608773,Darius Bush,Georgia State,Sun Belt,2024,,,,,,,,0,1,0,-6,-6.0,,,,,
4608793,Jabre Barber,Texas A&M,SEC,2024,,,,,,,,58,38,2,381,10.0,8,8,0,26,3.3
4608801,Nae'Saan Dickerson,Grambling,SWAC,2024,,,,,,,,35,2,0,60,30.0,,,,,
4608808,Fisher Jackson,Utah Tech,UAC,2024,,,,,,,,37,2,0,46,23.0,,,,,
4608810,Tez Johnson,Oregon,Big Ten,2024,1,0,0,0.000,0,0,0.0,52,83,10,898,10.8,1,0,0,-1,-1.0
4608853,Peter Montini,Colorado State,Mountain West,2024,,,,,,,,16,5,0,42,8.4,2,1,1,1,0.5
4608858,Dan Villari,Syracuse,ACC,2024,,,,,,,,21,6,0,57,9.5,12,7,1,29,2.4
4608859,Dylan Walker,UAlbany,CAA,2024,,,,,,,,13,1,0,13,13.0,,,,,
4608922,Braydon Bennett,Coastal Carolina,Sun Belt,2024,,,,,,,,37,25,2,188,7.5,134,67,11,781,5.8
4609096,Matthew Akuchie,William & Mary,CAA,2024,,,,,,,,25,2,1,35,17.5,,,,,
4609218,Mark Crawford,Minnesota,Big Ten,2024,,,,,,,,,,,,,1,10,0,10,10.0
4610011,Tar'Varish Dawson Jr.,Jacksonville State,Conference USA,2024,,,,,,,,16,1,0,16,16.0,,,,,
4610131,Parker Navarro,Ohio,Mid-American,2024,295,195,11,0.661,13,2423,8.2,,,,,,160,55,18,1047,6.5
4610703,Jalen White,Georgia Southern,Sun Belt,2024,,,,,,,,17,20,0,69,3.5,164,49,14,745,4.5
4611516,Holden Willis,Middle Tennessee,Conference USA,2024,,,,,,,,61,53,6,871,16.4,,,,,
4611985,Zyell Griffin,Eastern Michigan,Mid-American,2024,,,,,,,,89,6,1,151,25.2,,,,,
4611995,Jamal Haynes,Georgia Tech,ACC,2024,,,,,,,,17,27,3,154,5.7,168,68,9,944,5.6
4612078,JaCobian Morgan,Jackson State,SWAC,2024,257,163,8,0.634,21,2236,8.7,,,,,,98,72,6,321,3.3
4612189,Kadinn Morris,Western Michigan,Mid-American,2024,,,,,,,,10,2,0,19,9.5,,,,,
4612211,Jaison Patterson,Bowling Green,Mid-American,2024,,,,,,,,18,12,1,105,8.8,99,41,5,426,4.3
4612246,Sahmir Hagans,Duke,ACC,2024,,,,,,,,65,47,3,413,8.8,,,,,
4612297,Markeston Douglas,Arizona State,Big 12,2024,,,,,,,,3,1,0,3,3.0,,,,,
4612350,Donovan Eaglin,Alabama A&M,SWAC,2024,,,,,,,,23,14,1,120,8.6,181,40,9,967,5.3
4612401,Kaelen Shankle,East Texas A&M,Southland,2024,,,,,,,,18,10,0,85,8.5,51,20,1,171,3.4
4612411,Chase Penry,Boise State,Mountain West,2024,,,,,,,,42,14,0,164,11.7,,,,,
4612558,Anderson Castle,App State,Sun Belt,2024,,,,,,,,20,13,0,88,6.8,50,21,1,246,4.9
4612824,Broc Lane,Utah State,Mountain West,2024,,,,,,,,26,19,2,197,10.4,,,,,
4612845,Malik Cooper,Wagner,NEC,2024,,,,,,,,36,11,0,120,10.9,13,13,0,39,3.0
4613032,Nate Noel,Missouri,SEC,2024,,,,,,,,9,15,0,44,2.9,163,64,3,818,5.0
4613050,Quentin Skinner,Kansas,Big 12,2024,,,,,,,,62,25,4,557,22.3,3,27,0,22,7.3
4613059,Devontae Houston,East Tennessee State,Southern,2024,,,,,,,,10,5,0,23,4.6,119,80,3,648,5.4
4613064,Obasanjo Sanni,Tennessee Tech,Big South-OVC,2024,,,,,,,,2,1,0,2,2.0,16,54,1,170,10.6
4613087,Jamaal Bell,Baylor,Big 12,2024,,,,,,,,8,2,0,6,3.0,5,20,0,27,5.4
4613105,Miles Davis,BYU,Big 12,2024,,,,,,,,26,5,1,68,13.6,18,37,0,76,4.2
4613132,Levi Wentz,UAlbany,CAA,2024,,,,,,,,58,34,1,530,15.6,,,,,
4613154,Lucas Borrow,Hawai'i,Mountain West,2024,,,,,,,,,,,,,1,19,0,19,19.0
4613157,Jake Clemons,Charlotte,American Athletic,2024,,,,,,,,1,2,0,-1,-0.5,,,,,
4613165,Demick Starling,Western Kentucky,Conference USA,2024,,,,,,,,27,3,0,56,18.7,,,,,
4613193,Joshua Cobbs,South Florida,American Athletic,2024,,,,,,,,48,9,1,140,15.6,,,,,
4613198,Larenzo McMillan,New Mexico State,Conference USA,2024,,,,,,,,-1,1,0,-1,-1.0,7,84,1,111,15.9
4613199,Josh Sterzer,Utah State,Mountain West,2024,,,,,,,,37,20,4,202,10.1,,,,,
4613202,Kyle Williams,Washington State,Pac-12,2024,,,,,,,,66,70,14,1193,17.0,9,22,0,57,6.3
4613214,Connor Witthoft,Delaware,CAA,2024,,,,,,,,6,1,0,6,6.0,,,,,
4613268,Joseph Bearns III,Charlotte,American Athletic,2024,,,,,,,,17,1,0,17,17.0,,,,,
4618083,Ethan Hampton,Northern Illinois,Mid-American,2024,245,143,6,0.584,12,1608,6.6,,,,,,53,32,2,129,2.4
4619186,Treylan Davis,West Virginia,Big 12,2024,,,,,,,,31,6,0,58,9.7,,,,,
4635009,J.Michael Sturdivant,UCLA,Big Ten,2024,,,,,,,,45,22,2,315,14.3,1,5,0,5,5.0
4643696,Gunnar Greenwald,South Florida,American Athletic,2024,,,,,,,,2,1,0,2,2.0,,,,,
4662406,Javon Gipson,Abilene Christian,UAC,2024,,,,,,,,43,23,2,335,14.6,,,,,
4663499,Sam Reynolds,Towson,CAA,2024,,,,,,,,57,15,1,209,13.9,,,,,
4676889,Myles Montgomery,UCF,Big 12,2024,,,,,,,,49,3,1,66,22.0,51,25,3,293,5.7
4677280,Julian Gray,Liberty,Conference USA,2024,,,,,,,,36,7,2,97,13.9,10,41,1,62,6.2
4678006,Elijah Arroyo,Miami,ACC,2024,1,1,0,1.000,1,7,7.0,74,35,7,590,16.9,,,,,
4678010,Kyron Drones,Virginia Tech,ACC,2024,224,136,6,0.607,10,1562,7.0,6,2,1,-2,-1.0,98,53,6,337,3.4
4680017,Lucas Coley,Prairie View A&M,SWAC,2024,20,8,0,0.400,0,108,5.4,,,,,,7,12,0,-17,-2.4
4680018,Alton McCaskill,Arizona State,Big 12,2024,,,,,,,,,,,,,7,6,0,17,2.4
4680023,Brandon Epton Jr.,Southeast Missouri State,Big South-OVC,2024,,,,,,,,21,20,1,84,4.2,61,27,1,223,3.7
4680024,Da'Wain Lofton,Oklahoma State,Big 12,2024,,,,,,,,56,6,0,140,23.3,,,,,
4680029,Keith Jackson,East Texas A&M,Southland,2024,,,,,,,,39,13,0,87,6.7,82,69,4,421,5.1
4682484,Stone Eby,SMU,ACC,2024,,,,,,,,6,1,0,6,6.0,,,,,
4682487,Cam Davis,San Diego State,Mountain West,2024,,,,,,,,4,4,0,6,1.5,14,38,0,76,5.4
4682509,Malik McClain,Arizona State,Big 12,2024,,,,,,,,43,2,1,85,42.5,,,,,
4682518,Nick Vattiato,Middle Tennessee,Conference USA,2024,418,269,10,0.644,16,3092,7.4,,,,,,86,16,1,77,0.9
4682565,Tyler Macon,Alcorn State,SWAC,2024,16,9,2,0.563,0,48,3.0,47,8,0,132,16.5,22,13,0,71,3.2
4682613,Fernando Garza,Sam Houston,Conference USA,2024,,,,,,,,2,1,0,2,2.0,,,,,
4682640,Joshua McCray,Illinois,Big Ten,2024,,,,,,,,30,13,1,116,8.9,117,60,10,609,5.2
4682642,D.C. Tabscott,North Alabama,UAC,2024,13,6,2,0.462,2,149,11.5,,,,,,3,3,0,-3,-1.0
4682648,Malachi Fields,Virginia,ACC,2024,3,2,0,0.667,0,51,17.0,45,55,5,808,14.7,,,,,
4682652,Devin Neal,Kansas,Big 12,2024,,,,,,,,51,24,1,254,10.6,219,54,16,1266,5.8
4682654,Jeremiah Ballard,Tulsa,American Athletic,2024,,,,,,,,29,2,1,37,18.5,,,,,
4682688,Kaiya Sheron,UT Martin,Big South-OVC,2024,48,37,0,0.771,3,394,8.2,,,,,,20,13,0,18,0.9
4682748,Max Patterson,Delaware,CAA,2024,,,,,,,,39,25,0,286,11.4,1,5,0,5,5.0
4682760,Aaron Steinfeldt,UAlbany,CAA,2024,,,,,,,,2,1,0,2,2.0,,,,,
4682761,Luke Wysong,New Mexico,Mountain West,2024,,,,,,,,53,69,1,840,12.2,9,15,0,55,6.1
4682762,Ke'Travion Hargrove,Grambling,SWAC,2024,,,,,,,,20,13,0,99,7.6,93,36,5,444,4.8
4682792,Jed Castles,Abilene Christian,UAC,2024,,,,,,,,36,15,4,223,14.9,,,,,
4682904,Zahir Abdus-Salaam,Western Michigan,Mid-American,2024,,,,,,,,31,31,1,250,8.1,113,70,3,600,5.3
4682927,Billy Wiles,App State,Sun Belt,2024,1,0,1,0.000,0,0,0.0,,,,,,,,,,
4682952,Scott Giuliano,Harvard,Ivy,2024,,,,,,,,15,4,1,33,8.3,,,,,
4683007,JaCorey Hyder,Lamar,Southland,2024,,,,,,,,63,13,1,180,13.8,,,,,
4683012,Eddie Lee Marburger,UTSA,American Athletic,2024,40,22,3,0.550,2,234,5.9,,,,,,9,9,0,33,3.7
4683058,Brendan Sullivan,Iowa,Big Ten,2024,53,38,3,0.717,3,474,8.9,,,,,,47,30,4,151,3.2
4683110,Caden Jumper,Murray State,MVFC,2024,,,,,,,,9,6,1,35,5.8,1,28,0,28,28.0
4683111,Jaden Bradley,UNLV,Mountain West,2024,,,,,,,,42,9,1,173,19.2,1,6,0,6,6.0
4683114,Will Pauling,Wisconsin,Big Ten,2024,,,,,,,,28,42,3,407,9.7,1,4,0,4,4.0
4683119,Tyler Moore,Iowa State,Big 12,2024,,,,,,,,18,6,1,60,10.0,,,,,
4683127,Ryan Hoerstkamp,Middle Tennessee,Conference USA,2024,,,,,,,,1,1,0,1,1.0,,,,,
4683137,Drake Martinez,Houston Christian,Southland,2024,,,,,,,,24,16,2,142,8.9,,,,,
4683144,Myles Alston,Old Dominion,Sun Belt,2024,,,,,,,,30,23,0,246,10.7,,,,,
4683151,Deion Burks,Oklahoma,SEC,2024,,,,,,,,20,31,3,245,7.9,5,11,0,32,6.4
4683153,Skyler Bell,UConn,FBS Independents,2024,,,,,,,,70,50,5,860,17.2,0,4,0,4,0
4683159,Lewis Bond,Boston College,ACC,2024,,,,,,,,49,67,3,689,10.3,3,11,0,4,1.3
4683164,Shakhi Carson,Stony Brook,CAA,2024,,,,,,,,20,15,0,101,6.7,37,16,0,111,3.0
4683165,Jaden Nixon,Western Michigan,Mid-American,2024,,,,,,,,16,10,0,77,7.7,143,92,12,919,6.4
4683174,Drew Biber,Purdue,Big Ten,2024,,,,,,,,22,13,0,113,8.7,,,,,
4683182,Nate Yarnell,Pittsburgh,ACC,2024,167,98,5,0.587,10,1056,6.3,0,1,0,-6,-6.0,35,11,0,25,0.7
4683206,Orion Peters,Idaho,Big Sky,2024,,,,,,,,,,,,,1,5,0,5,5.0
4683208,Branden Alvarez,Portland State,Big Sky,2024,,,,,,,,50,36,5,480,13.3,,,,,
4683210,Brady Hunt,South Carolina,SEC,2024,,,,,,,,11,2,0,22,11.0,,,,,
4683218,Zy McDonald,Jackson State,SWAC,2024,12,7,1,0.583,2,104,8.7,,,,,,16,36,2,161,10.1
4683219,Patrick Smith,UT Martin,Big South-OVC,2024,,,,,,,,50,19,0,165,8.7,205,63,13,1127,5.5
4683221,Chris Parker,Central Michigan,Mid-American,2024,,,,,,,,44,29,3,360,12.4,,,,,
4683227,Joseph Manjack,Houston,Big 12,2024,3,2,1,0.667,0,29,9.7,57,22,3,351,16.0,1,0,0,-2,-2.0
4683229,Naran Buntin,Northern Iowa,MVFC,2024,,,,,,,,5,1,0,5,5.0,,,,,
4683234,La'Vell Wright,Austin Peay,UAC,2024,,,,,,,,14,4,0,19,4.8,115,72,5,643,5.6
4683237,Keagan Johnson,Kansas State,Big 12,2024,,,,,,,,35,29,1,359,12.4,1,8,0,8,8.0
4683243,Mitchell Evans,Notre Dame,FBS Independents,2024,,,,,,,,33,43,3,421,9.8,,,,,
4683263,Heinrich Haarberg,Nebraska,Big Ten,2024,18,10,1,0.556,0,101,5.6,8,2,0,16,8.0,25,13,1,102,4.1
4683266,Jalen Riven,Western Illinois,Big South-OVC,2024,,,,,,,,,,,,,1,31,0,31,31.0
4683271,Jayleen Record,Weber State,Big Sky,2024,,,,,,,,35,23,4,242,10.5,1,0,0,0,0.0
4683272,Willie Shaw III,Toledo,Mid-American,2024,,,,,,,,17,2,0,22,11.0,46,13,3,190,4.1
4683278,Carson Bruno,TCU,Big 12,2024,,,,,,,,0,1,0,-3,-3.0,,,,,
4683282,Justin Lynch,Northern Illinois,Mid-American,2024,1,0,0,0.000,0,0,0.0,6,4,0,14,3.5,18,31,0,81,4.5
4683291,Joey Labas,Central Michigan,Mid-American,2024,160,94,7,0.588,7,1114,7.0,,,,,,21,13,0,19,0.9
4683306,Landon Morris,Temple,American Athletic,2024,,,,,,,,58,16,1,251,15.7,,,,,
4683308,Tanner Arkin,Illinois,Big Ten,2024,,,,,,,,16,16,3,111,6.9,1,36,0,36,36.0
4683311,Sam Vidlak,Stephen F. Austin,Southland,2024,258,174,4,0.674,27,2387,9.3,,,,,,23,12,0,-38,-1.7
4683314,Xavier Coleman,Lamar,Southland,2024,,,,,,,,11,4,0,18,4.5,13,7,0,44,3.4
4683319,Bill Jackson,Tulsa,American Athletic,2024,,,,,,,,31,19,2,104,5.5,67,37,0,319,4.8
4683386,William Haskell,Portland State,Big Sky,2024,19,12,1,0.632,2,80,4.2,,,,,,5,12,1,-7,-1.4
4683393,James Evans,Indiana,Big Ten,2024,,,,,,,,,,,,,1,0,0,-23,-23.0
4683412,Marquis Shoulders,Houston,Big 12,2024,,,,,,,,20,5,0,43,8.6,1,5,0,5,5.0
4683423,Riley Leonard,Notre Dame,FBS Independents,2024,403,269,8,0.667,21,2861,7.1,0,1,0,-8,-8.0,184,50,17,906,4.9
4683425,Glynn Johnson Jr,New Mexico State,Conference USA,2024,,,,,,,,54,19,2,346,18.2,6,7,0,5,0.8
4683451,Cameron Friel,UNLV,Mountain West,2024,6,5,0,0.833,0,64,10.7,,,,,,7,14,2,28,4.0
4683460,Benjamin Roy,Massachusetts,FBS Independents,2024,,,,,,,,,,,,,1,0,0,-3,-3.0
4683471,Brady Olson,Central Connecticut,NEC,2024,349,182,11,0.521,17,2173,6.2,,,,,,58,11,3,147,2.5
4683515,Leo Blackburn,Georgia Tech,ACC,2024,,,,,,,,24,1,1,24,24.0,1,0,0,0,0.0
4683531,Aaron Turner,Cincinnati,Big 12,2024,,,,,,,,49,5,0,85,17.0,,,,,
4683536,JJ Henry,Abilene Christian,UAC,2024,,,,,,,,66,42,4,485,11.5,,,,,
4683539,Isaac Pearson,SMU,ACC,2024,,,,,,,,,,,,,0,0,0,-13,0
4683561,Mareyohn Hrabowski,Western Michigan,Mid-American,2024,,,,,,,,15,3,1,39,13.0,,,,,
4683562,Drew Hughes,Ball State,Mid-American,2024,,,,,,,,2,1,1,2,2.0,,,,,
4683571,Eni Falayi,Utah Tech,UAC,2024,,,,,,,,81,29,5,352,12.1,1,0,0,0,0.0
4683584,J.P. Murphy,Eastern Washington,Big Sky,2024,,,,,,,,23,4,1,51,12.8,,,,,
4683658,Javonte Sherman,Middle Tennessee,Conference USA,2024,,,,,,,,29,9,0,108,12.0,,,,,
4683665,Zuberi Mobley,Florida Atlantic,American Athletic,2024,,,,,,,,15,11,0,86,7.8,91,72,4,471,5.2
4683667,Trenten Howland,Oklahoma State,Big 12,2024,,,,,,,,5,3,0,7,2.3,41,23,1,230,5.6
4683719,Jaden Bray,West Virginia,Big 12,2024,,,,,,,,44,2,0,88,44.0,,,,,
4683791,Jaden Coffen,Morgan State,MEAC,2024,,,,,,,,25,6,1,51,8.5,,,,,
4683812,Nate Pabst,Bowling Green,Mid-American,2024,,,,,,,,-2,0,0,-2,0,,,,,
4683814,Dequan Stanley,Eastern Kentucky,UAC,2024,,,,,,,,75,27,5,372,13.8,,,,,
4683832,Carson Williams,North Dakota State,MVFC,2024,,,,,,,,6,2,0,11,5.5,,,,,
4683851,Jesse Mirco,Vanderbilt,SEC,2024,,,,,,,,,,,,,1,9,0,9,9.0
4683852,Dez Williams,Stony Brook,CAA,2024,,,,,,,,40,30,2,382,12.7,,,,,
4683867,Xavier Ward,San José State,Mountain West,2024,3,1,1,0.333,0,16,5.3,,,,,,,,,,
4683886,Jahmal Edrine,Purdue,Big Ten,2024,,,,,,,,53,23,2,365,15.9,,,,,
4683889,Damien Taylor,Troy,Sun Belt,2024,,,,,,,,7,3,1,19,6.3,173,56,7,1010,5.8
4683912,Hunter Herring,UL Monroe,Sun Belt,2024,4,3,0,0.750,0,17,4.3,,,,,,16,44,2,116,7.3
4683967,Wilson Berry,Kentucky,SEC,2024,1,0,1,0.000,0,0,0.0,,,,,,,,,,
4683986,Tariq Sims,Old Dominion,Sun Belt,2024,,,,,,,,,,,,,32,16,2,108,3.4
4684003,Tahj Bullock,Akron,Mid-American,2024,30,22,0,0.733,0,200,6.7,18,10,0,63,6.3,53,15,8,138,2.6
4684061,T.J. Lockley,West Georgia,UAC,2024,,,,,,,,28,49,2,458,9.3,2,8,0,12,6.0
4684068,Cameron Harpole,Arizona State,Big 12,2024,,,,,,,,17,1,0,17,17.0,,,,,
4684091,Jamari Gassett,Florida A&M,SWAC,2024,,,,,,,,55,52,7,737,14.2,4,9,0,16,4.0
4684139,Sean Brown,NC State,ACC,2024,,,,,,,,,,,,,2,4,0,6,3.0
4684173,O'Mega Blake,Charlotte,American Athletic,2024,,,,,,,,75,32,9,795,24.8,2,5,0,7,3.5
4684278,Jakolby Longino,Lamar,Southland,2024,53,30,0,0.566,5,370,7.0,,,,,,29,15,1,83,2.9
4684281,Jairus Mack,Charlotte,American Athletic,2024,,,,,,,,59,19,0,418,22.0,1,0,0,-4,-4.0
4684421,Simeon Price,Coastal Carolina,Sun Belt,2024,,,,,,,,5,2,0,7,3.5,44,18,0,136,3.1
4684502,Justin Lamson,Stanford,ACC,2024,47,24,2,0.511,4,300,6.4,,,,,,68,12,8,94,1.4
4684525,Eli Sanders,New Mexico,Mountain West,2024,,,,,,,,31,15,0,134,8.9,147,75,9,1064,7.2
4684528,Cedric Seabrough,West Georgia,UAC,2024,,,,,,,,24,15,4,121,8.1,,,,,
4684540,Jacob Coleman,Middle Tennessee,Conference USA,2024,,,,,,,,9,2,0,17,8.5,,,,,
4684625,Montrell Johnson,Florida,SEC,2024,,,,,,,,12,13,0,64,4.9,100,71,6,593,5.9
4684638,Ali Fisher,Kent State,Mid-American,2024,,,,,,,,13,1,0,13,13.0,,,,,
4684703,Coen Sutton,Georgetown,Patriot,2024,,,,,,,,17,2,0,24,12.0,,,,,
4684881,Rylan Green,UL Monroe,Sun Belt,2024,,,,,,,,23,5,0,43,8.6,,,,,
4684902,Ryan King,Montana State,Big Sky,2024,,,,,,,,27,15,0,162,10.8,1,0,0,-3,-3.0
4684913,Braedon Wissler,Southern Utah,UAC,2024,,,,,,,,19,17,0,86,5.1,63,26,0,249,4.0
4684926,Andre Hines,Wagner,NEC,2024,,,,,,,,7,1,0,7,7.0,58,13,2,245,4.2
4684939,Bryan Robinson,Marshall,Sun Belt,2024,,,,,,,,20,8,0,82,10.3,,,,,
4684953,Sackett Wood Jr.,Virginia,ACC,2024,,,,,,,,8,3,1,18,6.0,,,,,
4685038,Phat Watts,Tulane,American Athletic,2024,,,,,,,,27,1,0,27,27.0,,,,,
4685056,Reggie Brown,Tulane,American Athletic,2024,,,,,,,,33,4,2,52,13.0,,,,,
4685087,Kamdyn Benjamin,Tulsa,American Athletic,2024,,,,,,,,74,70,6,822,11.7,5,12,0,20,4.0
4685110,Anthony Smith,East Carolina,American Athletic,2024,1,0,0,0.000,0,0,0.0,64,41,6,799,19.5,,,,,
4685116,D.J. Herman,San Diego State,Mountain West,2024,1,1,0,1.000,0,21,21.0,,,,,,,,,,
4685144,Moose Muhammad III,Texas A&M,SEC,2024,,,,,,,,20,6,2,55,9.2,,,,,
4685166,Jonah Chong,Northern Colorado,Big Sky,2024,24,12,0,0.500,0,50,2.1,,,,,,18,20,0,69,3.8
4685167,Matthew Killam,Nevada,Mountain West,2024,,,,,,,,,,,,,1,1,0,1,1.0
4685183,John Paul Richardson,TCU,Big 12,2024,,,,,,,,38,57,2,733,12.9,1,3,0,3,3.0
4685184,Donald Chaney Jr.,Louisville,ACC,2024,,,,,,,,19,7,0,62,8.9,50,27,3,178,3.6
4685186,Tyler Van Dyke,Wisconsin,Big Ten,2024,68,43,0,0.632,1,422,6.2,,,,,,15,9,1,26,1.7
4685230,Miles Cross,Indiana,Big Ten,2024,,,,,,,,34,27,4,324,12.0,,,,,
4685237,Michael Allen,UNLV,Mountain West,2024,,,,,,,,,,,,,19,36,0,108,5.7
4685246,Kaytron Allen,Penn State,Big Ten,2024,,,,,,,,20,18,2,153,8.5,220,32,8,1108,5.0
4685252,Henry Belin IV,Duke,ACC,2024,45,26,1,0.578,2,243,5.4,,,,,,11,11,0,39,3.5
4685254,Jabari Bates,San José State,Mountain West,2024,,,,,,,,16,2,1,17,8.5,59,31,1,254,4.3
4685256,Kojo Antwi,Ohio State,Big Ten,2024,,,,,,,,8,1,0,8,8.0,,,,,
4685261,Germie Bernard,Alabama,SEC,2024,,,,,,,,47,50,2,794,15.9,4,13,1,37,9.3
4685268,Raleek Brown,Arizona State,Big 12,2024,,,,,,,,3,3,0,6,2.0,9,14,0,42,4.7
4685269,Jovantae Barnes,Oklahoma,SEC,2024,,,,,,,,19,17,1,123,7.2,122,74,5,577,4.7
4685274,Janiran Bonner,Nebraska,Big Ten,2024,,,,,,,,14,11,1,67,6.1,2,11,1,11,5.5
4685278,Luther Burden III,Missouri,SEC,2024,,,,,,,,44,60,6,666,11.1,10,61,2,125,12.5
4685279,Jaydon Blue,Texas,SEC,2024,,,,,,,,45,42,6,368,8.8,134,77,8,730,5.4
4685283,Kaleb Brown,Iowa,Big Ten,2024,,,,,,,,18,1,0,18,18.0,,,,,
4685284,Caleb Burton,Auburn,SEC,2024,,,,,,,,41,2,0,49,24.5,,,,,
4685286,Kareem Burke,Arkansas-Pine Bluff,SWAC,2024,,,,,,,,30,8,0,91,11.4,2,43,1,66,33.0
4685289,Keyan Burnett,Arizona,Big 12,2024,,,,,,,,35,18,1,217,12.1,,,,,
4685290,Tychaun Chapman,Marshall,Sun Belt,2024,,,,,,,,37,17,1,146,8.6,8,14,2,46,5.8
4685291,Jacurri Brown,UCF,Big 12,2024,66,34,4,0.515,1,387,5.9,,,,,,53,67,4,401,7.6
4685293,Trevonte' Citizen,McNeese,Southland,2024,,,,,,,,5,2,0,9,4.5,30,26,0,107,3.6
4685297,Darrius Clemons,Oregon State,Pac-12,2024,,,,,,,,44,25,2,292,11.7,2,1,0,-6,-3.0
4685307,Kevin Coleman Jr.,Mississippi State,SEC,2024,,,,,,,,80,69,5,844,12.2,4,9,0,11,2.8
4685309,Braden Davis,Syracuse,ACC,2024,,,,,,,,12,1,0,12,12.0,,,,,
4685333,Andre Dollar,Washington State,Pac-12,2024,,,,,,,,9,2,0,13,6.5,,,,,
4685342,Cristian Driver,Minnesota,Big Ten,2024,,,,,,,,20,7,1,49,7.0,2,5,0,9,4.5
4685345,JC French,Georgia Southern,Sun Belt,2024,410,269,11,0.656,17,2831,6.9,,,,,,118,19,2,238,2.0
4685348,Terrance Gibbs,Georgia Southern,Sun Belt,2024,,,,,,,,2,1,0,2,2.0,1,4,0,4,4.0
4685350,Trevor Etienne,Georgia,SEC,2024,,,,,,,,14,32,0,194,6.1,122,48,9,609,5.0
4685356,Greg Gaines III,Rhode Island,CAA,2024,,,,,,,,34,50,3,603,12.1,,,,,
4685359,Antonio Gates Jr.,Michigan State,Big Ten,2024,,,,,,,,28,4,0,49,12.3,,,,,
4685363,Isaiah Gordon,Charleston Southern,Big South-OVC,2024,,,,,,,,3,2,0,0,0.0,14,12,0,32,2.3
4685364,Andre Greene Jr.,Virginia,ACC,2024,,,,,,,,24,9,0,74,8.2,,,,,
4685366,Benji Gosnell,Virginia Tech,ACC,2024,,,,,,,,31,32,2,341,10.7,,,,,
4685374,Rodney Hill,Arkansas,SEC,2024,,,,,,,,29,8,0,68,8.5,28,70,2,184,6.6
4685381,Emmanuel Henderson Jr.,Alabama,SEC,2024,,,,,,,,34,4,0,82,20.5,,,,,
4685382,Omarion Hampton,North Carolina,ACC,2024,,,,,,,,49,38,2,373,9.8,281,75,15,1660,5.9
4685383,Isaiah Horton,Miami,ACC,2024,,,,,,,,30,56,5,616,11.0,,,,,
4685385,Anthony Hankerson,Oregon State,Pac-12,2024,,,,,,,,20,27,0,151,5.6,232,83,15,1082,4.7
4685391,Walker Howard,Ole Miss,SEC,2024,2,0,0,0.000,0,0,0.0,,,,,,,,,,
4685393,Preston Howard,Maryland,Big Ten,2024,,,,,,,,19,24,0,189,7.9,,,,,
4685396,Anthony Ivey,Penn State,Big Ten,2024,,,,,,,,15,1,0,15,15.0,,,,,
4685397,Jordan James,Oregon,Big Ten,2024,,,,,,,,26,26,0,209,8.0,233,41,15,1267,5.4
4685401,Josh Hoover,TCU,Big 12,2024,471,313,11,0.665,27,3949,8.4,,,,,,47,12,4,-19,-0.4
4685409,Jordan Hudson,SMU,ACC,2024,,,,,,,,42,39,5,422,10.8,1,8,0,8,8.0
4685413,Cade Klubnik,Clemson,ACC,2024,486,308,6,0.634,36,3639,7.5,,,,,,119,55,7,462,3.9
4685414,Jake Johnson,North Carolina,ACC,2024,,,,,,,,14,2,0,21,10.5,,,,,
4685415,Travis Hunter,Colorado,Big 12,2024,,,,,,,,58,96,15,1258,13.1,2,5,1,5,2.5
4685416,Shaleak Knotts,Maryland,Big Ten,2024,,,,,,,,49,11,1,161,14.6,,,,,
4685418,Tavorus Jones,Missouri,SEC,2024,,,,,,,,20,1,0,20,20.0,13,14,0,55,4.2
4685424,Dane Key,Kentucky,SEC,2024,,,,,,,,42,47,2,715,15.2,,,,,
4685435,Justyn Martin,UCLA,Big Ten,2024,35,24,0,0.686,1,179,5.1,,,,,,8,8,0,-9,-1.1
4685436,Antonio Martin,SE Louisiana,Southland,2024,1,0,0,0.000,0,0,0.0,18,20,0,74,3.7,226,58,11,1211,5.4
4685440,Kyle Lowe,Georgia State,Sun Belt,2024,7,3,0,0.429,1,18,2.6,,,,,,9,56,1,57,6.3
4685441,Kendrick Law,Alabama,SEC,2024,,,,,,,,22,10,1,105,10.5,8,21,0,30,3.8
4685445,Rayshon Luke,Arizona,Big 12,2024,,,,,,,,26,6,0,52,8.7,4,12,0,13,3.3
4685454,Jayden Maiava,USC,Big Ten,2024,169,101,6,0.598,11,1201,7.1,0,1,0,-3,-3.0,20,13,4,45,2.3
4685458,Shawn Miller,New Mexico,Mountain West,2024,,,,,,,,8,1,0,8,8.0,,,,,
4685459,Nicco Marchiol,West Virginia,Big 12,2024,56,37,2,0.661,5,434,7.8,,,,,,40,19,2,120,3.0
4685464,Tyler Morris,Michigan,Big Ten,2024,,,,,,,,28,23,2,248,10.8,1,9,0,9,9.0
4685470,Le'Veon Moss,Texas A&M,SEC,2024,,,,,,,,20,10,0,141,14.1,121,75,10,765,6.3
4685472,Tetairoa Mcmillan,Arizona,Big 12,2024,2,1,0,0.500,0,14,7.0,78,84,8,1319,15.7,,,,,
4685476,Tobias Merriweather,California,ACC,2024,,,,,,,,37,11,1,125,11.4,,,,,
4685477,Jamarion Miller,Alabama,SEC,2024,,,,,,,,25,16,1,155,9.7,145,56,7,668,4.6
4685484,Jack Nickel,UAB,American Athletic,2024,,,,,,,,6,1,0,6,6.0,,,,,
4685488,MJ Morris,Maryland,Big Ten,2024,61,36,5,0.590,5,350,5.7,,,,,,28,14,1,12,0.4
4685489,Jadyn Ott,California,ACC,2024,,,,,,,,66,24,1,222,9.3,116,53,4,385,3.3
4685490,Devaughn Mortimer,Western Michigan,Mid-American,2024,,,,,,,,38,3,1,50,16.7,,,,,
4685492,Jack Pedersen,UCLA,Big Ten,2024,,,,,,,,23,12,1,126,10.5,,,,,
4685494,George Pettaway,James Madison,Sun Belt,2024,,,,,,,,33,24,2,197,8.2,163,31,5,976,6.0
4685495,Alex Orji,Michigan,Big Ten,2024,49,26,2,0.531,3,151,3.1,,,,,,57,29,1,269,4.7
4685497,Maalik Murphy,Duke,ACC,2024,421,254,12,0.603,26,2932,7.0,,,,,,19,8,2,-79,-4.2
4685504,Sam Roush,Stanford,ACC,2024,,,,,,,,28,40,2,334,8.4,,,,,
4685512,Jadarian Price,Notre Dame,FBS Independents,2024,,,,,,,,8,4,0,10,2.5,120,70,7,746,6.2
4685516,Shazz Preston,Tulane,American Athletic,2024,,,,,,,,53,4,2,99,24.8,,,,,
4685517,Talyn Shettron,Oklahoma State,Big 12,2024,,,,,,,,78,12,1,245,20.4,,,,,
4685519,Elijah Pritchett,Alabama,SEC,2024,,,,,,,,8,0,0,8,0,,,,,
4685521,Garret Rangel,Oklahoma State,Big 12,2024,33,17,1,0.515,2,192,5.8,,,,,,9,54,0,91,10.1
4685522,Ty Simpson,Alabama,SEC,2024,25,14,0,0.560,0,167,6.7,,,,,,8,17,1,44,5.5
4685526,Adam Randall,Clemson,ACC,2024,,,,,,,,25,16,2,155,9.7,4,41,0,44,11.0
4685535,C.J. Stokes,Charlotte,American Athletic,2024,,,,,,,,6,1,0,6,6.0,7,13,1,33,4.7
4685540,Carsen Ryan,Utah,Big 12,2024,,,,,,,,25,10,1,113,11.3,,,,,
4685545,Gavin Sawchuk,Oklahoma,SEC,2024,,,,,,,,7,8,0,28,3.5,39,21,1,128,3.3
4685553,Brenen Thompson,Oklahoma,SEC,2024,1,0,0,0.000,0,0,0.0,54,19,2,230,12.1,,,,,
4685555,Nicholas Singleton,Penn State,Big Ten,2024,,,,,,,,27,41,5,375,9.1,172,58,12,1099,6.4
4685560,Jaleel Skinner,Louisville,ACC,2024,,,,,,,,4,1,0,4,4.0,,,,,
4685565,Evan Stewart,Oregon,Big Ten,2024,,,,,,,,69,48,5,613,12.8,,,,,
4685573,Holden Staes,Tennessee,SEC,2024,,,,,,,,20,15,1,131,8.7,,,,,
4685574,Conner Weigman,Texas A&M,SEC,2024,114,64,5,0.561,3,819,7.2,,,,,,28,18,0,101,3.6
4685578,Gunner Stockton,Georgia,SEC,2024,64,45,1,0.703,1,440,6.9,,,,,,21,9,0,-13,-0.6
4685594,Dakota Twitty,Virginia,ACC,2024,,,,,,,,12,10,1,78,7.8,,,,,
4685601,Armani Winfield,Colorado State,Mountain West,2024,,,,,,,,62,38,2,341,9.0,1,0,0,-9,-9.0
4685693,Devin Kargman,Kent State,Mid-American,2024,82,45,2,0.549,3,432,5.3,,,,,,11,12,0,-31,-2.8
4685694,Steven Angeli,Notre Dame,FBS Independents,2024,36,24,0,0.667,3,268,7.4,,,,,,9,29,0,9,1.0
4685695,Samuel Brown V,Rutgers,Big Ten,2024,,,,,,,,34,1,1,34,34.0,40,37,3,201,5.0
4685696,Beau Pribula,Penn State,Big Ten,2024,35,26,1,0.743,5,275,7.9,,,,,,38,49,4,242,6.4
4685697,Zion Turner,Jacksonville State,Conference USA,2024,1,0,0,0.000,0,0,0.0,,,,,,1,3,0,3,3.0
4685699,Damari Alston,Auburn,SEC,2024,,,,,,,,22,6,0,53,8.8,52,36,3,276,5.3
4685701,James Jointer,Liberty,Conference USA,2024,,,,,,,,,,,,,12,21,0,61,5.1
4685702,Quinshon Judkins,Ohio State,Big Ten,2024,,,,,,,,21,22,2,161,7.3,194,86,14,1060,5.5
4685704,Larry Simmons,Southern Miss,Sun Belt,2024,,,,,,,,75,27,1,421,15.6,2,0,0,-12,-6.0
4685706,Bennett Christian,Ohio State,Big Ten,2024,,,,,,,,55,2,1,61,30.5,,,,,
4685723,Roydell Williams,Florida State,ACC,2024,,,,,,,,15,5,0,46,9.2,26,10,2,53,2.0
4685736,Emery Jones,LSU,SEC,2024,,,,,,,,,,,,,0,17,0,17,0
4685739,Tre Bradford,Grambling,SWAC,2024,,,,,,,,2,3,0,0,0.0,20,20,0,78,3.9
4685740,Max Johnson,North Carolina,ACC,2024,19,12,1,0.632,0,71,3.7,,,,,,6,16,1,10,1.7
4685769,Justin Robinson,West Virginia,Big 12,2024,,,,,,,,50,16,3,244,15.3,,,,,
4685784,Tre Watson,Texas A&M,SEC,2024,,,,,,,,33,21,1,280,13.3,,,,,
4685795,Kendrell Williams,Louisiana,Sun Belt,2024,,,,,,,,,,,,,5,6,0,13,2.6
4685824,Johnathan Arceneaux,Fresno State,Mountain West,2024,,,,,,,,16,4,0,42,10.5,22,20,0,104,4.7
4685827,Jamal Johnson,Bowling Green,Mid-American,2024,,,,,,,,36,31,1,229,7.4,26,41,1,188,7.2
4685828,Stevie Rocker,Montana,Big Sky,2024,,,,,,,,34,7,0,90,12.9,28,23,2,126,4.5
4685829,Dre'Lyn Washington,Louisiana,Sun Belt,2024,,,,,,,,66,6,1,107,17.8,73,64,5,478,6.5
4685889,Malachi Taylor,The Citadel,Southern,2024,,,,,,,,36,8,0,101,12.6,,,,,
4685896,Martin Lucas,William & Mary,CAA,2024,,,,,,,,15,1,0,15,15.0,7,12,0,41,5.9
4686030,Christian Pedersen,Morehead State,Pioneer,2024,,,,,,,,21,9,1,91,10.1,,,,,
4686065,Devin Mockobee,Purdue,Big Ten,2024,,,,,,,,21,17,1,170,10.0,138,63,4,687,5.0
4686071,Cameron Oliver,UNLV,Mountain West,2024,,,,,,,,52,1,0,52,52.0,,,,,
4686093,E.J. Williams,Indiana,Big Ten,2024,,,,,,,,37,2,0,49,24.5,,,,,
4686095,Kobe Pace,Virginia,ACC,2024,,,,,,,,52,21,0,189,9.0,114,43,3,499,4.4
4686096,Hunter Helms,Rhode Island,CAA,2024,162,100,9,0.617,5,1160,7.2,,,,,,17,9,1,-3,-0.2
4686145,Bryce Childress,Western Kentucky,Conference USA,2024,,,,,,,,19,6,0,73,12.2,2,3,0,3,1.5
4686183,Malcolm Terry II,Columbia,Ivy,2024,,,,,,,,15,6,0,56,9.3,69,53,1,340,4.9
4686186,Drew Wilder,Eastern Illinois,Big South-OVC,2024,,,,,,,,0,0,0,1,0,,,,,
4686223,Malachi Thomas,Virginia Tech,ACC,2024,,,,,,,,9,4,0,25,6.3,43,20,1,165,3.8
4686248,Nate Boerkircher,Nebraska,Big Ten,2024,,,,,,,,25,6,0,102,17.0,,,,,
4686271,Robert Lewis,Auburn,SEC,2024,,,,,,,,18,16,0,155,9.7,,,,,
4686274,Jordan Lowe,Kent State,Mid-American,2024,,,,,,,,,,,,,15,13,0,43,2.9
4686284,Larry Stephens,Toledo,Mid-American,2024,,,,,,,,31,2,0,42,21.0,,,,,
4686328,Malik Bowen-Sims,Austin Peay,UAC,2024,,,,,,,,42,20,0,203,10.2,,,,,
4686357,Gamarion Carter,Middle Tennessee,Conference USA,2024,,,,,,,,27,12,0,123,10.3,,,,,
4686359,Shaun Grayson,Lamar,Southland,2024,,,,,,,,9,4,0,20,5.0,,,,,
4686373,Jordan Brown,Texas Tech,Big 12,2024,,,,,,,,42,12,0,149,12.4,,,,,
4686377,Amauri Pesek-Hickson,Northern Iowa,MVFC,2024,,,,,,,,21,20,1,159,8.0,95,21,4,456,4.8
4686382,Jared Casey,Kansas,Big 12,2024,,,,,,,,32,18,2,203,11.3,1,1,0,1,1.0
4686438,Stevo Klotz,Iowa State,Big 12,2024,,,,,,,,28,8,1,89,11.1,2,22,0,22,11.0
4686458,Chris Ndushabandi,Upper Iowa University,Great Lakes,2024,,,,,,,,6,1,0,6,6.0,,,,,
4686468,Seth McGowan,New Mexico State,Conference USA,2024,,,,,,,,43,23,3,277,12.0,153,38,3,813,5.3
4686469,Mikey Henderson,Tarleton State,UAC,2024,,,,,,,,22,13,1,108,8.3,,,,,
4686513,Frank Peasant,Middle Tennessee,Conference USA,2024,,,,,,,,7,2,0,3,1.5,10,30,2,49,4.9
4686514,Bryce Bailey,UT Martin,Big South-OVC,2024,,,,,,,,6,1,0,6,6.0,,,,,
4686555,Noah Robinson,Robert Morris,NEC,2024,,,,,,,,75,56,5,776,13.9,2,0,0,-5,-2.5
4686606,Isaiah Johnson,Abilene Christian,UAC,2024,,,,,,,,27,17,0,135,7.9,116,60,11,578,5.0
4686612,Tre Harris,Ole Miss,SEC,2024,,,,,,,,70,61,7,1063,17.4,,,,,
4686658,Michael Washington,New Mexico State,Conference USA,2024,1,0,0,0.000,0,0,0.0,25,9,1,74,8.2,158,47,8,713,4.5
4686728,Gunnar Helm,Texas,SEC,2024,,,,,,,,49,60,7,786,13.1,,,,,
4686767,Chris Carpenter,UTSA,American Athletic,2024,,,,,,,,69,39,1,479,12.3,4,14,0,22,5.5
4686769,Ashaad Clayton,Tulane,American Athletic,2024,,,,,,,,10,8,0,57,7.1,34,28,1,227,6.7
4686771,Caleb Fauria,Delaware,CAA,2024,,,,,,,,36,12,1,134,11.2,,,,,
4686775,Montana Lemonious-Craig,Arizona,Big 12,2024,,,,,,,,20,17,1,172,10.1,1,5,0,5,5.0
4686788,CJ Harris,California,ACC,2024,31,19,1,0.613,0,184,5.9,,,,,,18,13,0,49,2.7
4686812,Keion Battle,Western Illinois,Big South-OVC,2024,,,,,,,,8,2,0,14,7.0,,,,,
4686817,Drew Cassens,Butler,Pioneer,2024,,,,,,,,30,10,0,126,12.6,,,,,
4686820,Billy Dozier,Butler,Pioneer,2024,,,,,,,,11,11,0,51,4.6,48,63,4,241,5.0
4686940,Donny Marcus,Central Connecticut,NEC,2024,,,,,,,,30,6,2,75,12.5,72,23,1,253,3.5
4686997,Connor Weselman,Stanford,ACC,2024,1,0,0,0.000,0,0,0.0,,,,,,,,,,
4686999,James Burns,Prairie View A&M,SWAC,2024,,,,,,,,80,30,3,473,15.8,2,76,1,78,39.0
4687009,Deston Hawkins,Nevada,Mountain West,2024,,,,,,,,9,7,0,33,4.7,6,22,0,32,5.3
4687017,Jackson Canaan,San José State,Mountain West,2024,,,,,,,,58,28,2,314,11.2,,,,,
4687093,Tsion Nunnally,Idaho State,Big Sky,2024,,,,,,,,19,23,2,166,7.2,,,,,
4687187,Marquis Crosby,Louisiana Tech,Conference USA,2024,1,1,0,1.000,1,19,19.0,4,2,0,5,2.5,57,31,1,224,3.9
4687189,Josh Meredith,Washington State,Pac-12,2024,,,,,,,,39,39,2,477,12.2,,,,,
4687373,Jordan Bly,Gardner-Webb,Big South-OVC,2024,,,,,,,,42,32,3,333,10.4,3,11,0,18,6.0
4687397,Richard Mays Jr.,Jackson State,SWAC,2024,,,,,,,,5,1,0,5,5.0,,,,,
4687413,Antario Brown,Northern Illinois,Mid-American,2024,,,,,,,,83,8,1,204,25.5,115,49,4,567,4.9
4687463,Hinckley Ropati,BYU,Big 12,2024,1,0,1,0.000,0,0,0.0,30,5,1,76,15.2,68,26,1,360,5.3
4687475,Cam Porter,Northwestern,Big Ten,2024,,,,,,,,28,23,0,174,7.6,126,44,6,501,4.0
4687476,Jake Arthurs,Northwestern,Big Ten,2024,,,,,,,,4,2,0,6,3.0,2,9,1,10,5.0
4687486,Matt Lauter,Boise State,Mountain West,2024,,,,,,,,53,48,7,629,13.1,,,,,
4687493,Brandon Thomas,Memphis,American Athletic,2024,,,,,,,,12,6,0,30,5.0,57,57,9,335,5.9
4687499,Austin McCready,Alabama A&M,SWAC,2024,2,2,0,1.000,0,48,24.0,,,,,,,,,,
4687501,Rodney Newsom,Western Kentucky,Conference USA,2024,,,,,,,,,,,,,0,6,0,6,0
4687507,Kobe Drake,Memphis,American Athletic,2024,,,,,,,,29,39,1,484,12.4,,,,,
4687509,Caden Prieskorn,Ole Miss,SEC,2024,,,,,,,,46,27,3,401,14.9,,,,,
4687515,EJ Wilson Jr.,Temple,American Athletic,2024,,,,,,,,13,4,0,19,4.8,16,12,0,59,3.7
4687555,Isaiah Garcia-Castaneda,Nebraska,Big Ten,2024,,,,,,,,10,1,0,10,10.0,,,,,
4687674,Dax Courtney,Central Arkansas,UAC,2024,,,,,,,,12,1,1,12,12.0,,,,,
4687700,Malachi Holt-Bennett,UAB,American Athletic,2024,,,,,,,,71,16,1,241,15.1,,,,,
4688216,Chevy Brenson,Tennessee State,Big South-OVC,2024,,,,,,,,83,70,5,963,13.8,,,,,
4688380,Cameron Ward,Miami,ACC,2024,454,305,7,0.672,39,4313,9.5,7,1,1,7,7.0,60,24,4,204,3.4
4688387,Myles Kitt-Denton,Northwestern State,Southland,2024,,,,,,,,75,26,5,453,17.4,,,,,
4688413,Giancarlo Woods,Cal Poly,Big Sky,2024,,,,,,,,55,44,3,605,13.8,3,4,0,2,0.7
4688418,Michael Briscoe,Cal Poly,Big Sky,2024,2,1,0,0.500,1,22,11.0,95,23,4,510,22.2,6,50,1,86,14.3
4688443,Kahliq Paulette,Stephen F. Austin,Southland,2024,,,,,,,,18,1,1,18,18.0,,,,,
4688541,Kyion Grayes,California,ACC,2024,,,,,,,,16,2,0,22,11.0,,,,,
4688552,Keleki Latu,Washington,Big Ten,2024,,,,,,,,36,40,1,371,9.3,,,,,
4688595,Kevorian Barnes,UTSA,American Athletic,2024,,,,,,,,35,7,0,61,8.7,78,17,2,221,2.8
4688717,Draylen Ellis,Tennessee State,Big South-OVC,2024,408,253,8,0.620,21,2996,7.3,,,,,,74,42,3,89,1.2
4688723,CJ Evans Jr.,Tennessee State,Big South-OVC,2024,,,,,,,,74,23,3,302,13.1,72,38,2,289,4.0
4688731,Brandon Lanier,Western Illinois,Big South-OVC,2024,,,,,,,,16,28,1,219,7.8,,,,,
4688757,Tyson Thompson,Rice,American Athletic,2024,,,,,,,,6,3,0,11,3.7,,,,,
4688817,Elijah Green,Indiana,Big Ten,2024,,,,,,,,,,,,,29,51,5,201,6.9
4688818,D.J. Jones,Wyoming,Mountain West,2024,,,,,,,,11,4,0,24,6.0,57,17,0,162,2.8
4688835,Roman Hemby,Maryland,Big Ten,2024,,,,,,,,32,40,1,273,6.8,134,75,6,607,4.5
4688839,Bryson Moss,Jackson State,SWAC,2024,,,,,,,,,,,,,3,4,0,10,3.3
4689090,Brandon Frazier,Auburn,SEC,2024,,,,,,,,16,1,0,16,16.0,,,,,
4689114,Jaxson Dart,Ole Miss,SEC,2024,398,276,6,0.693,29,4279,10.8,,,,,,124,35,3,495,4.0
4689118,Jay Rockwell,Sam Houston,Conference USA,2024,,,,,,,,18,6,0,50,8.3,,,,,
4689194,Jack Reynolds,Charlotte,American Athletic,2024,,,,,,,,6,1,0,6,6.0,,,,,
4689266,Drew Donley,Texas State,Sun Belt,2024,,,,,,,,60,1,1,60,60.0,1,5,0,5,5.0
4689366,John Cannon,South Florida,American Athletic,2024,,,,,,,,,,,,,1,17,0,17,17.0
4689529,Kenji Christian,North Carolina A&T,CAA,2024,,,,,,,,,,,,,29,53,1,256,8.8
4689553,Carter Campbell,SMU,ACC,2024,,,,,,,,10,2,0,10,5.0,1,6,0,6,6.0
4689585,Trexler Ivey,Charlotte,American Athletic,2024,59,34,2,0.576,3,326,5.5,,,,,,4,10,0,3,0.8
4689590,Bryce Kennon,Charlotte,American Athletic,2024,,,,,,,,42,17,1,173,10.2,,,,,
4689591,Chris Houston,Chattanooga,Southern,2024,,,,,,,,,,,,,1,8,0,8,8.0
4689602,Sean Brown,Towson,CAA,2024,262,165,8,0.630,11,1974,7.5,,,,,,46,12,1,-33,-0.7
4689652,Harrison Barker,UAB,American Athletic,2024,3,3,0,1.000,1,49,16.3,,,,,,5,13,0,33,6.6
4689654,Justin Jones,Auburn,SEC,2024,,,,,,,,,,,,,1,24,0,24,24.0
4689656,Reese Burkhardt,Texas Tech,Big 12,2024,,,,,,,,,,,,,1,4,1,4,4.0
4689721,Ty Robinson,Ball State,Mid-American,2024,,,,,,,,21,5,1,69,13.8,,,,,
4689825,Tyrell Robinson,Army,American Athletic,2024,1,0,0,0.000,0,0,0.0,41,4,1,50,12.5,19,23,0,89,4.7
4689855,Isaiah Alston,Iowa State,Big 12,2024,,,,,,,,39,2,0,52,26.0,,,,,
4690006,Jimmy Haywood,Alabama State,SWAC,2024,,,,,,,,4,1,1,4,4.0,,,,,
4690038,Anthony Frederique,Bethune-Cookman,SWAC,2024,,,,,,,,,,,,,1,18,0,18,18.0
4690117,Ja'Cyais Credle,Georgia State,Sun Belt,2024,,,,,,,,21,9,0,113,12.6,,,,,
4690120,Johnny Richardson,UCF,Big 12,2024,,,,,,,,22,13,1,91,7.0,25,12,0,119,4.8
4690127,Tony Forrest,Grambling,SWAC,2024,,,,,,,,0,1,0,-1,-1.0,,,,,
4690143,LaJohntay Wester,Colorado,Big 12,2024,,,,,,,,69,74,10,931,12.6,1,0,0,0,0.0
4690157,Yasias Young,South Florida,American Athletic,2024,,,,,,,,,,,,,16,9,0,56,3.5
4690158,Noah Kim,Coastal Carolina,Sun Belt,2024,56,30,1,0.536,4,333,5.9,,,,,,13,7,0,0,0.0
4690160,Zach Gillespie,Michigan State,Big Ten,2024,,,,,,,,13,2,0,16,8.0,,,,,
4690163,Joseph Martinez,Michigan State,Big Ten,2024,,,,,,,,,,,,,1,1,0,1,1.0
4690170,Damarcus Thomas,South Alabama,Sun Belt,2024,,,,,,,,31,22,3,191,8.7,,,,,
4690196,Michael Hetzel,App State,Sun Belt,2024,,,,,,,,27,5,0,67,13.4,,,,,
4690298,Jake Thaw,Delaware,CAA,2024,1,1,0,1.000,0,15,15.0,29,41,5,334,8.1,2,5,0,6,3.0
4690351,Kerry King,East Carolina,American Athletic,2024,,,,,,,,20,1,0,20,20.0,,,,,
4690461,Robert Williams,Louisiana,Sun Belt,2024,,,,,,,,47,26,1,290,11.2,,,,,
4690801,Christian Gelov,Purdue,Big Ten,2024,3,1,0,0.333,0,26,8.7,,,,,,1,12,0,12,12.0
4690811,Savion Red,Nevada,Mountain West,2024,,,,,,,,20,16,0,74,4.6,119,69,8,687,5.8
4690909,Ty Bowman,Kansas State,Big 12,2024,,,,,,,,19,6,0,63,10.5,1,6,0,6,6.0
4690933,Rhett Guidry,Louisiana,Sun Belt,2024,,,,,,,,16,1,0,16,16.0,,,,,
4690972,Ja'Quinden Jackson,Arkansas,SEC,2024,,,,,,,,26,13,0,139,10.7,149,46,15,790,5.3
4690977,Donovan Smith,Houston,Big 12,2024,133,87,8,0.654,4,867,6.5,,,,,,66,37,3,159,2.4
4690984,Jayden York,Houston,Big 12,2024,,,,,,,,15,5,0,31,6.2,,,,,
4691003,Preston Fox,West Virginia,Big 12,2024,,,,,,,,30,12,0,131,10.9,1,0,0,0,0.0
4691004,Danny King,Southern Utah,UAC,2024,,,,,,,,,,,,,0,0,0,-2,0
4691055,Elliott Nimrod,Utah State,Mountain West,2024,,,,,,,,,,,,,1,10,0,10,10.0
4691101,Lavar Lindo,Stephen F. Austin,Southland,2024,,,,,,,,32,5,1,62,12.4,,,,,
4691102,Ty Love,Stephen F. Austin,Southland,2024,,,,,,,,8,3,0,20,6.7,,,,,
4691138,Aaron Anderson,LSU,SEC,2024,,,,,,,,76,61,5,875,14.3,,,,,
4691272,Stone Earle,Marshall,Sun Belt,2024,120,65,2,0.542,7,673,5.6,,,,,,57,16,0,207,3.6
4691284,Darius Lewis,SE Louisiana,Southland,2024,,,,,,,,40,82,5,806,9.8,4,11,0,26,6.5
4691315,Umari Hatcher,Syracuse,ACC,2024,,,,,,,,67,17,3,273,16.1,,,,,
4691547,Preston Daniel,Miami (OH),Mid-American,2024,,,,,,,,7,2,0,12,6.0,,,,,
4691688,Robbie Ouzts,Alabama,SEC,2024,,,,,,,,44,8,2,108,13.5,,,,,
4691714,Reggie Harden,Arkansas State,Sun Belt,2024,,,,,,,,24,3,2,52,17.3,,,,,
4691720,Parker Self,East Tennessee State,Southern,2024,,,,,,,,22,1,0,22,22.0,,,,,
4691745,Graeson Underwood,The Citadel,Southern,2024,,,,,,,,9,1,0,9,9.0,,,,,
4691752,Saul Diaz,The Citadel,Southern,2024,,,,,,,,24,5,1,44,8.8,,,,,
4691838,Lamagea McDowell,Prairie View A&M,SWAC,2024,,,,,,,,8,5,0,21,4.2,106,29,6,439,4.1
4691861,Brandon Fitez,Campbell,CAA,2024,,,,,,,,23,16,0,183,11.4,1,5,0,5,5.0
4691889,Gregory DeRosiers,Memphis,American Athletic,2024,,,,,,,,25,21,4,175,8.3,31,46,3,228,7.4
4691894,Kade Neely,Murray State,MVFC,2024,,,,,,,,62,11,3,194,17.6,,,,,
4692047,Sam Johnson,Valparaiso,Pioneer,2024,1,1,0,1.000,0,25,25.0,,,,,,,,,,
4692052,Carter Peevy,Maine,CAA,2024,321,214,5,0.667,18,2417,7.5,,,,,,86,40,1,68,0.8
4692058,Al Wooten II,Duke,ACC,2024,,,,,,,,,,,,,2,1,0,1,0.5
4692530,Chandler Morris,North Texas,American Athletic,2024,509,322,12,0.633,31,3774,7.4,,,,,,60,49,4,242,4.0
4692538,Jalin Conyers,Texas Tech,Big 12,2024,1,1,0,1.000,1,20,20.0,36,25,5,271,10.8,5,13,1,28,5.6
4692550,Trevon West,Tarleton State,UAC,2024,,,,,,,,14,4,0,41,10.3,,,,,
4692628,Doneiko Slaughter,Arkansas,SEC,2024,,,,,,,,,,,,,1,4,0,4,4.0
4692654,DVontae Key,Missouri State,MVFC,2024,,,,,,,,62,25,3,406,16.2,2,14,0,21,10.5
4692796,Nick DeGennaro,Richmond,CAA,2024,,,,,,,,60,40,4,576,14.4,2,0,0,-16,-8.0
4692826,Payton Mangrum,South Carolina,SEC,2024,,,,,,,,16,3,0,27,9.0,,,,,
4692830,Bradley Dunn,South Carolina,SEC,2024,,,,,,,,13,1,0,13,13.0,8,12,1,52,6.5
4692846,Cale Cabbiness,Oklahoma State,Big 12,2024,,,,,,,,7,2,0,14,7.0,,,,,
4692914,Josh Guilford,William & Mary,CAA,2024,,,,,,,,10,2,0,14,7.0,,,,,
4692938,Calvin Jones,Western Carolina,Southern,2024,,,,,,,,49,21,0,246,11.7,,,,,
4692968,Travon Jones,Northwestern State,Southland,2024,,,,,,,,16,3,0,26,8.7,,,,,
4692972,Jamoi Mayes,Cincinnati,Big 12,2024,,,,,,,,52,29,1,349,12.0,,,,,
4693184,Andrew Sowinski,Purdue,Big Ten,2024,,,,,,,,12,5,0,38,7.6,,,,,
4693187,Ben Furtney,Purdue,Big Ten,2024,,,,,,,,,,,,,1,0,0,-5,-5.0
4693208,Patrick Gurd,Ohio State,Big Ten,2024,,,,,,,,6,1,0,6,6.0,,,,,
4693219,Ron Wiggins,Jacksonville State,Conference USA,2024,,,,,,,,5,1,0,5,5.0,6,15,0,29,4.8
4693236,Jacob Jenkins,Liberty,Conference USA,2024,,,,,,,,33,10,2,99,9.9,,,,,
4693330,TK Marshall,North Dakota State,MVFC,2024,,,,,,,,48,12,1,197,16.4,47,19,1,168,3.6
4693331,Cam Miller,North Dakota State,MVFC,2024,351,258,4,0.735,33,3252,9.3,,,,,,145,64,12,631,4.4
4693333,RaJa Nelson,North Dakota State,MVFC,2024,1,0,0,0.000,0,0,0.0,33,26,3,273,10.5,3,2,0,-5,-1.7
4693340,Kaedin Steindorf,North Dakota State,MVFC,2024,,,,,,,,,,,,,1,0,0,-2,-2.0
4693341,Joe Stoffel,North Dakota State,MVFC,2024,,,,,,,,37,28,5,316,11.3,,,,,
4693342,Tyler Terhark,North Dakota State,MVFC,2024,,,,,,,,49,11,0,115,10.5,,,,,
4693370,Riley Nowakowski,Wisconsin,Big Ten,2024,,,,,,,,15,11,0,74,6.7,,,,,
4693603,Kobe Warden,North Alabama,UAC,2024,,,,,,,,56,39,3,462,11.8,9,23,0,38,4.2
4693615,Charlie Spegal,Ball State,Mid-American,2024,,,,,,,,,,,,,12,18,0,39,3.3
4693740,Kahleil Jackson,Florida,SEC,2024,,,,,,,,13,1,0,13,13.0,,,,,
4693798,Koali Nishigaya,Hawai'i,Mountain West,2024,,,,,,,,14,4,0,33,8.3,,,,,
4693817,Micah Davis,Ole Miss,SEC,2024,,,,,,,,26,5,0,57,11.4,19,9,0,45,2.4
4693861,Myles Crawley,Grambling,SWAC,2024,208,116,7,0.558,9,1312,6.3,,,,,,27,13,0,-57,-2.1
4693862,Dylan Creech,Alabama State,SWAC,2024,,,,,,,,21,3,1,40,13.3,,,,,
4693881,Kisean Johnson,Western Kentucky,Conference USA,2024,,,,,,,,51,75,7,925,12.3,3,8,0,14,4.7
4693884,E'Shawn Mayes,West Georgia,UAC,2024,,,,,,,,14,1,0,14,14.0,,,,,
4693901,Roy Alexander,Incarnate Word,Southland,2024,4,4,0,1.000,0,47,11.8,56,98,13,1093,11.2,5,13,2,47,9.4
4693925,Jackson Parker,UAlbany,CAA,2024,,,,,,,,38,15,1,235,15.7,,,,,
4694023,Nate Lussier,Brown,Ivy,2024,1,0,0,0.000,0,0,0.0,,,,,,4,2,1,2,0.5
4694024,Mark Mahoney,Brown,Ivy,2024,,,,,,,,45,40,5,443,11.1,,,,,
4694035,Graham Walker,Rice,American Athletic,2024,,,,,,,,33,24,0,252,10.5,,,,,
4694043,Ryan Clark,Bryant,CAA,2024,2,1,0,0.500,0,13,6.5,10,6,0,23,3.8,26,15,1,65,2.5
4694066,Landon Ruggieri,Bryant,CAA,2024,,,,,,,,55,62,13,881,14.2,,,,,
4694069,Marc Taglieri Jr.,Bryant,CAA,2024,,,,,,,,37,20,2,230,11.5,,,,,
4694074,Coleman Bennett,Rice,American Athletic,2024,,,,,,,,,,,,,2,22,1,28,14.0
4694078,Danny Meuser,Bucknell,Patriot,2024,,,,,,,,5,1,0,5,5.0,13,11,0,43,3.3
4694092,Christian Tait,Wagner,NEC,2024,,,,,,,,26,5,2,82,16.4,1,0,0,-2,-2.0
4694093,Damian Harris,William & Mary,CAA,2024,,,,,,,,30,8,0,101,12.6,,,,,
4694102,Ruben Anderson,William & Mary,CAA,2024,1,1,0,1.000,0,5,5.0,,,,,,,,,,
4694113,Joey Suchy,Butler,Pioneer,2024,,,,,,,,23,14,0,83,5.9,57,46,5,328,5.8
4694139,Luka Popovic,Butler,Pioneer,2024,,,,,,,,8,2,0,14,7.0,,,,,
4694149,Walker Eget,San José State,Mountain West,2024,328,188,10,0.573,13,2504,7.6,,,,,,29,32,0,99,3.4
4694209,Kale Anderson,Kentucky State,SIAC,2024,,,,,,,,40,6,0,74,12.3,,,,,
4694246,William Parker,Colgate,Patriot,2024,,,,,,,,13,11,1,73,6.6,,,,,
4694261,Marcus Libman,Columbia,Ivy,2024,,,,,,,,37,24,2,309,12.9,,,,,
4694263,Joey Giorgi,Columbia,Ivy,2024,,,,,,,,13,8,0,49,6.1,146,40,2,838,5.7
4694288,James Miller,Columbia,Ivy,2024,,,,,,,,9,1,0,9,9.0,,,,,
4694302,Marcus Yarns,Delaware,CAA,2024,,,,,,,,86,17,5,297,17.5,133,69,6,844,6.3
4694308,Tyler Pastula,San Diego State,Mountain West,2024,3,3,0,1.000,0,17,5.7,,,,,,,,,,
4694355,Brandon Serrano,Youngstown State,MVFC,2024,,,,,,,,15,8,1,41,5.1,,,,,
4694361,Bryce Corriston,Wofford,Southern,2024,28,13,1,0.464,1,138,4.9,,,,,,26,11,1,43,1.7
4694389,Luke Duby,Black Hills State,Rocky Mountain,2024,36,17,2,0.472,2,160,4.4,,,,,,5,2,0,-20,-4.0
4694404,Nicholas Laboy,Delaware,CAA,2024,,,,,,,,34,15,1,164,10.9,,,,,
4694411,Matt Robbert,Richmond,CAA,2024,,,,,,,,27,24,1,252,10.5,,,,,
4694462,Isaac Boston,Central Connecticut,NEC,2024,,,,,,,,31,21,5,243,11.6,,,,,
4694468,Jace Henry,Nevada,Mountain West,2024,,,,,,,,17,7,2,49,7.0,,,,,
4694470,Cam Maddox,North Carolina A&T,CAA,2024,,,,,,,,16,1,0,16,16.0,,,,,
4694481,Paxton Scott,Dartmouth,Ivy,2024,,,,,,,,44,31,2,397,12.8,,,,,
4694487,DreSean Kendrick,William & Mary,CAA,2024,,,,,,,,62,16,2,223,13.9,1,0,0,-3,-3.0
4694488,JT Mayo,William & Mary,CAA,2024,,,,,,,,31,14,1,179,12.8,,,,,
4694492,Malachi Imoh,William & Mary,CAA,2024,1,1,0,1.000,0,7,7.0,41,22,1,248,11.3,111,62,9,686,6.2
4694494,Ry Yates,Yale,Ivy,2024,,,,,,,,24,4,1,57,14.3,,,,,
4694508,Tyler Rose,Marist,Pioneer,2024,,,,,,,,14,6,0,52,8.7,,,,,
4694530,Luke Brenner,Dayton,Pioneer,2024,,,,,,,,69,24,4,305,12.7,1,6,0,6,6.0
4694535,Jake Coleman,Dayton,Pioneer,2024,,,,,,,,35,38,5,514,13.5,,,,,
4694540,Cade Beam,Dayton,Pioneer,2024,,,,,,,,7,1,0,7,7.0,7,6,2,12,1.7
4694555,Alec Keathley,Dayton,Pioneer,2024,,,,,,,,26,22,1,204,9.3,,,,,
4694576,Kobe Tracy,Idaho State,Big Sky,2024,429,258,10,0.601,24,3011,7.0,,,,,,48,12,2,77,1.6
4694583,Quali Conley,Arizona,Big 12,2024,,,,,,,,16,39,1,245,6.3,150,58,8,745,5.0
4694589,Damani Wilks,Utah Tech,UAC,2024,,,,,,,,21,3,0,33,11.0,,,,,
4694674,Ludovick Choquette,Long Island University,NEC,2024,,,,,,,,28,13,2,61,4.7,94,44,2,511,5.4
4694701,Rashad Raymond,UT Martin,Big South-OVC,2024,,,,,,,,3,2,0,6,3.0,24,6,2,47,2.0
4694703,Julio DaSilva,VMI,Southern,2024,,,,,,,,20,18,0,161,8.9,,,,,
4694728,Chance Knox,Stony Brook,CAA,2024,,,,,,,,5,9,0,18,2.0,1,0,0,-2,-2.0
4694740,Brendan Bell,Villanova,CAA,2024,,,,,,,,0,1,0,0,0.0,2,6,2,10,5.0
4694744,Timmy Furgeson,Villanova,CAA,2024,,,,,,,,3,1,0,3,3.0,,,,,
4694803,Braden Contreras,Illinois State,MVFC,2024,,,,,,,,20,3,1,41,13.7,,,,,
4694806,Jake Vickers,Valparaiso,Pioneer,2024,,,,,,,,16,5,0,44,8.8,,,,,
4694854,Tim Nesslage,Drake,Pioneer,2024,,,,,,,,9,7,0,39,5.6,,,,,
4694856,Luke Bailey,Drake,Pioneer,2024,386,255,9,0.661,16,2635,6.8,4,1,0,-7,-7.0,34,17,0,-24,-0.7
4694857,Hunter Johnson,Drake,Pioneer,2024,,,,,,,,32,9,1,125,13.9,1,4,0,4,4.0
4694862,Jun Ahn,Drake,Pioneer,2024,,,,,,,,17,1,0,17,17.0,14,6,1,38,2.7
4694869,Sam Rodriguez,Drake,Pioneer,2024,,,,,,,,43,7,0,105,15.0,,,,,
4694871,Brandon Langdok,Drake,Pioneer,2024,,,,,,,,14,3,1,25,8.3,,,,,
4694872,Jacob McCauley,Drake,Pioneer,2024,,,,,,,,6,1,0,6,6.0,,,,,
4694875,Eli Stewart,Drake,Pioneer,2024,,,,,,,,8,1,0,8,8.0,,,,,
4694876,Bennet Krebs,Drake,Pioneer,2024,,,,,,,,0,0,0,2,0,,,,,
4694889,Tyler Radocha,Drake,Pioneer,2024,,,,,,,,,,,,,1,3,0,3,3.0
4694890,Trey Radocha,Drake,Pioneer,2024,,,,,,,,63,50,4,577,11.5,1,0,0,0,0.0
4694912,Abdul Janneh,Georgia Tech,ACC,2024,,,,,,,,60,7,0,109,15.6,,,,,
4694924,Joey Isabella,Duquesne,NEC,2024,,,,,,,,85,43,11,782,18.2,2,13,0,14,7.0
4694938,Ty'shaun Granger,Norfolk State,MEAC,2024,,,,,,,,10,1,0,10,10.0,,,,,
4694939,Nathan Kent,Towson,CAA,2024,,,,,,,,,,,,,1,2,1,2,2.0
4694946,Devin Matthews,Towson,CAA,2024,,,,,,,,20,21,1,142,6.8,132,75,5,896,6.8
4694948,Dion Crews-Harris,Towson,CAA,2024,,,,,,,,,,,,,1,21,0,21,21.0
4694967,Oshae Baker,UT Martin,Big South-OVC,2024,,,,,,,,3,2,0,5,2.5,,,,,
4695005,Ashton Maples,Tennessee Tech,Big South-OVC,2024,,,,,,,,33,11,3,114,10.4,,,,,
4695009,Ethan Roberts,Tennessee Tech,Big South-OVC,2024,,,,,,,,,,,,,2,6,0,10,5.0
4695032,Hunter Barnhart,Tennessee Tech,Big South-OVC,2024,,,,,,,,22,6,1,65,10.8,,,,,
4695044,Zaire Thornton,Chattanooga,Southern,2024,,,,,,,,12,2,0,18,9.0,,,,,
4695047,Jalen Rouse,Tennessee State,Big South-OVC,2024,,,,,,,,14,6,0,42,7.0,15,20,2,68,4.5
4695076,Bryson Irby,East Tennessee State,Southern,2024,,,,,,,,20,9,0,45,5.0,145,61,6,763,5.3
4695080,Trey Foster,East Tennessee State,Southern,2024,,,,,,,,26,2,0,27,13.5,22,52,1,114,5.2
4695119,Kendi Young,Eastern Illinois,Big South-OVC,2024,,,,,,,,5,1,0,5,5.0,8,6,0,16,2.0
4695121,Harrison Bey-Buie,Northern Iowa,MVFC,2024,,,,,,,,,,,,,17,10,0,74,4.4
4695125,Cooper Willman,Eastern Illinois,Big South-OVC,2024,,,,,,,,80,66,8,955,14.5,3,9,0,11,3.7
4695149,DeAirious Smith,Eastern Illinois,Big South-OVC,2024,,,,,,,,47,6,0,110,18.3,,,,,
4695176,Justice Jackson,Idaho State,Big Sky,2024,,,,,,,,9,5,0,13,2.6,31,13,1,160,5.2
4695179,Brandon Montoya,Eastern Washington,Big Sky,2024,,,,,,,,,,,,,2,10,1,17,8.5
4695192,Nolan Ulm,Eastern Washington,Big Sky,2024,,,,,,,,25,7,1,56,8.0,,,,,
4695193,Efton Chism III,Eastern Washington,Big Sky,2024,2,0,0,0.000,0,0,0.0,67,119,13,1300,10.9,,,,,
4695195,Jett Carpenter,Eastern Washington,Big Sky,2024,,,,,,,,16,8,1,60,7.5,,,,,
4695223,Chase Curtis,TCU,Big 12,2024,,,,,,,,33,7,1,77,11.0,1,3,0,3,3.0
4695231,Oscar Chapman,Auburn,SEC,2024,,,,,,,,,,,,,1,6,0,6,6.0
4695267,Bailor Hughes,Furman,Southern,2024,,,,,,,,14,4,0,22,5.5,27,18,0,105,3.9
4695287,Jonathan Bennett,Samford,Southern,2024,,,,,,,,,,,,,1,5,0,5,5.0
4695294,Charlie Skehan,Kent State,Mid-American,2024,,,,,,,,18,1,0,18,18.0,,,,,
4695298,Tedy Afful,Duquesne,NEC,2024,,,,,,,,61,45,6,568,12.6,1,5,0,5,5.0
4695303,Roland Dempster,Stony Brook,CAA,2024,,,,,,,,40,32,1,335,10.5,268,54,18,1332,5.0
4695304,Jayden Cook,Stony Brook,CAA,2024,,,,,,,,33,7,1,68,9.7,4,4,0,4,1.0
4695318,Cole Bunicci,Stony Brook,CAA,2024,,,,,,,,63,14,2,259,18.5,,,,,
4695342,Jathen Jones,Southern Illinois,MVFC,2024,,,,,,,,55,5,1,132,26.4,,,,,
4695386,Steven Lewis,Southeast Missouri State,Big South-OVC,2024,,,,,,,,,,,,,1,27,0,27,27.0
4695400,Mark Gronowski,South Dakota State,MVFC,2024,338,206,7,0.609,23,2721,8.1,21,2,0,24,12.0,98,20,10,380,3.9
4695420,Nate Sullivan Jr.,UL Monroe,Sun Belt,2024,,,,,,,,28,14,0,133,9.5,,,,,
4695421,A.J. Coons,South Dakota,MVFC,2024,,,,,,,,37,5,1,121,24.2,,,,,
4695448,DJ Moyer,Robert Morris,NEC,2024,,,,,,,,8,10,0,30,3.0,74,15,5,332,4.5
4695462,Julian Bumper,Elon,CAA,2024,,,,,,,,16,3,0,27,9.0,15,10,1,55,3.7
4695497,Cole Wright,UC Davis,Big Sky,2024,,,,,,,,9,1,0,9,9.0,,,,,
4695580,Malcolm Johnson Jr.,Bowling Green,Mid-American,2024,,,,,,,,50,49,3,573,11.7,1,0,0,-4,-4.0
4695600,Bryson Barnes,Utah State,Mountain West,2024,126,77,6,0.611,12,856,6.8,,,,,,68,63,5,530,7.8
4695616,Isaiah Chavez,New Mexico,Mountain West,2024,,,,,,,,,,,,,1,1,0,1,1.0
4695649,Jackson Manning,Kennesaw State,Conference USA,2024,,,,,,,,6,1,0,6,6.0,,,,,
4695703,Kellan Wyatt,Maryland,Big Ten,2024,,,,,,,,,,,,,1,0,0,-1,-1.0
4695705,Marlin Klein,Michigan,Big Ten,2024,,,,,,,,33,13,0,108,8.3,,,,,
4695707,Juju Lewis,Florida International,Conference USA,2024,,,,,,,,42,5,2,93,18.6,,,,,
4695709,Devin Brown,Ohio State,Big Ten,2024,20,11,0,0.550,1,114,5.7,,,,,,7,10,0,13,1.9
4695738,Kaedyn Odermann,Harvard,Ivy,2024,,,,,,,,30,19,1,213,11.2,,,,,
4695765,Tyler Neville,Virginia,ACC,2024,,,,,,,,39,37,2,394,10.6,,,,,
4695786,Michael Mansaray,Valparaiso,Pioneer,2024,1,0,0,0.000,0,0,0.0,61,15,0,114,7.6,138,58,9,622,4.5
4695787,Shomari Lawrence,Florida International,Conference USA,2024,,,,,,,,1,1,0,1,1.0,47,15,1,177,3.8
4695800,JJ Galbreath,South Dakota,MVFC,2024,,,,,,,,80,32,4,469,14.7,,,,,
4695806,Zach Witte,South Dakota,MVFC,2024,,,,,,,,9,2,0,12,6.0,,,,,
4695844,Wesley Carlock,Samford,Southern,2024,1,0,0,0.000,0,0,0.0,23,13,1,108,8.3,,,,,
4695866,Cole Thornton,Fordham,Patriot,2024,,,,,,,,59,34,3,436,12.8,,,,,
4695867,Grant Wilson,Old Dominion,Sun Belt,2024,86,48,3,0.558,4,507,5.9,,,,,,28,36,1,47,1.7
4695868,Mekai Felton,Fordham,Patriot,2024,,,,,,,,52,22,1,329,15.0,,,,,
4695889,Quinton Gregory,Holy Cross,Patriot,2024,,,,,,,,16,5,0,44,8.8,3,7,0,10,3.3
4695902,Byron Shipman,Holy Cross,Patriot,2024,,,,,,,,26,14,1,163,11.6,,,,,
4695904,Matthew Sluka,UNLV,Mountain West,2024,48,21,1,0.438,6,318,6.6,,,,,,39,46,1,253,6.5
4695910,Xavier Guillory,Arizona State,Big 12,2024,,,,,,,,61,22,5,339,15.4,,,,,
4695914,Hunter Hays,Idaho State,Big Sky,2024,51,35,2,0.686,7,344,6.7,,,,,,58,13,6,219,3.8
4696001,Tyce Ferrell,Ball State,Mid-American,2024,,,,,,,,5,2,0,5,2.5,,,,,
4696012,Rashad Lampkin,Augustana University (SD),Northern Sun,2024,,,,,,,,,,,,,6,16,0,26,4.3
4696027,Javon Charles,Illinois State,MVFC,2024,,,,,,,,24,12,1,88,7.3,,,,,
4696044,Kaelon Black,Indiana,Big Ten,2024,,,,,,,,8,4,0,6,1.5,46,21,2,251,5.5
4696062,Antwane Wells Jr.,Ole Miss,SEC,2024,,,,,,,,66,28,6,553,19.8,5,4,0,4,0.8
4696065,Derek Robertson,Monmouth,CAA,2024,434,283,6,0.652,31,3937,9.1,0,0,0,-2,0,26,13,0,-34,-1.3
4696066,Anthony Harris,Maine,CAA,2024,14,8,0,0.571,0,32,2.3,,,,,,5,10,0,13,2.6
4696070,Tavion Banks,Maine,CAA,2024,,,,,,,,5,10,0,32,3.2,69,21,2,284,4.1
4696071,Freddie Brock,Georgia State,Sun Belt,2024,,,,,,,,31,21,1,166,7.9,151,57,8,819,5.4
4696073,Mark Bails,Southern Utah,UAC,2024,,,,,,,,22,12,0,97,8.1,,,,,
4696091,Montigo Moss,Maine,CAA,2024,1,0,0,0.000,0,0,0.0,79,61,7,722,11.8,1,16,0,16,16.0
4696093,Trevin Ewing,Maine,CAA,2024,,,,,,,,64,10,0,182,18.2,13,39,1,120,9.2
4696138,Mason Gilbert,Maine,CAA,2024,,,,,,,,32,12,1,163,13.6,,,,,
4696147,Kenneth Womack,Western Michigan,Mid-American,2024,,,,,,,,41,39,1,545,14.0,2,4,0,7,3.5
4696152,Payton Rhoades,Sacred Heart,FCS Independents,2024,,,,,,,,37,22,0,222,10.1,1,2,0,2,2.0
4696155,Jalen Madison,Sacred Heart,FCS Independents,2024,,,,,,,,15,13,0,95,7.3,166,84,7,953,5.7
4696208,Jasiah Williams,Stony Brook,CAA,2024,1,1,0,1.000,1,23,23.0,35,50,3,480,9.6,2,6,0,1,0.5
4696213,Fonnae Webb,Norfolk State,MEAC,2024,,,,,,,,5,1,1,5,5.0,44,18,0,157,3.6
4696240,Jaylon Jackson,Iowa State,Big 12,2024,,,,,,,,27,7,1,41,5.9,93,51,2,388,4.2
4696273,Timothy Conerly,UNLV,Mountain West,2024,,,,,,,,30,1,0,30,30.0,2,8,1,15,7.5
4696274,Devyn Gibbs,Lamar,Southland,2024,,,,,,,,28,17,4,163,9.6,,,,,
4696304,Joshua Casilli,Pennsylvania,Ivy,2024,,,,,,,,27,5,1,79,15.8,,,,,
4696371,Dante Perri,Lehigh,Patriot,2024,87,46,4,0.529,5,551,6.3,,,,,,23,10,2,34,1.5
4696407,Jacari Carter,UAlbany,CAA,2024,,,,,,,,52,23,2,303,13.2,,,,,
4696411,Jelani Mason,Merrimack,FCS Independents,2024,,,,,,,,15,5,0,39,7.8,,,,,
4696433,LJ Robinson,Merrimack,FCS Independents,2024,,,,,,,,15,7,0,48,6.9,,,,,
4696463,Marcus Preston,South Dakota State,MVFC,2024,,,,,,,,18,3,1,24,8.0,,,,,
4696464,Bo Belquist,North Dakota,MVFC,2024,,,,,,,,73,65,10,932,14.3,1,13,0,13,13.0
4696469,Jack Ihry,North Dakota,MVFC,2024,,,,,,,,23,1,0,23,23.0,,,,,
4696470,Isaiah Smith,North Dakota,MVFC,2024,,,,,,,,74,8,2,159,19.9,103,69,8,705,6.8
4696490,Jack Wright,Tulsa,American Athletic,2024,,,,,,,,18,1,1,18,18.0,,,,,
4696541,Emari Pait,Alabama A&M,SWAC,2024,,,,,,,,20,1,0,20,20.0,,,,,
4696561,Jacob Conover,Utah State,Mountain West,2024,4,2,0,0.500,0,22,5.5,,,,,,3,4,0,-4,-1.3
4696686,Deuce Spann,Florida State,ACC,2024,,,,,,,,5,1,0,5,5.0,,,,,
4696688,Josh Beetham,Georgia Tech,ACC,2024,,,,,,,,17,3,0,29,9.7,,,,,
4696690,Reggie Love III,Purdue,Big Ten,2024,,,,,,,,6,7,0,21,3.0,83,22,2,372,4.5
4696725,Bradley Schlom,San Diego,Pioneer,2024,,,,,,,,60,14,2,218,15.6,,,,,
4696740,Colin Giffen,Rice,American Athletic,2024,,,,,,,,5,1,1,5,5.0,,,,,
4696746,Sam Willoughby,Samford,Southern,2024,,,,,,,,13,9,0,39,4.3,1,0,0,-2,-2.0
4696751,Carl Smith,Robert Morris,NEC,2024,,,,,,,,42,15,2,277,18.5,1,31,0,31,31.0
4696799,Isaiah Gerena,Northern Arizona,Big Sky,2024,,,,,,,,24,13,0,110,8.5,,,,,
4696819,Eli Sawyer,SE Louisiana,Southland,2024,338,211,8,0.624,12,1840,5.4,,,,,,39,9,1,-69,-1.8
4696832,Connor Briggs,Miami (OH),Mid-American,2024,,,,,,,,5,1,1,5,5.0,,,,,
4696833,Cade Collier,SE Louisiana,Southland,2024,,,,,,,,19,17,2,155,9.1,,,,,
4696843,Da'shun Hugley,SE Louisiana,Southland,2024,,,,,,,,24,3,0,36,12.0,1,6,0,6,6.0
4696846,Ivan Drobocky,SE Louisiana,Southland,2024,,,,,,,,23,14,0,77,5.5,,,,,
4696880,Walker Harris,North Carolina Central,MEAC,2024,226,138,6,0.611,18,1845,8.2,,,,,,37,9,2,-61,-1.6
4696881,Quest Powell,North Carolina Central,MEAC,2024,4,1,0,0.250,0,4,1.0,,,,,,10,22,1,77,7.7
4696883,Devin Smith,Villanova,CAA,2024,,,,,,,,71,39,6,480,12.3,1,6,0,6,6.0
4696896,Juan Velarde,North Carolina Central,MEAC,2024,1,0,1,0.000,0,0,0.0,,,,,,,,,,
4696905,Kyle Morgan,North Carolina Central,MEAC,2024,,,,,,,,28,2,0,41,20.5,1,23,0,23,23.0
4696906,Andrew Smith,North Carolina Central,MEAC,2024,,,,,,,,14,6,0,34,5.7,,,,,
4696907,Joaquin Davis,North Carolina Central,MEAC,2024,,,,,,,,40,31,4,490,15.8,,,,,
4696972,Devin Gandy,Sacramento State,Big Sky,2024,,,,,,,,31,11,0,123,11.2,,,,,
4696974,Jared Gipson,Sacramento State,Big Sky,2024,,,,,,,,78,53,9,715,13.5,,,,,
4696976,Michael Johnson,Sacramento State,Big Sky,2024,,,,,,,,9,3,0,9,3.0,12,50,0,94,7.8
4696981,Cameron Skattebo,Arizona State,Big 12,2024,2,1,0,0.500,1,42,21.0,66,45,3,605,13.4,293,53,21,1715,5.9
4697011,James Louis,Morehead State,Pioneer,2024,,,,,,,,12,4,0,19,4.8,92,26,3,390,4.2
4697073,Riley Kemper,Robert Morris,NEC,2024,,,,,,,,0,0,0,-10,0,,,,,
4697094,DJ Williams,Southern Illinois,MVFC,2024,75,44,2,0.587,4,555,7.4,,,,,,38,38,4,243,6.4
4697099,Damonta Witherspoon,Samford,Southern,2024,,,,,,,,35,26,1,129,5.0,118,33,5,447,3.8
4697101,Cortezz Jones,Lindenwood,Big South-OVC,2024,,,,,,,,23,10,0,70,7.0,110,51,5,551,5.0
4697122,Gaston Moore,Tennessee,SEC,2024,27,16,2,0.593,2,201,7.4,,,,,,3,15,0,18,6.0
4697131,Bronson Barron,Southern Utah,UAC,2024,99,49,5,0.495,5,735,7.4,,,,,,16,14,0,19,1.2
4697496,Peter Moore,Virginia Tech,ACC,2024,1,1,0,1.000,0,-1,-1.0,,,,,,,,,,
4697512,Robby Ashford,South Carolina,SEC,2024,32,23,0,0.719,2,324,10.1,,,,,,41,38,2,227,5.5
4697524,Matt Colombo,San Diego,Pioneer,2024,,,,,,,,11,4,0,30,7.5,26,28,0,109,4.2
4697536,Kasey Hawthorne,Howard,MEAC,2024,1,0,0,0.000,0,0,0.0,34,37,3,414,11.2,22,26,3,94,4.3
4697540,Jarett Hunter,Howard,MEAC,2024,1,0,0,0.000,0,0,0.0,21,24,1,158,6.6,163,39,5,737,4.5
4697587,Jake Woods,Cal Poly,Big Sky,2024,,,,,,,,22,19,3,161,8.5,,,,,
4697611,Ethen Cluff,Northern Arizona,Big Sky,2024,,,,,,,,4,1,0,4,4.0,1,8,0,8,8.0
4697625,Victor Gabalis,Tarleton State,UAC,2024,299,188,9,0.629,23,2823,9.4,,,,,,39,20,1,57,1.5
4697630,Cooper Mathers,Washington State,Pac-12,2024,,,,,,,,50,13,6,196,15.1,,,,,
4697633,Dylan Paine,Washington State,Pac-12,2024,,,,,,,,,,,,,9,15,2,40,4.4
4697741,Jalen John,Massachusetts,FBS Independents,2024,,,,,,,,15,17,0,119,7.0,111,68,5,583,5.3
4697795,Evan Burkhardt,Cal Poly,Big Sky,2024,,,,,,,,43,12,1,131,10.9,2,5,0,9,4.5
4698179,River Helms,Western Kentucky,Conference USA,2024,,,,,,,,33,19,2,228,12.0,,,,,
4698229,Chase Stafford,Wagner,NEC,2024,,,,,,,,31,13,2,144,11.1,,,,,
4698240,Julian Alessi,UC Davis,Big Sky,2024,,,,,,,,21,3,0,47,15.7,,,,,
4698247,Mitchell Dixon,UC Davis,Big Sky,2024,,,,,,,,28,10,0,87,8.7,,,,,
4698249,Josh Gale,UC Davis,Big Sky,2024,,,,,,,,40,14,1,199,14.2,,,,,
4698250,Grant Harper,UC Davis,Big Sky,2024,6,5,0,0.833,1,61,10.2,,,,,,4,11,0,14,3.5
4698252,C.J. Hutton,UC Davis,Big Sky,2024,1,1,0,1.000,0,29,29.0,39,48,2,630,13.1,3,40,1,41,13.7
4698253,Lan Larison,UC Davis,Big Sky,2024,8,5,1,0.625,0,45,5.6,64,59,6,824,14.0,270,59,17,1408,5.2
4698261,Luka Sarac,UC Davis,Big Sky,2024,,,,,,,,,,,,,1,5,0,5,5.0
4698276,David Ealey III,Georgetown,Patriot,2024,1,0,0,0.000,0,0,0.0,,,,,,1,0,0,-2,-2.0
4698298,Jake Cox,Idaho,Big Sky,2024,,,,,,,,36,4,2,48,12.0,,,,,
4698335,Tristan Shannon,Marist,Pioneer,2024,1,1,0,1.000,0,16,16.0,22,16,0,90,5.6,57,60,3,365,6.4
4698362,Kaleb Costner,Stetson,Pioneer,2024,,,,,,,,15,1,0,15,15.0,2,3,0,5,2.5
4698425,Jordan Jefferson,Southern Utah,UAC,2024,,,,,,,,3,1,0,3,3.0,5,1,0,-12,-2.4
4698471,Matt Ragan,Boston College,ACC,2024,,,,,,,,11,1,0,11,11.0,,,,,
4698597,Barion Brown,Kentucky,SEC,2024,,,,,,,,63,29,3,361,12.4,13,23,1,50,3.8
4698622,Casey McKinney,New Hampshire,CAA,2024,,,,,,,,9,4,0,9,2.3,,,,,
4698671,Isaiah Smith,San Diego,Pioneer,2024,,,,,,,,9,6,0,31,5.2,108,45,1,589,5.5
4698677,Nate Bennett,San Diego State,Mountain West,2024,,,,,,,,48,22,1,314,14.3,,,,,
4698727,Dallan Hayden,Colorado,Big 12,2024,,,,,,,,38,17,0,132,7.8,64,27,1,196,3.1
4698747,Nathan Hebb,Nicholls,Southland,2024,,,,,,,,12,4,0,23,5.8,,,,,
4698757,Lee Negrotto,Nicholls,Southland,2024,,,,,,,,23,11,2,93,8.5,,,,,
4698767,Corey Warren Jr.,Nicholls,Southland,2024,,,,,,,,13,4,0,30,7.5,57,28,3,319,5.6
4698768,Logan Wilcox,Nicholls,Southland,2024,,,,,,,,8,1,0,8,8.0,,,,,
4698883,John Long,Rice,American Athletic,2024,,,,,,,,0,1,0,-8,-8.0,,,,,
4699354,Harrison Wallace III,Penn State,Big Ten,2024,,,,,,,,50,47,4,732,15.6,,,,,
4699550,Austin Henderson,Liberty,Conference USA,2024,,,,,,,,11,2,0,20,10.0,,,,,
4699678,Khalil Dinkins,Penn State,Big Ten,2024,,,,,,,,23,14,2,122,8.7,,,,,
4699761,Elijah Gilliam,Fresno State,Mountain West,2024,,,,,,,,71,32,0,204,6.4,121,24,8,466,3.9
4699768,Jonah Dalmas,Boise State,Mountain West,2024,,,,,,,,,,,,,1,0,0,-2,-2.0
4699782,Mekhi Shaw,San Diego State,Mountain West,2024,,,,,,,,30,15,2,160,10.7,,,,,
4699805,Will Pelissier,Wyoming,Mountain West,2024,,,,,,,,41,14,0,212,15.1,1,3,0,3,3.0
4700084,Javonta Leatherwood,Miles College,SIAC,2024,,,,,,,,,,,,,1,5,0,5,5.0
4700102,Tavarious Griffin,Alcorn State,SWAC,2024,,,,,,,,26,37,0,310,8.4,27,64,5,206,7.6
4700135,Cam Fancher,Florida Atlantic,American Athletic,2024,212,126,6,0.594,6,1528,7.2,,,,,,99,76,3,365,3.7
4700137,Tanaka Scott,North Alabama,UAC,2024,,,,,,,,41,23,2,361,15.7,,,,,
4700138,Sam Scott,Wyoming,Mountain West,2024,,,,,,,,41,12,1,64,5.3,92,43,3,435,4.7
4700149,Rashad Rochelle,Indiana State,MVFC,2024,1,1,0,1.000,0,24,24.0,63,58,4,525,9.1,7,6,0,7,1.0
4700453,Jared Brown,South Carolina,SEC,2024,,,,,,,,51,15,1,244,16.3,6,16,0,40,6.7
4700456,Jaden Williams,Texas State,Sun Belt,2024,,,,,,,,70,57,7,807,14.2,1,9,0,9,9.0
4700811,Ja'Quez Cross,Arkansas State,Sun Belt,2024,,,,,,,,20,35,1,228,6.5,115,49,2,638,5.5
4701037,Aidan Clark,Central Connecticut,NEC,2024,5,2,1,0.400,0,39,7.8,,,,,,2,0,0,-33,-16.5
4701047,Cortaz Williams,Central Connecticut,NEC,2024,,,,,,,,3,1,0,3,3.0,12,5,0,21,1.8
4701063,Isiah Williams,Howard,MEAC,2024,,,,,,,,48,42,4,493,11.7,5,7,0,24,4.8
4701064,Michael Plaskon,Central Connecticut,NEC,2024,,,,,,,,56,47,1,595,12.7,6,17,0,25,4.2
4701066,Paul Marsh,Central Connecticut,NEC,2024,,,,,,,,49,19,3,302,15.9,1,2,0,2,2.0
4701075,Caleb Burke,New Hampshire,CAA,2024,1,0,0,0.000,0,0,0.0,86,49,6,688,14.0,1,9,0,9,9.0
4701090,Joey Corcoran,New Hampshire,CAA,2024,,,,,,,,56,38,4,448,11.8,,,,,
4701104,Josiah Silver,New Hampshire,CAA,2024,,,,,,,,,,,,,1,6,0,6,6.0
4701178,Chris Rhone,Charleston Southern,Big South-OVC,2024,,,,,,,,70,33,4,578,17.5,,,,,
4701216,Jacques Badolato-Birdsell,Portland State,Big Sky,2024,,,,,,,,,,,,,8,10,1,30,3.8
4701291,Donivan Wright,Alabama A&M,SWAC,2024,,,,,,,,34,12,2,216,18.0,,,,,
4701307,Henry Hesson,Miami (OH),Mid-American,2024,17,7,0,0.412,1,93,5.5,,,,,,7,9,0,17,2.4
4701312,Alec Bevelhimer,Miami (OH),Mid-American,2024,1,0,1,0.000,0,0,0.0,,,,,,1,0,0,-16,-16.0
4701588,Michael Harrison,San Diego State,Mountain West,2024,,,,,,,,18,18,0,150,8.3,,,,,
4701590,Vinson Davis,Southern Illinois,MVFC,2024,,,,,,,,32,38,1,396,10.4,5,39,0,44,8.8
4701592,Jordon Vaughn,Abilene Christian,UAC,2024,,,,,,,,8,1,0,8,8.0,16,17,0,92,5.8
4701593,Marquez Dortch,Troy,Sun Belt,2024,,,,,,,,7,2,1,-2,-1.0,3,15,0,30,10.0
4701936,Matthew Golden,Texas,SEC,2024,2,1,0,0.500,0,30,15.0,54,58,9,987,17.0,,,,,
4701951,Omari Kelly,Middle Tennessee,Conference USA,2024,,,,,,,,71,53,4,869,16.4,3,9,0,0,0.0
4702555,Jonah Coleman,Washington,Big Ten,2024,,,,,,,,17,23,0,177,7.7,193,64,10,1053,5.5
4702556,Arlis Boardingham,Florida,SEC,2024,,,,,,,,20,18,2,128,7.1,,,,,
4702559,Oscar Delp,Georgia,SEC,2024,,,,,,,,43,21,4,248,11.8,,,,,
4702560,Grant Page,Utah State,Mountain West,2024,1,1,0,1.000,0,36,36.0,35,33,2,281,8.5,1,4,0,4,4.0
4702561,De'Nylon Morrissette,Purdue,Big Ten,2024,,,,,,,,19,11,2,106,9.6,1,11,0,11,11.0
4702574,Quan Lee,Florida A&M,SWAC,2024,,,,,,,,49,27,2,310,11.5,1,17,0,17,17.0
4702729,Braylin Presley,Tulsa,American Athletic,2024,,,,,,,,18,9,0,73,8.1,3,19,1,27,9.0
4702755,Amorion Walker,Michigan,Big Ten,2024,,,,,,,,22,3,0,34,11.3,,,,,
4702790,DJ Allen,UTSA,American Athletic,2024,,,,,,,,29,11,1,161,14.6,,,,,
4702820,Bryson Donnell,UTSA,American Athletic,2024,,,,,,,,5,4,0,5,1.3,35,19,0,172,4.9
4702829,Braedyn Locke,Wisconsin,Big Ten,2024,296,164,10,0.554,13,1936,6.5,,,,,,22,11,2,4,0.2
4702830,Stephon Johnson Jr.,Houston,Big 12,2024,,,,,,,,44,32,2,402,12.6,3,9,0,19,6.3
4702901,Zach Evans,North Texas,American Athletic,2024,,,,,,,,5,4,0,10,2.5,9,40,0,58,6.4
4702908,Omari Evans,Penn State,Big Ten,2024,,,,,,,,59,20,5,403,20.2,1,1,0,1,1.0
4702913,R.J. Maryland,SMU,ACC,2024,,,,,,,,49,24,4,359,15.0,,,,,
4703025,Ahmarian Granger,Akron,Mid-American,2024,,,,,,,,72,17,2,308,18.1,,,,,
4703067,Mehki Wall,North Carolina Central,MEAC,2024,,,,,,,,46,7,2,123,17.6,,,,,
4705557,Quaron Adams,South Dakota,MVFC,2024,,,,,,,,71,18,5,543,30.2,2,30,0,30,15.0
4705595,Bryce Bohanon,Tulane,American Athletic,2024,,,,,,,,31,10,0,121,12.1,1,0,0,-2,-2.0
4705609,Branson Adams,Western Carolina,Southern,2024,,,,,,,,48,35,1,277,7.9,132,51,4,742,5.6
4705859,K.D. Hutchinson,Western Kentucky,Conference USA,2024,,,,,,,,74,26,3,392,15.1,8,42,0,51,6.4
4705927,Jevon Jackson,UTEP,Conference USA,2024,,,,,,,,22,16,2,99,6.2,191,42,4,754,3.9
4705930,Hahsaun Wilson,Charlotte,American Athletic,2024,,,,,,,,25,4,0,42,10.5,91,65,7,559,6.1
4705934,Jaylen Sargent,Wyoming,Mountain West,2024,,,,,,,,70,23,2,480,20.9,,,,,
4708049,Gavin Bartholomew,Pittsburgh,ACC,2024,1,0,0,0.000,0,0,0.0,21,38,4,329,8.7,1,2,0,2,2.0
4708067,Kai Horton,Tulane,American Athletic,2024,1,1,0,1.000,0,9,9.0,,,,,,,,,,
4708090,Aramoni Rhone,Arkansas-Pine Bluff,SWAC,2024,,,,,,,,52,17,2,251,14.8,,,,,
4708099,Gus McGee,Charlotte,American Athletic,2024,,,,,,,,7,2,0,9,4.5,,,,,
4708100,Sergio Morancy,Northern Iowa,MVFC,2024,,,,,,,,69,38,7,543,14.3,2,6,0,6,3.0
4708127,Monaray Baldwin,Baylor,Big 12,2024,,,,,,,,46,27,5,478,17.7,3,2,0,3,1.0
4708354,Jeremiah Franklin,Boston College,ACC,2024,,,,,,,,34,27,3,311,11.5,,,,,
4708486,Jimmy Horn Jr.,Colorado,Big 12,2024,,,,,,,,69,37,1,441,11.9,1,3,0,3,3.0
4708487,Jaquez Moore,Duke,ACC,2024,1,0,0,0.000,0,0,0.0,5,3,0,4,1.3,32,18,1,86,2.7
4708490,Johnmichael Gyllenborg,Wyoming,Mountain West,2024,,,,,,,,63,30,3,425,14.2,,,,,
4708621,Kyre Duplessis,Coastal Carolina,Sun Belt,2024,3,0,1,0.000,0,0,0.0,41,5,0,78,15.6,1,1,0,1,1.0
4708844,Marshall Nichols,UNLV,Mountain West,2024,1,1,0,1.000,0,52,52.0,,,,,,,,,,
4708847,Mitchell Tomasek,Eastern Michigan,Mid-American,2024,1,0,0,0.000,0,0,0.0,,,,,,,,,,
4708849,Sebastien Tasko,Harvard,Ivy,2024,1,0,0,0.000,0,0,0.0,,,,,,,,,,
4708878,Trace Bruckler,New Mexico,Mountain West,2024,,,,,,,,12,22,2,138,6.3,,,,,
4709012,Jase Bauer,Sam Houston,Conference USA,2024,65,40,1,0.615,2,310,4.8,1,1,0,1,1.0,45,25,0,195,4.3
4709392,Anthony Tyus III,Ohio,Mid-American,2024,,,,,,,,19,16,2,137,8.6,237,46,9,1215,5.1
4709649,Scottie Alexander,UT Martin,Big South-OVC,2024,,,,,,,,33,1,1,33,33.0,1,5,0,5,5.0
4709651,Brody Dalton,Troy,Sun Belt,2024,,,,,,,,36,15,3,188,12.5,,,,,
4709669,Christian Moss,Kennesaw State,Conference USA,2024,,,,,,,,60,15,2,220,14.7,,,,,
4709672,Ethan Payne,Marshall,Sun Belt,2024,,,,,,,,8,8,0,25,3.1,65,36,7,323,5.0
4709678,Devonte Ross,Troy,Sun Belt,2024,,,,,,,,98,76,11,1044,13.7,9,14,0,35,3.9
4709683,Anthony Williams,Stephen F. Austin,Southland,2024,1,0,0,0.000,0,0,0.0,33,17,2,142,8.4,8,24,0,36,4.5
4709774,Quentavius Scandrett,Eastern Michigan,Mid-American,2024,,,,,,,,,,,,,2,9,0,7,3.5
4709788,Vaughn Pemberton,Ball State,Mid-American,2024,,,,,,,,51,8,1,76,9.5,61,41,2,276,4.5
4709789,Quintell Quinn,Texas Southern,SWAC,2024,,,,,,,,,,,,,111,75,6,644,5.8
4709810,Joshua Nobles,Jackson State,SWAC,2024,,,,,,,,7,1,0,7,7.0,,,,,
4709977,Brayden Schager,Hawai'i,Mountain West,2024,404,233,13,0.577,19,2591,6.4,,,,,,135,46,6,267,2.0
4709982,Josh Nicholson,Sacramento State,Big Sky,2024,,,,,,,,9,1,0,9,9.0,1,0,0,-10,-10.0
4710001,CJ Montes,Fordham,Patriot,2024,54,29,0,0.537,1,295,5.5,,,,,,34,12,1,-48,-1.4
4710009,Michael Edwards III,East Carolina,American Athletic,2024,,,,,,,,6,1,0,6,6.0,,,,,
4710029,Nahjee Adams,Lafayette,Patriot,2024,,,,,,,,,,,,,13,8,1,39,3.0
4710068,Colin Weber,Charlotte,American Athletic,2024,,,,,,,,30,21,0,213,10.1,,,,,
4710336,Justin Franklin,East Tennessee State,Southern,2024,1,0,0,0.000,0,0,0.0,18,3,0,46,15.3,,,,,
4710341,Jarquez Hunter,Auburn,SEC,2024,1,0,1,0.000,0,0,0.0,18,21,1,155,7.4,187,50,8,1201,6.4
4710344,Titus Mokiao-Atimalala,UCLA,Big Ten,2024,,,,,,,,28,28,1,294,10.5,1,2,0,2,2.0
4710634,Clay Nanke,Wyoming,Mountain West,2024,,,,,,,,32,4,0,64,16.0,,,,,
4710635,J.B. Mitchell,Eastern Michigan,Mid-American,2024,,,,,,,,14,3,0,37,12.3,,,,,
4710673,CJ Johnson II,Northwestern,Big Ten,2024,1,0,0,0.000,0,0,0.0,23,11,0,121,11.0,,,,,
4710711,D'Andre Rogers,TCU,Big 12,2024,,,,,,,,40,12,2,142,11.8,,,,,
4710714,De'Zhaun Stribling,Oklahoma State,Big 12,2024,,,,,,,,77,52,6,892,17.2,,,,,
4710718,Andreas Paaske,Arkansas,SEC,2024,,,,,,,,11,3,2,19,6.3,,,,,
4710744,Malique Dieudonne,Western Michigan,Mid-American,2024,,,,,,,,43,13,2,230,17.7,1,0,0,0,0.0
4710755,Matt Kordas,Incarnate Word,Southland,2024,,,,,,,,7,1,0,7,7.0,,,,,
4710765,Jameson Tucker,Coastal Carolina,Sun Belt,2024,1,0,0,0.000,0,0,0.0,47,33,6,574,17.4,3,18,0,34,11.3
4710802,Sione Moa,BYU,Big 12,2024,,,,,,,,9,1,0,9,9.0,6,11,0,17,2.8
4710843,Jasaiah Gathings,UConn,FBS Independents,2024,,,,,,,,26,32,3,307,9.6,,,,,
4710855,Konata Mumpfield,Pittsburgh,ACC,2024,,,,,,,,46,52,5,813,15.6,,,,,
4710860,Oran Singleton Jr.,Eastern Michigan,Mid-American,2024,,,,,,,,44,64,2,644,10.1,6,9,0,23,3.8
4710861,Kobe Stewart,Bethune-Cookman,SWAC,2024,,,,,,,,54,7,1,139,19.9,,,,,
4711055,Dorian Singer,Utah,Big 12,2024,,,,,,,,40,53,1,702,13.2,,,,,
4711408,Horatio Fields,Wake Forest,ACC,2024,,,,,,,,42,39,4,463,11.9,,,,,
4711409,Emmanuel Stevenson,Arkansas State,Sun Belt,2024,,,,,,,,29,28,1,203,7.3,,,,,
4711421,C.J. Smith,Purdue,Big Ten,2024,,,,,,,,32,6,0,69,11.5,,,,,
4711434,Eian Pugh,Ohio,Mid-American,2024,,,,,,,,14,5,0,37,7.4,,,,,
4711533,Ollie Gordon,Oklahoma State,Big 12,2024,1,1,0,1.000,0,27,27.0,22,30,2,201,6.7,189,68,12,858,4.5
4712328,Anthony Simpson,Massachusetts,FBS Independents,2024,,,,,,,,10,3,0,16,5.3,,,,,
4712578,Jay Fair,USC,Big Ten,2024,,,,,,,,24,8,1,78,9.8,,,,,
4712579,Dillon Bell,Georgia,SEC,2024,,,,,,,,67,43,4,466,10.8,9,33,1,107,11.9
4712886,Mekhi Miller,Missouri,SEC,2024,,,,,,,,18,3,0,35,11.7,1,0,0,-4,-4.0
4713061,Ikeem Wright,Norfolk State,MEAC,2024,,,,,,,,11,2,0,16,8.0,,,,,
4713068,Kevin Gayles,Virginia St,CIAA,2024,,,,,,,,22,1,1,22,22.0,,,,,
4713081,Tavian Morris,Norfolk State,MEAC,2024,,,,,,,,80,15,1,253,16.9,,,,,
4713118,J'mari Taylor,North Carolina Central,MEAC,2024,1,0,0,0.000,0,0,0.0,39,29,2,257,8.9,196,66,15,1146,5.8
4713196,Davon Wells,UL Monroe,Sun Belt,2024,,,,,,,,51,29,2,262,9.0,4,7,0,5,1.3
4713225,Lemeko Mayes,Long Island University,NEC,2024,,,,,,,,20,1,0,20,20.0,,,,,
4713267,Collin Guggenheim,Nicholls,Southland,2024,3,2,1,0.667,0,4,1.3,39,16,1,115,7.2,196,67,7,843,4.3
4713277,Eric Rivers,Florida International,Conference USA,2024,,,,,,,,62,62,12,1172,18.9,1,0,0,-3,-3.0
4713307,Scooter Adams,Prairie View A&M,SWAC,2024,,,,,,,,54,4,1,84,21.0,50,22,0,189,3.8
4713323,Johnny Mitchell,Northwestern State,Southland,2024,,,,,,,,,,,,,2,2,0,3,1.5
4713335,Dane Wallace,Northwestern State,Southland,2024,,,,,,,,9,1,0,9,9.0,,,,,
4713489,Branson Robinson,Georgia,SEC,2024,,,,,,,,14,6,0,33,5.5,25,13,3,73,2.9
4714009,Myles Burkett,UAlbany,CAA,2024,259,139,7,0.537,10,1793,6.9,,,,,,72,44,0,140,1.9
4714046,Tyrell Henry,Wisconsin,Big Ten,2024,,,,,,,,12,1,0,12,12.0,,,,,
4714278,Jason Llewellyn,Texas Tech,Big 12,2024,1,0,0,0.000,0,0,0.0,,,,,,,,,,
4714290,Fred Farrier II,Kentucky,SEC,2024,,,,,,,,20,13,0,126,9.7,1,3,0,3,3.0
4714300,Holden Geriner,Auburn,SEC,2024,2,2,0,1.000,0,33,16.5,,,,,,1,6,0,6,6.0
4714341,Ben Ford,Boise State,Mountain West,2024,,,,,,,,12,4,0,34,8.5,,,,,
4714379,Seydou Traore,Mississippi State,SEC,2024,,,,,,,,32,34,1,361,10.6,,,,,
4714388,Chase Roberts,BYU,Big 12,2024,,,,,,,,62,50,3,803,16.1,6,7,1,23,3.8
4714413,Otto Tia,Utah State,Mountain West,2024,,,,,,,,51,44,7,434,9.9,,,,,
4714771,Drew Allar,Penn State,Big Ten,2024,394,262,8,0.665,24,3327,8.4,0,0,0,-4,0,96,22,6,302,3.1
4715345,Devin Farrell,Rhode Island,CAA,2024,214,124,8,0.579,11,1682,7.9,,,,,,75,44,5,312,4.2
4715357,Braelon Bridges,Tarleton State,UAC,2024,,,,,,,,8,4,0,13,3.3,76,49,3,334,4.4
4715358,Derrel Kelley III,Tarleton State,UAC,2024,,,,,,,,,,,,,56,21,4,257,4.6
4715386,Marvin Landy,Jackson State,SWAC,2024,,,,,,,,42,17,3,235,13.8,,,,,
4715474,Elijah Brown,Florida Atlantic,American Athletic,2024,,,,,,,,22,1,0,22,22.0,,,,,
4716507,Quincy Burroughs,Wisconsin,Big Ten,2024,,,,,,,,13,1,0,13,13.0,,,,,
4717430,Chris Marshall,Boise State,Mountain West,2024,,,,,,,,7,3,0,13,4.3,,,,,
4717723,Reese Clark,Temple,American Athletic,2024,,,,,,,,4,1,0,4,4.0,,,,,
4717724,Rashod Dubinion,Arkansas,SEC,2024,,,,,,,,23,16,0,122,7.6,56,23,2,335,6.0
4718457,Noah Thomas,Texas A&M,SEC,2024,,,,,,,,73,39,8,574,14.7,4,10,0,18,4.5
4720949,Kristen Hoskins,Minnesota,Big Ten,2024,,,,,,,,,,,,,1,2,0,2,2.0
4723086,Colston Loveland,Michigan,Big Ten,2024,,,,,,,,36,56,5,582,10.4,1,0,0,-2,-2.0
4723820,Omar Cooper Jr.,Indiana,Big Ten,2024,,,,,,,,69,28,7,594,21.2,2,16,1,23,11.5
4725514,Reggie Branch,Missouri State,MVFC,2024,,,,,,,,7,2,0,12,6.0,6,10,0,18,3.0
4725523,Jarrell Wiley,Incarnate Word,Southland,2024,,,,,,,,5,1,0,5,5.0,18,10,0,77,4.3
4726129,Harrison Saint Germain,Virginia Tech,ACC,2024,,,,,,,,14,4,0,25,6.3,,,,,
4726152,Jovanni Bermudez,Delaware,CAA,2024,,,,,,,,38,25,1,216,8.6,4,24,1,68,17.0
4728798,Derrick Williams,Southern,SWAC,2024,,,,,,,,11,3,0,22,7.3,,,,,
4728801,Tyler Kirkwood,Southern,SWAC,2024,,,,,,,,54,16,0,206,12.9,8,12,0,37,4.6
4729709,Braelen Morgan,Southern,SWAC,2024,,,,,,,,8,1,0,8,8.0,6,7,0,10,1.7
4729985,Gregory Perkins,Norfolk State,MEAC,2024,,,,,,,,14,4,1,31,7.8,,,,,
4730174,Carline Davis III,Central Arkansas,UAC,2024,,,,,,,,,,,,,1,0,0,-3,-3.0
4731586,Kyle Morlock,Florida State,ACC,2024,,,,,,,,28,13,0,149,11.5,1,31,0,31,31.0
4731981,Carlos Davis,Towson,CAA,2024,93,57,2,0.613,3,608,6.5,,,,,,24,15,1,61,2.5
4732083,Parker Wroble,Mercer,Southern,2024,,,,,,,,69,25,4,347,13.9,8,15,0,33,4.1
4736210,Michael Pettway,Jacksonville State,Conference USA,2024,,,,,,,,92,25,3,454,18.2,5,7,0,17,3.4
4736246,Jacob Knuth,Kansas State,Big 12,2024,2,2,0,1.000,0,18,9.0,,,,,,3,10,0,18,6.0
4746099,Kenny Fletcher,Rutgers,Big Ten,2024,,,,,,,,16,20,2,137,6.9,,,,,
4746127,Zach Pyron,Georgia Tech,ACC,2024,65,35,3,0.538,2,409,6.3,,,,,,36,20,4,115,3.2
4746167,Worth Warner,Presbyterian,Pioneer,2024,,,,,,,,40,26,2,316,12.2,5,8,2,11,2.2
4749271,Justin Smith-Brown,South Carolina State,MEAC,2024,1,0,0,0.000,0,0,0.0,63,50,4,712,14.2,,,,,
4749280,Xaiver Lankford,Alabama A&M,SWAC,2024,158,82,6,0.519,8,1166,7.4,,,,,,76,32,7,323,4.3
4749402,Jyrin Johnson,Texas Southern,SWAC,2024,,,,,,,,30,26,0,271,10.4,,,,,
4755664,Nick Evers,UConn,FBS Independents,2024,180,97,5,0.539,5,918,5.1,,,,,,80,23,3,245,3.1
4755767,Jay McEuen,Utah Tech,UAC,2024,,,,,,,,18,16,0,97,6.1,4,9,0,21,5.3
4769835,Jihad Marks,McNeese,Southland,2024,,,,,,,,54,6,1,118,19.7,,,,,
4769841,Donovan Payne,Alabama A&M,SWAC,2024,,,,,,,,20,5,2,43,8.6,,,,,
4769846,Darius Stewart,Northern Colorado,Big Sky,2024,,,,,,,,2,4,0,2,0.5,81,59,2,360,4.4
4769881,Ryan Morrow,Alabama A&M,SWAC,2024,,,,,,,,18,6,1,58,9.7,49,65,1,296,6.0
4769957,Errick Simmons,Jackson State,SWAC,2024,,,,,,,,29,2,1,34,17.0,,,,,
4769960,Desmond Moultrie,Jackson State,SWAC,2024,,,,,,,,11,1,0,11,11.0,17,11,0,27,1.6
4769981,DePhabian Fant,Mississippi Valley State,SWAC,2024,,,,,,,,66,6,1,104,17.3,67,54,2,252,3.8
4769987,Jakobe Thomas,Mississippi Valley State,SWAC,2024,1,1,0,1.000,0,2,2.0,20,6,1,58,9.7,73,27,4,240,3.3
4770032,Kobe Dillon,Southern,SWAC,2024,,,,,,,,18,8,0,57,7.1,158,74,1,793,5.0
4773919,Thomas Castellanos,Boston College,ACC,2024,161,99,5,0.615,18,1366,8.5,,,,,,93,18,1,194,2.1
4775136,Owen McCown,UTSA,American Athletic,2024,467,294,10,0.630,25,3424,7.3,,,,,,86,75,3,340,4.0
4775196,Tommy Mellott,Montana State,Big Sky,2024,301,204,2,0.678,31,2783,9.2,,,,,,121,76,15,1037,8.6
4775219,Aidan Garrigan,Montana State,Big Sky,2024,,,,,,,,56,2,0,64,32.0,,,,,
4775224,Xander Werner,Northern Arizona,Big Sky,2024,,,,,,,,25,4,1,37,9.3,2,6,0,5,2.5
4775250,Peter Knudson,Weber State,Big Sky,2024,,,,,,,,14,9,1,63,7.0,,,,,
4775252,Colter May,Weber State,Big Sky,2024,,,,,,,,2,1,1,2,2.0,,,,,
4775263,Jack Neri,Monmouth,CAA,2024,,,,,,,,40,32,5,329,10.3,1,6,0,6,6.0
4775264,Tony Muskett,Virginia,ACC,2024,76,45,3,0.592,3,545,7.2,,,,,,27,18,4,98,3.6
4775266,Dymere Miller,Rutgers,Big Ten,2024,,,,,,,,45,59,4,757,12.8,,,,,
4775273,Jamir Barnes,Monmouth,CAA,2024,,,,,,,,,,,,,30,48,0,202,6.7
4775291,Anthony Chiccitt,Robert Morris,NEC,2024,299,195,7,0.652,14,2200,7.4,0,0,0,-10,0,53,20,2,80,1.5
4779152,Justin Dumas,SE Louisiana,Southland,2024,1,1,0,1.000,0,22,22.0,,,,,,1,23,1,23,23.0
4781200,Justin Lewis,Merrimack,FCS Independents,2024,19,14,2,0.737,1,165,8.7,,,,,,9,8,0,20,2.2
4782661,Cahlede Jackson,Georgetown,Patriot,2024,,,,,,,,,,,,,1,0,0,0,0.0
4790965,Donovan Leary,Illinois,Big Ten,2024,5,2,0,0.400,0,29,5.8,,,,,,,,,,
4794107,Marlon Gunn,East Carolina,American Athletic,2024,,,,,,,,29,2,0,34,17.0,61,20,3,224,3.7
4795295,Katin Houser,East Carolina,American Athletic,2024,245,149,11,0.608,18,2006,8.2,,,,,,49,35,4,170,3.5
4799963,Mata'ava Ta'ase,BYU,Big 12,2024,,,,,,,,26,9,3,91,10.1,,,,,
4799987,Ryan Burger,Liberty,Conference USA,2024,19,8,0,0.421,0,88,4.6,,,,,,17,57,1,70,4.1
4799991,Cole Spence,Vanderbilt,SEC,2024,,,,,,,,17,10,2,101,10.1,,,,,
4801276,Houston Thomas,UTSA,American Athletic,2024,,,,,,,,44,34,3,470,13.8,,,,,
4801299,Rocco Becht,Iowa State,Big 12,2024,457,272,9,0.595,25,3505,7.7,,,,,,98,32,8,318,3.2
4801301,Tevin Carter,Tennessee State,Big South-OVC,2024,4,2,0,0.500,0,14,3.5,11,1,0,11,11.0,25,39,5,109,4.4
4801302,Julian Calvez,UT Martin,Big South-OVC,2024,10,5,0,0.500,0,46,4.6,,,,,,8,13,0,35,4.4
4801306,Conner Harrell,North Carolina,ACC,2024,37,21,1,0.568,2,282,7.6,,,,,,16,16,1,55,3.4
4801307,Tayven Jackson,Indiana,Big Ten,2024,37,23,1,0.622,4,349,9.4,,,,,,15,16,3,73,4.9
4801308,Khalib Johnson,Kennesaw State,Conference USA,2024,22,6,3,0.273,0,57,2.6,,,,,,6,8,0,-2,-0.3
4801717,Noah Fifita,Arizona,Big 12,2024,430,260,12,0.605,18,2958,6.9,14,1,0,14,14.0,66,24,1,17,0.3
4804878,Cooper Barkate,Harvard,Ivy,2024,,,,,,,,51,63,11,1084,17.2,2,8,0,6,3.0
4804879,Quincy Craig,Portland State,Big Sky,2024,3,1,1,0.333,0,28,9.3,43,33,5,305,9.2,115,37,5,602,5.2
4804882,Garrett Oakley,Kansas State,Big 12,2024,,,,,,,,28,22,5,236,10.7,,,,,
4804883,Jalen Moss,Fresno State,Mountain West,2024,,,,,,,,49,49,4,582,11.9,1,6,0,6,6.0
4804885,Brandon Rose,Utah,Big 12,2024,36,19,2,0.528,2,157,4.4,,,,,,11,27,0,66,6.0
4805256,Sutton Smith,Memphis,American Athletic,2024,,,,,,,,8,2,0,13,6.5,3,6,0,7,2.3
4806381,Jarel Williams,West Virginia,Big 12,2024,,,,,,,,17,1,0,17,17.0,,,,,
4806463,Bryce Archie,South Florida,American Athletic,2024,290,172,10,0.593,9,1914,6.6,,,,,,68,35,2,137,2.0
4807489,Xavier Harris,Montana,Big Sky,2024,,,,,,,,37,19,3,271,14.3,15,40,0,142,9.5
4808740,Nate Anderson,Bucknell,Patriot,2024,,,,,,,,47,44,5,530,12.0,5,12,0,31,6.2
4808744,Jaylon Glover,Utah,Big 12,2024,,,,,,,,,,,,,12,22,0,60,5.0
4808759,Camden Brown,Auburn,SEC,2024,,,,,,,,12,7,1,61,8.7,,,,,
4808766,Mason Taylor,LSU,SEC,2024,,,,,,,,33,55,2,546,9.9,,,,,
4808767,Xavier Townsend,UCF,Big 12,2024,,,,,,,,22,10,1,69,6.9,12,18,0,88,7.3
4808830,Damien Martinez,Miami,ACC,2024,,,,,,,,36,17,0,204,12.0,159,75,10,1002,6.3
4808839,Isaiah Bond,Texas,SEC,2024,,,,,,,,56,34,5,540,15.9,4,44,1,98,24.5
4812342,Anthony Rucker,North Carolina A&T,CAA,2024,,,,,,,,38,18,3,204,11.3,,,,,
4812346,Eric Weatherly,Bucknell,Patriot,2024,,,,,,,,44,73,8,835,11.4,4,5,0,10,2.5
4812356,Jaydn Girard,Wake Forest,ACC,2024,,,,,,,,25,1,0,25,25.0,1,3,0,3,3.0
4812374,Terrell Crosby Jr.,Toledo,Mid-American,2024,,,,,,,,2,1,0,2,2.0,1,2,0,2,2.0
4812439,Brian Courtney,Florida State,ACC,2024,,,,,,,,3,1,0,3,3.0,,,,,
4812474,DJ Riles,Georgia State,Sun Belt,2024,,,,,,,,27,20,0,172,8.6,2,17,0,27,13.5
4813944,Aaron Fontes,Montana,Big Sky,2024,,,,,,,,35,38,1,377,9.9,5,29,1,68,13.6
4814930,Hank Beatty,Illinois,Big Ten,2024,,,,,,,,59,20,1,294,14.7,1,11,0,11,11.0
4816084,Jaylen Ward,Florida A&M,SWAC,2024,,,,,,,,28,13,1,172,13.2,,,,,
4816095,Blaine Hipa,Princeton,Ivy,2024,263,145,15,0.551,10,1669,6.3,,,,,,90,16,3,-49,-0.5
4816098,Makhi Hughes,Tulane,American Athletic,2024,,,,,,,,29,19,2,176,9.3,265,51,15,1401,5.3
4816099,Javen Jacobs,New Mexico,Mountain West,2024,,,,,,,,33,17,1,130,7.6,40,50,3,277,6.9
4816104,Michael Masunas,Michigan State,Big Ten,2024,,,,,,,,22,4,0,37,9.3,,,,,
4816108,Tyler Powell,Arizona,Big 12,2024,,,,,,,,20,5,0,40,8.0,,,,,
4816302,Travelle Anderson,North Alabama,UAC,2024,,,,,,,,,,,,,8,7,0,8,1.0
4816307,Joseph Himon II,Northwestern,Big Ten,2024,,,,,,,,22,15,1,96,6.4,52,51,2,257,4.9
4816323,Nate Kurisky,Louisville,ACC,2024,,,,,,,,23,13,3,117,9.0,,,,,
4819215,Josh Kattus,Kentucky,SEC,2024,,,,,,,,27,6,2,77,12.8,0,2,1,2,0
4819228,Rodney Harris II,Ohio,Mid-American,2024,,,,,,,,52,23,0,299,13.0,,,,,
4819231,Kaleb Johnson,Iowa,Big Ten,2024,,,,,,,,72,22,2,188,8.5,240,75,21,1537,6.4
4819250,AJ Bianco,Nevada,Mountain West,2024,24,16,0,0.667,1,173,7.2,,,,,,6,9,0,7,1.2
4826505,Mudia Reuben,Stanford,ACC,2024,,,,,,,,10,4,1,31,7.8,,,,,
4826574,Owen Anderson,Massachusetts,FBS Independents,2024,,,,,,,,11,2,1,13,6.5,,,,,
4826579,Tyler Siddons,Central Arkansas,UAC,2024,,,,,,,,2,1,0,2,2.0,,,,,
4826636,Jordan Anderson,Illinois,Big Ten,2024,,,,,,,,,,,,,6,5,0,12,2.0
4827041,Jacob Bostick,Texas A&M,SEC,2024,,,,,,,,14,1,0,14,14.0,,,,,
4827047,Aidan Laughery,Illinois,Big Ten,2024,,,,,,,,10,9,0,32,3.6,97,64,4,589,6.1
4827049,Max Reese,Eastern Michigan,Mid-American,2024,,,,,,,,34,27,2,232,8.6,1,3,0,3,3.0
4831959,Eli Raridon,Notre Dame,FBS Independents,2024,,,,,,,,14,11,2,90,8.2,,,,,
4831971,Kalen Carroll,Cincinnati,Big 12,2024,,,,,,,,6,1,0,6,6.0,,,,,
4831976,Javon Tracy,Miami (OH),Mid-American,2024,1,1,0,1.000,1,30,30.0,72,57,7,818,14.4,,,,,
4832021,Elijah Jackson-Anderson,Eastern Michigan,Mid-American,2024,,,,,,,,24,4,1,64,16.0,54,40,2,218,4.0
4832029,Alex Bauman,Tulane,American Athletic,2024,,,,,,,,36,20,7,212,10.6,,,,,
4832583,Tanner Murray,SE Louisiana,Southland,2024,6,2,0,0.333,0,43,7.2,,,,,,13,13,0,28,2.2
4832789,Carson Haggard,Abilene Christian,UAC,2024,59,35,5,0.593,4,431,7.3,,,,,,3,10,0,12,4.0
4832792,Major Everhart,TCU,Big 12,2024,,,,,,,,4,1,0,4,4.0,,,,,
4832800,Denzel Boston,Washington,Big Ten,2024,,,,,,,,51,63,9,834,13.2,,,,,
4832804,Jordan Dwyer,Idaho,Big Sky,2024,,,,,,,,62,78,12,1192,15.3,1,0,0,0,0.0
4832806,Jonathan Brady,California,ACC,2024,,,,,,,,30,34,3,366,10.8,5,20,0,28,5.6
4832819,Djouvensky Schlenbaker,Washington State,Pac-12,2024,,,,,,,,10,3,0,15,5.0,43,14,3,149,3.5
4832824,Austin Terry,Boise State,Mountain West,2024,,,,,,,,28,2,0,35,17.5,,,,,
4832827,Jack Velling,Michigan State,Big Ten,2024,,,,,,,,34,36,1,411,11.4,,,,,
4832830,Joshua Wood,Fresno State,Mountain West,2024,28,18,1,0.643,1,195,7.0,,,,,,37,15,6,118,3.2
4832846,Demond Claiborne,Wake Forest,ACC,2024,,,,,,,,44,23,2,254,11.0,228,60,11,1048,4.6
4832874,Bryce Duke,Old Dominion,Sun Belt,2024,,,,,,,,26,9,1,58,6.4,46,48,0,285,6.2
4832875,Leon Haughton Jr.,Maryland,Big Ten,2024,,,,,,,,9,2,0,11,5.5,,,,,
4832914,Jimmy Kibble,Georgetown,Patriot,2024,,,,,,,,60,46,3,720,15.7,,,,,
4832918,Ethan Vasko,Coastal Carolina,Sun Belt,2024,271,148,8,0.546,14,2120,7.8,,,,,,107,29,5,447,4.2
4832952,Mekhi Collins,North Dakota State,MVFC,2024,,,,,,,,70,16,3,303,18.9,,,,,
4832955,Emmett Johnson,Nebraska,Big Ten,2024,,,,,,,,29,38,2,273,7.2,117,42,1,598,5.1
4833016,Chedon James,Fresno State,Mountain West,2024,,,,,,,,38,2,0,41,20.5,,,,,
4833029,Max Klare,Purdue,Big Ten,2024,,,,,,,,62,51,4,685,13.4,,,,,
4833072,Che Nwabuko,Pittsburgh,ACC,2024,,,,,,,,13,2,0,15,7.5,6,57,1,76,12.7
4833073,Zion Steptoe,Tulsa,American Athletic,2024,,,,,,,,34,15,0,203,13.5,,,,,
4833238,Jaydon Johnson,Louisiana,Sun Belt,2024,,,,,,,,32,5,0,73,14.6,,,,,
4833356,Zach Courtney,Coastal Carolina,Sun Belt,2024,,,,,,,,8,3,1,18,6.0,,,,,
4833372,Sean Sallis,East Texas A&M,Southland,2024,,,,,,,,51,18,2,223,12.4,,,,,
4833591,Ky Woods,Nevada,Mountain West,2024,,,,,,,,5,3,0,8,2.7,7,8,0,25,3.6
4833597,Brayden Fowler-Nicolosi,Colorado State,Mountain West,2024,374,227,8,0.607,14,2755,7.4,6,1,1,6,6.0,43,23,4,80,1.9
4833625,Jordan Nabors,Stephen F. Austin,Southland,2024,,,,,,,,96,29,6,524,18.1,5,21,0,41,8.2
4833629,Jace Wilson,UTSA,American Athletic,2024,,,,,,,,13,9,0,79,8.8,,,,,
4833635,Landy Lyddy,UAB,American Athletic,2024,5,1,0,0.200,0,0,0.0,,,,,,1,11,0,11,11.0
4834817,Jayshon Platt,Florida Atlantic,American Athletic,2024,,,,,,,,11,4,1,38,9.5,,,,,
4836471,Jackson Stratton,Iowa,Big Ten,2024,35,21,0,0.600,1,219,6.3,,,,,,6,14,0,4,0.7
4836476,Davin Wydner,West Georgia,UAC,2024,207,125,2,0.604,7,1515,7.3,,,,,,58,47,7,216,3.7
4837182,Eden James,Howard,MEAC,2024,,,,,,,,34,23,0,148,6.4,97,19,3,422,4.4
4837193,Jmariyae Robinson,Missouri State,MVFC,2024,,,,,,,,44,38,4,585,15.4,8,23,3,47,5.9
4837194,Jaylan Sanchez,Villanova,CAA,2024,,,,,,,,72,39,3,537,13.8,5,16,0,8,1.6
4837195,Luca Stanzani,Long Island University,NEC,2024,142,80,3,0.563,8,729,5.1,,,,,,40,28,2,182,4.6
4837200,Junior Vandeross,Toledo,Mid-American,2024,,,,,,,,73,85,5,957,11.3,2,6,0,10,5.0
4837248,Fernando Mendoza,California,ACC,2024,386,265,6,0.687,16,3004,7.8,15,0,1,15,0,87,50,2,105,1.2
4837269,Omari Hayes,Florida Atlantic,American Athletic,2024,,,,,,,,71,39,3,590,15.1,3,7,0,7,2.3
4837335,Richard Reese,Baylor,Big 12,2024,,,,,,,,24,6,0,41,6.8,58,28,1,241,4.2
4837336,Noah Cundiff,New Hampshire,CAA,2024,,,,,,,,9,2,0,14,7.0,,,,,
4837341,Fred Highsmith,Charleston Southern,Big South-OVC,2024,,,,,,,,25,1,0,25,25.0,,,,,
4837372,Ty Anderson,East Tennessee State,Southern,2024,,,,,,,,,,,,,2,1,1,0,0.0
4837383,AJ Lopez,Harvard,Ivy,2024,,,,,,,,,,,,,1,0,0,0,0.0
4837385,Jordan Mcdonald,Boston College,ACC,2024,,,,,,,,19,5,0,29,5.8,53,41,3,361,6.8
4837391,Maurice Turner,Louisville,ACC,2024,,,,,,,,8,1,0,8,8.0,27,21,1,136,5.0
4837392,Ty Washington,Arkansas,SEC,2024,,,,,,,,23,2,1,25,12.5,,,,,
4837462,Jaiden Credle,Middle Tennessee,Conference USA,2024,,,,,,,,19,27,0,125,4.6,109,66,4,471,4.3
4837469,Amari Jones,Florida International,Conference USA,2024,12,7,1,0.583,1,101,8.4,,,,,,12,18,0,21,1.8
4838269,OJ Arnold,Georgia Southern,Sun Belt,2024,1,1,0,1.000,1,12,12.0,19,24,2,145,6.0,62,32,3,315,5.1
4838275,Kanye Varner,Alabama State,SWAC,2024,,,,,,,,13,1,0,13,13.0,,,,,
4838520,Micah Bell,Mercer,Southern,2024,,,,,,,,2,1,0,2,2.0,42,21,0,239,5.7
4838527,Josh Dallas,Georgia Southern,Sun Belt,2024,,,,,,,,59,46,6,614,13.3,4,14,1,37,9.3
4838532,Tyler Griffin,UL Monroe,Sun Belt,2024,,,,,,,,40,8,1,193,24.1,,,,,
4838536,Tyler Hughes,William & Mary,CAA,2024,23,12,2,0.522,0,132,5.7,,,,,,17,66,3,189,11.1
4838548,Marcus McFarlane,Elon,CAA,2024,,,,,,,,,,,,,2,3,0,4,2.0
4838549,Kamryn Perry,Miami (OH),Mid-American,2024,,,,,,,,40,10,0,166,16.6,,,,,
4838556,Kaleb Webb,Tennessee,SEC,2024,,,,,,,,13,6,0,48,8.0,,,,,
4838673,Isaiah Abbey,Harvard,Ivy,2024,,,,,,,,,,,,,8,10,0,32,4.0
4838679,Ashton Daniels,Stanford,ACC,2024,271,170,12,0.627,10,1700,6.3,,,,,,148,67,3,669,4.5
4838696,Dae'Quan Wright,Ole Miss,SEC,2024,,,,,,,,35,26,4,361,13.9,,,,,
4840113,Chase Belcher,West Georgia,UAC,2024,,,,,,,,70,10,0,137,13.7,42,33,3,188,4.5
4862220,Alex Bacchetta,Rice,American Athletic,2024,,,,,,,,,,,,,1,0,0,-19,-19.0
4867887,Terrance Carter,Louisiana,Sun Belt,2024,,,,,,,,74,48,4,689,14.4,,,,,
4868171,Tate Carney,Wake Forest,ACC,2024,,,,,,,,39,9,1,113,12.6,82,18,6,335,4.1
4868249,Davis Lane,Virginia,ACC,2024,,,,,,,,,,,,,1,1,0,1,1.0
4868300,Nate Johnson,Vanderbilt,SEC,2024,3,1,0,0.333,0,12,4.0,1,1,0,1,1.0,11,56,1,114,10.4
4868721,Tyler Voss,San Diego,Pioneer,2024,2,1,0,0.500,0,5,2.5,,,,,,,,,,
4869083,Hut Graham,Abilene Christian,UAC,2024,,,,,,,,31,12,1,171,14.3,,,,,
4869120,Ashton Hayes,Nevada,Mountain West,2024,,,,,,,,10,1,0,10,10.0,3,9,0,19,6.3
4869132,Reginald Virgil,Miami (OH),Mid-American,2024,,,,,,,,75,41,9,816,19.9,,,,,
4869252,Jaron Glover,Michigan State,Big Ten,2024,,,,,,,,34,15,2,192,12.8,2,14,0,20,10.0
4869294,Jake Appleget,Northern Illinois,Mid-American,2024,,,,,,,,20,4,0,45,11.3,,,,,
4869316,Oakie Salave'a,Hawai'i,Mountain West,2024,,,,,,,,8,1,0,8,8.0,,,,,
4869322,J.T. Seagreaves,Wisconsin,Big Ten,2024,,,,,,,,21,4,0,44,11.0,,,,,
4869340,Brock Spalding,East Carolina,American Athletic,2024,,,,,,,,25,5,0,71,14.2,1,0,0,0,0.0
4869341,Cade Yacamelli,Wisconsin,Big Ten,2024,,,,,,,,17,4,0,35,8.8,33,45,2,274,8.3
4869390,Wyatt Sullivan,Florida Atlantic,American Athletic,2024,,,,,,,,38,13,2,155,11.9,,,,,
4869442,Brayden Loftin,Kansas State,Big 12,2024,,,,,,,,23,11,2,125,11.4,,,,,
4869443,Tyler King,Wyoming,Mountain West,2024,,,,,,,,36,17,0,236,13.9,13,54,2,100,7.7
4869497,Tommy Mcintosh,Central Michigan,Mid-American,2024,,,,,,,,10,2,0,15,7.5,,,,,
4869519,Gabe Burkle,Iowa State,Big 12,2024,,,,,,,,32,26,1,296,11.4,,,,,
4869520,Octavian Smith Jr.,Maryland,Big Ten,2024,,,,,,,,27,30,2,315,10.5,1,2,0,2,2.0
4869534,Amari Niblack,Texas,SEC,2024,,,,,,,,20,5,0,33,6.6,,,,,
4869538,Dane Pardridge,Northern Illinois,Mid-American,2024,,,,,,,,39,20,3,238,11.9,1,15,0,15,15.0
4869552,Robert Briggs,Utah State,Mountain West,2024,,,,,,,,18,3,0,38,12.7,9,55,0,88,9.8
4869553,Bishop Davenport,South Alabama,Sun Belt,2024,79,48,1,0.608,3,604,7.6,,,,,,37,50,1,161,4.4
4869579,Chris Johnson,San Diego State,Mountain West,2024,,,,,,,,6,1,0,6,6.0,,,,,
4869581,Braylen Walker,Rice,American Athletic,2024,,,,,,,,50,22,1,264,12.0,,,,,
4869582,Cam Barfield,Hawai'i,Mountain West,2024,,,,,,,,18,7,0,55,7.9,33,21,0,158,4.8
4869590,Tyler Dostin,UT Martin,Big South-OVC,2024,,,,,,,,55,21,4,348,16.6,,,,,
4869599,Chrishon Mccray,Kent State,Mid-American,2024,1,0,0,0.000,0,0,0.0,68,40,9,705,17.6,3,19,0,20,6.7
4869601,Chance Morrow,Buffalo,Mid-American,2024,,,,,,,,30,4,0,59,14.8,,,,,
4869602,Toby Payne,Marshall,Sun Belt,2024,,,,,,,,32,17,6,168,9.9,,,,,
4869603,Cam Pickett,Ball State,Mid-American,2024,1,0,1,0.000,0,0,0.0,65,49,2,528,10.8,17,34,2,170,10.0
4869608,Maximus Webster,Ball State,Mid-American,2024,,,,,,,,9,1,0,9,9.0,,,,,
4869645,Caleb Douglas,Texas Tech,Big 12,2024,,,,,,,,57,60,6,880,14.7,,,,,
4869655,Jameel Gardner Jr.,Jackson State,SWAC,2024,,,,,,,,27,12,1,145,12.1,1,4,0,4,4.0
4869656,Makhi Green,Monmouth,CAA,2024,,,,,,,,26,9,0,95,10.6,55,46,0,278,5.1
4869699,Jackson Paradis,Massachusetts,FBS Independents,2024,,,,,,,,,,,,,21,13,1,70,3.3
4869728,Jeremiah Hasley,Duke,ACC,2024,,,,,,,,7,3,1,11,3.7,,,,,
4869730,Nik McMillan,Buffalo,Mid-American,2024,,,,,,,,31,5,1,76,15.2,,,,,
4869745,Kyirin Heath,Southern Miss,Sun Belt,2024,,,,,,,,34,15,2,210,14.0,,,,,
4869748,Zavion Thomas,LSU,SEC,2024,,,,,,,,21,23,2,218,9.5,9,26,0,76,8.4
4869802,Davis Dalton,Southern Miss,Sun Belt,2024,,,,,,,,29,15,2,172,11.5,,,,,
4869816,Vinny Anthony,Wisconsin,Big Ten,2024,,,,,,,,63,39,4,672,17.2,1,4,0,4,4.0
4869817,Cole Pennington,Marshall,Sun Belt,2024,7,5,0,0.714,1,57,8.1,,,,,,2,6,0,10,5.0
4869821,D.C. Temple,Central Michigan,Mid-American,2024,,,,,,,,28,5,0,66,13.2,,,,,
4869960,KZ Adams,South Carolina State,MEAC,2024,,,,,,,,11,10,1,69,6.9,91,37,5,433,4.8
4869961,Chris Bell,Louisville,ACC,2024,,,,,,,,68,43,4,737,17.1,2,47,0,43,21.5
4869962,Ashton Hollins,Illinois,Big Ten,2024,,,,,,,,29,2,0,40,20.0,,,,,
4869963,Charlie Kreinbucher,Bucknell,Patriot,2024,,,,,,,,20,21,1,162,7.7,,,,,
4869965,Kobe Prentice,Alabama,SEC,2024,,,,,,,,20,11,1,129,11.7,,,,,
4869991,Caden Veltkamp,Western Kentucky,Conference USA,2024,389,258,10,0.663,25,3108,8.0,,,,,,113,25,7,150,1.3
4870077,Curtis Deville Jr.,McNeese,Southland,2024,,,,,,,,22,5,0,75,15.0,,,,,
4870513,Maddux Madsen,Boise State,Mountain West,2024,396,247,6,0.624,23,3018,7.6,,,,,,57,49,5,221,3.9
4870518,Zeon Chriss,Houston,Big 12,2024,130,83,8,0.638,4,824,6.3,21,2,0,29,14.5,113,71,4,381,3.4
4870592,Jordyn Bailey,TCU,Big 12,2024,,,,,,,,18,9,2,52,5.8,3,59,1,74,24.7
4870601,Jaylen Bonelli,Wagner,NEC,2024,1,0,0,0.000,0,0,0.0,68,50,4,732,14.6,1,6,0,6,6.0
4870607,Jackson Arnold,Oklahoma,SEC,2024,246,154,3,0.626,12,1421,5.8,18,2,1,16,8.0,150,47,3,444,3.0
4870608,Benjamin Brahmer,Iowa State,Big 12,2024,,,,,,,,39,10,1,179,17.9,,,,,
4870612,Zachariah Branch,USC,Big Ten,2024,,,,,,,,42,47,1,503,10.7,2,15,0,17,8.5
4870613,Jay Avery,North Carolina A&T,CAA,2024,,,,,,,,27,2,0,46,23.0,,,,,
4870616,Javious Bond,East Carolina,American Athletic,2024,,,,,,,,,,,,,14,18,1,92,6.6
4870619,Jalen Brown,Florida State,ACC,2024,,,,,,,,21,8,0,75,9.4,,,,,
4870631,Derrick Bohler,Stephen F. Austin,Southland,2024,,,,,,,,8,2,0,12,6.0,,,,,
4870635,Anthony Brown,Kentucky,SEC,2024,,,,,,,,25,5,2,77,15.4,7,12,0,31,4.4
4870636,Pierce Clarkson,Louisville,ACC,2024,4,3,0,0.750,0,11,2.8,,,,,,4,9,0,6,1.5
4870642,Jeremiah Cobb,Auburn,SEC,2024,,,,,,,,16,6,0,45,7.5,29,27,0,142,4.9
4870645,Rickie Collins,LSU,SEC,2024,5,5,0,1.000,0,35,7.0,,,,,,4,11,0,18,4.5
4870653,Kevin Concepcion,NC State,ACC,2024,1,1,0,1.000,0,28,28.0,42,53,6,459,8.7,19,9,2,36,1.9
4870656,Johntay Cook II,Texas,SEC,2024,,,,,,,,40,8,2,137,17.1,,,,,
4870671,Kaleb Cost,North Carolina,ACC,2024,,,,,,,,11,2,0,11,5.5,,,,,
4870683,Ethan Davis,Tennessee,SEC,2024,,,,,,,,18,13,2,100,7.7,,,,,
4870686,Ike Daniels,Towson,CAA,2024,,,,,,,,13,1,0,13,13.0,18,35,2,75,4.2
4870696,Malik Elzy,Illinois,Big Ten,2024,,,,,,,,34,4,1,77,19.3,,,,,
4870699,Karmello English,West Georgia,UAC,2024,1,0,0,0.000,0,0,0.0,71,40,2,617,15.4,,,,,
4870709,Shamar Easter,Arkansas,SEC,2024,,,,,,,,16,1,0,16,16.0,,,,,
4870710,Isaiah Hardge,Colorado,Big 12,2024,,,,,,,,39,1,0,39,39.0,2,5,0,8,4.0
4870712,Cameron Edge,Maryland,Big Ten,2024,8,5,0,0.625,1,67,8.4,,,,,,,,,,
4870713,Rico Flores,UCLA,Big Ten,2024,,,,,,,,53,12,1,187,15.6,,,,,
4870728,Kaden Feagin,Illinois,Big Ten,2024,,,,,,,,12,5,0,37,7.4,67,34,3,306,4.6
4870733,Cooper Flanagan,Notre Dame,FBS Independents,2024,,,,,,,,28,4,2,55,13.8,,,,,
4870736,Mark Fletcher Jr.,Miami,ACC,2024,,,,,,,,22,10,0,106,10.6,112,30,9,607,5.4
4870739,Christian Hamilton,North Carolina,ACC,2024,,,,,,,,58,7,1,159,22.7,,,,,
4870743,William Fowles,App State,Sun Belt,2024,,,,,,,,19,2,0,29,14.5,,,,,
4870745,Nyck Harbor,South Carolina,SEC,2024,,,,,,,,43,26,3,376,14.5,1,1,0,1,1.0
4870747,Adam Hopkins,Charlotte,American Athletic,2024,,,,,,,,8,3,0,8,2.7,,,,,
4870754,Rodney Gallagher,West Virginia,Big 12,2024,,,,,,,,33,26,3,288,11.1,16,10,0,51,3.2
4870757,Ahmad Haston,Massachusetts,FBS Independents,2024,9,8,0,0.889,0,39,4.3,,,,,,18,38,1,174,9.7
4870760,Justice Haynes,Alabama,SEC,2024,,,,,,,,13,17,0,99,5.8,79,85,7,448,5.7
4870768,Jaden Greathouse,Notre Dame,FBS Independents,2024,,,,,,,,54,42,4,592,14.1,,,,,
4870770,Nathaniel Joseph,Miami,ACC,2024,,,,,,,,36,6,0,74,12.3,,,,,
4870793,Tad Hudson,Coastal Carolina,Sun Belt,2024,26,17,0,0.654,2,173,6.7,,,,,,12,14,0,15,1.3
4870795,Makai Lemon,USC,Big Ten,2024,1,1,0,1.000,0,39,39.0,70,52,3,764,14.7,,,,,
4870797,Luke Hasz,Arkansas,SEC,2024,,,,,,,,43,26,4,324,12.5,,,,,
4870799,Nico Iamaleava,Tennessee,SEC,2024,334,213,5,0.638,19,2616,7.8,,,,,,109,31,3,364,3.3
4870802,Sedrick Irvin,Stanford,ACC,2024,,,,,,,,51,5,0,107,21.4,18,19,0,69,3.8
4870808,Jeremiyah Love,Notre Dame,FBS Independents,2024,,,,,,,,32,28,2,237,8.5,163,98,17,1125,6.9
4870809,Braylon James,TCU,Big 12,2024,,,,,,,,5,3,0,11,3.7,,,,,
4870819,Eli Holstein,Pittsburgh,ACC,2024,290,179,7,0.617,17,2225,7.7,,,,,,81,49,3,328,4.0
4870820,Datrell Jones,Boston College,ACC,2024,,,,,,,,,,,,,8,47,1,73,9.1
4870826,Micah Mays Jr.,Wake Forest,ACC,2024,,,,,,,,41,16,2,218,13.6,,,,,
4870835,Brandon Inniss,Ohio State,Big Ten,2024,,,,,,,,27,14,1,176,12.6,,,,,
4870836,Xavier Irvin,Temple,American Athletic,2024,,,,,,,,16,3,0,38,12.7,,,,,
4870839,Kaleb Jackson,LSU,SEC,2024,,,,,,,,12,5,0,42,8.4,47,19,0,149,3.2
4870842,Vandrevious Jacobs,South Carolina,SEC,2024,,,,,,,,41,12,0,181,15.1,,,,,
4870843,Theo Melin Ohrstrom,Texas A&M,SEC,2024,,,,,,,,30,10,2,184,18.4,,,,,
4870847,Ja'Kobi Lane,USC,Big Ten,2024,,,,,,,,33,43,12,525,12.2,,,,,
4870848,Tyler Jefferson,Central Michigan,Mid-American,2024,58,27,1,0.466,0,286,4.9,,,,,,43,44,1,233,5.4
4870850,Omarion Miller,Colorado,Big 12,2024,,,,,,,,58,10,1,216,21.6,,,,,
4870857,Avery Johnson,Kansas State,Big 12,2024,372,217,10,0.583,25,2712,7.3,,,,,,113,33,7,605,5.4
4870858,Cayden Lee,Ole Miss,SEC,2024,,,,,,,,58,57,2,874,15.3,2,13,0,18,9.0
4870859,Noble Johnson,Clemson,ACC,2024,,,,,,,,6,3,0,16,5.3,,,,,
4870860,DeAndre Moore Jr.,Texas,SEC,2024,,,,,,,,49,39,7,455,11.7,,,,,
4870864,Gabarri Johnson,Oregon State,Pac-12,2024,29,15,1,0.517,0,174,6.0,,,,,,26,23,1,106,4.1
4870868,Jayden Limar,Oregon,Big Ten,2024,,,,,,,,65,2,1,71,35.5,25,11,0,71,2.8
4870869,Brett Norfleet,Missouri,SEC,2024,,,,,,,,36,26,2,235,9.0,,,,,
4870870,Ty Lockwood,Alabama,SEC,2024,,,,,,,,5,1,0,5,5.0,,,,,
4870874,Lawson Luckie,Georgia,SEC,2024,,,,,,,,37,24,3,348,14.5,,,,,
4870876,Kyler Kasper,Oregon,Big Ten,2024,,,,,,,,21,1,0,21,21.0,,,,,
4870889,Chris Parson,Mississippi State,SEC,2024,2,0,0,0.000,0,0,0.0,,,,,,8,10,0,31,3.9
4870900,Dylan Lonergan,Alabama,SEC,2024,6,5,0,0.833,0,23,3.8,,,,,,1,16,0,16,16.0
4870906,Arch Manning,Texas,SEC,2024,90,61,2,0.678,9,938,10.4,,,,,,25,67,4,108,4.3
4870912,Traylon Ray,West Virginia,Big 12,2024,,,,,,,,54,28,4,426,15.2,1,2,0,2,2.0
4870921,Dante Moore,Oregon,Big Ten,2024,8,7,0,0.875,0,49,6.1,,,,,,1,6,0,6,6.0
4870922,Duce Robinson,USC,Big Ten,2024,,,,,,,,48,23,5,396,17.2,,,,,
4870927,Bryson Rodgers,Ohio State,Big Ten,2024,,,,,,,,12,5,0,46,9.2,,,,,
4870928,Malachi Nelson,Boise State,Mountain West,2024,17,12,1,0.706,0,128,7.5,,,,,,2,0,0,-11,-5.5
4870929,Noah Rogers,NC State,ACC,2024,,,,,,,,75,35,1,478,13.7,,,,,
4870934,Rueben Owens,Texas A&M,SEC,2024,,,,,,,,6,1,0,6,6.0,16,11,0,66,4.1
4870941,Cameron Seldon,Tennessee,SEC,2024,,,,,,,,0,1,0,-2,-2.0,23,14,1,118,5.1
4870951,Jaquaize Pettaway,Oklahoma,SEC,2024,,,,,,,,46,5,0,87,17.4,,,,,
4870954,Randy Pittman,UCF,Big 12,2024,,,,,,,,48,32,2,416,13.0,,,,,
4870955,Samuel Singleton,Florida State,ACC,2024,,,,,,,,4,3,0,3,1.0,21,27,0,93,4.4
4870959,Shamar Porter,UConn,FBS Independents,2024,,,,,,,,39,6,3,113,18.8,,,,,
4870965,Tastean Reddicks,Oregon State,Pac-12,2024,,,,,,,,29,17,0,222,13.1,,,,,
4870971,Marcel Reed,Texas A&M,SEC,2024,240,147,6,0.613,15,1864,7.8,4,0,0,4,0,116,31,7,547,4.7
4870994,Malachi Riley,Arizona,Big 12,2024,,,,,,,,7,1,0,7,7.0,1,15,0,15,15.0
4870999,Malachi Singleton,Arkansas,SEC,2024,28,21,0,0.750,1,358,12.8,,,,,,16,42,3,67,4.2
4871001,Jaedn Skeete,Boston College,ACC,2024,,,,,,,,27,18,1,189,10.5,,,,,
4871013,Gemari Sands,Florida Atlantic,American Athletic,2024,,,,,,,,34,3,0,60,20.0,31,22,2,117,3.8
4871021,Lamar Seymore,Pittsburgh,ACC,2024,,,,,,,,5,1,0,5,5.0,,,,,
4871023,Carnell Tate,Ohio State,Big Ten,2024,,,,,,,,40,52,4,733,14.1,0,6,0,6,0
4871039,Jelani Thurman,Ohio State,Big Ten,2024,,,,,,,,19,4,1,42,10.5,,,,,
4871040,Creed Whittemore,Mississippi State,SEC,2024,,,,,,,,26,4,0,65,16.3,1,41,1,41,41.0
4871048,Hykeem Williams,Florida State,ACC,2024,,,,,,,,33,16,1,187,11.7,,,,,
4871050,Marquese Williams,Akron,Mid-American,2024,,,,,,,,,,,,,6,7,0,13,2.2
4871051,J.T. Smith Jr.,Wofford,Southern,2024,,,,,,,,55,24,2,192,8.0,68,22,2,252,3.7
4871053,Daylan Smothers,NC State,ACC,2024,,,,,,,,72,19,2,263,13.8,89,53,6,571,6.4
4871054,Riley Williams,Miami,ACC,2024,,,,,,,,29,7,0,115,16.4,,,,,
4871059,Jonah Wilson,Houston,Big 12,2024,,,,,,,,13,9,0,58,6.4,,,,,
4871065,Treyaun Webb,Florida,SEC,2024,,,,,,,,,,,,,21,14,1,93,4.4
4871068,Rashid Williams,Washington,Big Ten,2024,,,,,,,,36,11,1,138,12.5,,,,,
4871071,Quentin Thomas,Campbell,CAA,2024,,,,,,,,4,1,0,4,4.0,,,,,
4871076,Tre Wisner,Texas,SEC,2024,,,,,,,,50,44,1,311,7.1,226,43,5,1064,4.7
4871081,Richard Young,Alabama,SEC,2024,,,,,,,,7,1,0,7,7.0,27,62,2,146,5.4
4871088,Ayden Williams,Ole Miss,SEC,2024,,,,,,,,14,3,0,39,13.0,,,,,
4871091,D'Wayne' Winfield,Louisiana,Sun Belt,2024,2,1,0,0.500,0,6,3.0,,,,,,5,5,0,19,3.8
4871100,John Locke,Louisiana Tech,Conference USA,2024,,,,,,,,2,1,0,2,2.0,,,,,
4871148,Jaylin Lucas,Florida State,ACC,2024,,,,,,,,25,3,0,39,13.0,2,10,0,13,6.5
4871708,Luke McLaughlin,Boston College,ACC,2024,,,,,,,,12,2,0,17,8.5,,,,,
4872459,Jarrett Synek,South Dakota,MVFC,2024,1,0,0,0.000,0,0,0.0,,,,,,2,16,0,20,10.0
4872477,Alex Bullock,Nebraska,Big Ten,2024,,,,,,,,12,1,0,12,12.0,,,,,
4872721,Cardell Williams,Tulsa,American Athletic,2024,11,5,0,0.455,0,37,3.4,,,,,,13,28,2,65,5.0
4872836,Jhari Patterson,East Carolina,American Athletic,2024,,,,,,,,27,33,1,281,8.5,7,30,0,91,13.0
4872940,Ron Vann,Eastern Kentucky,UAC,2024,,,,,,,,20,21,1,210,10.0,,,,,
4872943,Timothy Gans,New Mexico State,Conference USA,2024,,,,,,,,14,3,0,24,8.0,16,7,0,62,3.9
4872956,Holman Edwards,Houston,Big 12,2024,1,0,0,0.000,0,0,0.0,,,,,,,,,,
4872957,Raylen Sharpe,Fresno State,Mountain West,2024,1,1,0,1.000,1,26,26.0,38,51,3,523,10.3,4,56,0,72,18.0
4872991,Zane Minors,SMU,ACC,2024,,,,,,,,,,,,,2,6,0,10,5.0
4873168,Jordan Anthony,Arkansas,SEC,2024,,,,,,,,27,8,1,111,13.9,2,4,0,7,3.5
4873234,Victor Rosa,UConn,FBS Independents,2024,,,,,,,,8,2,0,16,8.0,16,29,1,72,4.5
4873237,Kaedin Robinson,App State,Sun Belt,2024,1,0,1,0.000,0,0,0.0,50,53,2,840,15.8,1,13,0,13,13.0
4873270,Jackson Crosby,Clemson,ACC,2024,,,,,,,,21,2,0,25,12.5,,,,,
4873282,Tristen Rigby,Clemson,ACC,2024,,,,,,,,,,,,,1,1,0,1,1.0
4873283,Wise Segars Jr.,Clemson,ACC,2024,,,,,,,,,,,,,2,12,0,14,7.0
4873418,Kaden Helms,Oklahoma,SEC,2024,,,,,,,,10,2,1,19,9.5,,,,,
4873442,Xavier Brown,Virginia,ACC,2024,,,,,,,,46,9,2,127,14.1,80,75,1,488,6.1
4873456,Addison Ostrenga,Iowa,Big Ten,2024,,,,,,,,29,15,1,114,7.6,1,0,0,-3,-3.0
4873475,Max White,Iowa,Big Ten,2024,,,,,,,,,,,,,6,17,0,35,5.8
4873485,Johnny Pascuzzi,Iowa,Big Ten,2024,,,,,,,,40,1,0,40,40.0,,,,,
4873588,CJ Campbell,Florida Atlantic,American Athletic,2024,,,,,,,,78,40,3,466,11.7,165,58,11,860,5.2
4873590,Koby Gross,Florida A&M,SWAC,2024,,,,,,,,41,22,3,226,10.3,,,,,
4873609,Daylon Gordon,Georgia Tech,ACC,2024,,,,,,,,,,,,,2,3,0,5,2.5
4873612,Brody Rhodes,Georgia Tech,ACC,2024,,,,,,,,,,,,,2,9,0,17,8.5
4874423,Logan Muckey,Missouri,SEC,2024,,,,,,,,6,1,0,6,6.0,,,,,
4874436,Jack Stonehouse,Syracuse,ACC,2024,,,,,,,,,,,,,1,0,0,-13,-13.0
4874484,Mack Moeller,Kansas,Big 12,2024,,,,,,,,7,1,0,7,7.0,,,,,
4874506,Shane Porter,North Texas,American Athletic,2024,,,,,,,,13,16,0,91,5.7,97,79,5,648,6.7
4874509,DJ Giddens,Kansas State,Big 12,2024,,,,,,,,53,21,1,258,12.3,205,66,7,1343,6.6
4874510,Xavier Loyd,Illinois State,MVFC,2024,,,,,,,,59,64,6,885,13.8,4,9,0,4,1.0
4874527,Sam Jackson,Auburn,SEC,2024,,,,,,,,37,2,1,63,31.5,2,0,0,0,0.0
4874627,Nehemiah Martinez,Abilene Christian,UAC,2024,,,,,,,,75,76,10,1022,13.4,19,35,0,185,9.7
4875065,Matt Jones,Ole Miss,SEC,2024,,,,,,,,6,3,0,13,4.3,43,46,3,211,4.9
4875070,Rayf Vinson,Samford,Southern,2024,,,,,,,,89,5,1,122,24.4,,,,,
4875096,Zachary Jackson,Towson,CAA,2024,,,,,,,,0,1,0,0,0.0,,,,,
4875106,Kai Holloway,Robert Morris,NEC,2024,,,,,,,,6,3,0,16,5.3,,,,,
4875107,Robert Smith,Maryland,Big Ten,2024,,,,,,,,8,1,0,8,8.0,,,,,
4875125,Max Brown,Charlotte,American Athletic,2024,93,43,6,0.462,3,561,6.0,,,,,,33,20,0,85,2.6
4875127,Lanorris Sellers,South Carolina,SEC,2024,300,197,7,0.657,18,2527,8.4,,,,,,165,75,7,681,4.1
4875128,Lex Thomas,NC State,ACC,2024,8,5,1,0.625,1,65,8.1,,,,,,1,9,0,9,9.0
4875199,Patrick Wilk,Tennessee,SEC,2024,,,,,,,,,,,,,3,9,0,12,4.0
4875209,Andison Coby,Indiana,Big Ten,2024,,,,,,,,38,3,1,70,23.3,,,,,
4875267,George Hart III,Western Kentucky,Conference USA,2024,,,,,,,,21,7,0,34,4.9,44,30,2,204,4.6
4875272,Trond Grizzell,California,ACC,2024,,,,,,,,51,27,1,401,14.9,,,,,
4875282,Charlie Offerdahl,Colorado,Big 12,2024,,,,,,,,7,4,0,13,3.3,26,39,1,119,4.6
4875328,Hayden Erickson,South Dakota,MVFC,2024,,,,,,,,38,1,0,38,38.0,,,,,
4875350,Quentin Moore,Washington,Big Ten,2024,,,,,,,,14,1,0,14,14.0,,,,,
4875352,Cole Freeman,Columbia,Ivy,2024,113,61,6,0.540,7,755,6.7,,,,,,60,30,2,205,3.4
4875358,Anderson Grover,Sacramento State,Big Sky,2024,,,,,,,,54,59,7,782,13.3,,,,,
4875385,Jordan Nubin,Minnesota,Big Ten,2024,,,,,,,,19,3,0,32,10.7,11,7,0,19,1.7
4875412,Mark Didio,Wagner,NEC,2024,,,,,,,,47,26,2,273,10.5,,,,,
4875428,Jake Jensen,USC,Big Ten,2024,,,,,,,,,,,,,1,0,0,-1,-1.0
4875438,Khamran Laborn,East Tennessee State,Southern,2024,,,,,,,,8,8,0,48,6.0,33,40,3,236,7.2
4875451,Dale Martin,Louisiana,Sun Belt,2024,,,,,,,,22,4,0,33,8.3,,,,,
4875452,Treyv'on Culbert,Louisiana,Sun Belt,2024,,,,,,,,8,2,0,14,7.0,,,,,
4875608,Kamron Beachem,Fresno State,Mountain West,2024,,,,,,,,26,8,1,71,8.9,,,,,
4875612,Ross Fournet,Florida International,Conference USA,2024,,,,,,,,23,7,0,80,11.4,3,49,0,48,16.0
4875613,Dean Patterson,Florida International,Conference USA,2024,,,,,,,,52,50,7,685,13.7,5,11,2,24,4.8
4875645,Donald McKinney,Texas Southern,SWAC,2024,,,,,,,,49,9,3,142,15.8,,,,,
4875666,Nahree Biggins,Central Michigan,Mid-American,2024,,,,,,,,6,3,0,7,2.3,19,76,0,136,7.2
4875667,Marion Lukes,Central Michigan,Mid-American,2024,,,,,,,,43,16,1,160,10.0,161,66,5,788,4.9
4875671,Myles Bailey,Central Michigan,Mid-American,2024,,,,,,,,12,11,0,62,5.6,51,35,3,292,5.7
4875674,Jake Tafelski,Notre Dame,FBS Independents,2024,,,,,,,,14,1,0,14,14.0,1,2,0,2,2.0
4875684,Davis Heinzen,Central Michigan,Mid-American,2024,,,,,,,,,,,,,0,8,0,8,0
4875687,Tyrin Smith,Cincinnati,Big 12,2024,,,,,,,,13,4,0,32,8.0,,,,,
4875727,Latrell Fordham,Youngstown State,MVFC,2024,,,,,,,,32,15,1,148,9.9,1,13,0,13,13.0
4875733,Pat McQuaide,Nicholls,Southland,2024,367,215,9,0.586,14,2219,6.0,0,1,0,-16,-16.0,63,17,2,-28,-0.4
4875755,Mason Blakemore,Illinois State,MVFC,2024,,,,,,,,,,,,,1,2,0,2,2.0
4875767,Brock Lampe,Northern Illinois,Mid-American,2024,,,,,,,,21,9,1,91,10.1,7,3,1,14,2.0
4875775,Kanon Woodill,Northern Illinois,Mid-American,2024,,,,,,,,,,,,,1,0,0,0,0.0
4875786,Tru Edwards,Louisiana Tech,Conference USA,2024,,,,,,,,86,85,6,989,11.6,1,1,0,1,1.0
4875788,Jalen Walthall,Incarnate Word,Southland,2024,,,,,,,,71,84,14,1261,15.0,,,,,
4875791,Landon Sims,Hawai'i,Mountain West,2024,,,,,,,,52,13,0,153,11.8,71,29,1,351,4.9
4875792,David Cordero,Hawai'i,Mountain West,2024,,,,,,,,0,1,0,-1,-1.0,10,16,0,57,5.7
4875793,Nasjza Bryant,Black Hills State,Rocky Mountain,2024,,,,,,,,,,,,,3,2,0,6,2.0
4875794,Kamalu DeBlake,Hawai'i,Mountain West,2024,,,,,,,,,,,,,4,8,0,18,4.5
4875803,Karsyn Pupunu,Hawai'i,Mountain West,2024,,,,,,,,25,6,0,80,13.3,,,,,
4875810,Taharin Sudderth,Middle Tennessee,Conference USA,2024,,,,,,,,8,3,0,16,5.3,,,,,
4875853,Cody Jackson,Tarleton State,UAC,2024,,,,,,,,58,29,8,490,16.9,,,,,
4875854,Ben Harris,North Alabama,UAC,2024,38,18,2,0.474,0,273,7.2,19,1,1,19,19.0,22,18,1,104,4.7
4875855,Ralph Rucker,Bucknell,Patriot,2024,362,243,7,0.671,25,2800,7.7,,,,,,87,19,4,105,1.2
4875861,Ayo Adeyi,James Madison,Sun Belt,2024,,,,,,,,,,,,,21,12,1,40,1.9
4875866,Reese Poffenbarger,Miami,ACC,2024,7,6,0,0.857,0,20,2.9,,,,,,5,11,0,12,2.4
4875867,Isiah Paige,Old Dominion,Sun Belt,2024,,,,,,,,72,61,3,814,13.3,4,15,0,5,1.3
4875899,Christian Francisco,Rice,American Athletic,2024,,,,,,,,16,8,1,62,7.8,19,14,0,78,4.1
4875939,Teddy Davenport,Samford,Southern,2024,,,,,,,,19,6,0,34,5.7,,,,,
4876056,Jeffrey Johnson,California,ACC,2024,,,,,,,,12,2,0,13,6.5,,,,,
4876066,Zevi Eckhaus,Washington State,Pac-12,2024,50,37,2,0.740,4,424,8.5,,,,,,11,13,1,28,2.5
4876069,Tristen Riley,Bryant,CAA,2024,,,,,,,,25,15,2,155,10.3,,,,,
4876070,Taylor Wright-Rawls,Mercyhurst,NEC,2024,,,,,,,,15,3,0,30,10.0,,,,,
4876073,Fabrice Mukendi,Bryant,CAA,2024,,,,,,,,28,27,1,195,7.2,66,39,0,400,6.1
4876081,Bailey Lash,Bryant,CAA,2024,,,,,,,,17,1,0,17,17.0,,,,,
4876109,Jaden Jones,Cal Poly,Big Sky,2024,51,26,4,0.510,2,384,7.5,,,,,,16,53,1,144,9.0
4876111,Zion Hall,Cal Poly,Big Sky,2024,,,,,,,,11,12,0,35,2.9,59,29,1,256,4.3
4876132,Josh Cuevas,Alabama,SEC,2024,,,,,,,,43,16,1,218,13.6,,,,,
4876133,Michael Otterstedt,Cal Poly,Big Sky,2024,,,,,,,,34,3,1,53,17.7,,,,,
4876140,Kekoa Visperas,Eastern Washington,Big Sky,2024,267,200,2,0.749,17,2155,8.1,7,1,0,7,7.0,94,32,9,372,4.0
4876144,Tuna Altahir,Eastern Washington,Big Sky,2024,,,,,,,,12,9,2,45,5.0,135,33,3,695,5.1
4876145,Kentrell Williams Jr.,Eastern Washington,Big Sky,2024,,,,,,,,,,,,,7,9,0,37,5.3
4876160,Messiah Jones,Eastern Washington,Big Sky,2024,,,,,,,,7,1,0,7,7.0,,,,,
4876167,Benjamin Omayebu,Tarleton State,UAC,2024,,,,,,,,34,52,0,548,10.5,,,,,
4876182,Drew Deck,Montana,Big Sky,2024,,,,,,,,18,7,0,78,11.1,,,,,
4876196,Erik Barker,Montana,Big Sky,2024,,,,,,,,29,11,3,103,9.4,,,,,
4876199,Daniel Britt,Northern State,Northern Sun,2024,11,8,1,0.727,0,60,5.5,,,,,,8,24,0,20,2.5
4876214,Jake Olson,Montana,Big Sky,2024,,,,,,,,9,3,1,18,6.0,,,,,
4876232,Titan Fleischmann,Montana State,Big Sky,2024,,,,,,,,,,,,,0,0,0,-3,0
4876243,Elijah Taylor,Northern Arizona,Big Sky,2024,,,,,,,,10,2,0,16,8.0,,,,,
4876244,RJ Martinez,Texas State,Sun Belt,2024,24,18,1,0.750,0,148,6.2,,,,,,8,15,0,21,2.6
4876245,PJ London,Northern Arizona,Big Sky,2024,38,22,3,0.579,1,261,6.9,,,,,,20,15,1,92,4.6
4876273,Jacquez Robertson,Northern Colorado,Big Sky,2024,,,,,,,,0,1,0,-2,-2.0,20,14,0,80,4.0
4876282,Devin Bale,Arkansas,SEC,2024,,,,,,,,,,,,,2,25,0,20,10.0
4876311,Elijah Tau-Tolliver,Sacramento State,Big Sky,2024,1,0,1,0.000,0,0,0.0,27,37,2,287,7.8,183,70,7,954,5.2
4876330,Jackson Berry,Southern Utah,UAC,2024,187,117,2,0.626,9,1390,7.4,,,,,,77,50,0,235,3.1
4876352,Jessie Campbell,McNeese,Southland,2024,,,,,,,,39,20,1,263,13.2,,,,,
4876364,Matteo Perez,UC Davis,Big Sky,2024,,,,,,,,20,19,1,147,7.7,70,21,0,292,4.2
4876366,Winston Williams,UC Davis,Big Sky,2024,,,,,,,,31,31,5,235,7.6,,,,,
4876376,Creyton Cooper,Weber State,Big Sky,2024,,,,,,,,,,,,,4,10,0,8,2.0
4876378,Damon Bankston,Weber State,Big Sky,2024,,,,,,,,48,8,0,111,13.9,172,75,6,1093,6.4
4876386,Devin Ford,Weber State,Big Sky,2024,,,,,,,,13,1,0,13,13.0,,,,,
4876405,Joshua Brown,Wagner,NEC,2024,,,,,,,,,,,,,2,3,0,-8,-4.0
4876407,Rickey Spruill,Wagner,NEC,2024,1,1,0,1.000,1,80,80.0,81,20,3,204,10.2,119,60,4,612,5.1
4876414,Trevor Shorter,Merrimack,FCS Independents,2024,,,,,,,,13,4,1,27,6.8,,,,,
4876423,Tommy Brown,Wagner,NEC,2024,1,0,0,0.000,0,0,0.0,,,,,,,,,,
4876444,Max Monroe,Presbyterian,Pioneer,2024,,,,,,,,,,,,,1,2,0,2,2.0
4876456,Samuel Baddoo,Brown,Ivy,2024,,,,,,,,17,20,0,114,5.7,,,,,
4876457,Jake Willcox,Brown,Ivy,2024,330,215,13,0.652,9,2085,6.3,33,1,0,33,33.0,70,21,2,298,4.3
4876459,Ben Moseley,Brown,Ivy,2024,,,,,,,,31,22,0,268,12.2,,,,,
4876461,Will Jarvis,Brown,Ivy,2024,1,1,0,1.000,0,33,33.0,7,1,0,7,7.0,,,,,
4876468,Jordan DeLucia,Brown,Ivy,2024,,,,,,,,11,11,0,39,3.5,48,12,2,172,3.6
4876471,Stockton Owen,Brown,Ivy,2024,,,,,,,,22,25,0,174,7.0,90,16,1,334,3.7
4876495,Bryson Canty,Columbia,Ivy,2024,,,,,,,,55,42,8,708,16.9,,,,,
4876505,Rocco Milia,Columbia,Ivy,2024,,,,,,,,,,,,,1,2,0,2,2.0
4876515,Jack Larsen,Columbia,Ivy,2024,,,,,,,,9,2,0,17,8.5,,,,,
4876533,RJ Jackson,Campbell,CAA,2024,,,,,,,,27,12,0,163,13.6,,,,,
4876574,Landon Sauers,Charleston Southern,Big South-OVC,2024,,,,,,,,31,9,1,74,8.2,,,,,
4876576,Roderick Hawkins,Charleston Southern,Big South-OVC,2024,,,,,,,,,,,,,4,5,0,19,4.8
4876598,Seth Anderson,Iowa,Big Ten,2024,,,,,,,,42,5,0,106,21.2,2,9,0,8,4.0
4876611,Michael Hardyway,Bucknell,Patriot,2024,56,32,1,0.571,3,374,6.7,,,,,,11,15,0,17,1.5
4876612,Marques Owens,Bucknell,Patriot,2024,,,,,,,,8,1,0,8,8.0,,,,,
4876613,Rushawn Baker,Elon,CAA,2024,,,,,,,,15,8,0,48,6.0,183,54,9,859,4.7
4876618,Paul Neel,Bucknell,Patriot,2024,,,,,,,,44,11,1,96,8.7,76,18,3,274,3.6
4876635,Kyle Fontes,Bucknell,Patriot,2024,,,,,,,,13,2,0,17,8.5,,,,,
4876642,Maleek Huggins,Bethune-Cookman,SWAC,2024,2,0,0,0.000,0,0,0.0,62,35,3,513,14.7,1,0,0,-9,-9.0
4876659,Jonathan Burns,East Tennessee State,Southern,2024,,,,,,,,33,5,1,95,19.0,,,,,
4876662,Michael Brescia,Colgate,Patriot,2024,76,43,1,0.566,1,412,5.4,6,3,0,14,4.7,51,25,3,211,4.1
4876666,Brendan Cassamajor,Colgate,Patriot,2024,,,,,,,,12,2,0,6,3.0,38,16,4,136,3.6
4876667,Tank Pritchett,Colgate,Patriot,2024,,,,,,,,,,,,,1,8,0,8,8.0
4876674,Shelby Pruett,Colgate,Patriot,2024,,,,,,,,,,,,,1,1,0,1,1.0
4876685,Julius Loughridge,Fordham,Patriot,2024,,,,,,,,44,20,0,151,7.6,194,55,9,1044,5.4
4876695,Jaden Allen,Fordham,Patriot,2024,,,,,,,,4,1,0,4,4.0,,,,,
4876700,Brock Biestek,Georgetown,Patriot,2024,,,,,,,,15,5,0,37,7.4,,,,,
4876711,Naieem Kearney,Georgetown,Patriot,2024,,,,,,,,7,7,0,21,3.0,76,33,6,344,4.5
4876730,Luke Wooten,Butler,Pioneer,2024,,,,,,,,70,35,2,604,17.3,4,5,0,15,3.8
4876736,Joey Audia,Butler,Pioneer,2024,2,1,0,0.500,0,34,17.0,26,9,0,76,8.4,7,23,0,67,9.6
4876744,Cameron Heald,Butler,Pioneer,2024,,,,,,,,12,5,0,27,5.4,,,,,
4876745,Thomas Brown,North Carolina A&T,CAA,2024,,,,,,,,14,7,0,63,9.0,,,,,
4876752,Gabriel Benyard,Kennesaw State,Conference USA,2024,,,,,,,,27,19,0,162,8.5,4,44,0,44,11.0
4876753,Tykeem Wallace,Kennesaw State,Conference USA,2024,,,,,,,,24,23,0,181,7.9,6,4,0,14,2.3
4876772,Blake Bohannon,Kennesaw State,Conference USA,2024,,,,,,,,32,24,0,288,12.0,,,,,
4876788,Sam Valor,Davidson,Pioneer,2024,,,,,,,,0,1,0,0,0.0,25,25,3,197,7.9
4876789,Luke Durkin,Davidson,Pioneer,2024,66,40,0,0.606,7,559,8.5,6,1,1,6,6.0,44,32,2,105,2.4
4876791,Aaron Maione,Davidson,Pioneer,2024,2,2,0,1.000,1,30,15.0,60,19,2,241,12.7,32,20,0,165,5.2
4876792,Henry Dolan,Davidson,Pioneer,2024,,,,,,,,25,1,0,25,25.0,,,,,
4876797,Kellyn West,Davidson,Pioneer,2024,,,,,,,,42,7,0,100,14.3,12,15,0,65,5.4
4876800,LJ Phillips Jr.,Davidson,Pioneer,2024,11,6,1,0.545,1,55,5.0,,,,,,15,16,1,75,5.0
4876810,Blake Ellingson,Drake,Pioneer,2024,15,10,1,0.667,1,39,2.6,,,,,,36,41,3,162,4.5
4876818,Dorian Boyland,Drake,Pioneer,2024,,,,,,,,32,3,0,55,18.3,19,30,1,80,4.2
4876821,Davion Cherwin,Drake,Pioneer,2024,,,,,,,,14,12,0,71,5.9,69,91,6,441,6.4
4876831,Dante DeNardo,Drake,Pioneer,2024,,,,,,,,5,1,1,5,5.0,,,,,
4876839,Frankie Savino,Monmouth,CAA,2024,4,3,0,0.750,1,13,3.3,,,,,,2,3,0,3,1.5
4876860,TJ Speight,Monmouth,CAA,2024,,,,,,,,89,61,6,896,14.7,6,64,1,104,17.3
4876865,Carter Cravens,Morehead State,Pioneer,2024,169,88,5,0.521,10,1296,7.7,,,,,,47,20,0,-35,-0.7
4876871,Chance Harris,Morehead State,Pioneer,2024,,,,,,,,19,5,0,28,5.6,72,20,2,199,2.8
4876884,Ryan Upp,Morehead State,Pioneer,2024,,,,,,,,64,42,5,573,13.6,,,,,
4876902,Justin Luke,North Alabama,UAC,2024,,,,,,,,70,4,2,114,28.5,2,4,0,5,2.5
4876907,ShunDerrick Powell,Central Arkansas,UAC,2024,1,1,0,1.000,0,29,29.0,69,33,3,310,9.4,155,81,14,1296,8.4
4876947,Nigel Brown,Presbyterian,Pioneer,2024,,,,,,,,1,1,1,1,1.0,,,,,
4876948,Warner Bush,Presbyterian,Pioneer,2024,9,4,0,0.444,1,49,5.4,,,,,,3,18,0,15,5.0
4876962,Wyatt Hodges,Presbyterian,Pioneer,2024,2,1,0,0.500,0,30,15.0,16,10,1,69,6.9,2,11,0,22,11.0
4876964,Quante Jennings,Presbyterian,Pioneer,2024,,,,,,,,14,11,0,66,6.0,90,50,4,631,7.0
4876989,Jalyn Witcher,Delaware,CAA,2024,,,,,,,,18,5,1,42,8.4,,,,,
4876993,Josh Heverly,San Diego,Pioneer,2024,,,,,,,,33,27,6,398,14.7,,,,,
4876995,Ja'seem Reed,San Diego,Pioneer,2024,,,,,,,,47,74,12,996,13.5,3,12,0,17,5.7
4877002,Logan Gingg,San Diego,Pioneer,2024,,,,,,,,9,4,0,21,5.3,89,53,4,491,5.5
4877014,Nazeviah Burris,Florida International,Conference USA,2024,,,,,,,,22,22,1,209,9.5,2,15,0,13,6.5
4877021,Javin Whatley,Chattanooga,Southern,2024,,,,,,,,71,55,6,689,12.5,3,12,0,9,3.0
4877024,Sam Phillips,Chattanooga,Southern,2024,,,,,,,,84,48,3,790,16.5,,,,,
4877025,Reggie Davis,Chattanooga,Southern,2024,,,,,,,,37,6,1,66,11.0,206,24,5,842,4.1
4877042,Jay Graves-Billips,The Citadel,Southern,2024,,,,,,,,66,31,4,429,13.8,20,15,0,62,3.1
4877062,Elijah Bass,The Citadel,Southern,2024,,,,,,,,,,,,,2,33,0,34,17.0
4877085,Dany'e Brooks,Nicholls,Southland,2024,,,,,,,,39,8,0,119,14.9,,,,,
4877093,Terry Matthews,Nicholls,Southland,2024,,,,,,,,52,36,0,463,12.9,1,4,0,4,4.0
4877097,Jaylon Spears,Nicholls,Southland,2024,,,,,,,,29,3,0,39,13.0,18,29,0,47,2.6
4877127,Adrian Johnson,East Tennessee State,Southern,2024,,,,,,,,,,,,,3,25,0,31,10.3
4877137,Nate Brackett,East Tennessee State,Southern,2024,2,0,0,0.000,0,0,0.0,,,,,,,,,,
4877152,Kareame Cotton Jr,Northwestern State,Southland,2024,18,6,0,0.333,0,90,5.0,47,9,0,95,10.6,17,21,0,54,3.2
4877192,Jett Booker,SE Louisiana,Southland,2024,,,,,,,,24,2,0,29,14.5,,,,,
4877195,Corey Lorio,SE Louisiana,Southland,2024,,,,,,,,15,6,0,47,7.8,,,,,
4877203,Gage Larvadain,South Carolina,SEC,2024,,,,,,,,44,19,1,223,11.7,2,10,0,15,7.5
4877206,Joshua Harris,Furman,Southern,2024,,,,,,,,58,13,2,257,19.8,,,,,
4877209,Myion Hicks,Furman,Southern,2024,,,,,,,,8,6,0,12,2.0,124,19,4,442,3.6
4877211,Jace Wilson,Texas Southern,SWAC,2024,140,74,6,0.529,4,716,5.1,,,,,,56,29,2,115,2.1
4877212,Grant Robinson,Furman,Southern,2024,,,,,,,,9,12,0,35,2.9,76,17,2,208,2.7
4877235,Ryan Lamb,Furman,Southern,2024,,,,,,,,5,1,0,5,5.0,,,,,
4877282,Tre Lawrence,Alcorn State,SWAC,2024,48,26,3,0.542,2,257,5.4,,,,,,12,10,0,12,1.0
4877283,Skyler Jordan,Delaware State,MEAC,2024,,,,,,,,71,1,1,71,71.0,,,,,
4877285,Brandon Rogers,Alcorn State,SWAC,2024,,,,,,,,11,3,0,15,5.0,29,17,0,83,2.9
4877296,CJ Ogbonna,Buffalo,Mid-American,2024,336,190,5,0.565,19,2381,7.1,,,,,,122,26,8,346,2.8
4877307,Mali Walton,Southeast Missouri State,Big South-OVC,2024,,,,,,,,,,,,,2,0,0,-1,-0.5
4877316,Jack Clinkenbeard,Southeast Missouri State,Big South-OVC,2024,,,,,,,,9,4,0,29,7.3,,,,,
4877340,Tysan Robbins,Arkansas-Pine Bluff,SWAC,2024,,,,,,,,,,,,,1,1,0,1,1.0
4877345,Darnell Deas,Bethune-Cookman,SWAC,2024,1,1,0,1.000,0,37,37.0,70,9,2,175,19.4,8,19,0,43,5.4
4877346,Terry Lindsey,Bethune-Cookman,SWAC,2024,,,,,,,,1,1,0,1,1.0,9,10,0,27,3.0
4877351,Kameron Ingram,UCF,Big 12,2024,,,,,,,,,,,,,2,3,0,1,0.5
4877380,Quincy Crittendon,Samford,Southern,2024,394,277,12,0.703,18,2684,6.8,0,1,0,-9,-9.0,147,48,7,391,2.7
4877387,Junior Muratovic,Florida A&M,SWAC,2024,45,21,4,0.467,1,189,4.2,,,,,,5,19,0,3,0.6
4877395,Andre Powell Jr.,Florida A&M,SWAC,2024,,,,,,,,,,,,,1,3,0,3,3.0
4877416,Tate Taylor,Samford,Southern,2024,,,,,,,,29,3,0,47,15.7,,,,,
4877439,Hunter Rice,VMI,Southern,2024,1,1,0,1.000,0,16,16.0,29,17,0,100,5.9,195,59,7,800,4.1
4877458,Trace Pedigo,VMI,Southern,2024,,,,,,,,9,5,0,32,6.4,,,,,
4877473,JD Martin,Jackson State,SWAC,2024,,,,,,,,27,4,0,48,12.0,26,33,1,116,4.5
4877474,Kevin May,Alcorn State,SWAC,2024,,,,,,,,,,,,,2,3,0,4,2.0
4877476,Jayvian Allen,North Alabama,UAC,2024,,,,,,,,34,13,1,137,10.5,125,62,5,510,4.1
4877478,Jalal Dean,Tennessee State,Big South-OVC,2024,,,,,,,,61,52,6,616,11.8,,,,,
4877529,Sam Franklin,Oklahoma,SEC,2024,,,,,,,,9,5,0,18,3.6,18,34,0,132,7.3
4877546,TJ Sweet,UT Martin,Big South-OVC,2024,,,,,,,,,,,,,3,20,0,28,9.3
4877547,DeVonte Tanksley,UT Martin,Big South-OVC,2024,,,,,,,,65,44,3,658,15.0,4,1,0,-8,-2.0
4877558,Raphael Williams,Pittsburgh,ACC,2024,,,,,,,,35,36,6,419,11.6,1,0,0,-3,-3.0
4877566,Brayden Blackmon,Western Carolina,Southern,2024,,,,,,,,16,8,0,83,10.4,,,,,
4877583,Kyle Pinnix,Wofford,Southern,2024,,,,,,,,20,3,0,37,12.3,,,,,
4877585,Isaiah Mananga,Wofford,Southern,2024,,,,,,,,2,1,0,2,2.0,,,,,
4877615,Kyle Watkins,Wofford,Southern,2024,,,,,,,,63,49,1,822,16.8,4,9,0,8,2.0
4877627,Chase Gillespie,Vanderbilt,SEC,2024,,,,,,,,6,1,0,6,6.0,15,7,0,51,3.4
4877645,Darius Hale,Central Arkansas,UAC,2024,,,,,,,,14,21,1,117,5.6,133,53,12,700,5.3
4877647,Kylin James,UNLV,Mountain West,2024,,,,,,,,1,1,0,1,1.0,89,86,5,653,7.3
4877663,Kam Robinson,Central Arkansas,UAC,2024,,,,,,,,54,32,0,359,11.2,3,9,0,17,5.7
4877664,Myles Butler,Middle Tennessee,Conference USA,2024,,,,,,,,61,30,3,366,12.2,,,,,
4877671,Tyion Berry,Central Arkansas,UAC,2024,,,,,,,,23,13,2,163,12.5,,,,,
4877706,Jayden Higgins,Iowa State,Big 12,2024,,,,,,,,39,87,9,1183,13.6,,,,,
4877713,Braedon Sloan,Ball State,Mid-American,2024,1,1,0,1.000,1,22,22.0,72,29,1,329,11.3,150,40,4,597,4.0
4877714,Jaden Smith,UTEP,Conference USA,2024,1,1,0,1.000,1,4,4.0,41,21,0,177,8.4,1,0,0,-1,-1.0
4877717,Matthew Caldwell,Troy,Sun Belt,2024,224,141,8,0.629,13,1608,7.2,29,1,0,29,29.0,48,15,5,47,1.0
4877733,Pearson Baldwin,Jacksonville State,Conference USA,2024,,,,,,,,16,2,0,31,15.5,,,,,
4877735,Cole Fuller,Jacksonville State,Conference USA,2024,,,,,,,,,,,,,1,1,1,1,1.0
4877738,Brock Rechsteiner,Jacksonville State,Conference USA,2024,,,,,,,,85,16,2,241,15.1,,,,,
4877772,Charlie Mill,Elon,CAA,2024,,,,,,,,18,3,0,27,9.0,,,,,
4877773,Johncarlos Miller II,Texas Tech,Big 12,2024,,,,,,,,45,10,3,122,12.2,,,,,
4877774,Jamarien Dalton,Elon,CAA,2024,,,,,,,,30,31,2,408,13.2,,,,,
4877778,Jeff Yurk,Elon,CAA,2024,3,2,0,0.667,0,17,5.7,,,,,,,,,,
4877783,Keller Gammons,Lafayette,Patriot,2024,,,,,,,,1,1,0,1,1.0,,,,,
4877785,Chris Carasia,Lafayette,Patriot,2024,,,,,,,,41,38,6,480,12.6,,,,,
4877796,Gabe Decker,Lafayette,Patriot,2024,,,,,,,,6,1,0,6,6.0,,,,,
4877809,Ryder Langsdale,Lafayette,Patriot,2024,,,,,,,,0,1,0,-8,-8.0,,,,,
4877811,Billy Atkins,James Madison,Sun Belt,2024,24,16,0,0.667,1,181,7.5,,,,,,2,3,0,6,3.0
4877812,Maxwell James,Monmouth,CAA,2024,,,,,,,,42,22,4,293,13.3,,,,,
4877824,Zach Horton,Indiana,Big Ten,2024,,,,,,,,18,21,4,189,9.0,,,,,
4877836,Matt Rauscher,Lehigh,Patriot,2024,,,,,,,,,,,,,1,0,0,0,0.0
4877850,Dylan McFadden,Lehigh,Patriot,2024,,,,,,,,51,6,0,117,19.5,,,,,
4877868,Eli Mahan,Maine,CAA,2024,,,,,,,,8,2,0,12,6.0,,,,,
4877870,Declan McKevitt,Maine,CAA,2024,,,,,,,,25,4,1,54,13.5,,,,,
4877890,Kyle Wickersham,Richmond,CAA,2024,59,34,3,0.576,1,335,5.7,,,,,,39,20,2,176,4.5
4877895,Aaron Trusler,Richmond,CAA,2024,,,,,,,,,,,,,1,13,0,13,13.0
4877905,Jerry Garcia Jr.,Richmond,CAA,2024,,,,,,,,48,29,2,378,13.0,3,22,0,39,13.0
4877906,Ja'Vion Griffin,Richmond,CAA,2024,,,,,,,,32,22,1,311,14.1,,,,,
4878109,Hayden Hansen,Florida,SEC,2024,,,,,,,,40,15,1,207,13.8,,,,,
4878133,Lukkas Londono,Towson,CAA,2024,,,,,,,,23,12,0,148,12.3,,,,,
4878151,Darius Wilson,William & Mary,CAA,2024,245,152,8,0.620,12,1941,7.9,6,1,1,6,6.0,138,53,9,615,4.5
4878155,Ryan Shonk,William & Mary,CAA,2024,,,,,,,,,,,,,1,7,0,7,7.0
4878160,Trey McDonald,William & Mary,CAA,2024,,,,,,,,31,10,0,130,13.0,,,,,
4878166,Matthew Pilc,Cornell,Ivy,2024,,,,,,,,12,3,0,18,6.0,,,,,
4878174,Terrance Caldwell,Weber State,Big Sky,2024,,,,,,,,,,,,,1,0,0,-1,-1.0
4878185,Luke Malaga,Cornell,Ivy,2024,,,,,,,,5,1,0,5,5.0,,,,,
4878188,Chad Martini,Cornell,Ivy,2024,2,2,0,1.000,0,41,20.5,9,6,0,42,7.0,,,,,
4878192,Hunter Sloan,Cornell,Ivy,2024,,,,,,,,40,1,0,40,40.0,,,,,
4878194,Eddy Tillman,Cornell,Ivy,2024,,,,,,,,3,1,0,3,3.0,24,16,1,89,3.7
4878195,Robert Tucker III,Cornell,Ivy,2024,1,1,0,1.000,0,40,40.0,30,9,1,71,7.9,37,74,2,304,8.2
4878197,Jameson Wang,Cornell,Ivy,2024,368,238,11,0.647,24,2413,6.6,1,1,0,1,1.0,106,30,7,493,4.7
4878202,Christian Benson,Dartmouth,Ivy,2024,,,,,,,,2,1,0,2,2.0,4,3,0,7,1.8
4878209,Alex Geraci,Dartmouth,Ivy,2024,,,,,,,,9,3,0,20,6.7,,,,,
4878210,Jackson Gerard,Dartmouth,Ivy,2024,,,,,,,,17,3,0,39,13.0,,,,,
4878211,Davis Golick,Dartmouth,Ivy,2024,,,,,,,,,,,,,1,0,0,-10,-10.0
4878218,Q Jones,Dartmouth,Ivy,2024,,,,,,,,19,5,1,45,9.0,153,40,3,682,4.5
4878223,Jackson Proctor,Dartmouth,Ivy,2024,190,129,3,0.679,13,1506,7.9,,,,,,55,75,4,352,6.4
4878224,Painter Richards-Baker,Dartmouth,Ivy,2024,,,,,,,,75,14,2,260,18.6,,,,,
4878231,Scott Woods II,Harvard,Ivy,2024,,,,,,,,65,51,3,542,10.6,7,15,0,28,4.0
4878238,Charles DePrima,Harvard,Ivy,2024,25,18,0,0.720,2,205,8.2,52,8,1,148,18.5,67,52,6,411,6.1
4878241,Malik Frederick,Harvard,Ivy,2024,,,,,,,,3,1,0,3,3.0,41,25,1,167,4.1
4878243,Shane McLaughlin,Harvard,Ivy,2024,,,,,,,,18,2,0,18,9.0,66,18,3,248,3.8
4878255,Aidan Sayin,Pennsylvania,Ivy,2024,165,98,5,0.594,6,1083,6.6,,,,,,21,18,2,3,0.1
4878256,Jacob Cisneros,Pennsylvania,Ivy,2024,,,,,,,,19,1,1,19,19.0,,,,,
4878262,Julien Stokes,Pennsylvania,Ivy,2024,,,,,,,,47,36,2,294,8.2,,,,,
4878265,Bryce Myers,Pennsylvania,Ivy,2024,,,,,,,,30,9,1,90,10.0,,,,,
4878267,Mike Fraraccio,Pennsylvania,Ivy,2024,,,,,,,,6,1,1,6,6.0,,,,,
4878275,Davis Ellis,Pennsylvania,Ivy,2024,,,,,,,,6,3,0,12,4.0,,,,,
4878277,Justin Cayenne,Pennsylvania,Ivy,2024,,,,,,,,15,9,1,57,6.3,,,,,
4878284,Tommy Rittenhouse,Illinois State,MVFC,2024,385,256,6,0.665,17,2819,7.3,,,,,,78,71,8,480,6.2
4878290,Wenkers Wright,Illinois State,MVFC,2024,,,,,,,,39,18,1,148,8.2,213,54,11,1093,5.1
4878293,Daniel Sobkowicz,Illinois State,MVFC,2024,1,1,0,1.000,1,28,28.0,84,78,9,1091,14.0,1,0,0,-3,-3.0
4878295,Scotty Presson Jr.,Illinois State,MVFC,2024,,,,,,,,41,11,0,121,11.0,,,,,
4878310,J'Kalon Carter,Murray State,MVFC,2024,,,,,,,,44,42,1,560,13.3,1,0,0,-2,-2.0
4878394,Ajay Allen,Miami,ACC,2024,,,,,,,,16,2,0,23,11.5,24,56,2,183,7.6
4878681,Davis Warren,Michigan,Big Ten,2024,207,133,9,0.643,7,1198,5.8,,,,,,17,13,0,-22,-1.3
4878686,Peyton O'Leary,Michigan,Big Ten,2024,,,,,,,,22,10,1,102,10.2,,,,,
4878687,Joe Taylor,Michigan,Big Ten,2024,,,,,,,,9,1,0,9,9.0,,,,,
4878695,Max Bredeson,Michigan,Big Ten,2024,,,,,,,,15,3,0,24,8.0,,,,,
4878789,Daniel Lopes,Villanova,CAA,2024,,,,,,,,23,13,0,146,11.2,,,,,
4878793,James Welde,Villanova,CAA,2024,,,,,,,,5,1,1,5,5.0,,,,,
4878807,Nah'Shawn Hezekiah,Southern Illinois,MVFC,2024,,,,,,,,50,25,3,398,15.9,6,30,0,33,5.5
4878811,Richie Ilarraza,Howard,MEAC,2024,1,1,0,1.000,1,24,24.0,22,16,1,169,10.6,3,4,0,4,1.3
4878820,Jamal Stewart,Howard,MEAC,2024,,,,,,,,3,1,1,3,3.0,,,,,
4878822,Jaylon Tolbert,Howard,MEAC,2024,116,72,5,0.621,6,820,7.1,,,,,,18,16,2,-1,-0.1
4878823,Montrell Walker,Howard,MEAC,2024,,,,,,,,5,1,1,5,5.0,,,,,
4878833,Aiden Dunne,Northern Iowa,MVFC,2024,144,87,3,0.604,9,955,6.6,,,,,,32,36,1,113,3.5
4878834,Matt Morrissey,Eastern Kentucky,UAC,2024,318,181,7,0.569,12,1934,6.1,,,,,,87,28,3,242,2.8
4878842,Layne Pryor,Northern Iowa,MVFC,2024,,,,,,,,24,30,2,242,8.1,1,0,0,0,0.0
4878853,Derek Anderson,Northern Iowa,MVFC,2024,,,,,,,,26,6,0,70,11.7,,,,,
4878861,Jack Martens,South Dakota,MVFC,2024,,,,,,,,40,11,1,192,17.5,,,,,
4878862,Javion Phelps,South Dakota,MVFC,2024,,,,,,,,31,17,1,206,12.1,,,,,
4878863,Nate Thomas,Idaho,Big Sky,2024,,,,,,,,20,4,0,46,11.5,101,47,5,538,5.3
4878878,Amar Johnson,South Dakota State,MVFC,2024,,,,,,,,31,30,1,233,7.8,193,44,14,1223,6.3
4878884,Jon Bell,South Dakota State,MVFC,2024,14,7,0,0.500,1,96,6.9,,,,,,1,0,0,-5,-5.0
4878886,Grahm Goering,South Dakota State,MVFC,2024,,,,,,,,45,25,5,360,14.4,1,6,0,6,6.0
4878889,Angel Johnson,South Dakota State,MVFC,2024,,,,,,,,68,14,1,176,12.6,91,67,3,646,7.1
4878911,Jakob Foss,Nicholls,Southland,2024,2,2,0,1.000,1,18,9.0,,,,,,1,9,0,9,9.0
4878912,Hunter Simmons,Southern Illinois,MVFC,2024,128,73,0,0.570,3,852,6.7,5,2,0,1,0.5,19,33,1,57,3.0
4878926,TJ Atkins Jr.,Stephen F. Austin,Southland,2024,,,,,,,,25,1,1,25,25.0,,,,,
4878956,Max Tomczak,Youngstown State,MVFC,2024,,,,,,,,73,72,4,890,12.4,1,11,0,11,11.0
4878966,Brendon Kilpatrick,Youngstown State,MVFC,2024,,,,,,,,,,,,,1,8,0,8,8.0
4878982,Luke Hensley,Youngstown State,MVFC,2024,,,,,,,,32,11,0,145,13.2,,,,,
4878988,Gavin McCusker,Merrimack,FCS Independents,2024,,,,,,,,,,,,,1,10,0,10,10.0
4878992,Tyvon Edmonds Jr.,Robert Morris,NEC,2024,,,,,,,,19,23,0,143,6.2,116,49,5,584,5.0
4878994,Victor Dawson,Cincinnati,Big 12,2024,,,,,,,,,,,,,7,47,0,63,9.0
4878996,Jaylen Laudermilk,Norfolk State,MEAC,2024,,,,,,,,,,,,,1,0,0,-10,-10.0
4878999,Jared Dunn,Merrimack,FCS Independents,2024,,,,,,,,26,18,0,187,10.4,,,,,
4879010,Myles Wilson,Merrimack,FCS Independents,2024,,,,,,,,24,11,0,68,6.2,,,,,
4879020,Korbin Allen,Indiana State,MVFC,2024,,,,,,,,8,1,0,8,8.0,8,36,0,48,6.0
4879021,Joey Shew,Indiana State,MVFC,2024,,,,,,,,14,1,0,14,14.0,,,,,
4879032,Ethan Chambers,Indiana State,MVFC,2024,,,,,,,,28,21,0,236,11.2,,,,,
4879033,Lance Rees,Indiana State,MVFC,2024,,,,,,,,11,7,1,37,5.3,5,23,1,42,8.4
4879044,Ademola Faleye,Michigan State,Big Ten,2024,,,,,,,,14,2,0,18,9.0,,,,,
4879058,Joe Pesansky,Holy Cross,Patriot,2024,278,164,6,0.590,17,2265,8.1,,,,,,59,21,1,159,2.7
4879059,Justin Shorter,Holy Cross,Patriot,2024,,,,,,,,52,34,3,367,10.8,3,5,0,5,1.7
4879060,Jordan Fuller,Holy Cross,Patriot,2024,,,,,,,,27,3,0,33,11.0,62,17,4,253,4.1
4879061,Curtis Harris-Lopez,Holy Cross,Patriot,2024,,,,,,,,,,,,,1,0,0,-1,-1.0
4879073,Jacob Petersen,Holy Cross,Patriot,2024,,,,,,,,75,33,6,482,14.6,,,,,
4879079,Brock Bagozzi,Missouri State,MVFC,2024,4,3,0,0.750,0,15,3.8,,,,,,2,0,0,-17,-8.5
4879080,Chris Watkins,Towson,CAA,2024,,,,,,,,13,19,0,109,5.7,38,39,2,185,4.9
4879082,Luke Pecovic,Marist,Pioneer,2024,,,,,,,,15,4,0,36,9.0,,,,,
4879091,Logan Brabham,Marist,Pioneer,2024,16,9,1,0.563,0,76,4.8,,,,,,6,11,0,10,1.7
4879096,Reed Dexter,Marist,Pioneer,2024,,,,,,,,20,11,1,91,8.3,,,,,
4879118,Jackson Willette,Marist,Pioneer,2024,,,,,,,,24,5,0,43,8.6,,,,,
4879147,Michael Appel Jr.,Valparaiso,Pioneer,2024,34,21,2,0.618,0,128,3.8,,,,,,13,8,0,-49,-3.8
4879166,Evan Jernegan,Valparaiso,Pioneer,2024,,,,,,,,17,9,0,77,8.6,,,,,
4879170,Barret Labus,Valparaiso,Pioneer,2024,,,,,,,,2,2,0,2,1.0,2,13,0,13,6.5
4879179,Myles Parker,Alabama A&M,SWAC,2024,,,,,,,,28,14,0,123,8.8,7,11,0,15,2.1
4879189,Hal Presley,Baylor,Big 12,2024,,,,,,,,53,31,3,429,13.8,,,,,
4879190,CJ Rogers,Houston Christian,Southland,2024,63,24,2,0.381,0,212,3.4,,,,,,30,8,0,-25,-0.8
4879194,Josh Cameron,Baylor,Big 12,2024,,,,,,,,47,52,10,754,14.5,,,,,
4879196,Gavin Yates,Baylor,Big 12,2024,,,,,,,,18,5,0,48,9.6,,,,,
4879225,Simon Romfo,North Dakota,MVFC,2024,301,183,8,0.608,18,2051,6.8,,,,,,101,24,4,296,2.9
4879229,Noah Schaffner,North Dakota,MVFC,2024,,,,,,,,3,1,0,3,3.0,,,,,
4879231,Gaven Ziebarth,North Dakota,MVFC,2024,,,,,,,,4,2,1,-1,-0.5,133,40,8,534,4.0
4879236,Jaden Norby,North Dakota,MVFC,2024,1,0,0,0.000,0,0,0.0,8,4,0,19,4.8,,,,,
4879243,Nick Kupfer,North Dakota,MVFC,2024,,,,,,,,22,22,1,211,9.6,1,7,0,7,7.0
4879244,Nate DeMontagnac,North Dakota,MVFC,2024,,,,,,,,38,19,2,238,12.5,,,,,
4879248,Eli Green,Iowa State,Big 12,2024,,,,,,,,34,10,0,115,11.5,,,,,
4879250,Cole Payton,North Dakota State,MVFC,2024,16,10,1,0.625,2,125,7.8,3,2,0,5,2.5,21,73,1,165,7.9
4879253,Chris Harris,North Dakota State,MVFC,2024,,,,,,,,49,29,2,392,13.5,,,,,
4879254,Grant Romfo,North Dakota,MVFC,2024,,,,,,,,,,,,,11,13,1,49,4.5
4879256,Barika Kpeenu,North Dakota State,MVFC,2024,,,,,,,,40,15,1,122,8.1,131,52,7,714,5.5
4879264,Truman Werremeyer,North Dakota State,MVFC,2024,,,,,,,,16,9,0,61,6.8,,,,,
4879276,Bryce Lance,North Dakota State,MVFC,2024,,,,,,,,74,75,17,1054,14.1,5,18,1,29,5.8
4879287,Kellen Stewart,Middle Tennessee,Conference USA,2024,,,,,,,,20,1,0,20,20.0,,,,,
4879288,Drae McCray,Texas Tech,Big 12,2024,,,,,,,,21,12,0,74,6.2,1,13,0,13,13.0
4879292,Kam Thomas,UTEP,Conference USA,2024,,,,,,,,69,46,2,512,11.1,13,11,0,27,2.1
4879298,Trey Goodman,UTEP,Conference USA,2024,3,1,2,0.333,0,27,9.0,37,47,0,469,10.0,1,9,0,9,9.0
4879321,Tae Gayden,Austin Peay,UAC,2024,,,,,,,,12,2,0,15,7.5,,,,,
4879390,Robert McMinn,Alabama State,SWAC,2024,,,,,,,,84,13,4,322,24.8,2,5,0,-1,-0.5
4879455,Damashja Harris,North Texas,American Athletic,2024,,,,,,,,7,4,0,7,1.8,23,80,1,193,8.4
4879463,RJ Carver,Lamar,Southland,2024,,,,,,,,11,2,1,22,11.0,28,15,1,155,5.5
4879499,Tony Johnson,Cincinnati,Big 12,2024,,,,,,,,23,49,6,452,9.2,2,13,0,13,6.5
4879507,Zach Hrbacek,Sam Houston,Conference USA,2024,,,,,,,,3,2,0,5,2.5,12,17,0,30,2.5
4879526,Shane Johnson,Sam Houston,Conference USA,2024,,,,,,,,7,2,0,14,7.0,,,,,
4879535,Dalton McElyea,Stephen F. Austin,Southland,2024,2,2,0,1.000,2,35,17.5,,,,,,3,6,0,9,3.0
4879562,Jeremiah Noga,Oregon State,Pac-12,2024,,,,,,,,30,23,0,266,11.6,,,,,
4879567,Trent Walker,Oregon State,Pac-12,2024,1,0,0,0.000,0,0,0.0,43,81,2,901,11.1,4,8,0,8,2.0
4879573,Carter Neuman,Bryant,CAA,2024,,,,,,,,15,3,1,34,11.3,,,,,
4879574,Bryce Caufield,Oregon State,Pac-12,2024,,,,,,,,21,6,1,90,15.0,1,2,0,2,2.0
4879611,Amari Daniels,Texas A&M,SEC,2024,,,,,,,,22,7,0,60,8.6,139,71,8,661,4.8
4879643,Ethan Davies,Virginia,ACC,2024,,,,,,,,65,1,1,65,65.0,,,,,
4879655,Henry Rutledge,Charlotte,American Athletic,2024,,,,,,,,28,10,1,82,8.2,11,33,0,72,6.5
4879677,Ashtyn Hawkins,Baylor,Big 12,2024,,,,,,,,35,45,5,567,12.6,3,5,0,4,1.3
4879783,Caeleb Schlachter,Eastern Kentucky,UAC,2024,,,,,,,,19,6,1,61,10.2,,,,,
4879810,Eric Holley,Toledo,Mid-American,2024,,,,,,,,40,14,0,126,9.0,,,,,
4879876,Isaac Schoenfeld,Wyoming,Mountain West,2024,,,,,,,,7,1,0,7,7.0,,,,,
4879926,David Crossan,Army,American Athletic,2024,,,,,,,,52,1,0,52,52.0,,,,,
4879928,Bryson Daily,Army,American Athletic,2024,103,54,4,0.524,9,1007,9.8,,,,,,311,42,32,1653,5.3
4879931,Simeon Evans,Sam Houston,Conference USA,2024,1,1,0,1.000,0,1,1.0,64,50,6,559,11.2,5,11,0,17,3.4
4879946,Danny Joiner,Southeast Missouri State,Big South-OVC,2024,,,,,,,,6,4,0,17,4.3,,,,,
4879956,Will Montesi,Army,American Athletic,2024,,,,,,,,20,1,0,20,20.0,,,,,
4879965,Casey Reynolds,Army,American Athletic,2024,,,,,,,,50,19,3,449,23.6,,,,,
4879966,Matthew Rhodes,Army,American Athletic,2024,1,0,0,0.000,0,0,0.0,,,,,,2,23,1,35,17.5
4879971,Cam Schurr,Army,American Athletic,2024,,,,,,,,18,7,1,83,11.9,,,,,
4879975,Miles Stewart,Army,American Athletic,2024,,,,,,,,13,3,1,26,8.7,4,18,0,27,6.8
4879978,Laquan Veney,North Carolina A&T,CAA,2024,2,1,1,0.500,0,35,17.5,23,15,1,157,10.5,,,,,
4879981,AJ Williams,Army,American Athletic,2024,,,,,,,,,,,,,2,6,0,9,4.5
4880039,DJ Rias,Samford,Southern,2024,2,0,0,0.000,0,0,0.0,38,49,3,466,9.5,4,16,0,28,7.0
4880047,Jacoby Boykins,Abilene Christian,UAC,2024,,,,,,,,12,1,0,12,12.0,,,,,
4880079,Reagan Ealy,Arkansas State,Sun Belt,2024,1,1,0,1.000,0,11,11.0,22,23,0,262,11.4,,,,,
4880150,Shavarick Williams,Murray State,MVFC,2024,,,,,,,,3,2,0,4,2.0,,,,,
4880156,Bradley West,Morehead State,Pioneer,2024,1,1,0,1.000,0,38,38.0,44,6,1,81,13.5,,,,,
4880174,Tadd Barr,Buffalo,Mid-American,2024,,,,,,,,42,7,1,128,18.3,,,,,
4880185,Finn Hogan,Bowling Green,Mid-American,2024,,,,,,,,33,17,0,175,10.3,,,,,
4880198,Will Ferrin,BYU,Big 12,2024,,,,,,,,,,,,,1,8,0,8,8.0
4880217,Brian Shane,Miami (OH),Mid-American,2024,,,,,,,,12,1,0,12,12.0,,,,,
4880223,Cole Mitchell,Robert Morris,NEC,2024,,,,,,,,40,11,2,124,11.3,,,,,
4880229,Caleb Junko,Pittsburgh,ACC,2024,1,1,0,1.000,0,3,3.0,,,,,,,,,,
4880236,Will Kacmarek,Ohio State,Big Ten,2024,,,,,,,,32,8,0,86,10.8,,,,,
4880239,Nolan McCormick,Ohio,Mid-American,2024,,,,,,,,2,1,0,2,2.0,20,9,2,76,3.8
4880271,Miles Ellis,Virginia Tech,ACC,2024,,,,,,,,2,1,0,2,2.0,,,,,
4880272,Byrum Brown,South Florida,American Athletic,2024,132,78,0,0.591,2,836,6.3,12,1,1,12,12.0,68,42,3,269,4.0
4880279,P.J. Prioleau,Virginia Tech,ACC,2024,,,,,,,,,,,,,7,8,0,29,4.1
4880281,Jordyn Tyson,Arizona State,Big 12,2024,,,,,,,,59,75,10,1101,14.7,1,1,0,1,1.0
4880285,Bob Schick,Virginia Tech,ACC,2024,,,,,,,,,,,,,0,14,0,14,0
4880301,Austin Jarrard,Sacramento State,Big Sky,2024,,,,,,,,6,4,1,19,4.8,,,,,
4880322,Franklin Estrada,TCU,Big 12,2024,,,,,,,,,,,,,3,3,0,5,1.7
4880339,Jason Weir,Stonehill,NEC,2024,,,,,,,,19,3,0,39,13.0,,,,,
4880358,Cam Pedro,Southeast Missouri State,Big South-OVC,2024,,,,,,,,46,83,4,889,10.7,1,0,0,-1,-1.0
4880360,Josiah Robinson,Georgia State,Sun Belt,2024,,,,,,,,5,1,0,5,5.0,,,,,
4880369,Davis Sherwood,Notre Dame,FBS Independents,2024,1,1,0,1.000,0,14,14.0,19,1,0,19,19.0,,,,,
4880395,Tae Meadows,Troy,Sun Belt,2024,,,,,,,,,,,,,3,38,0,41,13.7
4880449,Blake Bosma,Western Michigan,Mid-American,2024,,,,,,,,55,37,6,403,10.9,,,,,
4880453,Cole Speer,Georgia,SEC,2024,,,,,,,,20,3,0,37,12.3,,,,,
4880505,Jack Rilling,Marist,Pioneer,2024,,,,,,,,39,12,0,128,10.7,,,,,
4880511,Jordan Ford,Georgia State,Sun Belt,2024,,,,,,,,19,6,1,62,10.3,15,10,0,45,3.0
4880608,Juju McDowell,South Carolina,SEC,2024,,,,,,,,12,2,1,14,7.0,22,13,0,91,4.1
4880610,Eriq Rice,South Carolina,SEC,2024,,,,,,,,15,3,0,35,11.7,,,,,
4880638,Kye Robichaux,Boston College,ACC,2024,,,,,,,,9,9,1,44,4.9,175,41,10,744,4.3
4880640,Alex Williams,Western Illinois,Big South-OVC,2024,,,,,,,,18,5,0,44,8.8,,,,,
4880644,Bryce Damous,UAB,American Athletic,2024,,,,,,,,26,19,1,209,11.0,,,,,
4880664,Jostein Clarke,Bethune-Cookman,SWAC,2024,,,,,,,,13,6,1,50,8.3,,,,,
4880681,Amin Hassan,Navy,American Athletic,2024,,,,,,,,23,3,0,34,11.3,14,15,0,46,3.3
4880684,Maquel Haywood,App State,Sun Belt,2024,,,,,,,,17,5,0,52,10.4,29,18,1,148,5.1
4880691,Thomas Scully,Navy,American Athletic,2024,,,,,,,,20,1,0,20,20.0,,,,,
4880697,Daba Fofana,Navy,American Athletic,2024,,,,,,,,3,1,0,3,3.0,60,49,2,263,4.4
4880758,Chris Irvin,Western Illinois,Big South-OVC,2024,29,17,0,0.586,3,174,6.0,,,,,,4,11,0,-18,-4.5
4880774,Jake Boust,Fresno State,Mountain West,2024,,,,,,,,10,4,0,30,7.5,,,,,
4880794,Paddy Turner,Colorado State,Mountain West,2024,,,,,,,,,,,,,1,0,0,-2,-2.0
4880813,Mack West,Coastal Carolina,Sun Belt,2024,,,,,,,,,,,,,1,0,0,-5,-5.0
4880818,Matthew McCallister,McNeese,Southland,2024,,,,,,,,80,5,1,112,22.4,,,,,
4880823,Julien Lewis,Grambling,SWAC,2024,,,,,,,,8,6,0,36,6.0,,,,,
4880845,Charles Montgomery,Marshall,Sun Belt,2024,,,,,,,,30,32,3,393,12.3,3,4,0,5,1.7
4880847,Arthur Rodgers,North Carolina Central,MEAC,2024,,,,,,,,9,1,0,9,9.0,16,32,0,152,9.5
4880870,Xzavior Kautai,North Texas,American Athletic,2024,,,,,,,,11,3,0,22,7.3,,,,,
4880963,Andrew Jacobs,Youngstown State,MVFC,2024,,,,,,,,7,3,0,16,5.3,,,,,
4880964,Terron Kellman,Charlotte,American Athletic,2024,,,,,,,,8,1,0,8,8.0,48,41,0,242,5.0
4881032,Taron Dickens,Western Carolina,Southern,2024,172,127,3,0.738,12,1428,8.3,8,2,0,7,3.5,58,19,2,56,1.0
4881101,Jayden Davis,Idaho State,Big Sky,2024,,,,,,,,12,2,0,16,8.0,,,,,
4881352,Jack Shields,Buffalo,Mid-American,2024,,,,,,,,,,,,,4,7,0,8,2.0
4881563,Mike Sharpe II,Arkansas State,Sun Belt,2024,,,,,,,,5,1,0,5,5.0,4,9,0,22,5.5
4881826,Cash Jones,Georgia,SEC,2024,,,,,,,,32,24,4,275,11.5,14,15,1,27,1.9
4881836,Mekhi Mews,Houston,Big 12,2024,,,,,,,,57,29,1,253,8.7,4,16,0,15,3.8
4881961,Kobe Paul,Jackson State,SWAC,2024,,,,,,,,21,6,1,49,8.2,,,,,
4882043,Andrew Edwards,St. Anselm,Northeast 10,2024,,,,,,,,8,1,0,8,8.0,,,,,
4882061,Jacob Newell,Akron,Mid-American,2024,,,,,,,,29,35,2,254,7.3,,,,,
4882071,Kristian Dalton,Tarleton State,UAC,2024,,,,,,,,,,,,,6,10,0,29,4.8
4882093,Bhayshul Tuten,Virginia Tech,ACC,2024,,,,,,,,22,22,2,79,3.6,183,83,15,1158,6.3
4882094,Fredderick Graves,North Carolina A&T,CAA,2024,,,,,,,,17,3,0,29,9.7,62,16,1,225,3.6
4882120,Jamison Warren,North Carolina A&T,CAA,2024,,,,,,,,53,15,0,202,13.5,1,7,0,7,7.0
4882121,Nicholas Dobson,North Carolina A&T,CAA,2024,,,,,,,,33,19,0,127,6.7,,,,,
4882122,Sterling Berkhalter,Cincinnati,Big 12,2024,,,,,,,,61,11,1,191,17.4,,,,,
4882138,Buck Buchanan,Louisiana Tech,Conference USA,2024,,,,,,,,,,,,,1,7,0,7,7.0
4882697,Nemo Squire,Gardner-Webb,Big South-OVC,2024,,,,,,,,,,,,,1,1,0,1,1.0
4883095,Ryan Belk,Yale,Ivy,2024,,,,,,,,14,3,1,25,8.3,,,,,
4883100,Nathan Denney,Yale,Ivy,2024,,,,,,,,24,10,1,99,9.9,66,12,2,202,3.1
4883103,Luke Foster,Yale,Ivy,2024,,,,,,,,19,3,2,27,9.0,,,,,
4883110,Grant Jordan,Yale,Ivy,2024,250,166,3,0.664,22,1938,7.8,,,,,,77,28,5,360,4.7
4883118,Chase Nenad,Yale,Ivy,2024,,,,,,,,31,33,4,295,8.9,,,,,
4883119,David Pantelis,Yale,Ivy,2024,,,,,,,,62,61,8,901,14.8,2,11,0,11,5.5
4883120,Tre Peterson,Yale,Ivy,2024,,,,,,,,6,2,0,11,5.5,62,57,2,384,6.2
4883127,Mason Shipp,Yale,Ivy,2024,,,,,,,,32,39,2,431,11.1,,,,,
4883173,Q'Darryius Jennings,Murray State,MVFC,2024,,,,,,,,23,17,0,122,7.2,88,65,2,420,4.8
4883647,Elic Ayomanor,Stanford,ACC,2024,,,,,,,,60,63,6,831,13.2,,,,,
4883676,Jalen Johnson,Grambling,SWAC,2024,,,,,,,,67,9,0,145,16.1,1,8,0,8,8.0
4883684,Callum Eddings,Stephen F. Austin,Southland,2024,,,,,,,,,,,,,1,0,0,-9,-9.0
4883774,Jayden McGowan,Boston College,ACC,2024,,,,,,,,5,2,0,0,0.0,2,7,0,13,6.5
4883840,Adonis Davis,South Carolina State,MEAC,2024,,,,,,,,4,1,0,4,4.0,,,,,
4883859,Jordan Smith,South Carolina State,MEAC,2024,,,,,,,,19,4,0,48,12.0,1,2,0,2,2.0
4883877,Joe Crifasi,Central Connecticut,NEC,2024,,,,,,,,17,6,2,56,9.3,1,3,0,3,3.0
4883885,Peter Cleary,Central Connecticut,NEC,2024,,,,,,,,21,10,1,99,9.9,,,,,
4883898,Grif Wurtz,St. Thomas (MN),Pioneer,2024,1,1,0,1.000,0,11,11.0,,,,,,2,8,0,11,5.5
4883899,Hope Adebayo,St. Thomas (MN),Pioneer,2024,,,,,,,,14,8,0,29,3.6,152,70,8,966,6.4
4883912,Andrew McElroy,Northern Illinois,Mid-American,2024,,,,,,,,42,26,0,264,10.2,,,,,
4883936,Shawn Shipman,Western Illinois,Big South-OVC,2024,,,,,,,,6,1,0,6,6.0,15,28,0,64,4.3
4883940,Jacob WIldermuth,St. Thomas (MN),Pioneer,2024,,,,,,,,38,32,3,338,10.6,,,,,
4883946,Landon Reed,St. Thomas (MN),Pioneer,2024,1,1,0,1.000,0,24,24.0,7,5,0,29,5.8,5,10,0,17,3.4
4883989,Aiden Carlson,St. Thomas (MN),Pioneer,2024,,,,,,,,9,3,0,20,6.7,,,,,
4884043,AJ Barber,Princeton,Ivy,2024,,,,,,,,41,38,2,441,11.6,5,28,0,62,12.4
4884086,Jalen Macon,Northern Illinois,Mid-American,2024,7,4,0,0.571,0,50,7.1,,,,,,5,9,1,27,5.4
4884087,Daemon Dawkins,Arkansas-Pine Bluff,SWAC,2024,,,,,,,,31,19,2,272,14.3,1,1,0,1,1.0
4884105,Kevin English,Arkansas-Pine Bluff,SWAC,2024,,,,,,,,14,4,1,32,8.0,,,,,
4884392,Christopher Zellous,Hampton,CAA,2024,167,106,6,0.635,3,1030,6.2,,,,,,85,18,6,328,3.9
4884393,Elijah Burris,Hampton,CAA,2024,,,,,,,,33,11,1,118,10.7,122,28,4,489,4.0
4884395,Romon Copeland,Austin Peay,UAC,2024,1,0,1,0.000,0,0,0.0,46,64,3,593,9.3,17,52,3,147,8.6
4884398,Tyler Thompson,Hampton,CAA,2024,,,,,,,,11,2,0,11,5.5,1,4,0,4,4.0
4884402,Ja'Quan Snipes,Hampton,CAA,2024,,,,,,,,7,5,0,2,0.4,95,66,6,531,5.6
4884403,Tymere Robinson,Hampton,CAA,2024,,,,,,,,28,5,1,42,8.4,108,21,11,439,4.1
4884418,TK Paisant,Hampton,CAA,2024,,,,,,,,46,9,0,111,12.3,,,,,
4884886,Ashton Grable,Florida A&M,SWAC,2024,,,,,,,,7,1,0,7,7.0,,,,,
4885048,Carson Goda,Illinois,Big Ten,2024,,,,,,,,18,4,1,49,12.3,,,,,
4885443,Robert Giaimo,Lindenwood,Big South-OVC,2024,,,,,,,,6,4,0,14,3.5,70,52,1,359,5.1
4885455,Gareth Warren,Lindenwood,Big South-OVC,2024,,,,,,,,6,1,0,6,6.0,,,,,
4885466,Jeff Caldwell,Lindenwood,Big South-OVC,2024,,,,,,,,93,49,10,943,19.2,3,21,1,25,8.3
4885469,Darrin Fugitt,Lindenwood,Big South-OVC,2024,,,,,,,,40,14,2,207,14.8,1,10,0,10,10.0
4885471,Abraham Haerr,Lindenwood,Big South-OVC,2024,,,,,,,,57,14,0,235,16.8,,,,,
4886048,Jordan Riles,Northern Colorado,Big Sky,2024,,,,,,,,20,8,0,69,8.6,,,,,
4886073,Aidan Quinn,Southern Illinois,MVFC,2024,,,,,,,,7,3,0,12,4.0,,,,,
4887151,Andrew Body,Alabama State,SWAC,2024,6,4,0,0.667,0,27,4.5,9,1,0,9,9.0,14,39,2,133,9.5
4887152,Savion Sims,Texas Southern,SWAC,2024,,,,,,,,18,4,0,56,14.0,,,,,
4887171,Canary Simmons,Texas Southern,SWAC,2024,,,,,,,,4,1,0,4,4.0,,,,,
4887396,Tay Norman,Northern Iowa,MVFC,2024,,,,,,,,16,5,0,45,9.0,,,,,
4887420,Andre Crawley,Morgan State,MEAC,2024,2,2,0,1.000,2,30,15.0,79,50,2,528,10.6,6,16,1,26,4.3
4887438,Elisha Cummings,Idaho,Big Sky,2024,,,,,,,,34,9,0,72,8.0,99,43,1,528,5.3
4887446,Gevani McCoy,Oregon State,Pac-12,2024,202,123,6,0.609,3,1300,6.4,,,,,,59,71,5,328,5.6
4887548,Simeon Woodard,Montana State,Big Sky,2024,,,,,,,,,,,,,1,5,0,5,5.0
4887635,Brady Meitz,Stetson,Pioneer,2024,294,171,13,0.582,15,2051,7.0,,,,,,20,12,0,-30,-1.5
4887689,Duce Taylor,Morgan State,MEAC,2024,115,80,0,0.696,3,833,7.2,,,,,,31,17,0,8,0.3
4887796,Kayvon Britten,Tarleton State,UAC,2024,,,,,,,,47,14,1,147,10.5,335,96,17,1963,5.9
4887824,Gary Clinton,Missouri State,MVFC,2024,,,,,,,,13,6,0,52,8.7,,,,,
4887858,Jaylen White,Norfolk State,MEAC,2024,,,,,,,,6,1,0,6,6.0,19,25,0,39,2.1
4887902,Michael Berarducci,Duquesne,NEC,2024,,,,,,,,,,,,,1,25,0,25,25.0
4887917,Nick Williams,Alabama State,SWAC,2024,,,,,,,,15,1,0,15,15.0,,,,,
4887918,Junior Bergen,Montana,Big Sky,2024,4,0,0,0.000,0,0,0.0,55,48,3,542,11.3,1,2,0,2,2.0
4888130,Noah Bodden,Southern,SWAC,2024,198,94,7,0.475,5,1219,6.2,,,,,,28,40,1,98,3.5
4888131,Antonio Jones,Temple,American Athletic,2024,,,,,,,,32,23,1,170,7.4,3,8,0,10,3.3
4888136,Tyce Fusilier,Southern,SWAC,2024,,,,,,,,,,,,,3,6,0,11,3.7
4888163,Avion McBride,Georgia State,Sun Belt,2024,,,,,,,,20,1,0,20,20.0,,,,,
4888607,Destun Thomas,Kennesaw State,Conference USA,2024,,,,,,,,19,1,0,19,19.0,1,14,0,14,14.0
4888706,Parker Kingston,BYU,Big 12,2024,3,1,0,0.333,1,33,11.0,36,13,1,196,15.1,6,20,0,43,7.2
4888723,Wesley Grimes,NC State,ACC,2024,,,,,,,,30,24,1,319,13.3,,,,,
4888886,Kenyon Clay,Southern Miss,Sun Belt,2024,1,0,0,0.000,0,0,0.0,37,21,1,225,10.7,84,70,7,387,4.6
4889929,Quinn Ewers,Texas,SEC,2024,445,293,12,0.658,31,3472,7.8,,,,,,57,26,2,-82,-1.4
4889958,Taylor Spierto,Florida,SEC,2024,,,,,,,,20,1,0,20,20.0,,,,,
4890060,Jack Hestera,Utah State,Mountain West,2024,,,,,,,,32,24,4,340,14.2,1,4,0,4,4.0
4890269,Cole Hoskyns,Gardner-Webb,Big South-OVC,2024,,,,,,,,18,5,0,15,3.0,,,,,
4890328,Adrian Green,Houston Christian,Southland,2024,,,,,,,,15,12,0,76,6.3,1,0,0,11,11.0
4890373,Bauer Sharp,Oklahoma,SEC,2024,1,0,1,0.000,0,0,0.0,43,42,2,324,7.7,2,0,0,-8,-4.0
4890413,Tyleek Sealey,Presbyterian,Pioneer,2024,,,,,,,,,,,,,5,8,0,21,4.2
4890615,Tre'jon Spiller,Prairie View A&M,SWAC,2024,,,,,,,,43,30,1,374,12.5,,,,,
4890616,Joshua Thornhill,Bethune-Cookman,SWAC,2024,6,4,0,0.667,0,22,3.7,,,,,,,,,,
4890973,Ashton Jeanty,Boise State,Mountain West,2024,,,,,,,,18,23,1,138,6.0,374,77,29,2601,7.0
4891191,Christian Anaya,Western Illinois,Big South-OVC,2024,2,2,0,1.000,1,73,36.5,40,34,2,365,10.7,1,0,0,-11,-11.0
4891198,Tre Spivey,Kansas State,Big 12,2024,,,,,,,,26,14,1,160,11.4,,,,,
4891709,Barry White,Alabama A&M,SWAC,2024,1,0,0,0.000,0,0,0.0,38,11,2,202,18.4,,,,,
4891852,Jordan Smart,Ole Miss,SEC,2024,,,,,,,,34,1,0,34,34.0,,,,,
4892055,Cam Pygatt,Georgetown,Patriot,2024,,,,,,,,77,36,2,503,14.0,1,3,0,3,3.0
4892206,Reese Dykstra,Long Island University,NEC,2024,,,,,,,,18,1,0,18,18.0,,,,,
4892216,Quincy McDuffie,Long Island University,NEC,2024,,,,,,,,1,1,0,1,1.0,,,,,
4892292,Connor Finer,Kennesaw State,Conference USA,2024,,,,,,,,12,3,0,29,9.7,,,,,
4892437,Peyton Kramer,Tarleton State,UAC,2024,,,,,,,,19,1,0,19,19.0,,,,,
4892466,NyGhee Lolley,Delaware State,MEAC,2024,,,,,,,,75,38,1,545,14.3,1,1,0,1,1.0
4892576,Jamaal Pritchett,South Alabama,Sun Belt,2024,,,,,,,,75,91,9,1126,12.4,1,3,0,3,3.0
4892983,Terrell Timmons Jr.,Colorado,Big 12,2024,,,,,,,,10,3,0,20,6.7,,,,,
4893044,Elijah Cruz,Howard,MEAC,2024,,,,,,,,21,2,1,27,13.5,,,,,
4893047,Tyler Wilkins,Morgan State,MEAC,2024,,,,,,,,25,4,0,51,12.8,,,,,
4893657,Gavin Wimsatt,Kentucky,SEC,2024,39,16,4,0.410,3,287,7.4,,,,,,49,24,2,183,3.7
4893710,Jalen Geer,Princeton,Ivy,2024,,,,,,,,31,13,0,159,12.2,,,,,
4893718,Xavier Leigh,Sacred Heart,FCS Independents,2024,,,,,,,,17,11,0,30,2.7,93,67,5,517,5.6
4893719,Blaine McAllister,Princeton,Ivy,2024,21,5,0,0.238,1,80,3.8,,,,,,19,15,1,55,2.9
4893724,Trey Eberhart III,Sacred Heart,FCS Independents,2024,,,,,,,,,,,,,1,1,0,1,1.0
4893731,John Volker,Princeton,Ivy,2024,,,,,,,,19,10,0,75,7.5,89,75,6,514,5.8
4893733,Matthew Mahoney,Princeton,Ivy,2024,,,,,,,,38,8,0,144,18.0,,,,,
4893738,Luke Colella,Princeton,Ivy,2024,,,,,,,,60,43,5,562,13.1,3,7,0,6,2.0
4893748,Connor Hulstein,Princeton,Ivy,2024,,,,,,,,16,6,1,52,8.7,,,,,
4893750,Tyler Picinic,Princeton,Ivy,2024,,,,,,,,13,3,1,22,7.3,,,,,
4893754,Simon Brackin,Princeton,Ivy,2024,,,,,,,,31,2,0,39,19.5,,,,,
4893815,JaMario Clements,Duquesne,NEC,2024,,,,,,,,14,5,0,29,5.8,150,86,6,986,6.6
4893852,Ty Stylski,Dayton,Pioneer,2024,,,,,,,,0,2,0,-1,-0.5,20,24,0,98,4.9
4893923,Will Haslett,Fordham,Patriot,2024,,,,,,,,,,,,,1,0,0,-32,-32.0
4894449,Miller McCrumby,Arkansas State,Sun Belt,2024,,,,,,,,13,11,0,79,7.2,,,,,
4894451,Brennan Parachek,Michigan State,Big Ten,2024,,,,,,,,19,8,0,63,7.9,,,,,
4894661,Durell Robinson,UConn,FBS Independents,2024,,,,,,,,19,14,0,75,5.4,107,68,8,731,6.8
4895242,Marqeese Dietz,UAlbany,CAA,2024,,,,,,,,38,29,0,291,10.0,5,5,0,11,2.2
4895859,Joseph Owumi,Morgan State,MEAC,2024,,,,,,,,39,1,1,39,39.0,,,,,
4896057,Chance Miller,Portland State,Big Sky,2024,,,,,,,,28,5,0,87,17.4,,,,,
4896113,DJ Nelson,Alabama A&M,SWAC,2024,,,,,,,,35,22,2,250,11.4,1,6,0,6,6.0
4896167,Jake Johnson,Austin Peay,UAC,2024,5,2,1,0.400,0,27,5.4,,,,,,3,4,0,2,0.7
4896184,C.J. Henry,Delaware State,MEAC,2024,111,65,4,0.586,2,597,5.4,,,,,,27,10,0,-78,-2.9
4896289,Gavin Freeman,Oklahoma State,Big 12,2024,,,,,,,,23,6,0,45,7.5,,,,,
4896304,Drew Bobo,Georgia,SEC,2024,1,1,0,1.000,0,9,9.0,,,,,,,,,,
4896389,Louis Brown,San Diego State,Mountain West,2024,,,,,,,,44,38,3,620,16.3,,,,,
4896391,Sean Wilson,Virginia,ACC,2024,,,,,,,,68,8,1,121,15.1,,,,,
4896653,Ryan Corbett,Colgate,Patriot,2024,,,,,,,,9,1,0,9,9.0,,,,,
4897730,Braylon McReynolds,South Alabama,Sun Belt,2024,,,,,,,,33,4,0,54,13.5,20,24,1,111,5.6
4898018,Josh Sapp,Clemson,ACC,2024,,,,,,,,24,6,0,63,10.5,,,,,
4898201,Trey White,San Diego State,Mountain West,2024,,,,,,,,,,,,,1,4,0,4,4.0
4898589,Oliver Straw,West Virginia,Big 12,2024,,,,,,,,,,,,,1,12,0,12,12.0
4898646,Keshawn Brown,Massachusetts,FBS Independents,2024,,,,,,,,9,2,0,15,7.5,,,,,
4898828,Alred Luke,Missouri State,MVFC,2024,,,,,,,,32,14,2,194,13.9,1,7,0,7,7.0
4899046,Brendan Sorsby,Cincinnati,Big 12,2024,389,249,7,0.640,18,2813,7.2,,,,,,106,41,9,445,4.2
4899137,Johnny Thompson Jr.,Kansas,Big 12,2024,,,,,,,,,,,,,5,10,0,32,6.4
4899361,Kedrick Reescano,Arizona,Big 12,2024,,,,,,,,12,8,0,47,5.9,78,56,1,359,4.6
4899366,Semaj Morgan,Michigan,Big Ten,2024,1,0,0,0.000,0,0,0.0,31,27,1,139,5.1,6,13,0,32,5.3
4899367,Ryan Niblett,Texas,SEC,2024,,,,,,,,15,3,0,24,8.0,8,7,1,23,2.9
4899368,Kendrick Raphael,NC State,ACC,2024,,,,,,,,11,10,0,41,4.1,78,40,3,425,5.4
4899369,Christopher Vizzina,Clemson,ACC,2024,34,19,0,0.559,0,190,5.6,,,,,,13,35,1,68,5.2
4899468,Kaden Anderson,Wyoming,Mountain West,2024,120,70,3,0.583,6,955,8.0,,,,,,22,24,2,49,2.2
4899470,Ja'Koby Banks,Memphis,American Athletic,2024,1,0,0,0.000,0,0,0.0,3,3,0,1,0.3,8,12,0,29,3.6
4899472,Chris Culliver,North Carolina,ACC,2024,,,,,,,,50,6,1,135,22.5,1,0,0,-8,-8.0
4899668,Nathan Jones,Minnesota,Big Ten,2024,,,,,,,,10,1,0,10,10.0,,,,,
4899704,Jordan King,California,ACC,2024,,,,,,,,24,4,0,50,12.5,,,,,
4900025,Kanye Roberts,App State,Sun Belt,2024,,,,,,,,16,9,1,80,8.9,82,18,1,332,4.0
4900146,Cartevious Norton,Charlotte,American Athletic,2024,,,,,,,,9,2,0,13,6.5,129,62,7,525,4.1
4900152,Zyion Claville,Texas Southern,SWAC,2024,,,,,,,,8,2,0,13,6.5,,,,,
4900351,Noah Bennee,Weber State,Big Sky,2024,,,,,,,,17,6,1,44,7.3,,,,,
4900640,Kyle Parker,LSU,SEC,2024,,,,,,,,45,3,1,55,18.3,,,,,
4900771,Marquis Gillis,Delaware State,MEAC,2024,,,,,,,,1,2,0,-3,-1.5,6,15,0,23,3.8
4900879,Jacquon Gibson,Massachusetts,FBS Independents,2024,,,,,,,,39,23,1,270,11.7,,,,,
4900903,Senika McKie,Coastal Carolina,Sun Belt,2024,,,,,,,,41,24,4,319,13.3,,,,,
4900934,Stephen Kittleman,Tulsa,American Athletic,2024,3,3,0,1.000,0,51,17.0,,,,,,2,9,1,11,5.5
4905244,Andrew Savaiinaea,Nevada,Mountain West,2024,,,,,,,,10,6,0,35,5.8,,,,,
4905594,Jawaun Northington,Murray State,MVFC,2024,1,1,0,1.000,1,1,1.0,13,9,0,53,5.9,111,55,6,518,4.7
4905609,Fredrick Moore,Michigan,Big Ten,2024,,,,,,,,20,11,1,128,11.6,5,15,0,28,5.6
4906088,Jasiyah Brooks,Delaware State,MEAC,2024,,,,,,,,,,,,,1,8,0,8,8.0
4906094,Nick Munson,Ball State,Mid-American,2024,,,,,,,,15,2,0,12,6.0,,,,,
4906882,Kejuan Bullard,San José State,Mountain West,2024,,,,,,,,-1,1,0,-1,-1.0,,,,,
4907543,Marcus Sanders Jr.,Georgia Southern,Sun Belt,2024,,,,,,,,43,9,1,158,17.6,2,13,0,14,7.0
4907573,Dalen Cobb,Georgia Southern,Sun Belt,2024,3,0,0,0.000,0,0,0.0,55,52,4,599,11.5,8,24,0,25,3.1
4907671,Anthony Evans III,Georgia,SEC,2024,,,,,,,,21,9,0,88,9.8,3,52,0,50,16.7
4907735,Michael Buckley,New Mexico,Mountain West,2024,,,,,,,,18,8,0,103,12.9,,,,,
4907786,Rocky Beers,Florida International,Conference USA,2024,,,,,,,,8,4,1,18,4.5,,,,,
4909483,Jordin Parker,Western Michigan,Mid-American,2024,,,,,,,,38,12,0,140,11.7,3,36,0,55,18.3
4909541,Ty Harding,Massachusetts,FBS Independents,2024,,,,,,,,58,18,5,303,16.8,2,6,0,10,5.0
4909559,Donovan Hunt,North Dakota,MVFC,2024,,,,,,,,,,,,,9,41,1,120,13.3
4910238,Keyshaun Pipkin,Northern Illinois,Mid-American,2024,,,,,,,,14,3,1,33,11.0,,,,,
4910239,Justus Ross-Simmons,Syracuse,ACC,2024,,,,,,,,55,9,2,202,22.4,,,,,
4910682,Jamal Hailey,Western Michigan,Mid-American,2024,,,,,,,,,,,,,6,48,1,60,10.0
4910711,Justin Holmes,Marshall,Sun Belt,2024,,,,,,,,11,1,0,11,11.0,,,,,
4911842,Cooper Sheehan,New Mexico State,Conference USA,2024,,,,,,,,4,1,1,4,4.0,,,,,
4911851,Lequint Allen,Syracuse,ACC,2024,,,,,,,,33,64,4,529,8.3,228,30,16,1021,4.5
4911863,Sam Vander Haar,BYU,Big 12,2024,,,,,,,,,,,,,1,22,0,22,22.0
4911888,Mike Higgins,Rutgers,Big Ten,2024,,,,,,,,14,5,0,36,7.2,,,,,
4911906,Kanen Hamlett,App State,Sun Belt,2024,,,,,,,,19,4,2,35,8.8,,,,,
4911914,Andrew Paul,Jacksonville State,Conference USA,2024,,,,,,,,1,2,0,-1,-0.5,38,28,4,166,4.4
4911929,Alonza Barnett,James Madison,Sun Belt,2024,354,212,4,0.599,26,2596,7.3,,,,,,135,50,7,450,3.3
4911932,Joshua Thompson,Georgia Southern,Sun Belt,2024,,,,,,,,36,3,1,74,24.7,,,,,
4911961,Jack Lausch,Northwestern,Big Ten,2024,296,159,8,0.537,7,1714,5.8,,,,,,87,29,2,213,2.4
4911971,Jahiem White,West Virginia,Big 12,2024,,,,,,,,28,19,1,122,6.4,149,55,7,845,5.7
4912041,Kendrick Rucker,Louisiana Tech,Conference USA,2024,,,,,,,,11,1,0,11,11.0,,,,,
4912052,Justin Joly,NC State,ACC,2024,,,,,,,,40,43,4,661,15.4,,,,,
4912067,Chase Sowell,East Carolina,American Athletic,2024,,,,,,,,56,34,3,678,19.9,,,,,
4912119,Tucker Kilcrease,Troy,Sun Belt,2024,49,27,1,0.551,3,373,7.6,,,,,,39,25,0,118,3.0
4912130,Trell Harris,Virginia,ACC,2024,,,,,,,,45,15,2,221,14.7,,,,,
4912135,Justius Lowe,Oregon,Big Ten,2024,,,,,,,,34,21,1,203,9.7,,,,,
4912164,Jordyn Williams,Central Michigan,Mid-American,2024,,,,,,,,24,6,0,65,10.8,,,,,
4912186,Trey Johnson,Bowling Green,Mid-American,2024,,,,,,,,7,1,0,7,7.0,,,,,
4912218,Cyrus Allen,Texas A&M,SEC,2024,,,,,,,,73,18,1,269,14.9,,,,,
4912229,Palmer Domschke,Western Michigan,Mid-American,2024,,,,,,,,,,,,,1,26,0,26,26.0
4912240,Tylan Hines,Hawai'i,Mountain West,2024,,,,,,,,27,23,3,186,8.1,39,15,0,162,4.2
4912254,Jordan McCants,Jacksonville State,Conference USA,2024,,,,,,,,18,15,0,146,9.7,1,3,0,3,3.0
4912265,J.C. Sivley,UAB,American Athletic,2024,,,,,,,,9,1,0,9,9.0,,,,,
4912275,Christian Washington,Coastal Carolina,Sun Belt,2024,,,,,,,,24,4,0,36,9.0,102,68,5,537,5.3
4912281,Taven Curry,UL Monroe,Sun Belt,2024,,,,,,,,9,3,0,22,7.3,32,15,0,153,4.8
4912286,Iverson Hooks,UAB,American Athletic,2024,1,1,0,1.000,0,71,71.0,39,14,1,179,12.8,,,,,
4912334,David Chapeau,Central Michigan,Mid-American,2024,1,1,0,1.000,0,23,23.0,,,,,,,,,,
4912342,Wayne Knight,James Madison,Sun Belt,2024,,,,,,,,23,15,2,138,9.2,77,59,2,449,5.8
4912346,Jayden Mines,James Madison,Sun Belt,2024,,,,,,,,,,,,,1,24,0,24,24.0
4912361,Devan Williams,Houston,Big 12,2024,,,,,,,,33,11,1,127,11.5,1,0,0,-5,-5.0
4912453,Lucky Sutton,San Diego State,Mountain West,2024,,,,,,,,,,,,,5,17,0,35,7.0
4912647,Austin Novosad,Oregon,Big Ten,2024,2,2,0,1.000,0,7,3.5,,,,,,,,,,
4912864,Raheim Jeter,East Carolina,American Athletic,2024,,,,,,,,,,,,,1,7,0,7,7.0
4913159,Jaylen Anderson,West Virginia,Big 12,2024,,,,,,,,9,1,0,9,9.0,9,7,0,34,3.8
4913758,Dijon Jennings,Weber State,Big Sky,2024,3,2,0,0.667,0,11,3.7,,,,,,5,5,0,7,1.4
4914830,Easton Messer,Western Kentucky,Conference USA,2024,,,,,,,,64,55,4,793,14.4,8,10,0,39,4.9
4914980,Cole Turner,Clemson,ACC,2024,,,,,,,,43,16,2,229,14.3,5,23,1,56,11.2
4915376,Jackson McGohan,Wisconsin,Big Ten,2024,,,,,,,,2,1,0,2,2.0,,,,,
4915837,Grayson Loftis,Duke,ACC,2024,,,,,,,,,,,,,2,5,0,4,2.0
4915980,John Mateer,Washington State,Pac-12,2024,347,224,7,0.646,29,3139,9.0,0,0,0,21,0,178,68,15,826,4.6
4916306,Bobby Golden,Akron,Mid-American,2024,,,,,,,,56,31,1,446,14.4,1,14,0,14,14.0
4916436,E.J. Warner,Rice,American Athletic,2024,438,271,13,0.619,17,2710,6.2,,,,,,29,11,1,12,0.4
4916460,Miles Marshall,Southern Illinois,MVFC,2024,,,,,,,,4,2,0,7,3.5,,,,,
4916885,Jaylen Jenkins,Texas State,Sun Belt,2024,,,,,,,,,,,,,3,11,0,17,5.7
4916888,Bert Emanuel Jr.,Central Michigan,Mid-American,2024,6,4,0,0.667,2,99,16.5,,,,,,28,20,3,128,4.6
4916941,Coy Eakin,Texas Tech,Big 12,2024,2,1,0,0.500,1,20,10.0,70,49,7,652,13.3,,,,,
4917048,Dom Henry,Florida Atlantic,American Athletic,2024,,,,,,,,19,6,0,80,13.3,,,,,
4917054,David Amador,UTSA,American Athletic,2024,1,1,0,1.000,0,27,27.0,51,31,1,376,12.1,2,16,0,19,9.5
4917059,Anquan Willis,Incarnate Word,Southland,2024,,,,,,,,,,,,,2,9,0,-1,-0.5
4917093,Ryan Staub,Colorado,Big 12,2024,4,0,0,0.000,0,0,0.0,,,,,,3,9,0,4,1.3
4917171,Blazen Lono-Wong,Arizona State,Big 12,2024,,,,,,,,32,1,0,32,32.0,,,,,
4917172,Chris Brooks Jr.,Wisconsin,Big Ten,2024,,,,,,,,27,1,0,27,27.0,,,,,
4917270,Harry Lodge,Wake Forest,ACC,2024,,,,,,,,31,12,0,110,9.2,,,,,
4917288,Charles Kellom,Akron,Mid-American,2024,,,,,,,,27,27,2,210,7.8,85,43,1,358,4.2
4917296,Jacob Barrick,Jacksonville State,Conference USA,2024,,,,,,,,20,6,0,70,11.7,,,,,
4917302,Shadre Hurst,Tulane,American Athletic,2024,,,,,,,,5,1,0,5,5.0,,,,,
4917305,Cam'Ron McCoy,Jackson State,SWAC,2024,38,18,1,0.474,4,310,8.2,,,,,,24,60,2,163,6.8
4917310,Zylan Perry,Louisiana,Sun Belt,2024,,,,,,,,8,11,0,46,4.2,112,30,4,695,6.2
4917332,Jordan Pollard,San José State,Mountain West,2024,,,,,,,,,,,,,1,9,0,9,9.0
4917333,Adam Rammouni,Eastern Michigan,Mid-American,2024,,,,,,,,5,1,0,5,5.0,,,,,
4917338,Connor Vaughn,Tulsa,American Athletic,2024,,,,,,,,20,7,3,59,8.4,,,,,
4917349,Jamari Hawkins,Memphis,American Athletic,2024,,,,,,,,14,3,0,24,8.0,4,10,0,31,7.8
4917421,Nevan Cremascoli,South Dakota,MVFC,2024,5,2,1,0.400,2,104,20.8,,,,,,11,74,1,133,12.1
4917422,Quinn Fracassi,Eastern Michigan,Mid-American,2024,,,,,,,,6,3,0,9,3.0,,,,,
4917427,Tanner Koziol,Ball State,Mid-American,2024,,,,,,,,33,94,8,839,8.9,1,6,0,6,6.0
4917436,Nick Presley,Ball State,Mid-American,2024,,,,,,,,6,1,0,6,6.0,,,,,
4917619,Khamari Anderson,Kentucky,SEC,2024,,,,,,,,14,5,0,29,5.8,,,,,
4917621,Micah Gifford,Baylor,Big 12,2024,,,,,,,,19,1,0,19,19.0,,,,,
4917623,Canyon Moses,Northern Arizona,Big Sky,2024,,,,,,,,,,,,,1,0,0,0,0.0
4917627,Dakota Williams,Louisiana Tech,Conference USA,2024,,,,,,,,16,3,0,25,8.3,3,15,0,21,7.0
4917942,Frank Covey IV,Northwestern,Big Ten,2024,,,,,,,,27,10,0,98,9.8,,,,,
4917945,Aidan Mizell,Florida,SEC,2024,,,,,,,,43,17,2,202,11.9,,,,,
4917949,Quinten Joyner,USC,Big Ten,2024,,,,,,,,13,12,1,89,7.4,63,75,3,478,7.6
4917981,AJ Newberry,Vanderbilt,SEC,2024,,,,,,,,53,7,2,134,19.1,41,20,3,185,4.5
4918094,Damian Henderson II,Colorado State,Mountain West,2024,,,,,,,,7,2,0,13,6.5,9,22,0,41,4.6
4918099,Kenny Minchey,Notre Dame,FBS Independents,2024,1,1,0,1.000,0,4,4.0,,,,,,2,7,1,12,6.0
4918103,Cam Cook,TCU,Big 12,2024,,,,,,,,12,18,0,75,4.2,119,19,9,460,3.9
4918105,Jaylen Johnson,South Florida,American Athletic,2024,,,,,,,,,,,,,6,7,0,33,5.5
4918108,Jordan Napier,San Diego State,Mountain West,2024,2,1,0,0.500,1,27,13.5,53,43,4,440,10.2,3,2,0,-5,-1.7
4918110,Roderick Robinson II,Georgia,SEC,2024,,,,,,,,21,2,0,34,17.0,4,4,0,3,0.8
4918111,A'Marion Peterson,USC,Big Ten,2024,,,,,,,,9,2,0,13,6.5,16,14,1,65,4.1
4918121,Cole Adams,Alabama,SEC,2024,,,,,,,,30,6,0,94,15.7,,,,,
4918126,LJ Martin,BYU,Big 12,2024,,,,,,,,33,10,2,98,9.8,138,39,7,723,5.2
4918412,Harvey Broussard,Louisiana,Sun Belt,2024,,,,,,,,50,31,3,486,15.7,,,,,
4918414,Dylan Edwards,Kansas State,Big 12,2024,,,,,,,,26,19,2,133,7.0,74,65,5,546,7.4
4918417,Ayden Greene,Virginia Tech,ACC,2024,,,,,,,,67,19,2,268,14.1,9,25,1,66,7.3
4918421,Tiger Bachmeier,Stanford,ACC,2024,,,,,,,,14,10,0,67,6.7,1,0,0,-1,-1.0
4918422,Kai Black,Iowa State,Big 12,2024,,,,,,,,7,1,0,7,7.0,,,,,
4918437,Christian Davis,Ball State,Mid-American,2024,,,,,,,,3,1,0,3,3.0,11,5,0,11,1.0
4920127,Marquez Taylor,UTEP,Conference USA,2024,,,,,,,,,,,,,1,0,0,0,0.0
4920135,Kalib Hicks,Oklahoma,SEC,2024,,,,,,,,,,,,,2,7,0,11,5.5
4920140,Nathan Leacock,Tennessee,SEC,2024,,,,,,,,13,1,0,13,13.0,,,,,
4920147,Paul Billups II,North Carolina,ACC,2024,,,,,,,,10,3,0,22,7.3,,,,,
4920153,William Watson III,Virginia Tech,ACC,2024,58,34,2,0.586,1,481,8.3,,,,,,40,15,1,19,0.5
4920156,Dylan Rizk,UCF,Big 12,2024,118,73,2,0.619,5,915,7.8,,,,,,29,33,0,43,1.5
4920158,Brock Glenn,Florida State,ACC,2024,114,51,5,0.447,4,597,5.2,,,,,,35,17,0,97,2.8
4920163,Kelby Valsin,Texas Tech,Big 12,2024,,,,,,,,9,3,0,21,7.0,,,,,
4920164,Sam West,Indiana,Big Ten,2024,,,,,,,,37,1,0,37,37.0,,,,,
4920187,Will Anciaux,Kansas State,Big 12,2024,,,,,,,,24,7,3,62,8.9,,,,,
4920192,Carson Conklin,Sacramento State,Big Sky,2024,406,255,8,0.628,27,2759,6.8,,,,,,36,16,0,-19,-0.5
4920193,Ethan Crawford,Southern Miss,Sun Belt,2024,120,50,7,0.417,0,849,7.1,,,,,,97,21,3,209,2.2
4920196,Javance Tupou'ata-Johnson,San Diego State,Mountain West,2024,39,20,2,0.513,2,222,5.7,,,,,,18,13,0,37,2.1
4920227,Giovanni Lopez,South Alabama,Sun Belt,2024,311,205,5,0.659,18,2557,8.2,,,,,,82,50,7,465,5.7
4920228,Jocquez Smith,Temple,American Athletic,2024,,,,,,,,24,9,0,39,4.3,36,22,1,132,3.7
4920896,Lavon Brown,Colorado State,Mountain West,2024,,,,,,,,15,4,0,41,10.3,,,,,
4920898,Beni Ngoyi,Iowa State,Big 12,2024,,,,,,,,17,2,0,27,13.5,,,,,
4920901,Darius Taylor,Minnesota,Big Ten,2024,1,1,0,1.000,1,10,10.0,22,54,2,350,6.5,205,80,10,986,4.8
4921108,DeSean Bishop,Tennessee,SEC,2024,,,,,,,,10,1,0,10,10.0,74,53,3,455,6.1
4921110,Chase Hendricks,Ohio,Mid-American,2024,,,,,,,,56,40,1,471,11.8,,,,,
4921113,Joshua Manning,Missouri,SEC,2024,,,,,,,,63,13,1,192,14.8,1,4,1,4,4.0
4921116,Jamal Roberts,Missouri,SEC,2024,,,,,,,,12,5,0,21,4.2,53,14,3,216,4.1
4921154,Eugene Wilson,Florida,SEC,2024,,,,,,,,85,19,1,266,14.0,1,0,0,0,0.0
4921259,Ethan Mackenny,Georgia Tech,ACC,2024,,,,,,,,,,,,,0,2,0,2,0
4921290,Owen Chambliss,San Diego State,Mountain West,2024,,,,,,,,10,1,0,10,10.0,,,,,
4921292,Isaiah Augustave,Colorado,Big 12,2024,,,,,,,,14,11,0,62,5.6,85,37,4,384,4.5
4921295,Rohan Fluellen,Stephen F. Austin,Southland,2024,,,,,,,,47,21,2,221,10.5,,,,,
4921296,Richard Dandridge,Youngstown State,MVFC,2024,,,,,,,,17,9,0,77,8.6,,,,,
4921305,Matthew Klopfenstein,Baylor,Big 12,2024,,,,,,,,23,6,1,62,10.3,,,,,
4921306,Mikey Matthews,California,ACC,2024,1,0,0,0.000,0,0,0.0,46,34,1,292,8.6,7,9,0,29,4.1
4921307,Luby Maurice Jr.,Florida International,Conference USA,2024,,,,,,,,,,,,,1,15,1,15,15.0
4921316,Nolan Ray,Maryland,Big Ten,2024,,,,,,,,18,11,0,76,6.9,75,48,2,374,5.0
4921321,Levontai Summersett,Florida A&M,SWAC,2024,,,,,,,,11,13,0,69,5.3,66,58,2,497,7.5
4921322,Zion Taylor,Georgia Tech,ACC,2024,,,,,,,,1,1,0,1,1.0,,,,,
4921400,Elias Cloy,Alabama A&M,SWAC,2024,,,,,,,,,,,,,1,0,0,0,0.0
4921407,Brandon Henderson,Illinois,Big Ten,2024,,,,,,,,6,1,1,6,6.0,,,,,
4921517,Dawson Pendergrass,Baylor,Big 12,2024,,,,,,,,22,11,1,103,9.4,121,55,6,671,5.5
4922983,Manny Covey,Cincinnati,Big 12,2024,,,,,,,,71,8,2,119,14.9,17,11,0,62,3.6
4922987,Takye Heath,Virginia Tech,ACC,2024,,,,,,,,5,1,0,5,5.0,1,6,0,6,6.0
4922988,Jamari Johnson,Louisville,ACC,2024,,,,,,,,29,13,1,158,12.2,,,,,
4922992,Israel Polk,Akron,Mid-American,2024,,,,,,,,19,24,0,201,8.4,,,,,
4922993,Devin Roche,Old Dominion,Sun Belt,2024,,,,,,,,15,7,1,52,7.4,43,23,2,274,6.4
4922995,Dijon Stanley,Utah,Big 12,2024,,,,,,,,79,7,2,166,23.7,20,14,0,66,3.3
4922996,Dylan Wade,Maryland,Big Ten,2024,,,,,,,,44,29,2,374,12.9,,,,,
4923032,Giovanni Adopte,Gardner-Webb,Big South-OVC,2024,,,,,,,,40,20,2,308,15.4,,,,,
4923046,Keyjuan Brown,Louisville,ACC,2024,,,,,,,,24,5,0,53,10.6,47,24,3,243,5.2
4923050,Israel Carter,South Florida,American Athletic,2024,14,11,0,0.786,4,195,13.9,,,,,,10,14,0,46,4.6
4923051,Surahz Buncom,Eastern Illinois,Big South-OVC,2024,,,,,,,,5,1,0,5,5.0,,,,,
4923057,Connor Cox,South Carolina,SEC,2024,,,,,,,,9,1,1,9,9.0,,,,,
4923059,Jeremiah Coney,Virginia Tech,ACC,2024,,,,,,,,,,,,,32,47,0,179,5.6
4923226,Collin Dixon,Illinois,Big Ten,2024,,,,,,,,41,18,0,264,14.7,,,,,
4923252,Dante Dowdell,Nebraska,Big Ten,2024,,,,,,,,6,7,0,21,3.0,143,38,12,614,4.3
4923274,Willtrell Hartson,Southern Illinois,MVFC,2024,,,,,,,,19,6,0,31,5.2,26,13,1,69,2.7
4923281,Jamel Hardy,UTSA,American Athletic,2024,,,,,,,,33,10,2,116,11.6,,,,,
4923282,C.J. Hester,Massachusetts,FBS Independents,2024,,,,,,,,17,14,0,58,4.1,119,24,4,529,4.4
4923288,Barry Jackson Jr.,Cincinnati,Big 12,2024,,,,,,,,12,3,0,22,7.3,7,6,0,21,3.0
4923290,Parker Jenkins,Houston,Big 12,2024,,,,,,,,6,3,0,7,2.3,17,13,0,34,2.0
4923295,Kenny Johnson,Pittsburgh,ACC,2024,,,,,,,,46,46,3,537,11.7,6,14,0,26,4.3
4923296,Dahlyn Jones,Weber State,Big Sky,2024,,,,,,,,5,2,1,10,5.0,,,,,
4923298,Peyton Jones,Duke,ACC,2024,,,,,,,,40,8,1,94,11.8,82,27,3,317,3.9
4924141,Misun Kelley,Clemson,ACC,2024,,,,,,,,11,5,0,27,5.4,,,,,
4924142,Zamariyon Kendall,Mississippi Valley State,SWAC,2024,,,,,,,,10,2,0,17,8.5,46,9,0,67,1.5
4940235,Taeshaun Lyons,Utah,Big 12,2024,,,,,,,,4,1,0,4,4.0,,,,,
4940236,Ryan Manning,Maryland,Big Ten,2024,,,,,,,,18,3,0,28,9.3,,,,,
4941012,London Montgomery,East Carolina,American Athletic,2024,,,,,,,,10,5,0,29,5.8,71,48,2,359,5.1
4949488,Jacobe Robinson,Boston College,ACC,2024,3,2,0,0.667,0,23,7.7,,,,,,6,10,1,23,3.8
4950379,Zach Ortwerth,Iowa,Big Ten,2024,,,,,,,,52,11,0,133,12.1,,,,,
4950548,DJ Samuels,Maryland,Big Ten,2024,,,,,,,,2,1,1,2,2.0,,,,,
4950550,Jeyquan Smith,South Florida,American Athletic,2024,,,,,,,,48,6,0,106,17.7,1,1,0,1,1.0
4950560,Xavier Terrell,Florida Atlantic,American Athletic,2024,,,,,,,,0,1,0,-5,-5.0,14,93,3,261,18.6
4954455,Bryson Washington,Baylor,Big 12,2024,,,,,,,,23,22,1,217,9.9,175,51,12,1028,5.9
4954456,Kasen Weisman,Florida Atlantic,American Athletic,2024,73,39,3,0.534,2,416,5.7,,,,,,15,17,1,71,4.7
4954506,Jamarion Wilcox,Kentucky,SEC,2024,,,,,,,,9,7,0,24,3.4,92,50,2,590,6.4
4986096,Chase Jenkins,Rice,American Athletic,2024,,,,,,,,,,,,,1,2,0,2,2.0
5008017,Benjamin Hall,Michigan,Big Ten,2024,,,,,,,,7,3,0,12,4.0,29,14,0,72,2.5
5010409,Jayden Mandal,Fresno State,Mountain West,2024,9,4,2,0.444,0,39,4.3,,,,,,2,3,0,-4,-2.0
5017177,Keith Reynolds,Washington,Big Ten,2024,,,,,,,,11,5,0,35,7.0,1,4,1,4,4.0
5024359,Trey Leckner,Washington State,Pac-12,2024,,,,,,,,33,5,1,87,17.4,,,,,
5027432,Ardell Banks,Kent State,Mid-American,2024,,,,,,,,13,2,0,20,10.0,,,,,
5030333,Sedrick Alexander,Vanderbilt,SEC,2024,,,,,,,,38,23,1,238,10.3,164,31,6,586,3.6
5031157,Reed Harris,Boston College,ACC,2024,,,,,,,,72,17,4,486,28.6,0,22,0,22,0
5032961,Tucker Ashcraft,Wisconsin,Big Ten,2024,,,,,,,,18,12,1,82,6.8,,,,,
5041960,Jayvontay Conner,East Carolina,American Athletic,2024,,,,,,,,2,1,1,2,2.0,,,,,
5044387,Anthony Colandrea,Virginia,ACC,2024,320,198,11,0.619,13,2125,6.6,27,1,0,27,27.0,128,35,2,277,2.2
5054036,Jackson Brousseau,Colorado State,Mountain West,2024,6,3,1,0.500,0,15,2.5,,,,,,1,8,0,8,8.0
5056106,Evan Boyd,Central Michigan,Mid-American,2024,,,,,,,,47,21,2,302,14.4,,,,,
5074243,Logan Blake,Rutgers,Big Ten,2024,,,,,,,,5,2,0,6,3.0,,,,,
5074245,Broc Lowry,Western Michigan,Mid-American,2024,8,4,0,0.500,0,21,2.6,,,,,,24,40,3,129,5.4
5075026,Donte Hawthorne,Virginia,ACC,2024,,,,,,,,2,1,0,2,2.0,1,12,0,12,12.0
5075390,Ian Strong,Rutgers,Big Ten,2024,,,,,,,,65,42,5,668,15.9,,,,,
5075392,Keldric Luster,SMU,ACC,2024,3,1,0,0.333,0,0,0.0,,,,,,11,17,0,50,4.5
5075529,Anthony Eager,South Alabama,Sun Belt,2024,,,,,,,,38,10,2,133,13.3,5,20,0,57,11.4
5075571,John-Keawe Sagapolutele,Hawai'i,Mountain West,2024,7,4,2,0.571,0,42,6.0,,,,,,2,1,0,-8,-4.0
5075800,Emory Williams,Miami,ACC,2024,26,16,1,0.615,1,187,7.2,,,,,,,,,,
5075805,Aidan Chiles,Michigan State,Big Ten,2024,324,192,12,0.593,13,2415,7.5,,,,,,96,26,3,234,2.4
5075820,Camron Heard,Oklahoma State,Big 12,2024,,,,,,,,28,2,0,39,19.5,,,,,
5075912,George Burhenn,Purdue,Big Ten,2024,,,,,,,,3,1,0,3,3.0,,,,,
5075920,Jarriett Buie,Iowa,Big Ten,2024,,,,,,,,19,9,0,94,10.4,,,,,
5075952,Trey Cornist,Tulane,American Athletic,2024,,,,,,,,11,2,0,21,10.5,22,23,1,149,6.8
5075962,Baylin Brooks,San Diego State,Mountain West,2024,,,,,,,,7,2,0,14,7.0,,,,,
5076099,Stephon Daily,Colorado State,Mountain West,2024,,,,,,,,56,4,1,74,18.5,,,,,
5076106,Marquis Johnson,Missouri,SEC,2024,1,0,0,0.000,0,0,0.0,49,25,1,352,14.1,2,7,0,2,1.0
5076111,Tyler Douglas,Temple,American Athletic,2024,,,,,,,,,,,,,13,9,0,28,2.2
5076584,Terrell Washington Jr.,Iowa,Big Ten,2024,,,,,,,,19,6,1,33,5.5,12,9,0,34,2.8
5076597,Tony Terry,Southeast Missouri State,Big South-OVC,2024,,,,,,,,0,1,0,0,0.0,,,,,
5076651,Christian Abney,Ball State,Mid-American,2024,,,,,,,,22,5,1,50,10.0,,,,,
5076654,Leo Pulalasi,Washington State,Pac-12,2024,,,,,,,,13,8,0,54,6.8,65,22,2,302,4.6
5076949,Evan Bullock,Louisiana Tech,Conference USA,2024,302,199,3,0.659,14,2107,7.0,,,,,,63,14,1,-126,-2.0
5076952,Devin Mccuin,UTSA,American Athletic,2024,,,,,,,,54,45,5,424,9.4,3,21,0,28,9.3
5077060,Amare Thomas,UAB,American Athletic,2024,,,,,,,,73,62,8,670,10.8,4,9,0,8,2.0
5077106,Bryce Harrison,Stetson,Pioneer,2024,,,,,,,,16,1,0,16,16.0,,,,,
5077107,Kyle Williams,Morgan State,MEAC,2024,,,,,,,,39,1,1,5,5.0,10,14,0,40,4.0
5077206,Donielle Hayes,Minnesota,Big Ten,2024,,,,,,,,13,2,0,22,11.0,,,,,
5077210,Jatavius Shivers,South Carolina,SEC,2024,,,,,,,,2,1,0,2,2.0,,,,,
5077264,Javieon Butler,Southern Miss,Sun Belt,2024,,,,,,,,18,2,0,22,11.0,,,,,
5077266,Trech Kekahuna,Wisconsin,Big Ten,2024,,,,,,,,69,25,2,339,13.6,1,11,0,11,11.0
5077282,Ty Adams,North Carolina,ACC,2024,,,,,,,,5,1,0,5,5.0,,,,,
5077304,Zeke Moore,Florida Atlantic,American Athletic,2024,,,,,,,,7,4,0,13,3.3,,,,,
5077390,Jambres Dubar,Boise State,Mountain West,2024,,,,,,,,12,2,0,18,9.0,25,22,2,99,4.0
5077502,Carson Hansen,Iowa State,Big 12,2024,1,1,0,1.000,0,26,26.0,24,13,2,88,6.8,151,57,13,752,5.0
5077668,Kade Eldridge,USC,Big Ten,2024,,,,,,,,11,3,0,19,6.3,,,,,
5077784,Zachary Card,Oregon State,Pac-12,2024,,,,,,,,,,,,,5,26,1,60,12.0
5077785,Cedric Hawkins,Arkansas State,Sun Belt,2024,,,,,,,,,,,,,2,0,0,-6,-3.0
5077800,Jackson Conners-McCarthy,Marist,Pioneer,2024,,,,,,,,62,48,2,428,8.9,6,28,0,60,10.0
5077803,Jackson Harper,UConn,FBS Independents,2024,,,,,,,,5,1,0,5,5.0,,,,,
5077806,Tucker McDonald,UConn,FBS Independents,2024,5,3,0,0.600,0,20,4.0,,,,,,3,9,0,9,3.0
5077819,Nathan Vantimmeren,Central Michigan,Mid-American,2024,,,,,,,,9,4,0,24,6.0,,,,,
5077873,Chris Dawn Jr.,Texas State,Sun Belt,2024,,,,,,,,60,37,6,418,11.3,,,,,
5077874,Max Drag,App State,Sun Belt,2024,,,,,,,,11,1,1,11,11.0,,,,,
5077876,TJ Horton,Ball State,Mid-American,2024,,,,,,,,7,4,0,2,0.5,23,17,0,107,4.7
5077877,Justyn Reid,Southern Miss,Sun Belt,2024,,,,,,,,59,7,0,145,20.7,,,,,
5078005,Abu Sama III,Iowa State,Big 12,2024,,,,,,,,26,8,0,58,7.3,124,77,2,587,4.7
5078006,Iverson Young,Missouri State,MVFC,2024,,,,,,,,,,,,,8,28,0,59,7.4
5078011,Quran Boyd,Duke,ACC,2024,,,,,,,,1,1,0,1,1.0,2,2,0,0,0.0
5078014,Brandon Johnson,Arizona,Big 12,2024,,,,,,,,,,,,,3,4,0,11,3.7
5078043,Apollos Cook,Mercer,Southern,2024,,,,,,,,55,13,0,151,11.6,,,,,
5078051,Muwaffaq Parkman,Robert Morris,NEC,2024,,,,,,,,,,,,,2,0,0,-2,-1.0
5078053,Isaiah Thacker,Ball State,Mid-American,2024,,,,,,,,,,,,,1,6,0,6,6.0
5078059,Jarvis Durr,South Alabama,Sun Belt,2024,,,,,,,,,,,,,5,4,1,16,3.2
5078063,Connor Walendzak,Toledo,Mid-American,2024,,,,,,,,12,14,0,77,5.5,128,32,1,458,3.6
5078110,Noah Vaughn,Virginia,ACC,2024,,,,,,,,13,10,0,77,7.7,36,13,0,120,3.3
5078144,Landen Chambers,Central Arkansas,UAC,2024,,,,,,,,20,3,0,36,12.0,26,14,1,153,5.9
5078160,Richie Anderson,Fresno State,Mountain West,2024,,,,,,,,18,17,0,147,8.6,,,,,
5078165,Junior Sherrill,Vanderbilt,SEC,2024,,,,,,,,43,29,3,411,14.2,7,8,0,16,2.3
5078166,Ajani Sheppard,Rutgers,Big Ten,2024,,,,,,,,,,,,,3,20,0,24,8.0
5078223,Re'Shaun Sanford II,Houston,Big 12,2024,,,,,,,,19,18,0,157,8.7,94,38,1,444,4.7
5078225,Jaron Tibbs,Purdue,Big Ten,2024,,,,,,,,38,25,2,305,12.2,,,,,
5078227,Braeden Wisloski,Maryland,Big Ten,2024,,,,,,,,37,5,0,75,15.0,,,,,
5078244,Caleb Komolafe,Northwestern,Big Ten,2024,,,,,,,,5,2,0,8,4.0,50,17,0,139,2.8
5078245,Kenric Lanier II,Minnesota,Big Ten,2024,,,,,,,,17,1,0,17,17.0,,,,,
5078251,Justin Marshall,Colorado State,Mountain West,2024,5,2,1,0.400,0,19,3.8,23,8,0,62,7.8,156,42,4,767,4.9
5078312,Nyziah Hunter,California,ACC,2024,,,,,,,,60,40,5,578,14.5,1,6,0,6,6.0
5078402,Shaborne Demps,Florida International,Conference USA,2024,,,,,,,,14,1,0,14,14.0,7,16,0,26,3.7
5078404,Marques Hicks,Kent State,Mid-American,2024,,,,,,,,,,,,,3,0,0,-5,-1.7
5078422,Brandon High,UTSA,American Athletic,2024,,,,,,,,18,6,0,58,9.7,93,66,8,495,5.3
5078453,London Humphreys,Georgia,SEC,2024,,,,,,,,40,15,2,244,16.3,,,,,
5078466,Elija Walton,Georgia Southern,Sun Belt,2024,,,,,,,,2,1,1,2,2.0,,,,,
5078533,Jabari Smith,Florida Atlantic,American Athletic,2024,,,,,,,,76,17,3,296,17.4,,,,,
5078549,Dedrick Latulas,Louisiana Tech,Conference USA,2024,,,,,,,,4,1,0,4,4.0,1,0,0,0,0.0
5078810,Sam Leavitt,Arizona State,Big 12,2024,350,216,6,0.617,24,2885,8.2,,,,,,110,40,5,443,4.0
5078812,Antonio Ferguson,Florida International,Conference USA,2024,,,,,,,,39,7,1,90,12.9,,,,,
5078908,Cole Skinner,South Florida,American Athletic,2024,,,,,,,,,,,,,1,2,0,2,2.0
5078909,Kenari Wilcher,Illinois,Big Ten,2024,,,,,,,,11,4,0,30,7.5,,,,,
5078913,Deago Benson,Stephen F. Austin,Southland,2024,,,,,,,,,,,,,13,16,0,70,5.4
5078916,Joe Jackson,Kansas State,Big 12,2024,,,,,,,,25,6,1,63,10.5,39,32,1,227,5.8
5078917,Khalifa Keith,Tennessee,SEC,2024,,,,,,,,8,1,0,8,8.0,21,23,1,100,4.8
5079283,Exavious Reed,Tennessee State,Big South-OVC,2024,,,,,,,,11,1,0,11,11.0,,,,,
5079289,Tawaski Abrams,Florida,SEC,2024,,,,,,,,31,2,0,34,17.0,,,,,
5079290,Keylen Adams,Virginia Tech,ACC,2024,,,,,,,,14,1,0,14,14.0,1,47,0,47,47.0
5079298,Lloyd Avant,Tulsa,American Athletic,2024,,,,,,,,18,12,0,62,5.2,76,16,1,259,3.4
5079301,CJ Bailey,NC State,ACC,2024,302,196,10,0.649,17,2412,8.0,0,1,0,-6,-6.0,99,31,5,279,2.8
5079307,Kobe Boykin,Jackson State,SWAC,2024,,,,,,,,,,,,,8,24,0,54,6.8
5079318,Elijah Brown,Stanford,ACC,2024,48,28,3,0.583,2,274,5.7,,,,,,14,7,0,-23,-1.6
5079322,Jadan Baugh,Florida,SEC,2024,,,,,,,,25,4,1,33,8.3,133,55,7,673,5.1
5079324,Christian Bentancur,Clemson,ACC,2024,,,,,,,,7,1,0,7,7.0,,,,,
5079326,Terry Bussey,Texas A&M,SEC,2024,,,,,,,,33,17,0,216,12.7,16,65,2,102,6.4
5079329,Mazeo Bennett,South Carolina,SEC,2024,,,,,,,,36,30,3,337,11.2,,,,,
5079335,Chauncey Bowens,Georgia,SEC,2024,,,,,,,,,,,,,16,11,0,58,3.6
5079345,Mario Craver,Mississippi State,SEC,2024,,,,,,,,72,17,3,368,21.6,3,10,0,7,2.3
5079348,Jason Brown Jr.,Arizona State,Big 12,2024,,,,,,,,,,,,,4,16,0,33,8.3
5079349,Isaac Brown,Louisville,ACC,2024,,,,,,,,13,30,1,152,5.1,165,77,11,1173,7.1
5079354,Braylon Burnside,Mississippi State,SEC,2024,,,,,,,,-6,1,0,-6,-6.0,,,,,
5079360,J'Marion Burnette,Houston,Big 12,2024,,,,,,,,7,1,0,7,7.0,43,54,0,182,4.2
5079364,Kam Davis,Florida State,ACC,2024,,,,,,,,14,2,0,21,10.5,52,16,0,173,3.3
5079371,Chris Davis Jr.,Stanford,ACC,2024,,,,,,,,8,3,0,11,3.7,54,47,0,288,5.3
5079372,Anthony Carrie,Georgia Tech,ACC,2024,,,,,,,,12,4,0,16,4.0,25,30,1,120,4.8
5079373,Decker DeGraaf,Washington,Big Ten,2024,,,,,,,,41,15,3,233,15.5,,,,,
5079374,Ny Carr,Miami,ACC,2024,,,,,,,,8,1,0,8,8.0,,,,,
5079376,Cam Coleman,Auburn,SEC,2024,,,,,,,,63,37,8,598,16.2,,,,,
5079378,Darrion Dupree,Wisconsin,Big Ten,2024,,,,,,,,26,12,0,119,9.9,79,32,1,317,4.0
5079379,Caden Durham,LSU,SEC,2024,,,,,,,,71,28,2,260,9.3,138,86,6,754,5.5
5079382,Jonathan Echols,South Florida,American Athletic,2024,,,,,,,,59,1,1,59,59.0,,,,,
5079386,Ric'Darious Farmer,West Virginia,Big 12,2024,,,,,,,,16,6,0,54,9.0,2,4,0,6,3.0
5079402,Tyseer Denmark,Penn State,Big Ten,2024,,,,,,,,15,2,1,28,14.0,1,0,0,-4,-4.0
5079410,Jerrick Gibson,Texas,SEC,2024,,,,,,,,9,3,0,25,8.3,78,25,4,377,4.8
5079413,BJ Gibson,Florida State,ACC,2024,,,,,,,,8,2,0,14,7.0,,,,,
5079420,Trey'Dez Green,LSU,SEC,2024,,,,,,,,21,13,4,101,7.8,,,,,
5079438,David Eziomume,Clemson,ACC,2024,,,,,,,,,,,,,10,17,0,62,6.2
5079443,Hauss Hejny,TCU,Big 12,2024,,,,,,,,,,,,,15,21,0,65,4.3
5079462,Kylan Fox,UCF,Big 12,2024,,,,,,,,11,3,0,22,7.3,,,,,
5079465,Michael Hawkins Jr.,Oklahoma,SEC,2024,120,76,2,0.633,3,783,6.5,,,,,,69,48,1,204,3.0
5079468,Davion Gause,North Carolina,ACC,2024,,,,,,,,25,3,0,34,11.3,67,21,4,326,4.9
5079482,Dilin Jones,Wisconsin,Big Ten,2024,,,,,,,,,,,,,16,47,0,88,5.5
5079486,Zy'marion Lang,Toledo,Mid-American,2024,,,,,,,,27,3,2,49,16.3,1,1,0,1,1.0
5079492,Micah Hudson,Texas Tech,Big 12,2024,,,,,,,,38,8,0,123,15.4,,,,,
5079494,Hogan Hansen,Michigan,Big Ten,2024,,,,,,,,20,7,1,78,11.1,,,,,
5079499,Audric Harris,Washington,Big Ten,2024,,,,,,,,9,2,0,17,8.5,,,,,
5079500,Bryan Jackson,USC,Big Ten,2024,,,,,,,,0,1,0,0,0.0,36,23,1,188,5.2
5079501,Zycarl Lewis Jr.,Tulane,American Athletic,2024,,,,,,,,9,2,0,15,7.5,,,,,
5079503,Elija Lofton,Miami,ACC,2024,,,,,,,,40,9,1,150,16.7,2,28,1,30,15.0
5079506,Daniel Hill,Alabama,SEC,2024,,,,,,,,3,1,0,3,3.0,21,11,1,61,2.9
5079508,Austin Mack,Alabama,SEC,2024,3,2,0,0.667,1,39,13.0,,,,,,,,,,
5079516,KJ Jackson,Arkansas,SEC,2024,4,4,0,1.000,0,59,14.8,,,,,,1,3,0,3,3.0
5079519,Jeremiah McClellan,Oregon,Big Ten,2024,,,,,,,,12,3,0,24,8.0,,,,,
5079523,Derrick McFall,SMU,ACC,2024,,,,,,,,18,3,0,30,10.0,26,17,2,106,4.1
5079524,Keenan Jackson,NC State,ACC,2024,,,,,,,,25,12,2,124,10.3,,,,,
5079531,Jake Merklinger,Tennessee,SEC,2024,9,6,0,0.667,0,48,5.3,,,,,,7,24,0,22,3.1
5079533,Mabrey Mettauer,Wisconsin,Big Ten,2024,1,1,0,1.000,0,2,2.0,,,,,,1,2,0,2,2.0
5079535,Zion Kearney,Oklahoma,SEC,2024,,,,,,,,56,8,1,128,16.0,,,,,
5079537,Ju'Juan Johnson,LSU,SEC,2024,,,,,,,,11,5,1,22,4.4,7,5,0,14,2.0
5079539,Elijah Moore,Florida State,ACC,2024,,,,,,,,13,2,0,17,8.5,,,,,
5079542,Luke Kromenhoek,Florida State,ACC,2024,84,44,2,0.524,3,502,6.0,,,,,,63,42,0,113,1.8
5079546,Micah Ka'Apana,Michigan,Big Ten,2024,,,,,,,,4,1,0,4,4.0,,,,,
5079552,Nate Palmer,TCU,Big 12,2024,,,,,,,,,,,,,11,11,0,25,2.3
5079555,D.J. Lagway,Florida,SEC,2024,192,115,9,0.599,12,1915,10.0,,,,,,51,22,0,101,2.0
5079561,Dwight Phillips Jr.,Georgia,SEC,2024,,,,,,,,15,2,0,24,12.0,6,12,1,33,5.5
5079572,Dylan Raiola,Nebraska,Big Ten,2024,409,274,11,0.670,13,2806,6.9,,,,,,50,38,0,-65,-1.3
5079574,Jordan Marshall,Michigan,Big Ten,2024,,,,,,,,,,,,,31,24,0,120,3.9
5079577,Quinton Martin Jr.,Penn State,Big Ten,2024,,,,,,,,7,3,0,18,6.0,13,10,0,32,2.5
5079580,Mike Matthews,Tennessee,SEC,2024,,,,,,,,25,7,2,90,12.9,,,,,
5079585,Jordan Ross,Colorado State,Mountain West,2024,,,,,,,,36,15,1,218,14.5,2,6,0,0,0.0
5079589,Braylen Russell,Arkansas,SEC,2024,,,,,,,,11,3,0,18,6.0,67,75,3,354,5.3
5079591,Jordan Lyle,Miami,ACC,2024,,,,,,,,17,4,0,19,4.8,54,91,4,400,7.4
5079592,Michael Smith,South Carolina,SEC,2024,,,,,,,,36,10,1,106,10.6,,,,,
5079600,Nick Marsh,Michigan State,Big Ten,2024,,,,,,,,77,41,3,649,15.8,4,11,0,23,5.8
5079612,Drelon Miller,Colorado,Big 12,2024,,,,,,,,49,32,3,277,8.7,4,5,0,10,2.5
5079613,Emmett Mosley V,Stanford,ACC,2024,,,,,,,,62,48,6,525,10.9,12,13,0,6,0.5
5079620,Michael Van Buren Jr.,Mississippi State,SEC,2024,256,140,7,0.547,11,1886,7.4,,,,,,69,17,5,-12,-0.2
5079622,Tovani Mizell,Kentucky,SEC,2024,,,,,,,,,,,,,1,0,0,0,0.0
5079626,Micah Welch,Colorado,Big 12,2024,,,,,,,,15,8,0,54,6.8,43,25,4,186,4.3
5079627,Jadon Porter,Baylor,Big 12,2024,,,,,,,,21,2,0,23,11.5,,,,,
5079628,John White,Southern Miss,Sun Belt,2024,31,17,3,0.548,0,240,7.7,,,,,,11,7,1,-52,-4.7
5079632,Noreel White,Ole Miss,SEC,2024,,,,,,,,20,2,0,34,17.0,,,,,
5079641,Lamar Radcliffe,San José State,Mountain West,2024,,,,,,,,,,,,,33,18,1,141,4.3
5079643,Zion Ragins,Oklahoma,SEC,2024,,,,,,,,14,10,0,68,6.8,2,3,0,6,3.0
5079647,Caleb Odom,Alabama,SEC,2024,,,,,,,,15,7,0,65,9.3,,,,,
5079650,DeJuan Williams,Maryland,Big Ten,2024,,,,,,,,2,1,0,2,2.0,8,24,1,46,5.8
5079651,Devon Rice,Kansas State,Big 12,2024,,,,,,,,,,,,,1,0,0,-1,-1.0
5079653,Demond Williams Jr.,Washington,Big Ten,2024,105,82,1,0.781,8,944,9.0,3,1,0,3,3.0,83,43,2,282,3.4
5079659,Jonathan Paylor,NC State,ACC,2024,,,,,,,,,,,,,1,3,0,3,3.0
5079660,Brandon Winton,South Florida,American Athletic,2024,,,,,,,,8,3,0,14,4.7,,,,,
5079663,Jeremy Payne,TCU,Big 12,2024,,,,,,,,21,12,0,99,8.3,54,32,3,239,4.4
5079687,Jordan Shipp,North Carolina,ACC,2024,,,,,,,,22,9,1,114,12.7,1,0,0,-13,-13.0
5079691,Malcolm Simmons,Auburn,SEC,2024,,,,,,,,57,40,3,451,11.3,4,15,0,13,3.3
5079699,Corey Smith,Penn State,Big Ten,2024,,,,,,,,0,1,0,-2,-2.0,22,78,0,152,6.9
5079704,Emanuel Ross,Syracuse,ACC,2024,,,,,,,,37,5,0,78,15.6,,,,,
5079712,Julian Sayin,Ohio State,Big Ten,2024,12,5,0,0.417,1,84,7.0,,,,,,2,19,0,24,12.0
5079714,Rico Scott,Alabama,SEC,2024,,,,,,,,31,5,1,60,12.0,1,28,0,28,28.0
5079719,Taylor Tatum,Oklahoma,SEC,2024,2,2,0,1.000,1,16,8.0,18,5,1,41,8.2,56,35,3,278,5.0
5079720,Jeremiah Smith,Ohio State,Big Ten,2024,,,,,,,,70,76,15,1315,17.3,6,19,1,47,7.8
5079735,Asher Weiner,Princeton,Ivy,2024,,,,,,,,,,,,,5,9,0,10,2.0
5079736,Alex Taylor,North Carolina,ACC,2024,,,,,,,,15,1,0,15,15.0,,,,,
5079738,Landen Thomas,Florida State,ACC,2024,,,,,,,,35,14,1,173,12.4,,,,,
5079742,Aneyas Williams,Notre Dame,FBS Independents,2024,,,,,,,,36,18,0,172,9.6,34,58,2,219,6.4
5079743,Perry Thompson,Auburn,SEC,2024,,,,,,,,70,5,1,126,25.2,,,,,
5079745,Joshisa Trader,Miami,ACC,2024,,,,,,,,40,6,1,91,15.2,,,,,
5079749,Yasin Willis,Syracuse,ACC,2024,,,,,,,,12,8,0,26,3.3,36,26,1,130,3.6
5079758,David Washington Jr.,Kentucky,SEC,2024,,,,,,,,9,1,0,9,9.0,,,,,
5079762,Cole Welliver,UConn,FBS Independents,2024,4,2,0,0.500,0,10,2.5,,,,,,,,,,
5079764,Walker White,Auburn,SEC,2024,5,2,0,0.400,0,18,3.6,,,,,,4,8,0,18,4.5
5079769,Izaiah Williams,Texas A&M,SEC,2024,,,,,,,,15,2,0,22,11.0,,,,,
5079771,Isaac Wilson,Utah,Big 12,2024,225,127,11,0.564,10,1510,6.7,,,,,,59,48,0,47,0.8
5080403,Jaylen Raynor,Arkansas State,Sun Belt,2024,420,259,10,0.617,16,2783,6.6,11,1,0,11,11.0,137,40,3,387,2.8
5080547,Peter Clarke,Temple,American Athletic,2024,,,,,,,,11,3,2,16,5.3,,,,,
5080703,Isaiah Sategna,Arkansas,SEC,2024,,,,,,,,58,37,1,490,13.2,1,15,0,15,15.0
5080707,Hunter Talley,New Mexico State,Conference USA,2024,,,,,,,,19,3,0,34,11.3,,,,,
5080819,Davion Dozier,Arkansas,SEC,2024,,,,,,,,13,1,0,13,13.0,,,,,
5080888,Matt Wagner,Boise State,Mountain West,2024,,,,,,,,22,9,0,98,10.9,,,,,
5081054,Micah Riley-Ducker,Auburn,SEC,2024,,,,,,,,3,1,1,3,3.0,,,,,
5081072,Jeremiah Giedrys,Stetson,Pioneer,2024,,,,,,,,11,2,0,19,9.5,,,,,
5081076,Jimmy Casey,Sacred Heart,FCS Independents,2024,,,,,,,,14,2,0,18,9.0,,,,,
5081089,Dylan Gary,West Georgia,UAC,2024,,,,,,,,94,42,7,764,18.2,,,,,
5081092,Mikey Pauley,Kansas,Big 12,2024,,,,,,,,,,,,,2,10,0,17,8.5
5081096,Roman Mangini,Nebraska,Big Ten,2024,,,,,,,,11,1,0,11,11.0,,,,,
5081107,Luke Lindenmeyer,Nebraska,Big Ten,2024,,,,,,,,14,5,0,50,10.0,,,,,
5081127,George Hamsley,Tennessee State,Big South-OVC,2024,,,,,,,,,,,,,1,8,0,8,8.0
5081131,Javen Nicholas,LSU,SEC,2024,,,,,,,,11,3,0,24,8.0,,,,,
5081150,Grant Goodman,Morehead State,Pioneer,2024,,,,,,,,,,,,,6,10,0,23,3.8
5081178,Trace Campbell,UAB,American Athletic,2024,1,0,0,0.000,0,0,0.0,1,2,0,-5,-2.5,5,10,0,28,5.6
5081179,Drew Burnett,Ole Miss,SEC,2024,,,,,,,,12,1,0,12,12.0,,,,,
5081197,Grady Brosterhous,Virginia,ACC,2024,,,,,,,,,,,,,10,5,4,14,1.4
5081202,Jack Griese,Virginia,ACC,2024,,,,,,,,57,1,1,57,57.0,15,12,0,55,3.7
5081209,Eli Wood,Virginia,ACC,2024,,,,,,,,6,3,0,15,5.0,,,,,
5081233,Tevita Noa,Kansas,Big 12,2024,,,,,,,,40,1,0,40,40.0,,,,,
5081239,Steven Johnson,East Tennessee State,Southern,2024,3,3,0,1.000,0,33,11.0,,,,,,1,1,0,1,1.0
5081240,Xander Lamb,Charlotte,American Athletic,2024,,,,,,,,,,,,,1,2,0,2,2.0
5081241,Johnny Martin III,Stony Brook,CAA,2024,,,,,,,,3,1,0,3,3.0,62,24,3,249,4.0
5081250,Sean Brown,Charlotte,American Athletic,2024,,,,,,,,42,35,1,470,13.4,,,,,
5081322,Cam Camper,Boise State,Mountain West,2024,,,,,,,,53,58,4,903,15.6,,,,,
5081332,Jaziun Patterson,Iowa,Big Ten,2024,,,,,,,,3,1,0,3,3.0,63,39,2,309,4.9
5081338,Kaden Wetjen,Iowa,Big Ten,2024,,,,,,,,33,3,0,46,15.3,4,11,0,33,8.3
5081367,Chas Nimrod,Tennessee,SEC,2024,,,,,,,,27,10,0,121,12.1,,,,,
5081368,Squirrel White,Tennessee,SEC,2024,,,,,,,,45,34,2,381,11.2,1,0,0,-7,-7.0
5081373,Max Grand,Augustana University (SD),Northern Sun,2024,,,,,,,,0,1,0,-5,-5.0,4,9,0,11,2.8
5081378,Hunter Barnes,Tennessee,SEC,2024,,,,,,,,,,,,,7,14,0,38,5.4
5081380,Frank Bierman,Minnesota,Big Ten,2024,,,,,,,,13,1,0,13,13.0,,,,,
5081397,Dylan Sampson,Tennessee,SEC,2024,,,,,,,,21,20,0,143,7.2,258,56,22,1491,5.8
5081405,AJ Swann,LSU,SEC,2024,4,2,0,0.500,0,10,2.5,,,,,,,,,,
5081427,Jake Young,Western Carolina,Southern,2024,,,,,,,,22,27,2,303,11.2,,,,,
5081432,Antonio Williams,Clemson,ACC,2024,2,2,0,1.000,1,62,31.0,57,74,11,902,12.2,7,36,1,101,14.4
5081434,Trent Pearman,Clemson,ACC,2024,5,2,1,0.400,0,8,1.6,,,,,,3,9,0,16,5.3
5081435,Keith Adams Jr.,Clemson,ACC,2024,,,,,,,,4,1,0,4,4.0,30,18,1,122,4.1
5081436,Domonique Thomas,Ole Miss,SEC,2024,,,,,,,,,,,,,42,22,1,197,4.7
5081452,Clay Swinney,Clemson,ACC,2024,,,,,,,,4,1,0,4,4.0,,,,,
5081502,Nathan Kent,Navy,American Athletic,2024,,,,,,,,77,10,2,222,22.2,2,34,1,51,25.5
5081504,Blake Horvath,Navy,American Athletic,2024,139,80,4,0.576,13,1353,9.7,13,1,0,13,13.0,176,95,17,1254,7.1
5081505,Cody Howard,Navy,American Athletic,2024,,,,,,,,23,4,1,60,15.0,,,,,
5081508,Eli Heidenreich,Navy,American Athletic,2024,2,0,0,0.000,0,0,0.0,74,39,6,671,17.2,65,60,3,444,6.8
5081517,Brandon Chatman,Navy,American Athletic,2024,,,,,,,,46,18,4,257,14.3,48,20,3,250,5.2
5081522,Shane Reynolds,Navy,American Athletic,2024,,,,,,,,,,,,,23,9,1,83,3.6
5081526,Alex Tecza,Navy,American Athletic,2024,1,1,0,1.000,0,13,13.0,46,12,2,229,19.1,123,65,8,556,4.5
5081542,Landon Robinson,Navy,American Athletic,2024,,,,,,,,,,,,,2,34,0,63,31.5
5081564,Albert Kunickis III,Northwestern,Big Ten,2024,,,,,,,,,,,,,1,3,0,3,3.0
5081611,Mason Williams,Ohio,Mid-American,2024,,,,,,,,21,19,2,211,11.1,1,7,1,7,7.0
5081632,Thai Chiaokhiao-Bowman,Rice,American Athletic,2024,,,,,,,,33,15,1,125,8.3,1,2,0,2,2.0
5081698,Justin Fisher,Notre Dame,FBS Independents,2024,,,,,,,,16,1,0,16,16.0,1,4,0,4,4.0
5081716,Kyle Hanks,Liberty,Conference USA,2024,,,,,,,,,,,,,1,5,0,5,5.0
5081766,Jason Albritton,Ole Miss,SEC,2024,,,,,,,,,,,,,6,7,0,15,2.5
5081804,Mason Maggs,Ohio State,Big Ten,2024,,,,,,,,,,,,,1,3,0,3,3.0
5081820,David Adolph,Ohio State,Big Ten,2024,,,,,,,,10,1,0,10,10.0,,,,,
5081856,Nate Glantz,Lindenwood,Big South-OVC,2024,284,168,10,0.592,16,2209,7.8,,,,,,131,30,6,313,2.4
5081863,Carson Brown,Iowa State,Big 12,2024,,,,,,,,44,11,1,141,12.8,,,,,
5081869,Timmy Ward,Rutgers,Big Ten,2024,,,,,,,,,,,,,1,0,0,0,0.0
5081898,Cookie Desiderio,Massachusetts,FBS Independents,2024,,,,,,,,2,1,0,2,2.0,8,5,0,20,2.5
5081902,Evan Cantu,Kansas State,Big 12,2024,,,,,,,,,,,,,3,5,0,13,4.3
5081907,Anthony Frias II,UCLA,Big Ten,2024,,,,,,,,14,2,0,18,9.0,15,8,0,47,3.1
5081919,La'James White,Kansas State,Big 12,2024,,,,,,,,,,,,,1,12,1,12,12.0
5081925,General Booty,UL Monroe,Sun Belt,2024,54,29,2,0.537,2,306,5.7,0,1,0,-7,-7.0,11,31,0,16,1.5
5081926,Tawee Walker,Wisconsin,Big Ten,2024,,,,,,,,8,11,0,21,1.9,190,55,10,864,4.5
5081966,Colin Page,Texas,SEC,2024,,,,,,,,,,,,,18,23,0,99,5.5
5081996,Jeremiah Aaron,North Texas,American Athletic,2024,,,,,,,,27,5,1,97,19.4,,,,,
5081997,Cortez Braham,Nevada,Mountain West,2024,,,,,,,,57,56,4,724,12.9,1,1,0,1,1.0
5081999,CJ Donaldson,West Virginia,Big 12,2024,,,,,,,,15,14,1,104,7.4,163,48,11,734,4.5
5082004,Ace Cobb,Florida A&M,SWAC,2024,,,,,,,,70,12,4,250,20.8,,,,,
5082005,Tyriq Starks,Florida Atlantic,American Athletic,2024,63,39,2,0.619,6,550,8.7,,,,,,23,12,0,63,2.7
5082006,T.J. Smith,North Alabama,UAC,2024,213,131,6,0.615,15,1748,8.2,,,,,,81,46,5,300,3.7
5082009,Donovan Giles,Arkansas-Pine Bluff,SWAC,2024,,,,,,,,37,8,1,123,15.4,2,12,0,8,4.0
5082053,Patrick Rea,Louisiana Tech,Conference USA,2024,,,,,,,,,,,,,1,26,0,26,26.0
5082125,Dewayne Coleman,Army,American Athletic,2024,16,11,0,0.688,1,121,7.6,,,,,,38,15,1,136,3.6
5082140,Liam Fortner,Army,American Athletic,2024,,,,,,,,28,1,0,28,28.0,,,,,
5082142,Noah Short,Army,American Athletic,2024,,,,,,,,58,17,3,318,18.7,75,61,2,569,7.6
5082144,Hayden Reed,Army,American Athletic,2024,,,,,,,,23,6,1,63,10.5,40,15,1,207,5.2
5082184,Hunter Roddy,Idaho State,Big Sky,2024,,,,,,,,,,,,,3,13,0,21,7.0
5082189,Andon Thomas,Army,American Athletic,2024,,,,,,,,,,,,,1,35,0,35,35.0
5082251,Vann Schield,Northern Colorado,Big Sky,2024,,,,,,,,11,3,0,19,6.3,35,58,1,144,4.1
5082253,Keegan Holles,Colorado State,Mountain West,2024,,,,,,,,4,1,0,4,4.0,15,18,1,97,6.5
5082269,Dean Connors,Rice,American Athletic,2024,,,,,,,,69,61,2,472,7.7,159,71,9,780,4.9
5082271,Quinton Jackson,Rice,American Athletic,2024,1,1,0,1.000,0,21,21.0,17,11,1,69,6.3,48,45,1,275,5.7
5082277,Micah Barnett,Rice,American Athletic,2024,,,,,,,,8,3,0,14,4.7,,,,,
5082284,Boden Groen,Rice,American Athletic,2024,,,,,,,,21,12,0,94,7.8,,,,,
5082289,Kelly Akharaiyi,Mississippi State,SEC,2024,,,,,,,,49,25,2,391,15.6,,,,,
5082302,Emari White,UTEP,Conference USA,2024,,,,,,,,28,15,0,107,7.1,,,,,
5082315,Nathan Acevedo,Fresno State,Mountain West,2024,,,,,,,,16,9,0,65,7.2,2,10,0,18,9.0
5082316,Tye Edwards,Northern Iowa,MVFC,2024,,,,,,,,29,12,1,76,6.3,159,75,6,1022,6.4
5082330,John Alan Richter,Toledo,Mid-American,2024,67,43,0,0.642,4,497,7.4,,,,,,15,10,0,14,0.9
5082370,Dallas Payne,UAB,American Athletic,2024,,,,,,,,37,17,1,192,11.3,,,,,
5082439,Rykem Laney,Georgia State,Sun Belt,2024,,,,,,,,24,7,1,106,15.1,,,,,
5082467,Tyler Hatcher,Hampton,CAA,2024,,,,,,,,25,6,2,66,11.0,,,,,
5082548,A.J. Turner,Marshall,Sun Belt,2024,,,,,,,,30,8,2,68,8.5,104,88,6,864,8.3
5082549,DeMarcus McElroy,St. Francis (PA),NEC,2024,,,,,,,,16,16,1,112,7.0,114,97,2,605,5.3
5082550,Jackson Marshall,Gardner-Webb,Big South-OVC,2024,,,,,,,,,,,,,1,10,0,10,10.0
5082558,Caden Burti,UAlbany,CAA,2024,,,,,,,,23,21,3,223,10.6,1,1,0,1,1.0
5082559,Rece Verhoff,Marshall,Sun Belt,2024,,,,,,,,,,,,,1,9,0,9,9.0
5082564,Titus Lyons,Texas State,Sun Belt,2024,,,,,,,,14,5,0,39,7.8,,,,,
5082571,Jameson Holcomb,Murray State,MVFC,2024,29,18,1,0.621,2,197,6.8,,,,,,7,6,0,-14,-2.0
5082584,DJ Epps,Troy,Sun Belt,2024,,,,,,,,5,1,0,5,5.0,,,,,
5082587,Matthew Coleman,San José State,Mountain West,2024,,,,,,,,33,34,2,401,11.8,,,,,
5082601,Jeff Weimer,Idaho State,Big Sky,2024,,,,,,,,84,74,6,1003,13.6,,,,,
5082624,Ryder MacGillivray,Northern Colorado,Big Sky,2024,,,,,,,,38,14,0,139,9.9,,,,,
5082630,Jalen Royals,Utah State,Mountain West,2024,,,,,,,,75,55,6,834,15.2,1,3,0,3,3.0
5082633,Evan Svoboda,Wyoming,Mountain West,2024,226,111,8,0.491,5,1308,5.8,,,,,,109,51,5,237,2.2
5082648,Bryce Pierre,UCLA,Big Ten,2024,,,,,,,,16,11,0,94,8.5,,,,,
5082650,Coben Bourguet,Arizona State,Big 12,2024,,,,,,,,7,1,0,7,7.0,,,,,
5082652,Mason Starling,California,ACC,2024,,,,,,,,19,9,0,121,13.4,,,,,
5082661,Chernet Estes,Utah Tech,UAC,2024,,,,,,,,22,10,0,126,12.6,,,,,
5082965,Tommy Ulatowski,Kent State,Mid-American,2024,175,81,8,0.463,15,1342,7.7,,,,,,62,34,1,-22,-0.4
5082985,Nate Milanowski,Miami (OH),Mid-American,2024,,,,,,,,,,,,,4,8,0,8,2.0
5082997,Christian Nash,Sioux Falls,Northern Sun,2024,,,,,,,,,,,,,8,15,0,30,3.8
5083041,Gerard Bullock,Tennessee State,Big South-OVC,2024,,,,,,,,43,23,1,226,9.8,,,,,
5083042,Skyler Locklear,UTEP,Conference USA,2024,236,149,6,0.631,10,1591,6.7,27,3,1,32,10.7,80,18,2,237,3.0
5083068,Kenny Odom,UTEP,Conference USA,2024,,,,,,,,76,47,8,761,16.2,4,4,0,-10,-2.5
5083069,DJ Carter,Austin Peay,UAC,2024,,,,,,,,0,1,0,-2,-2.0,,,,,
5083076,Harold Fannin,Bowling Green,Mid-American,2024,2,1,0,0.500,0,9,4.5,65,117,10,1550,13.2,9,31,1,65,7.2
5083103,Davis Bryson,Kennesaw State,Conference USA,2024,261,143,10,0.548,6,1494,5.7,,,,,,112,20,4,293,2.6
5083104,Braden Bohannon,Kennesaw State,Conference USA,2024,10,5,0,0.500,0,51,5.1,,,,,,5,4,0,-9,-1.8
5083111,Qua Ashley,Kennesaw State,Conference USA,2024,,,,,,,,51,28,1,255,9.1,122,60,1,409,3.4
5083119,Alexander Diggs,Kennesaw State,Conference USA,2024,,,,,,,,,,,,,9,8,0,29,3.2
5083135,Carson Kent,Kennesaw State,Conference USA,2024,,,,,,,,30,18,3,217,12.1,,,,,
5083143,Logan Booher,Cal Poly,Big Sky,2024,,,,,,,,32,34,2,335,9.9,1,0,0,-4,-4.0
5083145,Bo Kelly,Cal Poly,Big Sky,2024,139,91,3,0.655,5,959,6.9,,,,,,15,8,0,-2,-0.1
5083148,Troy Fletcher,Cal Poly,Big Sky,2024,,,,,,,,17,4,0,40,10.0,16,12,0,58,3.6
5083149,Tyrece Fairly-Diyem,Cal Poly,Big Sky,2024,,,,,,,,17,1,0,17,17.0,1,2,0,2,2.0
5083151,Jesse Ehrlich,Cal Poly,Big Sky,2024,,,,,,,,,,,,,1,31,0,31,31.0
5083171,Jack Layne,Idaho,Big Sky,2024,154,99,4,0.643,14,1477,9.6,,,,,,26,11,1,18,0.7
5083192,Ayden Knapik,Idaho,Big Sky,2024,,,,,,,,0,1,0,-2,-2.0,,,,,
5083198,Darius Lassiter,BYU,Big 12,2024,,,,,,,,57,45,4,703,15.6,1,0,0,0,0.0
5083199,Jeremiah Salem,Eastern Michigan,Mid-American,2024,11,8,1,0.727,1,126,11.5,,,,,,4,5,0,-1,-0.3
5083205,Nick Devereaux,Eastern Michigan,Mid-American,2024,,,,,,,,7,1,0,7,7.0,,,,,
5083213,Jordan Reed,Montana State,Big Sky,2024,5,1,0,0.200,0,4,0.8,,,,,,1,0,0,-10,-10.0
5083238,Hunter Green,Northern Colorado,Big Sky,2024,1,1,0,1.000,0,-5,-5.0,,,,,,,,,,
5083249,Fisher Clements,Northern Colorado,Big Sky,2024,,,,,,,,9,2,1,13,6.5,,,,,
5083257,Tyson Garrett,William & Mary,CAA,2024,,,,,,,,5,2,0,9,4.5,2,5,0,5,2.5
5083268,Carson Jenkins,William & Mary,CAA,2024,,,,,,,,48,4,0,61,15.3,5,20,0,16,3.2
5083271,Sean McElwain,William & Mary,CAA,2024,,,,,,,,58,20,5,361,18.1,,,,,
5083277,Luke Daly,Villanova,CAA,2024,,,,,,,,32,5,0,61,12.2,,,,,
5083280,Nathaniel Hill,Villanova,CAA,2024,,,,,,,,6,1,0,6,6.0,,,,,
5083285,Tanner Maddocks,Villanova,CAA,2024,10,6,0,0.600,0,86,8.6,,,,,,3,17,1,18,6.0
5083292,Eli Smith,Villanova,CAA,2024,,,,,,,,,,,,,6,9,0,21,3.5
5083295,Isaiah Wright,Villanova,CAA,2024,,,,,,,,,,,,,16,25,0,46,2.9
5083297,Jacoby Jones,UCF,Big 12,2024,,,,,,,,40,22,2,327,14.9,,,,,
5083305,Caleb Gossett,Ohio,Mid-American,2024,,,,,,,,34,16,0,158,9.9,,,,,
5083315,Kenyon Sadiq,Oregon,Big Ten,2024,,,,,,,,39,24,2,308,12.8,5,16,0,24,4.8
5083370,Jacory Barney Jr.,Nebraska,Big Ten,2024,,,,,,,,40,55,0,447,8.1,10,31,3,130,13.0
5083372,Quanye Veney,Richmond,CAA,2024,,,,,,,,27,11,0,109,9.9,3,17,0,25,8.3
5083373,Ashten Snelsire,Richmond,CAA,2024,7,7,0,1.000,0,52,7.4,,,,,,2,10,0,6,3.0
5083381,Sean Clarke,Richmond,CAA,2024,,,,,,,,15,5,1,38,7.6,,,,,
5083393,Marquis Buchanan,Rhode Island,CAA,2024,,,,,,,,57,78,8,1030,13.2,3,12,0,12,4.0
5083395,Jaden Griffin,Rhode Island,CAA,2024,,,,,,,,,,,,,6,3,0,4,0.7
5083410,AJ Simpkins,Columbia,Ivy,2024,1,1,0,1.000,0,31,31.0,,,,,,4,2,0,-1,-0.3
5083417,Ethan Hebb,Columbia,Ivy,2024,,,,,,,,73,4,1,101,25.3,,,,,
5083421,Joshua Powell,Columbia,Ivy,2024,,,,,,,,,,,,,1,28,0,28,28.0
5083430,Edan Stagg,Columbia,Ivy,2024,,,,,,,,43,23,1,231,10.0,2,6,0,9,4.5
5083431,Jordan Kelley,Columbia,Ivy,2024,,,,,,,,29,24,1,261,10.9,,,,,
5083436,Barry Kleinpeter,New Hampshire,CAA,2024,22,14,0,0.636,0,125,5.7,3,1,0,3,3.0,25,26,0,53,2.1
5083437,DJ Linkins,Tennessee Tech,Big South-OVC,2024,,,,,,,,69,49,3,631,12.9,,,,,
5083440,Nino Iacovino,New Hampshire,CAA,2024,,,,,,,,,,,,,1,0,0,-2,-2.0
5083442,Myles Thomason,New Hampshire,CAA,2024,,,,,,,,18,14,0,53,3.8,71,16,0,224,3.2
5083444,Josh Fillion,New Hampshire,CAA,2024,,,,,,,,12,9,0,60,6.7,,,,,
5083457,Colby Ramshaw,New Hampshire,CAA,2024,,,,,,,,28,14,3,123,8.8,,,,,
5083458,Peyton Strickland,New Hampshire,CAA,2024,,,,,,,,16,1,0,16,16.0,,,,,
5083459,Sam Brecker,New Hampshire,CAA,2024,,,,,,,,7,1,0,7,7.0,,,,,
5083467,Parker Woodring,Cornell,Ivy,2024,,,,,,,,32,36,5,293,8.1,,,,,
5083470,Doryn Smith,Cornell,Ivy,2024,1,1,0,1.000,0,30,30.0,48,21,1,283,13.5,,,,,
5083473,Johntu Reed,Cornell,Ivy,2024,,,,,,,,8,8,1,31,3.9,13,12,0,31,2.4
5083490,Ayden Pereira,Merrimack,FCS Independents,2024,154,92,2,0.597,8,1120,7.3,0,0,0,-3,0,128,34,2,568,4.4
5083496,Symon Sathler,Maine,CAA,2024,,,,,,,,,,,,,1,0,0,0,0.0
5083509,Rohan Jones,Montana State,Big Sky,2024,,,,,,,,70,30,9,469,15.6,1,0,0,-4,-4.0
5083528,Zeke Burnett,Sacramento State,Big Sky,2024,,,,,,,,12,1,0,12,12.0,12,14,1,42,3.5
5083545,Coleman Kuntz,Sacramento State,Big Sky,2024,,,,,,,,20,24,2,197,8.2,2,1,0,1,0.5
5083552,Blayne Taylor,Abilene Christian,UAC,2024,,,,,,,,76,73,8,1117,15.3,,,,,
5083553,Rovaughn Banks Jr.,Abilene Christian,UAC,2024,,,,,,,,21,3,0,34,11.3,26,13,2,125,4.8
5083569,Jaden Craig,Harvard,Ivy,2024,280,170,3,0.607,23,2430,8.7,,,,,,38,12,1,-19,-0.5
5083570,Caydon Coffman,Harvard,Ivy,2024,,,,,,,,5,1,0,5,5.0,,,,,
5083573,Justin Leszynski,Harvard,Ivy,2024,,,,,,,,15,1,0,15,15.0,,,,,
5083589,Andre Dennis,Lamar,Southland,2024,,,,,,,,32,8,1,80,10.0,3,21,0,28,9.3
5083597,James Major Bowden,Lamar,Southland,2024,,,,,,,,28,5,0,54,10.8,22,26,0,180,8.2
5083630,Kyndon Fuselier,Lamar,Southland,2024,,,,,,,,47,31,2,513,16.5,,,,,
5083631,Jayden Boyd,Lamar,Southland,2024,,,,,,,,39,10,1,81,8.1,,,,,
5083636,Izaha Jones,Lamar,Southland,2024,1,0,1,0.000,0,0,0.0,47,19,1,242,12.7,3,11,0,21,7.0
5083652,Kai Rios,Indiana State,MVFC,2024,,,,,,,,26,7,1,61,8.7,,,,,
5083657,Rocco Ciocca,Indiana State,MVFC,2024,,,,,,,,8,3,0,13,4.3,3,9,1,10,3.3
5083663,Plez Lawrence,Indiana State,MVFC,2024,,,,,,,,47,23,3,218,9.5,107,89,3,412,3.9
5083670,Harry Traum,Indiana State,MVFC,2024,2,2,0,1.000,0,15,7.5,,,,,,,,,,
5083678,Zavion Taylor,Indiana State,MVFC,2024,,,,,,,,45,33,2,291,8.8,1,9,0,9,9.0
5083680,Kevin Barnett,Indiana State,MVFC,2024,,,,,,,,73,15,1,177,11.8,,,,,
5083722,Aaron Rice,Eastern Illinois,Big South-OVC,2024,,,,,,,,13,2,0,20,10.0,,,,,
5083726,MJ Flowers,Eastern Illinois,Big South-OVC,2024,,,,,,,,64,40,2,329,8.2,213,65,7,865,4.1
5083727,Jay Pearson,Eastern Illinois,Big South-OVC,2024,,,,,,,,55,6,0,96,16.0,45,59,1,215,4.8
5083747,Justin Bowick,Ball State,Mid-American,2024,,,,,,,,57,20,3,383,19.2,,,,,
5083748,Cam Thompson,Northern Illinois,Mid-American,2024,,,,,,,,54,27,3,388,14.4,,,,,
5083750,Alex Ginnever,Eastern Illinois,Big South-OVC,2024,,,,,,,,37,22,2,232,10.5,,,,,
5083757,Paxton DeLaurent,Southeast Missouri State,Big South-OVC,2024,617,367,15,0.595,33,4065,6.6,,,,,,64,15,3,96,1.5
5083762,Kyron Downing,Southeast Missouri State,Big South-OVC,2024,,,,,,,,24,18,2,173,9.6,3,4,0,9,3.0
5083770,Darrell Smith,Southeast Missouri State,Big South-OVC,2024,,,,,,,,35,12,0,131,10.9,69,16,0,263,3.8
5083786,Kobe Sixkiller,Southeast Missouri State,Big South-OVC,2024,,,,,,,,0,1,0,0,0.0,,,,,
5083806,Josh Gary,Bucknell,Patriot,2024,,,,,,,,43,53,4,645,12.2,1,0,0,-1,-1.0
5083807,Derrick Anderson Jr.,Bucknell,Patriot,2024,,,,,,,,74,6,1,139,23.2,,,,,
5083817,Matt Schearer,Bucknell,Patriot,2024,,,,,,,,,,,,,1,17,0,17,17.0
5083842,Jalon Howard,Florida A&M,SWAC,2024,,,,,,,,7,1,0,7,7.0,,,,,
5083847,Dean DeNobile,Lafayette,Patriot,2024,346,226,11,0.653,14,2417,7.0,,,,,,54,19,2,5,0.1
5083848,Jamar Curtis,Lafayette,Patriot,2024,,,,,,,,27,30,1,232,7.7,229,32,16,1139,5.0
5083865,Elijah Steward,Lafayette,Patriot,2024,,,,,,,,46,46,1,635,13.8,,,,,
5083866,Dallas Holmes,Lafayette,Patriot,2024,,,,,,,,18,12,3,112,9.3,,,,,
5083870,Geoffrey Jamiel,Lehigh,Patriot,2024,,,,,,,,54,60,8,768,12.8,6,15,0,39,6.5
5083888,Jaden Wimberly,Hampton,CAA,2024,,,,,,,,12,11,0,65,5.9,,,,,
5083889,Nick Williams,Lehigh,Patriot,2024,,,,,,,,23,3,0,39,13.0,,,,,
5083894,Camden Overton,Gardner-Webb,Big South-OVC,2024,,,,,,,,39,42,1,453,10.8,,,,,
5083895,Luke Schomburg,Chattanooga,Southern,2024,92,49,5,0.533,4,663,7.2,,,,,,9,23,0,-7,-0.8
5083941,Collin Shannon,VMI,Southern,2024,51,29,2,0.569,0,191,3.7,,,,,,8,9,0,3,0.4
5083952,Luke Schalow,VMI,Southern,2024,,,,,,,,16,4,0,26,6.5,27,10,0,65,2.4
5083963,Ivan Thorpe,VMI,Southern,2024,,,,,,,,21,30,0,181,6.0,6,18,0,35,5.8
5083964,Ryan Von Brandt,VMI,Southern,2024,,,,,,,,17,3,1,26,8.7,,,,,
5083966,Morgan McPhaul,VMI,Southern,2024,,,,,,,,16,14,1,74,5.3,,,,,
5083971,Quaydarius Davis,Southern,SWAC,2024,,,,,,,,20,15,1,151,10.1,1,1,0,1,1.0
5083976,Emari Matthews,Jackson State,SWAC,2024,,,,,,,,,,,,,53,19,3,209,3.9
5083981,Joanes Fortilien,Jackson State,SWAC,2024,,,,,,,,70,42,11,639,15.2,,,,,
5083985,Tonorris Brookins II,Mississippi Valley State,SWAC,2024,,,,,,,,22,13,0,146,11.2,,,,,
5083997,Remiello Thomas,Mississippi Valley State,SWAC,2024,,,,,,,,4,1,1,4,4.0,,,,,
5084026,Wesley Garrett,Eastern Washington,Big Sky,2024,,,,,,,,44,15,1,202,13.5,,,,,
5084027,Miles Williams,Eastern Washington,Big Sky,2024,,,,,,,,18,14,1,115,8.2,,,,,
5084032,Austin York,Eastern Washington,Big Sky,2024,,,,,,,,41,9,0,79,8.8,,,,,
5084047,Nate Frazier,Georgia,SEC,2024,,,,,,,,24,12,0,85,7.1,133,40,8,671,5.0
5084051,O.J. Ross,Arkansas-Pine Bluff,SWAC,2024,,,,,,,,,,,,,21,54,4,150,7.1
5084054,Justin Pegues,Bowling Green,Mid-American,2024,1,0,0,0.000,0,0,0.0,7,11,0,44,4.0,13,14,0,51,3.9
5084056,Torin Baker,Tennessee Tech,Big South-OVC,2024,,,,,,,,33,9,0,94,10.4,43,67,2,241,5.6
5084058,Theron Gaines,Tennessee Tech,Big South-OVC,2024,,,,,,,,,,,,,1,0,0,0,0.0
5084078,Isaac Knowles,Tennessee Tech,Big South-OVC,2024,,,,,,,,12,4,0,25,6.3,,,,,
5084084,Kevin Jennings,SMU,ACC,2024,381,248,11,0.651,23,3189,8.4,,,,,,101,59,5,354,3.5
5084133,Alex Perry,Hawai'i,Mountain West,2024,,,,,,,,18,22,0,195,8.9,,,,,
5084135,Pofele Ashlock,Hawai'i,Mountain West,2024,,,,,,,,30,61,6,629,10.3,,,,,
5084177,Ta'ir Brooks,Northern Arizona,Big Sky,2024,,,,,,,,68,22,4,367,16.7,,,,,
5084178,Jamoni Jones,Vanderbilt,SEC,2024,,,,,,,,,,,,,18,9,0,54,3.0
5084179,Star Thomas,Duke,ACC,2024,,,,,,,,29,20,1,153,7.7,213,44,7,871,4.1
5084180,Diego Pavia,Vanderbilt,SEC,2024,298,177,4,0.594,20,2293,7.7,,,,,,193,36,8,800,4.1
5084181,Kordell David,New Mexico State,Conference USA,2024,,,,,,,,38,18,0,191,10.6,,,,,
5084183,Kheagian Heckaman,Tennessee State,Big South-OVC,2024,,,,,,,,4,1,0,4,4.0,,,,,
5084208,Kameran Senegal,McNeese,Southland,2024,,,,,,,,50,21,1,274,13.0,,,,,
5084210,Joshon Barbie,McNeese,Southland,2024,,,,,,,,25,13,1,83,6.4,143,69,8,801,5.6
5084233,Tyronne Hayes,McNeese,Southland,2024,,,,,,,,19,3,0,31,10.3,,,,,
5084240,Christian Arceneaux,Nicholls,Southland,2024,8,4,0,0.500,0,66,8.3,,,,,,,,,,
5084241,Tank McMath,Nicholls,Southland,2024,,,,,,,,4,2,0,-1,-0.5,,,,,
5084244,Jason Barnes Jr.,Nicholls,Southland,2024,,,,,,,,35,20,0,134,6.7,,,,,
5084250,Kylan Dupre,Nicholls,Southland,2024,,,,,,,,,,,,,3,13,0,0,0.0
5084265,Scrappy Osby,Nicholls,Southland,2024,,,,,,,,84,28,2,346,12.4,1,12,0,12,12.0
5084266,Treylin Whaley,Nicholls,Southland,2024,,,,,,,,18,3,2,39,13.0,,,,,
5084286,Makhi Frazier,Michigan State,Big Ten,2024,,,,,,,,12,1,0,12,12.0,7,8,0,21,3.0
5084290,Josh Joyner,Washington State,Pac-12,2024,,,,,,,,,,,,,2,6,0,10,5.0
5084293,Ka'Morreun Pimpton,LSU,SEC,2024,,,,,,,,42,6,0,79,13.2,,,,,
5084305,Mekhi Hagens,Arkansas-Pine Bluff,SWAC,2024,322,173,6,0.537,16,2498,7.8,,,,,,106,30,3,154,1.5
5084317,Johness Davis,Arkansas-Pine Bluff,SWAC,2024,,,,,,,,19,4,0,35,8.8,22,24,2,95,4.3
5084339,Derrick White,Arkansas-Pine Bluff,SWAC,2024,,,,,,,,19,5,0,33,6.6,,,,,
5084352,Bryce Patterson,Morehead State,Pioneer,2024,37,14,2,0.378,1,239,6.5,,,,,,6,11,0,10,1.7
5084360,Zavier Lomax,UVA Wise,South Atlantic,2024,,,,,,,,,,,,,3,11,0,10,3.3
5084372,Caleb Tillman,Morehead State,Pioneer,2024,,,,,,,,25,5,0,51,10.2,,,,,
5084374,Trevon Kleint,Morehead State,Pioneer,2024,,,,,,,,16,16,0,147,9.2,,,,,
5084378,Tyler Holtz,Brown,Ivy,2024,1,0,0,0.000,0,0,0.0,6,5,0,24,4.8,19,7,1,32,1.7
5084379,Qwentin Brown,Brown,Ivy,2024,1,1,0,1.000,0,5,5.0,14,4,0,50,12.5,31,11,8,71,2.3
5084380,Dillon Golden,Brown,Ivy,2024,,,,,,,,7,8,0,32,4.0,,,,,
5084399,Solomon Miller,Brown,Ivy,2024,,,,,,,,87,22,3,324,14.7,5,4,1,11,2.2
5084401,Chason Barber,Brown,Ivy,2024,,,,,,,,35,16,0,232,14.5,,,,,
5084402,Tyler Pezza,Brown,Ivy,2024,,,,,,,,24,28,1,230,8.2,1,2,0,2,2.0
5084404,Liam O'Brien,Pennsylvania,Ivy,2024,115,76,2,0.661,13,1018,8.9,,,,,,74,23,4,300,4.1
5084405,Alex Haight,Pennsylvania,Ivy,2024,,,,,,,,55,5,0,96,19.2,,,,,
5084408,Bisi Owens,Pennsylvania,Ivy,2024,,,,,,,,66,35,5,538,15.4,,,,,
5084409,Jared Richardson,Pennsylvania,Ivy,2024,1,0,0,0.000,0,0,0.0,58,46,7,684,14.9,,,,,
5084429,Darren Morris,Southern,SWAC,2024,,,,,,,,51,39,3,501,12.8,1,2,0,2,2.0
5084430,Kendric Rhymes,Southern,SWAC,2024,,,,,,,,37,10,1,95,9.5,129,51,7,645,5.0
5084460,Ke'Nard King,Northwestern State,Southland,2024,1,0,0,0.000,0,0,0.0,34,13,0,211,16.2,2,9,0,19,9.5
5084472,Kennieth Lacy,Northwestern State,Southland,2024,,,,,,,,10,7,0,20,2.9,62,75,4,250,4.0
5084500,Derrick Graham Jr.,SE Louisiana,Southland,2024,,,,,,,,2,3,0,5,1.7,42,87,3,203,4.8
5084514,Kaleb Proctor,SE Louisiana,Southland,2024,,,,,,,,0,1,0,-4,-4.0,,,,,
5084517,Cam Smith,Wofford,Southern,2024,,,,,,,,14,4,0,39,9.8,,,,,
5084518,Dylan Djete,Wofford,Southern,2024,,,,,,,,32,20,2,209,10.5,1,9,0,9,9.0
5084519,Rickie Shaw II,Wofford,Southern,2024,,,,,,,,95,10,1,181,18.1,1,0,0,-5,-5.0
5084524,Kyle Parsons,Wofford,Southern,2024,,,,,,,,29,7,0,82,11.7,23,21,0,126,5.5
5084531,Bridger Jones,Wofford,Southern,2024,1,1,0,1.000,0,14,14.0,,,,,,,,,,
5084532,Jon Schaffer,Wofford,Southern,2024,2,2,0,1.000,0,23,11.5,,,,,,1,2,0,2,2.0
5084534,Devery Cagle,Wofford,Southern,2024,,,,,,,,7,1,0,7,7.0,,,,,
5084545,Bryson Dickerson,West Georgia,UAC,2024,,,,,,,,40,13,1,157,12.1,,,,,
5084555,Xavier Gaillardetz,East Tennessee State,Southern,2024,,,,,,,,42,13,3,211,16.2,1,0,0,0,0.0
5084582,Jordan Gant,Tennessee State,Big South-OVC,2024,,,,,,,,28,11,2,94,8.5,62,19,1,223,3.6
5084590,Craig Cunningham,Tennessee State,Big South-OVC,2024,,,,,,,,,,,,,6,7,0,12,2.0
5084600,Jahee Blake,Norfolk State,MEAC,2024,,,,,,,,26,1,1,26,26.0,,,,,
5084658,Terrell Anderson,NC State,ACC,2024,,,,,,,,40,14,1,158,11.3,,,,,
5084729,BJ Fleming,Northern Arizona,Big Sky,2024,,,,,,,,62,13,1,177,13.6,3,18,0,42,14.0
5084734,Ryan Fontaine,Northern Arizona,Big Sky,2024,,,,,,,,25,1,0,25,25.0,8,22,0,47,5.9
5084746,Emanuel Goffe,Franklin Pierce,Northeast 10,2024,,,,,,,,0,1,0,0,0.0,,,,,
5084764,Isaiah Lopez,Northern Arizona,Big Sky,2024,,,,,,,,,,,,,8,20,0,57,7.1
5084769,Angel H Flores,Northern Arizona,Big Sky,2024,11,7,0,0.636,1,124,11.3,,,,,,3,11,0,7,2.3
5084771,KJ Duff,Rutgers,Big Ten,2024,,,,,,,,59,28,1,433,15.5,,,,,
5084772,Hayden Eligon Ii,Northwestern,Big Ten,2024,,,,,,,,36,4,0,83,20.8,,,,,
5084794,Deuce McMillan,Houston Christian,Southland,2024,,,,,,,,59,30,4,383,12.8,1,1,0,1,1.0
5084798,Ismail Mahdi,Texas State,Sun Belt,2024,,,,,,,,37,24,2,195,8.1,183,45,4,991,5.4
5084802,AJ Wilson,Houston Christian,Southland,2024,3,1,0,0.333,1,49,16.3,97,28,8,813,29.0,,,,,
5084825,Jackson White,Houston Christian,Southland,2024,,,,,,,,6,1,0,6,6.0,,,,,
5084828,Luke Bottari,Utah,Big 12,2024,30,19,0,0.633,1,171,5.7,,,,,,9,40,0,34,3.8
5084829,Luca Caldarella,Utah,Big 12,2024,,,,,,,,17,2,0,26,13.0,,,,,
5084905,Jaylan Hornsby,Syracuse,ACC,2024,,,,,,,,12,2,0,21,10.5,,,,,
5084906,Jaden Hart,Syracuse,ACC,2024,,,,,,,,2,2,0,1,0.5,3,11,0,18,6.0
5084910,Josh Phifer,James Madison,Sun Belt,2024,,,,,,,,37,2,1,41,20.5,,,,,
5084933,Chase Miller,Stonehill,NEC,2024,,,,,,,,66,14,3,209,14.9,5,3,0,1,0.2
5084950,Jay Coyne,Michigan State,Big Ten,2024,,,,,,,,12,1,0,12,12.0,,,,,
5084956,Ryan Eckley,Michigan State,Big Ten,2024,,,,,,,,,,,,,2,0,0,-21,-10.5
5084957,Marquis Ashley,Nevada,Mountain West,2024,,,,,,,,11,3,0,21,7.0,,,,,
5084967,Victor Snow,Buffalo,Mid-American,2024,,,,,,,,46,55,6,651,11.8,9,12,2,61,6.8
5085006,Jalen Buckley,Western Michigan,Mid-American,2024,,,,,,,,24,15,0,112,7.5,128,61,9,683,5.3
5085024,CJ Williams,Wisconsin,Big Ten,2024,,,,,,,,50,16,2,248,15.5,,,,,
5085026,Keegan Patterson,Indiana State,MVFC,2024,9,6,0,0.667,0,12,1.3,,,,,,17,9,0,24,1.4
5085112,Emmett Brown,San José State,Mountain West,2024,217,125,5,0.576,16,1621,7.5,,,,,,26,8,1,-23,-0.9
5085121,Cole Pruett,Eastern Washington,Big Sky,2024,,,,,,,,16,5,1,42,8.4,,,,,
5085137,Cade Harris,Air Force,Mountain West,2024,,,,,,,,76,23,2,368,16.0,48,30,4,279,5.8
5085138,Aiden Calvert,Air Force,Mountain West,2024,,,,,,,,21,1,0,21,21.0,18,37,2,91,5.1
5085140,Cameron Breier,Air Force,Mountain West,2024,,,,,,,,,,,,,2,7,0,12,6.0
5085146,Brandon Engel,Air Force,Mountain West,2024,2,2,0,1.000,0,81,40.5,14,3,0,31,10.3,,,,,
5085189,Jack Endries,California,ACC,2024,,,,,,,,57,56,2,623,11.1,,,,,
5085246,Tylyric Coleman,Virginia,ACC,2024,,,,,,,,12,4,0,33,8.3,,,,,
5085259,Ashton Frye,Grambling,SWAC,2024,7,4,0,0.571,0,9,1.3,,,,,,7,2,0,-21,-3.0
5085265,Anwar Lewis,Jacksonville State,Conference USA,2024,,,,,,,,48,3,0,54,18.0,35,23,2,127,3.6
5085300,Jared White,Montana State,Big Sky,2024,,,,,,,,24,1,1,24,24.0,46,27,0,254,5.5
5085301,Taco Dowler,Montana State,Big Sky,2024,,,,,,,,72,37,11,593,16.0,4,7,0,15,3.8
5085304,Charles Garrison,Northern Colorado,Big Sky,2024,,,,,,,,36,15,0,204,13.6,,,,,
5085335,Deion Brown,Eastern Michigan,Mid-American,2024,,,,,,,,10,4,0,14,3.5,25,26,1,114,4.6
5085337,Keyone Jenkins,Florida International,Conference USA,2024,304,188,8,0.618,22,2557,8.4,,,,,,75,34,2,130,1.7
5085356,Austin Myers,Central Arkansas,UAC,2024,15,9,1,0.600,1,102,6.8,,,,,,2,19,0,20,10.0
5085364,Manny Smith,Central Arkansas,UAC,2024,,,,,,,,54,7,0,86,12.3,5,57,0,78,15.6
5085370,Jordan Owens,Central Arkansas,UAC,2024,,,,,,,,33,15,1,125,8.3,,,,,
5085383,Triston Edwards,Central Arkansas,UAC,2024,,,,,,,,17,1,0,17,17.0,,,,,
5085434,LT Sanders,Western Kentucky,Conference USA,2024,,,,,,,,4,3,0,7,2.3,21,31,1,103,4.9
5085440,Richie Lankford,West Georgia,UAC,2024,3,2,0,0.667,0,17,5.7,,,,,,3,7,1,15,5.0
5085441,Tyler Jordan,Western Illinois,Big South-OVC,2024,,,,,,,,,,,,,1,2,0,2,2.0
5085496,Chauncy Cobb,Arkansas State,Sun Belt,2024,,,,,,,,4,1,0,4,4.0,,,,,
5085497,Ty Stamey,Louisiana,Sun Belt,2024,,,,,,,,19,7,0,61,8.7,,,,,
5085503,Grayson O'Bara,Dartmouth,Ivy,2024,,,,,,,,72,18,2,249,13.8,1,2,0,2,2.0
5085504,Daniel Haughton,Dartmouth,Ivy,2024,,,,,,,,72,26,3,418,16.1,,,,,
5085505,Sean Ward,Dartmouth,Ivy,2024,,,,,,,,20,6,1,66,11.0,,,,,
5085507,D.J. Crowther,Dartmouth,Ivy,2024,,,,,,,,6,4,0,3,0.8,48,46,2,249,5.2
5085508,Desmin Jackson,Dartmouth,Ivy,2024,,,,,,,,41,18,0,119,6.6,40,42,0,164,4.1
5085509,Chris Corbo,Dartmouth,Ivy,2024,,,,,,,,36,30,7,288,9.6,,,,,
5085520,Jackson Namian,Dartmouth,Ivy,2024,,,,,,,,28,9,0,82,9.1,,,,,
5085521,Ivan Hoyt,Davidson,Pioneer,2024,,,,,,,,43,15,1,237,15.8,,,,,
5085540,Aidan Garcia,Idaho State,Big Sky,2024,,,,,,,,7,1,0,7,7.0,,,,,
5085541,Keoua Kauhi,Idaho State,Big Sky,2024,,,,,,,,8,3,0,19,6.3,56,45,1,359,6.4
5085543,Dason Brooks,Idaho State,Big Sky,2024,,,,,,,,36,7,0,60,8.6,78,75,4,498,6.4
5085597,Jaylen Lynch,Portland State,Big Sky,2024,,,,,,,,46,16,0,246,15.4,,,,,
5085598,Tanner Beaman,Portland State,Big Sky,2024,,,,,,,,56,21,1,257,12.2,,,,,
5085609,Treyshun Hurry,San José State,Mountain West,2024,,,,,,,,31,28,2,482,17.2,,,,,
5085613,Adrian Cormier,Weber State,Big Sky,2024,,,,,,,,16,16,0,101,6.3,84,23,0,368,4.4
5085618,Keayen Nead,Weber State,Big Sky,2024,,,,,,,,16,8,1,45,5.6,,,,,
5085622,Matt Herron,Weber State,Big Sky,2024,,,,,,,,,,,,,1,11,0,11,11.0
5085628,Tajon Evans,Weber State,Big Sky,2024,,,,,,,,26,6,0,55,9.2,,,,,
5085629,Jaden Thrower,Weber State,Big Sky,2024,,,,,,,,30,14,1,168,12.0,,,,,
5085630,Marcus Chretien,Weber State,Big Sky,2024,,,,,,,,29,35,1,320,9.1,,,,,
5085631,Marvin Session,Weber State,Big Sky,2024,,,,,,,,33,12,1,118,9.8,,,,,
5085641,Jaleel Sales,Davidson,Pioneer,2024,,,,,,,,27,4,2,55,13.8,17,25,0,73,4.3
5085642,Mari Adams,Davidson,Pioneer,2024,,,,,,,,5,1,0,5,5.0,188,75,15,1232,6.6
5085644,Coulter Cleland,Davidson,Pioneer,2024,11,8,1,0.727,0,98,8.9,,,,,,12,19,0,17,1.4
5085650,Brody Reina,Davidson,Pioneer,2024,,,,,,,,43,25,6,432,17.3,,,,,
5085654,Mason Sheron,Davidson,Pioneer,2024,,,,,,,,18,2,0,26,13.0,160,79,10,923,5.8
5085657,Sam Hedrick,Davidson,Pioneer,2024,,,,,,,,36,4,1,98,24.5,,,,,
5085665,Langston Green,Davidson,Pioneer,2024,,,,,,,,21,1,0,21,21.0,,,,,
5085666,Christian Berry,Davidson,Pioneer,2024,,,,,,,,17,4,1,41,10.3,,,,,
5085677,Mitchell January,Drake,Pioneer,2024,,,,,,,,43,42,2,520,12.4,1,9,0,9,9.0
5085681,Parker Olthoff,Drake,Pioneer,2024,,,,,,,,40,22,3,204,9.3,,,,,
5085683,Luke Woodson,Drake,Pioneer,2024,1,0,0,0.000,0,0,0.0,23,13,0,89,6.8,71,42,2,284,4.0
5085685,Taj Hughes,Drake,Pioneer,2024,,,,,,,,55,73,4,647,8.9,16,25,1,86,5.4
5085707,Tyler Nansel,Drake,Pioneer,2024,,,,,,,,17,3,0,38,12.7,,,,,
5085714,Jordan Pachot,Southern Utah,UAC,2024,3,1,0,0.333,0,8,2.7,,,,,,3,0,0,-26,-8.7
5085718,Hess Horne,Mercer,Southern,2024,40,24,2,0.600,2,200,5.0,,,,,,4,2,0,-8,-2.0
5085729,Connor Lair,Missouri State,MVFC,2024,,,,,,,,27,3,2,31,10.3,2,1,0,1,0.5
5085754,Matthew Schecklman,Northern Iowa,MVFC,2024,174,107,2,0.615,7,1275,7.3,,,,,,50,36,0,86,1.7
5085768,Brady McCullough,Northern Iowa,MVFC,2024,,,,,,,,33,5,0,57,11.4,,,,,
5085784,Chase Mason,South Dakota State,MVFC,2024,26,17,0,0.654,2,133,5.1,0,2,0,-2,-1.0,46,69,6,464,10.1
5085788,Enzo Arjona,Marist,Pioneer,2024,77,46,3,0.597,2,320,4.2,,,,,,15,19,0,-6,-0.4
5085803,Gavin Nelson,Monmouth,CAA,2024,,,,,,,,72,35,3,643,18.4,1,7,0,7,7.0
5085808,Marqui Adams,Delaware State,MEAC,2024,152,90,3,0.592,7,1028,6.8,,,,,,76,46,1,199,2.6
5085810,Avari Marshall,Delaware State,MEAC,2024,,,,,,,,16,1,0,16,16.0,,,,,
5085811,Nathan Wilson,Delaware State,MEAC,2024,,,,,,,,,,,,,1,13,0,13,13.0
5085820,Ryan Lee,Delaware State,MEAC,2024,,,,,,,,42,5,0,50,10.0,,,,,
5085827,Malcolm Jefferies,Delaware State,MEAC,2024,,,,,,,,8,4,1,20,5.0,,,,,
5085830,Rahkeem Smith,Bowling Green,Mid-American,2024,,,,,,,,66,25,3,349,14.0,20,40,3,128,6.4
5085832,Joseph Bongono,Texas Southern,SWAC,2024,,,,,,,,6,1,0,6,6.0,,,,,
5085846,Ethan Harris,Furman,Southern,2024,,,,,,,,47,15,1,226,15.1,,,,,
5085847,Ben Ferguson,Furman,Southern,2024,,,,,,,,64,24,3,349,14.5,,,,,
5085848,Carson Jones,Furman,Southern,2024,107,69,4,0.645,2,642,6.0,,,,,,19,17,0,-26,-1.4
5085851,Tre' McLeod,Furman,Southern,2024,,,,,,,,9,2,0,16,8.0,,,,,
5085852,Ben Croasdale,Furman,Southern,2024,,,,,,,,,,,,,7,11,0,26,3.7
5085866,Gram Smithson,Furman,Southern,2024,,,,,,,,0,1,0,0,0.0,,,,,
5085883,Jake Reichle,Oregon State,Pac-12,2024,,,,,,,,9,1,0,9,9.0,6,9,1,21,3.5
5085913,Austin Bray,Youngstown State,MVFC,2024,,,,,,,,12,8,0,47,5.9,,,,,
5085941,Zach Osborne,Colgate,Patriot,2024,7,5,1,0.714,0,8,1.1,8,2,0,15,7.5,20,32,1,119,6.0
5085946,Marco Maldonado,Colgate,Patriot,2024,,,,,,,,24,14,0,92,6.6,89,28,2,365,4.1
5085955,Dave Thomson,Colgate,Patriot,2024,,,,,,,,14,4,0,28,7.0,,,,,
5085958,Jariyah Sawyer,Colgate,Patriot,2024,,,,,,,,13,12,0,68,5.7,1,0,0,-1,-1.0
5085960,Brady Hutchison,Colgate,Patriot,2024,,,,,,,,57,43,5,535,12.4,,,,,
5085962,Mason Mozo,Colgate,Patriot,2024,,,,,,,,3,2,0,4,2.0,,,,,
5086027,TJ Harden,UCLA,Big Ten,2024,,,,,,,,53,40,1,368,9.2,124,40,2,505,4.1
5086034,Camryn Edwards,UConn,FBS Independents,2024,,,,,,,,50,13,2,148,11.4,146,71,8,830,5.7
5086046,Chad Mascoe II,Campbell,CAA,2024,169,116,5,0.686,12,1553,9.2,,,,,,65,12,1,100,1.5
5086050,NaQuari Rogers,New Mexico,Mountain West,2024,,,,,,,,6,3,1,14,4.7,74,29,5,382,5.2
5086051,Vincent Wilkins,Campbell,CAA,2024,,,,,,,,75,37,6,504,13.6,21,55,1,108,5.1
5086052,Chaney Fitzgerald,Campbell,CAA,2024,,,,,,,,29,9,0,127,14.1,1,4,0,4,4.0
5086056,Melvin Davis,Campbell,CAA,2024,,,,,,,,,,,,,5,23,0,40,8.0
5086079,John Anthony,Lindenwood,Big South-OVC,2024,,,,,,,,18,10,1,84,8.4,,,,,
5086086,Drew Krobath,Lindenwood,Big South-OVC,2024,,,,,,,,38,15,2,225,15.0,4,18,0,26,6.5
5086091,Jared Rhodes,Lindenwood,Big South-OVC,2024,,,,,,,,19,1,0,19,19.0,13,17,0,27,2.1
5086096,Lawayne McCoy,Florida State,ACC,2024,,,,,,,,12,6,0,52,8.7,1,1,0,1,1.0
5086097,Jaheim Merriweather,Purdue,Big Ten,2024,,,,,,,,12,3,0,21,7.0,15,35,1,77,5.1
5086102,Cameron Hergott,Eastern Kentucky,UAC,2024,8,3,0,0.375,0,12,1.5,,,,,,20,22,1,125,6.3
5086150,Ryan Schwendeman,Southern Illinois,MVFC,2024,,,,,,,,35,7,2,86,12.3,,,,,
5086156,Danny Lauter,Georgetown,Patriot,2024,285,175,10,0.614,11,1852,6.5,,,,,,42,15,0,10,0.2
5086159,Mason Gudger,Georgetown,Patriot,2024,,,,,,,,13,2,0,13,6.5,11,35,1,95,8.6
5086174,Keynan Richardson-Cook,Georgetown,Patriot,2024,,,,,,,,36,8,0,111,13.9,,,,,
5086178,Max McCormick,Georgetown,Patriot,2024,,,,,,,,11,9,1,43,4.8,,,,,
5086182,Jack Capaldi,Fordham,Patriot,2024,250,124,10,0.496,8,1561,6.2,,,,,,87,41,2,154,1.8
5086185,Jack Betten,Fordham,Patriot,2024,,,,,,,,60,2,1,71,35.5,,,,,
5086192,Jack Kaiser,Fordham,Patriot,2024,,,,,,,,,,,,,15,9,1,41,2.7
5086204,Matt Buron,Fordham,Patriot,2024,,,,,,,,20,15,0,125,8.3,,,,,
5086210,Mason Hatfield,Fordham,Patriot,2024,,,,,,,,2,1,0,2,2.0,5,3,0,2,0.4
5086218,Sam Hicks,Abilene Christian,UAC,2024,,,,,,,,28,45,3,341,7.6,210,90,14,1333,6.3
5086233,Jesse Prewitt III,Central Michigan,Mid-American,2024,,,,,,,,21,23,2,186,8.1,,,,,
5086241,Anthony DiNota,Texas A&M,SEC,2024,,,,,,,,9,2,0,16,8.0,13,15,0,50,3.8
5086378,Diore Hubbard,West Virginia,Big 12,2024,,,,,,,,,,,,,1,1,0,1,1.0
5086388,Kewan Lacy,Missouri,SEC,2024,,,,,,,,12,2,0,9,4.5,23,13,0,104,4.5
5086392,Jamaal Wiley,California,ACC,2024,,,,,,,,,,,,,6,13,1,18,3.0
5086393,J'Koby Williams,Texas Tech,Big 12,2024,,,,,,,,22,10,1,100,10.0,41,54,2,236,5.8
5086448,Kamrean Johnson,Vanderbilt,SEC,2024,,,,,,,,6,1,1,6,6.0,,,,,
5086464,Lonnie Adkism,Sam Houston,Conference USA,2024,,,,,,,,4,1,0,4,4.0,1,0,0,-3,-3.0
5086505,Samuel Gbatu Jr.,UC Davis,Big Sky,2024,,,,,,,,90,43,7,765,17.8,1,0,0,-4,-4.0
5086517,Will Lankford,Elon,CAA,2024,1,1,0,1.000,0,26,26.0,18,1,0,18,18.0,,,,,
5086524,Bryant Ward,Elon,CAA,2024,,,,,,,,7,1,0,7,7.0,2,4,0,3,1.5
5086529,Cody Hardy,Elon,CAA,2024,,,,,,,,15,6,1,36,6.0,,,,,
5086540,Landyn Backey,Elon,CAA,2024,,,,,,,,10,3,0,23,7.7,,,,,
5086627,Cole Tannenbaum,Arizona,Big 12,2024,5,1,1,0.200,0,3,0.6,,,,,,1,0,0,-4,-4.0
5086713,Paul Geelen,Southern Illinois,MVFC,2024,,,,,,,,,,,,,3,9,1,17,5.7
5086866,Davin Driskell,Charleston Southern,Big South-OVC,2024,,,,,,,,3,1,0,3,3.0,,,,,
5086874,Davion Williams,Charleston Southern,Big South-OVC,2024,,,,,,,,0,1,0,0,0.0,,,,,
5086883,Jaden Scott,Charleston Southern,Big South-OVC,2024,,,,,,,,27,4,0,50,12.5,,,,,
5086893,Donovan Shepard,Hampton,CAA,2024,,,,,,,,13,3,0,20,6.7,56,38,1,231,4.1
5086913,Aanjay Feliciano,Stetson,Pioneer,2024,,,,,,,,36,26,4,261,10.0,,,,,
5086920,Eli Brickhandler,Houston Christian,Southland,2024,72,36,2,0.500,4,491,6.8,,,,,,55,22,1,236,4.3
5086921,Amonte Jones,North Carolina A&T,CAA,2024,,,,,,,,16,11,0,90,8.2,,,,,
5086922,Mack David II,North Carolina A&T,CAA,2024,,,,,,,,,,,,,1,2,0,2,2.0
5086933,Christian MacDonald,Winston-Salem,CIAA,2024,,,,,,,,10,1,0,10,10.0,,,,,
5086946,Elijah Kennedy,North Carolina A&T,CAA,2024,,,,,,,,5,1,0,5,5.0,,,,,
5086951,Noah Sanders,North Carolina A&T,CAA,2024,,,,,,,,,,,,,3,11,0,17,5.7
5086952,Jo'Nathan Silver,Delaware,CAA,2024,,,,,,,,41,12,1,118,9.8,70,45,4,462,6.6
5086956,Elijah Sessoms,Delaware,CAA,2024,,,,,,,,19,6,0,40,6.7,,,,,
5086970,Ryan O'Connor,Delaware,CAA,2024,125,77,1,0.616,8,879,7.0,,,,,,7,23,1,44,6.3
5086972,Kaelin Costello,Delaware,CAA,2024,,,,,,,,,,,,,10,11,0,49,4.9
5086976,Matt Carlino,Delaware,CAA,2024,,,,,,,,2,2,0,4,2.0,,,,,
5086999,Dominic Vrbancic,Dayton,Pioneer,2024,,,,,,,,32,22,0,244,11.1,,,,,
5087004,Will Cohen,Dayton,Pioneer,2024,,,,,,,,,,,,,4,11,0,23,5.8
5087028,Steven Williams II,Butler,Pioneer,2024,,,,,,,,1,1,0,1,1.0,,,,,
5087029,Brady Preston,Butler,Pioneer,2024,,,,,,,,8,2,0,9,4.5,,,,,
5087031,Reagan Andrew,Butler,Pioneer,2024,214,139,6,0.650,11,1701,7.9,34,3,1,54,18.0,102,41,7,519,5.1
5087034,Griffin Caldwell,Butler,Pioneer,2024,,,,,,,,6,4,0,19,4.8,43,38,5,331,7.7
5087037,Ershod Jasey II,Butler,Pioneer,2024,,,,,,,,25,3,1,31,10.3,36,25,1,173,4.8
5087039,Ethan Loss,Butler,Pioneer,2024,,,,,,,,71,31,5,550,17.7,3,6,0,17,5.7
5087044,Archie Cox,Butler,Pioneer,2024,,,,,,,,19,7,1,78,11.1,1,0,0,0,0.0
5087069,Max Mosey,Holy Cross,Patriot,2024,1,1,0,1.000,0,21,21.0,84,36,6,703,19.5,13,24,1,42,3.2
5087070,Sam Slade,Holy Cross,Patriot,2024,3,1,0,0.333,1,27,9.0,19,10,0,110,11.0,77,21,0,321,4.2
5087072,Nathan Schillinger,Holy Cross,Patriot,2024,,,,,,,,29,3,0,44,14.7,,,,,
5087081,Blake Youngblood,Holy Cross,Patriot,2024,,,,,,,,17,2,0,21,10.5,,,,,
5087093,Curtis Whiting,Sacred Heart,FCS Independents,2024,,,,,,,,,,,,,3,1,0,1,0.3
5087122,Elijah Ford,Sacred Heart,FCS Independents,2024,,,,,,,,39,16,0,124,7.8,5,11,0,15,3.0
5087130,Jordan Heisey,Duquesne,NEC,2024,31,22,1,0.710,3,200,6.5,,,,,,9,11,0,29,3.2
5087156,Nathan Hayes,North Dakota State,MVFC,2024,19,12,0,0.632,3,214,11.3,,,,,,7,51,1,90,12.9
5087160,John Gores,North Dakota State,MVFC,2024,,,,,,,,38,7,3,126,18.0,,,,,
5087167,Kaden Zenzen,North Dakota State,MVFC,2024,,,,,,,,17,1,0,17,17.0,,,,,
5087188,Colton Hackel,Northern State,Northern Sun,2024,2,0,1,0.000,0,0,0.0,,,,,,2,0,0,-2,-1.0
5087189,Caden Dennis,North Dakota,MVFC,2024,,,,,,,,19,32,1,245,7.7,2,8,0,11,5.5
5087198,Haydn Stay,North Dakota,MVFC,2024,,,,,,,,11,2,0,12,6.0,,,,,
5087199,Mason South,North Dakota,MVFC,2024,,,,,,,,12,1,0,12,12.0,0,2,0,2,0
5087215,Sam Strandell,North Dakota,MVFC,2024,,,,,,,,9,5,0,25,5.0,,,,,
5087221,Camo Nelson,Mississippi Valley State,SWAC,2024,,,,,,,,24,12,3,102,8.5,3,5,0,2,0.7
5087222,Rylan Crawford,Illinois State,MVFC,2024,,,,,,,,11,2,0,22,11.0,,,,,
5087233,Cal Martine,Illinois State,MVFC,2024,,,,,,,,,,,,,5,7,0,13,2.6
5087240,Eddie Kasper,Illinois State,MVFC,2024,2,1,0,0.500,1,30,15.0,43,51,1,436,8.5,,,,,
5087241,Max Ziebarth,Illinois State,MVFC,2024,,,,,,,,7,1,0,7,7.0,,,,,
5087251,Kevon King,Norfolk State,MEAC,2024,,,,,,,,16,6,0,20,3.3,161,82,10,944,5.9
5087296,Breylin Smith,Howard,MEAC,2024,,,,,,,,30,17,1,195,11.5,3,22,0,36,12.0
5087297,Ja'Shawn Scroggins,Howard,MEAC,2024,231,123,9,0.532,9,1262,5.5,,,,,,104,48,3,446,4.3
5087357,Deandre Buchannon,Georgia Southern,Sun Belt,2024,,,,,,,,34,5,0,54,10.8,5,11,0,12,2.4
5087687,Eli Gillman,Montana,Big Sky,2024,,,,,,,,68,18,2,176,9.8,161,69,13,1077,6.7
5087689,Kaden Huot,Montana,Big Sky,2024,,,,,,,,,,,,,1,2,0,2,2.0
5087705,Ian Finch,Montana,Big Sky,2024,,,,,,,,2,1,1,2,2.0,,,,,
5087732,Clayton Taylor,Stony Brook,CAA,2024,,,,,,,,,,,,,1,0,0,-33,-33.0
5087747,Jayce Freeman,Stony Brook,CAA,2024,,,,,,,,70,23,6,506,22.0,,,,,
5088096,Ty Englehart,Presbyterian,Pioneer,2024,42,22,2,0.524,3,328,7.8,13,1,1,13,13.0,21,50,1,70,3.3
5088100,Deverious Abercrombie,Presbyterian,Pioneer,2024,,,,,,,,30,4,0,67,16.8,,,,,
5088101,Jayden Pressey,Presbyterian,Pioneer,2024,,,,,,,,35,18,2,203,11.3,1,8,0,8,8.0
5088107,Dominic Kibby,Presbyterian,Pioneer,2024,1,1,0,1.000,1,79,79.0,94,52,4,719,13.8,2,3,0,2,1.0
5088153,Micahi Danzy,Florida State,ACC,2024,,,,,,,,38,1,0,38,38.0,2,6,0,5,2.5
5088155,Kyree Drake,Stonehill,NEC,2024,,,,,,,,34,2,0,41,20.5,2,1,0,-3,-1.5
5088159,Chris Domercant,Chattanooga,Southern,2024,,,,,,,,65,36,2,640,17.8,,,,,
5088161,Cameron Alves,Central Connecticut,NEC,2024,,,,,,,,19,13,0,112,8.6,,,,,
5088163,Jermaine Corbett,Merrimack,FCS Independents,2024,,,,,,,,36,20,1,204,10.2,189,46,9,1058,5.6
5088166,Ashur Carraha,Stonehill,NEC,2024,98,47,4,0.480,3,517,5.3,,,,,,37,39,1,141,3.8
5088170,Cole Clarke,Stonehill,NEC,2024,8,2,1,0.250,0,-2,-0.3,35,6,2,77,12.8,13,5,0,-9,-0.7
5088179,Zavion Woodard,Stonehill,NEC,2024,1,0,0,0.000,0,0,0.0,11,8,0,33,4.1,107,31,4,393,3.7
5088187,Jarel Washington,Stonehill,NEC,2024,,,,,,,,29,12,0,122,10.2,139,72,4,607,4.4
5088196,Noah Canty,Duquesne,NEC,2024,,,,,,,,4,1,1,4,4.0,,,,,
5088238,Jake Newsham,Stonehill,NEC,2024,,,,,,,,28,11,1,131,11.9,1,4,0,4,4.0
5088243,Brigham Dunphy,Stonehill,NEC,2024,1,1,0,1.000,0,-2,-2.0,52,25,1,303,12.1,13,14,0,51,3.9
5088246,Aidan Henry,Stonehill,NEC,2024,,,,,,,,34,6,0,80,13.3,,,,,
5088255,Cody Ruff,Stonehill,NEC,2024,,,,,,,,50,17,2,232,13.6,,,,,
5088334,Nick Whitfield Jr.,St. Francis (PA),NEC,2024,119,65,3,0.546,4,765,6.4,,,,,,22,8,0,-47,-2.1
5088336,Makai Jackson,App State,Sun Belt,2024,,,,,,,,64,46,5,745,16.2,5,47,1,90,18.0
5088338,Elijah Sarratt,Indiana,Big Ten,2024,,,,,,,,84,53,8,957,18.1,,,,,
5088339,Adrian Mejia,St. Francis (PA),NEC,2024,58,35,2,0.603,1,249,4.3,,,,,,42,18,0,2,0.0
5088340,QuaSean Holmes,Gardner-Webb,Big South-OVC,2024,,,,,,,,39,22,3,178,8.1,97,51,4,395,4.1
5088356,Brayden Porter,St. Francis (PA),NEC,2024,,,,,,,,30,2,0,33,16.5,3,28,0,31,10.3
5088375,Jake Bruno,Ohio,Mid-American,2024,,,,,,,,4,2,0,3,1.5,,,,,
5088378,Scott Raymond,St. Francis (PA),NEC,2024,,,,,,,,9,3,0,22,7.3,,,,,
5088421,Charles Pierre Jr.,South Dakota,MVFC,2024,,,,,,,,53,19,2,190,10.0,164,83,16,1226,7.5
5088435,Tysen Boze,South Dakota,MVFC,2024,,,,,,,,15,1,0,15,15.0,,,,,
5088579,Ross James,Oregon,Big Ten,2024,,,,,,,,,,,,,1,3,0,3,3.0
5088849,Javin Dames,Bryant,CAA,2024,,,,,,,,17,8,0,99,12.4,,,,,
5088858,Marcus Crawford,Stonehill,NEC,2024,,,,,,,,,,,,,10,5,0,24,2.4
5088861,Levi Wilkins,Bryant,CAA,2024,,,,,,,,20,3,0,32,10.7,,,,,
5088888,Torrance Burgess Jr.,Texas State,Sun Belt,2024,,,,,,,,22,10,0,111,11.1,60,57,2,367,6.1
5088893,Cade McConnell,UTEP,Conference USA,2024,71,40,3,0.563,4,540,7.6,,,,,,14,10,0,-2,-0.1
5088896,Keith Jenkins Jr.,Morgan State,MEAC,2024,,,,,,,,,,,,,19,23,0,86,4.5
5088899,Anthony James Jr.,Morgan State,MEAC,2024,,,,,,,,11,4,0,43,10.8,,,,,
5088910,Joseph Kennerly,Morgan State,MEAC,2024,,,,,,,,74,11,1,159,14.5,,,,,
5088920,Bretton Stone,Utah Tech,UAC,2024,,,,,,,,62,15,0,169,11.3,26,16,2,125,4.8
5088952,Eric Olsen,Utah Tech,UAC,2024,,,,,,,,53,17,1,255,15.0,6,10,0,14,2.3
5088953,Daniel Thomason,Utah Tech,UAC,2024,,,,,,,,33,8,0,107,13.4,,,,,
5088960,Reggie Graff,Utah Tech,UAC,2024,203,120,3,0.591,10,1363,6.7,22,1,1,24,24.0,112,37,4,415,3.7
5088964,Sonny Mannino,Marist,Pioneer,2024,298,159,6,0.534,11,1640,5.5,16,2,0,31,15.5,81,30,5,294,3.6
5088969,Jake Ciolino,Marist,Pioneer,2024,,,,,,,,27,5,0,73,14.6,,,,,
5088974,Carter James,Marist,Pioneer,2024,2,0,1,0.000,0,0,0.0,22,21,2,129,6.1,76,20,1,238,3.1
5088989,Gabriel Abel,St. Thomas (MN),Pioneer,2024,2,2,0,1.000,0,16,8.0,11,10,0,59,5.9,50,12,1,130,2.6
5088992,Amari Powell,St. Thomas (MN),Pioneer,2024,10,5,0,0.500,0,18,1.8,,,,,,8,10,0,33,4.1
5088995,Travis Plugge,San Diego,Pioneer,2024,,,,,,,,,,,,,2,1,0,-12,-6.0
5089003,Colin Chase,St. Thomas (MN),Pioneer,2024,,,,,,,,74,35,5,602,17.2,2,5,0,-6,-3.0
5089018,Matthew Rink,St. Thomas (MN),Pioneer,2024,,,,,,,,11,3,1,16,5.3,,,,,
5089021,Patrick Wagner,St. Thomas (MN),Pioneer,2024,,,,,,,,32,20,1,197,9.9,,,,,
5089028,Marcus II Harris,Alabama State,SWAC,2024,,,,,,,,6,2,0,6,3.0,69,26,2,248,3.6
5089045,BaKari Dailey,Alabama State,SWAC,2024,,,,,,,,47,4,0,64,16.0,,,,,
5089070,Richie Hoskins,Vanderbilt,SEC,2024,1,0,0,0.000,0,0,0.0,31,11,2,131,11.9,,,,,
5089175,Landon Wells,Vanderbilt,SEC,2024,,,,,,,,,,,,,1,0,0,-2,-2.0
5089177,Moses Alexander,Eastern Illinois,Big South-OVC,2024,,,,,,,,11,5,0,18,3.6,,,,,
5089179,Brian Henry,Abilene Christian,UAC,2024,,,,,,,,27,5,1,78,15.6,,,,,
5089182,CJ Nelson,Eastern Illinois,Big South-OVC,2024,,,,,,,,40,21,1,292,13.9,1,5,0,5,5.0
5089190,Marshall Howe,Yale,Ivy,2024,6,2,1,0.333,0,9,1.5,,,,,,1,10,0,10,10.0
5089258,Tre Henry,Western Illinois,Big South-OVC,2024,,,,,,,,5,1,0,5,5.0,,,,,
5089279,Seth Glatz,Illinois State,MVFC,2024,,,,,,,,16,5,0,49,9.8,44,26,2,229,5.2
5089309,Jake Stearney,Colgate,Patriot,2024,290,189,11,0.652,11,1788,6.2,,,,,,34,27,1,62,1.8
5089314,Hank Brown,Auburn,SEC,2024,43,27,3,0.628,6,403,9.4,,,,,,3,9,0,10,3.3
5089324,Joey Wassler,Princeton,Ivy,2024,,,,,,,,10,4,0,26,6.5,,,,,
5089335,Rowan Keefe,Valparaiso,Pioneer,2024,25,9,0,0.360,0,139,5.6,,,,,,9,9,0,-44,-4.9
5089340,Jeffery Vercher,Valparaiso,Pioneer,2024,,,,,,,,,,,,,1,0,0,-1,-1.0
5089353,Ryan Mann,Valparaiso,Pioneer,2024,1,0,0,0.000,0,0,0.0,25,10,0,87,8.7,62,25,1,194,3.1
5089378,Max Carter,Valparaiso,Pioneer,2024,,,,,,,,5,3,0,10,3.3,,,,,
5089453,Miles Kitselman,Tennessee,SEC,2024,,,,,,,,31,22,4,301,13.7,2,1,1,1,0.5
5089455,Michael Lorino III,Alabama,SEC,2024,,,,,,,,,,,,,1,3,0,3,3.0
5089486,Kylan Galbreath,Murray State,MVFC,2024,,,,,,,,31,18,0,147,8.2,,,,,
5089490,Clint McKee,Murray State,MVFC,2024,,,,,,,,,,,,,2,3,0,4,2.0
5089492,Eric Reuss,East Tennessee State,Southern,2024,,,,,,,,5,2,0,10,5.0,,,,,
5089512,Parker Perry,Murray State,MVFC,2024,,,,,,,,8,1,0,8,8.0,,,,,
5089535,Desmond Reid,Pittsburgh,ACC,2024,,,,,,,,72,52,4,579,11.1,184,72,5,966,5.3
5089539,Censere Lee,Pittsburgh,ACC,2024,,,,,,,,82,19,3,254,13.4,,,,,
5089540,Cole Gonzales,Western Carolina,Southern,2024,312,196,5,0.628,12,2471,7.9,,,,,,59,50,2,194,3.3
5089545,De'Andre Tamarez,Western Carolina,Southern,2024,,,,,,,,61,33,6,576,17.5,1,4,0,4,4.0
5089547,Corey Reddick Jr.,Western Carolina,Southern,2024,,,,,,,,29,11,0,115,10.5,29,20,0,119,4.1
5089549,Malik Knight,Western Carolina,Southern,2024,1,0,0,0.000,0,0,0.0,48,22,1,377,17.1,,,,,
5089572,AJ Colombo,Western Carolina,Southern,2024,,,,,,,,28,59,5,571,9.7,2,6,0,10,5.0
5089575,Antoine Bell,North Carolina A&T,CAA,2024,,,,,,,,26,5,1,55,11.0,,,,,
5089859,Floyd Chalk IV,San José State,Mountain West,2024,,,,,,,,22,6,0,58,9.7,154,66,10,721,4.7
5089860,Chance Williams,Cincinnati,Big 12,2024,,,,,,,,,,,,,15,16,0,67,4.5
5089862,Quaterius Hawkins,Northwestern State,Southland,2024,72,43,3,0.597,1,400,5.6,,,,,,43,18,0,55,1.3
5089865,Dedrick Talbert,Grambling,SWAC,2024,,,,,,,,11,4,0,22,5.5,51,31,3,182,3.6
5089868,Covadis Knighten,Grambling,SWAC,2024,,,,,,,,16,14,1,86,6.1,,,,,
5090097,Pat Bowen,Long Island University,NEC,2024,,,,,,,,24,4,1,34,8.5,66,51,3,374,5.7
5090098,Michael Love,Long Island University,NEC,2024,,,,,,,,67,50,7,608,12.2,11,67,1,134,12.2
5091564,Aidan Leffler,Ball State,Mid-American,2024,6,2,0,0.333,0,6,1.0,,,,,,,,,,
5091596,Dahya Patel,Ball State,Mid-American,2024,,,,,,,,33,7,1,120,17.1,,,,,
5091725,Lee Beebe,UAB,American Athletic,2024,,,,,,,,29,30,1,219,7.3,166,61,7,885,5.3
5091736,George Arata,Tulane,American Athletic,2024,,,,,,,,,,,,,2,3,0,5,2.5
5091739,Chris Brazzell II,Tennessee,SEC,2024,,,,,,,,53,29,2,333,11.5,,,,,
5091741,Brice Busch,Tulane,American Athletic,2024,,,,,,,,,,,,,1,0,0,-9,-9.0
5091791,Kylon Harris,Stephen F. Austin,Southland,2024,,,,,,,,60,87,10,1039,11.9,1,0,0,-3,-3.0
5091794,Jerrell Wimbley,Stephen F. Austin,Southland,2024,,,,,,,,44,12,0,130,10.8,60,34,3,330,5.5
5091811,Dax Bridges,Stephen F. Austin,Southland,2024,,,,,,,,17,1,1,17,17.0,,,,,
5091830,Cam'Ron Lacy,Middle Tennessee,Conference USA,2024,,,,,,,,44,20,0,190,9.5,1,1,0,1,1.0
5091836,Jaxon Potter,Washington State,Pac-12,2024,2,2,0,1.000,0,26,13.0,,,,,,,,,,
5091890,Kadin Semonza,Ball State,Mid-American,2024,427,275,10,0.644,25,2900,6.8,11,2,0,1,0.5,54,53,1,-81,-1.5
5091891,Lamar Sperling,Buffalo,Mid-American,2024,,,,,,,,28,5,1,59,11.8,39,22,1,150,3.8
5092235,Stephen Brantley,Western Carolina,Southern,2024,,,,,,,,,,,,,1,10,0,10,10.0
5092348,Jaden Gibson,Virginia,ACC,2024,,,,,,,,26,10,0,91,9.1,,,,,
5092410,Dorian Fleming,Georgia State,Sun Belt,2024,,,,,,,,58,49,6,558,11.4,1,0,0,-3,-3.0
5092470,Tiaquelin Mims,Southern Miss,Sun Belt,2024,,,,,,,,56,33,1,393,11.9,4,9,0,20,5.0
5092477,Nicholas Cenacle,Hawai'i,Mountain West,2024,,,,,,,,62,63,6,721,11.4,,,,,
5092483,Josiah Freeman,Fresno State,Mountain West,2024,,,,,,,,34,8,2,95,11.9,,,,,
5092508,Colbie Young,Georgia,SEC,2024,,,,,,,,34,11,2,149,13.5,,,,,
5092662,JD Sherrod,Kent State,Mid-American,2024,7,2,0,0.286,0,18,2.6,,,,,,13,30,0,67,5.2
5092781,Jack Turner,Louisiana Tech,Conference USA,2024,76,40,2,0.526,2,471,6.2,,,,,,13,10,0,16,1.2
5092787,Marlion Jackson,Louisiana Tech,Conference USA,2024,,,,,,,,39,14,1,222,15.9,5,5,0,13,2.6
5092811,CJ Miller,Mercer,Southern,2024,,,,,,,,37,6,0,72,12.0,76,49,3,415,5.5
5092824,Sawyer Burt,Mercer,Southern,2024,,,,,,,,39,4,1,71,17.8,,,,,
5092954,Max Dowling,UT Martin,Big South-OVC,2024,,,,,,,,48,23,5,278,12.1,,,,,
5092965,Parker Clark,TCU,Big 12,2024,,,,,,,,15,2,0,21,10.5,,,,,
5092967,Hunter Krepp,TCU,Big 12,2024,,,,,,,,10,1,0,10,10.0,,,,,
5092983,Luke Shields,Tennessee Tech,Big South-OVC,2024,,,,,,,,12,1,0,12,12.0,,,,,
5093009,Carl Chester,Marshall,Sun Belt,2024,,,,,,,,42,20,3,342,17.1,,,,,
5093062,Tre Stewart,Jacksonville State,Conference USA,2024,,,,,,,,50,17,1,233,13.7,279,75,25,1636,5.9
5093141,Jarvis Green,Clemson,ACC,2024,,,,,,,,25,2,1,35,17.5,9,13,0,53,5.9
5093148,Nebanye Moore,North Carolina Central,MEAC,2024,,,,,,,,,,,,,1,0,0,0,0.0
5093183,Demarcus Lacey,Jacksonville State,Conference USA,2024,,,,,,,,17,8,0,84,10.5,5,4,0,13,2.6
5093189,Dakota Warfield,North Alabama,UAC,2024,,,,,,,,36,42,3,510,12.1,1,0,0,-3,-3.0
5093197,Jalyn Daniels,North Alabama,UAC,2024,,,,,,,,5,2,0,4,2.0,3,3,0,6,2.0
5093217,Kaleb Heatherly,North Alabama,UAC,2024,,,,,,,,8,5,1,9,1.8,,,,,
5093344,James Scott,San Diego,Pioneer,2024,,,,,,,,,,,,,3,9,0,6,2.0
5093347,Peyton Smith,San Diego,Pioneer,2024,,,,,,,,23,14,2,116,8.3,,,,,
5093362,Cole Monach,San Diego,Pioneer,2024,1,1,0,1.000,0,46,46.0,39,25,3,326,13.0,,,,,
5093395,Zachary Dodson-Green,Montana State,Big Sky,2024,,,,,,,,11,2,0,14,7.0,1,6,0,6,6.0
5093396,Rylan Schlepp,Montana State,Big Sky,2024,,,,,,,,37,8,2,129,16.1,,,,,
5093733,Joshua Acord,Southern Utah,UAC,2024,,,,,,,,27,18,0,145,8.1,,,,,
5093752,Noah Cronquist,Eastern Washington,Big Sky,2024,,,,,,,,43,15,2,215,14.3,3,8,0,13,4.3
5093767,Zachary Mitchell,Southern Utah,UAC,2024,,,,,,,,40,3,1,62,20.7,,,,,
5093777,Fred Brown II,Tarleton State,UAC,2024,,,,,,,,3,1,0,3,3.0,,,,,
5093814,Malcolm Mays,Hampton,CAA,2024,145,90,2,0.621,10,978,6.7,,,,,,61,34,4,309,5.1
5093815,Kymari Gray,Hampton,CAA,2024,,,,,,,,45,24,2,228,9.5,,,,,
5093826,Joseph Henry,Hampton,CAA,2024,,,,,,,,,,,,,2,3,0,5,2.5
5093836,Evan King,Buffalo,Mid-American,2024,,,,,,,,9,2,0,15,7.5,,,,,
5093837,Chris Hunter,Arizona,Big 12,2024,,,,,,,,45,35,3,323,9.2,1,7,0,7,7.0
5093886,Kamari Moulton,Iowa,Big Ten,2024,,,,,,,,12,1,0,12,12.0,84,68,3,473,5.6
5093922,Maealiuaki Smith,Oklahoma State,Big 12,2024,75,44,4,0.587,2,499,6.7,,,,,,15,13,1,-19,-1.3
5093923,Andrew Armstrong,Arkansas,SEC,2024,,,,,,,,43,78,1,1140,14.6,,,,,
5093925,Jaden Proctor,East Texas A&M,Southland,2024,,,,,,,,36,25,1,289,11.6,,,,,
5093929,Eric Rodriguez,East Texas A&M,Southland,2024,49,29,3,0.592,1,246,5.0,,,,,,13,5,0,-13,-1.0
5093936,Darlington Frasch,East Texas A&M,Southland,2024,,,,,,,,,,,,,1,2,0,2,2.0
5093939,Lavon Williams,East Texas A&M,Southland,2024,,,,,,,,,,,,,1,4,0,4,4.0
5093944,EJ Oakmon,East Texas A&M,Southland,2024,,,,,,,,6,1,0,6,6.0,18,8,1,49,2.7
5093950,Christian Shaw,East Texas A&M,Southland,2024,,,,,,,,7,1,0,7,7.0,,,,,
5093994,Dawson Hearne,Tarleton State,UAC,2024,,,,,,,,18,10,1,73,7.3,,,,,
5094034,Nick Conforti,Yale,Ivy,2024,,,,,,,,,,,,,1,0,0,-2,-2.0
5094035,Wilhelm Daal,Yale,Ivy,2024,,,,,,,,,,,,,7,38,1,49,7.0
5094040,Brogan McCaughey,Yale,Ivy,2024,53,32,0,0.604,2,389,7.3,,,,,,7,7,1,26,3.7
5094042,Joshua Pitsenberger,Yale,Ivy,2024,,,,,,,,39,13,2,95,7.3,145,64,7,786,5.4
5094076,Gavin Bryson,Central Connecticut,NEC,2024,,,,,,,,,,,,,1,3,0,3,3.0
5094129,Donovan Wadley,Merrimack,FCS Independents,2024,,,,,,,,57,7,0,93,13.3,4,7,0,9,2.3
5095076,Karim Page,East Tennessee State,Southern,2024,,,,,,,,36,30,0,373,12.4,,,,,
5095077,Ephraim Floyd,East Tennessee State,Southern,2024,2,1,1,0.500,0,36,18.0,34,22,2,326,14.8,8,12,0,39,4.9
5095078,Jayden Brown,UConn,FBS Independents,2024,,,,,,,,22,8,1,85,10.6,98,52,2,578,5.9
5095082,Jacari Shell,Gardner-Webb,Big South-OVC,2024,,,,,,,,14,1,0,14,14.0,,,,,
5095094,Caleb Borders,Gardner-Webb,Big South-OVC,2024,,,,,,,,30,19,1,257,13.5,,,,,
5095095,Hakeem Meggett,East Tennessee State,Southern,2024,,,,,,,,68,21,2,427,20.3,2,8,0,-1,-0.5
5095096,AJ Johnson,East Tennessee State,Southern,2024,,,,,,,,75,40,6,662,16.6,,,,,
5095110,Kimon O'Sullivan,SE Louisiana,Southland,2024,,,,,,,,,,,,,5,4,0,-1,-0.2
5095112,Zach Tanner,Robert Morris,NEC,2024,38,22,1,0.579,3,347,9.1,,,,,,20,18,0,41,2.1
5095114,Nate Garnett,Morehead State,Pioneer,2024,,,,,,,,88,41,6,921,22.5,1,10,1,10,10.0
5095137,Garrison Curry,Presbyterian,Pioneer,2024,,,,,,,,2,1,0,2,2.0,,,,,
5095138,Trevor Wilson,Robert Morris,NEC,2024,,,,,,,,15,6,0,33,5.5,,,,,
5095218,Ryan Butler,Stanford,ACC,2024,,,,,,,,8,2,0,11,5.5,7,22,0,44,6.3
5095219,Dareion Murphy,Princeton,Ivy,2024,,,,,,,,12,1,0,12,12.0,31,22,2,119,3.8
5095237,Charley Rossi,Princeton,Ivy,2024,,,,,,,,20,5,2,45,9.0,,,,,
5095259,Treyvion Houston,North Greenville,Gulf South,2024,,,,,,,,12,1,0,12,12.0,,,,,
5095260,Shamontae Burgess,South Carolina State,MEAC,2024,,,,,,,,9,1,0,9,9.0,,,,,
5095360,Eric Singleton Jr.,Georgia Tech,ACC,2024,,,,,,,,57,56,3,754,13.5,21,35,1,131,6.2
5095771,Ethan Greenwood,Long Island University,NEC,2024,93,50,2,0.538,6,780,8.4,64,6,2,145,24.2,140,56,5,846,6.0
5095779,Johnny Crawford III,The Citadel,Southern,2024,,,,,,,,24,6,1,61,10.2,39,50,2,212,5.4
5095780,Corey Ibrahim,The Citadel,Southern,2024,,,,,,,,33,14,0,121,8.6,110,48,1,440,4.0
5095794,Ha'Keem Monroe,The Citadel,Southern,2024,1,0,0,0.000,0,0,0.0,,,,,,,,,,
5095796,Ben Barnes,The Citadel,Southern,2024,,,,,,,,,,,,,1,1,0,1,1.0
5095797,James Platte,The Citadel,Southern,2024,1,0,0,0.000,0,0,0.0,,,,,,,,,,
5095815,Chris Mosley,North Carolina Central,MEAC,2024,,,,,,,,12,1,1,12,12.0,25,80,3,252,10.1
5095834,Luke Bracey,North Carolina Central,MEAC,2024,,,,,,,,33,8,1,86,10.8,,,,,
5095835,Chauncey Spikes,North Carolina Central,MEAC,2024,,,,,,,,66,18,3,247,13.7,,,,,
5095915,Moussa Barry,Western Kentucky,Conference USA,2024,,,,,,,,17,10,1,100,10.0,,,,,
5096107,C'Quan Jnopierre,Florida International,Conference USA,2024,,,,,,,,16,10,0,71,7.1,6,7,0,7,1.2
5096598,Cameren Smith,Western Illinois,Big South-OVC,2024,,,,,,,,81,33,5,306,9.3,184,64,7,790,4.3
5096807,Connor Wisham,Prairie View A&M,SWAC,2024,,,,,,,,26,6,0,39,6.5,62,15,1,164,2.6
5096811,Nevon Cooper,Prairie View A&M,SWAC,2024,,,,,,,,9,1,0,9,9.0,,,,,
5096813,Channing Dumas,Miles College,SIAC,2024,2,1,0,0.500,0,20,10.0,,,,,,3,10,0,11,3.7
5096816,Jaylen Lane,Prairie View A&M,SWAC,2024,,,,,,,,,,,,,4,31,0,38,9.5
5096818,Jamarious Brooks,Prairie View A&M,SWAC,2024,,,,,,,,18,2,0,22,11.0,21,27,0,94,4.5
5096826,Efren Jasso,Prairie View A&M,SWAC,2024,,,,,,,,,,,,,1,0,0,-15,-15.0
5096861,Isaiah Robinson,Incarnate Word,Southland,2024,,,,,,,,10,4,0,22,5.5,27,18,0,99,3.7
5096863,Kole Wilson,Texas State,Sun Belt,2024,,,,,,,,53,43,4,630,14.7,1,3,0,3,3.0
5096878,Dekalon Taylor,Incarnate Word,Southland,2024,,,,,,,,20,22,0,163,7.4,152,97,9,909,6.0
5096903,Ty Yocum,Merrimack,FCS Independents,2024,,,,,,,,30,3,0,33,11.0,,,,,
5096932,Jaquez Dew,Alcorn State,SWAC,2024,1,0,0,0.000,0,0,0.0,,,,,,1,0,0,0,0.0
5096940,Geoffrey McKelton,Alcorn State,SWAC,2024,1,1,0,1.000,0,4,4.0,10,1,0,10,10.0,1,17,0,17,17.0
5096941,Jacorian Sewell,Alcorn State,SWAC,2024,,,,,,,,16,10,0,47,4.7,130,82,6,799,6.1
5096965,AJ Bennett,Texas Southern,SWAC,2024,,,,,,,,41,5,0,66,13.2,,,,,
5096968,Trenton Leary,Texas Southern,SWAC,2024,,,,,,,,32,40,3,396,9.9,8,28,1,31,3.9
5096969,Kerien Charlo,Texas Southern,SWAC,2024,,,,,,,,20,16,0,151,9.4,2,6,0,9,4.5
5096974,Chaunzavia Lewis,Texas Southern,SWAC,2024,,,,,,,,6,4,0,7,1.8,21,26,2,84,4.0
5096978,Charles George Jr.,Texas Southern,SWAC,2024,,,,,,,,,,,,,1,11,0,11,11.0
5096981,Daveon Ford,Texas Southern,SWAC,2024,,,,,,,,37,8,0,66,8.3,35,7,0,88,2.5
5097058,Zachary Palmer-Smith,Richmond,CAA,2024,,,,,,,,59,8,2,101,12.6,270,59,11,1433,5.3
5097193,Isaiah Lemmond,William & Mary,CAA,2024,,,,,,,,9,2,0,15,7.5,,,,,
5097686,Gus Theisen,St. Thomas (MN),Pioneer,2024,,,,,,,,,,,,,2,3,0,1,0.5
5097714,Peseti Lapuaho,San José State,Mountain West,2024,,,,,,,,,,,,,0,0,0,-7,0
5097854,Lance Mason,Missouri State,MVFC,2024,,,,,,,,82,32,6,569,17.8,,,,,
5097945,Josh Shaw,South Carolina State,MEAC,2024,,,,,,,,,,,,,16,16,3,72,4.5
5098133,Alex Jreige,UAlbany,CAA,2024,,,,,,,,6,2,1,7,3.5,32,53,1,185,5.8
5098435,Elijah Sohn,Sam Houston,Conference USA,2024,,,,,,,,22,14,0,113,8.1,,,,,
5098448,Isaiah Freeman,Lincoln (PA),CIAA,2024,12,5,0,0.417,0,37,3.1,,,,,,13,11,0,36,2.8
5098472,Jayden Jenkins,Delaware State,MEAC,2024,,,,,,,,16,16,1,70,4.4,48,23,2,194,4.0
5098573,Matthew Broad,Northwestern State,Southland,2024,,,,,,,,,,,,,2,3,1,2,1.0
5098580,Griffin Woodell,UAlbany,CAA,2024,,,,,,,,15,9,0,44,4.9,64,41,2,178,2.8
5098591,Carter Moses,UAlbany,CAA,2024,,,,,,,,12,15,1,109,7.3,,,,,
5098645,Daniel Weems,Indiana,Big Ten,2024,,,,,,,,,,,,,4,6,0,19,4.8
5098754,Dupree Fuller,Southern,SWAC,2024,,,,,,,,31,27,2,348,12.9,,,,,
5098806,Bennett Galloway,UL Monroe,Sun Belt,2024,,,,,,,,,,,,,9,13,0,31,3.4
5099141,Christopher Smith,UL Monroe,Sun Belt,2024,,,,,,,,,,,,,1,4,0,4,4.0
5099305,Antonio Meeks,Louisville,ACC,2024,,,,,,,,28,3,1,42,14.0,,,,,
5099367,Allen Ortiz,New Mexico State,Conference USA,2024,,,,,,,,12,1,0,12,12.0,,,,,
5099736,Ja'shon Benjamin,Rutgers,Big Ten,2024,,,,,,,,7,3,1,12,4.0,19,20,1,100,5.3
5099744,Jaxson Isaac,Arkansas-Pine Bluff,SWAC,2024,,,,,,,,35,15,1,107,7.1,,,,,
5100516,Damien Mazil,Wagner,NEC,2024,40,23,3,0.575,3,289,7.2,,,,,,5,7,0,-5,-1.0
5100582,Hudson Clement,West Virginia,Big 12,2024,,,,,,,,44,51,5,741,14.5,,,,,
5100645,Ryan LaHood,Southern Illinois,MVFC,2024,3,2,1,0.667,0,16,5.3,,,,,,2,0,0,-9,-4.5
5100679,Markel Cotton,Kentucky State,SIAC,2024,,,,,,,,7,3,0,18,6.0,,,,,
5101124,Micah Alejado,Hawai'i,Mountain West,2024,70,49,0,0.700,6,585,8.4,,,,,,19,19,0,59,3.1
5102031,Max Blanc,Youngstown State,MVFC,2024,4,3,1,0.750,0,10,2.5,,,,,,,,,,
5102160,Derek Burrell,Wagner,NEC,2024,,,,,,,,18,8,0,59,7.4,3,5,0,5,1.7
5102258,Alec Mahler,SE Louisiana,Southland,2024,1,1,0,1.000,0,-4,-4.0,22,1,0,22,22.0,,,,,
5102556,Cataurus Hicks,Louisville,ACC,2024,,,,,,,,51,12,0,149,12.4,,,,,
5102932,Ethan Crite,Middle Tennessee,Conference USA,2024,,,,,,,,8,2,0,14,7.0,,,,,
5103004,Jared Roznos,Air Force,Mountain West,2024,,,,,,,,52,5,0,109,21.8,,,,,
5103084,Jackson Lanier,Morehead State,Pioneer,2024,,,,,,,,,,,,,5,6,0,12,2.4
5103239,Ashley Tucker Jr.,Alabama A&M,SWAC,2024,1,1,0,1.000,0,21,21.0,,,,,,3,11,0,1,0.3
5103514,Daidren Zipperer,Utah,Big 12,2024,,,,,,,,46,8,0,122,15.3,,,,,
5103639,Trelain Maddox,Georgia Tech,ACC,2024,,,,,,,,9,1,0,9,9.0,17,14,1,67,3.9
5103836,Marshaun Brown,Nevada,Mountain West,2024,,,,,,,,24,5,0,62,12.4,,,,,
5103852,Dalton Carnes,North Texas,American Athletic,2024,,,,,,,,34,29,2,371,12.8,,,,,
5104052,David Alpers,South Dakota State,MVFC,2024,,,,,,,,59,9,1,164,18.2,,,,,
5104738,Ryan Browne,Purdue,Big Ten,2024,76,43,2,0.566,4,532,7.0,,,,,,50,23,0,155,3.1
5104821,Brady Simmons,Indiana,Big Ten,2024,,,,,,,,6,1,0,6,6.0,,,,,
5104966,Talon Betts,Eastern Washington,Big Sky,2024,,,,,,,,,,,,,7,7,0,20,2.9
5104968,Gabe Nunez,Southern Utah,UAC,2024,,,,,,,,64,44,3,647,14.7,,,,,
5105269,Sacovie White,Georgia,SEC,2024,,,,,,,,21,4,0,38,9.5,,,,,
5105849,Devon Dampier,New Mexico,Mountain West,2024,390,226,12,0.579,12,2768,7.1,,,,,,156,85,19,1152,7.4
5106299,Ca'Lil Valentine,Illinois,Big Ten,2024,,,,,,,,15,5,0,30,6.0,53,22,1,212,4.0
5106301,Kedren Young,Notre Dame,FBS Independents,2024,,,,,,,,,,,,,21,12,1,116,5.5
5106890,Bryson Martin,Florida A&M,SWAC,2024,1,1,0,1.000,0,6,6.0,,,,,,,,,,
5106897,Jack O'Connell,Stonehill,NEC,2024,83,44,4,0.530,8,675,8.1,,,,,,28,22,1,80,2.9
5107875,Cole Tabb,Stanford,ACC,2024,,,,,,,,5,2,0,9,4.5,27,39,0,130,4.8
5108220,Kendrick Bell,Michigan,Big Ten,2024,,,,,,,,16,7,0,70,10.0,1,0,0,-13,-13.0
5108225,Josiah Martin,California,ACC,2024,,,,,,,,27,12,0,112,9.3,5,29,1,44,8.8
5109317,David Lonergan,Wagner,NEC,2024,,,,,,,,,,,,,8,6,0,16,2.0
5109511,Cooper Rusk,Toledo,Mid-American,2024,,,,,,,,8,2,0,8,4.0,,,,,
5109518,Beau Brungard,Youngstown State,MVFC,2024,310,206,11,0.665,12,2077,6.7,15,1,0,15,15.0,159,66,16,998,6.3
5109526,Da'Shaun Whatley,Youngstown State,MVFC,2024,,,,,,,,11,3,0,15,5.0,25,13,0,61,2.4
5109537,Desmeal Leigh,Youngstown State,MVFC,2024,,,,,,,,,,,,,1,0,0,-1,-1.0
5109541,Colt Sechrest,Youngstown State,MVFC,2024,,,,,,,,23,7,0,56,8.0,,,,,
5110019,Kyan Mason,Akron,Mid-American,2024,,,,,,,,28,1,1,28,28.0,,,,,
5110101,EJ Caminong,California,ACC,2024,19,6,0,0.316,0,57,3.0,,,,,,10,12,0,18,1.8
5110168,Carter Nelson,Nebraska,Big Ten,2024,,,,,,,,24,10,1,86,8.6,2,0,0,-1,-0.5
5110451,Peyton Morgan,Texas Tech,Big 12,2024,,,,,,,,14,1,0,14,14.0,,,,,
5110454,James Peoples,Ohio State,Big Ten,2024,,,,,,,,0,1,0,-2,-2.0,49,18,2,197,4.0
5110500,Kevin Riley,Alabama,SEC,2024,,,,,,,,8,2,0,9,4.5,10,9,0,30,3.0
5110516,Arnold Barnes,Tulane,American Athletic,2024,,,,,,,,10,8,1,19,2.4,87,27,6,402,4.6
5110535,Kyson Brown,Arizona State,Big 12,2024,,,,,,,,68,13,1,189,14.5,73,38,2,351,4.8
5110569,Anthony Miller Jr.,Tulane,American Athletic,2024,,,,,,,,4,1,0,4,4.0,,,,,
5111406,Tennel Bryant,Arkansas State,Sun Belt,2024,,,,,,,,17,2,0,26,13.0,,,,,
5112660,Solomon Locke,Chattanooga,Southern,2024,,,,,,,,,,,,,26,16,0,82,3.2
5112674,Bryant Wesco Jr.,Clemson,ACC,2024,,,,,,,,76,41,5,708,17.3,,,,,
5112719,Greyton Gannon,South Dakota State,MVFC,2024,,,,,,,,41,9,1,113,12.6,,,,,
5114311,Jackson Harris,Stanford,ACC,2024,,,,,,,,11,3,1,19,6.3,,,,,
5114312,Will Monney,Utah State,Mountain West,2024,,,,,,,,31,11,1,138,12.5,,,,,
5114313,Jordan Onovughe,Colorado,Big 12,2024,,,,,,,,1,1,0,1,1.0,,,,,
5114331,Suderian Harrison,Virginia,ACC,2024,1,1,0,1.000,0,27,27.0,24,11,0,99,9.0,,,,,
5114332,Jaivian Thomas,California,ACC,2024,,,,,,,,56,11,0,91,8.3,100,75,7,626,6.3
5114593,Ivan Carreon,Oklahoma,SEC,2024,,,,,,,,21,10,0,89,8.9,,,,,
5115243,Trevor Rogers,California,ACC,2024,,,,,,,,17,1,0,17,17.0,,,,,
5117836,Jamari Person,Colorado State,Mountain West,2024,,,,,,,,60,35,1,373,10.7,0,6,0,6,0
5119233,Dayton Howard,Iowa,Big Ten,2024,,,,,,,,33,4,1,61,15.3,,,,,
5119307,Daniel Blood,Missouri,SEC,2024,,,,,,,,21,8,0,81,10.1,,,,,
5119434,Trey Weary,Tennessee,SEC,2024,,,,,,,,8,3,0,18,6.0,,,,,
5119659,Trent Thomas,South Alabama,Sun Belt,2024,,,,,,,,5,1,0,5,5.0,,,,,
5119868,Jaylen Lloyd,Nebraska,Big Ten,2024,,,,,,,,59,13,0,255,19.6,3,4,0,1,0.3
5120299,Patrick Overmyer,UTSA,American Athletic,2024,,,,,,,,42,31,3,283,9.1,0,17,0,17,0
5120317,Jordan Lovett,Troy,Sun Belt,2024,,,,,,,,26,8,0,56,7.0,17,9,1,53,3.1
5120454,Caleb Goodie,Colorado State,Mountain West,2024,,,,,,,,85,21,4,436,20.8,5,46,0,87,17.4
5120456,Kwinten Ives,Nebraska,Big Ten,2024,,,,,,,,,,,,,6,5,1,7,1.2
5120970,Ismael Cisse,Stanford,ACC,2024,,,,,,,,25,26,2,241,9.3,4,11,0,2,0.5
5120971,Aziah Johnson,Michigan State,Big Ten,2024,,,,,,,,52,16,2,276,17.3,1,15,0,15,15.0
5120977,Maxwell Moss,James Madison,Sun Belt,2024,,,,,,,,11,1,0,11,11.0,,,,,
5121169,Darian Mensah,Tulane,American Athletic,2024,287,189,6,0.659,22,2723,9.5,,,,,,60,22,1,132,2.2
5121334,Jayce Brown,Kansas State,Big 12,2024,,,,,,,,65,47,5,823,17.5,3,34,0,42,14.0
5121384,Ezekiel Avit,Maryland,Big Ten,2024,,,,,,,,13,1,0,13,13.0,,,,,
5121453,Eli Finley,Louisiana Tech,Conference USA,2024,,,,,,,,53,25,2,314,12.6,,,,,
5121468,Jordon Harris,Missouri,SEC,2024,,,,,,,,17,5,0,48,9.6,,,,,
5121541,Cam Wallace,Penn State,Big Ten,2024,,,,,,,,,,,,,18,13,1,63,3.5
5121571,Ezell Jolly,UTEP,Conference USA,2024,,,,,,,,19,5,0,31,6.2,64,14,1,248,3.9
5121601,Hunter Summers,Arkansas State,Sun Belt,2024,,,,,,,,32,9,2,116,12.9,,,,,
5121607,Ke'Marion Baldwin,James Madison,Sun Belt,2024,,,,,,,,,,,,,6,4,0,17,2.8
5121616,Grayson Tempest,Tulsa,American Athletic,2024,,,,,,,,43,16,0,138,8.6,4,9,0,17,4.3
5121636,Adam Parks,New Mexico State,Conference USA,2024,,,,,,,,38,2,0,58,29.0,,,,,
5121648,Blake Daniels,Eastern Michigan,Mid-American,2024,,,,,,,,0,1,0,0,0.0,,,,,
5121666,Kameran Shanks,UAB,American Athletic,2024,,,,,,,,67,62,6,656,10.6,8,35,0,50,6.3
5121696,Nate Burleson II,Nevada,Mountain West,2024,,,,,,,,46,3,1,71,23.7,,,,,
5121697,Jaylon Calhoun,App State,Sun Belt,2024,,,,,,,,,,,,,1,2,0,2,2.0
5121709,Rickey Hunt,Ohio,Mid-American,2024,,,,,,,,8,6,0,23,3.8,76,59,2,393,5.2
5121720,Noah Meyers,Western Kentucky,Conference USA,2024,,,,,,,,24,7,1,123,17.6,,,,,
5121721,Jekail Middlebrook,Middle Tennessee,Conference USA,2024,,,,,,,,24,22,1,163,7.4,60,24,2,273,4.6
5121750,Yamir Knight,James Madison,Sun Belt,2024,,,,,,,,68,52,4,605,11.6,1,1,0,1,1.0
5121763,Za'Marion Webber,Arkansas-Pine Bluff,SWAC,2024,,,,,,,,0,1,0,-1,-1.0,58,28,0,278,4.8
5121782,Jaelen Smith,Michigan State,Big Ten,2024,,,,,,,,16,1,0,16,16.0,,,,,
5121793,Peyton Streko,Clemson,ACC,2024,,,,,,,,,,,,,2,9,0,15,7.5
5121879,Keshaun Singleton,South Florida,American Athletic,2024,,,,,,,,67,27,3,428,15.9,,,,,
5121893,Tony Livingston,Florida,SEC,2024,,,,,,,,24,10,2,109,10.9,,,,,
5122006,Landon Sides,North Texas,American Athletic,2024,,,,,,,,42,24,1,280,11.7,,,,,
5122018,Jacob Harris,Bowling Green,Mid-American,2024,,,,,,,,3,2,0,5,2.5,,,,,
5122043,Jaylen Poe,Northern Illinois,Mid-American,2024,,,,,,,,14,4,0,22,5.5,36,22,3,190,5.3
5122054,Aidan Armenta,UL Monroe,Sun Belt,2024,188,102,10,0.543,9,1294,6.9,,,,,,47,43,1,57,1.2
5122072,Nic Trujillo,New Mexico,Mountain West,2024,,,,,,,,43,16,1,305,19.1,,,,,
5122076,Cole Weaver,Miami (OH),Mid-American,2024,,,,,,,,24,2,1,38,19.0,,,,,
5122081,Tyler Little,Arkansas State,Sun Belt,2024,,,,,,,,7,4,1,20,5.0,,,,,
5122082,Justin Stevenson,Wyoming,Mountain West,2024,,,,,,,,63,17,3,204,12.0,5,16,0,40,8.0
5122083,Jayden Williams,Wyoming,Mountain West,2024,,,,,,,,,,,,,1,17,0,17,17.0
5122106,Jackson Worley,Troy,Sun Belt,2024,,,,,,,,11,4,1,31,7.8,,,,,
5122147,Vaughn Blue,Liberty,Conference USA,2024,,,,,,,,23,7,0,43,6.1,35,45,1,207,5.9
5122162,Jordan Smith,New Mexico State,Conference USA,2024,,,,,,,,21,8,0,110,13.8,2,0,0,-11,-5.5
5122286,Reece Thomas,Lindenwood,Big South-OVC,2024,,,,,,,,28,26,2,311,12.0,,,,,
5122403,Lorenzo Jenkins,Bethune-Cookman,SWAC,2024,,,,,,,,44,22,2,279,12.7,,,,,
5122553,Peyton Lewis,Tennessee,SEC,2024,,,,,,,,7,4,0,14,3.5,64,35,3,339,5.3
5122554,Xavier Robinson,Oklahoma,SEC,2024,,,,,,,,46,13,0,119,9.2,49,40,4,233,4.8
5122883,Dylan Lee,Iowa State,Big 12,2024,,,,,,,,7,1,0,7,7.0,11,7,1,35,3.2
5123048,Jason Patterson,Kentucky,SEC,2024,,,,,,,,15,1,0,15,15.0,20,23,0,111,5.6
5123663,Isaac Teslaa,Arkansas,SEC,2024,,,,,,,,75,28,3,545,19.5,,,,,
5123665,Trey Owens,Texas,SEC,2024,4,2,0,0.500,0,19,4.8,,,,,,1,3,0,3,3.0
5123988,Taylor Bradshaw,Georgia Southern,Sun Belt,2024,,,,,,,,31,1,0,31,31.0,,,,,
5124334,PJ Martin,South Alabama,Sun Belt,2024,,,,,,,,23,3,0,33,11.0,13,45,1,98,7.5
5124338,Josh Ford,Oklahoma State,Big 12,2024,,,,,,,,26,10,1,92,9.2,,,,,
5124516,Tre' Hartwell,Western Michigan,Mid-American,2024,,,,,,,,,,,,,3,4,0,4,1.3
5124975,Juelz Goff,Pittsburgh,ACC,2024,,,,,,,,13,6,0,53,8.8,16,13,0,41,2.6
5125301,Carson Cruver,Florida Atlantic,American Athletic,2024,1,1,0,1.000,0,9,9.0,,,,,,,,,,
5125335,Rodney Fields Jr.,Oklahoma State,Big 12,2024,,,,,,,,21,2,0,23,11.5,21,22,1,99,4.7
5125366,Sesi Vailahi,Oklahoma State,Big 12,2024,,,,,,,,14,8,0,46,5.8,42,11,2,99,2.4
5125521,Arhmad Branch,Purdue,Big Ten,2024,,,,,,,,,,,,,1,3,1,3,3.0
5125525,Jahzae Kimbrough,Kent State,Mid-American,2024,,,,,,,,11,5,0,24,4.8,27,18,0,114,4.2
5125580,Chad Alexander,Georgia Tech,ACC,2024,,,,,,,,12,5,0,22,4.4,58,28,1,280,4.8
5125593,Bailey Stockton,Georgia Tech,ACC,2024,,,,,,,,27,17,1,206,12.1,2,7,0,11,5.5
5125715,Colton Joseph,Old Dominion,Sun Belt,2024,222,133,5,0.599,11,1623,7.3,,,,,,114,39,11,647,5.7
5125724,Cam Crooks,Tulsa,American Athletic,2024,,,,,,,,,,,,,2,41,0,47,23.5
5125726,CC Ezirim,Toledo,Mid-American,2024,,,,,,,,27,1,0,27,27.0,,,,,
5125733,Joey Mattord,Eastern Michigan,Mid-American,2024,,,,,,,,27,10,0,115,11.5,29,13,1,118,4.1
5125734,Luke Mcgary,Tulsa,American Athletic,2024,,,,,,,,32,17,1,231,13.6,,,,,
5125750,Jediyah Willoughby,Toledo,Mid-American,2024,,,,,,,,10,1,0,10,10.0,,,,,
5125754,Jai'Den Thomas,UNLV,Mountain West,2024,,,,,,,,27,11,1,91,8.3,161,54,7,915,5.7
5125765,PJ Hatter,Texas State,Sun Belt,2024,,,,,,,,,,,,,7,11,0,45,6.4
5125768,DeAngelo Irvin Jr.,UNLV,Mountain West,2024,1,1,0,1.000,0,42,42.0,13,5,0,32,6.4,7,17,0,38,5.4
5125819,Darrell Gill Jr.,Syracuse,ACC,2024,,,,,,,,53,31,2,562,18.1,2,3,0,6,3.0
5125823,DJ McKinney,Sam Houston,Conference USA,2024,,,,,,,,20,12,0,99,8.3,97,59,3,481,5.0
5125900,Joshua Dye,UTEP,Conference USA,2024,,,,,,,,11,1,0,11,11.0,6,9,0,20,3.3
5125905,Corri Milliner,UAB,American Athletic,2024,,,,,,,,45,24,3,416,17.3,,,,,
5126464,Deuce Adams,Louisville,ACC,2024,,,,,,,,,,,,,1,1,0,1,1.0
5126465,Tim Carpenter,Tulsa,American Athletic,2024,8,4,0,0.500,2,46,5.8,,,,,,11,27,0,86,7.8
5126468,Will Hammond,Texas Tech,Big 12,2024,57,35,2,0.614,2,471,8.3,,,,,,17,12,2,49,2.9
5126470,Trever Jackson,Florida State,ACC,2024,,,,,,,,,,,,,1,2,0,2,2.0
5126474,Danny O'Neil,San Diego State,Mountain West,2024,330,209,6,0.633,12,2181,6.6,,,,,,74,34,1,89,1.2
5126510,Gideon Ituka,Wisconsin,Big Ten,2024,,,,,,,,,,,,,2,4,0,4,2.0
5126511,Jaedon Matthews,Cal Poly,Big Sky,2024,,,,,,,,,,,,,4,6,0,10,2.5
5126513,Jayden Scott,NC State,ACC,2024,,,,,,,,,,,,,3,4,0,4,1.3
5126514,Harry Stewart III,Kansas,Big 12,2024,,,,,,,,,,,,,7,7,0,24,3.4
5126515,Sam Williams-Dixon,Ohio State,Big Ten,2024,,,,,,,,,,,,,7,31,0,53,7.6
5126536,Ryner Swanson,BYU,Big 12,2024,,,,,,,,20,10,0,91,9.1,,,,,
5126537,Jamar Taylor Jr.,Temple,American Athletic,2024,,,,,,,,17,11,0,80,7.3,,,,,
5127810,Titus Cram,Northern Iowa,MVFC,2024,,,,,,,,25,1,0,25,25.0,2,4,0,4,2.0
5127885,Kwazi Gilmer,UCLA,Big Ten,2024,,,,,,,,48,31,2,345,11.1,1,8,0,8,8.0
5127900,Shay Smith,UTEP,Conference USA,2024,3,3,0,1.000,0,20,6.7,,,,,,6,3,1,-10,-1.7
5130792,Nitro Tuggle,Georgia,SEC,2024,,,,,,,,16,3,0,34,11.3,,,,,
5132253,Isiah Canion,Georgia Tech,ACC,2024,,,,,,,,30,6,0,83,13.8,,,,,
5132629,Braylon Staley,Tennessee,SEC,2024,,,,,,,,10,3,0,21,7.0,,,,,
5132652,Ricky Johnson,Mississippi State,SEC,2024,,,,,,,,5,2,0,9,4.5,,,,,
5132812,Aaron Philo,Georgia Tech,ACC,2024,74,38,2,0.514,1,565,7.6,,,,,,12,18,1,76,6.3
5136049,Duke Watson,Louisville,ACC,2024,,,,,,,,31,5,1,60,12.0,67,68,7,597,8.9
5136180,Traville Frederick Jr.,Houston,Big 12,2024,,,,,,,,18,2,0,23,11.5,,,,,
5136838,Willie Rodriguez,Kentucky,SEC,2024,,,,,,,,25,5,0,94,18.8,,,,,
5138131,Deshawn Purdie,Charlotte,American Athletic,2024,200,100,6,0.500,10,1802,9.0,,,,,,41,19,1,-130,-3.2
5138132,Corey Smith,Tulsa,American Athletic,2024,,,,,,,,38,12,2,179,14.9,1,2,0,2,2.0
5138293,Reece Vander Zee,Iowa,Big Ten,2024,,,,,,,,19,14,3,176,12.6,,,,,
5138451,Luke Reynolds,Penn State,Big Ten,2024,,,,,,,,24,9,1,111,12.3,1,32,0,32,32.0
5139055,Josh Ringer,Miami (OH),Mid-American,2024,,,,,,,,7,1,0,7,7.0,6,2,0,7,1.2
5139057,Ashton Bethel-Roman,Texas A&M,SEC,2024,,,,,,,,17,4,1,44,11.0,,,,,
5139854,Trey Jackson,Texas Tech,Big 12,2024,,,,,,,,-1,1,0,-1,-1.0,,,,,
5139857,Caden Williams,Liberty,Conference USA,2024,,,,,,,,,,,,,14,9,0,47,3.4
5140620,Connor Moberly,Iowa State,Big 12,2024,10,5,1,0.500,0,49,4.9,,,,,,8,18,0,51,6.4
5141378,Cutter Boley,Kentucky,SEC,2024,53,26,4,0.491,2,338,6.4,,,,,,10,30,0,-43,-4.3
5141395,EJ Colson,UCF,Big 12,2024,16,9,1,0.563,1,64,4.0,,,,,,13,9,0,14,1.1
5141471,Hardley Gilmore IV,Kentucky,SEC,2024,,,,,,,,52,6,1,153,25.5,1,9,0,9,9.0
5141684,Austin Simmons,Ole Miss,SEC,2024,32,19,0,0.594,2,282,8.8,,,,,,5,9,0,14,2.8
5141711,Ryan Williams,Alabama,SEC,2024,,,,,,,,84,48,8,865,18.0,4,29,2,48,12.0
5141763,Amaree Williams,Florida State,ACC,2024,,,,,,,,27,5,2,71,14.2,,,,,
5141795,Braylon Isom,Miami (OH),Mid-American,2024,,,,,,,,17,1,0,17,17.0,,,,,
5142140,Khobie Martin,Indiana,Big Ten,2024,,,,,,,,,,,,,14,31,0,73,5.2
5142238,Tyler Mason,Virginia Tech,ACC,2024,,,,,,,,0,1,0,0,0.0,10,9,0,39,3.9
5142264,Jay Lindsey,Alabama,SEC,2024,,,,,,,,5,1,0,5,5.0,,,,,
5142321,Chris Wheatley-Humphrey,Miami,ACC,2024,,,,,,,,,,,,,1,7,0,7,7.0
5142753,Jesse Watson,Purdue,Big Ten,2024,,,,,,,,16,1,0,16,16.0,,,,,
5143191,Micah Ford,Stanford,ACC,2024,2,2,0,1.000,2,21,10.5,17,15,0,84,5.6,76,26,0,309,4.1
5144078,Ethan Grunkemeyer,Penn State,Big Ten,2024,2,1,1,0.500,0,9,4.5,,,,,,,,,,
5144160,Keelan Smith,Nebraska,Big Ten,2024,,,,,,,,4,1,0,4,4.0,,,,,
5144313,Michael Merdinger,North Carolina,ACC,2024,12,9,1,0.750,0,86,7.2,,,,,,5,1,0,-31,-6.2
5144959,Drake Lindsey,Minnesota,Big Ten,2024,5,4,0,0.800,1,50,10.0,,,,,,1,6,0,6,6.0
5145207,Bryce Cain,Auburn,SEC,2024,,,,,,,,23,2,0,33,16.5,,,,,
5145396,Miles O'Neill,Texas A&M,SEC,2024,6,5,0,0.833,1,51,8.5,,,,,,,,,,
5145459,Nate Bennett,Baylor,Big 12,2024,2,1,0,0.500,0,19,9.5,,,,,,,,,,
5145460,Jack Sammarco,West Virginia,Big 12,2024,,,,,,,,4,1,0,4,4.0,,,,,
5145592,Tyler Budge,Georgia Southern,Sun Belt,2024,,,,,,,,,,,,,1,9,0,9,9.0
5145653,Austin McGee,Georgia State,Sun Belt,2024,,,,,,,,17,1,0,17,17.0,,,,,
5145737,Matthew Fuller,South Carolina,SEC,2024,,,,,,,,,,,,,8,8,0,25,3.1
5145738,Aaron Crossley,Lehigh,Patriot,2024,,,,,,,,9,1,0,9,9.0,30,84,1,208,6.9
5146163,Rahji Dennis,Louisiana,Sun Belt,2024,,,,,,,,9,1,0,9,9.0,,,,,
5146273,DJ Murray Jr.,Georgia State,Sun Belt,2024,,,,,,,,11,4,0,13,3.3,3,11,0,18,6.0
5146355,AJ Hairston,Massachusetts,FBS Independents,2024,73,40,0,0.548,5,480,6.6,,,,,,24,10,1,-5,-0.2
5146366,Allen Bryant,Pittsburgh,ACC,2024,,,,,,,,5,1,0,5,5.0,1,1,0,1,1.0
5146427,Xakery Wiedner,Coastal Carolina,Sun Belt,2024,,,,,,,,3,1,0,3,3.0,,,,,
5146576,Joshua Porter,South Florida,American Athletic,2024,,,,,,,,32,24,0,210,8.8,1,5,0,5,5.0
5146661,Daniel Beale,Louisiana,Sun Belt,2024,30,13,2,0.433,0,126,4.2,,,,,,7,9,0,1,0.1
5146670,Alessio Milivojevic,Michigan State,Big Ten,2024,1,0,1,0.000,0,0,0.0,,,,,,,,,,
5146689,Brock Townsend,Central Michigan,Mid-American,2024,,,,,,,,,,,,,5,7,0,14,2.8
5146711,Da'Jaun Riggs,Oregon,Big Ten,2024,,,,,,,,,,,,,11,24,1,82,7.5
5146712,Dylan Riley,Boise State,Mountain West,2024,,,,,,,,13,3,0,22,7.3,22,64,2,135,6.1
5146719,CJ Brown,Arkansas,SEC,2024,,,,,,,,31,5,0,62,12.4,,,,,
5146722,Devonte Lyons,Florida International,Conference USA,2024,,,,,,,,8,4,0,26,6.5,43,21,2,288,6.7
5146724,Turbo Richard,Boston College,ACC,2024,,,,,,,,50,2,0,62,31.0,55,30,2,278,5.1
5146725,Kaden Shields-Dutton,Florida Atlantic,American Athletic,2024,,,,,,,,,,,,,12,9,0,56,4.7
5146726,Kiefer Sibley,North Texas,American Athletic,2024,,,,,,,,14,15,1,82,5.5,44,19,0,206,4.7
5146727,Josh Smith,Tulsa,American Athletic,2024,,,,,,,,3,1,0,3,3.0,,,,,
5146728,Koby Young,Houston,Big 12,2024,,,,,,,,10,2,0,13,6.5,,,,,
5146735,Charlie Becker,Indiana,Big Ten,2024,,,,,,,,,,,,,1,3,1,3,3.0
5146736,Sanfrisco Magee,Mississippi State,SEC,2024,,,,,,,,6,1,0,6,6.0,,,,,
5146745,Jacob Emmers,Tulsa,American Athletic,2024,,,,,,,,32,5,0,80,16.0,2,15,0,19,9.5
5146747,Javarius Green,North Carolina,ACC,2024,,,,,,,,12,1,0,12,12.0,1,8,0,8,8.0
5146753,Shamar Rigby,Purdue,Big Ten,2024,1,1,0,1.000,0,8,8.0,29,11,0,113,10.3,1,5,0,5,5.0
5146754,Jacob Simpson,Minnesota,Big Ten,2024,,,,,,,,4,1,0,4,4.0,,,,,
5146755,Jamie Tremble,Syracuse,ACC,2024,,,,,,,,19,1,0,19,19.0,,,,,
5146757,Zach Williams,Utah,Big 12,2024,,,,,,,,33,10,0,101,10.1,3,11,0,16,5.3
5146764,Benjamin Blackburn,Stanford,ACC,2024,,,,,,,,12,2,0,18,9.0,,,,,
5146781,Xavier Gayten,Mississippi State,SEC,2024,,,,,,,,10,1,0,10,10.0,8,72,1,115,14.4
5146903,Brayden Roggow,Akron,Mid-American,2024,2,1,1,0.500,0,9,4.5,,,,,,,,,,
5146972,Ayden Harris,Kent State,Mid-American,2024,,,,,,,,,,,,,29,13,1,110,3.8
5146987,Brandon Young Jr.,North Texas,American Athletic,2024,,,,,,,,4,3,0,7,2.3,,,,,
5146995,Devyn Zahursky,Cincinnati,Big 12,2024,,,,,,,,7,1,0,7,7.0,,,,,
5147046,Ben Black,Rutgers,Big Ten,2024,,,,,,,,43,12,1,157,13.1,,,,,
5147053,Wayne Harris,Kent State,Mid-American,2024,,,,,,,,7,3,0,19,6.3,,,,,
5147191,Javon Rogers,Kennesaw State,Conference USA,2024,,,,,,,,4,1,0,4,4.0,,,,,
5147203,Chase Tyler,Duke,ACC,2024,,,,,,,,1,1,0,1,1.0,,,,,
5147204,Jalen Washington,Southern Miss,Sun Belt,2024,,,,,,,,21,1,0,21,21.0,26,14,1,118,4.5
5147344,Tyson Turner,Texas Tech,Big 12,2024,,,,,,,,4,1,0,4,4.0,,,,,
5147367,Joseph McVay,Vanderbilt,SEC,2024,,,,,,,,65,1,1,65,65.0,,,,,
5147376,Kameron Courtney,Virginia,ACC,2024,,,,,,,,33,12,0,114,9.5,2,0,0,-6,-3.0
5147379,Sire Gaines,Boise State,Mountain West,2024,,,,,,,,17,3,1,44,14.7,20,38,1,156,7.8
5147380,Devin Green,UNLV,Mountain West,2024,,,,,,,,,,,,,29,38,1,123,4.2
5147382,Reed Jesiolowski,Southern Miss,Sun Belt,2024,,,,,,,,30,8,0,98,12.3,,,,,
5147449,Jaxton Santiago,Yale,Ivy,2024,,,,,,,,29,9,0,123,13.7,,,,,
5147463,Tyler Stewart,Temple,American Athletic,2024,,,,,,,,31,5,0,60,12.0,3,28,0,28,9.3
5147685,Josiah McLaurin,Maryland,Big Ten,2024,,,,,,,,24,2,1,29,14.5,2,2,0,3,1.5
5147689,Michael Salgado-Medina,Arizona,Big 12,2024,,,,,,,,,,,,,1,0,0,-9,-9.0
5147726,Kanyon Floyd,Arizona State,Big 12,2024,2,2,0,1.000,0,47,23.5,,,,,,,,,,
5147756,Taji Atkins,Rice,American Athletic,2024,,,,,,,,,,,,,24,33,2,158,6.6
5147757,Arrington Maiden,Memphis,American Athletic,2024,,,,,,,,,,,,,1,0,0,-3,-3.0
5147852,Da'Marion Alberic,Massachusetts,FBS Independents,2024,,,,,,,,,,,,,1,0,0,0,0.0
5147861,Adam Mohammed,Washington,Big Ten,2024,,,,,,,,12,6,0,41,6.8,42,32,0,193,4.6
5147864,Makari Bodiford,Memphis,American Athletic,2024,,,,,,,,3,1,0,3,3.0,15,40,1,106,7.1
5148535,Brett Eskildsen,Iowa State,Big 12,2024,,,,,,,,11,2,0,17,8.5,,,,,
5148787,Wyatt Young,North Texas,American Athletic,2024,1,1,0,1.000,0,31,31.0,75,18,2,295,16.4,3,1,1,-7,-2.3
5148803,Brad Jackson,Texas State,Sun Belt,2024,15,8,0,0.533,1,118,7.9,,,,,,23,18,4,171,7.4
5148821,Hunter Andrews,Utah,Big 12,2024,,,,,,,,,,,,,2,15,0,17,8.5
5148822,Chris Barnes,Washington State,Pac-12,2024,,,,,,,,20,2,0,19,9.5,1,0,0,-1,-1.0
5148838,Jamauri McClure,Tulane,American Athletic,2024,,,,,,,,24,1,0,24,24.0,20,29,1,121,6.1
5148868,Moses Gray,Marshall,Sun Belt,2024,,,,,,,,,,,,,7,6,0,25,3.6
5148905,Carter Vargas,UC Davis,Big Sky,2024,,,,,,,,,,,,,2,25,1,27,13.5
5148995,Brady Kluse,Memphis,American Athletic,2024,,,,,,,,34,5,0,90,18.0,,,,,
5149007,Miles Coleman,North Texas,American Athletic,2024,,,,,,,,49,36,2,378,10.5,2,8,0,4,2.0
5149056,Jadyn Glasser,Central Michigan,Mid-American,2024,76,41,4,0.539,2,439,5.8,,,,,,21,6,1,-35,-1.7
5149058,Devin Spencer,Arkansas State,Sun Belt,2024,,,,,,,,8,3,0,14,4.7,40,23,0,206,5.2
5149220,Baron Tipton,North Texas,American Athletic,2024,,,,,,,,8,1,0,8,8.0,,,,,
5149563,DJ Butler,Houston,Big 12,2024,,,,,,,,27,4,0,36,9.0,16,28,0,102,6.4
5149831,Kayden McGee,UNLV,Mountain West,2024,,,,,,,,49,3,1,97,32.3,,,,,
5149908,Greg Burrell,UNLV,Mountain West,2024,,,,,,,,9,2,0,12,6.0,66,42,3,370,5.6
5149910,Tristen Brown,Vanderbilt,SEC,2024,,,,,,,,11,3,0,27,9.0,1,1,0,1,1.0
5150003,Terrance Shelton Jr.,Buffalo,Mid-American,2024,,,,,,,,,,,,,23,17,0,88,3.8
5150125,Brandon Tullis,Michigan State,Big Ten,2024,,,,,,,,,,,,,7,9,0,20,2.9
5150132,Mar'Kel Porter,Bowling Green,Mid-American,2024,,,,,,,,,,,,,4,8,0,11,2.8
5150247,Malik Benson,Florida State,ACC,2024,,,,,,,,67,25,1,311,12.4,2,7,0,2,1.0
5150276,Dazmin James,Arkansas,SEC,2024,,,,,,,,94,3,1,137,45.7,,,,,
5150297,Cale Hellums,Army,American Athletic,2024,,,,,,,,,,,,,7,10,0,28,4.0
5150302,James Wagenseller,Army,American Athletic,2024,1,1,0,1.000,0,0,0.0,,,,,,,,,,
5150311,Tre Benson III,Army,American Athletic,2024,,,,,,,,,,,,,2,3,0,6,3.0
5150312,David Clerk,Army,American Athletic,2024,,,,,,,,4,1,0,4,4.0,4,17,0,37,9.3
5150313,Kanye Udoh,Army,American Athletic,2024,,,,,,,,3,1,0,3,3.0,179,72,10,1117,6.2
5150316,Samari Howard,Army,American Athletic,2024,,,,,,,,7,2,0,11,5.5,23,21,0,128,5.6
5150326,Carson Smith,Army,American Athletic,2024,,,,,,,,,,,,,12,12,0,51,4.3
5150329,Jake Rendina,Army,American Athletic,2024,,,,,,,,,,,,,29,9,1,104,3.6
5150333,Parker Poloskey,Army,American Athletic,2024,,,,,,,,4,1,0,4,4.0,,,,,
5150368,KP Pointer,Army,American Athletic,2024,,,,,,,,9,1,0,9,9.0,,,,,
5150376,Josh Horton,Army,American Athletic,2024,,,,,,,,8,1,0,8,8.0,,,,,
5150377,Tyler Williams,Minnesota,Big Ten,2024,,,,,,,,8,1,1,8,8.0,,,,,
5150378,Zeed Haynes,Syracuse,ACC,2024,,,,,,,,42,8,0,97,12.1,1,11,0,11,11.0
5150418,KK Smith,Notre Dame,FBS Independents,2024,,,,,,,,25,3,0,38,12.7,,,,,
5150424,Jordan Faison,Notre Dame,FBS Independents,2024,,,,,,,,44,30,1,356,11.9,3,6,0,10,3.3
5150426,Deljay Bailey,Grambling,SWAC,2024,72,39,3,0.542,0,440,6.1,,,,,,36,20,2,42,1.2
5150428,Joshua Aka,Ole Miss,SEC,2024,,,,,,,,11,2,0,19,9.5,,,,,
5150429,Austin Acton,Ole Miss,SEC,2024,,,,,,,,,,,,,1,1,0,1,1.0
5150436,Wyatt Smalley,Ole Miss,SEC,2024,,,,,,,,8,1,0,8,8.0,,,,,
5150449,Dayton Sneed,Tennessee,SEC,2024,,,,,,,,12,1,0,12,12.0,,,,,
5150457,Daniel Shaban,UConn,FBS Independents,2024,,,,,,,,,,,,,2,6,0,6,3.0
5150504,Gabe Fisher,Vanderbilt,SEC,2024,,,,,,,,2,1,1,2,2.0,,,,,
5150505,Lorenzo Williams Jr.,Western Michigan,Mid-American,2024,,,,,,,,,,,,,1,4,0,4,4.0
5150538,Devin Hyatt,Arizona,Big 12,2024,,,,,,,,41,7,0,109,15.6,,,,,
5150556,Jay Haynes,Clemson,ACC,2024,,,,,,,,9,7,0,32,4.6,43,70,3,295,6.9
5150561,Olsen Patt-Henry,Clemson,ACC,2024,,,,,,,,40,9,3,121,13.4,,,,,
5150582,Salahadin Allah,Oregon State,Pac-12,2024,,,,,,,,4,2,0,6,3.0,55,21,1,258,4.7
5150611,Jake Retzlaff,BYU,Big 12,2024,367,211,12,0.575,19,2896,7.9,,,,,,100,29,6,417,4.2
5150636,Devin Downing,Southern Utah,UAC,2024,,,,,,,,45,17,1,212,12.5,,,,,
5150645,Ui Ale,Houston,Big 12,2024,13,10,0,0.769,1,112,8.6,,,,,,3,3,0,-3,-1.0
5150648,Sherman Smith,Houston,Big 12,2024,,,,,,,,,,,,,1,0,0,0,0.0
5150662,Hayden Large,Iowa,Big Ten,2024,,,,,,,,10,3,0,18,6.0,2,2,0,2,1.0
5150663,Champ Long,Maryland,Big Ten,2024,2,1,0,0.500,0,10,5.0,,,,,,1,0,0,-9,-9.0
5150681,Cade Osterman,North Dakota State,MVFC,2024,,,,,,,,29,3,0,64,21.3,,,,,
5150694,Tripp Walsh,Iowa State,Big 12,2024,,,,,,,,11,1,0,11,11.0,,,,,
5150707,Ryan Millmore,Western Michigan,Mid-American,2024,1,0,1,0.000,0,0,0.0,,,,,,,,,,
5150783,Josh Smith,Morgan State,MEAC,2024,,,,,,,,18,2,0,25,12.5,,,,,
5150786,Makenzie McGill,North Texas,American Athletic,2024,,,,,,,,29,11,0,103,9.4,78,75,10,470,6.0
5150845,Goldie Lawrence,Florida A&M,SWAC,2024,,,,,,,,48,21,1,251,12.0,2,35,0,48,24.0
5150861,Jayden Dixon-Veal,Purdue,Big Ten,2024,,,,,,,,14,3,0,23,7.7,,,,,
5150865,Elijah Jackson,Purdue,Big Ten,2024,,,,,,,,8,2,0,7,3.5,6,69,1,97,16.2
5150902,Jarod Bowie,Jacksonville State,Conference USA,2024,,,,,,,,58,12,0,202,16.8,3,11,0,24,8.0
5150904,Cam Vaughn,Jacksonville State,Conference USA,2024,,,,,,,,75,49,5,804,16.4,,,,,
5150905,Travis Franklin Jr.,Jacksonville State,Conference USA,2024,,,,,,,,,,,,,1,3,0,3,3.0
5150908,Terrance Alexander,Bethune-Cookman,SWAC,2024,,,,,,,,15,1,0,15,15.0,2,12,0,9,4.5
5150998,Blake Baker,Louisiana Tech,Conference USA,2024,34,18,3,0.529,1,314,9.2,,,,,,17,21,1,11,0.6
5151009,Simon Wilson,Middle Tennessee,Conference USA,2024,,,,,,,,,,,,,1,0,0,-1,-1.0
5151017,Travis Egan,Louisville,ACC,2024,,,,,,,,,,,,,2,9,0,11,5.5
5151048,Duane Thomas Jr.,Charlotte,American Athletic,2024,,,,,,,,18,6,1,63,10.5,2,13,0,18,9.0
5151060,Cole Ballard,Kansas,Big 12,2024,6,5,0,0.833,1,51,8.5,,,,,,5,16,0,42,8.4
5151112,David Mbadinga,Georgia Southern,Sun Belt,2024,,,,,,,,13,3,0,26,8.7,58,29,3,229,3.9
5151136,Elvin Fofanah,Western Kentucky,Conference USA,2024,,,,,,,,8,2,0,9,4.5,,,,,
5151179,Javoni Gardere,UTEP,Conference USA,2024,,,,,,,,7,1,0,7,7.0,,,,,
5151193,Marcus Vinson,UTEP,Conference USA,2024,,,,,,,,52,12,2,113,9.4,,,,,
5151194,Elijah Boyd,Bowling Green,Mid-American,2024,,,,,,,,3,1,0,3,3.0,,,,,
5151199,Malik Phillips,Sam Houston,Conference USA,2024,,,,,,,,13,2,0,25,12.5,1,4,0,4,4.0
5151200,Qua'Vez Humphreys,Sam Houston,Conference USA,2024,,,,,,,,67,20,4,385,19.3,3,10,0,21,7.0
5151218,Lucian Anderson III,Bowling Green,Mid-American,2024,12,5,1,0.417,1,32,2.7,,,,,,19,19,2,67,3.5
5151231,Forrest Brock,Temple,American Athletic,2024,103,60,5,0.583,1,541,5.3,,,,,,28,12,1,28,1.0
5151274,Drayden Dickmann,Rice,American Athletic,2024,,,,,,,,31,10,1,80,8.0,1,4,0,4,4.0
5151317,Robert Henry,UTSA,American Athletic,2024,,,,,,,,61,21,1,199,9.5,130,88,7,706,5.4
5151318,Willie McCoy,UTSA,American Athletic,2024,,,,,,,,66,28,4,536,19.1,4,8,0,13,3.3
5151339,Anthony Garcia,Arizona,Big 12,2024,,,,,,,,,,,,,1,1,0,1,1.0
5151342,Cooper Hoch,San José State,Mountain West,2024,,,,,,,,17,10,0,76,7.6,,,,,
5151353,Prince Strachan,Boise State,Mountain West,2024,,,,,,,,37,25,1,304,12.2,,,,,
5151364,Qua Sanders,Buffalo,Mid-American,2024,,,,,,,,18,3,0,43,14.3,,,,,
5151365,Richie Watts,Cal Poly,Big Sky,2024,35,20,0,0.571,3,220,6.3,,,,,,46,14,4,174,3.8
5151366,Gunnar Gray,Buffalo,Mid-American,2024,11,4,1,0.364,0,41,3.7,,,,,,,,,,
5151369,Messiah Burch,Buffalo,Mid-American,2024,,,,,,,,30,9,0,99,11.0,29,31,2,153,5.3
5151371,Dylan Kedzior,Bryant,CAA,2024,,,,,,,,38,23,0,190,8.3,86,50,1,351,4.1
5151379,Andrew Schnackenberg,Buffalo,Mid-American,2024,,,,,,,,9,1,0,9,9.0,1,0,0,-3,-3.0
5151380,Ryan Daly,Buffalo,Mid-American,2024,,,,,,,,13,1,0,13,13.0,,,,,
5151382,Vince Brown II,Colorado State,Mountain West,2024,,,,,,,,30,24,3,256,10.7,,,,,
5151403,Tim Grear Jr.,Fresno State,Mountain West,2024,,,,,,,,18,4,0,46,11.5,,,,,
5151405,Jaceon Doss,Towson,CAA,2024,,,,,,,,76,29,3,450,15.5,,,,,
5151406,Artis Cole,UL Monroe,Sun Belt,2024,,,,,,,,30,12,1,152,12.7,,,,,
5151408,Joe Dalena,Fresno State,Mountain West,2024,,,,,,,,28,4,0,61,15.3,,,,,
5151414,Landon Ogles,Eastern Washington,Big Sky,2024,,,,,,,,,,,,,1,0,0,-14,-14.0
5151417,Jake Tarwater,Fresno State,Mountain West,2024,,,,,,,,10,5,0,20,4.0,1,1,0,1,1.0
5151435,Rykin Maxwell,Murray State,MVFC,2024,,,,,,,,19,4,0,52,13.0,,,,,
5151472,Jamarien Wheeler,Eastern Michigan,Mid-American,2024,,,,,,,,4,1,0,4,4.0,,,,,
5151498,Grayson Barnes,Northern Illinois,Mid-American,2024,,,,,,,,60,31,4,338,10.9,3,2,0,-15,-5.0
5151506,Josh Holst,Northern Illinois,Mid-American,2024,111,65,2,0.586,2,593,5.3,,,,,,49,22,1,230,4.7
5151528,Ethan Conner,Troy,Sun Belt,2024,,,,,,,,29,12,0,115,9.6,,,,,
5151599,D.J. Washington,Florida International,Conference USA,2024,,,,,,,,16,4,0,51,12.8,,,,,
5151618,Kirk Francis,Tulsa,American Athletic,2024,253,149,6,0.589,9,1585,6.3,,,,,,34,15,0,-18,-0.5
5151662,BJ Hawkins Jr.,UAB,American Athletic,2024,,,,,,,,23,2,1,32,16.0,1,14,0,14,14.0
5151784,Oliver Stuart,Nevada,Mountain West,2024,,,,,,,,9,3,0,21,7.0,,,,,
5151811,Coleson Fields,NC State,ACC,2024,,,,,,,,,,,,,3,3,0,8,2.7
5151892,Ja'Kobi Jackson,Florida,SEC,2024,,,,,,,,21,7,0,76,10.9,93,20,7,500,5.4
5151893,Anthony Rubio,Florida,SEC,2024,,,,,,,,,,,,,6,9,1,32,5.3
5151897,Jackson Wade,Florida,SEC,2024,,,,,,,,10,1,0,10,10.0,,,,,
5151903,Christopher Frew,Air Force,Mountain West,2024,,,,,,,,10,2,0,15,7.5,45,30,1,260,5.8
5151904,John Busha,Air Force,Mountain West,2024,79,29,5,0.367,1,415,5.3,,,,,,78,12,1,172,2.2
5151906,Dylan Carson,Air Force,Mountain West,2024,,,,,,,,,,,,,138,50,5,600,4.3
5151909,Kaden Cloud,Air Force,Mountain West,2024,,,,,,,,4,1,0,4,4.0,5,7,0,19,3.8
5151914,Darius Stone,Air Force,Mountain West,2024,,,,,,,,,,,,,3,4,0,7,2.3
5151915,Terrence Gist,Air Force,Mountain West,2024,,,,,,,,,,,,,40,11,0,159,4.0
5151939,James Roberson,Air Force,Mountain West,2024,,,,,,,,45,5,1,96,19.2,,,,,
5151941,Quin Smith,Air Force,Mountain West,2024,,,,,,,,39,10,1,207,20.7,,,,,
5151942,Bruin Fleischmann,Air Force,Mountain West,2024,,,,,,,,43,5,0,104,20.8,,,,,
5151948,Joey Aguilar,App State,Sun Belt,2024,390,218,14,0.559,23,3002,7.7,,,,,,58,49,2,217,3.7
5151965,Kadarius Calloway,California,ACC,2024,,,,,,,,0,1,0,0,0.0,26,60,1,124,4.8
5151976,Reymello Murphy,Arizona,Big 12,2024,,,,,,,,25,2,0,38,19.0,,,,,
5151979,Kelby Williams,Old Dominion,Sun Belt,2024,,,,,,,,44,2,1,52,26.0,,,,,
5151982,Malcolm Gillie,Ball State,Mid-American,2024,,,,,,,,41,19,2,267,14.1,4,12,0,22,5.5
5152045,Malachi Henry,Central Arkansas,UAC,2024,,,,,,,,69,35,4,532,15.2,,,,,
5152047,Ben Haulmark,Central Arkansas,UAC,2024,,,,,,,,3,1,0,3,3.0,,,,,
5152064,Caleb Koger,Central Arkansas,UAC,2024,52,30,2,0.577,2,341,6.6,,,,,,2,1,1,-8,-4.0
5152083,Kendric Sanders,Cal Poly,Big Sky,2024,,,,,,,,6,2,0,5,2.5,3,1,0,-5,-1.7
5152093,Jordan Garrison,Cal Poly,Big Sky,2024,,,,,,,,17,13,0,103,7.9,,,,,
5152095,Dalton Bailey,Stetson,Pioneer,2024,,,,,,,,42,64,6,797,12.5,,,,,
5152101,Kian Salehi,Cal Poly,Big Sky,2024,,,,,,,,12,9,0,60,6.7,,,,,
5152103,Brooks Wheatley,Cal Poly,Big Sky,2024,1,0,0,0.000,0,0,0.0,13,1,0,13,13.0,,,,,
5152110,Nate Bell,Eastern Washington,Big Sky,2024,,,,,,,,,,,,,2,17,0,28,14.0
5152117,Michael Wortham,Eastern Washington,Big Sky,2024,9,7,0,0.778,2,88,9.8,34,24,1,204,8.5,36,75,5,313,8.7
5152118,Jared Taylor,Eastern Washington,Big Sky,2024,52,38,2,0.731,6,320,6.2,20,1,0,20,20.0,129,48,9,645,5.0
5152158,Deuce Alexander,Wake Forest,ACC,2024,,,,,,,,38,36,2,400,11.1,1,3,0,3,3.0
5152162,Marcello Bussey,Memphis,American Athletic,2024,,,,,,,,36,10,1,147,14.7,,,,,
5152163,Harris Boyd,Memphis,American Athletic,2024,1,1,0,1.000,0,14,14.0,,,,,,1,4,1,4,4.0
5152166,Jamauri Chislom,Memphis,American Athletic,2024,,,,,,,,3,1,1,3,3.0,,,,,
5152167,Brendan Doyle,Memphis,American Athletic,2024,,,,,,,,32,13,3,105,8.1,,,,,
5152200,Jamari Ferrell,Wyoming,Mountain West,2024,,,,,,,,17,8,0,44,5.5,80,62,1,318,4.0
5152211,Jacoby Bellazar,Grambling,SWAC,2024,,,,,,,,24,12,1,125,10.4,,,,,
5152221,Donerio Davenport,Louisiana Tech,Conference USA,2024,,,,,,,,11,7,0,30,4.3,31,12,1,107,3.5
5152234,Barry Brown,Central Connecticut,NEC,2024,,,,,,,,,,,,,2,10,0,17,8.5
5152250,Michael Trovarelli,Central Connecticut,NEC,2024,,,,,,,,35,1,0,35,35.0,1,1,0,1,1.0
5152255,Eli Daniels,Central Connecticut,NEC,2024,,,,,,,,32,2,1,43,21.5,,,,,
5152263,Dave Pardo,Central Connecticut,NEC,2024,,,,,,,,31,15,0,184,12.3,,,,,
5152289,TJ Cadden,Bucknell,Patriot,2024,,,,,,,,37,27,3,378,14.0,,,,,
5152291,Sam Milligan,Bucknell,Patriot,2024,1,1,0,1.000,0,20,20.0,36,18,5,271,15.1,,,,,
5152294,Landon Hochstein,Butler,Pioneer,2024,7,6,1,0.857,0,50,7.1,,,,,,7,13,0,31,4.4
5152317,Michael Nix,Butler,Pioneer,2024,,,,,,,,,,,,,1,0,0,0,0.0
5152319,Ashton Nawrocki,Butler,Pioneer,2024,,,,,,,,,,,,,1,7,0,7,7.0
5152327,Tahir Henry,Davidson,Pioneer,2024,,,,,,,,2,1,0,2,2.0,4,25,0,36,9.0
5152328,Andrew Frazier,Davidson,Pioneer,2024,55,35,2,0.636,5,557,10.1,9,3,0,15,5.0,78,38,4,372,4.8
5152330,Isaiah Sepand,Davidson,Pioneer,2024,,,,,,,,,,,,,1,20,0,20,20.0
5152339,Aaron Carey,Davidson,Pioneer,2024,,,,,,,,,,,,,5,8,0,26,5.2
5152347,Adam Zouagui,Davidson,Pioneer,2024,1,1,0,1.000,0,25,25.0,,,,,,,,,,
5152356,Alani Ajigbotosho,Davidson,Pioneer,2024,,,,,,,,2,1,0,2,2.0,,,,,
5152379,Jake Metze,Drake,Pioneer,2024,,,,,,,,9,1,0,9,9.0,7,9,0,31,4.4
5152395,Drew Heiss,Drake,Pioneer,2024,,,,,,,,0,0,0,-2,0,,,,,
5152414,Beau Sparks,Texas State,Sun Belt,2024,,,,,,,,24,25,2,271,10.8,1,0,0,-2,-2.0
5152426,Kona Crowell,Utah Tech,UAC,2024,,,,,,,,22,12,0,114,9.5,28,15,1,69,2.5
5152442,Chance Wilson,Montana State,Big Sky,2024,23,10,0,0.435,0,141,6.1,,,,,,18,13,2,65,3.6
5152505,Isaiah Eastman,Northern Arizona,Big Sky,2024,2,2,0,1.000,2,65,32.5,46,20,1,238,11.9,18,11,0,101,5.6
5152514,Myseth Currie,Northern Arizona,Big Sky,2024,,,,,,,,18,4,1,46,11.5,,,,,
5152578,Winston Moore,Colgate,Patriot,2024,,,,,,,,45,31,0,277,8.9,9,21,1,75,8.3
5152579,Tymir Wynn,Colgate,Patriot,2024,,,,,,,,,,,,,1,44,1,44,44.0
5152581,Treyvhon Saunders,Colgate,Patriot,2024,,,,,,,,45,86,2,826,9.6,4,12,0,25,6.3
5152586,Chris Gee,Colgate,Patriot,2024,1,0,0,0.000,0,0,0.0,15,10,0,67,6.7,72,31,2,399,5.5
5152600,Reed Swanson,Colgate,Patriot,2024,,,,,,,,32,20,4,223,11.2,,,,,
5152606,Ricky Gonzalez II,Fordham,Patriot,2024,,,,,,,,35,20,1,244,12.2,,,,,
5152610,Nodin Tracy,Fordham,Patriot,2024,,,,,,,,40,8,0,145,18.1,,,,,
5152626,Jacob Holtschlag,Georgetown,Patriot,2024,68,33,4,0.485,0,342,5.0,,,,,,13,9,0,17,1.3
5152628,Quincy Briggs,Georgetown,Patriot,2024,,,,,,,,,,,,,2,4,0,4,2.0
5152630,Jayvin Pyle-Thompson,Georgetown,Patriot,2024,,,,,,,,5,1,0,5,5.0,,,,,
5152631,Bryce Cox,Georgetown,Patriot,2024,,,,,,,,18,17,0,97,5.7,103,59,4,562,5.5
5152650,Burke Carroll,Georgetown,Patriot,2024,,,,,,,,24,12,0,91,7.6,,,,,
5152659,Shaun Purvy,Lafayette,Patriot,2024,,,,,,,,4,1,0,4,4.0,,,,,
5152660,Avery Jones,Lafayette,Patriot,2024,,,,,,,,23,10,0,123,12.3,1,8,0,8,8.0
5152661,Carson Persing,Lafayette,Patriot,2024,2,1,0,0.500,1,18,9.0,45,53,0,463,8.7,1,0,0,0,0.0
5152663,Devin Paige,Lafayette,Patriot,2024,,,,,,,,26,4,0,36,9.0,,,,,
5152665,Peyton Cosover,Lafayette,Patriot,2024,3,1,0,0.333,0,1,0.3,,,,,,,,,,
5152668,Ethan Weber,Lafayette,Patriot,2024,,,,,,,,,,,,,20,16,0,97,4.9
5152669,Kente Edwards,Lafayette,Patriot,2024,,,,,,,,,,,,,8,20,0,68,8.5
5152682,Ethan Hosak,Lafayette,Patriot,2024,,,,,,,,28,9,3,65,7.2,,,,,
5152699,Luke Yoder,Lehigh,Patriot,2024,,,,,,,,11,7,0,43,6.1,194,38,10,1025,5.3
5152706,Connor Hilling,Lehigh,Patriot,2024,,,,,,,,1,1,0,1,1.0,6,20,1,57,9.5
5152717,Mason Humphrey,Lehigh,Patriot,2024,,,,,,,,37,45,5,587,13.0,,,,,
5152719,Joseph Marranca,Lehigh,Patriot,2024,,,,,,,,6,1,0,6,6.0,,,,,
5152777,Eric Denham,Portland State,Big Sky,2024,,,,,,,,42,35,3,516,14.7,6,8,0,8,1.3
5152796,Onterrio Smith Jr.,Sacramento State,Big Sky,2024,,,,,,,,9,5,1,29,5.8,,,,,
5152797,Curron Borders,Sacramento State,Big Sky,2024,,,,,,,,17,20,0,101,5.1,65,45,1,361,5.6
5152815,Danny Scudero,Sacramento State,Big Sky,2024,,,,,,,,41,50,4,650,13.0,2,25,1,28,14.0
5152821,David Rasor,UC Davis,Big Sky,2024,2,2,0,1.000,0,15,7.5,,,,,,2,23,0,37,18.5
5152826,Jordan Fisher,UC Davis,Big Sky,2024,,,,,,,,13,4,0,18,4.5,37,21,1,186,5.0
5152836,Ian Simpson,UC Davis,Big Sky,2024,,,,,,,,37,16,3,185,11.6,,,,,
5152839,Jaylen King,East Tennessee State,Southern,2024,221,116,11,0.525,9,1536,7.0,,,,,,105,57,5,422,4.0
5152864,Jackson Head,Austin Peay,UAC,2024,,,,,,,,15,15,1,102,6.8,,,,,
5152900,Mike Mitchell,Utah,Big 12,2024,,,,,,,,5,1,0,5,5.0,47,18,1,158,3.4
5152920,Tyquan Henderson,Jackson State,SWAC,2024,,,,,,,,46,14,1,238,17.0,,,,,
5152924,JQ Gray,Southern Miss,Sun Belt,2024,,,,,,,,7,3,0,13,4.3,32,19,0,106,3.3
5153036,Dylan Williams,James Madison,Sun Belt,2024,,,,,,,,16,7,2,62,8.9,,,,,
5153056,DT Sheffield,North Texas,American Athletic,2024,,,,,,,,75,66,11,822,12.5,4,75,1,86,21.5
5153065,Branden Ganashamoorthy,Washington State,Pac-12,2024,,,,,,,,19,5,1,45,9.0,,,,,
5153074,Carlos Hernandez,Washington State,Pac-12,2024,,,,,,,,42,31,5,397,12.8,,,,,
5153246,Jackson House,Eastern Kentucky,UAC,2024,,,,,,,,7,2,0,11,5.5,,,,,
5153251,Brayden Latham,Eastern Kentucky,UAC,2024,,,,,,,,22,10,0,66,6.6,134,42,3,639,4.8
5153258,Jacob Baker,Eastern Kentucky,UAC,2024,,,,,,,,,,,,,1,0,0,-7,-7.0
5153263,Jakob Dixon,Eastern Kentucky,UAC,2024,,,,,,,,18,13,0,118,9.1,,,,,
5153265,Jayden West,Eastern Kentucky,UAC,2024,,,,,,,,18,9,0,83,9.2,,,,,
5153277,Trenell Ridgley,Robert Morris,NEC,2024,,,,,,,,22,18,1,201,11.2,1,1,0,1,1.0
5153286,Landen Lucas,Robert Morris,NEC,2024,,,,,,,,41,17,0,197,11.6,,,,,
5153318,A.J. Little,Chattanooga,Southern,2024,,,,,,,,7,2,0,10,5.0,,,,,
5153361,Nehuel Garcia,Furman,Southern,2024,1,1,0,1.000,0,9,9.0,,,,,,1,0,0,-2,-2.0
5153369,Ja'Keith Hamilton,Furman,Southern,2024,,,,,,,,13,9,0,43,4.8,,,,,
5153377,Brock Chappell,Furman,Southern,2024,,,,,,,,22,22,2,214,9.7,,,,,
5153389,Colton Hinton,Furman,Southern,2024,1,1,0,1.000,0,29,29.0,84,59,5,649,11.0,4,15,0,29,7.3
5153391,John Holbrook,Furman,Southern,2024,,,,,,,,28,11,1,164,14.9,,,,,
5153399,Adjatay Dabbs,Mercer,Southern,2024,,,,,,,,46,28,3,417,14.9,3,11,0,18,6.0
5153401,Brayden Smith,Mercer,Southern,2024,,,,,,,,68,29,5,390,13.4,13,12,1,73,5.6
5153402,Tyrell Coard,Mercer,Southern,2024,,,,,,,,31,15,3,171,11.4,33,28,1,103,3.1
5153408,Kendall Harris,Mercer,Southern,2024,,,,,,,,36,34,1,339,10.0,1,14,0,14,14.0
5153410,Sam Albee,Mercer,Southern,2024,,,,,,,,22,10,1,96,9.6,,,,,
5153411,Ty Everson,Mercer,Southern,2024,,,,,,,,13,2,0,18,9.0,,,,,
5153425,Cooper Johns,The Citadel,Southern,2024,,,,,,,,,,,,,1,0,0,0,0.0
5153440,Kaiden Swortzel,The Citadel,Southern,2024,,,,,,,,11,1,0,11,11.0,,,,,
5153446,Blainey Dowling,Eastern Illinois,Big South-OVC,2024,19,8,1,0.421,0,69,3.6,,,,,,5,5,0,-16,-3.2
5153465,Jacob Horvath,Eastern Illinois,Big South-OVC,2024,,,,,,,,,,,,,2,24,0,10,5.0
5153483,Cole Ruble,Southeast Missouri State,Big South-OVC,2024,,,,,,,,37,11,0,111,10.1,46,65,2,219,4.8
5153485,Andrew Civey,Southeast Missouri State,Big South-OVC,2024,,,,,,,,20,9,0,88,9.8,,,,,
5153499,Donnie Cheers,Southeast Missouri State,Big South-OVC,2024,,,,,,,,31,24,1,254,10.6,,,,,
5153501,Anthony Westervelt,Southeast Missouri State,Big South-OVC,2024,,,,,,,,9,1,0,9,9.0,,,,,
5153517,Jason Hoath Jr.,Tennessee State,Big South-OVC,2024,,,,,,,,33,9,0,106,11.8,,,,,
5153613,Carter Shaw,UCLA,Big Ten,2024,,,,,,,,27,2,0,45,22.5,2,9,0,9,4.5
5153650,Davon Booth,Mississippi State,SEC,2024,,,,,,,,54,13,4,164,12.6,152,43,5,759,5.0
5153683,Johnny Schifano,Grambling,SWAC,2024,,,,,,,,,,,,,1,18,0,18,18.0
5153685,Richie Munoz,Weber State,Big Sky,2024,347,213,5,0.614,20,2189,6.3,,,,,,66,16,2,140,2.1
5153708,Keali'i Ah Yat,Montana,Big Sky,2024,189,112,6,0.593,7,1111,5.9,,,,,,57,32,7,159,2.8
5153712,Lucas Freitas,Montana,Big Sky,2024,,,,,,,,,,,,,0,0,1,0,0
5153727,Ashton Nickelberry,UTEP,Conference USA,2024,,,,,,,,29,5,0,56,11.2,,,,,
5153730,Jaden Barnes,Austin Peay,UAC,2024,,,,,,,,73,58,9,1066,18.4,2,36,1,50,25.0
5153736,Kaden Williams,Austin Peay,UAC,2024,,,,,,,,19,9,0,53,5.9,43,11,1,117,2.7
5153737,Courtland Simmons,Austin Peay,UAC,2024,,,,,,,,,,,,,8,12,1,40,5.0
5153754,Jordyn Potts,Tennessee Tech,Big South-OVC,2024,170,97,5,0.571,6,973,5.7,,,,,,33,14,1,-23,-0.7
5153764,Aidan Littles,Tennessee Tech,Big South-OVC,2024,,,,,,,,24,9,0,87,9.7,63,87,3,389,6.2
5153775,Tyler Nix,Tennessee Tech,Big South-OVC,2024,,,,,,,,14,9,0,65,7.2,,,,,
5153782,Amari Odom,Wofford,Southern,2024,211,117,6,0.555,7,1565,7.4,,,,,,44,16,0,-41,-0.9
5153792,Jack Purdy,Wofford,Southern,2024,,,,,,,,20,7,1,85,12.1,,,,,
5153794,Sam Spence,Wofford,Southern,2024,,,,,,,,,,,,,1,0,0,-15,-15.0
5153813,Nick Laughlin,Maine,CAA,2024,,,,,,,,36,21,1,179,8.5,3,5,1,4,1.3
5153845,Zach Marker,Delaware,CAA,2024,134,74,0,0.552,10,1011,7.5,,,,,,28,14,1,22,0.8
5153846,Nick Minicucci,Delaware,CAA,2024,125,79,4,0.632,10,825,6.6,15,1,0,15,15.0,45,34,3,141,3.1
5153849,Daniel Lipovski,Delaware,CAA,2024,1,0,1,0.000,0,0,0.0,,,,,,2,18,0,12,6.0
5153852,Ja'Carree Kelly,Delaware,CAA,2024,,,,,,,,29,17,1,171,10.1,4,11,0,24,6.0
5153855,Saeed St. Fleur,Delaware,CAA,2024,,,,,,,,8,4,0,18,4.5,34,25,2,191,5.6
5153868,Phil Lutz,Delaware,CAA,2024,,,,,,,,56,45,11,857,19.0,,,,,
5153870,Donovan Lewis,Delaware,CAA,2024,,,,,,,,9,5,0,31,6.2,,,,,
5153873,DaMarcus Thompson,Texas Southern,SWAC,2024,,,,,,,,,,,,,1,0,0,-4,-4.0
5153885,Rodney Nelson,Monmouth,CAA,2024,,,,,,,,26,17,0,154,9.1,133,59,6,809,6.1
5153887,Tra Neal,Monmouth,CAA,2024,1,1,0,1.000,1,40,40.0,51,34,7,490,14.4,,,,,
5153889,Joshua Derry,Monmouth,CAA,2024,,,,,,,,94,60,5,917,15.3,3,31,0,34,11.3
5153898,Chris Moreno,Monmouth,CAA,2024,,,,,,,,0,0,0,-3,0,,,,,
5153905,Marcus Middleton,Monmouth,CAA,2024,,,,,,,,25,14,2,165,11.8,,,,,
5153911,Drew Danson,New Hampshire,CAA,2024,,,,,,,,16,5,1,33,6.6,,,,,
5153973,Alvarez Baker,Rhode Island,CAA,2024,,,,,,,,,,,,,1,2,0,2,2.0
5153977,Jamaal Brown,Richmond,CAA,2024,,,,,,,,6,2,0,10,5.0,23,12,0,58,2.5
5153978,Camden Coleman,Richmond,CAA,2024,249,160,5,0.643,14,2031,8.2,,,,,,75,59,6,338,4.5
5153983,Aziz Foster-Powell,Richmond,CAA,2024,,,,,,,,7,3,0,10,3.3,56,22,1,230,4.1
5153993,Cassius Harris,Richmond,CAA,2024,,,,,,,,6,2,0,10,5.0,,,,,
5153994,Landon Ellis,Richmond,CAA,2024,,,,,,,,61,50,4,588,11.8,,,,,
5154000,Nolan Clayton,Villanova,CAA,2024,,,,,,,,3,1,0,3,3.0,,,,,
5154007,Ja'briel Mace,Villanova,CAA,2024,,,,,,,,35,11,0,130,11.8,39,24,1,180,4.6
5154011,Kenyon Miles,Villanova,CAA,2024,,,,,,,,36,12,1,116,9.7,,,,,
5154013,Isaiah Ragland,Villanova,CAA,2024,,,,,,,,24,9,0,69,7.7,105,65,4,511,4.9
5154031,Garrett Robertson,William & Mary,CAA,2024,,,,,,,,8,2,0,12,6.0,,,,,
5154032,Jackson Blee,William & Mary,CAA,2024,,,,,,,,17,3,0,36,12.0,,,,,
5154125,Chase Goodwin,Columbia,Ivy,2024,117,77,3,0.658,6,840,7.2,,,,,,27,14,1,63,2.3
5154133,Griffin Johnson,Columbia,Ivy,2024,,,,,,,,16,3,0,36,12.0,32,17,1,159,5.0
5154150,Titus Evans,Columbia,Ivy,2024,,,,,,,,18,10,0,95,9.5,,,,,
5154151,Braden Dougherty,Columbia,Ivy,2024,,,,,,,,36,13,2,167,12.8,,,,,
5154152,Braylon Gardoni,Columbia,Ivy,2024,,,,,,,,15,3,0,36,12.0,,,,,
5154160,Rayjohn White,Cornell,Ivy,2024,,,,,,,,2,1,0,2,2.0,,,,,
5154161,Garrett Bass-Sulpizio,Cornell,Ivy,2024,,,,,,,,,,,,,1,1,0,1,1.0
5154169,Ean Pope,Cornell,Ivy,2024,,,,,,,,32,19,0,131,6.9,114,54,2,524,4.6
5154182,Brendan Lee,Cornell,Ivy,2024,,,,,,,,45,14,2,238,17.0,,,,,
5154183,Samuel Musungu,Cornell,Ivy,2024,,,,,,,,82,80,10,900,11.3,6,18,0,31,5.2
5154184,Ryder Kurtz,Cornell,Ivy,2024,,,,,,,,68,35,4,417,11.9,,,,,
5154224,DJ Scott,Kennesaw State,Conference USA,2024,,,,,,,,,,,,,2,7,0,9,4.5
5154227,Navelle Dean,Kennesaw State,Conference USA,2024,,,,,,,,37,5,0,67,13.4,1,6,0,6,6.0
5154245,Jacob Ulrich,Kennesaw State,Conference USA,2024,1,1,0,1.000,0,32,32.0,,,,,,,,,,
5154259,Se'Quan Osborne,Howard,MEAC,2024,,,,,,,,40,11,1,159,14.5,,,,,
5154262,Gavin Harris,Central Michigan,Mid-American,2024,,,,,,,,60,11,1,173,15.7,1,11,1,13,13.0
5154270,Nathanial Clark,Howard,MEAC,2024,,,,,,,,30,5,1,76,15.2,,,,,
5154278,Jayden Becks,Missouri State,MVFC,2024,,,,,,,,57,19,2,222,11.7,64,59,7,442,6.9
5154284,Ramone Green Jr.,Missouri State,MVFC,2024,,,,,,,,6,1,0,6,6.0,2,3,0,1,0.5
5154302,David Lynch,Pittsburgh,ACC,2024,27,16,3,0.593,0,111,4.1,,,,,,4,2,0,-14,-3.5
5154303,Zion Fowler-El,Pittsburgh,ACC,2024,,,,,,,,12,1,0,12,12.0,,,,,
5154315,Benny Haselrig,Pittsburgh,ACC,2024,,,,,,,,7,1,0,7,7.0,,,,,
5154321,Alex Capka-Jones,Illinois,Big Ten,2024,,,,,,,,16,2,0,21,10.5,,,,,
5154339,Mario Anderson,Memphis,American Athletic,2024,,,,,,,,31,52,3,312,6.0,236,53,18,1362,5.8
5154341,Maurice Brown II,South Carolina,SEC,2024,,,,,,,,1,1,1,1,1.0,1,0,0,0,0.0
5154348,Ajai Harrell,Alabama State,SWAC,2024,,,,,,,,34,16,1,157,9.8,3,3,1,6,2.0
5154351,Eric Horn,Alabama State,SWAC,2024,,,,,,,,75,9,2,251,27.9,1,4,0,4,4.0
5154357,Gabe Spencer,Alabama State,SWAC,2024,,,,,,,,,,,,,3,4,0,6,2.0
5154372,Asa Gregg,Alabama State,SWAC,2024,,,,,,,,60,15,2,269,17.9,,,,,
5154413,Isaiah Spencer,Jackson State,SWAC,2024,,,,,,,,67,35,4,660,18.9,1,5,0,5,5.0
5154420,Ahmad Miller,Jackson State,SWAC,2024,,,,,,,,12,3,0,25,8.3,18,30,2,95,5.3
5154440,Sebastien Saint-Louis,Jackson State,SWAC,2024,,,,,,,,10,1,0,10,10.0,,,,,
5154484,Ryan Osborne,Harvard,Ivy,2024,,,,,,,,24,7,3,92,13.1,,,,,
5154489,Aidan Besselman,Princeton,Ivy,2024,,,,,,,,5,1,0,5,5.0,,,,,
5154491,Kai Coln,Princeton,Ivy,2024,1,0,0,0.000,0,0,0.0,,,,,,,,,,
5154492,Ethan Clark,Princeton,Ivy,2024,,,,,,,,22,8,0,80,10.0,71,44,3,346,4.9
5154508,Jackson Green,Princeton,Ivy,2024,,,,,,,,1,1,0,1,1.0,,,,,
5154509,Jack Comeau,Princeton,Ivy,2024,,,,,,,,14,2,0,28,14.0,,,,,
5154527,Kristian Tate,Delaware State,MEAC,2024,,,,,,,,60,26,3,368,14.2,,,,,
5154530,Kyree Benton,Delaware State,MEAC,2024,,,,,,,,48,25,2,256,10.2,6,16,0,18,3.0
5154534,Tahj Smith,Morgan State,MEAC,2024,116,65,1,0.560,3,708,6.1,9,1,1,9,9.0,47,28,1,103,2.2
5154546,Lance Byndon,Morgan State,MEAC,2024,,,,,,,,11,1,0,11,11.0,,,,,
5154559,Jason Collins Jr.,Morgan State,MEAC,2024,,,,,,,,35,17,0,143,8.4,114,75,8,620,5.4
5154569,JC Roque,Northern Iowa,MVFC,2024,,,,,,,,60,16,1,183,11.4,1,0,0,-4,-4.0
5154575,Jaiden Ellis-Lahey,Northern Iowa,MVFC,2024,,,,,,,,50,8,1,147,18.4,,,,,
5154711,Brenden Begeman,South Dakota State,MVFC,2024,,,,,,,,,,,,,25,13,1,83,3.3
5154714,Elijah Ervin,South Dakota State,MVFC,2024,,,,,,,,8,2,0,13,6.5,,,,,
5154725,Kentrell Prejean,South Dakota State,MVFC,2024,,,,,,,,29,18,1,155,8.6,,,,,
5154729,Davin Stoffel,South Dakota State,MVFC,2024,,,,,,,,41,14,1,177,12.6,,,,,
5154732,Kirby Vorhees,South Dakota State,MVFC,2024,,,,,,,,5,1,0,5,5.0,75,80,8,581,7.7
5154734,Griffin Wilde,South Dakota State,MVFC,2024,,,,,,,,60,71,12,1154,16.3,1,6,0,6,6.0
5154765,Jimmy Athans,Southern Illinois,MVFC,2024,,,,,,,,9,7,0,-1,-0.1,29,35,1,159,5.5
5154781,Allen Middleton,Southern Illinois,MVFC,2024,,,,,,,,48,33,2,418,12.7,25,42,0,152,6.1
5154782,Cal Weidemann,Southern Illinois,MVFC,2024,,,,,,,,4,1,0,4,4.0,1,1,0,1,1.0
5154809,Jaylon Domingeaux,SE Louisiana,Southland,2024,,,,,,,,45,38,1,459,12.1,,,,,
5154860,Tausagafou Ho Ching,Northern Arizona,Big Sky,2024,,,,,,,,9,1,1,9,9.0,1,6,0,6,6.0
5154864,Champ Dozier,Houston Christian,Southland,2024,,,,,,,,35,24,1,189,7.9,50,40,3,234,4.7
5154886,Cyrus Traugh,Youngstown State,MVFC,2024,,,,,,,,44,35,5,378,10.8,,,,,
5154910,Robert Coleman,Lamar,Southland,2024,256,133,8,0.520,15,1773,6.9,,,,,,82,54,6,263,3.2
5154927,Kei'Trone Simpson,Lamar,Southland,2024,,,,,,,,,,,,,1,22,0,22,22.0
5154949,Morgan Sampson,Lamar,Southland,2024,,,,,,,,9,2,0,17,8.5,,,,,
5154960,Jonathan Harris,McNeese,Southland,2024,,,,,,,,61,19,1,309,16.3,1,2,0,2,2.0
5154962,Kamden Sixkiller,McNeese,Southland,2024,142,73,5,0.514,3,772,5.4,,,,,,42,24,0,116,2.8
5154971,Coleby Hamm,McNeese,Southland,2024,,,,,,,,8,2,0,12,6.0,41,19,1,177,4.3
5154995,Jamaal Levi,McNeese,Southland,2024,1,1,0,1.000,1,25,25.0,43,6,1,125,20.8,3,17,0,26,8.7
5154997,Reed Boyd,McNeese,Southland,2024,,,,,,,,5,2,0,8,4.0,,,,,
5154999,Jalen Wright,McNeese,Southland,2024,,,,,,,,10,1,1,10,10.0,,,,,
5155000,Jer'Michael Carter,McNeese,Southland,2024,,,,,,,,36,34,3,495,14.6,,,,,
5155022,Garon Kemp,Yale,Ivy,2024,,,,,,,,7,2,0,11,5.5,,,,,
5155039,Aidan Warner,Florida,SEC,2024,50,21,3,0.420,0,228,4.6,,,,,,8,9,1,-8,-1.0
5155048,L.J. Phillips Jr.,South Dakota,MVFC,2024,,,,,,,,7,1,0,7,7.0,29,32,2,176,6.1
5155100,Jeff Hoenstine,St. Francis (PA),NEC,2024,63,37,1,0.587,3,456,7.2,,,,,,26,24,1,34,1.3
5155150,Jahmil Perryman,St. Francis (PA),NEC,2024,,,,,,,,46,15,1,105,7.0,5,16,0,37,7.4
5155179,Jacob De Jesus,UNLV,Mountain West,2024,,,,,,,,43,36,3,512,14.2,18,43,0,101,5.6
5155193,Corey Thompson Jr.,UNLV,Mountain West,2024,,,,,,,,29,4,0,60,15.0,,,,,
5155250,Cade Cox,VMI,Southern,2024,,,,,,,,,,,,,5,2,1,3,0.6
5155268,Nathan Lhotsky,VMI,Southern,2024,,,,,,,,20,9,0,105,11.7,,,,,
5155270,Destin Moore,VMI,Southern,2024,,,,,,,,40,8,1,75,9.4,7,13,0,6,0.9
5155273,Egypt Nelson,VMI,Southern,2024,,,,,,,,51,20,1,269,13.5,4,6,0,7,1.8
5155293,Denzell Gibson,New Hampshire,CAA,2024,,,,,,,,19,9,0,66,7.3,77,16,3,295,3.8
5155304,Owen Lyons,St. Thomas (MN),Pioneer,2024,,,,,,,,7,2,0,13,6.5,,,,,
5155308,Eli Paulson,St. Thomas (MN),Pioneer,2024,,,,,,,,44,12,0,152,12.7,,,,,
5155311,Michael Rostberg,St. Thomas (MN),Pioneer,2024,85,35,4,0.412,1,316,3.7,,,,,,20,23,3,21,1.1
5155314,Luke Schuler,St. Thomas (MN),Pioneer,2024,,,,,,,,6,1,0,6,6.0,,,,,
5155316,Tak Tateoka,St. Thomas (MN),Pioneer,2024,175,93,5,0.531,9,1155,6.6,24,1,0,24,24.0,61,29,2,83,1.4
5155321,Elijah Owens,Indiana State,MVFC,2024,263,181,5,0.688,12,1715,6.5,,,,,,167,54,8,632,3.8
5155322,BJ Wuest,Indiana State,MVFC,2024,,,,,,,,15,4,0,39,9.8,,,,,
5155328,Zechariah Prince,Indiana State,MVFC,2024,,,,,,,,,,,,,2,1,0,1,0.5
5155334,Carson Dunn,Indiana State,MVFC,2024,,,,,,,,3,1,0,3,3.0,7,14,0,24,3.4
5155355,Jamal Bing Jr.,Pennsylvania,Ivy,2024,,,,,,,,4,1,0,4,4.0,31,27,1,130,4.2
5155360,Jayden Drayton,Pennsylvania,Ivy,2024,,,,,,,,27,10,0,128,12.8,3,6,0,6,2.0
5155366,Malachi Hosley,Pennsylvania,Ivy,2024,,,,,,,,24,12,0,89,7.4,191,55,9,1192,6.2
5155377,Sean Williams Jr.,Pennsylvania,Ivy,2024,,,,,,,,5,1,0,5,5.0,12,7,0,28,2.3
5155383,Andy Belles,Dartmouth,Ivy,2024,,,,,,,,,,,,,1,0,0,-15,-15.0
5155390,Nick Lemon,Dartmouth,Ivy,2024,,,,,,,,21,4,0,31,7.8,1,2,0,2,2.0
5155393,Colin O'Garro,Dartmouth,Ivy,2024,,,,,,,,,,,,,1,1,0,1,1.0
5155396,Woods Ray,Dartmouth,Ivy,2024,8,2,0,0.250,0,12,1.5,,,,,,,,,,
5155397,Chris Roper,Dartmouth,Ivy,2024,,,,,,,,,,,,,1,11,0,11,11.0
5155398,Grayson Saunier,Dartmouth,Ivy,2024,74,47,1,0.635,5,533,7.2,,,,,,42,32,8,230,5.5
5155426,Christian Greenlaw,Hampton,CAA,2024,,,,,,,,35,7,1,86,12.3,,,,,
5155451,Jaren Bowling,UT Martin,Big South-OVC,2024,,,,,,,,13,3,0,24,8.0,,,,,
5155455,Chris Franklin,UT Martin,Big South-OVC,2024,,,,,,,,3,1,0,3,3.0,14,43,1,87,6.2
5155519,Yannick Smith,East Carolina,American Athletic,2024,,,,,,,,52,25,3,434,17.4,2,7,0,4,2.0
5155528,Jerry Kaminski,North Dakota,MVFC,2024,5,4,0,0.800,0,28,5.6,,,,,,1,3,0,3,3.0
5155530,Korey Tai,North Dakota,MVFC,2024,,,,,,,,13,3,0,22,7.3,2,3,0,-2,-1.0
5155532,Sawyer Seidl,North Dakota,MVFC,2024,,,,,,,,16,7,0,42,6.0,91,70,3,494,5.4
5155579,Cameron Flowers,Western Kentucky,Conference USA,2024,,,,,,,,13,1,0,13,13.0,,,,,
5155783,Daniel Frederick,Elon,CAA,2024,,,,,,,,,,,,,1,0,0,0,0.0
5155786,Dylan Magazu,Elon,CAA,2024,,,,,,,,12,10,1,72,7.2,,,,,
5155802,Zimere Winston,Elon,CAA,2024,,,,,,,,45,15,1,223,14.9,1,3,0,3,3.0
5155803,Kenaz McMillian,Elon,CAA,2024,,,,,,,,10,3,0,23,7.7,,,,,
5155811,Zay Perkins,Towson,CAA,2024,,,,,,,,27,14,0,152,10.9,,,,,
5155864,Julian Dugger,Pittsburgh,ACC,2024,13,7,1,0.538,2,72,5.5,,,,,,21,20,1,88,4.2
5155872,Jayshon Ridgle,Houston,Big 12,2024,,,,,,,,6,2,0,10,5.0,1,3,0,3,3.0
5155943,James Murphy,Brown,Ivy,2024,52,35,1,0.673,2,374,7.2,,,,,,8,7,0,-5,-0.6
5155952,Levi Linowes,Brown,Ivy,2024,,,,,,,,31,9,1,89,9.9,,,,,
5155971,Michael Nesbit,Brown,Ivy,2024,,,,,,,,40,7,0,108,15.4,,,,,
5155972,Najih Rahman,Brown,Ivy,2024,,,,,,,,19,12,0,97,8.1,,,,,
5155974,Taron Biles-Walker,Norfolk State,MEAC,2024,,,,,,,,10,3,0,16,5.3,,,,,
5155995,Elyjah Mitchell,Norfolk State,MEAC,2024,,,,,,,,43,23,2,268,11.7,1,8,0,8,8.0
5155997,Noah Tracey,Norfolk State,MEAC,2024,,,,,,,,,,,,,1,0,0,-9,-9.0
5156003,X'Zavion Evans,Norfolk State,MEAC,2024,,,,,,,,8,2,0,14,7.0,86,53,1,462,5.4
5156006,Ruben Lee II,Mississippi Valley State,SWAC,2024,34,18,1,0.529,2,249,7.3,,,,,,9,12,0,4,0.4
5156023,Joshua Roberson,Stonehill,NEC,2024,,,,,,,,,,,,,3,2,0,0,0.0
5156056,Caleb Hampton,Stanford,ACC,2024,,,,,,,,,,,,,2,8,0,9,4.5
5156090,Dylan Laible,Tennessee Tech,Big South-OVC,2024,147,84,4,0.571,4,913,6.2,,,,,,21,1,0,-113,-5.4
5156162,E. Jai Mason,Samford,Southern,2024,,,,,,,,41,51,6,460,9.0,2,14,0,18,9.0
5156178,Will Thorley,Samford,Southern,2024,,,,,,,,,,,,,1,18,1,18,18.0
5156183,Brendan Jenkins,Samford,Southern,2024,,,,,,,,68,48,3,576,12.0,,,,,
5156202,Matthias Latham,Merrimack,FCS Independents,2024,,,,,,,,23,2,0,31,15.5,17,8,1,42,2.5
5156204,Jalen McDonald,Merrimack,FCS Independents,2024,,,,,,,,51,18,4,302,16.8,5,24,0,35,7.0
5156207,Austin Palmer,Merrimack,FCS Independents,2024,,,,,,,,16,6,0,55,9.2,1,4,0,4,4.0
5156210,Seth Sweitzer,Merrimack,FCS Independents,2024,,,,,,,,71,20,2,272,13.6,1,9,0,9,9.0
5156212,Brendon Wyatt,Merrimack,FCS Independents,2024,,,,,,,,19,4,1,54,13.5,54,37,3,313,5.8
5156224,Tylan Foster,Incarnate Word,Southland,2024,,,,,,,,1,1,0,1,1.0,,,,,
5156255,JT Fayard,Northwestern State,Southland,2024,158,76,8,0.481,5,996,6.3,,,,,,36,6,0,-101,-2.8
5156285,Amaaz Eugene,Northwestern State,Southland,2024,,,,,,,,37,18,1,235,13.1,,,,,
5156292,Czavian Teasett,Southern,SWAC,2024,128,71,2,0.555,6,941,7.4,,,,,,39,31,1,122,3.1
5156388,Leon Washington Jr.,Florida Atlantic,American Athletic,2024,,,,,,,,20,7,0,54,7.7,,,,,
5156751,Drew VanVleet,Dayton,Pioneer,2024,312,194,10,0.622,18,1972,6.3,,,,,,54,17,0,-239,-4.4
5156752,Donovan Weatherly,Dayton,Pioneer,2024,,,,,,,,27,6,2,94,15.7,,,,,
5156755,Gavin Lochow,Dayton,Pioneer,2024,6,3,0,0.500,1,68,11.3,71,59,5,488,8.3,20,42,1,154,7.7
5156759,Ethan Thulin,Dayton,Pioneer,2024,,,,,,,,18,7,1,65,9.3,,,,,
5156761,Levi Moell,Dayton,Pioneer,2024,,,,,,,,,,,,,1,2,0,2,2.0
5156762,Luke Hansen,Dayton,Pioneer,2024,,,,,,,,15,9,0,29,3.2,88,27,1,358,4.1
5156764,Sean Banks,Dayton,Pioneer,2024,,,,,,,,,,,,,2,5,0,6,3.0
5156766,Mason Hackett,Dayton,Pioneer,2024,,,,,,,,10,2,1,19,9.5,185,58,3,806,4.4
5156792,Brandon Boria,Stony Brook,CAA,2024,,,,,,,,15,2,0,13,6.5,39,20,1,144,3.7
5156794,Dylan Harris,Stony Brook,CAA,2024,,,,,,,,,,,,,2,6,0,4,2.0
5156860,Caleb Ramseur,Nevada,Mountain West,2024,,,,,,,,44,8,1,106,13.3,32,33,0,110,3.4
5156906,Bill Davis,Louisiana,Sun Belt,2024,,,,,,,,18,11,1,86,7.8,163,73,9,796,4.9
5156911,Landon Baptiste,Louisiana,Sun Belt,2024,,,,,,,,8,1,0,8,8.0,,,,,
5156915,Tylon Citizen,Louisiana,Sun Belt,2024,,,,,,,,,,,,,10,36,0,73,7.3
5156926,Tavion Smith,Louisiana,Sun Belt,2024,,,,,,,,56,12,4,168,14.0,,,,,
5156928,Caden Jensen,Louisiana,Sun Belt,2024,,,,,,,,18,19,2,138,7.3,,,,,
5156933,Rahsul Faison,Utah State,Mountain West,2024,,,,,,,,36,22,0,99,4.5,198,37,8,1109,5.6
5156944,Aloali'i Maui,Utah State,Mountain West,2024,,,,,,,,,,,,,0,8,0,8,0
5156998,CharMar Brown,North Dakota State,MVFC,2024,,,,,,,,17,6,0,57,9.5,244,48,15,1181,4.8
5157003,Kelly Watson,North Dakota State,MVFC,2024,,,,,,,,,,,,,5,5,0,9,1.8
5157011,Brady Wavrunek,North Dakota State,MVFC,2024,,,,,,,,,,,,,5,4,0,11,2.2
5157119,Aiden Valdez,Campbell,CAA,2024,,,,,,,,37,10,3,90,9.0,,,,,
5157187,Cameron Bates,Boise State,Mountain West,2024,,,,,,,,19,9,0,67,7.4,4,20,1,43,10.8
5157261,Ja'Vin Simpkins,Coastal Carolina,Sun Belt,2024,,,,,,,,,,,,,14,24,0,93,6.6
5157266,Bryson Graves,Coastal Carolina,Sun Belt,2024,,,,,,,,50,27,2,327,12.1,4,14,0,22,5.5
5157268,Darren Lloyd,Coastal Carolina,Sun Belt,2024,,,,,,,,0,1,0,0,0.0,21,53,0,132,6.3
5157269,Jahbari Kuykendall,Alabama State,SWAC,2024,,,,,,,,35,3,0,46,15.3,15,17,0,74,4.9
5157282,Nathan Schuessler,Coastal Carolina,Sun Belt,2024,,,,,,,,,,,,,1,0,0,-2,-2.0
5157287,David Wells Jr.,Oregon State,Pac-12,2024,,,,,,,,55,6,1,79,13.2,,,,,
5157315,Connor Cravaack,Akron,Mid-American,2024,,,,,,,,30,13,0,147,11.3,,,,,
5157316,Paul Davis,Akron,Mid-American,2024,,,,,,,,2,1,0,2,2.0,,,,,
5157331,Adrian Norton,Akron,Mid-American,2024,,,,,,,,60,43,7,832,19.3,,,,,
5157391,Jayden Clerveaux,Holy Cross,Patriot,2024,,,,,,,,,,,,,190,35,11,898,4.7
5157399,Nyeoti Punni,Holy Cross,Patriot,2024,,,,,,,,,,,,,1,2,0,2,2.0
5157410,Charly Mullaly,Holy Cross,Patriot,2024,,,,,,,,43,8,1,136,17.0,1,0,0,-3,-3.0
5157412,Maxwell Warren,Holy Cross,Patriot,2024,,,,,,,,74,4,1,90,22.5,3,23,0,32,10.7
5157425,Keylijah Williams,Bryant,CAA,2024,,,,,,,,11,4,0,19,4.8,3,14,0,16,5.3
5157430,Aldrich Doe,Bryant,CAA,2024,,,,,,,,31,21,1,253,12.0,,,,,
5157458,Koby Keenan,Bryant,CAA,2024,,,,,,,,16,9,0,62,6.9,,,,,
5157479,Cincere Gill,Presbyterian,Pioneer,2024,,,,,,,,79,36,5,573,15.9,2,10,0,12,6.0
5157481,Collin Hurst,Presbyterian,Pioneer,2024,272,182,4,0.669,17,2289,8.4,0,1,0,21,21.0,72,19,5,175,2.4
5157486,Jalen Patrick,Presbyterian,Pioneer,2024,4,2,0,0.500,1,48,12.0,43,1,0,43,43.0,9,9,0,19,2.1
5157489,Zach Switzer,Presbyterian,Pioneer,2024,,,,,,,,67,21,2,251,12.0,66,81,3,327,5.0
5157498,CJ Johnson,Presbyterian,Pioneer,2024,,,,,,,,4,1,0,4,4.0,23,33,2,139,6.0
5157528,Nathan Levicki,Presbyterian,Pioneer,2024,,,,,,,,53,13,5,291,22.4,1,9,0,9,9.0
5157533,Derek Varley,Stonehill,NEC,2024,,,,,,,,2,1,0,2,2.0,,,,,
5157537,Caron Tyler,Valparaiso,Pioneer,2024,153,87,4,0.569,6,964,6.3,,,,,,104,55,3,341,3.3
5157544,Chris Gundy,Valparaiso,Pioneer,2024,,,,,,,,57,29,1,297,10.2,4,6,0,8,2.0
5157545,Brian Thomas,Valparaiso,Pioneer,2024,,,,,,,,21,4,1,32,8.0,16,15,0,67,4.2
5158340,Denim Edwards,Presbyterian,Pioneer,2024,,,,,,,,,,,,,8,3,0,15,1.9
5158341,Luke Hutchison,Navy,American Athletic,2024,1,0,0,0.000,0,0,0.0,11,4,0,28,7.0,1,2,0,2,2.0
5158343,Braxton Woodson,Navy,American Athletic,2024,36,18,2,0.500,2,243,6.8,,,,,,49,38,3,173,3.5
5158365,Gage Leonard,Navy,American Athletic,2024,,,,,,,,,,,,,1,3,0,3,3.0
5158374,Isaiah Bryant,Navy,American Athletic,2024,,,,,,,,5,1,0,5,5.0,7,10,0,23,3.3
5158398,Jake Norris,Navy,American Athletic,2024,,,,,,,,18,4,0,53,13.3,,,,,
5158458,Gernorris Wilson,Oregon,Big Ten,2024,,,,,,,,3,1,1,3,3.0,,,,,
5158460,Ashton Cozart,SMU,ACC,2024,,,,,,,,24,1,0,24,24.0,,,,,
5158470,Jurrion Dickey,Oregon,Big Ten,2024,,,,,,,,7,1,0,7,7.0,,,,,
5158747,Aaron Blancas,Idaho State,Big Sky,2024,,,,,,,,14,6,1,56,9.3,,,,,
5158749,Alfred Jordan Jr.,Idaho State,Big Sky,2024,,,,,,,,40,4,0,90,22.5,,,,,
5158809,Lincoln Cardillo,Marist,Pioneer,2024,,,,,,,,28,22,0,135,6.1,40,36,1,149,3.7
5158829,Javon Robinson,Grambling,SWAC,2024,,,,,,,,53,37,1,459,12.4,4,16,0,15,3.8
5158835,Tylon Williams,Grambling,SWAC,2024,,,,,,,,47,4,0,72,18.0,,,,,
5158838,Marquis Harris,Grambling,SWAC,2024,,,,,,,,71,6,1,145,24.2,,,,,
5158864,Shemar Savage,Prairie View A&M,SWAC,2024,,,,,,,,47,23,3,422,18.3,1,0,0,-5,-5.0
5159139,Donovan Faupel,New Mexico State,Conference USA,2024,,,,,,,,29,3,1,48,16.0,1,18,0,18,18.0
5159145,Jerry Lydiatt,New Mexico State,Conference USA,2024,,,,,,,,15,7,1,39,5.6,,,,,
5159150,Isaiah Rudison,New Mexico State,Conference USA,2024,,,,,,,,16,2,0,26,13.0,1,10,0,10,10.0
5159232,Jawarn Howell,South Carolina,SEC,2024,,,,,,,,5,1,0,5,5.0,19,27,2,123,6.5
5159234,Nigel Johnson,South Carolina State,MEAC,2024,,,,,,,,64,5,1,131,26.2,,,,,
5159239,Tyler J. Smith,South Carolina State,MEAC,2024,,,,,,,,7,3,1,14,4.7,29,86,1,190,6.6
5159275,Xavier Rice,Duquesne,NEC,2024,3,0,0,0.000,0,0,0.0,,,,,,,,,,
5159279,Ian Sheehan,Duquesne,NEC,2024,,,,,,,,35,3,0,68,22.7,,,,,
5159280,Shawn Solomon Jr.,Duquesne,NEC,2024,,,,,,,,36,4,1,42,10.5,67,28,2,260,3.9
5159282,Daniel Tarabrella,Duquesne,NEC,2024,,,,,,,,31,3,0,42,14.0,,,,,
5159290,Aviyon Smith-Mack,Long Island University,NEC,2024,,,,,,,,69,14,0,239,17.1,1,0,0,0,0.0
5159359,Jai Boyd,Western Carolina,Southern,2024,,,,,,,,56,19,0,307,16.2,,,,,
5159360,James Tyre,Western Carolina,Southern,2024,,,,,,,,,,,,,1,3,0,3,3.0
5159361,Bennett Judy,Western Carolina,Southern,2024,2,0,0,0.000,0,0,0.0,,,,,,,,,,
5159362,Zion Booker,Western Carolina,Southern,2024,,,,,,,,45,39,4,540,13.8,,,,,
5159364,Marlin Cochran,Western Carolina,Southern,2024,,,,,,,,26,12,0,117,9.8,47,17,0,146,3.1
5159378,Patrick Boyd Jr.,Western Carolina,Southern,2024,,,,,,,,12,7,0,37,5.3,40,40,1,201,5.0
5159387,BJ Curry,Arkansas-Pine Bluff,SWAC,2024,,,,,,,,85,13,0,199,15.3,123,28,4,509,4.1
5159802,Dallen Bentley,Utah,Big 12,2024,,,,,,,,12,2,0,15,7.5,,,,,
5159821,Carston Kieffer,Arizona State,Big 12,2024,,,,,,,,,,,,,1,0,0,-3,-3.0
5159823,Isaac Stopke,Morehead State,Pioneer,2024,,,,,,,,12,2,0,12,6.0,94,15,3,290,3.1
5159827,Keona Peat,Arizona State,Big 12,2024,,,,,,,,,,,,,1,0,0,-1,-1.0
5159831,Derek Eusebio,Arizona State,Big 12,2024,,,,,,,,64,1,1,64,64.0,2,5,0,7,3.5
5159834,Curtis Douglas,Kent State,Mid-American,2024,,,,,,,,8,4,0,2,0.5,48,19,0,145,3.0
5159888,Chris Elko,Georgia Tech,ACC,2024,,,,,,,,41,1,0,41,41.0,,,,,
5159908,JR Gardner,Alabama,SEC,2024,,,,,,,,,,,,,2,3,0,5,2.5
5159944,Kris Hughes,Louisville,ACC,2024,,,,,,,,15,7,0,54,7.7,,,,,
5159948,Chris Johnson Jr.,Miami,ACC,2024,,,,,,,,37,8,2,72,9.0,6,24,0,31,5.2
5159954,Shemar Kirk,Miami,ACC,2024,,,,,,,,15,2,0,22,11.0,,,,,
5159983,Omarion Blakes,Alcorn State,SWAC,2024,,,,,,,,27,10,0,124,12.4,7,9,1,36,5.1
5159993,Mahamadou Diarra,Alcorn State,SWAC,2024,,,,,,,,10,1,0,10,10.0,,,,,
5160003,Tyran Warren,Alcorn State,SWAC,2024,,,,,,,,60,5,2,139,27.8,1,2,0,2,2.0
5160023,Alyas Vigil,Southern Utah,UAC,2024,,,,,,,,,,,,,1,0,0,-11,-11.0
5160024,Cade Bowring,Southern Utah,UAC,2024,,,,,,,,,,,,,2,3,0,2,1.0
5160025,Niko Alailefaleula,Southern Utah,UAC,2024,,,,,,,,8,1,0,8,8.0,3,36,0,50,16.7
5160051,Anson Kraut,Southern Utah,UAC,2024,,,,,,,,18,2,0,29,14.5,,,,,
5160086,Desirrio Riles,East Carolina,American Athletic,2024,,,,,,,,32,8,2,83,10.4,,,,,
5160102,Adam Jacklin,UTEP,Conference USA,2024,1,0,0,0.000,0,0,0.0,,,,,,,,,,
5160110,Jahdae Walker,Texas A&M,SEC,2024,,,,,,,,40,29,2,345,11.9,3,6,0,12,4.0
5160131,Adam Moore,SMU,ACC,2024,,,,,,,,8,2,0,12,6.0,,,,,
5160151,Cole Sprague,Temple,American Athletic,2024,,,,,,,,4,1,0,4,4.0,,,,,
5160224,Trip Maxwell,Stetson,Pioneer,2024,50,23,3,0.460,4,252,5.0,,,,,,9,5,0,-32,-3.6
5160228,Dorian Smith,South Alabama,Sun Belt,2024,,,,,,,,,,,,,1,9,0,9,9.0
5160572,Jeremiah Colclough,Wagner,NEC,2024,,,,,,,,77,8,1,158,19.8,4,2,0,-1,-0.3
5160581,Sekou Kamau,Wagner,NEC,2024,,,,,,,,11,13,1,87,6.7,59,47,1,342,5.8
5160593,Teree McDonald,Wagner,NEC,2024,,,,,,,,80,26,5,309,11.9,2,2,0,0,0.0
5160641,Logan Galletta,Lehigh,Patriot,2024,,,,,,,,42,10,1,142,14.2,,,,,
5160651,Atticus Bertrams,Wisconsin,Big Ten,2024,,,,,,,,,,,,,1,15,0,15,15.0
5160661,Kerrick Ross,Mississippi Valley State,SWAC,2024,,,,,,,,34,27,3,288,10.7,6,7,0,19,3.2
5160663,Ty'Jarian Williams,Mississippi Valley State,SWAC,2024,246,132,12,0.537,11,1703,6.9,,,,,,137,26,6,334,2.4
5160670,Alexander Davis,Mississippi Valley State,SWAC,2024,,,,,,,,,,,,,2,0,0,-12,-6.0
5160730,Max Cutforth,Boise State,Mountain West,2024,2,2,0,1.000,0,13,6.5,,,,,,,,,,
5160734,Troy Wilkey,Boise State,Mountain West,2024,,,,,,,,,,,,,4,6,0,15,3.8
5160945,Chris Edmonds,Bowling Green,Mid-American,2024,,,,,,,,,,,,,2,5,0,8,4.0
5160949,Jared Merk,Bowling Green,Mid-American,2024,,,,,,,,15,1,0,15,15.0,,,,,
5160955,Jojo Phillips,BYU,Big 12,2024,,,,,,,,57,10,2,211,21.1,,,,,
5161149,Anthony Benzija,Stetson,Pioneer,2024,,,,,,,,,,,,,9,21,3,40,4.4
5161155,Beau Bankston,Stetson,Pioneer,2024,,,,,,,,13,2,0,19,9.5,,,,,
5161159,Chris Stephenson,Stetson,Pioneer,2024,7,2,1,0.286,0,18,2.6,,,,,,1,9,0,9,9.0
5161161,James Yoest,Stetson,Pioneer,2024,1,1,0,1.000,0,16,16.0,14,6,0,47,7.8,1,0,0,-15,-15.0
5161162,Ronnel Johnson,Stetson,Pioneer,2024,,,,,,,,71,33,2,438,13.3,1,0,0,0,0.0
5161193,Wyatt Rogers,Stetson,Pioneer,2024,,,,,,,,9,5,0,35,7.0,,,,,
5161194,Jacque Holley,Stetson,Pioneer,2024,,,,,,,,41,3,1,47,15.7,,,,,
5161195,Brayden Miller,Stetson,Pioneer,2024,,,,,,,,45,22,1,287,13.0,,,,,
5161226,Lake Bennett,East Texas A&M,Southland,2024,,,,,,,,4,1,0,4,4.0,,,,,
5161235,Jordon Hamilton,East Texas A&M,Southland,2024,,,,,,,,22,3,1,46,15.3,5,8,0,21,4.2
5161250,Zayden Davis,East Texas A&M,Southland,2024,,,,,,,,4,1,0,4,4.0,,,,,
5161253,Devin Matthews,East Texas A&M,Southland,2024,,,,,,,,5,1,0,5,5.0,,,,,
5161262,Tramar Gilbert,East Texas A&M,Southland,2024,,,,,,,,,,,,,1,1,0,1,1.0
5161638,Tyler Chandler,Syracuse,ACC,2024,,,,,,,,,,,,,1,1,0,1,1.0
5161735,Easton Miller,Iowa State,Big 12,2024,,,,,,,,,,,,,2,4,0,7,3.5
5161800,Viron Ellison Jr.,Tulsa,American Athletic,2024,,,,,,,,23,14,1,90,6.4,62,32,1,353,5.7
5161891,Joseph Moreland,Northwestern State,Southland,2024,,,,,,,,24,8,0,88,11.0,,,,,
5161958,KJ Fields,North Alabama,UAC,2024,,,,,,,,37,8,0,121,15.1,4,8,0,14,3.5
5161959,Adam Watford,North Alabama,UAC,2024,,,,,,,,,,,,,1,21,0,21,21.0
5162103,Brian Trobel,Mercyhurst,NEC,2024,,,,,,,,35,11,2,136,12.4,80,56,4,428,5.4
5162161,Teagan Brown,Edinboro University,Pennsylvania State Athletic,2024,,,,,,,,29,8,1,80,10.0,1,1,0,1,1.0
5162173,Duke Miller,Alabama A&M,SWAC,2024,,,,,,,,38,23,2,309,13.4,,,,,
5162252,Kaden Cooper,North Alabama,UAC,2024,,,,,,,,21,3,0,26,8.7,7,23,0,41,5.9
5162384,Kj Reed,Fordham,Patriot,2024,,,,,,,,41,16,1,156,9.8,1,5,0,5,5.0
5162399,Darius Copeland,Liberty,Conference USA,2024,,,,,,,,13,5,0,38,7.6,1,7,0,7,7.0
5162540,Jimmyll Williams,Virginia St,CIAA,2024,,,,,,,,8,3,0,15,5.0,21,13,1,60,2.9
5162619,Jayce Gardner,Middle Tennessee,Conference USA,2024,,,,,,,,,,,,,1,8,0,8,8.0
5162649,Tylon Webb,Kentucky State,SIAC,2024,,,,,,,,7,2,0,7,3.5,,,,,
5162845,Jacqez Barksdale,Buffalo,Mid-American,2024,,,,,,,,15,5,0,26,5.2,82,19,2,306,3.7
5162879,Tylor Latham,Air Force,Mountain West,2024,,,,,,,,34,6,1,93,15.5,22,20,1,62,2.8
5162978,Devin Herring,Alabama A&M,SWAC,2024,,,,,,,,25,19,0,273,14.4,,,,,
5163009,Roriyon Richardson,Texas Southern,SWAC,2024,,,,,,,,11,3,0,20,6.7,,,,,
5163021,Jacob Godfrey,UL Monroe,Sun Belt,2024,,,,,,,,57,24,2,265,11.0,1,22,0,22,22.0
5163022,Ezra Sexton,East Tennessee State,Southern,2024,,,,,,,,,,,,,1,1,0,1,1.0
5163745,Jalyn Gramstad,Nebraska,Big Ten,2024,3,1,0,0.333,0,11,3.7,,,,,,1,2,0,2,2.0
5164567,Kevin White,North Carolina A&T,CAA,2024,74,45,1,0.608,1,427,5.8,,,,,,24,20,1,49,2.0
5164570,Jailen Hicks,North Carolina A&T,CAA,2024,,,,,,,,7,1,0,7,7.0,6,5,0,7,1.2
5164571,Shimique Blizzard,North Carolina A&T,CAA,2024,,,,,,,,26,11,0,80,7.3,103,39,3,400,3.9
5164580,Darren Bennett,Jackson State,SWAC,2024,,,,,,,,22,1,0,22,22.0,,,,,
5164581,Jayvonne Dillard,North Carolina A&T,CAA,2024,,,,,,,,43,32,0,386,12.1,3,8,0,16,5.3
5164606,Stemarion Edwards,Alcorn State,SWAC,2024,,,,,,,,73,1,1,73,73.0,,,,,
5164609,Damien Jones,Alcorn State,SWAC,2024,,,,,,,,42,31,1,269,8.7,2,2,0,2,1.0
5164610,Clinton McKinney,Alcorn State,SWAC,2024,,,,,,,,7,1,0,7,7.0,,,,,
5164721,Zolten Osbourne,Charleston Southern,Big South-OVC,2024,19,10,2,0.526,0,81,4.3,,,,,,3,0,0,-34,-11.3
5164725,Tyson Greenwade,Charleston Southern,Big South-OVC,2024,,,,,,,,25,6,0,53,8.8,100,54,3,463,4.6
5164730,Autavius Ison,Charleston Southern,Big South-OVC,2024,,,,,,,,15,9,0,67,7.4,169,39,4,779,4.6
5164749,Noah Jennings,Charleston Southern,Big South-OVC,2024,,,,,,,,31,44,3,447,10.2,2,29,0,38,19.0
5164751,Mehki Larronte Campfield,Charleston Southern,Big South-OVC,2024,,,,,,,,12,7,0,42,6.0,,,,,
5164887,Xavier Williams,Middle Tennessee,Conference USA,2024,,,,,,,,,,,,,4,4,0,8,2.0
5165054,Clarence Butler,Weber State,Big Sky,2024,,,,,,,,12,4,0,25,6.3,22,61,0,141,6.4
5165074,Jalen Smith,Lindenwood,Big South-OVC,2024,,,,,,,,22,9,0,103,11.4,,,,,
5165078,Steve Hall,Lindenwood,Big South-OVC,2024,,,,,,,,25,13,0,80,6.2,111,93,5,808,7.3
5165086,Cole Watson,Lindenwood,Big South-OVC,2024,,,,,,,,11,3,0,18,6.0,,,,,
5165094,Mac Busteed,Lindenwood,Big South-OVC,2024,,,,,,,,0,1,0,0,0.0,,,,,
5165109,Deshaun Buchanan,Idaho,Big Sky,2024,,,,,,,,21,7,0,50,7.1,75,72,5,548,7.3
5165112,Jack Wagner,Idaho,Big Sky,2024,167,90,5,0.539,11,1320,7.9,,,,,,31,11,0,23,0.7
5165116,Emmerson Cortez-Menjivar,Idaho,Big Sky,2024,1,1,0,1.000,0,7,7.0,41,14,4,200,14.3,9,53,0,83,9.2
5165117,Mark Hamper,Idaho,Big Sky,2024,,,,,,,,74,48,6,966,20.1,7,10,0,32,4.6
5165118,Nick Josifek,Idaho,Big Sky,2024,37,21,0,0.568,2,264,7.1,,,,,,12,21,0,34,2.8
5165124,Art Williams,Idaho,Big Sky,2024,,,,,,,,0,1,0,-6,-6.0,66,35,2,360,5.5
5165127,Carlos Matheney,Idaho,Big Sky,2024,,,,,,,,,,,,,3,9,1,8,2.7
5165140,Lj Harn,Idaho,Big Sky,2024,,,,,,,,7,1,0,7,7.0,,,,,
5165154,Mason Mini,Idaho,Big Sky,2024,,,,,,,,27,5,0,61,12.2,,,,,
5165467,Nicholas Dunneman,Georgetown,Patriot,2024,,,,,,,,32,48,4,433,9.0,5,16,0,23,4.6
5165468,Isaiah Grimes,Georgetown,Patriot,2024,,,,,,,,12,4,1,29,7.3,,,,,
5165478,Teddy Wilson,East Tennessee State,Southern,2024,,,,,,,,,,,,,1,0,0,0,0.0
5165586,Kia'i Keone,Northern Colorado,Big Sky,2024,160,90,7,0.563,1,796,5.0,,,,,,65,21,2,182,2.8
5165654,Evan Shafer,Montana,Big Sky,2024,,,,,,,,20,6,0,61,10.2,,,,,
5165734,Josh Robinson,Illinois State,MVFC,2024,,,,,,,,5,5,0,8,1.6,24,18,0,68,2.8
5165747,Malik Dotson,Eastern Washington,Big Sky,2024,,,,,,,,34,12,0,153,12.8,85,31,4,505,5.9
5165884,Dom Nankil,San Diego,Pioneer,2024,1,0,0,0.000,0,0,0.0,,,,,,2,18,0,9,4.5
5165891,Jacob Rodriguez,Fordham,Patriot,2024,,,,,,,,10,2,0,15,7.5,30,29,0,126,4.2
5165909,Jason Palmieri,Sacred Heart,FCS Independents,2024,,,,,,,,11,1,0,11,11.0,,,,,
5165911,John Michalski,Sacred Heart,FCS Independents,2024,230,128,6,0.557,5,1208,5.3,,,,,,127,37,6,418,3.3
5165931,Nicholas Yanchuk,Sacred Heart,FCS Independents,2024,,,,,,,,,,,,,6,9,0,32,5.3
5165965,Logan Lyson,Sacred Heart,FCS Independents,2024,,,,,,,,11,5,1,28,5.6,,,,,
5166083,Dennis Moody,North Alabama,UAC,2024,,,,,,,,6,5,0,12,2.4,61,26,0,253,4.1
5166161,Scottre Humphrey,Montana State,Big Sky,2024,,,,,,,,,,,,,199,79,16,1393,7.0
5166204,Jonathan Lewis,Texas Southern,SWAC,2024,,,,,,,,,,,,,1,2,0,2,2.0
5166308,Adam Jones,Montana State,Big Sky,2024,,,,,,,,56,21,1,234,11.1,175,93,13,1085,6.2
5166609,Donovan Snyder,Stetson,Pioneer,2024,,,,,,,,13,7,0,33,4.7,68,18,1,256,3.8
5167252,Duncan Brune,Ohio,Mid-American,2024,,,,,,,,,,,,,26,8,1,84,3.2
5167511,Jaquel Fells,Miles College,SIAC,2024,,,,,,,,13,5,0,24,4.8,,,,,
5167513,Travaunta Abner,Miles College,SIAC,2024,,,,,,,,21,4,0,57,14.3,,,,,
5168288,Maurice Mazzccua,Nebraska,Big Ten,2024,,,,,,,,,,,,,5,5,0,8,1.6
5168615,Molayo Irefin,Maine,CAA,2024,,,,,,,,44,19,1,302,15.9,2,0,0,-5,-2.5
5168665,Chandler Wilson,VMI,Southern,2024,109,53,6,0.486,3,424,3.9,,,,,,29,11,0,-21,-0.7
5168713,Tommy Donovan,Illinois State,MVFC,2024,,,,,,,,4,2,0,7,3.5,,,,,
5168721,Hayden Futch,Illinois State,MVFC,2024,,,,,,,,,,,,,2,0,0,-12,-6.0
5168770,Carver Cheeks,Northern Colorado,Big Sky,2024,,,,,,,,75,23,3,371,16.1,1,4,0,4,4.0
5168788,Brayden Munroe,Northern Colorado,Big Sky,2024,,,,,,,,50,37,3,447,12.1,,,,,
5168803,Thurman Rayborn,Texas Southern,SWAC,2024,,,,,,,,,,,,,1,0,0,0,0.0
5168808,Jordan Davis,Texas Southern,SWAC,2024,61,35,2,0.574,3,382,6.3,,,,,,51,18,1,142,2.8
5168829,Mark-Anthony Scott Jr.,Buffalo,Mid-American,2024,,,,,,,,-1,1,0,-1,-1.0,6,10,0,22,3.7
5168833,Jacob Trimble,Montana State,Big Sky,2024,,,,,,,,23,3,0,41,13.7,1,4,0,4,4.0
5168837,Dorian Harris,Morgan State,MEAC,2024,,,,,,,,,,,,,22,25,1,106,4.8
5168850,Malique Leatherbury,Morgan State,MEAC,2024,,,,,,,,46,29,1,250,8.6,4,11,1,7,1.8
5169036,Gavin Rutherford,Stephen F. Austin,Southland,2024,122,75,2,0.615,4,836,6.9,,,,,,48,25,3,68,1.4
5169039,Jaylen Jenkins,Stephen F. Austin,Southland,2024,,,,,,,,27,3,0,48,16.0,96,72,3,554,5.8
5169238,Jayden Ivory,St. Francis (PA),NEC,2024,,,,,,,,30,22,0,268,12.2,,,,,
5169245,Ethan Shine,Robert Morris,NEC,2024,,,,,,,,26,5,1,75,15.0,5,24,1,31,6.2
5169252,Chaz Middleton,Robert Morris,NEC,2024,,,,,,,,18,7,2,64,9.1,,,,,
5170865,Xaviah Bascon,Harvard,Ivy,2024,,,,,,,,23,10,1,92,9.2,126,31,5,540,4.3
5170882,Quenton Rogers,Eastern Illinois,Big South-OVC,2024,,,,,,,,62,22,1,349,15.9,,,,,
5171031,Matt Vezza,New Hampshire,CAA,2024,18,14,0,0.778,1,136,7.6,,,,,,7,12,0,28,4.0
5171047,Dylan Evans,New Hampshire,CAA,2024,,,,,,,,36,2,0,45,22.5,,,,,
5171048,Zachary Kim,New Hampshire,CAA,2024,,,,,,,,20,5,0,50,10.0,,,,,
5172036,JC Evans,James Madison,Sun Belt,2024,1,1,0,1.000,1,1,1.0,,,,,,15,27,1,80,5.3
5172260,Cash Cheeks,Northern Colorado,Big Sky,2024,,,,,,,,27,15,0,155,10.3,,,,,
5172403,Alec Clark,Marshall,Sun Belt,2024,,,,,,,,,,,,,1,0,0,-6,-6.0
5172415,Dez Thomas II,Georgetown,Patriot,2024,3,2,0,0.667,0,19,6.3,,,,,,2,1,0,2,1.0
5172447,Evan Roach,Morehead State,Pioneer,2024,,,,,,,,,,,,,4,22,0,34,8.5
5172582,Sione Nomani,San José State,Mountain West,2024,,,,,,,,-3,1,0,-3,-3.0,,,,,
5172595,Javonte King,Montana State,Big Sky,2024,,,,,,,,7,4,0,16,4.0,,,,,
5172597,Patrick Duchien,Montana State,Big Sky,2024,,,,,,,,,,,,,1,4,0,4,4.0
5172600,Colson Coon,Montana State,Big Sky,2024,,,,,,,,14,2,0,18,9.0,57,50,1,346,6.1
5172608,Hunter Provience,Montana State,Big Sky,2024,,,,,,,,25,8,1,118,14.8,,,,,
5172633,Connor Bonesio,UC Davis,Big Sky,2024,,,,,,,,2,1,0,2,2.0,,,,,
5173431,Wayshawn Parker,Washington State,Pac-12,2024,,,,,,,,52,10,1,100,10.0,137,75,4,735,5.4
5173438,Ja'Meer Thomas,Syracuse,ACC,2024,,,,,,,,,,,,,2,1,0,2,1.0
5174062,Dante Torres,Harvard,Ivy,2024,1,1,0,1.000,0,15,15.0,,,,,,,,,,
5174080,Seamus Gilmartin,Harvard,Ivy,2024,,,,,,,,54,18,4,379,21.1,,,,,
5174993,Kenneth Williams,Nebraska,Big Ten,2024,,,,,,,,,,,,,1,5,0,5,5.0
5175121,Kevin Emmanuel,Murray State,MVFC,2024,,,,,,,,2,2,0,2,1.0,23,18,1,107,4.7
5175334,Bryson Donelson,Fresno State,Mountain West,2024,,,,,,,,14,21,1,94,4.5,78,43,3,472,6.1
5177445,Christian Pitts,Alabama State,SWAC,2024,,,,,,,,4,1,0,4,4.0,,,,,
5177568,Kai Acia,UC Davis,Big Sky,2024,,,,,,,,,,,,,5,8,0,16,3.2
5178972,Jakobie Keeney-James,Massachusetts,FBS Independents,2024,,,,,,,,75,51,6,870,17.1,,,,,
5182142,Andrew Ritter,Florida A&M,SWAC,2024,,,,,,,,17,1,0,17,17.0,,,,,
5182253,Jaden Gilbert,Youngstown State,MVFC,2024,,,,,,,,5,3,0,9,3.0,18,36,1,117,6.5
5186586,Ty Clark III,Wake Forest,ACC,2024,,,,,,,,1,1,0,1,1.0,13,14,0,57,4.4
5189530,Joseph Williams,Tulsa,American Athletic,2024,,,,,,,,72,30,5,588,19.6,1,6,0,6,6.0
5191162,Alberto Mendoza,Indiana,Big Ten,2024,1,1,0,1.000,0,6,6.0,,,,,,2,2,0,-3,-1.5
5192899,Ashten Emory,UTEP,Conference USA,2024,,,,,,,,6,2,0,12,6.0,6,9,0,23,3.8
5192958,Dominic Overby,Iowa State,Big 12,2024,,,,,,,,9,1,0,9,9.0,,,,,
5193089,Alvon Isaac,South Florida,American Athletic,2024,,,,,,,,,,,,,6,25,1,50,8.3
5193102,Miles Burris,Charlotte,American Athletic,2024,,,,,,,,48,2,0,64,32.0,,,,,
5193112,Jalen Dupree,Colorado State,Mountain West,2024,,,,,,,,2,1,0,2,2.0,25,24,1,153,6.1
5193217,Jonathan Bibbs,UL Monroe,Sun Belt,2024,,,,,,,,65,1,1,65,65.0,,,,,
5193224,Fred Robertson,Louisiana Tech,Conference USA,2024,,,,,,,,30,6,0,43,7.2,33,20,0,126,3.8
5193270,D'Shawntae Jones,Miami (OH),Mid-American,2024,,,,,,,,,,,,,1,2,0,2,2.0
5193274,Cade Wolford,Kent State,Mid-American,2024,,,,,,,,,,,,,4,4,0,10,2.5
5193277,George Dimopoulos,Northern Illinois,Mid-American,2024,1,1,0,1.000,1,25,25.0,14,6,0,57,9.5,2,7,0,11,5.5
5193282,JP Pickles,UTEP,Conference USA,2024,50,29,1,0.580,0,218,4.4,,,,,,39,17,1,133,3.4
5193292,La'Don Bryant,Northern Illinois,Mid-American,2024,,,,,,,,28,2,0,38,19.0,,,,,
5193298,Chris Durr Jr.,Wyoming,Mountain West,2024,,,,,,,,40,31,1,348,11.2,1,3,0,3,3.0
5193302,Telly Johnson Jr.,Northern Illinois,Mid-American,2024,,,,,,,,2,2,0,3,1.5,103,38,4,480,4.7
5193325,Jake Wilson,Wyoming,Mountain West,2024,,,,,,,,,,,,,1,0,0,-1,-1.0
5193343,Jim Ogle,Murray State,MVFC,2024,43,17,4,0.395,0,200,4.7,,,,,,12,17,0,32,2.7
5193346,Quinn Henicle,Old Dominion,Sun Belt,2024,25,14,1,0.560,2,181,7.2,,,,,,34,92,3,278,8.2
5193351,Krosse Johnson,Arkansas,SEC,2024,,,,,,,,15,2,0,25,12.5,,,,,
5193492,Ryan Boe,Northwestern,Big Ten,2024,13,4,1,0.308,0,42,3.2,,,,,,1,0,0,-15,-15.0
5193496,Jay Harris,Oregon,Big Ten,2024,,,,,,,,2,1,0,2,2.0,10,12,1,35,3.5
5193580,Cameron Dickey,Texas Tech,Big 12,2024,,,,,,,,12,9,1,47,5.2,40,37,1,224,5.6
5193656,Guy Gillespie,Nevada,Mountain West,2024,,,,,,,,,,,,,2,0,0,-22,-11.0
5193926,Cameran Brown,Texas Tech,Big 12,2024,9,4,1,0.444,0,11,1.2,,,,,,8,22,0,83,10.4
5194308,Kyle Koch,North Texas,American Athletic,2024,,,,,,,,5,1,0,5,5.0,1,9,0,9,9.0
5194309,Mekhi Anderson,UTSA,American Athletic,2024,,,,,,,,,,,,,1,4,0,4,4.0
5194576,Jaden Richardson,USC,Big Ten,2024,,,,,,,,19,1,0,19,19.0,,,,,
5194625,Jaden Robinson,Kennesaw State,Conference USA,2024,,,,,,,,41,11,0,154,14.0,,,,,
5194626,Roman Gagliano,Middle Tennessee,Conference USA,2024,9,4,0,0.444,0,41,4.6,,,,,,2,9,0,5,2.5
5194659,James McNeil Jr.,Buffalo,Mid-American,2024,,,,,,,,,,,,,2,13,0,15,7.5
5194702,Ahmir Smith,Northern Illinois,Mid-American,2024,,,,,,,,,,,,,3,5,0,4,1.3
5194795,Na'eem Abdul-Rahim Gladding,Old Dominion,Sun Belt,2024,,,,,,,,10,2,1,19,9.5,,,,,
5195952,Wondame Davis Jr.,UTEP,Conference USA,2024,,,,,,,,7,1,0,7,7.0,,,,,
5196024,Tyreek Robinson,Pittsburgh,ACC,2024,,,,,,,,20,3,0,27,9.0,,,,,
5197034,Malachi Thomas,Pittsburgh,ACC,2024,,,,,,,,21,2,1,22,11.0,,,,,
5197065,Ahmad Hardy,UL Monroe,Sun Belt,2024,,,,,,,,53,8,0,72,9.0,237,80,13,1352,5.7
5197123,Nate Rogers,UAB,American Athletic,2024,1,1,0,1.000,0,-9,-9.0,,,,,,,,,,
5209945,Antwan Raymond,Rutgers,Big Ten,2024,,,,,,,,19,3,0,44,14.7,100,65,8,457,4.6
5218168,Bubba Hampton,Alabama,SEC,2024,,,,,,,,6,1,0,6,6.0,,,,,
5218492,Mel Brown,UConn,FBS Independents,2024,,,,,,,,,,,,,14,22,0,87,6.2
5218582,Jaden Reddell,Georgia,SEC,2024,,,,,,,,13,2,0,18,9.0,,,,,
5218583,Wade Penn,Georgia,SEC,2024,,,,,,,,,,,,,3,6,0,15,5.0
5218592,Henry Delp,Georgia,SEC,2024,,,,,,,,21,2,0,18,9.0,,,,,
5218633,Ryan Wingo,Texas,SEC,2024,,,,,,,,75,27,2,423,15.7,5,55,0,100,20.0
5218636,Reid Watkins,Texas,SEC,2024,,,,,,,,,,,,,4,6,0,15,3.8
5218700,Tyrell Reed Jr.,Arkansas,SEC,2024,,,,,,,,47,1,1,47,47.0,6,10,1,36,6.0
5218753,T.J. Moore,Clemson,ACC,2024,,,,,,,,41,45,5,651,14.5,,,,,
5218767,Jacob Jordan,Oklahoma,SEC,2024,,,,,,,,27,27,1,234,8.7,1,3,0,3,3.0
5218787,Que'Sean Brown,Duke,ACC,2024,,,,,,,,43,41,2,445,10.9,2,1,0,1,0.5
5218820,Johnnie Daniels,Mississippi State,SEC,2024,,,,,,,,29,8,0,76,9.5,108,36,4,540,5.0
5218872,Christian Vaughn,Hawai'i,Mountain West,2024,,,,,,,,,,,,,17,30,0,109,6.4
5218880,Blaze Kamoku,Hawai'i,Mountain West,2024,,,,,,,,6,2,0,11,5.5,,,,,
5218881,Tama Uiliata,Hawai'i,Mountain West,2024,,,,,,,,10,3,0,24,8.0,,,,,
5218907,Luke Harpring,Georgia Tech,ACC,2024,,,,,,,,27,3,0,43,14.3,,,,,
5218961,Fame Ijeboi,Minnesota,Big Ten,2024,,,,,,,,,,,,,2,13,0,13,6.5
5218971,Will Perry,Massachusetts,FBS Independents,2024,11,7,0,0.636,1,72,6.5,,,,,,1,2,0,2,2.0
5219011,EJ Reid,Wake Forest,ACC,2024,,,,,,,,,,,,,1,3,0,3,3.0
5219016,John Henderson,Bowling Green,Mid-American,2024,,,,,,,,,,,,,4,29,0,50,12.5
5219086,Leland Smith,Purdue,Big Ten,2024,,,,,,,,31,6,2,72,12.0,,,,,
5219089,Antonio Harris,Purdue,Big Ten,2024,,,,,,,,,,,,,1,4,0,4,4.0
5219110,Kayden Chan,Boise State,Mountain West,2024,,,,,,,,6,1,0,6,6.0,,,,,
5219119,Jordan Washington,Washington,Big Ten,2024,,,,,,,,,,,,,3,5,0,7,2.3
5219136,Tommy Maher,Colorado State,Mountain West,2024,,,,,,,,53,4,1,99,24.8,2,5,0,-16,-8.0
5219140,Jeremiah Patterson,Arizona,Big 12,2024,,,,,,,,21,26,2,196,7.5,2,0,0,-2,-1.0
5219143,Kayden Luke,Arizona,Big 12,2024,,,,,,,,,,,,,5,11,0,20,4.0
5219164,Tyrane Stewart,North Carolina,ACC,2024,,,,,,,,,,,,,1,0,0,-7,-7.0
5219169,Charleston French,North Carolina,ACC,2024,,,,,,,,2,1,0,2,2.0,10,45,1,84,8.4
5219225,Zach Hernandez,SMU,ACC,2024,,,,,,,,,,,,,5,4,0,10,2.0
5219242,Marcus Brown,Stanford,ACC,2024,,,,,,,,7,1,0,7,7.0,,,,,
5219258,Aiden Flora,Iowa State,Big 12,2024,,,,,,,,6,1,0,6,6.0,11,15,1,53,4.8
5219270,Lyndon Ravare,Fresno State,Mountain West,2024,,,,,,,,8,4,0,22,5.5,,,,,
5219476,Isaiah Myers,Charlotte,American Athletic,2024,,,,,,,,37,13,3,237,18.2,,,,,
5219505,Ayo Shotomide-King,Oklahoma State,Big 12,2024,,,,,,,,13,5,0,48,9.6,,,,,
5219641,Cody Hagen,BYU,Big 12,2024,,,,,,,,16,3,0,29,9.7,,,,,
5219642,Pokaiaua Haunga,BYU,Big 12,2024,,,,,,,,13,5,0,43,8.6,17,14,0,76,4.5
5219671,Tremonte Underwood Jr.,Florida Atlantic,American Athletic,2024,,,,,,,,,,,,,2,10,0,16,8.0
5219678,Joseph Young,Florida Atlantic,American Athletic,2024,,,,,,,,22,2,0,41,20.5,,,,,
5219683,Jett Coolman,Florida Atlantic,American Athletic,2024,,,,,,,,9,1,0,9,9.0,,,,,
5219689,Sione I Moa,BYU,Big 12,2024,,,,,,,,12,4,0,29,7.3,23,24,3,127,5.5
5219693,Solomon Beebe,UAB,American Athletic,2024,,,,,,,,7,2,0,12,6.0,22,16,1,81,3.7
5219702,Xavier Daisy,UAB,American Athletic,2024,,,,,,,,24,1,0,24,24.0,,,,,
5219834,Drew Mestemaker,North Texas,American Athletic,2024,46,30,2,0.652,2,462,10.0,,,,,,14,70,1,87,6.2
5219835,Oscar Hammond,North Texas,American Athletic,2024,,,,,,,,38,19,1,238,12.5,,,,,
5219854,Almari Brown,Stetson,Pioneer,2024,,,,,,,,25,15,1,79,5.3,24,20,0,69,2.9
5219863,Tyrei Washington,Temple,American Athletic,2024,,,,,,,,6,2,0,8,4.0,3,2,0,2,0.7
5219864,Terrez Worthy,Temple,American Athletic,2024,,,,,,,,13,16,0,65,4.1,79,75,4,425,5.4
5219865,Ashton Allen,Temple,American Athletic,2024,,,,,,,,60,24,2,324,13.5,6,22,0,55,9.2
5219878,Daniel Evert,Temple,American Athletic,2024,,,,,,,,54,8,2,143,17.9,1,2,0,2,2.0
5219898,Drew Devillier,Rice,American Athletic,2024,38,20,0,0.526,0,137,3.6,,,,,,9,10,0,20,2.2
5219931,Romelo Ware,Northern Illinois,Mid-American,2024,,,,,,,,9,1,0,9,9.0,,,,,
5219999,Omar Shah,Utah,Big 12,2024,,,,,,,,,,,,,1,0,0,0,0.0
5220011,Dante Daniels,NC State,ACC,2024,,,,,,,,14,3,1,32,10.7,,,,,
5220052,Jayvin Norman,Eastern Michigan,Mid-American,2024,,,,,,,,,,,,,4,3,0,8,2.0
5220111,Adam Hill,Texas Tech,Big 12,2024,,,,,,,,,,,,,1,1,0,1,1.0
5220125,Dane Nauman,Toledo,Mid-American,2024,,,,,,,,14,1,0,14,14.0,6,3,0,15,2.5
5220195,Rod Gibbs,South Alabama,Sun Belt,2024,,,,,,,,4,1,0,4,4.0,,,,,
5220197,Fluff Bothwell,South Alabama,Sun Belt,2024,,,,,,,,28,12,0,90,7.5,112,59,13,834,7.4
5220215,Amir McGruder,UL Monroe,Sun Belt,2024,,,,,,,,10,2,0,15,7.5,,,,,
5220219,Wesley Campbell VI,UL Monroe,Sun Belt,2024,,,,,,,,16,6,0,55,9.2,,,,,
5220222,Javon Campbell,UL Monroe,Sun Belt,2024,,,,,,,,44,8,1,176,22.0,,,,,
5220253,James Jones,UL Monroe,Sun Belt,2024,,,,,,,,41,4,2,80,20.0,79,24,1,336,4.3
5220254,Ozarrio Smith,UL Monroe,Sun Belt,2024,,,,,,,,,,,,,7,11,0,16,2.3
5220256,Donte Lee Jr,Liberty,Conference USA,2024,,,,,,,,24,10,1,148,14.8,,,,,
5220333,Trae Swartz,Troy,Sun Belt,2024,,,,,,,,20,4,2,41,10.3,,,,,
5220340,Omiri Wiggins,Louisiana Tech,Conference USA,2024,,,,,,,,16,20,2,126,6.3,111,35,4,527,4.7
5220352,Hunter Tipton,Louisiana Tech,Conference USA,2024,,,,,,,,13,5,0,23,4.6,1,0,0,0,0.0
5220390,Evan Poticher,Middle Tennessee,Conference USA,2024,,,,,,,,10,6,0,45,7.5,,,,,
5220423,Michael Phoenix II,Sam Houston,Conference USA,2024,,,,,,,,50,15,3,219,14.6,3,4,0,-5,-1.7
5220424,Hunter Watson,Sam Houston,Conference USA,2024,281,175,8,0.623,12,1811,6.4,,,,,,168,46,9,647,3.9
5220470,Myles Slade,Navy,American Athletic,2024,,,,,,,,14,1,0,14,14.0,,,,,
5220473,Jackson Gutierrez,Navy,American Athletic,2024,,,,,,,,,,,,,5,7,0,20,4.0
5220474,Mikey Pearson II,Navy,American Athletic,2024,,,,,,,,,,,,,2,9,0,14,7.0
5220545,Trey Olsen,Wyoming,Mountain West,2024,,,,,,,,4,1,0,4,4.0,,,,,
5220547,Jack Harvey,Wyoming,Mountain West,2024,,,,,,,,3,1,0,3,3.0,,,,,
5220614,Jacob Stewart,San José State,Mountain West,2024,,,,,,,,37,34,3,287,8.4,1,0,0,-9,-9.0
5220665,Nick Floyd,Utah State,Mountain West,2024,,,,,,,,,,,,,5,53,0,64,12.8
5220666,Derrick Jameson,Utah State,Mountain West,2024,,,,,,,,,,,,,15,72,2,140,9.3
5220671,Herschel Turner,Utah State,Mountain West,2024,,,,,,,,11,12,0,71,5.9,79,43,4,405,5.1
5220680,Ted Hurst,Georgia State,Sun Belt,2024,,,,,,,,76,56,9,961,17.2,,,,,
5220681,Petey Tucker,Georgia State,Sun Belt,2024,,,,,,,,29,30,0,324,10.8,,,,,
5220683,Phoenix Moss,Georgia State,Sun Belt,2024,,,,,,,,,,,,,2,0,0,-4,-2.0
5220697,Keron Milton,Georgia State,Sun Belt,2024,,,,,,,,15,1,0,15,15.0,,,,,
5220780,Jahrique Lowe,New Mexico State,Conference USA,2024,,,,,,,,13,1,0,13,13.0,,,,,
5220782,Brandon Nunez,New Mexico State,Conference USA,2024,30,12,1,0.400,2,89,3.0,,,,,,26,15,2,92,3.5
5220783,Parker Awad,New Mexico State,Conference USA,2024,159,74,4,0.465,7,1079,6.8,,,,,,60,25,1,109,1.8
5220785,TJ Pride,New Mexico State,Conference USA,2024,,,,,,,,53,34,2,374,11.0,5,14,0,43,8.6
5221043,Walker Lyons,USC,Big Ten,2024,,,,,,,,11,6,0,36,6.0,,,,,
5221058,Damon Sisa,Arkansas State,Sun Belt,2024,,,,,,,,,,,,,1,1,0,1,1.0
5221074,Tray Taylor,Coastal Carolina,Sun Belt,2024,,,,,,,,59,18,1,262,14.6,6,26,0,58,9.7
5221078,Alex Walker,Coastal Carolina,Sun Belt,2024,,,,,,,,,,,,,1,0,0,-3,-3.0
5221079,Cameron Wright,Coastal Carolina,Sun Belt,2024,,,,,,,,58,19,2,314,16.5,,,,,
5221080,Antonio Molder II,Coastal Carolina,Sun Belt,2024,,,,,,,,,,,,,2,10,0,14,7.0
5221081,Matt Pack Jr.,Coastal Carolina,Sun Belt,2024,,,,,,,,,,,,,7,6,0,17,2.4
5221100,Emile Sebafundi,Coastal Carolina,Sun Belt,2024,1,0,1,0.000,0,0,0.0,,,,,,,,,,
5221381,Tony Freeman,Washington State,Pac-12,2024,,,,,,,,38,8,0,125,15.6,1,7,0,7,7.0
5221569,Lucas Scheerhorn,Kennesaw State,Conference USA,2024,3,1,1,0.333,0,1,0.3,,,,,,1,0,0,-14,-14.0
5221590,Tre' Holloway,Wheeling,Mountain East,2024,,,,,,,,52,6,2,125,20.8,1,4,0,4,4.0
5222190,Joseph Hagman,Baylor,Big 12,2024,,,,,,,,,,,,,4,10,0,16,4.0
5222221,Tank Hawkins,Florida,SEC,2024,,,,,,,,36,10,1,100,10.0,3,5,0,11,3.7
5222223,KD Daniels,Florida,SEC,2024,,,,,,,,,,,,,11,25,1,77,7.0
5222380,Conner Muldowney,Kent State,Mid-American,2024,,,,,,,,24,4,1,44,11.0,,,,,
5222386,Jay Jay Etheridge,Kent State,Mid-American,2024,,,,,,,,37,14,1,137,9.8,,,,,
5222394,Dashawn Martin,Kent State,Mid-American,2024,,,,,,,,27,8,0,108,13.5,,,,,
5222398,Ruel Tomlinson,Kent State,Mid-American,2024,28,11,2,0.393,0,73,2.6,,,,,,28,13,0,7,0.3
5222689,John Montague,Boston College,ACC,2024,,,,,,,,8,5,0,26,5.2,3,24,1,32,10.7
5222752,Drew Wagner,Northwestern,Big Ten,2024,,,,,,,,13,3,0,31,10.3,,,,,
5222761,Jamarion McDougle,Ball State,Mid-American,2024,,,,,,,,27,3,1,47,15.7,,,,,
5222936,Franck Pierre,Miles College,SIAC,2024,,,,,,,,29,3,0,44,14.7,,,,,
5223107,Quentin Hayes,Air Force,Mountain West,2024,43,25,2,0.581,3,455,10.6,29,1,0,29,29.0,126,30,7,466,3.7
5223108,Josh Johnson,Air Force,Mountain West,2024,14,6,3,0.429,1,126,9.0,,,,,,14,42,0,94,6.7
5223112,Kemper Hodges,Air Force,Mountain West,2024,,,,,,,,,,,,,19,11,1,74,3.9
5223119,Owen Allen,Air Force,Mountain West,2024,,,,,,,,,,,,,77,14,2,335,4.4
5223121,Roman Bradley,Air Force,Mountain West,2024,,,,,,,,,,,,,21,7,0,56,2.7
5223131,Rocco Conti,Air Force,Mountain West,2024,,,,,,,,,,,,,8,6,0,19,2.4
5223167,Will Henderson III,UTSA,American Athletic,2024,,,,,,,,7,4,0,16,4.0,14,51,1,94,6.7
5223178,Elliott Brow,UTSA,American Athletic,2024,,,,,,,,2,1,0,2,2.0,,,,,
5223869,Marceese Yetts,Eastern Washington,Big Sky,2024,,,,,,,,,,,,,8,13,0,50,6.3
5223892,Jaylen Garrison,Eastern Washington,Big Sky,2024,,,,,,,,7,1,0,7,7.0,,,,,
5223902,Aaron Okoro,Cal Poly,Big Sky,2024,,,,,,,,8,1,0,8,8.0,,,,,
5223904,Jackson Akins,Cal Poly,Big Sky,2024,90,64,2,0.711,3,619,6.9,,,,,,15,12,0,-18,-1.2
5223906,Lucas Razore,Cal Poly,Big Sky,2024,16,5,0,0.313,1,121,7.6,,,,,,4,2,0,-27,-6.8
5223908,Trey Wilson,Cal Poly,Big Sky,2024,,,,,,,,6,1,0,6,6.0,,,,,
5223933,Alek Marshall,Cal Poly,Big Sky,2024,,,,,,,,18,3,1,35,11.7,,,,,
5223942,Tony Harste,Idaho,Big Sky,2024,1,0,1,0.000,0,0,0.0,65,9,0,177,19.7,,,,,
5223950,Rocco Koch,Idaho,Big Sky,2024,,,,,,,,,,,,,15,8,2,53,3.5
5223975,Noah West-Baranco,Idaho,Big Sky,2024,,,,,,,,5,1,0,5,5.0,,,,,
5223979,Justus Durant,Chattanooga,Southern,2024,,,,,,,,10,1,0,10,10.0,60,32,5,272,4.5
5223980,Journey Wyche,Chattanooga,Southern,2024,,,,,,,,22,7,0,83,11.9,63,18,1,180,2.9
5223982,Josh Williams,Chattanooga,Southern,2024,,,,,,,,11,1,0,11,11.0,,,,,
5224007,Nathaniel Eberly-Rodriguez,Chattanooga,Southern,2024,,,,,,,,12,2,0,18,9.0,,,,,
5224008,John McIntyre,Chattanooga,Southern,2024,,,,,,,,32,12,1,145,12.1,,,,,
5224011,Baylor Hayes,East Tennessee State,Southern,2024,30,18,1,0.600,0,181,6.0,,,,,,3,9,0,15,5.0
5224017,Devin Ingram,East Tennessee State,Southern,2024,,,,,,,,,,,,,5,17,0,21,4.2
5224037,Travien Watson,East Tennessee State,Southern,2024,,,,,,,,9,4,0,25,6.3,,,,,
5224084,Trey Hedden,Furman,Southern,2024,245,150,9,0.612,13,1767,7.2,,,,,,48,13,1,-80,-1.7
5224087,Jackson Pryor,Furman,Southern,2024,,,,,,,,45,14,2,223,15.9,,,,,
5224089,Devin Hester Jr.,Furman,Southern,2024,,,,,,,,26,16,0,124,7.8,,,,,
5224094,Gavin Hall,Furman,Southern,2024,1,1,0,1.000,1,30,30.0,28,8,0,53,6.6,64,46,1,321,5.0
5224119,Jade Kneeland,Austin Peay,UAC,2024,,,,,,,,24,11,0,103,9.4,,,,,
5224121,Corey Richardson,Austin Peay,UAC,2024,,,,,,,,21,7,0,61,8.7,47,45,1,291,6.2
5224142,Arlie Lee,Central Arkansas,UAC,2024,,,,,,,,48,3,1,68,22.7,,,,,
5224143,Mark Dorsey,Central Arkansas,UAC,2024,,,,,,,,14,2,0,18,9.0,,,,,
5224196,Telly McCallister,Eastern Kentucky,UAC,2024,,,,,,,,,,,,,9,25,1,76,8.4
5224199,Jalen Montgomery,Eastern Kentucky,UAC,2024,,,,,,,,46,3,0,72,24.0,9,8,0,40,4.4
5224217,Marcus Calwise Jr.,Eastern Kentucky,UAC,2024,,,,,,,,43,40,4,452,11.3,1,0,0,-8,-8.0
5224235,Javarius George,Mercer,Southern,2024,,,,,,,,13,4,0,26,6.5,2,6,0,10,5.0
5224237,Whitt Newbauer,Mercer,Southern,2024,180,102,4,0.567,12,1395,7.8,,,,,,41,37,2,19,0.5
5224248,Billy Martin,Mercer,Southern,2024,,,,,,,,,,,,,12,15,1,53,4.4
5224264,Cole Shaw,Mercer,Southern,2024,,,,,,,,7,2,0,8,4.0,,,,,
5224276,Jalen Fletcher,North Alabama,UAC,2024,,,,,,,,55,9,1,112,12.4,50,26,2,322,6.4
5224302,Azariah Fletcher,North Alabama,UAC,2024,,,,,,,,,,,,,1,0,0,-6,-6.0
5224310,Kingston Lowe,North Alabama,UAC,2024,,,,,,,,,,,,,6,11,0,18,3.0
5224321,Jamil Bishop,Charleston Southern,Big South-OVC,2024,,,,,,,,64,13,1,167,12.8,16,54,2,85,5.3
5224371,Dane Steel,Montana State,Big Sky,2024,,,,,,,,,,,,,1,3,0,3,3.0
5224388,Shane Carr,Southern Utah,UAC,2024,,,,,,,,56,28,6,599,21.4,,,,,
5224396,Khameron Athy,Southern Utah,UAC,2024,,,,,,,,,,,,,8,12,0,47,5.9
5224432,Haden Klees,Samford,Southern,2024,1,0,0,0.000,0,0,0.0,,,,,,2,7,0,5,2.5
5224435,Ken Cherry,Samford,Southern,2024,,,,,,,,9,1,0,9,9.0,10,4,0,17,1.7
5224446,Emerson Russell,Samford,Southern,2024,,,,,,,,,,,,,1,6,0,6,6.0
5224455,Preston Bird,Samford,Southern,2024,,,,,,,,31,18,1,203,11.3,1,4,0,4,4.0
5224468,Gabe Passini,Butler,Pioneer,2024,,,,,,,,,,,,,1,17,0,17,17.0
5224469,Jack Weybright,Butler,Pioneer,2024,,,,,,,,,,,,,1,9,0,9,9.0
5224472,Jerel Rhodes II,Butler,Pioneer,2024,,,,,,,,,,,,,7,13,1,35,5.0
5224535,Casey Bullock,Davidson,Pioneer,2024,5,1,0,0.200,0,6,1.2,,,,,,,,,,
5224536,AJ Adams,Davidson,Pioneer,2024,,,,,,,,2,1,0,2,2.0,3,14,0,18,6.0
5224540,Brodey Berg,Davidson,Pioneer,2024,,,,,,,,,,,,,2,9,0,10,5.0
5224541,Shay Ragland,Davidson,Pioneer,2024,,,,,,,,,,,,,3,2,0,5,1.7
5224545,Will Jones,Davidson,Pioneer,2024,,,,,,,,,,,,,28,29,2,143,5.1
5224556,Jack Perozek,Davidson,Pioneer,2024,,,,,,,,15,1,0,15,15.0,,,,,
5224560,Asa Chatman,Utah Tech,UAC,2024,,,,,,,,9,5,0,13,2.6,6,20,0,36,6.0
5224562,Bronson Barben,Utah Tech,UAC,2024,107,56,2,0.523,4,564,5.3,0,0,0,-2,0,34,19,0,62,1.8
5224568,Josh Rillos,Utah Tech,UAC,2024,,,,,,,,27,11,0,108,9.8,,,,,
5224573,Tru Tanner,Utah Tech,UAC,2024,,,,,,,,23,5,1,51,10.2,,,,,
5224592,Trey Price,Utah Tech,UAC,2024,,,,,,,,0,0,0,-1,0,,,,,
5224606,Matt Childs,Brown,Ivy,2024,,,,,,,,75,21,1,233,11.1,87,16,1,318,3.7
5224637,Liam Poronsky,Dayton,Pioneer,2024,4,4,0,1.000,0,25,6.3,,,,,,2,0,0,-4,-2.0
5224644,LeRoy Lewis IV,Dayton,Pioneer,2024,,,,,,,,9,2,0,14,7.0,,,,,
5224645,Tyler Brown,Dayton,Pioneer,2024,,,,,,,,16,2,0,22,11.0,21,20,1,97,4.6
5224665,Paul Kelly,Dayton,Pioneer,2024,,,,,,,,7,1,0,7,7.0,,,,,
5224673,Hank Foley,Drake,Pioneer,2024,,,,,,,,7,1,0,7,7.0,1,3,0,3,3.0
5224678,Sam Johnson,Drake,Pioneer,2024,,,,,,,,5,1,0,5,5.0,,,,,
5224686,Spencer Halvorson,Drake,Pioneer,2024,,,,,,,,30,1,0,30,30.0,,,,,
5224710,Ravon Grant,West Georgia,UAC,2024,,,,,,,,8,1,0,8,8.0,,,,,
5224714,Latrelle Murrell,West Georgia,UAC,2024,,,,,,,,11,6,0,36,6.0,33,68,3,224,6.8
5224715,Bryce Hicks,West Georgia,UAC,2024,,,,,,,,12,1,0,12,12.0,10,33,0,73,7.3
5224749,DK Daniel,West Georgia,UAC,2024,,,,,,,,12,1,0,12,12.0,,,,,
5224753,Devion Newson,West Georgia,UAC,2024,,,,,,,,42,10,0,147,14.7,,,,,
5224762,Braden Streeter,Delaware,CAA,2024,7,6,0,0.857,1,56,8.0,,,,,,4,3,0,5,1.3
5224764,Sean Wilson,Delaware,CAA,2024,,,,,,,,27,2,2,31,15.5,,,,,
5224783,Matt McKinley,Delaware,CAA,2024,,,,,,,,14,1,0,14,14.0,1,12,0,12,12.0
5224784,Declan O'Brien,Delaware,CAA,2024,,,,,,,,8,1,0,8,8.0,,,,,
5224789,Landen Clark,Elon,CAA,2024,1,0,0,0.000,0,0,0.0,,,,,,4,6,0,11,2.8
5224790,Isaiah Fuhrmann,Elon,CAA,2024,,,,,,,,17,3,1,28,9.3,,,,,
5224791,Brycen Scott,Elon,CAA,2024,,,,,,,,10,1,0,10,10.0,,,,,
5224792,TJ Thomas Jr.,Elon,CAA,2024,,,,,,,,33,13,1,108,8.3,89,74,5,577,6.5
5224797,George Helms,Elon,CAA,2024,,,,,,,,,,,,,2,8,0,10,5.0
5224816,Caleb Sanchez,Columbia,Ivy,2024,50,25,0,0.500,2,479,9.6,,,,,,5,3,1,-3,-0.6
5225040,Blaine Zoller,Cornell,Ivy,2024,,,,,,,,25,6,0,49,8.2,,,,,
5225105,Amari N'namdi-Hall,Frostburg State,Mountain East,2024,,,,,,,,25,4,1,51,12.8,,,,,
5225213,Malae Fonoti,Montana,Big Sky,2024,,,,,,,,10,3,0,19,6.3,36,24,1,234,6.5
5225221,Lekeldrick Bridges,Montana,Big Sky,2024,,,,,,,,6,1,0,6,6.0,1,5,0,5,5.0
5225249,Jarvis Rush,Akron,Mid-American,2024,,,,,,,,36,9,1,101,11.2,,,,,
5225256,Avery Book,Akron,Mid-American,2024,,,,,,,,,,,,,1,0,0,-11,-11.0
5225297,Alex Herrera,Eastern Illinois,Big South-OVC,2024,,,,,,,,25,12,2,150,12.5,,,,,
5225300,Landers Green,Eastern Illinois,Big South-OVC,2024,,,,,,,,27,3,0,48,16.0,,,,,
5225329,Bryce Goulet,Merrimack,FCS Independents,2024,1,1,0,1.000,0,10,10.0,,,,,,,,,,
5225330,Cade Callahan,Merrimack,FCS Independents,2024,,,,,,,,7,2,0,2,1.0,,,,,
5225336,Ethen Horne,VMI,Southern,2024,1,0,0,0.000,0,0,0.0,39,15,2,210,14.0,,,,,
5225341,JoJo Crump,VMI,Southern,2024,49,20,2,0.408,1,218,4.4,,,,,,40,54,1,221,5.5
5225343,Owen Sweeney,VMI,Southern,2024,,,,,,,,34,1,0,34,34.0,,,,,
5225347,Aslin Shipe,VMI,Southern,2024,,,,,,,,14,10,0,33,3.3,10,12,0,39,3.9
5225351,Leo Boehling,VMI,Southern,2024,,,,,,,,1,1,0,1,1.0,14,9,0,49,3.5
5225355,Jon Tyree,VMI,Southern,2024,,,,,,,,3,1,0,3,3.0,,,,,
5225383,Tariq Thomas,Bucknell,Patriot,2024,,,,,,,,10,14,0,76,5.4,167,47,4,792,4.7
5225389,Logan Bush,Bucknell,Patriot,2024,,,,,,,,,,,,,10,9,1,31,3.1
5225392,Michael Cadden,Bucknell,Patriot,2024,,,,,,,,6,3,0,14,4.7,35,32,1,166,4.7
5225405,AJ Bosch,Bucknell,Patriot,2024,,,,,,,,10,1,0,10,10.0,,,,,
5225414,Ty Pennington,Northern Arizona,Big Sky,2024,286,187,2,0.654,13,2255,7.9,,,,,,104,75,7,437,4.2
5225416,Tay Lanier,Northern Arizona,Big Sky,2024,,,,,,,,52,27,4,457,16.9,,,,,
5225418,Lathan Boone,Northern Arizona,Big Sky,2024,1,0,0,0.000,0,0,0.0,,,,,,1,4,0,4,4.0
5225419,Kolbe Katsis,Northern Arizona,Big Sky,2024,,,,,,,,88,35,2,498,14.2,2,15,0,14,7.0
5225426,Michael Beresford,Northern Arizona,Big Sky,2024,,,,,,,,,,,,,1,7,0,7,7.0
5225428,Kenveon Stone,Northern Arizona,Big Sky,2024,,,,,,,,,,,,,10,16,1,55,5.5
5225435,Seth Cromwell,Northern Arizona,Big Sky,2024,,,,,,,,22,16,0,65,4.1,125,31,9,681,5.4
5225466,Anthony Lowe,Gardner-Webb,Big South-OVC,2024,1,0,0,0.000,0,0,0.0,36,40,3,523,13.1,2,3,0,3,1.5
5225469,Carson Gresock,Gardner-Webb,Big South-OVC,2024,,,,,,,,43,6,0,83,13.8,83,35,10,383,4.6
5225473,Cole Schnieder,Gardner-Webb,Big South-OVC,2024,,,,,,,,8,1,0,8,8.0,,,,,
5225476,Aleks Sitkowski,Colgate,Patriot,2024,6,5,0,0.833,0,28,4.7,,,,,,23,30,1,142,6.2
5225509,Isaiah Johnson,Western Carolina,Southern,2024,,,,,,,,62,21,5,303,14.4,1,4,0,4,4.0
5225515,Joshua Collins,Western Carolina,Southern,2024,,,,,,,,,,,,,2,4,0,6,3.0
5225538,Tripp Holley,Fordham,Patriot,2024,27,14,0,0.519,0,108,4.0,,,,,,20,11,1,3,0.2
5225547,Beau Jako,Fordham,Patriot,2024,,,,,,,,0,1,0,-7,-7.0,,,,,
5225565,Jack Freeburg,Fordham,Patriot,2024,,,,,,,,35,2,1,39,19.5,,,,,
5225610,Ivory Aikens,Wofford,Southern,2024,,,,,,,,16,3,0,14,4.7,5,35,0,61,12.2
5225611,Isaiah Scott,Wofford,Southern,2024,,,,,,,,39,28,0,350,12.5,3,8,0,8,2.7
5225641,Carlos Anaya,Wofford,Southern,2024,,,,,,,,17,7,0,82,11.7,,,,,
5225646,Rico Bond,Lindenwood,Big South-OVC,2024,,,,,,,,4,2,0,6,3.0,,,,,
5225710,Dean Hangey,Sacred Heart,FCS Independents,2024,,,,,,,,3,1,0,3,3.0,,,,,
5225717,Savion Hart,Georgetown,Patriot,2024,,,,,,,,,,,,,45,40,2,278,6.2
5225721,Jayden Sumpter,Georgetown,Patriot,2024,,,,,,,,9,4,0,23,5.8,12,12,0,43,3.6
5225733,Jonathan Alexander,Georgetown,Patriot,2024,,,,,,,,16,4,0,33,8.3,,,,,
5225740,Tristan Smith,Southeast Missouri State,Big South-OVC,2024,,,,,,,,54,76,6,934,12.3,1,1,1,1,1.0
5225748,Payton Brown,Southeast Missouri State,Big South-OVC,2024,,,,,,,,21,15,1,152,10.1,63,52,5,310,4.9
5225767,Jacques Wyatt,Southeast Missouri State,Big South-OVC,2024,,,,,,,,25,1,0,25,25.0,,,,,
5225775,Naz Treadwell,Holy Cross,Patriot,2024,,,,,,,,,,,,,1,1,0,1,1.0
5225782,Mason McSweeney,Holy Cross,Patriot,2024,,,,,,,,4,1,0,4,4.0,,,,,
5225792,Alijah Cason,Holy Cross,Patriot,2024,,,,,,,,38,13,0,95,7.3,5,14,0,22,4.4
5225797,Mason Kuehner,Lafayette,Patriot,2024,,,,,,,,69,17,1,258,15.2,1,0,0,-1,-1.0
5225799,Jason Penza,Lafayette,Patriot,2024,7,5,1,0.714,0,31,4.4,0,1,0,-2,-2.0,28,26,0,171,6.1
5225822,Carson Jacoby,Lafayette,Patriot,2024,,,,,,,,43,1,0,43,43.0,,,,,
5225836,Ajon Bryant,Sacramento State,Big Sky,2024,,,,,,,,,,,,,2,6,0,8,4.0
5225837,Jordan Barton,Sacramento State,Big Sky,2024,5,2,0,0.400,0,11,2.2,,,,,,4,11,0,30,7.5
5225843,Yebrell Emerson,Sacramento State,Big Sky,2024,,,,,,,,,,,,,1,0,0,0,0.0
5225880,Xai'Shaun Edwards,Houston Christian,Southland,2024,,,,,,,,,,,,,6,7,0,21,3.5
5225901,Jaden Green,Lehigh,Patriot,2024,,,,,,,,13,12,0,59,4.9,143,65,10,777,5.4
5225902,Hayden Johnson,Lehigh,Patriot,2024,166,111,7,0.669,10,1372,8.3,,,,,,70,45,4,307,4.4
5225903,Matt Machalik,Lehigh,Patriot,2024,2,0,1,0.000,0,0,0.0,,,,,,39,24,3,200,5.1
5225904,Jamaire Harden,Lehigh,Patriot,2024,,,,,,,,22,5,0,53,10.6,1,5,0,5,5.0
5225914,Aiden Schomp,Lehigh,Patriot,2024,,,,,,,,1,2,0,1,0.5,,,,,
5225936,Jaden McGill,Tennessee State,Big South-OVC,2024,,,,,,,,11,12,0,78,6.5,114,30,2,512,4.5
5225987,Jack Melore,Marist,Pioneer,2024,,,,,,,,68,19,2,211,11.1,,,,,
5225991,Jeremy Decaro,Marist,Pioneer,2024,,,,,,,,6,4,0,12,3.0,7,3,0,2,0.3
5225993,Kenneth Antoine,Marist,Pioneer,2024,,,,,,,,,,,,,1,0,0,-2,-2.0
5226020,Stacy Dobbins,UC Davis,Big Sky,2024,,,,,,,,41,15,0,154,10.3,1,2,0,2,2.0
5226097,Tremel Jones,Tennessee Tech,Big South-OVC,2024,,,,,,,,45,26,1,274,10.5,10,57,3,158,15.8
5226100,D'Arious Reed,Tennessee Tech,Big South-OVC,2024,,,,,,,,3,1,0,3,3.0,,,,,
5226120,Steve Brown,Tennessee Tech,Big South-OVC,2024,,,,,,,,7,1,0,7,7.0,,,,,
5226134,Eric Mulkey,San Diego,Pioneer,2024,,,,,,,,,,,,,6,20,0,31,5.2
5226148,Christopher Hall,San Diego,Pioneer,2024,1,1,0,1.000,1,33,33.0,27,5,1,77,15.4,,,,,
5226154,Antonio Wright,Presbyterian,Pioneer,2024,,,,,,,,49,10,0,149,14.9,70,26,1,299,4.3
5226161,Britain Simmons,Lamar,Southland,2024,,,,,,,,18,2,0,23,11.5,,,,,
5226220,Anthony Carter,UT Martin,Big South-OVC,2024,,,,,,,,5,1,0,5,5.0,,,,,
5226228,Mariano Birdno,St. Thomas (MN),Pioneer,2024,,,,,,,,3,1,0,3,3.0,,,,,
5226235,Marc Coy,St. Thomas (MN),Pioneer,2024,,,,,,,,,,,,,10,15,0,36,3.6
5226248,Joseph Koch,St. Thomas (MN),Pioneer,2024,,,,,,,,15,2,0,18,9.0,41,44,1,221,5.4
5226265,Brennan Myer,Bryant,CAA,2024,141,86,8,0.610,12,1111,7.9,,,,,,22,11,0,-47,-2.1
5226272,Markiel Cockrell,Bryant,CAA,2024,,,,,,,,35,10,0,94,9.4,41,75,2,230,5.6
5226313,Matthew Henry,Western Illinois,Big South-OVC,2024,,,,,,,,81,63,6,1179,18.7,1,0,0,-7,-7.0
5226314,Elijah Aragon,Western Illinois,Big South-OVC,2024,1,1,0,1.000,0,22,22.0,35,64,7,777,12.1,6,6,0,15,2.5
5226315,Demari Davis,Western Illinois,Big South-OVC,2024,,,,,,,,74,19,3,363,19.1,4,17,1,33,8.3
5226318,Avery Knight,Western Illinois,Big South-OVC,2024,,,,,,,,3,1,0,3,3.0,9,26,1,73,8.1
5226319,Antwon McKay Jr.,Western Illinois,Big South-OVC,2024,2,0,1,0.000,0,0,0.0,,,,,,1,8,0,8,8.0
5226322,Tanner Zolnosky,Western Illinois,Big South-OVC,2024,3,3,0,1.000,1,51,17.0,,,,,,2,13,0,13,6.5
5226353,Tristin Duncan,Western Illinois,Big South-OVC,2024,,,,,,,,47,24,1,260,10.8,,,,,
5226360,Nick Prestipino,Western Illinois,Big South-OVC,2024,,,,,,,,17,1,0,17,17.0,,,,,
5226365,Alex Flores,McNeese,Southland,2024,47,33,0,0.702,2,332,7.1,,,,,,6,6,0,-15,-2.5
5226368,Devin Lippold,McNeese,Southland,2024,,,,,,,,,,,,,5,17,2,32,6.4
5226371,Bryce Strong,McNeese,Southland,2024,,,,,,,,10,6,0,30,5.0,40,78,3,325,8.1
5226374,Jaylen Thompson,McNeese,Southland,2024,,,,,,,,,,,,,7,12,0,26,3.7
5226396,Ahston Goll,Stetson,Pioneer,2024,,,,,,,,15,1,0,15,15.0,,,,,
5226397,Kael Alexander,Stetson,Pioneer,2024,36,21,2,0.583,0,159,4.4,,,,,,3,0,0,-22,-7.3
5226399,Trey Clark,Stetson,Pioneer,2024,,,,,,,,23,11,0,76,6.9,69,52,3,356,5.2
5226401,Joe Ziegler,Stetson,Pioneer,2024,,,,,,,,7,1,0,7,7.0,,,,,
5226408,Malik Dryden,Stetson,Pioneer,2024,,,,,,,,1,3,0,2,0.7,25,7,0,64,2.6
5226412,Jaxson Dicus,Stetson,Pioneer,2024,,,,,,,,16,1,0,16,16.0,17,13,1,61,3.6
5226430,Fabian Baez,Stetson,Pioneer,2024,,,,,,,,45,36,5,461,12.8,,,,,
5226433,Ashton Reynolds,Stetson,Pioneer,2024,,,,,,,,14,1,0,14,14.0,,,,,
5226453,Brennan Ridley,Hampton,CAA,2024,,,,,,,,58,50,4,596,11.9,1,2,0,2,2.0
5226461,Owen Edwards,Hampton,CAA,2024,,,,,,,,,,,,,1,6,0,6,6.0
5226511,Gary Givens III,Valparaiso,Pioneer,2024,,,,,,,,39,23,3,352,15.3,,,,,
5226581,Caesar Magee III,Northwestern State,Southland,2024,1,0,0,0.000,0,0,0.0,,,,,,,,,,
5226582,Ty Moore,Northwestern State,Southland,2024,,,,,,,,30,9,0,127,14.1,2,0,0,0,0.0
5226585,Abram Johnston,Northwestern State,Southland,2024,39,21,3,0.538,1,392,10.1,,,,,,25,18,0,-22,-0.9
5226587,Zay Davis,Northwestern State,Southland,2024,,,,,,,,51,15,1,115,7.7,84,33,1,211,2.5
5226590,Jeremiah James,Northwestern State,Southland,2024,,,,,,,,15,2,0,21,10.5,25,23,1,87,3.5
5226604,Ryan Tyler,Northwestern State,Southland,2024,,,,,,,,,,,,,3,3,0,4,1.3
5226623,Trevon Bradford,Northwestern State,Southland,2024,,,,,,,,1,1,0,1,1.0,,,,,
5226624,Matt Gower,Northwestern State,Southland,2024,,,,,,,,,,,,,1,3,0,3,3.0
5226721,Logan Perez,New Hampshire,CAA,2024,,,,,,,,32,10,0,50,5.0,3,7,0,7,2.3
5226741,Eugene Foulcard,SE Louisiana,Southland,2024,,,,,,,,,,,,,3,4,0,7,2.3
5226767,Cortez Lane,North Carolina A&T,CAA,2024,,,,,,,,16,4,1,45,11.3,,,,,
5226768,Braxton Thomas,North Carolina A&T,CAA,2024,46,18,1,0.391,0,151,3.3,,,,,,26,25,0,50,1.9
5226771,Daniel Coles,North Carolina A&T,CAA,2024,,,,,,,,17,8,2,62,7.8,31,23,0,104,3.4
5226772,Cameren Dalrymple,North Carolina A&T,CAA,2024,,,,,,,,35,3,0,53,17.7,59,51,1,254,4.3
5226788,Rory Jones-Amen-Hetep,North Carolina A&T,CAA,2024,,,,,,,,0,1,0,-1,-1.0,,,,,
5226793,Michael Godette,North Carolina A&T,CAA,2024,,,,,,,,4,1,0,4,4.0,7,12,0,30,4.3
5226827,Andrew King,Richmond,CAA,2024,,,,,,,,14,5,0,35,7.0,43,63,1,240,5.6
5226855,Brady Blackburn,Harvard,Ivy,2024,,,,,,,,9,4,0,26,6.5,,,,,
5226859,Maddux Reid,Harvard,Ivy,2024,,,,,,,,,,,,,6,15,0,26,4.3
5226917,Winston Watkins,Towson,CAA,2024,2,1,0,0.500,0,0,0.0,,,,,,1,7,0,7,7.0
5226947,Lucas Kopecky,Villanova,CAA,2024,,,,,,,,26,26,2,302,11.6,,,,,
5226949,David Avit,Villanova,CAA,2024,,,,,,,,56,11,0,175,15.9,173,72,9,923,5.3
5226961,Chris Colby,Villanova,CAA,2024,,,,,,,,24,10,0,141,14.1,,,,,
5226964,Sean Brodnik,Villanova,CAA,2024,,,,,,,,2,1,0,2,2.0,,,,,
5226996,Josh Miller,William & Mary,CAA,2024,,,,,,,,,,,,,8,7,0,27,3.4
5227005,Armon Wright,William & Mary,CAA,2024,,,,,,,,,,,,,1,1,0,1,1.0
5227018,Mekhi Nelson,Nebraska,Big Ten,2024,,,,,,,,,,,,,1,2,0,2,2.0
5227034,Maika Heck,Central Connecticut,NEC,2024,,,,,,,,15,1,0,15,15.0,,,,,
5227043,Sean O'Brien,Central Connecticut,NEC,2024,,,,,,,,62,7,0,110,15.7,,,,,
5227056,James Hayes,Alabama State,SWAC,2024,11,5,1,0.455,2,88,8.0,,,,,,3,1,0,-15,-5.0
5227057,Jalen Jones,Alabama State,SWAC,2024,,,,,,,,45,17,2,202,11.9,2,28,0,36,18.0
5227061,Jamarie Hostzclaw,Alabama State,SWAC,2024,,,,,,,,19,7,0,72,10.3,74,67,1,472,6.4
5227064,Ashton Ashford,Alabama State,SWAC,2024,,,,,,,,,,,,,3,7,0,12,4.0
5227083,Derick Harden,Alabama State,SWAC,2024,,,,,,,,33,5,1,69,13.8,,,,,
5227098,Bakari McCall,Alcorn State,SWAC,2024,,,,,,,,12,3,0,20,6.7,,,,,
5227107,Khiryn Boyd,Duquesne,NEC,2024,,,,,,,,7,2,0,12,6.0,,,,,
5227111,Dazhaun Hopkins,Duquesne,NEC,2024,,,,,,,,,,,,,14,22,0,70,5.0
5227112,Caleb Jones,Duquesne,NEC,2024,,,,,,,,,,,,,7,4,0,17,2.4
5227133,Mikal Davis,Delaware State,MEAC,2024,18,7,1,0.389,1,60,3.3,,,,,,8,14,0,-4,-0.5
5227138,Timothy Scott Jr.,Delaware State,MEAC,2024,,,,,,,,3,1,0,3,3.0,,,,,
5227159,Damar Jackson,Delaware State,MEAC,2024,,,,,,,,8,2,0,8,4.0,,,,,
5227175,Taj Dyches,Robert Morris,NEC,2024,,,,,,,,,,,,,3,15,0,20,6.7
5227208,Travis Kerney,Howard,MEAC,2024,,,,,,,,,,,,,1,2,0,2,2.0
5227209,Anthony Reagan Jr.,Howard,MEAC,2024,,,,,,,,,,,,,11,3,0,22,2.0
5227210,Billy Roberson II,Howard,MEAC,2024,,,,,,,,,,,,,2,4,0,7,3.5
5227229,Khamari James,Howard,MEAC,2024,,,,,,,,,,,,,1,8,0,8,8.0
5227231,Ke'Untae Mosley,Howard,MEAC,2024,,,,,,,,33,4,1,85,21.3,,,,,
5227257,Markell Holman,St. Francis (PA),NEC,2024,,,,,,,,26,18,0,146,8.1,117,55,5,507,4.3
5227299,Armand Burris,Florida A&M,SWAC,2024,,,,,,,,12,3,0,27,9.0,,,,,
5227301,Gunnar Trout,Florida A&M,SWAC,2024,,,,,,,,,,,,,1,0,0,-10,-10.0
5227302,Jack Stevens,Wagner,NEC,2024,9,6,0,0.667,0,68,7.6,,,,,,6,8,0,7,1.2
5227305,Julio Tatis,Wagner,NEC,2024,,,,,,,,,,,,,11,8,1,25,2.3
5227306,Matt Morad,Wagner,NEC,2024,,,,,,,,,,,,,5,11,0,14,2.8
5227395,Matt D'Avino,Lehigh,Patriot,2024,,,,,,,,41,4,1,95,23.8,,,,,
5227396,Ja'Naylon Dupree,Jackson State,SWAC,2024,,,,,,,,66,20,5,344,17.2,2,10,0,17,8.5
5227398,Mike Smith III,Jackson State,SWAC,2024,,,,,,,,,,,,,1,7,0,7,7.0
5227400,Travis Terrell Jr.,Jackson State,SWAC,2024,,,,,,,,20,15,0,95,6.3,75,60,4,459,6.1
5227403,Nate Blount IV,Jackson State,SWAC,2024,,,,,,,,,,,,,7,19,0,44,6.3
5227425,Parker Stofa,Jackson State,SWAC,2024,1,0,0,0.000,0,0,0.0,,,,,,1,13,0,13,13.0
5227430,Kobe Muasau,Morgan State,MEAC,2024,24,19,0,0.792,2,202,8.4,,,,,,5,7,1,3,0.6
5227447,Ferdinand Nyivih,Morgan State,MEAC,2024,,,,,,,,29,1,0,29,29.0,,,,,
5227448,Tyreek Wood,Morgan State,MEAC,2024,,,,,,,,6,1,0,6,6.0,,,,,
5227456,Ryker Jones,Princeton,Ivy,2024,,,,,,,,18,1,0,18,18.0,,,,,
5227463,Kenny Jordan,Princeton,Ivy,2024,,,,,,,,,,,,,5,4,0,10,2.0
5227464,Christian Lynch,Princeton,Ivy,2024,,,,,,,,,,,,,6,8,0,38,6.3
5227484,Kiron Benjamin,Norfolk State,MEAC,2024,,,,,,,,,,,,,13,10,0,42,3.2
5227504,Kam'ryn Thomas,Norfolk State,MEAC,2024,,,,,,,,49,24,2,364,15.2,1,16,0,21,21.0
5227539,Cameron Barmore,Mercyhurst,NEC,2024,,,,,,,,46,69,12,947,13.7,,,,,
5227540,Anthony Mackey,Mercyhurst,NEC,2024,,,,,,,,3,1,0,3,3.0,,,,,
5227542,Ayron Rodriguez,Mercyhurst,NEC,2024,,,,,,,,28,12,2,88,7.3,81,19,2,330,4.1
5227546,Chaz Davis,Mercyhurst,NEC,2024,,,,,,,,29,28,1,276,9.9,7,39,0,73,10.4
5227548,Joe Kerbacher,Mercyhurst,NEC,2024,,,,,,,,44,29,2,245,8.4,6,21,0,53,8.8
5227550,Rylan Davison,Mercyhurst,NEC,2024,,,,,,,,61,39,4,421,10.8,5,5,1,-5,-1.0
5227557,Alex Gevaudan,Mercyhurst,NEC,2024,6,3,0,0.500,2,80,13.3,,,,,,,,,,
5227559,Jaiden Hill,Mercyhurst,NEC,2024,,,,,,,,15,4,0,47,11.8,,,,,
5227560,Austin Urena,Mercyhurst,NEC,2024,,,,,,,,41,17,3,183,10.8,,,,,
5227561,Braydon Black,Mercyhurst,NEC,2024,1,1,0,1.000,0,6,6.0,42,4,2,56,14.0,2,12,0,13,6.5
5227565,Adam Urena,Mercyhurst,NEC,2024,387,258,5,0.667,29,2685,6.9,13,2,0,17,8.5,39,9,0,-188,-4.8
5227566,Colin Melendez,Mercyhurst,NEC,2024,,,,,,,,14,4,0,28,7.0,,,,,
5227568,Kyle Keckler,Mercyhurst,NEC,2024,1,0,0,0.000,0,0,0.0,,,,,,,,,,
5227582,Jonathan Askew,Mercyhurst,NEC,2024,,,,,,,,15,3,0,33,11.0,15,19,0,98,6.5
5227583,Alejandro Vazquez,Mercyhurst,NEC,2024,,,,,,,,10,6,0,42,7.0,,,,,
5227586,Amare Lattimore,Mercyhurst,NEC,2024,,,,,,,,2,3,0,4,1.3,1,28,0,28,28.0
5227591,Ethen Knox,Mercyhurst,NEC,2024,,,,,,,,,,,,,7,29,1,76,10.9
5227681,Cameron Peters,Prairie View A&M,SWAC,2024,121,61,3,0.504,4,844,7.0,,,,,,42,15,0,76,1.8
5227684,Jeremiah Ratliff,Prairie View A&M,SWAC,2024,,,,,,,,27,15,1,148,9.9,,,,,
5227685,Rodny Ojo,Prairie View A&M,SWAC,2024,,,,,,,,15,2,0,14,7.0,,,,,
5227686,Chase Bingmon,Prairie View A&M,SWAC,2024,,,,,,,,20,3,0,30,10.0,18,26,0,128,7.1
5227697,Ethan John,Prairie View A&M,SWAC,2024,,,,,,,,21,9,0,95,10.6,,,,,
5227699,Beckham Pellant,Illinois State,MVFC,2024,2,2,0,1.000,0,7,3.5,,,,,,2,0,0,-17,-8.5
5227704,Dylan Lord,Illinois State,MVFC,2024,,,,,,,,28,10,0,86,8.6,,,,,
5227709,Matt Lawson,Illinois State,MVFC,2024,,,,,,,,11,11,0,61,5.5,103,35,3,443,4.3
5227762,Athean Renfro,Texas Southern,SWAC,2024,,,,,,,,0,1,0,-7,-7.0,72,35,4,323,4.5
5227785,Tae Marrero Jr.,Southern Illinois,MVFC,2024,,,,,,,,11,1,0,11,11.0,,,,,
5227786,Jake Curry,Southern Illinois,MVFC,2024,148,83,7,0.561,3,937,6.3,,,,,,45,24,3,159,3.5
5227793,Jerrian Parker,Southern Illinois,MVFC,2024,,,,,,,,16,9,0,73,8.1,77,31,1,281,3.6
5227814,Maxwell Woods,South Dakota State,MVFC,2024,,,,,,,,9,5,0,19,3.8,29,44,1,176,6.1
5227815,Quinton Renfro,South Dakota State,MVFC,2024,,,,,,,,,,,,,2,4,0,6,3.0
5227838,Lofton O'Groske,South Dakota State,MVFC,2024,,,,,,,,35,15,1,212,14.1,,,,,
5227849,Jordan Washington,Murray State,MVFC,2024,,,,,,,,5,1,0,5,5.0,22,12,0,68,3.1
5227853,Tyrell Campbell,Murray State,MVFC,2024,,,,,,,,,,,,,5,9,0,19,3.8
5227866,Tom O'Hara,Murray State,MVFC,2024,2,0,1,0.000,0,0,0.0,,,,,,,,,,
5227872,Deng Deng,North Dakota,MVFC,2024,,,,,,,,12,2,0,14,7.0,,,,,
5227899,Aidan Behymer,North Dakota,MVFC,2024,,,,,,,,9,2,0,12,6.0,,,,,
5227917,Kolton Nero,Alabama A&M,SWAC,2024,,,,,,,,,,,,,8,4,1,12,1.5
5227931,Jaden Gresham,Alabama A&M,SWAC,2024,,,,,,,,34,3,0,54,18.0,,,,,
5227933,Donovan Price,Alabama A&M,SWAC,2024,,,,,,,,21,4,1,56,14.0,,,,,
5227941,Keyondray Jones-Logan,South Dakota,MVFC,2024,,,,,,,,13,22,1,92,4.2,31,35,2,218,7.0
5227998,Roman Mothershed,Troy,Sun Belt,2024,,,,,,,,29,4,0,38,9.5,2,8,0,10,5.0
5228002,Jackson Williams,North Dakota State,MVFC,2024,,,,,,,,38,8,1,128,16.0,2,12,0,19,9.5
5228014,Peder Haugo,North Dakota State,MVFC,2024,,,,,,,,19,1,0,19,19.0,27,23,0,94,3.5
5228126,Ray Daly Jr.,Southern Miss,Sun Belt,2024,,,,,,,,25,1,0,25,25.0,,,,,
5228646,Rod Gainey Jr.,Charlotte,American Athletic,2024,,,,,,,,13,1,0,13,13.0,10,11,0,34,3.4
5228761,Max Rodarte,Ohio,Mid-American,2024,,,,,,,,23,6,1,80,13.3,,,,,
5228762,Nick Poulos,Ohio,Mid-American,2024,49,22,1,0.449,2,271,5.5,,,,,,28,22,1,149,5.3
5228817,Clayton Wayland,Stephen F. Austin,Southland,2024,,,,,,,,53,13,3,204,15.7,,,,,
5228822,Chris Martinez,Stephen F. Austin,Southland,2024,1,0,0,0.000,0,0,0.0,14,1,0,14,14.0,9,21,0,56,6.2
5228838,Cannon Lemberg,Stephen F. Austin,Southland,2024,,,,,,,,13,1,0,13,13.0,,,,,
5228840,Ta'Erik Tate,Stephen F. Austin,Southland,2024,,,,,,,,28,2,0,30,15.0,,,,,
5229218,Van Weber,UAlbany,CAA,2024,102,56,2,0.549,5,575,5.6,,,,,,16,17,0,6,0.4
5229222,Jojo Uga,UAlbany,CAA,2024,,,,,,,,15,5,0,20,4.0,94,23,5,391,4.2
5229244,Luke Armistead,Dartmouth,Ivy,2024,,,,,,,,5,1,0,5,5.0,,,,,
5229250,Dylan Elder,Dartmouth,Ivy,2024,,,,,,,,,,,,,2,5,0,7,3.5
5229265,Luke Rives,Dartmouth,Ivy,2024,,,,,,,,14,5,0,27,5.4,1,0,0,-8,-8.0
5229295,Drew Eason,Stonehill,NEC,2024,48,21,3,0.438,0,250,5.2,,,,,,15,10,0,-3,-0.2
5229328,Thomas Miller,Stonehill,NEC,2024,,,,,,,,12,1,0,12,12.0,3,23,0,32,10.7
5229448,David Parsons,Morehead State,Pioneer,2024,4,3,0,0.750,1,8,2.0,,,,,,3,4,0,3,1.0
5229456,Garnett Davis III,Morehead State,Pioneer,2024,,,,,,,,,,,,,15,19,0,83,5.5
5229475,Anthony Ice,Morehead State,Pioneer,2024,,,,,,,,10,1,1,10,10.0,,,,,
5229487,Kristian Gammage,Arkansas-Pine Bluff,SWAC,2024,,,,,,,,68,16,1,223,13.9,,,,,
5229489,JaVonnie Gibson,Arkansas-Pine Bluff,SWAC,2024,1,0,1,0.000,0,0,0.0,60,70,9,1215,17.4,0,0,0,3,0
5229494,DJ Stevenson,Arkansas-Pine Bluff,SWAC,2024,16,9,1,0.563,1,93,5.8,,,,,,11,13,1,19,1.7
5229543,JJ Cowan,Campbell,CAA,2024,,,,,,,,19,11,1,77,7.0,70,47,1,365,5.2
5229557,Randall King,Campbell,CAA,2024,,,,,,,,65,28,2,380,13.6,1,4,0,4,4.0
5229572,Dennis Palmer,Bethune-Cookman,SWAC,2024,,,,,,,,30,8,0,60,7.5,157,42,5,696,4.4
5229588,Marquis McCants,Bethune-Cookman,SWAC,2024,,,,,,,,6,1,0,6,6.0,,,,,
5229589,Javon Ross,Bethune-Cookman,SWAC,2024,,,,,,,,18,9,0,59,6.6,1,0,0,0,0.0
5229597,Nathan Rembert,Mississippi Valley State,SWAC,2024,,,,,,,,76,70,4,1038,14.8,11,29,0,20,1.8
5229603,Joe Williams,Mississippi Valley State,SWAC,2024,,,,,,,,,,,,,3,4,0,6,2.0
5229604,Malik Montgomery,Mississippi Valley State,SWAC,2024,,,,,,,,,,,,,1,7,0,7,7.0
5229612,Nicholas Stephens,Mississippi Valley State,SWAC,2024,,,,,,,,,,,,,1,3,0,3,3.0
5229947,Davion Godley,Weber State,Big Sky,2024,,,,,,,,15,13,0,87,6.7,101,61,4,630,6.2
5229955,Oscar Doyle,Weber State,Big Sky,2024,,,,,,,,,,,,,1,0,0,-12,-12.0
5229962,Noah Kjar,Weber State,Big Sky,2024,,,,,,,,41,16,0,200,12.5,,,,,
5229983,Kaiden Box,Northern Colorado,Big Sky,2024,36,16,0,0.444,1,232,6.4,,,,,,5,2,0,-16,-3.2
5229986,Kolby Howard,Northern Colorado,Big Sky,2024,,,,,,,,2,2,0,-10,-5.0,,,,,
5229987,Mathias Price,Northern Colorado,Big Sky,2024,,,,,,,,,,,,,7,15,0,19,2.7
5230011,Jay Barry,Northern Colorado,Big Sky,2024,,,,,,,,6,4,0,11,2.8,,,,,
5230012,Kobe Kossak,Northern Colorado,Big Sky,2024,,,,,,,,14,2,0,19,9.5,,,,,
5230014,River Stout,Northern Colorado,Big Sky,2024,,,,,,,,14,3,0,33,11.0,,,,,
5230035,Evan Brooks,Long Island University,NEC,2024,,,,,,,,16,5,1,45,9.0,,,,,
5230038,Cory Nichols,Long Island University,NEC,2024,,,,,,,,36,21,1,266,12.7,6,6,1,13,2.2
5230050,Braylon Knauth,The Citadel,Southern,2024,,,,,,,,11,4,0,27,6.8,1,0,0,-6,-6.0
5230073,Cobey Thompkins,The Citadel,Southern,2024,1,0,0,0.000,0,0,0.0,,,,,,4,2,0,-7,-1.8
5230097,Tyson Schilling,East Texas A&M,Southland,2024,,,,,,,,28,19,2,221,11.6,,,,,
5230098,Ron Peace,East Texas A&M,Southland,2024,327,187,13,0.572,12,2167,6.6,,,,,,65,34,2,77,1.2
5230099,Will Madonna,East Texas A&M,Southland,2024,60,29,1,0.483,2,263,4.4,,,,,,9,8,1,18,2.0
5230100,Nick Johnson,East Texas A&M,Southland,2024,,,,,,,,22,5,0,73,14.6,1,0,0,-3,-3.0
5230101,Dayan Bilbo,East Texas A&M,Southland,2024,,,,,,,,33,22,1,207,9.4,,,,,
5230105,Tyler Daniels,East Texas A&M,Southland,2024,,,,,,,,48,20,1,269,13.5,,,,,
5230106,JaiSean McMillian,East Texas A&M,Southland,2024,,,,,,,,4,1,0,4,4.0,75,12,1,196,2.6
5230112,Major McBride,East Texas A&M,Southland,2024,,,,,,,,,,,,,1,0,0,-2,-2.0
5230180,Tony Phillips,Grambling,SWAC,2024,,,,,,,,4,2,1,4,2.0,5,8,0,9,1.8
5230195,Karson Siqueiros-Lasky,Pennsylvania,Ivy,2024,4,0,0,0.000,0,0,0.0,,,,,,2,0,0,-4,-2.0
5230762,Amani Givens,Louisiana Tech,Conference USA,2024,,,,,,,,19,6,0,38,6.3,75,20,2,319,4.3
5231029,James Allen,Georgia State,Sun Belt,2024,,,,,,,,,,,,,2,5,0,-3,-1.5
5231053,Max Holtzclaw,Presbyterian,Pioneer,2024,1,0,0,0.000,0,0,0.0,,,,,,3,5,0,7,2.3
5231055,BJ Atkins,Presbyterian,Pioneer,2024,,,,,,,,11,2,0,17,8.5,1,0,0,-1,-1.0
5231064,Justin Montgomery,Presbyterian,Pioneer,2024,,,,,,,,2,1,0,2,2.0,33,19,3,108,3.3
5231119,Christian Vann,Gardner-Webb,Big South-OVC,2024,,,,,,,,12,3,0,15,5.0,17,15,0,55,3.2
5231174,Vinson Berry,Norfolk State,MEAC,2024,37,19,0,0.514,1,248,6.7,,,,,,8,14,0,7,0.9
5231307,Justice Hill,Murray State,MVFC,2024,1,0,0,0.000,0,0,0.0,45,24,2,341,14.2,6,29,0,41,6.8
5231331,Jackson Pickett,Alcorn State,SWAC,2024,,,,,,,,0,1,0,-12,-12.0,,,,,
5231354,Caden High,South Carolina State,MEAC,2024,,,,,,,,70,60,6,876,14.6,11,23,0,93,8.5
5231359,Deyandre Ruffin,South Carolina State,MEAC,2024,,,,,,,,33,12,1,208,17.3,1,3,1,3,3.0
5231910,Deablo Mcgee,Alcorn State,SWAC,2024,,,,,,,,36,14,2,184,13.1,2,3,0,5,2.5
5232040,Dae'Jeaun Dennis,Morgan State,MEAC,2024,,,,,,,,,,,,,5,44,0,60,12.0
5232063,Quay Kindell,Charleston Southern,Big South-OVC,2024,,,,,,,,15,8,0,72,9.0,1,8,0,8,8.0
5232065,Nasir Hennigan,Long Island University,NEC,2024,,,,,,,,4,2,0,8,4.0,23,24,0,92,4.0
5232131,KJ Cooper,Texas Southern,SWAC,2024,30,20,1,0.667,1,155,5.2,4,1,0,4,4.0,6,30,0,52,8.7
5232189,Nicholas Howard,Grambling,SWAC,2024,,,,,,,,35,22,2,267,12.1,,,,,
5232190,Julien Price,Grambling,SWAC,2024,,,,,,,,19,1,0,19,19.0,,,,,
5232343,Reginald Vick Jr,Virginia Union,CIAA,2024,,,,,,,,0,3,1,132,44.0,,,,,
5232447,Guse Shelp,San Diego,Pioneer,2024,,,,,,,,3,1,0,3,3.0,,,,,
5232466,Casey Carlesimo,San Diego,Pioneer,2024,,,,,,,,5,1,0,5,5.0,,,,,
5233180,Jacob Walker,North Greenville,Gulf South,2024,,,,,,,,,,,,,13,34,0,58,4.5
5235634,Mike Franklin,Jacksonville State,Conference USA,2024,,,,,,,,,,,,,8,23,1,55,6.9
5235663,Tre Bradford,Grambling,SWAC,2024,,,,,,,,22,8,0,66,8.3,77,41,4,317,4.1
5238619,Kareem Keye,Alabama State,SWAC,2024,140,82,4,0.586,11,1355,9.7,,,,,,45,22,2,55,1.2
548696,Malik Jackson,Towson,CAA,2024,,,,,,,,20,2,0,24,12.0,,,,,
550577,Jordan Brown,Fresno State,Mountain West,2024,,,,,,,,13,8,0,67,8.4,,,,,
552920,Zach Sims,Alabama State,SWAC,2024,43,19,1,0.442,1,194,4.5,,,,,,15,14,0,7,0.5
553074,Aaron Young,Old Dominion,Sun Belt,2024,,,,,,,,8,7,0,32,4.6,149,51,6,768,5.2
560147,Kevin Johnson,Hampton,CAA,2024,,,,,,,,31,12,1,131,10.9,,,,,
3116099,Monte Harrison,Arkansas,SEC,2025,,,,,,,,29,1,0,29,29.0,,,,,
3149911,Jordan Jackson,Arkansas-Pine Bluff,SWAC,2025,,,,,,,,47,17,0,247,14.5,,,,,
3949586,Jake Taylor,Duke,ACC,2025,,,,,,,,16,2,0,20,10.0,,,,,
4241676,Kordell Rodgers,Texas Southern,SWAC,2025,,,,,,,,19,19,3,172,9.1,,,,,
4244849,Marcel Williams,Akron,Mid-American,2025,,,,,,,,46,45,2,641,14.2,,,,,
4258419,Hunter Smith,Temple,American Athletic,2025,,,,,,,,21,6,0,54,9.0,62,72,2,403,6.5
4362188,Sterling Galban,East Tennessee State,Southern,2025,,,,,,,,11,6,0,35,5.8,,,,,
4362263,Jalynn Williams,Pittsburgh,ACC,2025,,,,,,,,9,1,0,9,9.0,5,9,0,23,4.6
4366640,Solomon Vanhorse,Indiana,Big Ten,2025,,,,,,,,,,,,,9,12,0,48,5.3
4379471,Tyler Brown,Clemson,ACC,2025,,,,,,,,23,22,0,191,8.7,6,21,1,71,11.8
4426333,John Emery Jr.,UTSA,American Athletic,2025,,,,,,,,,,,,,4,11,0,4,1.0
4426417,Jacob Zeno,Texas A&M,SEC,2025,5,2,0,0.400,0,27,5.4,,,,,,,,,,
4426460,Jackson Lowe,Incarnate Word,Southland,2025,,,,,,,,15,11,1,77,7.0,,,,,
4426688,Kaiden Bennett,Delaware State,MEAC,2025,206,121,7,0.587,7,1386,6.7,,,,,,115,48,9,557,4.8
4426840,Shadrick Byrd,Prairie View A&M,SWAC,2025,1,0,0,0.000,0,0,0.0,17,7,0,66,9.4,43,29,1,242,5.6
4426847,Zach Calzada,Kentucky,SEC,2025,58,28,2,0.483,0,238,4.1,,,,,,14,22,1,23,1.6
4426910,Kenan Christon,Jackson State,SWAC,2025,,,,,,,,,,,,,8,7,0,23,2.9
4426998,Javien Cuff,UT Rio Grande Valley,Southland,2025,,,,,,,,30,6,1,82,13.7,,,,,
4427191,Dequan Finn,Miami (OH),Mid-American,2025,181,106,6,0.586,9,1451,8.0,,,,,,89,39,4,395,4.4
4427313,Ta'Quan Roberson,Buffalo,Mid-American,2025,356,206,12,0.579,17,2520,7.1,,,,,,83,40,3,125,1.5
4427455,Cade McNamara,East Tennessee State,Southern,2025,184,123,6,0.668,7,1292,7.0,,,,,,35,25,2,40,1.1
4427611,Garrison Johnson,The Citadel,Southern,2025,,,,,,,,25,5,0,41,8.2,94,63,6,467,5.0
4427622,Marqui Johnson,Bethune-Cookman,SWAC,2025,,,,,,,,9,10,0,34,3.4,42,27,0,206,4.9
4427630,Oscar Adaway III,South Carolina,SEC,2025,,,,,,,,19,8,0,72,9.0,41,23,1,140,3.4
4427647,Jermaine Johnson Jr.,Duquesne,NEC,2025,,,,,,,,54,14,2,187,13.4,,,,,
4427916,Tony Mathis,Marshall,Sun Belt,2025,,,,,,,,,,,,,8,5,0,18,2.3
4427966,Maverick McIvor,Western Kentucky,Conference USA,2025,273,183,6,0.670,12,2062,7.6,,,,,,39,23,2,76,1.9
4427971,Dontae McMillan,Eastern Michigan,Mid-American,2025,,,,,,,,50,33,3,375,11.4,177,54,4,1014,5.7
4427983,Dawaiian McNeely,Valparaiso,Pioneer,2025,,,,,,,,12,2,0,16,8.0,65,20,4,198,3.0
4428167,Justin Olson,Charlotte,American Athletic,2025,,,,,,,,47,2,0,56,28.0,,,,,
4428216,Alec Pell,Austin Peay,UAC,2025,,,,,,,,17,5,0,35,7.0,,,,,
4428272,Juwuan Price,Massachusetts,Mid-American,2025,,,,,,,,10,5,0,23,4.6,26,27,0,101,3.9
4428451,Brett Seither,Georgia Tech,ACC,2025,,,,,,,,30,11,0,212,19.3,,,,,
4428475,La'Vontae Shenault,Northeastern State,Independent DII,2025,,,,,,,,35,5,0,92,18.4,,,,,
4428993,Haynes King,Georgia Tech,ACC,2025,361,252,6,0.698,14,2951,8.2,,,,,,185,45,15,953,5.2
4428994,Arik Gilbert,Savannah St,SIAC,2025,,,,,,,,52,1,0,52,52.0,,,,,
4429066,Jeff Sims,Arizona State,Big 12,2025,188,105,6,0.559,10,1261,6.7,,,,,,100,88,5,522,5.2
4429069,J.J. Evans,Norfolk State,MEAC,2025,,,,,,,,70,35,6,520,14.9,,,,,
4429077,Keyvone Lee,UNLV,Mountain West,2025,,,,,,,,25,19,0,164,8.6,100,22,6,440,4.4
4429079,Luke Doty,South Carolina,SEC,2025,30,19,1,0.633,0,153,5.1,,,,,,9,10,0,20,2.2
4429088,Drew Pyne,Bowling Green,Mid-American,2025,151,94,5,0.623,4,882,5.8,,,,,,30,23,0,-14,-0.5
4429093,Quincy Brown,Florida Atlantic,American Athletic,2025,,,,,,,,10,1,0,10,10.0,,,,,
4429103,Javian Hester,Kentucky,SEC,2025,,,,,,,,41,8,4,117,14.6,,,,,
4429107,Dazalin Worsham,UT Martin,Big South-OVC,2025,,,,,,,,28,8,1,72,9.0,,,,,
4429125,Gary Bryant Jr.,Oregon,Big Ten,2025,,,,,,,,49,26,4,306,11.8,,,,,
4429129,Michael Drennen II,Toledo,Mid-American,2025,,,,,,,,,,,,,9,15,0,60,6.7
4429149,Brendon Lewis,Memphis,American Athletic,2025,368,253,7,0.688,16,2673,7.3,14,1,0,14,14.0,151,27,9,660,4.4
4429173,Bryce Farrell,Stanford,ACC,2025,,,,,,,,68,28,2,447,16.0,5,7,0,20,4.0
4429179,Aidan Bouman,South Dakota,MVFC,2025,333,204,6,0.613,25,2769,8.3,,,,,,25,17,0,-94,-3.8
4429186,Sam Adams II,Sacramento State,Big Sky,2025,,,,,,,,33,9,2,134,14.9,36,34,3,181,5.0
4429191,Deuce Hogan,Nicholls,Southland,2025,198,120,5,0.606,4,1046,5.3,,,,,,36,10,1,-38,-1.1
4429192,Jahvante Royal,Central Connecticut,NEC,2025,,,,,,,,5,1,0,5,5.0,,,,,
4429209,Beau Allen,Kentucky,SEC,2025,,,,,,,,,,,,,1,0,0,-4,-4.0
4429212,Rashad Amos,Georgia State,Sun Belt,2025,,,,,,,,13,10,0,70,7.0,63,29,2,267,4.2
4429254,Kobe Baynes,Kansas,Big 12,2025,,,,,,,,,,,,,0,0,0,-25,0
4429255,Marquez Bell,Florida A&M,SWAC,2025,,,,,,,,9,2,0,15,7.5,,,,,
4429445,Logan Compton,Incarnate Word,Southland,2025,,,,,,,,18,4,0,36,9.0,,,,,
4429461,Josh Crabtree,North Carolina Central,MEAC,2025,,,,,,,,5,1,0,5,5.0,,,,,
4429463,Jacolby Criswell,East Tennessee State,Southern,2025,138,85,2,0.616,9,1130,8.2,,,,,,56,42,0,277,4.9
4429552,Eamonn Dennis,Ohio,Mid-American,2025,,,,,,,,3,1,0,3,3.0,,,,,
4429582,Joe Fagnano,UConn,FBS Independents,2025,412,284,1,0.689,28,3441,8.4,,,,,,47,38,3,131,2.8
4429800,Ger-Cari Caldwell,Memphis,American Athletic,2025,,,,,,,,9,2,0,12,6.0,,,,,
4429801,Tucker Gleason,Toledo,Mid-American,2025,320,207,9,0.647,21,2515,7.9,,,,,,46,35,4,144,3.1
4429804,Jimmy Calloway,Tulane,American Athletic,2025,2,1,0,0.500,1,42,21.0,41,3,0,52,17.3,3,14,1,12,4.0
4429922,Jaedon Henry,SE Louisiana,Southland,2025,,,,,,,,60,14,0,178,12.7,103,27,5,430,4.2
4429967,Kris Hutson,Arizona,Big 12,2025,,,,,,,,40,60,4,764,12.7,2,15,0,14,7.0
4429971,Ryan Ingram,Chattanooga,Southern,2025,,,,,,,,7,6,0,22,3.7,143,37,8,578,4.0
4430105,Fabian Mccray,Southern Illinois,MVFC,2025,,,,,,,,63,38,3,537,14.1,,,,,
4430138,Tysen Kershaw,Northern Iowa,MVFC,2025,,,,,,,,79,30,2,454,15.1,,,,,
4430183,Logan Kyle,James Madison,Sun Belt,2025,,,,,,,,23,12,1,139,11.6,,,,,
4430185,Caullin Lacy,Louisville,ACC,2025,1,1,0,1.000,1,2,2.0,48,60,2,635,10.6,15,11,0,53,3.5
4430235,Chris Long,Montana State,Big Sky,2025,,,,,,,,33,24,1,338,14.1,2,4,1,5,2.5
4430270,Jay Maclin,Kentucky,SEC,2025,,,,,,,,44,13,0,189,14.5,,,,,
4430514,Leslie Smith,Incarnate Word,Southland,2025,,,,,,,,2,1,0,2,2.0,,,,,
4430565,Will Nixon,Syracuse,ACC,2025,,,,,,,,21,24,0,173,7.2,107,28,3,432,4.0
4430654,Rico Powers Jr.,UL Monroe,Sun Belt,2025,,,,,,,,21,5,0,53,10.6,,,,,
4430657,Devin Price,Ole Miss,SEC,2025,,,,,,,,35,1,0,35,35.0,,,,,
4430666,Ikaika Ragsdale,Stony Brook,CAA,2025,,,,,,,,24,12,0,70,5.8,62,13,0,221,3.6
4430689,Dominic Richardson,Tulsa,American Athletic,2025,,,,,,,,22,20,0,130,6.5,212,57,5,1065,5.0
4430712,Jordan Simmons,Georgia State,Sun Belt,2025,,,,,,,,32,28,1,192,6.9,97,92,2,543,5.6
4430747,Reese Smith,Liberty,Conference USA,2025,,,,,,,,23,23,1,209,9.1,,,,,
4430798,Kyler Pearson,East Carolina,American Athletic,2025,,,,,,,,,,,,,3,32,1,32,10.7
4430825,E.J. Smith,Texas A&M,SEC,2025,,,,,,,,7,4,0,18,4.5,44,17,4,205,4.7
4430827,Troy Omeire,UNLV,Mountain West,2025,,,,,,,,68,32,5,521,16.3,,,,,
4430836,Chubba Purdy,Nevada,Mountain West,2025,86,44,8,0.512,3,577,6.7,13,9,1,59,6.6,100,58,3,530,5.3
4430841,Carson Beck,Miami,ACC,2025,468,338,12,0.722,30,3813,8.1,14,1,1,14,14.0,62,11,2,43,0.7
4430843,Jalen Berger,UCLA,Big Ten,2025,,,,,,,,15,10,2,70,7.0,81,24,2,364,4.5
4430845,Darvon Hubbard,Northern Arizona,Big Sky,2025,,,,,,,,4,9,1,10,1.1,45,28,3,206,4.6
4430846,Porter Rooks,Eastern Michigan,Mid-American,2025,,,,,,,,25,27,0,221,8.2,,,,,
4430847,Chris Street,Utah Tech,UAC,2025,,,,,,,,12,14,1,70,5.0,54,18,1,213,3.9
4430893,DeaMonte Trayanum,Toledo,Mid-American,2025,,,,,,,,57,21,2,212,10.1,182,75,12,1015,5.6
4430894,Caziah Holmes,Florida State,ACC,2025,,,,,,,,,,,,,18,16,2,89,4.9
4430903,Dakota Thomas,Nevada,Mountain West,2025,,,,,,,,25,26,1,268,10.3,,,,,
4430905,Jadon Thompson,Memphis,American Athletic,2025,,,,,,,,40,8,0,86,10.8,,,,,
4430912,Malakai Anthony,Bowie State,CIAA,2025,30,16,0,0.533,1,114,3.8,,,,,,5,13,0,40,8.0
4430954,Lukas Ungar,New Mexico State,Conference USA,2025,,,,,,,,5,3,0,14,4.7,,,,,
4430960,Derek Bowman,South Florida,American Athletic,2025,,,,,,,,13,0,0,13,0,,,,,
4430992,Kentrel Bullock,South Alabama,Sun Belt,2025,,,,,,,,15,14,1,53,3.8,218,64,14,1085,5.0
4430995,Kolbe Burrell,Northwestern State,Southland,2025,,,,,,,,31,12,0,45,3.8,76,38,1,263,3.5
4431001,Elijah Canion,Liberty,Conference USA,2025,,,,,,,,22,4,0,57,14.3,,,,,
4431002,Latrell Caples,Boise State,Mountain West,2025,,,,,,,,34,51,3,616,12.1,1,0,0,-4,-4.0
4431009,Hunter Welcing,Northwestern,Big Ten,2025,,,,,,,,36,28,2,296,10.6,,,,,
4431018,Michael Chandler II,Campbell,CAA,2025,45,27,1,0.600,1,407,9.0,39,42,2,305,7.3,70,33,3,200,2.9
4431046,EJ Core,Delaware State,MEAC,2025,1,1,0,1.000,0,-3,-3.0,52,8,0,92,11.5,3,4,0,1,0.3
4431051,Izayah Cummings,App State,Sun Belt,2025,,,,,,,,30,37,1,374,10.1,,,,,
4431066,Harlan Dixon,Incarnate Word,Southland,2025,,,,,,,,19,7,0,63,9.0,53,17,3,217,4.1
4431074,Jevyon Ducker,Temple,American Athletic,2025,1,1,0,1.000,1,16,16.0,15,23,2,105,4.6,157,55,7,809,5.2
4431081,Sage Ennis,Virginia,ACC,2025,,,,,,,,25,23,5,214,9.3,,,,,
4431083,Darryle Evans,Houston Christian,Southland,2025,,,,,,,,18,7,0,46,6.6,80,73,3,382,4.8
4431091,Ben Finley,Akron,Mid-American,2025,362,186,9,0.514,19,2475,6.8,,,,,,69,40,2,130,1.9
4431094,Christian Fitzpatrick,Oklahoma State,Big 12,2025,,,,,,,,35,8,0,90,11.3,,,,,
4431114,Ben Gulbranson,Stanford,ACC,2025,260,148,10,0.569,9,1813,7.0,,,,,,33,12,0,-201,-6.1
4431152,Jackson Acker,Wisconsin,Big Ten,2025,,,,,,,,24,8,1,66,8.3,15,12,0,55,3.7
4431162,T.J. Bollers,California,ACC,2025,,,,,,,,,,,,,1,9,0,9,9.0
4431197,Romello Brinson,SMU,ACC,2025,1,0,0,0.000,0,0,0.0,75,43,3,638,14.8,1,4,0,4,4.0
4431209,Dacari Collins,Louisville,ACC,2025,,,,,,,,36,13,1,219,16.8,,,,,
4431213,Deion Colzie,Miami (OH),Mid-American,2025,,,,,,,,44,11,1,178,16.2,,,,,
4431234,Logan Loya,Minnesota,Big Ten,2025,,,,,,,,10,10,0,61,6.1,1,0,0,-5,-5.0
4431236,Qian Magwood,Ball State,Mid-American,2025,1,1,0,1.000,1,19,19.0,53,19,1,320,16.8,4,8,0,6,1.5
4431237,Steven Mahar Jr.,UAlbany,CAA,2025,,,,,,,,35,8,2,107,13.4,,,,,
4431246,Baron May,Bowling Green,Mid-American,2025,22,12,0,0.545,1,142,6.5,,,,,,13,28,1,32,2.5
4431273,Jalil Farooq,Maryland,Big Ten,2025,,,,,,,,29,58,4,545,9.4,2,6,0,8,4.0
4431277,Koy Moore,UNLV,Mountain West,2025,,,,,,,,22,12,0,120,10.0,1,0,0,0,0.0
4431281,Christian Moore,Purdue,Big Ten,2025,,,,,,,,6,2,0,8,4.0,1,0,0,-2,-2.0
4431286,Armoni Goodwin,UT Martin,Big South-OVC,2025,,,,,,,,8,5,0,18,3.6,6,5,0,13,2.2
4431302,Ricky Ortega,Central Connecticut,NEC,2025,,,,,,,,18,20,1,187,9.4,2,0,0,-25,-12.5
4431303,Jake Overman,Pittsburgh,ACC,2025,,,,,,,,14,10,1,78,7.8,,,,,
4431304,Kejon Owens,Florida International,Conference USA,2025,,,,,,,,14,18,0,67,3.7,213,84,11,1334,6.3
4431325,Taylen Green,Arkansas,SEC,2025,326,198,11,0.607,19,2714,8.3,,,,,,138,64,8,779,5.6
4431328,Rodney Hammond Jr.,Sacramento State,Big Sky,2025,1,1,0,1.000,1,23,23.0,29,15,0,147,9.8,188,87,13,1214,6.5
4431334,Chris Hilton Jr.,LSU,SEC,2025,,,,,,,,46,10,0,122,12.2,,,,,
4431375,Ken Seals,TCU,Big 12,2025,46,33,2,0.717,1,282,6.1,,,,,,9,8,1,-2,-0.2
4431387,Evan Simon,Temple,American Athletic,2025,314,190,2,0.605,25,2098,6.7,,,,,,75,34,2,191,2.5
4431416,Kiael Kelly,Ball State,Mid-American,2025,272,153,8,0.563,10,1560,5.7,19,1,1,19,19.0,211,56,5,608,2.9
4431417,Quinton Stewart,Oklahoma State,Big 12,2025,,,,,,,,30,4,0,62,15.5,1,2,0,2,2.0
4431432,Kenny Tracy,Miami (OH),Mid-American,2025,,,,,,,,29,11,2,121,11.0,49,21,1,272,5.6
4431461,Chamon Metayer,Arizona State,Big 12,2025,,,,,,,,27,38,4,375,9.9,1,1,0,1,1.0
4431465,Behren Morton,Texas Tech,Big 12,2025,333,219,6,0.658,22,2780,8.3,,,,,,43,11,0,-113,-2.6
4431468,Jordan Mosley,Mississippi State,SEC,2025,,,,,,,,75,8,1,168,21.0,,,,,
4431481,De'Andre Wilborn,Valparaiso,Pioneer,2025,,,,,,,,,,,,,1,28,0,28,28.0
4431485,Leshon Williams,Kansas,Big 12,2025,,,,,,,,39,5,2,73,14.6,97,62,7,565,5.8
4431497,Mavin Anderson,Texas State,Sun Belt,2025,,,,,,,,48,9,1,155,17.2,,,,,
4431498,Jayden Ballard,Wisconsin,Big Ten,2025,,,,,,,,58,7,2,150,21.4,,,,,
4431499,Sieh Bangura,Ohio,Mid-American,2025,,,,,,,,11,13,0,77,5.9,240,49,15,1392,5.8
4431501,James BlackStrain,Missouri State,Conference USA,2025,,,,,,,,32,22,1,224,10.2,,,,,
4431505,Kobe Paysour,North Carolina,ACC,2025,,,,,,,,44,35,1,438,12.5,,,,,
4431513,Tyler Buchner,Notre Dame,FBS Independents,2025,,,,,,,,,,,,,1,3,0,3,3.0
4431514,Daejon Reynolds,UNLV,Mountain West,2025,,,,,,,,86,33,5,471,14.3,0,0,0,-2,0
4431516,Brandon Buckhaulter,UL Monroe,Sun Belt,2025,,,,,,,,14,4,1,52,13.0,2,19,0,20,10.0
4431525,Dekel Crowdus,Wisconsin,Big Ten,2025,,,,,,,,0,1,0,0,0.0,3,15,0,26,8.7
4431560,Antwain Littleton II,Rhode Island,CAA,2025,,,,,,,,14,30,2,165,5.5,241,65,14,1248,5.2
4431574,Eli Stowers,Vanderbilt,SEC,2025,,,,,,,,67,61,4,765,12.5,2,4,0,2,1.0
4431580,Miller Moss,Louisville,ACC,2025,380,244,7,0.642,16,2679,7.1,19,2,0,15,7.5,54,13,9,-65,-1.2
4431600,Jayden Thomas,Virginia,ACC,2025,,,,,,,,6,3,0,9,3.0,,,,,
4431609,Jarris Williams,Troy,Sun Belt,2025,1,0,0,0.000,0,0,0.0,,,,,,19,13,1,57,3.0
4431632,Caleb Coombs,Jacksonville State,Conference USA,2025,,,,,,,,24,37,0,277,7.5,1,0,0,-11,-11.0
4431633,Will Crowder,Troy,Sun Belt,2025,196,115,5,0.587,11,1327,6.8,,,,,,57,16,2,30,0.5
4431646,Keontez Lewis,Oklahoma,SEC,2025,,,,,,,,28,21,2,243,11.6,,,,,
4431647,Chauncey Magwood,Purdue,Big Ten,2025,,,,,,,,15,2,0,17,8.5,,,,,
4431651,Elijah Metcalf,Southern Miss,Sun Belt,2025,,,,,,,,76,54,2,683,12.6,4,17,0,26,6.5
4431663,Jackson West,Western Kentucky,Conference USA,2025,,,,,,,,17,8,1,80,10.0,,,,,
4431735,Douglas Emilien,Kansas,Big 12,2025,,,,,,,,14,3,0,26,8.7,0,2,0,2,0
4431948,TJ Finley,Georgia State,Sun Belt,2025,201,127,7,0.632,6,1244,6.2,,,,,,28,15,0,-51,-1.8
4431997,Nate Floyd,Nevada,Mountain West,2025,,,,,,,,15,3,0,22,7.3,1,2,0,2,2.0
4432230,Jalen Hampton,Western Kentucky,Conference USA,2025,,,,,,,,,,,,,11,7,0,27,2.5
4432236,DaJon Harrison,Utah Tech,UAC,2025,,,,,,,,40,7,0,87,12.4,1,0,0,-2,-2.0
4432254,Zane Herring,South Florida,American Athletic,2025,,,,,,,,,,,,,1,0,0,-6,-6.0
4432260,Matthew Hibner,SMU,ACC,2025,,,,,,,,80,31,4,436,14.1,,,,,
4432264,Austin Hill,Stetson,Pioneer,2025,,,,,,,,53,6,0,67,11.2,,,,,
4432297,Isaiah Jacobs,UAB,American Athletic,2025,,,,,,,,23,15,1,82,5.5,79,23,4,342,4.3
4432404,Jamall Mensah,Rhode Island,CAA,2025,,,,,,,,6,2,0,10,5.0,,,,,
4432506,Sawyer Racanelli,Wake Forest,ACC,2025,,,,,,,,62,18,1,315,17.5,,,,,
4432534,Tyree Saunders,Alabama State,SWAC,2025,,,,,,,,12,2,0,18,9.0,,,,,
4432551,Stacy Sneed,Houston,Big 12,2025,,,,,,,,24,8,0,68,8.5,37,16,0,130,3.5
4432612,Christian Veilleux,Georgia State,Sun Belt,2025,86,41,3,0.477,3,513,6.0,,,,,,9,20,0,53,5.9
4432631,Noah Whittington,Oregon,Big Ten,2025,,,,,,,,12,19,1,98,5.2,129,68,6,829,6.4
4432669,Joshua Burrell,Furman,Southern,2025,,,,,,,,29,36,2,290,8.1,1,4,0,4,4.0
4432691,Carlos Del Rio-Wilson,Marshall,Sun Belt,2025,256,171,5,0.668,17,2043,8.0,2,1,0,-6,-6.0,159,24,6,658,4.1
4432694,JoJo Earle,UNLV,Mountain West,2025,,,,,,,,37,22,0,258,11.7,13,27,2,102,7.8
4432702,Thad Franklin,Florida A&M,SWAC,2025,,,,,,,,27,17,0,120,7.1,155,47,6,720,4.6
4432706,Antonio Harmon,Marshall,Sun Belt,2025,,,,,,,,34,1,0,34,34.0,,,,,
4432718,LJ Johnson Jr.,California,ACC,2025,,,,,,,,14,4,0,18,4.5,33,12,2,108,3.3
4432721,Dino Kaliakmanis,Rutgers,Big Ten,2025,,,,,,,,9,1,1,9,9.0,,,,,
4432722,Athan Kaliakmanis,Rutgers,Big Ten,2025,368,229,7,0.622,20,3124,8.5,,,,,,96,15,4,-26,-0.3
4432727,Solomon Lewis,Nicholls,Southland,2025,,,,,,,,15,18,0,106,5.9,,,,,
4432744,Julian Nixon,UL Monroe,Sun Belt,2025,,,,,,,,24,15,1,151,10.1,3,2,1,1,0.3
4432754,Ricky Parks,Fordham,Patriot,2025,,,,,,,,16,11,0,36,3.3,90,45,1,334,3.7
4432757,Evan Pryor,Cincinnati,Big 12,2025,,,,,,,,26,10,1,107,10.7,76,46,3,522,6.9
4432759,Sawyer Robertson,Baylor,Big 12,2025,503,304,12,0.604,31,3681,7.3,,,,,,56,16,3,17,0.3
4432767,Preston Stone,Northwestern,Big Ten,2025,370,222,12,0.600,17,2400,6.5,,,,,,49,30,1,14,0.3
4432784,Kyron Ware-Hudson,Penn State,Big Ten,2025,,,,,,,,31,23,2,288,12.5,,,,,
4432803,Kaidon Salter,Colorado,Big 12,2025,204,127,7,0.623,10,1414,6.9,,,,,,104,35,5,357,3.4
4433821,John Gentry,UT Martin,Big South-OVC,2025,,,,,,,,39,17,1,131,7.7,98,26,1,401,4.1
4433824,Hank Gibbs,Northern Colorado,Big Sky,2025,1,1,0,1.000,0,30,30.0,22,2,0,26,13.0,19,8,1,39,2.1
4433827,Rocko Griffin,Massachusetts,Mid-American,2025,,,,,,,,18,10,0,61,6.1,53,43,2,245,4.6
4433829,Mitch Griffis,Texas Tech,Big 12,2025,36,26,0,0.722,2,357,9.9,9,1,0,9,9.0,14,12,1,29,2.1
4433844,Alex Lines,Northwestern,Big Ten,2025,,,,,,,,7,4,0,14,3.5,,,,,
4433853,Chase Lloyd,Florida A&M,SWAC,2025,,,,,,,,,,,,,1,0,0,0,0.0
4433855,Terry Lockett,Eastern Michigan,Mid-American,2025,1,0,0,0.000,0,0,0.0,64,19,1,263,13.8,,,,,
4433901,Corey Rucker,Arkansas State,Sun Belt,2025,,,,,,,,71,73,4,1029,14.1,4,4,0,16,4.0
4433906,Trayvon Rudolph,Toledo,Mid-American,2025,,,,,,,,58,39,2,435,11.2,3,4,0,7,2.3
4433932,Mike Wright,East Carolina,American Athletic,2025,7,3,0,0.429,0,13,1.9,20,6,0,39,6.5,18,18,2,72,4.0
4433935,Ethan Wright,Youngstown State,MVFC,2025,,,,,,,,40,24,2,249,10.4,41,19,1,222,5.4
4433938,Jeremiah Wright,Auburn,SEC,2025,,,,,,,,0,1,0,0,0.0,,,,,
4433968,Byron Cardwell,San Diego State,Mountain West,2025,,,,,,,,54,5,1,108,21.6,48,22,1,267,5.6
4433969,Timmy McClain,Bethune-Cookman,SWAC,2025,111,81,2,0.730,3,857,7.7,,,,,,40,13,3,97,2.4
4522107,Daveon Walker,Alabama A&M,SWAC,2025,,,,,,,,48,37,6,526,14.2,,,,,
4528999,Jalen Rogers,Florida A&M,SWAC,2025,,,,,,,,46,14,1,186,13.3,3,5,0,11,3.7
4563007,Nick Elksnis,UNLV,Mountain West,2025,,,,,,,,23,12,2,145,12.1,,,,,
4565180,Peter Costelli,Northern Colorado,Big Sky,2025,41,22,4,0.537,1,272,6.6,,,,,,16,19,1,74,4.6
4565181,Bralon Brown,Southern Miss,Sun Belt,2025,,,,,,,,40,30,2,353,11.8,,,,,
4565183,Will Swanson,Kansas State,Big 12,2025,,,,,,,,38,5,0,82,16.4,,,,,
4565184,Jerand Bradley,Kansas State,Big 12,2025,,,,,,,,65,13,2,184,14.2,,,,,
4565186,Shawn Hardy,UT Martin,Big South-OVC,2025,,,,,,,,22,10,1,74,7.4,,,,,
4565187,Jalen Kitna,UAB,American Athletic,2025,337,223,11,0.662,13,2462,7.3,17,1,0,17,17.0,34,8,0,-39,-1.1
4565189,Cam Ransom,Bethune-Cookman,SWAC,2025,209,133,6,0.636,13,1743,8.3,,,,,,89,28,6,336,3.8
4565211,Dan Dishman,UTSA,American Athletic,2025,,,,,,,,26,10,1,100,10.0,,,,,
4565315,Blake Shapen,Mississippi State,SEC,2025,304,195,8,0.641,15,2436,8.0,,,,,,112,24,3,26,0.2
4565318,Terion Stewart,Virginia Tech,ACC,2025,,,,,,,,8,4,0,19,4.8,82,85,0,469,5.7
4565355,Dexter Williams II,Kennesaw State,Conference USA,2025,125,67,3,0.536,6,787,6.3,,,,,,41,16,3,153,3.7
4565445,Aamaris Brown,UNLV,Mountain West,2025,,,,,,,,4,1,0,4,4.0,,,,,
4565532,Jordan Brunson,Miami (OH),Mid-American,2025,,,,,,,,5,1,0,5,5.0,164,60,4,767,4.7
4565553,Elijah Howard,Central Connecticut,NEC,2025,,,,,,,,25,43,5,335,7.8,202,93,11,1105,5.5
4565770,Damien Moore,Lamar,Southland,2025,,,,,,,,0,1,0,-1,-1.0,29,10,2,80,2.8
4565859,Joe Royer,Cincinnati,Big 12,2025,,,,,,,,73,29,4,416,14.3,,,,,
4566094,Jacob Rodriguez,Texas Tech,Big 12,2025,1,0,1,0.000,0,0,0.0,,,,,,2,2,2,3,1.5
4566153,Blaine Green,Stephen F. Austin,Southland,2025,,,,,,,,42,37,2,426,11.5,6,6,0,10,1.7
4566198,Lake McRee,USC,Big Ten,2025,,,,,,,,64,30,4,450,15.0,,,,,
4566381,Casey Case,Stony Brook,CAA,2025,23,12,0,0.522,0,110,4.8,,,,,,6,8,0,-10,-1.7
4567033,Donavon Greene,Virginia Tech,ACC,2025,,,,,,,,37,16,2,267,16.7,,,,,
4567504,Sky Forest,Lane College,SIAC,2025,4,2,0,0.500,0,16,4.0,,,,,,1,3,0,3,3.0
4567707,Grayson James,Boston College,ACC,2025,151,87,5,0.576,7,1196,7.9,,,,,,54,20,0,65,1.2
4567747,Garrett Nussmeier,LSU,SEC,2025,288,194,5,0.674,12,1927,6.7,,,,,,29,26,1,-57,-2.0
4567748,Sam Huard,USC,Big Ten,2025,1,1,0,1.000,0,10,10.0,,,,,,,,,,
4568237,Matt Smith,Rhode Island,CAA,2025,,,,,,,,7,3,1,13,4.3,,,,,
4568336,Zach Gibson,Florida Atlantic,American Athletic,2025,53,31,3,0.585,3,323,6.1,,,,,,2,6,0,3,1.5
4568411,Cornelious Brown,Alabama A&M,SWAC,2025,125,81,1,0.648,7,1060,8.5,,,,,,21,34,3,80,3.8
4568687,Sincere Brown,Colorado,Big 12,2025,,,,,,,,71,22,2,376,17.1,,,,,
4568694,Daniel Hishaw Jr.,Kansas,Big 12,2025,,,,,,,,16,6,0,33,5.5,124,22,5,587,4.7
4569001,Cameron Ross,Virginia,ACC,2025,,,,,,,,46,53,2,543,10.2,1,19,1,19,19.0
4569262,Alex Honig,UConn,FBS Independents,2025,,,,,,,,40,13,3,162,12.5,1,26,0,26,26.0
4569274,Rondarius Gregory,Lincoln (PA),CIAA,2025,,,,,,,,7,2,0,11,5.5,8,20,0,30,3.8
4569343,Rahmon Hart Jr.,Campbell,CAA,2025,,,,,,,,13,8,0,58,7.3,,,,,
4569423,Hudson Habermehl,UCLA,Big Ten,2025,,,,,,,,26,20,0,138,6.9,,,,,
4569498,Anthony Pecorella,Maine,CAA,2025,,,,,,,,,,,,,1,0,0,-22,-22.0
4569535,Jacob Clark,Missouri State,Conference USA,2025,376,247,11,0.657,28,3244,8.6,29,1,0,29,29.0,94,14,3,-16,-0.2
4569594,Cameron Davis,Minnesota,Big Ten,2025,,,,,,,,21,18,0,119,6.6,35,14,2,111,3.2
4569727,Louis Hansen,UConn,FBS Independents,2025,,,,,,,,19,20,0,194,9.7,,,,,
4569988,Enoch Nawahine,BYU,Big 12,2025,,,,,,,,8,3,0,14,4.7,25,9,1,82,3.3
4570035,Jaden Alexis,South Florida,American Athletic,2025,,,,,,,,4,1,0,4,4.0,,,,,
4570045,John Dunmore,Towson,CAA,2025,2,1,0,0.500,1,33,16.5,55,54,7,633,11.7,1,45,1,45,45.0
4570048,Michael Johnson Jr.,Akron,Mid-American,2025,23,12,0,0.522,1,62,2.7,,,,,,27,17,0,42,1.6
4570071,Julius Davis,Montana State,Big Sky,2025,,,,,,,,22,5,1,39,7.8,170,64,8,1123,6.6
4570132,Ryan Davis,Utah,Big 12,2025,,,,,,,,56,62,4,725,11.7,,,,,
4570428,PaSean Wimberly,Bowling Green,Mid-American,2025,,,,,,,,,,,,,8,18,1,51,6.4
4570507,Devin Voisin,South Alabama,Sun Belt,2025,,,,,,,,65,67,4,775,11.6,,,,,
4570636,Malick Meiga,Coastal Carolina,Sun Belt,2025,,,,,,,,32,19,1,209,11.0,,,,,
4570740,Bryce Butler,Towson,CAA,2025,,,,,,,,19,8,0,78,9.8,,,,,
4570815,Lelan Wilhoite,Tennessee State,Big South-OVC,2025,,,,,,,,23,2,0,15,7.5,4,15,0,20,5.0
4571021,Shamar Garrett,Utah Tech,UAC,2025,,,,,,,,17,19,0,147,7.7,3,3,0,-2,-0.7
4571194,Marcus Bellon,Nevada,Mountain West,2025,2,0,0,0.000,0,0,0.0,43,25,1,242,9.7,3,5,0,10,3.3
4571205,Talmage Brown,Southern Utah,UAC,2025,,,,,,,,,,,,,2,13,1,17,8.5
4571559,Christian Helms,South Florida,American Athletic,2025,,,,,,,,3,1,1,3,3.0,,,,,
4571739,Kevin McGuire,Sacred Heart,FCS Independents,2025,,,,,,,,51,28,0,320,11.4,2,3,0,1,0.5
4573521,Jadon Turner,Central Connecticut,NEC,2025,,,,,,,,2,3,0,3,1.0,18,17,0,61,3.4
4573531,RJ Lamarre,Stony Brook,CAA,2025,,,,,,,,26,19,0,189,9.9,,,,,
4573542,Marcus Velez,Buffalo,Mid-American,2025,,,,,,,,19,6,0,40,6.7,,,,,
4575859,Nick Harris,Eastern Michigan,Mid-American,2025,,,,,,,,12,1,0,12,12.0,,,,,
4575862,Trebor Pena,Penn State,Big Ten,2025,,,,,,,,73,49,2,552,11.3,11,16,0,69,6.3
4576189,Aveon Smith,Merrimack,FCS Independents,2025,24,9,3,0.375,1,119,5.0,,,,,,51,29,1,240,4.7
4576223,Zachary Betts,St. Francis (PA),NEC,2025,,,,,,,,13,3,0,25,8.3,1,2,0,2,2.0
4576294,Harrison Waylee,Virginia,ACC,2025,,,,,,,,7,9,0,39,4.3,118,97,6,556,4.7
4577880,Jobi Malary,James Madison,Sun Belt,2025,,,,,,,,,,,,,43,73,4,349,8.1
4577962,Camden Orth,Chattanooga,Southern,2025,218,123,9,0.564,13,1654,7.6,,,,,,77,58,5,389,5.1
4577980,Luke Sprague,Sacramento State,Big Sky,2025,,,,,,,,,,,,,1,1,0,1,1.0
4583089,Var'Keyes Gumms,UNLV,Mountain West,2025,,,,,,,,27,11,3,168,15.3,,,,,
4586331,Taj Butts,Duquesne,NEC,2025,,,,,,,,12,4,0,29,7.3,79,59,4,578,7.3
4587701,Andrel Anthony Jr.,Duke,ACC,2025,,,,,,,,35,26,5,246,9.5,,,,,
4587702,Christian Leary,Western Michigan,Mid-American,2025,,,,,,,,17,15,0,115,7.7,10,21,0,46,4.6
4587721,Daniel Greek,Tarleton State,UAC,2025,71,49,1,0.690,8,791,11.1,,,,,,42,14,5,80,1.9
4587722,Troy Stellato,Kentucky,SEC,2025,,,,,,,,4,1,0,4,4.0,,,,,
4588298,Jameson Geers,Minnesota,Big Ten,2025,,,,,,,,25,26,4,206,7.9,2,1,0,1,0.5
4588466,Christian Jourdain,East Texas A&M,Southland,2025,,,,,,,,47,59,2,799,13.5,2,2,0,4,2.0
4589233,Dylan Goffney,SMU,ACC,2025,,,,,,,,16,1,0,16,16.0,,,,,
4590294,Brady Lichtenberg,Cincinnati,Big 12,2025,21,14,1,0.667,2,134,6.4,,,,,,4,21,0,21,5.3
4592531,Ari Patu,North Alabama,UAC,2025,95,48,4,0.505,5,517,5.4,,,,,,44,25,1,133,3.0
4592532,Billy Edwards,Wisconsin,Big Ten,2025,16,7,0,0.438,0,113,7.1,,,,,,,,,,
4592573,Michael Jackson III,Purdue,Big Ten,2025,,,,,,,,31,63,1,570,9.0,3,2,0,-5,-1.7
4592574,Jaedon Wilson,UCLA,Big Ten,2025,,,,,,,,11,2,0,20,10.0,,,,,
4592781,Luke Murphy,Coastal Carolina,Sun Belt,2025,,,,,,,,,,,,,1,1,0,1,1.0
4592832,Marcus Burke,UCF,Big 12,2025,,,,,,,,30,13,0,181,13.9,1,0,0,-5,-5.0
4592835,Dalton Stroman,App State,Sun Belt,2025,,,,,,,,72,35,4,665,19.0,,,,,
4594319,Brady Boyd,Utah State,Mountain West,2025,,,,,,,,53,46,8,743,16.2,2,6,0,10,5.0
4594329,Henry Lutovsky,Nebraska,Big Ten,2025,,,,,,,,0,1,0,-12,-12.0,,,,,
4594337,Liam Clifford,Penn State,Big Ten,2025,2,0,0,0.000,0,0,0.0,13,3,0,25,8.3,2,2,0,4,2.0
4594447,Donnie Gray,Massachusetts,Mid-American,2025,,,,,,,,41,27,0,260,9.6,4,9,0,24,6.0
4594479,Matt Lowe,Morgan State,MEAC,2025,,,,,,,,22,6,1,46,7.7,,,,,
4594749,Michael Trigg,Baylor,Big 12,2025,,,,,,,,42,50,6,694,13.9,,,,,
4594984,Tavierre Dunlap,Eastern Michigan,Mid-American,2025,,,,,,,,39,20,0,113,5.7,106,36,5,428,4.0
4595341,Caleb Hood,North Carolina,ACC,2025,,,,,,,,15,6,0,29,4.8,16,9,1,44,2.8
4596010,Lemeke Brockington,Minnesota,Big Ten,2025,,,,,,,,24,46,4,484,10.5,3,7,1,8,2.7
4596346,Jordan Dingle,South Carolina,SEC,2025,,,,,,,,33,10,0,136,13.6,,,,,
4596347,Donaven McCulley,Michigan,Big Ten,2025,1,0,0,0.000,0,0,0.0,44,39,3,588,15.1,2,11,0,5,2.5
4596437,AJ Green,Arkansas,SEC,2025,,,,,,,,,,,,,3,12,0,11,3.7
4596472,Jalon Daniels,Kansas,Big 12,2025,319,198,7,0.621,22,2504,7.8,,,,,,117,38,4,423,3.6
4597240,Terrence Enos Jr.,Kansas State,Big 12,2025,,,,,,,,-3,1,0,-3,-3.0,,,,,
4597247,Austin Smith,Austin Peay,UAC,2025,18,12,0,0.667,2,158,8.8,,,,,,9,21,1,59,6.6
4597248,Tailique Williams,Western Michigan,Mid-American,2025,,,,,,,,71,35,2,478,13.7,12,36,1,84,7.0
4597679,Luke Altmyer,Illinois,Big Ten,2025,365,246,5,0.674,22,3007,8.2,3,1,1,3,3.0,100,36,5,242,2.4
4599158,Al-Jay Henderson,Buffalo,Mid-American,2025,,,,,,,,22,25,1,181,7.2,182,41,6,755,4.1
4600403,Braylon Braxton,Southern Miss,Sun Belt,2025,400,254,8,0.635,24,3053,7.6,,,,,,98,21,1,215,2.2
4600410,Tre Shackelford,Tulane,American Athletic,2025,,,,,,,,30,13,1,193,14.8,,,,,
4600418,Kajiya Hollawayne,Temple,American Athletic,2025,,,,,,,,46,39,6,489,12.5,,,,,
4602185,Eric McAlister,TCU,Big 12,2025,,,,,,,,85,72,10,1190,16.5,,,,,
4602192,Landen King,Duke,ACC,2025,,,,,,,,33,15,4,203,13.5,,,,,
4602216,Omari Walker,Rhode Island,CAA,2025,,,,,,,,61,12,2,229,19.1,,,,,
4602644,Brendon Barrow,Rhode Island,CAA,2025,,,,,,,,15,10,0,67,6.7,56,36,5,422,7.5
4602696,Christian Burkhalter,North Alabama,UAC,2025,,,,,,,,7,1,0,7,7.0,,,,,
4602783,Trent Battle,TCU,Big 12,2025,,,,,,,,15,10,0,65,6.5,64,65,6,349,5.5
4602785,Peyton Higgins,Troy,Sun Belt,2025,,,,,,,,21,36,1,301,8.4,2,0,0,-3,-1.5
4602895,Makai Cope,Missouri State,Conference USA,2025,,,,,,,,27,20,0,269,13.5,,,,,
4602923,Jaylen Henderson,West Virginia,Big 12,2025,18,7,0,0.389,0,50,2.8,,,,,,29,32,1,146,5.0
4602928,Ezavier Staples,UCLA,Big Ten,2025,,,,,,,,12,2,0,18,9.0,,,,,
4602966,Jacob Gill,Iowa,Big Ten,2025,,,,,,,,44,24,1,278,11.6,,,,,
4602968,Nate Hampton,Gardner-Webb,Big South-OVC,2025,143,83,1,0.580,10,1245,8.7,,,,,,73,26,4,292,4.0
4602970,Jordan Poole,Nicholls,Southland,2025,,,,,,,,,,,,,13,12,0,31,2.4
4602981,Jakolbe Baldwin,Marshall,Sun Belt,2025,,,,,,,,24,4,0,34,8.5,,,,,
4602983,Ty Lyles,Bowie State,CIAA,2025,,,,,,,,21,4,0,20,5.0,,,,,
4603185,Markus Allen,Mississippi State,SEC,2025,,,,,,,,7,1,0,7,7.0,,,,,
4603190,Casey Cain,Liberty,Conference USA,2025,,,,,,,,17,10,0,102,10.2,,,,,
4603191,David Larkins,App State,Sun Belt,2025,,,,,,,,40,25,2,218,8.7,,,,,
4603192,Logan Diggs,Ole Miss,SEC,2025,,,,,,,,14,7,0,56,8.0,33,51,4,189,5.7
4603746,Malik Rutherford,Georgia Tech,ACC,2025,,,,,,,,71,46,3,523,11.4,7,13,0,45,6.4
4604004,Keelan Marion,Miami,ACC,2025,,,,,,,,61,57,2,746,13.1,4,22,0,25,6.3
4604008,Kelan Robinson,East Carolina,American Athletic,2025,,,,,,,,7,1,0,7,7.0,,,,,
4605486,Julian Polendo,Fresno State,Mountain West,2025,,,,,,,,,,,,,0,0,0,-7,0
4605951,C.J. Daniels,Miami,ACC,2025,,,,,,,,47,50,7,557,11.1,,,,,
4605998,Logan Fife,New Mexico State,Conference USA,2025,361,203,12,0.562,11,2232,6.2,,,,,,83,24,1,-3,0.0
4606658,Samari Collier,Coastal Carolina,Sun Belt,2025,78,38,2,0.487,7,489,6.3,7,1,0,7,7.0,70,85,7,429,6.1
4606685,Logan Mauldin,McNeese,Southland,2025,,,,,,,,52,26,2,341,13.1,,,,,
4606713,Brandon Hayes,SE Louisiana,Southland,2025,,,,,,,,69,19,2,227,11.9,18,20,0,107,5.9
4607267,Malik Sherrod,Boise State,Mountain West,2025,,,,,,,,39,28,2,250,8.9,85,44,4,418,4.9
4607891,Ryan Stubblefield,South Carolina State,MEAC,2025,175,99,4,0.566,7,1290,7.4,,,,,,58,24,6,159,2.7
4608520,Sam Olson,Arizona,Big 12,2025,,,,,,,,16,17,2,135,7.9,,,,,
4608533,E.J. Horton,Purdue,Big Ten,2025,,,,,,,,28,27,1,289,10.7,2,31,0,22,11.0
4608606,Tyson Mobley,Liberty,Conference USA,2025,,,,,,,,40,7,0,128,18.3,,,,,
4608607,Lincoln Pare,Texas State,Sun Belt,2025,,,,,,,,32,37,2,311,8.4,211,63,12,1129,5.4
4608680,Jonathan Horton,Grambling,SWAC,2025,,,,,,,,23,1,0,23,23.0,,,,,
4608751,Pierce Oppong,Northern Illinois,Mid-American,2025,,,,,,,,2,1,0,2,2.0,,,,,
4608776,Luke Larsen,Villanova,CAA,2025,1,1,0,1.000,0,4,4.0,,,,,,,,,,
4608801,Nae'Saan Dickerson,Grambling,SWAC,2025,,,,,,,,59,4,1,76,19.0,,,,,
4608858,Dan Villari,Syracuse,ACC,2025,,,,,,,,35,39,0,412,10.6,17,10,1,55,3.2
4608867,Chase Mitchell,Vanderbilt,SEC,2025,,,,,,,,0,1,0,-5,-5.0,,,,,
4608922,Braydon Bennett,Virginia Tech,ACC,2025,,,,,,,,2,1,0,2,2.0,4,3,1,8,2.0
4608936,Ahmon Green,Georgia Southern,Sun Belt,2025,,,,,,,,29,16,0,166,10.4,,,,,
4609242,Isaiah Davis,Stephen F. Austin,Southland,2025,,,,,,,,45,16,5,196,12.3,,,,,
4610131,Parker Navarro,Ohio,Mid-American,2025,303,188,11,0.620,14,2375,7.8,,,,,,161,44,9,886,5.5
4610570,Cade Fennegan,Abilene Christian,UAC,2025,1,1,0,1.000,0,8,8.0,,,,,,1,1,0,1,1.0
4611995,Jamal Haynes,Georgia Tech,ACC,2025,,,,,,,,34,33,0,257,7.8,124,47,5,531,4.3
4612078,JaCobian Morgan,Jackson State,SWAC,2025,153,92,2,0.601,10,1179,7.7,,,,,,42,35,3,282,6.7
4612189,Kadinn Morris,Southern Miss,Sun Belt,2025,,,,,,,,30,15,2,183,12.2,0,0,1,0,0
4612246,Sahmir Hagans,Duke,ACC,2025,,,,,,,,35,44,6,512,11.6,,,,,
4612297,Markeston Douglas,Florida State,ACC,2025,,,,,,,,13,2,0,24,12.0,,,,,
4612401,Kaelen Shankle,East Texas A&M,Southland,2025,,,,,,,,40,10,0,99,9.9,113,28,3,497,4.4
4612411,Chase Penry,Boise State,Mountain West,2025,,,,,,,,46,30,1,394,13.1,,,,,
4612558,Anderson Castle,Duke,ACC,2025,,,,,,,,17,17,0,111,6.5,115,66,12,488,4.2
4612605,Carter Evans,Eastern Michigan,Mid-American,2025,,,,,,,,,,,,,1,0,0,0,0.0
4612624,Antwan Roberts,Marshall,Sun Belt,2025,,,,,,,,20,7,0,58,8.3,90,54,4,512,5.7
4612824,Broc Lane,Utah State,Mountain West,2025,,,,,,,,52,19,2,218,11.5,,,,,
4612845,Malik Cooper,Wagner,NEC,2025,,,,,,,,55,13,1,168,12.9,5,40,0,80,16.0
4613059,Devontae Houston,East Tennessee State,Southern,2025,,,,,,,,15,15,1,82,5.5,176,75,12,1008,5.7
4613064,Obasanjo Sanni,Tennessee Tech,Big South-OVC,2025,,,,,,,,3,1,0,3,3.0,23,45,2,123,5.3
4613105,Miles Davis,Utah State,Mountain West,2025,,,,,,,,30,28,3,201,7.2,131,64,8,732,5.6
4613112,Terence Loville,Portland State,Big Sky,2025,,,,,,,,54,33,1,517,15.7,9,16,0,37,4.1
4613132,Levi Wentz,Kansas,Big 12,2025,,,,,,,,50,16,2,258,16.1,,,,,
4613198,Larenzo McMillan,New Mexico State,Conference USA,2025,,,,,,,,12,1,0,12,12.0,4,5,0,13,3.3
4613199,Josh Sterzer,Utah State,Mountain West,2025,,,,,,,,18,7,1,56,8.0,,,,,
4613214,Connor Witthoft,Delaware,Conference USA,2025,,,,,,,,16,9,0,66,7.3,,,,,
4613268,Joseph Bearns III,Charlotte,American Athletic,2025,,,,,,,,15,9,1,44,4.9,1,0,0,0,0.0
4618083,Ethan Hampton,Illinois,Big Ten,2025,4,3,1,0.750,0,27,6.8,,,,,,,,,,
4635009,J.Michael Sturdivant,Florida,SEC,2025,,,,,,,,57,27,3,406,15.0,1,1,0,1,1.0
4662406,Javon Gipson,Abilene Christian,UAC,2025,,,,,,,,43,64,6,1022,16.0,1,17,0,17,17.0
4663499,Sam Reynolds,Towson,CAA,2025,,,,,,,,38,20,0,206,10.3,2,5,0,8,4.0
4676889,Myles Montgomery,UCF,Big 12,2025,,,,,,,,64,17,0,182,10.7,143,45,4,705,4.9
4677280,Julian Gray,Liberty,Conference USA,2025,,,,,,,,72,18,1,218,12.1,17,14,1,102,6.0
4678010,Kyron Drones,Virginia Tech,ACC,2025,315,178,9,0.565,17,1919,6.1,,,,,,170,33,9,644,3.8
4680016,Cameron Bonner,Prairie View A&M,SWAC,2025,1,1,0,1.000,0,24,24.0,78,18,3,325,18.1,10,15,1,45,4.5
4680018,Alton McCaskill,Sam Houston,Conference USA,2025,,,,,,,,15,9,1,66,7.3,88,52,1,371,4.2
4680023,Brandon Epton Jr.,Southeast Missouri State,Big South-OVC,2025,,,,,,,,34,22,1,182,8.3,140,80,6,535,3.8
4680024,Da'Wain Lofton,Oklahoma State,Big 12,2025,,,,,,,,10,1,0,10,10.0,,,,,
4682484,Stone Eby,SMU,ACC,2025,,,,,,,,18,1,0,18,18.0,1,1,1,1,1.0
4682509,Malik McClain,Arizona State,Big 12,2025,,,,,,,,36,31,1,441,14.2,,,,,
4682518,Nick Vattiato,Middle Tennessee,Conference USA,2025,357,219,7,0.613,16,2157,6.0,,,,,,62,12,2,20,0.3
4682565,Tyler Macon,Alcorn State,SWAC,2025,,,,,,,,20,4,0,38,9.5,3,6,0,11,3.7
4682640,Joshua McCray,Georgia,SEC,2025,,,,,,,,7,3,0,5,1.7,53,17,3,135,2.5
4682642,D.C. Tabscott,North Alabama,UAC,2025,43,17,4,0.395,2,245,5.7,10,1,0,10,10.0,4,0,0,-29,-7.3
4682648,Malachi Fields,Notre Dame,FBS Independents,2025,,,,,,,,66,36,5,630,17.5,,,,,
4682748,Max Patterson,Delaware,Conference USA,2025,,,,,,,,40,20,3,275,13.8,,,,,
4682761,Luke Wysong,Arizona,Big 12,2025,,,,,,,,47,24,2,278,11.6,1,0,0,-1,-1.0
4682762,Ke'Travion Hargrove,Old Dominion,Sun Belt,2025,,,,,,,,80,6,2,192,32.0,64,29,4,268,4.2
4682778,Vinny Fiacable,Florida Atlantic,American Athletic,2025,,,,,,,,,,,,,1,0,0,-1,-1.0
4682787,Quayde Hawkins,Abilene Christian,UAC,2025,3,3,0,1.000,1,36,12.0,,,,,,2,10,0,12,6.0
4682792,Jed Castles,Abilene Christian,UAC,2025,,,,,,,,40,19,1,154,8.1,,,,,
4682924,Angelo Butts,Upper Iowa University,Great Lakes,2025,,,,,,,,10,4,0,24,6.0,1,3,0,3,3.0
4682927,Billy Wiles,App State,Sun Belt,2025,7,6,1,0.857,1,50,7.1,,,,,,5,12,0,7,1.4
4683007,JaCorey Hyder,Lamar,Southland,2025,,,,,,,,34,16,2,221,13.8,,,,,
4683012,Eddie Lee Marburger,UT Rio Grande Valley,Southland,2025,304,198,7,0.651,31,2731,9.0,,,,,,79,32,4,318,4.0
4683058,Brendan Sullivan,Tulane,American Athletic,2025,30,19,2,0.633,2,222,7.4,,,,,,31,10,0,76,2.5
4683111,Jaden Bradley,UNLV,Mountain West,2025,1,1,0,1.000,1,16,16.0,56,58,4,931,16.1,1,15,0,15,15.0
4683114,Will Pauling,Notre Dame,FBS Independents,2025,,,,,,,,44,26,6,381,14.7,,,,,
4683119,Tyler Moore,Iowa State,Big 12,2025,,,,,,,,31,7,0,118,16.9,,,,,
4683136,Tae'Shaun Johnson,Hampton,CAA,2025,,,,,,,,44,35,2,403,11.5,4,10,0,18,4.5
4683137,Drake Martinez,UT Martin,Big South-OVC,2025,,,,,,,,18,18,1,124,6.9,,,,,
4683151,Deion Burks,Oklahoma,SEC,2025,,,,,,,,45,57,4,620,10.9,6,12,0,-3,-0.5
4683153,Skyler Bell,UConn,FBS Independents,2025,,,,,,,,80,101,13,1276,12.6,2,0,0,-2,-1.0
4683159,Lewis Bond,Boston College,ACC,2025,,,,,,,,54,89,1,1010,11.3,4,7,0,3,0.8
4683164,Shakhi Carson,Stony Brook,CAA,2025,,,,,,,,,,,,,6,2,0,6,1.0
4683165,Jaden Nixon,UCF,Big 12,2025,,,,,,,,27,17,0,88,5.2,71,87,7,554,7.8
4683174,Drew Biber,Minnesota,Big Ten,2025,,,,,,,,21,18,0,136,7.6,,,,,
4683208,Branden Alvarez,Portland State,Big Sky,2025,,,,,,,,21,8,0,82,10.3,,,,,
4683210,Brady Hunt,South Carolina,SEC,2025,,,,,,,,20,21,0,168,8.0,3,1,2,3,1.0
4683221,Chris Parker,UConn,FBS Independents,2025,,,,,,,,45,5,0,108,21.6,,,,,
4683227,Joseph Manjack,TCU,Big 12,2025,1,1,0,1.000,0,17,17.0,51,44,3,579,13.2,2,6,0,-4,-2.0
4683234,La'Vell Wright,Western Kentucky,Conference USA,2025,,,,,,,,22,10,1,88,8.8,85,39,10,471,5.5
4683236,Ronnie Hamrick II,Lamar,Southland,2025,,,,,,,,,,,,,1,2,0,2,2.0
4683237,Keagan Johnson,New Mexico,Mountain West,2025,,,,,,,,80,59,3,754,12.8,2,5,0,9,4.5
4683263,Heinrich Haarberg,Nebraska,Big Ten,2025,,,,,,,,13,8,1,52,6.5,9,2,0,9,1.0
4683265,Weston Wolff,South Florida,American Athletic,2025,,,,,,,,7,1,0,7,7.0,,,,,
4683271,Jayleen Record,Weber State,Big Sky,2025,,,,,,,,78,37,3,398,10.8,2,5,0,2,1.0
4683272,Willie Shaw III,Toledo,Mid-American,2025,,,,,,,,,,,,,15,20,0,85,5.7
4683279,Jared Gibble,App State,Sun Belt,2025,,,,,,,,2,1,0,2,2.0,,,,,
4683282,Justin Lynch,Northern Illinois,Mid-American,2025,,,,,,,,,,,,,3,1,0,2,0.7
4683291,Joey Labas,Central Michigan,Mid-American,2025,208,147,6,0.707,13,1854,8.9,,,,,,54,10,0,-17,-0.3
4683306,Landon Morris,California,ACC,2025,,,,,,,,26,7,2,94,13.4,,,,,
4683308,Tanner Arkin,Illinois,Big Ten,2025,,,,,,,,28,13,2,114,8.8,,,,,
4683311,Sam Vidlak,Stephen F. Austin,Southland,2025,349,232,7,0.665,22,2686,7.7,,,,,,30,5,0,-183,-6.1
4683314,Xavier Coleman,Lamar,Southland,2025,,,,,,,,27,11,0,108,9.8,114,38,3,542,4.8
4683319,Bill Jackson,Northern Iowa,MVFC,2025,,,,,,,,64,39,1,324,8.3,103,35,3,455,4.4
4683417,Miles Campbell,Florida A&M,SWAC,2025,,,,,,,,52,21,2,305,14.5,,,,,
4683425,Glynn Johnson Jr,New Mexico State,Conference USA,2025,1,1,0,1.000,0,4,4.0,40,27,3,335,12.4,2,0,0,-4,-2.0
4683451,Cameron Friel,UNLV,Mountain West,2025,2,0,0,0.000,0,0,0.0,,,,,,7,6,0,29,4.1
4683461,Tyson Davis,Central Michigan,Mid-American,2025,,,,,,,,36,25,2,323,12.9,4,6,0,9,2.3
4683471,Brady Olson,Central Connecticut,NEC,2025,458,271,7,0.592,25,3132,6.8,,,,,,74,23,2,211,2.9
4683515,Leo Blackburn,Georgia State,Sun Belt,2025,,,,,,,,21,14,2,129,9.2,,,,,
4683531,Aaron Turner,Rice,American Athletic,2025,,,,,,,,55,63,4,398,6.3,50,52,3,259,5.2
4683536,JJ Henry,Abilene Christian,UAC,2025,,,,,,,,28,37,2,344,9.3,5,13,0,38,7.6
4683543,RJ Garcia II,Bowling Green,Mid-American,2025,1,1,0,1.000,1,73,73.0,28,27,0,283,10.5,2,38,0,61,30.5
4683561,Mareyohn Hrabowski,Western Michigan,Mid-American,2025,,,,,,,,4,1,1,4,4.0,,,,,
4683571,Eni Falayi,Wake Forest,ACC,2025,,,,,,,,42,21,2,228,10.9,,,,,
4683582,Lawson Albright,Northwestern,Big Ten,2025,,,,,,,,23,9,1,78,8.7,5,4,0,2,0.4
4683644,Alan Wright,Alabama State,SWAC,2025,,,,,,,,8,1,0,8,8.0,,,,,
4683665,Zuberi Mobley,Tulane,American Athletic,2025,,,,,,,,6,3,0,9,3.0,39,28,2,184,4.7
4683667,Trenten Howland,Oklahoma State,Big 12,2025,5,4,1,0.800,0,39,7.8,11,6,0,37,6.2,63,24,3,243,3.9
4683719,Jaden Bray,West Virginia,Big 12,2025,,,,,,,,45,7,0,95,13.6,,,,,
4683814,Dequan Stanley,Eastern Kentucky,UAC,2025,,,,,,,,36,20,1,221,11.1,,,,,
4683832,Carson Williams,North Dakota State,MVFC,2025,,,,,,,,22,8,0,96,12.0,,,,,
4683852,Dez Williams,Stony Brook,CAA,2025,,,,,,,,36,49,5,529,10.8,1,7,0,7,7.0
4683867,Xavier Ward,San José State,Mountain West,2025,32,12,4,0.375,0,116,3.6,,,,,,6,8,0,17,2.8
4683886,Jahmal Edrine,Virginia,ACC,2025,,,,,,,,37,46,1,564,12.3,,,,,
4683889,Damien Taylor,Ole Miss,SEC,2025,,,,,,,,0,1,0,-3,-3.0,28,20,2,130,4.6
4683912,Hunter Herring,UL Monroe,Sun Belt,2025,10,5,2,0.500,1,111,11.1,15,4,0,17,4.3,20,18,2,57,2.9
4683923,Banks Pope,Clemson,ACC,2025,,,,,,,,5,1,0,5,5.0,,,,,
4683986,Tariq Sims,William & Mary,CAA,2025,,,,,,,,43,23,3,213,9.3,63,35,0,223,3.5
4684003,Tahj Bullock,Colorado State,Mountain West,2025,1,0,0,0.000,0,0,0.0,16,2,0,15,7.5,23,10,3,31,1.3
4684061,T.J. Lockley,West Georgia,UAC,2025,,,,,,,,51,4,0,99,24.8,2,0,0,-5,-2.5
4684068,Cameron Harpole,Arizona State,Big 12,2025,,,,,,,,21,13,1,96,7.4,,,,,
4684173,O'Mega Blake,Arkansas,SEC,2025,,,,,,,,36,57,5,760,13.3,,,,,
4684279,Charlie Browder,East Tennessee State,Southern,2025,,,,,,,,28,15,2,222,14.8,,,,,
4684281,Jairus Mack,Western Kentucky,Conference USA,2025,,,,,,,,32,24,1,223,9.3,3,25,0,32,10.7
4684403,Jalen Richmond,Murray State,MVFC,2025,,,,,,,,22,17,0,188,11.1,2,0,0,-6,-3.0
4684421,Simeon Price,Colorado,Big 12,2025,,,,,,,,11,4,0,9,2.3,21,38,2,144,6.9
4684502,Justin Lamson,Montana State,Big Sky,2025,356,255,3,0.716,26,3172,8.9,12,3,0,24,8.0,176,48,16,734,4.2
4684525,Eli Sanders,USC,Big Ten,2025,,,,,,,,73,8,1,126,15.8,44,20,2,258,5.9
4684703,Coen Sutton,Georgetown,Patriot,2025,,,,,,,,10,5,1,35,7.0,,,,,
4684881,Rylan Green,UL Monroe,Sun Belt,2025,,,,,,,,23,4,1,50,12.5,,,,,
4684902,Ryan King,Montana State,Big Sky,2025,,,,,,,,52,11,1,211,19.2,,,,,
4684913,Braedon Wissler,Southern Utah,UAC,2025,,,,,,,,16,17,1,92,5.4,44,25,2,187,4.3
4684926,Andre Hines,Wagner,NEC,2025,,,,,,,,6,1,0,6,6.0,177,33,8,812,4.6
4684939,Bryan Robinson,Marshall,Sun Belt,2025,,,,,,,,19,3,0,30,10.0,,,,,
4685110,Anthony Smith,East Carolina,American Athletic,2025,,,,,,,,72,64,7,1053,16.5,1,45,1,45,45.0
4685131,J.T. Byrne,Georgia Tech,ACC,2025,,,,,,,,21,6,2,42,7.0,1,0,0,-1,-1.0
4685157,Blake Smith,Texas State,Sun Belt,2025,,,,,,,,22,10,0,105,10.5,,,,,
4685235,Phillippe Wesley,Delaware State,MEAC,2025,,,,,,,,64,14,1,158,11.3,,,,,
4685237,Michael Allen,Marshall,Sun Belt,2025,,,,,,,,49,12,1,139,11.6,77,68,4,385,5.0
4685246,Kaytron Allen,Penn State,Big Ten,2025,,,,,,,,11,18,0,68,3.8,210,67,15,1303,6.2
4685252,Henry Belin IV,Duke,ACC,2025,5,2,0,0.400,0,22,4.4,,,,,,5,15,0,41,8.2
4685254,Jabari Bates,San José State,Mountain West,2025,,,,,,,,12,1,0,12,12.0,27,87,2,192,7.1
4685256,Kojo Antwi,Colorado State,Mountain West,2025,,,,,,,,15,8,0,48,6.0,,,,,
4685261,Germie Bernard,Alabama,SEC,2025,2,2,0,1.000,0,15,7.5,43,64,7,862,13.5,18,25,2,101,5.6
4685268,Raleek Brown,Arizona State,Big 12,2025,,,,,,,,33,34,2,239,7.0,186,88,4,1141,6.1
4685269,Jovantae Barnes,Oklahoma,SEC,2025,,,,,,,,16,1,0,16,16.0,19,10,1,45,2.4
4685272,Lander Barton,Utah,Big 12,2025,,,,,,,,17,6,1,44,7.3,,,,,
4685274,Janiran Bonner,Nebraska,Big Ten,2025,,,,,,,,4,1,0,4,4.0,2,3,0,4,2.0
4685283,Kaleb Brown,UAB,American Athletic,2025,,,,,,,,61,17,2,255,15.0,1,5,0,5,5.0
4685286,Kareem Burke,Arkansas-Pine Bluff,SWAC,2025,,,,,,,,53,34,2,480,14.1,2,8,0,8,4.0
4685289,Keyan Burnett,Arizona,Big 12,2025,,,,,,,,6,2,0,11,5.5,,,,,
4685290,Tychaun Chapman,Southern Miss,Sun Belt,2025,,,,,,,,50,24,3,444,18.5,1,12,0,12,12.0
4685291,Jacurri Brown,UCF,Big 12,2025,5,3,1,0.600,1,97,19.4,,,,,,16,60,2,142,8.9
4685293,Trevonte' Citizen,McNeese,Southland,2025,,,,,,,,16,8,0,67,8.4,85,79,4,503,5.9
4685299,Joshua Burnham,Notre Dame,FBS Independents,2025,1,1,0,1.000,1,84,84.0,,,,,,,,,,
4685305,Brandon Cleveland,NC State,ACC,2025,,,,,,,,9,1,0,9,9.0,1,4,0,4,4.0
4685307,Kevin Coleman Jr.,Missouri,SEC,2025,,,,,,,,50,66,1,732,11.1,9,34,0,76,8.4
4685309,Braden Davis,Hampton,CAA,2025,164,101,8,0.616,4,1087,6.6,8,1,0,8,8.0,88,33,1,120,1.4
4685311,Jayden Denegal,San Diego State,Mountain West,2025,244,143,8,0.586,9,1810,7.4,,,,,,67,29,4,103,1.5
4685321,Jerry Cross,Memphis,American Athletic,2025,,,,,,,,9,1,0,9,9.0,,,,,
4685334,A.J. Duffy,New Haven,NEC,2025,334,197,10,0.590,22,2347,7.0,,,,,,44,40,4,218,5.0
4685345,JC French,Georgia Southern,Sun Belt,2025,390,249,8,0.638,20,2924,7.5,,,,,,133,21,6,315,2.4
4685348,Terrance Gibbs,Georgia Southern,Sun Belt,2025,,,,,,,,17,7,0,68,9.7,17,9,1,61,3.6
4685349,Mekhi Fox,Eastern Michigan,Mid-American,2025,,,,,,,,51,1,0,51,51.0,,,,,
4685356,Greg Gaines III,Rhode Island,CAA,2025,,,,,,,,46,65,4,1018,15.7,,,,,
4685363,Isaiah Gordon,Charleston Southern,Big South-OVC,2025,,,,,,,,7,2,0,11,5.5,30,18,1,119,4.0
4685364,Andre Greene Jr.,Virginia,ACC,2025,,,,,,,,7,1,0,7,7.0,,,,,
4685366,Benji Gosnell,Virginia Tech,ACC,2025,,,,,,,,18,12,0,86,7.2,,,,,
4685374,Rodney Hill,Arkansas,SEC,2025,,,,,,,,9,1,0,9,9.0,8,18,0,36,4.5
4685379,Sione Hala,Weber State,Big Sky,2025,,,,,,,,5,1,0,5,5.0,,,,,
4685381,Emmanuel Henderson Jr.,Kansas,Big 12,2025,,,,,,,,93,45,5,766,17.0,4,9,0,16,4.0
4685383,Isaiah Horton,Alabama,SEC,2025,,,,,,,,37,42,8,511,12.2,,,,,
4685385,Anthony Hankerson,Oregon State,Pac-12,2025,,,,,,,,14,22,0,123,5.6,247,65,9,1088,4.4
4685391,Walker Howard,Louisiana,Sun Belt,2025,41,18,3,0.439,0,155,3.8,,,,,,15,25,1,82,5.5
4685393,Preston Howard,Auburn,SEC,2025,,,,,,,,19,10,0,84,8.4,,,,,
4685401,Josh Hoover,TCU,Big 12,2025,413,272,13,0.659,29,3472,8.4,0,0,0,-5,0,55,13,2,4,0.1
4685404,Sam Horn,Missouri,SEC,2025,,,,,,,,,,,,,1,6,0,6,6.0
4685409,Jordan Hudson,SMU,ACC,2025,,,,,,,,70,61,6,766,12.6,1,6,0,6,6.0
4685413,Cade Klubnik,Clemson,ACC,2025,392,257,6,0.656,16,2943,7.5,,,,,,83,13,4,94,1.1
4685414,Jake Johnson,North Carolina,ACC,2025,,,,,,,,19,16,1,149,9.3,,,,,
4685416,Shaleak Knotts,Maryland,Big Ten,2025,,,,,,,,62,44,6,717,16.3,,,,,
4685418,Tavorus Jones,Missouri,SEC,2025,,,,,,,,20,3,0,26,8.7,7,17,1,31,4.4
4685424,Dane Key,Nebraska,Big Ten,2025,,,,,,,,40,39,5,452,11.6,,,,,
4685435,Justyn Martin,Maryland,Big Ten,2025,,,,,,,,,,,,,1,2,0,2,2.0
4685436,Antonio Martin,Kansas State,Big 12,2025,,,,,,,,,,,,,19,37,1,129,6.8
4685440,Kyle Lowe,SE Louisiana,Southland,2025,114,75,4,0.658,8,854,7.5,,,,,,78,38,5,458,5.9
4685441,Kendrick Law,Kentucky,SEC,2025,1,0,0,0.000,0,0,0.0,71,53,3,540,10.2,8,16,0,53,6.6
4685445,Rayshon Luke,Fresno State,Mountain West,2025,,,,,,,,23,36,2,228,6.3,110,69,6,699,6.4
4685450,Hassan Mahasin,Georgetown,Patriot,2025,,,,,,,,31,32,2,295,9.2,3,5,0,3,1.0
4685454,Jayden Maiava,USC,Big Ten,2025,403,265,10,0.658,24,3711,9.2,,,,,,54,21,6,157,2.9
4685458,Shawn Miller,New Mexico,Mountain West,2025,,,,,,,,42,15,1,199,13.3,,,,,
4685459,Nicco Marchiol,West Virginia,Big 12,2025,98,66,2,0.673,2,720,7.3,,,,,,40,12,1,57,1.4
4685469,Sam Mbake,App State,Sun Belt,2025,,,,,,,,24,24,1,207,8.6,,,,,
4685470,Le'Veon Moss,Texas A&M,SEC,2025,,,,,,,,5,2,0,3,1.5,77,38,6,404,5.2
4685476,Tobias Merriweather,Utah,Big 12,2025,,,,,,,,36,8,0,130,16.3,,,,,
4685477,Jamarion Miller,Alabama,SEC,2025,,,,,,,,14,19,0,109,5.7,130,24,3,504,3.9
4685488,MJ Morris,Coastal Carolina,Sun Belt,2025,60,35,4,0.583,1,304,5.1,,,,,,11,11,0,31,2.8
4685489,Jadyn Ott,Oklahoma,SEC,2025,,,,,,,,14,2,0,10,5.0,21,12,0,68,3.2
4685490,Devaughn Mortimer,Stephen F. Austin,Southland,2025,,,,,,,,23,28,0,210,7.5,4,3,0,3,0.8
4685492,Jack Pedersen,UCLA,Big Ten,2025,,,,,,,,15,11,0,72,6.5,,,,,
4685494,George Pettaway,James Madison,Sun Belt,2025,,,,,,,,24,9,1,67,7.4,34,35,0,195,5.7
4685495,Alex Orji,UNLV,Mountain West,2025,3,3,0,1.000,0,37,12.3,,,,,,10,11,1,42,4.2
4685497,Maalik Murphy,Oregon State,Pac-12,2025,276,160,8,0.580,9,1802,6.5,,,,,,23,11,1,-58,-2.5
4685504,Sam Roush,Stanford,ACC,2025,,,,,,,,69,49,2,545,11.1,,,,,
4685509,Gi'Bran Payne,Notre Dame,FBS Independents,2025,,,,,,,,,,,,,9,24,0,53,5.9
4685512,Jadarian Price,Notre Dame,FBS Independents,2025,,,,,,,,35,6,2,87,14.5,113,58,11,674,6.0
4685516,Shazz Preston,Tulane,American Athletic,2025,,,,,,,,69,43,4,723,16.8,,,,,
4685522,Ty Simpson,Alabama,SEC,2025,473,305,5,0.645,28,3567,7.5,,,,,,90,26,2,93,1.0
4685526,Adam Randall,Clemson,ACC,2025,,,,,,,,35,36,3,254,7.1,168,46,10,814,4.8
4685535,C.J. Stokes,Charlotte,American Athletic,2025,,,,,,,,11,5,0,37,7.4,48,21,1,149,3.1
4685538,Collin Sadler,Clemson,ACC,2025,,,,,,,,2,1,0,2,2.0,,,,,
4685540,Carsen Ryan,BYU,Big 12,2025,,,,,,,,43,45,3,620,13.8,,,,,
4685542,Jayden Sauray,Delaware State,MEAC,2025,63,36,3,0.571,2,495,7.9,,,,,,29,81,2,108,3.7
4685545,Gavin Sawchuk,Florida State,ACC,2025,,,,,,,,53,13,1,121,9.3,109,40,8,486,4.5
4685553,Brenen Thompson,Mississippi State,SEC,2025,,,,,,,,58,57,6,1054,18.5,4,10,1,14,3.5
4685555,Nicholas Singleton,Penn State,Big Ten,2025,,,,,,,,50,24,1,219,9.1,123,59,13,549,4.5
4685560,Jaleel Skinner,Louisville,ACC,2025,,,,,,,,33,21,2,204,9.7,,,,,
4685573,Holden Staes,Indiana,Big Ten,2025,,,,,,,,18,7,2,62,8.9,,,,,
4685574,Conner Weigman,Houston,Big 12,2025,356,232,9,0.652,25,2705,7.6,,,,,,170,50,11,703,4.1
4685578,Gunner Stockton,Georgia,SEC,2025,386,269,5,0.697,24,2894,7.5,,,,,,129,22,10,462,3.6
4685594,Dakota Twitty,Virginia,ACC,2025,,,,,,,,26,11,0,129,11.7,,,,,
4685601,Armani Winfield,Colorado State,Mountain West,2025,,,,,,,,49,22,2,276,12.5,,,,,
4685691,Brady Allen,Louisville,ACC,2025,12,8,2,0.667,1,75,6.3,,,,,,1,4,0,4,4.0
4685693,Devin Kargman,Kent State,Mid-American,2025,17,8,1,0.471,0,74,4.4,,,,,,3,0,0,-20,-6.7
4685694,Steven Angeli,Syracuse,ACC,2025,155,97,2,0.626,10,1317,8.5,,,,,,23,11,1,-32,-1.4
4685695,Samuel Brown V,Rutgers,Big Ten,2025,,,,,,,,,,,,,16,9,0,38,2.4
4685696,Beau Pribula,Missouri,SEC,2025,270,182,9,0.674,11,1946,7.2,,,,,,95,49,6,297,3.1
4685697,Zion Turner,Marshall,Sun Belt,2025,59,40,1,0.678,1,409,6.9,,,,,,21,26,1,135,6.4
4685698,Destin Wade,North Alabama,UAC,2025,181,92,4,0.508,10,1188,6.6,,,,,,104,31,5,469,4.5
4685699,Damari Alston,Auburn,SEC,2025,,,,,,,,12,4,0,29,7.3,32,15,1,128,4.0
4685700,Rian Black,Rhode Island,CAA,2025,,,,,,,,12,2,0,15,7.5,,,,,
4685701,James Jointer,Eastern Michigan,Mid-American,2025,,,,,,,,-4,1,0,-4,-4.0,5,3,0,8,1.6
4685704,Larry Simmons,Utah,Big 12,2025,,,,,,,,48,15,6,280,18.7,1,8,0,8,8.0
4685706,Bennett Christian,Ohio State,Big Ten,2025,,,,,,,,6,5,1,16,3.2,,,,,
4685710,Chance Bogan,Idaho,Big Sky,2025,,,,,,,,18,13,0,107,8.2,,,,,
4685723,Roydell Williams,Florida State,ACC,2025,,,,,,,,10,2,0,19,9.5,15,9,0,46,3.1
4685740,Max Johnson,North Carolina,ACC,2025,87,54,0,0.621,2,437,5.0,,,,,,9,18,0,38,4.2
4685824,Johnathan Arceneaux,Fresno State,Mountain West,2025,,,,,,,,12,1,0,12,12.0,40,58,2,267,6.7
4685828,Stevie Rocker,Montana,Big Sky,2025,,,,,,,,45,27,3,271,10.0,45,33,2,209,4.6
4685829,Dre'Lyn Washington,Alabama,SEC,2025,,,,,,,,15,1,0,15,15.0,14,14,0,59,4.2
4685889,Malachi Taylor,The Citadel,Southern,2025,,,,,,,,40,6,0,90,15.0,,,,,
4686030,Christian Pedersen,Morehead State,Pioneer,2025,,,,,,,,17,11,0,91,8.3,,,,,
4686065,Devin Mockobee,Purdue,Big Ten,2025,2,1,1,0.500,1,14,7.0,29,18,1,215,11.9,125,32,4,521,4.2
4686093,E.J. Williams,Indiana,Big Ten,2025,,,,,,,,62,36,6,438,12.2,,,,,
4686191,Jacob Busic,UCLA,Big Ten,2025,,,,,,,,,,,,,1,2,0,2,2.0
4686223,Malachi Thomas,Purdue,Big Ten,2025,,,,,,,,44,11,2,99,9.0,53,57,0,243,4.6
4686248,Nate Boerkircher,Texas A&M,SEC,2025,,,,,,,,28,20,3,204,10.2,3,3,1,5,1.7
4686284,Larry Stephens,Indiana State,MVFC,2025,,,,,,,,23,10,1,87,8.7,,,,,
4686357,Gamarion Carter,Middle Tennessee,Conference USA,2025,,,,,,,,15,3,0,32,10.7,,,,,
4686373,Jordan Brown,Nevada,Mountain West,2025,,,,,,,,28,16,0,183,11.4,,,,,
4686380,Will Huggins,Oklahoma,SEC,2025,,,,,,,,15,3,0,21,7.0,,,,,
4686446,DeShawn Hanika,Kansas,Big 12,2025,,,,,,,,24,10,3,97,9.7,,,,,
4686468,Seth McGowan,Kentucky,SEC,2025,,,,,,,,17,19,0,126,6.6,165,20,12,725,4.4
4686513,Frank Peasant,Memphis,American Athletic,2025,,,,,,,,5,9,0,11,1.2,63,19,7,279,4.4
4686514,Bryce Bailey,UT Martin,Big South-OVC,2025,3,2,1,0.667,1,54,18.0,75,37,5,491,13.3,3,16,1,26,8.7
4686555,Noah Robinson,Tennessee Tech,Big South-OVC,2025,,,,,,,,36,37,6,557,15.1,,,,,
4686658,Michael Washington,Arkansas,SEC,2025,,,,,,,,35,28,1,226,8.1,168,57,8,1068,6.4
4686769,Ashaad Clayton,SMU,ACC,2025,,,,,,,,14,3,0,20,6.7,12,50,2,88,7.3
4686817,Drew Cassens,Ball State,Mid-American,2025,,,,,,,,37,5,1,55,11.0,,,,,
4686848,Andy Peters,St. Thomas (MN),Pioneer,2025,231,150,5,0.649,17,2061,8.9,,,,,,104,53,6,358,3.4
4686939,Brayden Johnson,Akron,Mid-American,2025,,,,,,,,,,,,,1,16,0,16,16.0
4686940,Donny Marcus,Central Connecticut,NEC,2025,,,,,,,,54,13,3,148,11.4,84,55,4,306,3.6
4687017,Jackson Canaan,San José State,Mountain West,2025,,,,,,,,44,33,0,315,9.5,,,,,
4687041,JJ Hawkins,Southern Miss,Sun Belt,2025,,,,,,,,,,,,,1,0,0,0,0.0
4687093,Tsion Nunnally,Idaho State,Big Sky,2025,,,,,,,,69,63,6,845,13.4,,,,,
4687187,Marquis Crosby,Oregon State,Pac-12,2025,,,,,,,,6,2,1,11,5.5,3,3,0,4,1.3
4687189,Josh Meredith,Washington State,Pac-12,2025,,,,,,,,48,57,3,725,12.7,,,,,
4687355,Thailand Baldwin,Charlotte,American Athletic,2025,,,,,,,,,,,,,1,6,0,6,6.0
4687475,Cam Porter,Northwestern,Big Ten,2025,,,,,,,,12,3,0,23,7.7,18,43,1,137,7.6
4687486,Matt Lauter,Boise State,Mountain West,2025,,,,,,,,20,37,2,330,8.9,,,,,
4687515,EJ Wilson Jr.,Abilene Christian,UAC,2025,,,,,,,,28,11,0,56,5.1,81,45,2,482,6.0
4687555,Isaiah Garcia-Castaneda,South Dakota State,MVFC,2025,1,1,0,1.000,0,26,26.0,24,10,0,131,13.1,1,8,0,8,8.0
4688216,Chevy Brenson,Wake Forest,ACC,2025,,,,,,,,41,3,1,83,27.7,,,,,
4688387,Myles Kitt-Denton,San Diego State,Mountain West,2025,,,,,,,,0,1,0,-3,-3.0,,,,,
4688418,Michael Briscoe,Cal Poly,Big Sky,2025,3,1,1,0.333,1,1,0.3,70,43,7,779,18.1,3,2,0,3,1.0
4688540,Treyson Bourguet,BYU,Big 12,2025,2,1,0,0.500,0,8,4.0,,,,,,1,21,0,21,21.0
4688541,Kyion Grayes,California,ACC,2025,,,,,,,,10,1,0,10,10.0,,,,,
4688595,Kevorian Barnes,TCU,Big 12,2025,,,,,,,,12,10,0,48,4.8,97,75,3,443,4.6
4688723,CJ Evans Jr.,Samford,Southern,2025,1,1,0,1.000,1,12,12.0,27,22,2,142,6.5,90,32,2,243,2.7
4688731,Brandon Lanier,Western Illinois,Big South-OVC,2025,,,,,,,,49,13,3,169,13.0,,,,,
4688757,Tyson Thompson,Rice,American Athletic,2025,,,,,,,,37,8,2,105,13.1,6,10,0,27,4.5
4688816,Tony Grimes,Purdue,Big Ten,2025,,,,,,,,2,1,0,2,2.0,,,,,
4688817,Elijah Green,Sam Houston,Conference USA,2025,,,,,,,,35,15,1,133,8.9,58,80,2,391,6.7
4688835,Roman Hemby,Indiana,Big Ten,2025,,,,,,,,26,17,0,165,9.7,230,82,7,1120,4.9
4688839,Bryson Moss,Jackson State,SWAC,2025,,,,,,,,,,,,,2,4,0,7,3.5
4688904,Reece Adkins,Massachusetts,Mid-American,2025,,,,,,,,51,9,1,133,14.8,,,,,
4689090,Brandon Frazier,Auburn,SEC,2025,,,,,,,,19,13,0,97,7.5,,,,,
4689118,Jay Rockwell,Prairie View A&M,SWAC,2025,,,,,,,,70,72,7,1132,15.7,,,,,
4689194,Jack Reynolds,Gardner-Webb,Big South-OVC,2025,,,,,,,,30,6,0,70,11.7,,,,,
4689272,Jaren Randle,UTSA,American Athletic,2025,,,,,,,,23,5,1,57,11.4,,,,,
4689528,Koby Bretz,South Dakota State,MVFC,2025,,,,,,,,28,1,0,28,28.0,,,,,
4689529,Kenji Christian,Toledo,Mid-American,2025,,,,,,,,42,17,1,193,11.4,105,37,4,528,5.0
4689579,Jake McConnachie,Massachusetts,Mid-American,2025,,,,,,,,21,16,0,144,9.0,,,,,
4689602,Sean Brown,Towson,CAA,2025,2,1,0,0.500,0,28,14.0,,,,,,,,,,
4689654,Justin Jones,Auburn,SEC,2025,,,,,,,,3,2,0,6,3.0,11,20,0,53,4.8
4689721,Ty Robinson,Ball State,Mid-American,2025,3,2,0,0.667,0,77,25.7,21,11,0,113,10.3,,,,,
4689855,Isaiah Alston,James Madison,Sun Belt,2025,1,0,0,0.000,0,0,0.0,20,7,2,81,11.6,,,,,
4689896,Daniel Sparks,Virginia,ACC,2025,,,,,,,,,,,,,1,5,0,5,5.0
4689930,David Nunez,Texas State,Sun Belt,2025,,,,,,,,,,,,,1,5,0,5,5.0
4690027,Hayden Hagler,Missouri State,Conference USA,2025,,,,,,,,15,2,0,16,8.0,,,,,
4690144,BJ Alexander,Duquesne,NEC,2025,,,,,,,,51,22,3,225,10.2,,,,,
4690158,Noah Kim,Eastern Michigan,Mid-American,2025,402,247,11,0.614,18,2817,7.0,,,,,,79,20,6,186,2.4
4690159,Sebastian Brown,Kent State,Mid-American,2025,1,0,1,0.000,0,0,0.0,36,12,1,148,12.3,,,,,
4690298,Jake Thaw,Delaware,Conference USA,2025,,,,,,,,51,31,3,359,11.6,,,,,
4690351,Kerry King,Furman,Southern,2025,,,,,,,,27,43,1,405,9.4,,,,,
4690461,Robert Williams,Louisiana,Sun Belt,2025,,,,,,,,44,25,0,309,12.4,,,,,
4690811,Savion Red,Sacramento State,Big Sky,2025,1,1,0,1.000,0,28,28.0,0,1,0,-3,-3.0,12,13,0,58,4.8
4691003,Preston Fox,West Virginia,Big 12,2025,,,,,,,,20,3,0,46,15.3,,,,,
4691042,Jayson Raines,Northern Arizona,Big Sky,2025,,,,,,,,33,31,2,399,12.9,1,6,0,6,6.0
4691101,Lavar Lindo,Stephen F. Austin,Southland,2025,,,,,,,,7,1,0,7,7.0,,,,,
4691138,Aaron Anderson,LSU,SEC,2025,,,,,,,,39,33,0,398,12.1,1,2,0,2,2.0
4691272,Stone Earle,Abilene Christian,UAC,2025,398,265,10,0.666,18,2931,7.4,,,,,,133,25,10,383,2.9
4691742,Jude Kelley,Chattanooga,Southern,2025,,,,,,,,,,,,,1,8,1,8,8.0
4691752,Saul Diaz,The Citadel,Southern,2025,,,,,,,,7,1,0,7,7.0,,,,,
4691838,Lamagea McDowell,Prairie View A&M,SWAC,2025,,,,,,,,10,4,0,17,4.3,78,40,8,447,5.7
4691889,Gregory DeRosiers,Memphis,American Athletic,2025,,,,,,,,24,32,1,228,7.1,99,90,7,563,5.7
4691966,Maddox Kopp,Houston Christian,Southland,2025,120,66,2,0.550,5,795,6.6,,,,,,54,17,0,93,1.7
4692052,Carter Peevy,Maine,CAA,2025,338,200,7,0.592,17,2234,6.6,,,,,,83,62,9,328,4.0
4692058,Al Wooten II,Towson,CAA,2025,,,,,,,,22,12,1,105,8.8,120,27,4,427,3.6
4692530,Chandler Morris,Virginia,ACC,2025,436,282,9,0.647,16,3000,6.9,,,,,,64,42,5,245,3.8
4692550,Trevon West,Tarleton State,UAC,2025,,,,,,,,47,44,5,749,17.0,,,,,
4692796,Nick DeGennaro,James Madison,Sun Belt,2025,1,1,0,1.000,0,50,50.0,76,28,5,500,17.9,1,5,0,5,5.0
4692826,Payton Mangrum,East Carolina,American Athletic,2025,,,,,,,,46,10,1,182,18.2,1,0,0,-3,-3.0
4692830,Bradley Dunn,South Carolina,SEC,2025,,,,,,,,,,,,,5,3,1,5,1.0
4692938,Calvin Jones,Samford,Southern,2025,1,0,1,0.000,0,0,0.0,48,61,6,654,10.7,3,8,0,8,2.7
4692968,Travon Jones,Prairie View A&M,SWAC,2025,,,,,,,,33,27,3,236,8.7,,,,,
4693189,Barron Miles Jr.,Grambling,SWAC,2025,,,,,,,,25,15,2,144,9.6,,,,,
4693208,Patrick Gurd,Cincinnati,Big 12,2025,,,,,,,,23,3,0,46,15.3,,,,,
4693236,Jacob Jenkins,Liberty,Conference USA,2025,,,,,,,,43,14,2,191,13.6,,,,,
4693333,RaJa Nelson,North Dakota State,MVFC,2025,,,,,,,,36,29,4,440,15.2,7,10,0,14,2.0
4693370,Riley Nowakowski,Indiana,Big Ten,2025,,,,,,,,43,32,2,387,12.1,2,1,2,2,1.0
4693462,Kemani Brown,The Citadel,Southern,2025,,,,,,,,15,5,0,43,8.6,,,,,
4693615,Charlie Spegal,Butler,Pioneer,2025,,,,,,,,10,3,0,21,7.0,66,13,1,210,3.2
4693817,Micah Davis,Southern Miss,Sun Belt,2025,,,,,,,,98,31,5,429,13.8,3,4,0,-7,-2.3
4693862,Dylan Creech,Alabama State,SWAC,2025,,,,,,,,16,8,3,79,9.9,1,3,0,3,3.0
4693885,Joe Owens Jr.,Fayetteville State,CIAA,2025,7,3,0,0.429,1,35,5.0,,,,,,1,0,0,-3,-3.0
4693901,Roy Alexander,Texas Tech,Big 12,2025,,,,,,,,15,3,0,31,10.3,,,,,
4693925,Jackson Parker,Southern Illinois,MVFC,2025,,,,,,,,17,5,1,37,7.4,1,5,0,5,5.0
4693954,Ian Schieffelin,Clemson,ACC,2025,,,,,,,,11,2,0,10,5.0,,,,,
4694074,Coleman Bennett,Kennesaw State,Conference USA,2025,,,,,,,,76,27,3,314,11.6,157,30,4,764,4.9
4694093,Damian Harris,William & Mary,CAA,2025,1,1,0,1.000,1,16,16.0,40,18,0,170,9.4,1,2,0,2,2.0
4694149,Walker Eget,San José State,Mountain West,2025,393,232,9,0.590,17,3058,7.8,0,1,0,0,0.0,33,13,0,96,2.9
4694404,Nicholas Laboy,Delaware,Conference USA,2025,,,,,,,,35,10,2,162,16.2,,,,,
4694440,Ronald Holmes,UAlbany,CAA,2025,,,,,,,,5,1,0,5,5.0,,,,,
4694452,Myles Morales,Bethune-Cookman,SWAC,2025,,,,,,,,28,13,1,159,12.2,,,,,
4694468,Jace Henry,Nevada,Mountain West,2025,,,,,,,,32,7,0,43,6.1,,,,,
4694479,Nic Sani,Cal Poly,Big Sky,2025,,,,,,,,19,2,0,24,12.0,,,,,
4694487,DreSean Kendrick,Norfolk State,MEAC,2025,,,,,,,,65,56,5,723,12.9,12,30,1,34,2.8
4694701,Rashad Raymond,William & Mary,CAA,2025,,,,,,,,24,17,0,105,6.2,149,67,8,781,5.2
4694729,Andre Cooper II,Howard,MEAC,2025,,,,,,,,60,22,2,350,15.9,,,,,
4694924,Joey Isabella,Duquesne,NEC,2025,,,,,,,,71,63,11,839,13.3,4,5,0,16,4.0
4694939,Nathan Kent,Towson,CAA,2025,32,15,0,0.469,3,290,9.1,,,,,,5,14,0,52,10.4
4695113,Otto Kuhns,Norfolk State,MEAC,2025,269,165,7,0.613,15,2090,7.8,,,,,,56,29,0,146,2.6
4695121,Harrison Bey-Buie,Northern Iowa,MVFC,2025,,,,,,,,18,8,0,55,6.9,127,20,5,487,3.8
4695125,Cooper Willman,Eastern Illinois,Big South-OVC,2025,1,0,0,0.000,0,0,0.0,55,23,2,333,14.5,1,1,0,1,1.0
4695149,DeAirious Smith,Eastern Illinois,Big South-OVC,2025,,,,,,,,47,27,3,365,13.5,,,,,
4695192,Nolan Ulm,Eastern Washington,Big Sky,2025,,,,,,,,35,28,1,264,9.4,,,,,
4695195,Jett Carpenter,Nevada,Mountain West,2025,,,,,,,,44,35,2,374,10.7,,,,,
4695223,Chase Curtis,TCU,Big 12,2025,,,,,,,,27,13,2,167,12.8,1,3,0,3,3.0
4695272,Ryan Leavy,East Carolina,American Athletic,2025,1,1,0,1.000,0,17,17.0,,,,,,,,,,
4695303,Roland Dempster,Stony Brook,CAA,2025,,,,,,,,35,35,0,292,8.3,228,54,14,1037,4.5
4695309,Kevonne Wilder,New Haven,NEC,2025,,,,,,,,60,47,4,619,13.2,3,35,0,45,15.0
4695318,Cole Bunicci,Stony Brook,CAA,2025,,,,,,,,48,27,1,315,11.7,,,,,
4695341,Izaiah Hartrup,Ole Miss,SEC,2025,,,,,,,,13,3,1,21,7.0,,,,,
4695342,Jathen Jones,Southern Illinois,MVFC,2025,,,,,,,,63,37,6,681,18.4,1,5,0,5,5.0
4695400,Mark Gronowski,Iowa,Big Ten,2025,262,166,7,0.634,10,1741,6.6,5,1,1,5,5.0,130,67,16,545,4.2
4695420,Nate Sullivan Jr.,UL Monroe,Sun Belt,2025,,,,,,,,14,6,0,48,8.0,,,,,
4695600,Bryson Barnes,Utah State,Mountain West,2025,356,211,5,0.593,18,2802,7.9,5,2,1,7,3.5,189,58,10,740,3.9
4695602,Nick Billoups,Lane College,SIAC,2025,13,5,1,0.385,0,56,4.3,,,,,,11,15,0,-6,-0.5
4695691,Cole Lakatos,Wagner,NEC,2025,,,,,,,,1,1,0,1,1.0,,,,,
4695705,Marlin Klein,Michigan,Big Ten,2025,,,,,,,,27,24,1,248,10.3,,,,,
4695709,Devin Brown,California,ACC,2025,7,4,1,0.571,1,48,6.9,,,,,,3,0,0,-15,-5.0
4695711,Max Whisner,Akron,Mid-American,2025,,,,,,,,23,4,1,36,9.0,,,,,
4695743,Israel Benjamin,The Citadel,Southern,2025,,,,,,,,,,,,,28,14,0,81,2.9
4695784,Carson Camp,SE Louisiana,Southland,2025,226,142,7,0.628,14,1794,7.9,,,,,,60,18,0,125,2.1
4695786,Michael Mansaray,Valparaiso,Pioneer,2025,,,,,,,,10,3,0,5,1.7,65,49,3,325,5.0
4695787,Shomari Lawrence,Missouri State,Conference USA,2025,,,,,,,,13,19,0,118,6.2,199,70,7,1021,5.1
4695806,Zach Witte,South Dakota,MVFC,2025,,,,,,,,22,18,3,162,9.0,,,,,
4695867,Grant Wilson,Indiana,Big Ten,2025,1,1,0,1.000,0,5,5.0,,,,,,1,6,0,6,6.0
4695904,Matthew Sluka,James Madison,Sun Belt,2025,11,8,2,0.727,3,100,9.1,,,,,,42,39,3,239,5.7
4696027,Javon Charles,Illinois State,MVFC,2025,,,,,,,,19,19,3,168,8.8,,,,,
4696044,Kaelon Black,Indiana,Big Ten,2025,,,,,,,,11,4,0,36,9.0,187,40,10,1039,5.6
4696065,Derek Robertson,Monmouth,CAA,2025,265,189,5,0.713,27,2439,9.2,,,,,,15,9,1,-55,-3.7
4696071,Freddie Brock,Oklahoma State,Big 12,2025,,,,,,,,5,3,0,4,1.3,13,11,0,35,2.7
4696073,Mark Bails,Southern Utah,UAC,2025,,,,,,,,60,9,2,205,22.8,,,,,
4696093,Trevin Ewing,Maine,CAA,2025,,,,,,,,51,13,1,159,12.2,8,16,1,57,7.1
4696152,Payton Rhoades,Sacred Heart,FCS Independents,2025,1,0,0,0.000,0,0,0.0,46,41,2,519,12.7,,,,,
4696273,Timothy Conerly,Sacramento State,Big Sky,2025,,,,,,,,10,4,0,24,6.0,,,,,
4696274,Devyn Gibbs,Lamar,Southland,2025,,,,,,,,39,16,0,149,9.3,,,,,
4696475,Quinton Urwiler,Northern Illinois,Mid-American,2025,,,,,,,,,,,,,1,2,0,2,2.0
4696561,Jacob Conover,Utah State,Mountain West,2025,39,24,0,0.615,4,323,8.3,,,,,,8,9,0,28,3.5
4696686,Deuce Spann,Pittsburgh,ACC,2025,,,,,,,,30,13,1,142,10.9,3,4,1,9,3.0
4696688,Josh Beetham,Georgia Tech,ACC,2025,,,,,,,,49,6,2,134,22.3,,,,,
4696725,Bradley Schlom,San Diego,Pioneer,2025,,,,,,,,45,25,1,258,10.3,,,,,
4696726,Grant Norberg,San José State,Mountain West,2025,,,,,,,,4,1,0,4,4.0,,,,,
4696833,Cade Collier,SE Louisiana,Southland,2025,,,,,,,,33,16,2,173,10.8,,,,,
4696880,Walker Harris,North Carolina Central,MEAC,2025,375,234,9,0.624,24,3215,8.6,,,,,,64,21,5,77,1.2
4696905,Kyle Morgan,North Carolina Central,MEAC,2025,,,,,,,,18,6,1,47,7.8,,,,,
4696972,Devin Gandy,Louisiana Tech,Conference USA,2025,,,,,,,,42,21,2,366,17.4,,,,,
4696976,Michael Johnson,Sacramento State,Big Sky,2025,,,,,,,,,,,,,3,5,0,8,2.7
4697094,DJ Williams,Southern Illinois,MVFC,2025,352,221,5,0.628,22,2846,8.1,,,,,,145,75,18,847,5.8
4697122,Gaston Moore,South Florida,American Athletic,2025,48,34,2,0.708,2,290,6.0,,,,,,15,9,0,-9,-0.6
4697131,Bronson Barron,Southern Utah,UAC,2025,263,173,4,0.658,11,2135,8.1,,,,,,55,12,1,-24,-0.4
4697512,Robby Ashford,Wake Forest,ACC,2025,322,191,8,0.593,12,2472,7.7,,,,,,130,43,9,554,4.3
4697524,Matt Colombo,San Diego,Pioneer,2025,,,,,,,,11,6,2,48,8.0,144,43,10,704,4.9
4697587,Jake Woods,Temple,American Athletic,2025,,,,,,,,18,2,0,30,15.0,,,,,
4697611,Ethen Cluff,Northern Arizona,Big Sky,2025,,,,,,,,18,7,0,50,7.1,1,4,1,4,4.0
4697625,Victor Gabalis,Tarleton State,UAC,2025,316,187,6,0.592,30,2897,9.2,,,,,,52,33,1,-24,-0.5
4697741,Jalen John,Coastal Carolina,Sun Belt,2025,,,,,,,,16,2,0,26,13.0,53,11,0,169,3.2
4697844,Rara Thomas,Troy,Sun Belt,2025,1,0,1,0.000,0,0,0.0,75,39,5,629,16.1,6,14,0,39,6.5
4698120,Kevin Schaeffer,Rhode Island,CAA,2025,,,,,,,,31,2,2,58,29.0,,,,,
4698179,River Helms,Georgia Southern,Sun Belt,2025,,,,,,,,4,1,1,4,4.0,,,,,
4698237,Justin Wolf,Western Kentucky,Conference USA,2025,,,,,,,,16,2,0,19,9.5,,,,,
4698247,Mitchell Dixon,UC Davis,Big Sky,2025,,,,,,,,31,18,2,202,11.2,,,,,
4698249,Josh Gale,Montana,Big Sky,2025,,,,,,,,27,16,3,192,12.0,,,,,
4698250,Grant Harper,UC Davis,Big Sky,2025,41,19,2,0.463,3,261,6.4,,,,,,13,14,0,45,3.5
4698298,Jake Cox,Idaho,Big Sky,2025,,,,,,,,42,10,2,99,9.9,,,,,
4698302,CJ Jordan,Portland State,Big Sky,2025,14,8,0,0.571,0,58,4.1,,,,,,5,4,0,-18,-3.6
4698335,Tristan Shannon,Marist,Pioneer,2025,,,,,,,,17,13,0,85,6.5,95,59,4,481,5.1
4698347,Deven Thompson,William & Mary,CAA,2025,,,,,,,,79,27,6,560,20.7,,,,,
4698455,Gabe Blair,North Texas,American Athletic,2025,,,,,,,,-2,1,0,-2,-2.0,,,,,
4698597,Barion Brown,LSU,SEC,2025,,,,,,,,41,53,1,532,10.0,3,15,0,33,11.0
4698622,Casey McKinney,New Hampshire,CAA,2025,,,,,,,,35,26,1,347,13.3,,,,,
4698727,Dallan Hayden,Colorado,Big 12,2025,,,,,,,,11,4,0,15,3.8,70,42,1,326,4.7
4698767,Corey Warren Jr.,Nicholls,Southland,2025,,,,,,,,,,,,,13,47,1,79,6.1
4699354,Harrison Wallace III,Ole Miss,SEC,2025,,,,,,,,55,61,4,934,15.3,3,6,0,1,0.3
4699550,Austin Henderson,Liberty,Conference USA,2025,,,,,,,,26,7,0,73,10.4,,,,,
4699678,Khalil Dinkins,Penn State,Big Ten,2025,,,,,,,,40,14,2,167,11.9,,,,,
4699761,Elijah Gilliam,Fresno State,Mountain West,2025,,,,,,,,14,7,0,53,7.6,43,39,5,234,5.4
4699866,Nic Anderson,LSU,SEC,2025,,,,,,,,21,12,2,106,8.8,,,,,
4700079,Kole Williams,Alcorn State,SWAC,2025,,,,,,,,9,4,0,22,5.5,,,,,
4700135,Cam Fancher,UCF,Big 12,2025,72,41,0,0.569,0,333,4.6,,,,,,31,25,1,170,5.5
4700137,Tanaka Scott,North Alabama,UAC,2025,,,,,,,,91,30,4,528,17.6,,,,,
4700138,Sam Scott,Wyoming,Mountain West,2025,,,,,,,,36,11,1,113,10.3,89,37,2,408,4.6
4700147,Joseph Griffin Jr.,Wisconsin,Big Ten,2025,,,,,,,,5,1,0,5,5.0,,,,,
4700149,Rashad Rochelle,Indiana State,MVFC,2025,1,1,0,1.000,0,23,23.0,78,44,9,863,19.6,2,4,0,0,0.0
4700453,Jared Brown,South Carolina,SEC,2025,,,,,,,,32,6,0,102,17.0,3,19,0,33,11.0
4700811,Ja'Quez Cross,Arkansas State,Sun Belt,2025,,,,,,,,13,5,1,33,6.6,8,8,1,36,4.5
4701047,Cortaz Williams,Central Connecticut,NEC,2025,,,,,,,,,,,,,6,8,0,24,4.0
4701066,Paul Marsh,Central Connecticut,NEC,2025,,,,,,,,42,16,2,274,17.1,,,,,
4701075,Caleb Burke,New Hampshire,CAA,2025,1,1,0,1.000,1,53,53.0,72,51,3,764,15.0,,,,,
4701178,Chris Rhone,Charleston Southern,Big South-OVC,2025,,,,,,,,38,23,0,255,11.1,,,,,
4701216,Jacques Badolato-Birdsell,Portland State,Big Sky,2025,,,,,,,,,,,,,12,18,0,28,2.3
4701307,Henry Hesson,Miami (OH),Mid-American,2025,98,39,3,0.398,4,596,6.1,,,,,,22,14,0,-6,-0.3
4701590,Vinson Davis,Southern Illinois,MVFC,2025,,,,,,,,83,55,5,786,14.3,7,17,0,41,5.9
4701592,Jordon Vaughn,Abilene Christian,UAC,2025,,,,,,,,12,11,0,72,6.5,109,75,8,664,6.1
4701593,Marquez Dortch,Troy,Sun Belt,2025,,,,,,,,19,7,0,63,9.0,2,9,0,12,6.0
4701951,Omari Kelly,Michigan State,Big Ten,2025,2,1,0,0.500,0,13,6.5,75,47,2,626,13.3,6,16,0,33,5.5
4702555,Jonah Coleman,Washington,Big Ten,2025,,,,,,,,45,31,2,354,11.4,156,38,15,758,4.9
4702559,Oscar Delp,Georgia,SEC,2025,,,,,,,,36,20,1,261,13.1,,,,,
4702560,Grant Page,Southern Miss,Sun Belt,2025,1,0,0,0.000,0,0,0.0,,,,,,,,,,
4702729,Braylin Presley,Tulsa,American Athletic,2025,,,,,,,,22,18,1,115,6.4,32,28,1,215,6.7
4702755,Amorion Walker,Middle Tennessee,Conference USA,2025,,,,,,,,41,15,1,201,13.4,,,,,
4702790,DJ Allen,UTSA,American Athletic,2025,,,,,,,,43,20,3,189,9.5,,,,,
4702820,Bryson Donnell,UTSA,American Athletic,2025,,,,,,,,,,,,,20,28,1,84,4.2
4702826,Kelsey Johnson,Baylor,Big 12,2025,,,,,,,,15,3,0,33,11.0,,,,,
4702829,Braedyn Locke,Arizona,Big 12,2025,15,5,1,0.333,0,68,4.5,,,,,,5,7,0,-23,-4.6
4702830,Stephon Johnson Jr.,Houston,Big 12,2025,,,,,,,,74,13,2,275,21.2,1,5,0,5,5.0
4702832,Keith Wheeler,Houston Christian,Southland,2025,,,,,,,,45,24,1,245,10.2,,,,,
4702908,Omari Evans,Washington,Big Ten,2025,,,,,,,,59,17,1,254,14.9,1,14,0,14,14.0
4702913,R.J. Maryland,SMU,ACC,2025,,,,,,,,49,27,2,322,11.9,,,,,
4703030,Jaiven Plummer,California,ACC,2025,,,,,,,,51,2,1,86,43.0,,,,,
4703067,Mehki Wall,North Carolina Central,MEAC,2025,1,0,0,0.000,0,0,0.0,65,28,4,510,18.2,,,,,
4705557,Quaron Adams,California,ACC,2025,,,,,,,,39,20,1,273,13.7,4,9,0,17,4.3
4705595,Bryce Bohanon,Tulane,American Athletic,2025,,,,,,,,42,31,2,417,13.5,3,4,0,5,1.7
4705609,Branson Adams,Western Carolina,Southern,2025,,,,,,,,21,12,0,95,7.9,38,13,1,147,3.9
4705737,Kyeandre Magloire,West Georgia,UAC,2025,,,,,,,,,,,,,5,11,0,16,3.2
4705859,K.D. Hutchinson,Western Kentucky,Conference USA,2025,,,,,,,,78,66,3,618,9.4,13,21,2,88,6.8
4705927,Jevon Jackson,UAB,American Athletic,2025,,,,,,,,27,19,1,115,6.1,167,58,5,900,5.4
4705930,Hahsaun Wilson,UTEP,Conference USA,2025,,,,,,,,24,7,0,41,5.9,46,94,1,225,4.9
4705934,Jaylen Sargent,Wyoming,Mountain West,2025,,,,,,,,29,20,0,240,12.0,,,,,
4708067,Kai Horton,Washington,Big Ten,2025,13,7,0,0.538,0,98,7.5,,,,,,8,14,2,9,1.1
4708099,Gus McGee,Charlotte,American Athletic,2025,,,,,,,,25,14,1,127,9.1,,,,,
4708354,Jeremiah Franklin,Boston College,ACC,2025,,,,,,,,32,48,2,489,10.2,,,,,
4708487,Jaquez Moore,Duke,ACC,2025,,,,,,,,24,5,0,41,8.2,41,32,1,201,4.9
4708490,Johnmichael Gyllenborg,Wyoming,Mountain West,2025,,,,,,,,24,24,1,217,9.0,,,,,
4708621,Kyre Duplessis,Delaware,Conference USA,2025,,,,,,,,68,63,5,863,13.7,3,14,0,19,6.3
4708844,Marshall Nichols,Georgia Tech,ACC,2025,1,1,0,1.000,0,5,5.0,,,,,,,,,,
4708878,Trace Bruckler,Ole Miss,SEC,2025,,,,,,,,23,5,1,64,12.8,,,,,
4709012,Jase Bauer,UT Martin,Big South-OVC,2025,288,205,2,0.712,10,2002,7.0,,,,,,129,50,10,459,3.6
4709649,Scottie Alexander,UT Martin,Big South-OVC,2025,,,,,,,,52,25,1,284,11.4,9,8,0,38,4.2
4709651,Brody Dalton,Alabama,SEC,2025,,,,,,,,10,3,0,22,7.3,,,,,
4709669,Christian Moss,Kennesaw State,Conference USA,2025,1,1,0,1.000,1,13,13.0,70,44,2,682,15.5,,,,,
4709678,Devonte Ross,Penn State,Big Ten,2025,,,,,,,,75,36,5,501,13.9,2,7,0,11,5.5
4709683,Anthony Williams,Stephen F. Austin,Southland,2025,,,,,,,,5,1,0,5,5.0,22,16,1,94,4.3
4709781,Myles Walker,Akron,Mid-American,2025,,,,,,,,24,20,0,209,10.5,1,7,0,7,7.0
4709789,Quintell Quinn,Tennessee Tech,Big South-OVC,2025,,,,,,,,8,5,0,30,6.0,101,67,9,698,6.9
4709800,Michael Fitzgerald,Wyoming,Mountain West,2025,,,,,,,,35,16,3,228,14.3,,,,,
4709804,Cole Rusk,Illinois,Big Ten,2025,,,,,,,,27,19,1,217,11.4,,,,,
4709808,Kylen Austin,UAlbany,CAA,2025,,,,,,,,20,18,0,196,10.9,,,,,
4710001,CJ Montes,Kent State,Mid-American,2025,19,10,1,0.526,1,140,7.4,,,,,,8,7,0,1,0.1
4710029,Nahjee Adams,St. Francis (PA),NEC,2025,,,,,,,,20,9,0,79,8.8,43,27,0,134,3.1
4710068,Colin Weber,Rutgers,Big Ten,2025,,,,,,,,12,17,0,102,6.0,,,,,
4710336,Justin Franklin,East Tennessee State,Southern,2025,,,,,,,,6,2,0,7,3.5,,,,,
4710344,Titus Mokiao-Atimalala,UCLA,Big Ten,2025,,,,,,,,34,25,3,322,12.9,,,,,
4710634,Clay Nanke,Wyoming,Mountain West,2025,,,,,,,,6,1,0,6,6.0,,,,,
4710635,J.B. Mitchell,Abilene Christian,UAC,2025,,,,,,,,41,22,2,243,11.0,,,,,
4710673,CJ Johnson II,Tulsa,American Athletic,2025,,,,,,,,18,4,1,50,12.5,4,16,0,6,1.5
4710711,D'Andre Rogers,TCU,Big 12,2025,,,,,,,,39,34,2,319,9.4,,,,,
4710714,De'Zhaun Stribling,Ole Miss,SEC,2025,,,,,,,,75,55,6,811,14.7,,,,,
4710718,Andreas Paaske,Arkansas,SEC,2025,,,,,,,,14,3,1,27,9.0,,,,,
4710744,Malique Dieudonne,Western Michigan,Mid-American,2025,,,,,,,,52,7,0,102,14.6,,,,,
4710765,Jameson Tucker,Coastal Carolina,Sun Belt,2025,,,,,,,,75,10,2,197,19.7,1,7,0,7,7.0
4710843,Jasaiah Gathings,Buffalo,Mid-American,2025,,,,,,,,39,36,3,410,11.4,,,,,
4710848,Connor Jones,Toledo,Mid-American,2025,,,,,,,,5,2,1,8,4.0,,,,,
4710860,Oran Singleton Jr.,West Virginia,Big 12,2025,,,,,,,,9,4,0,22,5.5,4,15,0,34,8.5
4711408,Horatio Fields,Auburn,SEC,2025,,,,,,,,14,12,1,106,8.8,,,,,
4711410,Brett Griffis,Central Connecticut,NEC,2025,6,2,0,0.333,0,17,2.8,,,,,,12,8,0,53,4.4
4711421,C.J. Smith,Memphis,American Athletic,2025,1,0,1,0.000,0,0,0.0,,,,,,1,0,0,0,0.0
4711434,Eian Pugh,Ohio,Mid-American,2025,,,,,,,,25,6,0,75,12.5,,,,,
4712328,Anthony Simpson,Michigan,Big Ten,2025,,,,,,,,,,,,,1,10,0,10,10.0
4712578,Jay Fair,USC,Big Ten,2025,,,,,,,,0,1,0,0,0.0,,,,,
4712579,Dillon Bell,Georgia,SEC,2025,2,0,0,0.000,0,0,0.0,36,27,2,268,9.9,17,43,2,109,6.4
4712749,Harrison Hamsley,Jacksonville State,Conference USA,2025,,,,,,,,2,1,0,2,2.0,,,,,
4712886,Mekhi Miller,Tulsa,American Athletic,2025,,,,,,,,8,9,0,58,6.4,,,,,
4713061,Ikeem Wright,Norfolk State,MEAC,2025,,,,,,,,27,12,1,130,10.8,,,,,
4713078,Dyral McMillan,Norfolk State,MEAC,2025,,,,,,,,0,1,0,-2,-2.0,,,,,
4713118,J'mari Taylor,Virginia,ACC,2025,1,1,0,1.000,1,1,1.0,25,43,1,253,5.9,222,78,14,1062,4.8
4713277,Eric Rivers,Georgia Tech,ACC,2025,,,,,,,,68,47,2,671,14.3,7,27,0,56,8.0
4713335,Dane Wallace,Northwestern State,Southland,2025,1,0,1,0.000,0,0,0.0,6,4,0,5,1.3,,,,,
4713489,Branson Robinson,Georgia State,Sun Belt,2025,,,,,,,,7,5,0,22,4.4,46,47,1,148,3.2
4713649,Drew Dickey,Vanderbilt,SEC,2025,2,1,0,0.500,0,28,14.0,,,,,,3,9,1,13,4.3
4714009,Myles Burkett,Eastern Kentucky,UAC,2025,255,139,9,0.545,8,1473,5.8,,,,,,119,22,4,317,2.7
4714046,Tyrell Henry,Wisconsin,Big Ten,2025,1,0,0,0.000,0,0,0.0,16,5,1,29,5.8,9,5,0,23,2.6
4714290,Fred Farrier II,Kentucky,SEC,2025,,,,,,,,33,11,1,132,12.0,,,,,
4714300,Holden Geriner,Texas State,Sun Belt,2025,1,0,0,0.000,0,0,0.0,,,,,,2,8,0,10,5.0
4714341,Ben Ford,Boise State,Mountain West,2025,,,,,,,,60,21,5,325,15.5,,,,,
4714376,Joseph Immediato,UTEP,Conference USA,2025,,,,,,,,-2,0,0,-2,0,,,,,
4714379,Seydou Traore,Mississippi State,SEC,2025,,,,,,,,55,35,5,372,10.6,,,,,
4714388,Chase Roberts,BYU,Big 12,2025,,,,,,,,85,54,6,802,14.9,,,,,
4714413,Otto Tia,Utah,Big 12,2025,,,,,,,,32,2,0,38,19.0,,,,,
4714427,Jency Riley,Jackson State,SWAC,2025,,,,,,,,28,16,1,164,10.3,,,,,
4714771,Drew Allar,Penn State,Big Ten,2025,159,103,3,0.648,8,1100,6.9,5,1,0,5,5.0,36,27,1,172,4.8
4715345,Devin Farrell,Rhode Island,CAA,2025,410,267,8,0.651,24,3746,9.1,,,,,,84,20,3,78,0.9
4715357,Braelon Bridges,Tarleton State,UAC,2025,,,,,,,,,,,,,19,36,1,118,6.2
4715371,Deangelo Rosemond,Tarleton State,UAC,2025,,,,,,,,,,,,,19,65,0,198,10.4
4715386,Marvin Landy,Jackson State,SWAC,2025,,,,,,,,15,1,0,15,15.0,,,,,
4716507,Quincy Burroughs,Western Kentucky,Conference USA,2025,,,,,,,,20,8,1,77,9.6,,,,,
4717430,Chris Marshall,Boise State,Mountain West,2025,,,,,,,,46,30,2,574,19.1,,,,,
4717723,Reese Clark,Delaware State,MEAC,2025,,,,,,,,22,10,1,125,12.5,,,,,
4717724,Rashod Dubinion,App State,Sun Belt,2025,,,,,,,,25,27,0,170,6.3,174,39,4,868,5.0
4718457,Noah Thomas,Georgia,SEC,2025,,,,,,,,64,16,4,254,15.9,,,,,
4720949,Kristen Hoskins,North Dakota,MVFC,2025,,,,,,,,12,11,0,63,5.7,9,15,0,64,7.1
4723820,Omar Cooper Jr.,Indiana,Big Ten,2025,,,,,,,,58,70,13,961,13.7,3,75,1,74,24.7
4725514,Reggie Branch,Missouri State,Conference USA,2025,1,1,0,1.000,0,29,29.0,5,1,0,5,5.0,6,10,0,27,4.5
4726129,Harrison Saint Germain,Virginia Tech,ACC,2025,,,,,,,,9,4,0,28,7.0,,,,,
4726152,Jovanni Bermudez,Temple,American Athletic,2025,,,,,,,,38,39,4,501,12.8,5,5,0,-2,-0.4
4736210,Michael Pettway,Jacksonville State,Conference USA,2025,,,,,,,,18,8,0,59,7.4,,,,,
4736246,Jacob Knuth,Kansas State,Big 12,2025,,,,,,,,,,,,,2,40,0,45,22.5
4746099,Kenny Fletcher,Rutgers,Big Ten,2025,,,,,,,,39,26,0,236,9.1,,,,,
4749259,Dyson Roberts,Delaware State,MEAC,2025,,,,,,,,,,,,,1,0,0,-7,-7.0
4749271,Justin Smith-Brown,West Virginia,Big 12,2025,,,,,,,,56,7,0,117,16.7,1,0,0,-10,-10.0
4749402,Jyrin Johnson,Bowling Green,Mid-American,2025,,,,,,,,38,37,2,466,12.6,,,,,
4755664,Nick Evers,UConn,FBS Independents,2025,15,10,0,0.667,1,105,7.0,,,,,,1,0,0,-2,-2.0
4769835,Jihad Marks,The Citadel,Southern,2025,,,,,,,,72,14,7,464,33.1,,,,,
4769841,Donovan Payne,Alabama A&M,SWAC,2025,,,,,,,,43,12,1,152,12.7,,,,,
4769881,Ryan Morrow,Alabama A&M,SWAC,2025,,,,,,,,18,6,0,41,6.8,107,80,3,440,4.1
4769957,Errick Simmons,Jackson State,SWAC,2025,,,,,,,,6,1,0,6,6.0,,,,,
4769960,Desmond Moultrie,Jackson State,SWAC,2025,,,,,,,,,,,,,4,10,0,20,5.0
4769981,DePhabian Fant,Mississippi Valley State,SWAC,2025,,,,,,,,24,7,1,82,11.7,31,26,2,96,3.1
4770032,Kobe Dillon,Incarnate Word,Southland,2025,,,,,,,,12,2,0,8,4.0,28,24,1,190,6.8
4770038,Devin Ellison,Washington State,Pac-12,2025,,,,,,,,26,3,1,52,17.3,,,,,
4773919,Thomas Castellanos,Florida State,ACC,2025,309,180,9,0.583,15,2760,8.9,,,,,,137,26,9,557,4.1
4775136,Owen McCown,UTSA,American Athletic,2025,409,276,7,0.675,30,2990,7.3,,,,,,45,29,1,24,0.5
4775197,Charles Brown,Nevada,Mountain West,2025,,,,,,,,-7,1,0,-7,-7.0,,,,,
4775199,Elijah Elliott,Bryant,CAA,2025,,,,,,,,59,44,2,380,8.6,205,46,12,805,3.9
4775252,Colter May,Weber State,Big Sky,2025,,,,,,,,26,9,0,63,7.0,49,36,2,255,5.2
4775263,Jack Neri,Monmouth,CAA,2025,,,,,,,,33,13,4,119,9.2,,,,,
4777154,Tyler Riddell,Duquesne,NEC,2025,293,166,7,0.567,25,2011,6.9,,,,,,54,33,3,139,2.6
4794107,Marlon Gunn,East Carolina,American Athletic,2025,,,,,,,,8,6,0,29,4.8,112,50,6,582,5.2
4795295,Katin Houser,East Carolina,American Athletic,2025,408,269,6,0.659,19,3300,8.1,,,,,,85,14,9,193,2.3
4795296,Victor Jones Jr.,Florida A&M,SWAC,2025,,,,,,,,4,1,0,4,4.0,,,,,
4799991,Cole Spence,Vanderbilt,SEC,2025,,,,,,,,33,15,2,233,15.5,,,,,
4801276,Houston Thomas,UTSA,American Athletic,2025,,,,,,,,32,34,2,347,10.2,,,,,
4801299,Rocco Becht,Iowa State,Big 12,2025,337,204,9,0.605,16,2565,7.6,,,,,,87,25,8,111,1.3
4801301,Tevin Carter,Prairie View A&M,SWAC,2025,102,55,2,0.539,3,614,6.0,,,,,,54,56,5,262,4.9
4801302,Julian Calvez,UT Martin,Big South-OVC,2025,22,15,0,0.682,1,104,4.7,,,,,,6,15,0,17,2.8
4801303,Kaden Cobb,Howard,MEAC,2025,1,1,0,1.000,1,17,17.0,9,1,0,9,9.0,,,,,
4801306,Conner Harrell,Charlotte,American Athletic,2025,96,64,2,0.667,4,737,7.7,,,,,,28,19,2,67,2.4
4801307,Tayven Jackson,UCF,Big 12,2025,315,200,8,0.635,10,2151,6.8,4,1,1,4,4.0,54,25,3,85,1.6
4801717,Noah Fifita,Arizona,Big 12,2025,429,275,6,0.641,29,3228,7.5,,,,,,115,19,3,222,1.9
4804878,Cooper Barkate,Duke,ACC,2025,,,,,,,,77,72,7,1106,15.4,,,,,
4804879,Quincy Craig,Arizona,Big 12,2025,,,,,,,,24,14,1,114,8.1,65,54,2,364,5.6
4804882,Garrett Oakley,Kansas State,Big 12,2025,,,,,,,,35,38,6,389,10.2,,,,,
4804883,Jalen Moss,Arizona State,Big 12,2025,,,,,,,,51,16,1,273,17.1,,,,,
4804885,Brandon Rose,Massachusetts,Mid-American,2025,88,52,3,0.591,1,424,4.8,,,,,,27,12,0,4,0.1
4805256,Sutton Smith,Memphis,American Athletic,2025,,,,,,,,39,20,0,109,5.5,102,84,7,669,6.6
4808719,Zach Wilcke,Charlotte,American Athletic,2025,51,33,3,0.647,2,296,5.8,,,,,,19,18,1,52,2.7
4808740,Nate Anderson,Bucknell,Patriot,2025,,,,,,,,27,23,3,272,11.8,,,,,
4808744,Jaylon Glover,UNLV,Mountain West,2025,,,,,,,,19,6,0,51,8.5,64,43,1,384,6.0
4808759,Camden Brown,Georgia Southern,Sun Belt,2025,,,,,,,,73,65,14,1079,16.6,,,,,
4808767,Xavier Townsend,Iowa State,Big 12,2025,,,,,,,,44,18,0,243,13.5,5,11,1,18,3.6
4812342,Anthony Rucker,North Carolina A&T,CAA,2025,,,,,,,,56,10,0,129,12.9,,,,,
4812346,Eric Weatherly,Ball State,Mid-American,2025,,,,,,,,35,29,1,238,8.2,13,22,0,117,9.0
4812356,Jaydn Girard,Lamar,Southland,2025,,,,,,,,28,16,2,169,10.6,,,,,
4812374,Terrell Crosby Jr.,Toledo,Mid-American,2025,,,,,,,,24,16,1,194,12.1,1,6,0,6,6.0
4812381,Gunnar Smith,Fordham,Patriot,2025,429,243,13,0.566,14,2680,6.2,,,,,,142,27,6,241,1.7
4812439,Brian Courtney,Tennessee Tech,Big South-OVC,2025,,,,,,,,45,28,5,376,13.4,7,15,1,35,5.0
4812474,DJ Riles,Georgia State,Sun Belt,2025,,,,,,,,32,16,1,176,11.0,,,,,
4814930,Hank Beatty,Illinois,Big Ten,2025,3,2,0,0.667,1,31,10.3,62,70,3,864,12.3,4,25,1,46,11.5
4816090,Parker Brailsford,Alabama,SEC,2025,,,,,,,,2,1,0,2,2.0,,,,,
4816095,Blaine Hipa,Princeton,Ivy,2025,74,42,1,0.568,0,459,6.2,,,,,,29,15,1,51,1.8
4816098,Makhi Hughes,Oregon,Big Ten,2025,,,,,,,,20,2,0,24,12.0,17,19,0,70,4.1
4816099,Javen Jacobs,Utah State,Mountain West,2025,,,,,,,,30,43,3,379,8.8,65,58,5,429,6.6
4816104,Michael Masunas,Michigan State,Big Ten,2025,,,,,,,,28,19,3,232,12.2,,,,,
4816307,Joseph Himon II,Northwestern,Big Ten,2025,,,,,,,,16,21,0,118,5.6,99,37,1,486,4.9
4816323,Nate Kurisky,Louisville,ACC,2025,,,,,,,,37,20,2,157,7.9,,,,,
4816327,Jordan Norwood,Incarnate Word,Southland,2025,,,,,,,,1,1,0,1,1.0,,,,,
4819215,Josh Kattus,Kentucky,SEC,2025,,,,,,,,34,17,2,195,11.5,,,,,
4819226,Brody Foley,Tulsa,American Athletic,2025,,,,,,,,72,36,7,521,14.5,5,5,2,12,2.4
4819228,Rodney Harris II,Ohio,Mid-American,2025,,,,,,,,49,30,2,419,14.0,,,,,
4819240,Te'Sean Smoot,Alabama State,SWAC,2025,84,59,0,0.702,9,985,11.7,,,,,,11,20,0,65,5.9
4819250,AJ Bianco,Nevada,Mountain West,2025,45,27,1,0.600,1,188,4.2,,,,,,13,12,0,10,0.8
4819259,Devon Tauaefa,Hawai'i,Mountain West,2025,,,,,,,,34,14,0,107,7.6,,,,,
4824124,Alex Broome,Boston College,ACC,2025,,,,,,,,,,,,,7,6,1,10,1.4
4826505,Mudia Reuben,South Florida,American Athletic,2025,,,,,,,,60,36,5,495,13.8,,,,,
4826574,Owen Anderson,Massachusetts,Mid-American,2025,,,,,,,,12,3,1,31,10.3,,,,,
4826579,Tyler Siddons,Northwestern State,Southland,2025,,,,,,,,17,4,0,37,9.3,,,,,
4826635,Jaxon Dailey,Northern Iowa,MVFC,2025,110,66,5,0.600,7,823,7.5,,,,,,65,28,0,239,3.7
4826636,Jordan Anderson,Illinois,Big Ten,2025,,,,,,,,6,3,0,12,4.0,9,20,1,41,4.6
4826637,Henry Boyer,Kentucky,SEC,2025,,,,,,,,19,5,0,62,12.4,,,,,
4827041,Jacob Bostick,San Diego State,Mountain West,2025,,,,,,,,35,11,3,157,14.3,,,,,
4827047,Aidan Laughery,Illinois,Big Ten,2025,,,,,,,,17,9,0,54,6.0,75,57,3,382,5.1
4827049,Max Reese,Mississippi State,SEC,2025,,,,,,,,5,2,0,1,0.5,,,,,
4831959,Eli Raridon,Notre Dame,FBS Independents,2025,,,,,,,,65,32,0,482,15.1,,,,,
4831976,Javon Tracy,Minnesota,Big Ten,2025,,,,,,,,45,37,6,454,12.3,1,15,0,15,15.0
4832021,Elijah Jackson-Anderson,Wofford,Southern,2025,,,,,,,,49,15,1,166,11.1,118,68,2,610,5.2
4832029,Alex Bauman,Miami,ACC,2025,,,,,,,,33,18,1,166,9.2,,,,,
4832039,Sam Martin,Wagner,NEC,2025,,,,,,,,,,,,,1,3,0,3,3.0
4832583,Tanner Murray,SE Louisiana,Southland,2025,4,3,0,0.750,0,29,7.3,,,,,,4,15,0,34,8.5
4832792,Major Everhart,TCU,Big 12,2025,,,,,,,,26,14,0,149,10.6,5,11,0,7,1.4
4832800,Denzel Boston,Washington,Big Ten,2025,2,2,0,1.000,1,15,7.5,78,62,11,881,14.2,,,,,
4832802,Hudson Cedarland,Washington State,Pac-12,2025,,,,,,,,4,2,1,5,2.5,,,,,
4832804,Jordan Dwyer,TCU,Big 12,2025,,,,,,,,69,54,7,730,13.5,,,,,
4832806,Jonathan Brady,Indiana,Big Ten,2025,,,,,,,,16,14,3,115,8.2,,,,,
4832819,Djouvensky Schlenbaker,UT Rio Grande Valley,Southland,2025,,,,,,,,,,,,,16,63,3,112,7.0
4832827,Jack Velling,Michigan State,Big Ten,2025,,,,,,,,28,36,3,359,10.0,,,,,
4832830,Joshua Wood,Idaho,Big Sky,2025,260,152,5,0.585,14,1898,7.3,5,0,0,5,0,86,59,7,589,6.8
4832846,Demond Claiborne,Wake Forest,ACC,2025,,,,,,,,21,28,0,140,5.0,179,85,10,905,5.1
4832849,Gavin Garcia,Kent State,Mid-American,2025,,,,,,,,38,4,0,43,10.8,146,45,3,647,4.4
4832852,Aiden Mack,Richmond,Patriot,2025,,,,,,,,5,1,0,5,5.0,,,,,
4832874,Bryce Duke,Utah,Big 12,2025,,,,,,,,4,2,1,6,3.0,16,14,0,86,5.4
4832875,Leon Haughton Jr.,Maryland,Big Ten,2025,,,,,,,,21,4,1,43,10.8,,,,,
4832914,Jimmy Kibble,Georgetown,Patriot,2025,,,,,,,,49,63,4,1002,15.9,1,5,0,5,5.0
4832918,Ethan Vasko,Liberty,Conference USA,2025,266,151,12,0.568,10,1961,7.4,21,0,0,21,0,100,24,5,258,2.6
4832952,Mekhi Collins,North Dakota State,MVFC,2025,,,,,,,,68,6,2,159,26.5,,,,,
4832955,Emmett Johnson,Nebraska,Big Ten,2025,,,,,,,,56,46,3,370,8.0,251,70,12,1451,5.8
4833016,Chedon James,Incarnate Word,Southland,2025,,,,,,,,50,42,4,494,11.8,,,,,
4833029,Max Klare,Ohio State,Big Ten,2025,,,,,,,,39,43,2,448,10.4,,,,,
4833073,Zion Steptoe,Tulsa,American Athletic,2025,,,,,,,,42,21,0,272,13.0,7,32,0,65,9.3
4833238,Jaydon Johnson,Louisiana,Sun Belt,2025,,,,,,,,14,6,0,51,8.5,,,,,
4833356,Zach Courtney,Coastal Carolina,Sun Belt,2025,,,,,,,,23,9,0,120,13.3,,,,,
4833591,Ky Woods,Nevada,Mountain West,2025,,,,,,,,47,8,1,89,11.1,19,28,0,103,5.4
4833597,Brayden Fowler-Nicolosi,Colorado State,Mountain West,2025,82,44,2,0.537,1,488,6.0,9,1,0,9,9.0,14,13,1,-3,-0.2
4833625,Jordan Nabors,Stephen F. Austin,Southland,2025,,,,,,,,27,8,1,45,5.6,13,7,0,30,2.3
4833629,Jace Wilson,Sacramento State,Big Sky,2025,,,,,,,,45,3,0,56,18.7,1,1,0,1,1.0
4833635,Landy Lyddy,Southern Miss,Sun Belt,2025,52,34,3,0.654,2,406,7.8,,,,,,6,7,1,12,2.0
4834817,Jayshon Platt,Florida Atlantic,American Athletic,2025,,,,,,,,48,46,5,720,15.7,3,16,1,36,12.0
4836476,Davin Wydner,West Georgia,UAC,2025,263,148,8,0.563,15,1672,6.4,10,1,1,10,10.0,110,34,3,441,4.0
4837182,Eden James,Howard,MEAC,2025,,,,,,,,14,4,0,17,4.3,11,9,0,33,3.0
4837193,Jmariyae Robinson,Missouri State,Conference USA,2025,1,0,0,0.000,0,0,0.0,52,44,7,632,14.4,3,21,0,18,6.0
4837194,Jaylan Sanchez,James Madison,Sun Belt,2025,,,,,,,,80,30,1,396,13.2,,,,,
4837195,Luca Stanzani,Long Island University,NEC,2025,114,66,3,0.579,3,562,4.9,74,1,0,74,74.0,64,75,7,350,5.5
4837200,Junior Vandeross,Toledo,Mid-American,2025,,,,,,,,71,82,11,1008,12.3,2,4,0,5,2.5
4837248,Fernando Mendoza,Indiana,Big Ten,2025,379,273,6,0.720,41,3535,9.3,,,,,,90,21,7,276,3.1
4837258,Travis Bates,Duke,ACC,2025,,,,,,,,,,,,,9,39,0,57,6.3
4837269,Omari Hayes,Tulane,American Athletic,2025,1,0,0,0.000,0,0,0.0,42,39,1,515,13.2,,,,,
4837279,Jaylin Terzado,Western Carolina,Southern,2025,,,,,,,,58,8,1,168,21.0,3,9,0,16,5.3
4837335,Richard Reese,Stephen F. Austin,Southland,2025,,,,,,,,64,6,1,94,15.7,73,60,3,448,6.1
4837348,Donta Whack,Robert Morris,NEC,2025,,,,,,,,7,3,0,8,2.7,69,20,2,262,3.8
4837355,Davon Kiser,Cornell,Ivy,2025,,,,,,,,15,8,0,54,6.8,2,1,0,1,0.5
4837385,Jordan Mcdonald,Boston College,ACC,2025,,,,,,,,16,13,2,84,6.5,94,17,4,397,4.2
4837391,Maurice Turner,Tulane,American Athletic,2025,,,,,,,,4,1,0,4,4.0,28,18,0,127,4.5
4837392,Ty Washington,Notre Dame,FBS Independents,2025,,,,,,,,14,5,1,34,6.8,,,,,
4837469,Amari Jones,Bethune-Cookman,SWAC,2025,,,,,,,,,,,,,1,3,0,3,3.0
4838269,OJ Arnold,Georgia Southern,Sun Belt,2025,2,2,0,1.000,2,85,42.5,41,21,1,212,10.1,144,62,5,1037,7.2
4838520,Micah Bell,Mercer,Southern,2025,,,,,,,,11,5,0,31,6.2,46,24,0,218,4.7
4838527,Josh Dallas,Georgia Southern,Sun Belt,2025,,,,,,,,17,8,0,68,8.5,2,5,0,5,2.5
4838532,Tyler Griffin,UL Monroe,Sun Belt,2025,,,,,,,,48,13,2,168,12.9,,,,,
4838536,Tyler Hughes,William & Mary,CAA,2025,308,204,3,0.662,20,2330,7.6,,,,,,155,66,11,670,4.3
4838538,Zyere Horton,Florida Atlantic,American Athletic,2025,,,,,,,,,,,,,1,0,0,0,0.0
4838546,Lashaun Lester,Southern Illinois,MVFC,2025,,,,,,,,18,4,0,34,8.5,35,60,2,225,6.4
4838548,Marcus McFarlane,Elon,CAA,2025,,,,,,,,,,,,,6,12,0,37,6.2
4838549,Kamryn Perry,Miami (OH),Mid-American,2025,,,,,,,,66,43,6,976,22.7,,,,,
4838556,Kaleb Webb,Maryland,Big Ten,2025,,,,,,,,29,22,2,318,14.5,,,,,
4838673,Isaiah Abbey,Harvard,Ivy,2025,,,,,,,,,,,,,35,46,4,134,3.8
4838679,Ashton Daniels,Auburn,SEC,2025,119,68,2,0.571,3,797,6.7,,,,,,63,26,2,280,4.4
4838696,Dae'Quan Wright,Ole Miss,SEC,2025,,,,,,,,64,39,5,635,16.3,1,2,0,2,2.0
4840113,Chase Belcher,Kennesaw State,Conference USA,2025,,,,,,,,53,13,2,194,14.9,107,46,2,566,5.3
4840118,Tucker Holloway,Virginia Tech,ACC,2025,,,,,,,,33,5,0,82,16.4,,,,,
4840128,Jayquan Smith,Furman,Southern,2025,,,,,,,,,,,,,52,12,6,158,3.0
4867887,Terrance Carter,Texas Tech,Big 12,2025,,,,,,,,50,55,5,624,11.3,2,12,0,24,12.0
4868171,Tate Carney,Wake Forest,ACC,2025,,,,,,,,,,,,,1,9,0,9,9.0
4868249,Davis Lane,Virginia,ACC,2025,,,,,,,,,,,,,9,11,0,39,4.3
4868300,Nate Johnson,Utah,Big 12,2025,,,,,,,,16,1,0,16,16.0,24,56,1,225,9.4
4868460,Jake Mcnamara,East Tennessee State,Southern,2025,37,25,1,0.676,2,305,8.2,,,,,,16,7,0,20,1.3
4868721,Tyler Voss,San Diego,Pioneer,2025,92,55,0,0.598,3,442,4.8,,,,,,11,8,0,26,2.4
4869083,Hut Graham,Abilene Christian,UAC,2025,,,,,,,,23,4,0,50,12.5,,,,,
4869120,Ashton Hayes,Nevada,Mountain West,2025,,,,,,,,1,1,0,1,1.0,3,4,0,9,3.0
4869132,Reginald Virgil,Texas Tech,Big 12,2025,,,,,,,,42,57,6,705,12.4,2,30,2,35,17.5
4869294,Jake Appleget,Northern Illinois,Mid-American,2025,,,,,,,,17,7,1,57,8.1,,,,,
4869324,Tyler Johnson,East Carolina,American Athletic,2025,,,,,,,,14,7,0,72,10.3,,,,,
4869340,Brock Spalding,East Carolina,American Athletic,2025,,,,,,,,55,42,3,554,13.2,4,11,0,31,7.8
4869341,Cade Yacamelli,Wisconsin,Big Ten,2025,,,,,,,,14,2,0,26,13.0,38,12,0,128,3.4
4869390,Wyatt Sullivan,South Florida,American Athletic,2025,,,,,,,,30,18,2,176,9.8,,,,,
4869422,Braden Pegan,Utah State,Mountain West,2025,,,,,,,,54,60,5,925,15.4,4,11,1,11,2.8
4869442,Brayden Loftin,Kansas State,Big 12,2025,,,,,,,,18,6,0,55,9.2,,,,,
4869443,Tyler King,New Mexico State,Conference USA,2025,,,,,,,,64,41,3,588,14.3,8,13,0,18,2.3
4869497,Tommy Mcintosh,Central Michigan,Mid-American,2025,,,,,,,,47,31,3,422,13.6,,,,,
4869519,Gabe Burkle,Iowa State,Big 12,2025,,,,,,,,44,26,1,302,11.6,1,1,0,1,1.0
4869520,Octavian Smith Jr.,Maryland,Big Ten,2025,1,0,0,0.000,0,0,0.0,53,43,0,529,12.3,4,11,0,22,5.5
4869534,Amari Niblack,Texas A&M,SEC,2025,,,,,,,,23,5,0,69,13.8,,,,,
4869549,Ridge Docekal,Bryant,CAA,2025,81,39,5,0.481,1,426,5.3,,,,,,6,8,0,3,0.5
4869552,Robert Briggs,Southern Miss,Sun Belt,2025,,,,,,,,22,13,1,95,7.3,62,24,1,304,4.9
4869553,Bishop Davenport,South Alabama,Sun Belt,2025,294,200,6,0.680,12,2072,7.0,,,,,,116,56,9,326,2.8
4869581,Braylen Walker,Rice,American Athletic,2025,,,,,,,,14,6,0,49,8.2,,,,,
4869582,Cam Barfield,Hawai'i,Mountain West,2025,,,,,,,,59,27,3,257,9.5,80,41,4,371,4.6
4869592,Maurice Edwards,Alabama A&M,SWAC,2025,,,,,,,,12,2,0,11,5.5,56,12,5,201,3.6
4869599,Chrishon Mccray,Michigan State,Big Ten,2025,,,,,,,,45,24,3,330,13.8,1,0,0,0,0.0
4869601,Chance Morrow,Buffalo,Mid-American,2025,,,,,,,,26,8,2,129,16.1,,,,,
4869602,Toby Payne,Marshall,Sun Belt,2025,,,,,,,,48,36,3,387,10.8,1,0,0,0,0.0
4869603,Cam Pickett,Kansas,Big 12,2025,,,,,,,,38,45,3,449,10.0,2,19,0,20,10.0
4869608,Maximus Webster,Ball State,Mid-American,2025,,,,,,,,19,4,0,37,9.3,1,26,0,26,26.0
4869645,Caleb Douglas,Texas Tech,Big 12,2025,,,,,,,,61,53,7,830,15.7,,,,,
4869655,Jameel Gardner Jr.,Jackson State,SWAC,2025,,,,,,,,83,32,2,445,13.9,2,2,0,1,0.5
4869656,Makhi Green,Monmouth,CAA,2025,,,,,,,,72,3,1,84,28.0,6,6,0,15,2.5
4869694,Langston Lewis,Central Michigan,Mid-American,2025,,,,,,,,77,43,3,596,13.9,8,19,0,31,3.9
4869728,Jeremiah Hasley,Duke,ACC,2025,,,,,,,,56,40,6,454,11.4,,,,,
4869730,Nik McMillan,Buffalo,Mid-American,2025,,,,,,,,55,61,3,975,16.0,,,,,
4869735,Roger Walters,Youngstown State,MVFC,2025,2,1,0,0.500,1,50,25.0,53,8,1,101,12.6,1,0,0,-3,-3.0
4869745,Kyirin Heath,Southern Miss,Sun Belt,2025,,,,,,,,34,19,3,228,12.0,,,,,
4869748,Zavion Thomas,LSU,SEC,2025,3,2,0,0.667,0,33,11.0,62,41,4,488,11.9,19,48,1,99,5.2
4869802,Davis Dalton,Southern Miss,Sun Belt,2025,,,,,,,,34,4,1,82,20.5,,,,,
4869816,Vinny Anthony,Wisconsin,Big Ten,2025,,,,,,,,67,31,1,391,12.6,5,14,2,27,5.4
4869817,Cole Pennington,Gardner-Webb,Big South-OVC,2025,208,126,5,0.606,7,1601,7.7,,,,,,54,36,1,5,0.1
4869821,D.C. Temple,Central Michigan,Mid-American,2025,,,,,,,,19,17,2,143,8.4,1,1,0,1,1.0
4869960,KZ Adams,South Carolina State,MEAC,2025,,,,,,,,17,4,0,53,13.3,74,14,1,243,3.3
4869961,Chris Bell,Louisville,ACC,2025,,,,,,,,64,72,6,917,12.7,,,,,
4869962,Ashton Hollins,Illinois,Big Ten,2025,,,,,,,,49,4,1,108,27.0,,,,,
4869963,Charlie Kreinbucher,Bucknell,Patriot,2025,,,,,,,,19,6,1,59,9.8,,,,,
4869965,Kobe Prentice,Baylor,Big 12,2025,,,,,,,,73,26,6,380,14.6,,,,,
4869991,Caden Veltkamp,Florida Atlantic,American Athletic,2025,514,345,17,0.671,24,3652,7.1,7,1,0,7,7.0,81,18,4,45,0.6
4870077,Curtis Deville Jr.,McNeese,Southland,2025,,,,,,,,45,6,0,111,18.5,,,,,
4870146,DJ Burks,App State,Sun Belt,2025,1,0,0,0.000,0,0,0.0,,,,,,,,,,
4870513,Maddux Madsen,Boise State,Mountain West,2025,302,176,9,0.583,18,2333,7.7,,,,,,57,25,4,81,1.4
4870518,Zeon Chriss,Houston,Big 12,2025,21,10,1,0.476,1,108,5.1,,,,,,12,21,0,79,6.6
4870592,Jordyn Bailey,TCU,Big 12,2025,,,,,,,,24,4,0,36,9.0,1,0,0,-1,-1.0
4870601,Jaylen Bonelli,Arkansas State,Sun Belt,2025,,,,,,,,34,22,3,200,9.1,1,0,0,-1,-1.0
4870607,Jackson Arnold,Auburn,SEC,2025,215,136,2,0.633,6,1309,6.1,,,,,,112,56,8,311,2.8
4870608,Benjamin Brahmer,Iowa State,Big 12,2025,1,1,0,1.000,0,45,45.0,27,37,6,446,12.1,1,0,0,-2,-2.0
4870609,CJ Baxter Jr.,Texas,SEC,2025,,,,,,,,6,12,1,41,3.4,54,18,0,196,3.6
4870612,Zachariah Branch,Georgia,SEC,2025,,,,,,,,47,81,6,811,10.0,4,10,0,7,1.8
4870613,Jay Avery,North Carolina A&T,CAA,2025,,,,,,,,18,2,0,18,9.0,,,,,
4870616,Javious Bond,Austin Peay,UAC,2025,,,,,,,,44,9,0,100,11.1,40,84,4,326,8.2
4870619,Jalen Brown,Arkansas,SEC,2025,,,,,,,,42,12,2,167,13.9,,,,,
4870631,Derrick Bohler,Stephen F. Austin,Southland,2025,,,,,,,,37,22,5,277,12.6,1,0,0,-8,-8.0
4870635,Anthony Brown,Tulane,American Athletic,2025,,,,,,,,54,41,2,523,12.8,5,15,0,25,5.0
4870642,Jeremiah Cobb,Auburn,SEC,2025,,,,,,,,16,11,0,83,7.5,175,46,5,969,5.5
4870644,Dalton Brooks,Texas A&M,SEC,2025,,,,,,,,,,,,,1,48,0,48,48.0
4870645,Rickie Collins,Syracuse,ACC,2025,181,97,10,0.536,6,1042,5.8,,,,,,54,24,1,126,2.3
4870653,Kevin Concepcion,Texas A&M,SEC,2025,,,,,,,,48,61,9,919,15.1,10,16,1,75,7.5
4870656,Johntay Cook II,Syracuse,ACC,2025,,,,,,,,59,47,2,559,11.9,1,18,0,18,18.0
4870662,Isaiah Carlson,UCLA,Big Ten,2025,,,,,,,,,,,,,1,0,0,0,0.0
4870683,Ethan Davis,Tennessee,SEC,2025,,,,,,,,40,21,2,257,12.2,,,,,
4870689,Sawyer Deerman,Murray State,MVFC,2025,,,,,,,,3,3,0,3,1.0,,,,,
4870696,Malik Elzy,Illinois,Big Ten,2025,,,,,,,,25,7,0,84,12.0,,,,,
4870699,Karmello English,Coastal Carolina,Sun Belt,2025,,,,,,,,42,20,3,185,9.3,,,,,
4870709,Shamar Easter,North Carolina,ACC,2025,,,,,,,,15,2,0,17,8.5,,,,,
4870710,Isaiah Hardge,Colorado,Big 12,2025,,,,,,,,11,5,0,37,7.4,1,0,0,0,0.0
4870713,Rico Flores,UCLA,Big Ten,2025,,,,,,,,51,26,0,274,10.5,,,,,
4870728,Kaden Feagin,Illinois,Big Ten,2025,,,,,,,,64,16,2,188,11.8,122,26,7,507,4.2
4870736,Mark Fletcher Jr.,Miami,ACC,2025,1,0,0,0.000,0,0,0.0,20,17,2,140,8.2,216,57,12,1192,5.5
4870739,Christian Hamilton,West Virginia,Big 12,2025,,,,,,,,15,2,0,25,12.5,,,,,
4870743,William Fowles,App State,Sun Belt,2025,,,,,,,,19,6,0,86,14.3,,,,,
4870744,Martel Hight,Vanderbilt,SEC,2025,,,,,,,,18,7,0,64,9.1,1,2,0,2,2.0
4870745,Nyck Harbor,South Carolina,SEC,2025,,,,,,,,80,30,6,618,20.6,1,12,0,12,12.0
4870747,Adam Hopkins,Charlotte,American Athletic,2025,,,,,,,,23,1,0,23,23.0,,,,,
4870754,Rodney Gallagher,West Virginia,Big 12,2025,,,,,,,,26,28,0,243,8.7,14,16,0,83,5.9
4870760,Justice Haynes,Michigan,Big Ten,2025,,,,,,,,16,13,0,50,3.8,121,75,10,857,7.1
4870768,Jaden Greathouse,Notre Dame,FBS Independents,2025,,,,,,,,34,4,0,73,18.3,,,,,
4870770,Nathaniel Joseph,Miami,ACC,2025,,,,,,,,18,2,0,25,12.5,,,,,
4870784,Trey Holly,Southern,SWAC,2025,,,,,,,,19,15,0,126,8.4,162,80,9,830,5.1
4870786,Marco Lainez,Elon,CAA,2025,20,8,0,0.400,0,113,5.7,,,,,,9,17,0,30,3.3
4870789,Jaxson Lavender,SMU,ACC,2025,,,,,,,,,,,,,4,9,0,18,4.5
4870793,Tad Hudson,Coastal Carolina,Sun Belt,2025,254,139,7,0.547,6,1253,4.9,,,,,,45,18,2,15,0.3
4870795,Makai Lemon,USC,Big Ten,2025,1,1,0,1.000,1,24,24.0,74,79,11,1156,14.6,9,7,2,4,0.4
4870797,Luke Hasz,Ole Miss,SEC,2025,,,,,,,,16,3,1,28,9.3,,,,,
4870798,Malik Leverett,East Carolina,American Athletic,2025,,,,,,,,8,1,0,8,8.0,,,,,
4870799,Nico Iamaleava,UCLA,Big Ten,2025,323,208,7,0.644,13,1928,6.0,,,,,,112,52,4,505,4.5
4870802,Sedrick Irvin,Stanford,ACC,2025,,,,,,,,8,2,0,13,6.5,41,15,1,118,2.9
4870808,Jeremiyah Love,Notre Dame,FBS Independents,2025,,,,,,,,36,27,3,280,10.4,199,94,18,1372,6.9
4870814,Tabias Hinton,Alcorn State,SWAC,2025,,,,,,,,24,4,0,43,10.8,,,,,
4870819,Eli Holstein,Pittsburgh,ACC,2025,125,77,6,0.616,12,1081,8.6,,,,,,36,31,1,88,2.4
4870821,Cole Martin,UCLA,Big Ten,2025,,,,,,,,,,,,,1,20,0,20,20.0
4870824,R.J. Jones,Utah Tech,UAC,2025,,,,,,,,5,1,0,5,5.0,,,,,
4870826,Micah Mays Jr.,Wake Forest,ACC,2025,,,,,,,,52,18,2,302,16.8,,,,,
4870835,Brandon Inniss,Ohio State,Big Ten,2025,1,1,0,1.000,0,6,6.0,29,36,3,271,7.5,3,8,0,16,5.3
4870836,Xavier Irvin,Temple,American Athletic,2025,,,,,,,,46,5,1,85,17.0,1,1,0,1,1.0
4870839,Kaleb Jackson,LSU,SEC,2025,,,,,,,,13,5,0,33,6.6,7,10,0,16,2.3
4870842,Vandrevious Jacobs,South Carolina,SEC,2025,,,,,,,,74,32,4,548,17.1,,,,,
4870843,Theo Melin Ohrstrom,Texas A&M,SEC,2025,,,,,,,,28,19,1,168,8.8,,,,,
4870844,Andy Jean,Arkansas,SEC,2025,,,,,,,,21,1,0,21,21.0,,,,,
4870847,Ja'Kobi Lane,USC,Big Ten,2025,,,,,,,,59,49,4,745,15.2,,,,,
4870848,Tyler Jefferson,Florida A&M,SWAC,2025,,,,,,,,,,,,,4,6,0,2,0.5
4870850,Omarion Miller,Colorado,Big 12,2025,,,,,,,,70,44,8,807,18.3,,,,,
4870857,Avery Johnson,Kansas State,Big 12,2025,341,204,6,0.598,18,2380,7.0,,,,,,109,58,8,477,4.4
4870858,Cayden Lee,Ole Miss,SEC,2025,,,,,,,,62,44,3,635,14.4,,,,,
4870860,DeAndre Moore Jr.,Texas,SEC,2025,,,,,,,,46,38,4,532,14.0,,,,,
4870864,Gabarri Johnson,Oregon State,Pac-12,2025,100,62,3,0.620,2,501,5.0,17,1,0,17,17.0,34,52,1,119,3.5
4870868,Jayden Limar,Oregon,Big Ten,2025,,,,,,,,27,11,0,75,6.8,46,53,3,262,5.7
4870869,Brett Norfleet,Missouri,SEC,2025,,,,,,,,27,31,5,254,8.2,,,,,
4870870,Ty Lockwood,Boston College,ACC,2025,,,,,,,,16,2,0,30,15.0,,,,,
4870874,Lawson Luckie,Georgia,SEC,2025,,,,,,,,29,15,4,158,10.5,,,,,
4870876,Kyler Kasper,Oregon,Big Ten,2025,,,,,,,,40,2,0,51,25.5,,,,,
4870883,J.J. Kohl,App State,Sun Belt,2025,216,133,2,0.616,12,1465,6.8,,,,,,30,32,1,50,1.7
4870889,Chris Parson,Austin Peay,UAC,2025,288,182,5,0.632,21,2673,9.3,15,1,0,15,15.0,151,60,12,705,4.7
4870900,Dylan Lonergan,Boston College,ACC,2025,284,190,5,0.669,12,2025,7.1,0,1,0,-1,-1.0,36,16,1,-37,-1.0
4870901,Khai Prean,SE Louisiana,Southland,2025,,,,,,,,23,1,0,23,23.0,,,,,
4870906,Arch Manning,Texas,SEC,2025,404,248,7,0.614,26,3163,7.8,4,1,1,4,4.0,92,60,10,399,4.3
4870909,Jaden Rashada,Sacramento State,Big Sky,2025,42,17,1,0.405,1,264,6.3,,,,,,10,15,0,-4,-0.4
4870914,Francis Mauigoa,Miami,ACC,2025,,,,,,,,,,,,,1,3,1,3,3.0
4870921,Dante Moore,Oregon,Big Ten,2025,412,296,10,0.718,30,3565,8.7,,,,,,73,49,2,156,2.1
4870922,Duce Robinson,Florida State,ACC,2025,,,,,,,,82,56,6,1074,19.2,,,,,
4870923,Jahlil McClain,Fresno State,Mountain West,2025,,,,,,,,43,13,1,169,13.0,,,,,
4870927,Bryson Rodgers,Ohio State,Big Ten,2025,,,,,,,,21,6,1,79,13.2,,,,,
4870928,Malachi Nelson,UTEP,Conference USA,2025,190,104,9,0.547,8,1163,6.1,,,,,,23,10,0,-13,-0.6
4870929,Noah Rogers,NC State,ACC,2025,,,,,,,,48,31,2,413,13.3,,,,,
4870934,Rueben Owens,Texas A&M,SEC,2025,,,,,,,,24,13,0,130,10.0,119,57,5,639,5.4
4870941,Cameron Seldon,Virginia Tech,ACC,2025,,,,,,,,22,23,2,165,7.2,7,9,0,28,4.0
4870951,Jaquaize Pettaway,East Carolina,American Athletic,2025,,,,,,,,11,13,0,32,2.5,4,2,0,2,0.5
4870954,Randy Pittman,Florida State,ACC,2025,1,1,0,1.000,1,4,4.0,35,23,2,208,9.0,7,14,3,37,5.3
4870955,Samuel Singleton,Florida State,ACC,2025,,,,,,,,16,1,0,16,16.0,51,53,4,360,7.1
4870959,Shamar Porter,UConn,FBS Independents,2025,,,,,,,,56,17,1,219,12.9,,,,,
4870965,Tastean Reddicks,Oregon State,Pac-12,2025,,,,,,,,37,30,0,391,13.0,1,2,0,2,2.0
4870971,Marcel Reed,Texas A&M,SEC,2025,377,234,12,0.621,25,3169,8.4,,,,,,104,46,6,493,4.7
4870976,Kadyn Proctor,Alabama,SEC,2025,,,,,,,,,,,,,5,11,0,16,3.2
4870994,Malachi Riley,San José State,Mountain West,2025,,,,,,,,9,2,0,10,5.0,,,,,
4870999,Malachi Singleton,Purdue,Big Ten,2025,64,38,2,0.594,5,439,6.9,,,,,,49,40,1,202,4.1
4871001,Jaedn Skeete,Boston College,ACC,2025,,,,,,,,22,13,3,140,10.8,,,,,
4871003,Christian Ross,Memphis,American Athletic,2025,,,,,,,,37,18,1,174,9.7,,,,,
4871005,Teitum Tuioti,Oregon,Big Ten,2025,,,,,,,,11,1,0,11,11.0,,,,,
4871010,Shelton Sampson Jr.,Louisiana,Sun Belt,2025,,,,,,,,45,32,6,537,16.8,,,,,
4871013,Gemari Sands,Florida Atlantic,American Athletic,2025,,,,,,,,18,40,0,217,5.4,105,37,0,465,4.4
4871019,Rico Walker,Purdue,Big Ten,2025,,,,,,,,30,9,0,100,11.1,,,,,
4871022,Robby Washington,Coastal Carolina,Sun Belt,2025,1,1,0,1.000,1,12,12.0,39,29,3,278,9.6,7,15,0,31,4.4
4871023,Carnell Tate,Ohio State,Big Ten,2025,,,,,,,,57,51,9,875,17.2,2,8,0,16,8.0
4871039,Jelani Thurman,Ohio State,Big Ten,2025,,,,,,,,26,7,1,84,12.0,,,,,
4871040,Creed Whittemore,Utah,Big 12,2025,,,,,,,,11,12,1,92,7.7,,,,,
4871048,Hykeem Williams,Colorado,Big 12,2025,,,,,,,,12,9,0,81,9.0,,,,,
4871050,Marquese Williams,Akron,Mid-American,2025,,,,,,,,15,3,0,12,4.0,21,14,0,86,4.1
4871051,J.T. Smith Jr.,North Carolina A&T,CAA,2025,1,0,1,0.000,0,0,0.0,6,2,0,4,2.0,48,16,1,148,3.1
4871053,Daylan Smothers,NC State,ACC,2025,1,1,0,1.000,0,-4,-4.0,24,37,1,189,5.1,160,65,6,939,5.9
4871054,Riley Williams,Oregon State,Pac-12,2025,,,,,,,,15,1,0,15,15.0,,,,,
4871062,Asaad Waseem,Florida Atlantic,American Athletic,2025,,,,,,,,44,69,5,726,10.5,1,0,0,-7,-7.0
4871063,Peter Woods,Clemson,ACC,2025,,,,,,,,,,,,,8,5,2,15,1.9
4871068,Rashid Williams,Washington,Big Ten,2025,,,,,,,,27,5,0,54,10.8,,,,,
4871069,Micah Tease,Tulsa,American Athletic,2025,,,,,,,,34,12,1,196,16.3,2,19,0,21,10.5
4871076,Tre Wisner,Texas,SEC,2025,,,,,,,,19,22,1,146,6.6,131,48,3,597,4.6
4871081,Richard Young,Alabama,SEC,2025,,,,,,,,6,1,0,6,6.0,23,9,2,64,2.8
4871086,Ja'Ryan Wallace,Houston Christian,Southland,2025,,,,,,,,68,36,3,547,15.2,,,,,
4871088,Ayden Williams,Mississippi State,SEC,2025,,,,,,,,49,21,0,252,12.0,,,,,
4871091,D'Wayne' Winfield,Louisiana,Sun Belt,2025,216,127,7,0.588,11,1555,7.2,,,,,,152,42,9,667,4.4
4871092,Dylan Wittke,Minnesota,Big Ten,2025,3,1,1,0.333,0,7,2.3,,,,,,,,,,
4871148,Jaylin Lucas,Florida State,ACC,2025,,,,,,,,64,11,0,88,8.0,27,26,0,160,5.9
4871708,Luke McLaughlin,Boston College,ACC,2025,,,,,,,,39,5,0,72,14.4,,,,,
4872477,Alex Bullock,South Dakota State,MVFC,2025,,,,,,,,51,71,5,944,13.3,6,7,0,-7,-1.2
4872721,Cardell Williams,Sacramento State,Big Sky,2025,175,110,7,0.629,10,1621,9.3,21,1,0,21,21.0,99,51,12,382,3.9
4872829,Brady Young,Houston Christian,Southland,2025,,,,,,,,,,,,,1,0,0,0,0.0
4872940,Ron Vann,Eastern Kentucky,UAC,2025,,,,,,,,19,10,0,129,12.9,,,,,
4872943,Timothy Gans,New Mexico State,Conference USA,2025,,,,,,,,,,,,,1,5,0,5,5.0
4872957,Raylen Sharpe,Arkansas,SEC,2025,,,,,,,,58,41,3,592,14.4,6,41,0,54,9.0
4872961,Matt Byrnes,UNLV,Mountain West,2025,,,,,,,,24,2,0,24,12.0,,,,,
4873234,Victor Rosa,UConn,FBS Independents,2025,,,,,,,,65,15,1,147,9.8,30,31,2,155,5.2
4873270,Jackson Crosby,East Tennessee State,Southern,2025,,,,,,,,15,5,0,31,6.2,,,,,
4873276,Zach Jackson,Clemson,ACC,2025,,,,,,,,-3,1,0,-3,-3.0,,,,,
4873288,Dawson Menegatti,Northern Colorado,Big Sky,2025,,,,,,,,37,17,0,190,11.2,,,,,
4873418,Kaden Helms,Oklahoma,SEC,2025,,,,,,,,16,5,1,35,7.0,,,,,
4873442,Xavier Brown,Virginia,ACC,2025,,,,,,,,15,5,1,36,7.2,51,20,1,241,4.7
4873456,Addison Ostrenga,Iowa,Big Ten,2025,,,,,,,,8,1,0,8,8.0,,,,,
4873475,Max White,Wyoming,Mountain West,2025,,,,,,,,5,1,0,5,5.0,23,13,0,63,2.7
4873481,Denin Limouris,New Hampshire,CAA,2025,,,,,,,,4,1,1,4,4.0,,,,,
4873485,Johnny Pascuzzi,Tulane,American Athletic,2025,,,,,,,,29,12,1,158,13.2,,,,,
4873588,CJ Campbell,Rutgers,Big Ten,2025,,,,,,,,,,,,,22,22,0,119,5.4
4873590,Koby Gross,Ball State,Mid-American,2025,,,,,,,,42,10,1,141,14.1,,,,,
4873592,Vance Nicklaus,Samford,Southern,2025,,,,,,,,21,1,0,21,21.0,,,,,
4873609,Daylon Gordon,Georgia Tech,ACC,2025,,,,,,,,4,1,0,4,4.0,4,47,1,63,15.8
4874362,Nick Ragano,Furman,Southern,2025,,,,,,,,0,1,0,-1,-1.0,,,,,
4874414,Tommy Lock,Missouri,SEC,2025,1,0,0,0.000,0,0,0.0,,,,,,,,,,
4874454,Max Morgan,Liberty,Conference USA,2025,,,,,,,,,,,,,1,0,0,-11,-11.0
4874484,Mack Moeller,Kansas,Big 12,2025,,,,,,,,8,1,0,8,8.0,,,,,
4874506,Shane Porter,Sam Houston,Conference USA,2025,,,,,,,,7,1,0,7,7.0,2,4,0,-1,-0.5
4874510,Xavier Loyd,Missouri,SEC,2025,,,,,,,,15,2,0,21,10.5,,,,,
4874527,Sam Jackson,Oklahoma State,Big 12,2025,66,35,2,0.530,1,351,5.3,26,10,0,86,8.6,32,12,1,-3,-0.1
4875065,Matt Jones,Southern Miss,Sun Belt,2025,,,,,,,,27,12,0,86,7.2,82,17,4,325,4.0
4875106,Kai Holloway,Robert Morris,NEC,2025,,,,,,,,21,15,1,175,11.7,,,,,
4875108,Jack Howes,Buffalo,Mid-American,2025,,,,,,,,,,,,,1,0,0,-13,-13.0
4875125,Max Brown,West Virginia,Big 12,2025,3,1,1,0.333,0,7,2.3,,,,,,4,14,0,23,5.8
4875127,Lanorris Sellers,South Carolina,SEC,2025,293,178,8,0.608,13,2437,8.3,21,1,0,21,21.0,149,26,5,270,1.8
4875128,Lex Thomas,NC State,ACC,2025,7,2,0,0.286,0,18,2.6,,,,,,,,,,
4875267,George Hart III,Western Kentucky,Conference USA,2025,,,,,,,,5,9,1,19,2.1,70,36,5,300,4.3
4875272,Trond Grizzell,California,ACC,2025,,,,,,,,35,55,1,788,14.3,,,,,
4875284,Austin Smith,Sam Houston,Conference USA,2025,,,,,,,,27,7,0,65,9.3,,,,,
4875320,David Kasemervisz,Rice,American Athletic,2025,,,,,,,,5,2,0,6,3.0,,,,,
4875328,Hayden Erickson,Southern Utah,UAC,2025,,,,,,,,11,2,0,16,8.0,,,,,
4875350,Quentin Moore,Washington,Big Ten,2025,,,,,,,,32,5,1,83,16.6,,,,,
4875352,Cole Freeman,Columbia,Ivy,2025,,,,,,,,27,6,0,74,12.3,2,5,0,7,3.5
4875362,Leon Neal Jr.,Washington State,Pac-12,2025,,,,,,,,18,13,1,110,8.5,,,,,
4875385,Jordan Nubin,Kent State,Mid-American,2025,,,,,,,,13,3,0,12,4.0,79,25,1,253,3.2
4875428,Jake Jensen,Montana,Big Sky,2025,13,7,0,0.538,1,69,5.3,,,,,,4,12,0,21,5.3
4875432,Cash Peterman,UCLA,Big Ten,2025,,,,,,,,,,,,,1,0,0,-13,-13.0
4875451,Dale Martin,Louisiana,Sun Belt,2025,,,,,,,,69,6,2,134,22.3,,,,,
4875583,Reis Stocksdale,Bowling Green,Mid-American,2025,,,,,,,,17,4,0,23,5.8,,,,,
4875608,Kamron Beachem,Fresno State,Mountain West,2025,,,,,,,,64,7,0,133,19.0,,,,,
4875612,Ross Fournet,Florida International,Conference USA,2025,,,,,,,,20,10,0,86,8.6,1,3,0,3,3.0
4875613,Dean Patterson,Georgia Tech,ACC,2025,,,,,,,,84,8,2,150,18.8,,,,,
4875666,Nahree Biggins,Central Michigan,Mid-American,2025,,,,,,,,88,19,1,185,9.7,105,58,2,540,5.1
4875733,Pat McQuaide,Villanova,CAA,2025,400,236,4,0.590,24,3092,7.7,,,,,,50,28,3,3,0.1
4875755,Mason Blakemore,Illinois State,MVFC,2025,,,,,,,,3,2,0,-1,-0.5,9,14,0,38,4.2
4875756,Isaiah Bragg,Drake,Pioneer,2025,,,,,,,,42,2,0,79,39.5,,,,,
4875788,Jalen Walthall,Incarnate Word,Southland,2025,,,,,,,,69,70,8,847,12.1,4,30,0,50,12.5
4875791,Landon Sims,Hawai'i,Mountain West,2025,,,,,,,,28,37,2,272,7.4,122,43,3,559,4.6
4875792,David Cordero,Hawai'i,Mountain West,2025,,,,,,,,10,2,0,16,8.0,14,11,0,51,3.6
4875803,Karsyn Pupunu,Hawai'i,Mountain West,2025,,,,,,,,22,33,0,306,9.3,,,,,
4875810,Taharin Sudderth,East Tennessee State,Southern,2025,,,,,,,,17,5,1,56,11.2,1,0,0,0,0.0
4875830,Lucas Desjardins,Murray State,MVFC,2025,,,,,,,,33,45,2,526,11.7,,,,,
4875840,Luke Besh,SE Louisiana,Southland,2025,,,,,,,,35,8,0,121,15.1,,,,,
4875853,Cody Jackson,Tarleton State,UAC,2025,,,,,,,,60,53,6,799,15.1,1,6,0,6,6.0
4875855,Ralph Rucker,Bucknell,Patriot,2025,170,117,4,0.688,11,1568,9.2,,,,,,62,31,3,145,2.3
4875861,Ayo Adeyi,James Madison,Sun Belt,2025,,,,,,,,,,,,,24,24,0,120,5.0
4875866,Reese Poffenbarger,North Texas,American Athletic,2025,7,5,0,0.714,0,36,5.1,,,,,,4,12,0,20,5.0
4875939,Teddy Davenport,Samford,Southern,2025,,,,,,,,22,19,0,158,8.3,,,,,
4876056,Jeffrey Johnson,California,ACC,2025,,,,,,,,20,3,0,30,10.0,,,,,
4876066,Zevi Eckhaus,Washington State,Pac-12,2025,306,192,12,0.627,15,2092,6.8,,,,,,114,22,8,371,3.3
4876068,J.T. Anderson,Indiana State,MVFC,2025,,,,,,,,,,,,,1,0,0,0,0.0
4876069,Tristen Riley,Bryant,CAA,2025,,,,,,,,48,46,2,483,10.5,,,,,
4876070,Taylor Wright-Rawls,Mercyhurst,NEC,2025,,,,,,,,27,13,1,151,11.6,2,6,0,11,5.5
4876111,Zion Hall,Cal Poly,Big Sky,2025,,,,,,,,23,2,0,24,12.0,16,12,0,70,4.4
4876132,Josh Cuevas,Alabama,SEC,2025,,,,,,,,32,37,4,411,11.1,1,7,0,7,7.0
4876133,Michael Otterstedt,Cal Poly,Big Sky,2025,,,,,,,,36,2,0,50,25.0,,,,,
4876136,Antonio Vakameilalo,Cal Poly,Big Sky,2025,,,,,,,,,,,,,1,1,1,1,1.0
4876140,Kekoa Visperas,Tennessee Tech,Big South-OVC,2025,376,244,7,0.649,26,2780,7.4,,,,,,102,32,3,485,4.8
4876144,Tuna Altahir,Stanford,ACC,2025,,,,,,,,,,,,,15,9,0,55,3.7
4876156,Dean Abdullah,Sacramento State,Big Sky,2025,,,,,,,,,,,,,0,0,0,-1,0
4876182,Drew Deck,Montana,Big Sky,2025,,,,,,,,50,30,4,404,13.5,,,,,
4876202,Kellen Detrick,Montana,Big Sky,2025,,,,,,,,,,,,,1,2,0,2,2.0
4876214,Jake Olson,Montana,Big Sky,2025,,,,,,,,1,1,1,1,1.0,,,,,
4876243,Elijah Taylor,Northern Arizona,Big Sky,2025,,,,,,,,24,2,0,28,14.0,2,8,0,6,3.0
4876311,Elijah Tau-Tolliver,Michigan State,Big Ten,2025,,,,,,,,32,18,0,139,7.7,72,85,2,428,5.9
4876352,Jessie Campbell,McNeese,Southland,2025,,,,,,,,17,20,1,134,6.7,,,,,
4876359,Rex Connors,UC Davis,Big Sky,2025,,,,,,,,,,,,,2,2,1,4,2.0
4876364,Matteo Perez,UC Davis,Big Sky,2025,,,,,,,,4,4,1,7,1.8,11,15,0,73,6.6
4876366,Winston Williams,UC Davis,Big Sky,2025,,,,,,,,20,5,1,45,9.0,,,,,
4876378,Damon Bankston,New Mexico,Mountain West,2025,,,,,,,,84,31,3,397,12.8,114,54,5,635,5.6
4876386,Devin Ford,Weber State,Big Sky,2025,,,,,,,,11,2,0,21,10.5,,,,,
4876459,Ben Moseley,San Diego,Pioneer,2025,,,,,,,,12,6,0,42,7.0,,,,,
4876460,Jordan McIntyre,Colorado State,Mountain West,2025,,,,,,,,9,3,0,22,7.3,,,,,
4876495,Bryson Canty,Kansas,Big 12,2025,,,,,,,,31,10,1,145,14.5,,,,,
4876598,Seth Anderson,Iowa,Big Ten,2025,,,,,,,,20,10,2,54,5.4,,,,,
4876642,Maleek Huggins,Bethune-Cookman,SWAC,2025,,,,,,,,85,56,7,808,14.4,2,19,0,35,17.5
4876662,Michael Brescia,Western Michigan,Mid-American,2025,,,,,,,,36,12,2,119,9.9,3,2,1,-3,-1.0
4876666,Brendan Cassamajor,Colgate,Patriot,2025,,,,,,,,9,4,2,27,6.8,29,9,0,104,3.6
4876685,Julius Loughridge,South Dakota State,MVFC,2025,,,,,,,,2,1,0,2,2.0,217,37,7,1004,4.6
4876695,Jaden Allen,Fordham,Patriot,2025,,,,,,,,31,19,1,187,9.8,,,,,
4876700,Brock Biestek,Georgetown,Patriot,2025,,,,,,,,31,21,0,205,9.8,,,,,
4876711,Naieem Kearney,Campbell,CAA,2025,,,,,,,,14,9,0,54,6.0,71,15,3,219,3.1
4876730,Luke Wooten,Northern Colorado,Big Sky,2025,,,,,,,,33,15,0,141,9.4,,,,,
4876744,Cameron Heald,Butler,Pioneer,2025,,,,,,,,22,23,1,148,6.4,,,,,
4876745,Thomas Brown,North Carolina A&T,CAA,2025,,,,,,,,21,4,1,45,11.3,,,,,
4876752,Gabriel Benyard,Kennesaw State,Conference USA,2025,,,,,,,,54,60,9,949,15.8,17,18,1,117,6.9
4876753,Tykeem Wallace,Kennesaw State,Conference USA,2025,,,,,,,,22,8,0,83,10.4,2,0,0,-2,-1.0
4876772,Blake Bohannon,Montana,Big Sky,2025,,,,,,,,62,38,1,505,13.3,,,,,
4876818,Dorian Boyland,Ohio,Mid-American,2025,,,,,,,,,,,,,8,12,0,45,5.6
4876860,TJ Speight,Monmouth,CAA,2025,,,,,,,,62,69,6,813,11.8,7,22,0,56,8.0
4876865,Carter Cravens,Morehead State,Pioneer,2025,237,151,6,0.637,11,1880,7.9,,,,,,62,22,3,188,3.0
4876884,Ryan Upp,Morehead State,Pioneer,2025,,,,,,,,70,78,5,1089,14.0,,,,,
4876902,Justin Luke,North Alabama,UAC,2025,,,,,,,,,,,,,2,5,0,6,3.0
4876993,Josh Heverly,San Diego,Pioneer,2025,,,,,,,,56,47,6,614,13.1,,,,,
4877014,Nazeviah Burris,Arkansas State,Sun Belt,2025,,,,,,,,15,3,0,34,11.3,,,,,
4877021,Javin Whatley,Arizona,Big 12,2025,1,0,1,0.000,0,0,0.0,85,41,5,490,12.0,8,15,1,36,4.5
4877024,Sam Phillips,Iowa,Big Ten,2025,,,,,,,,45,16,0,261,16.3,,,,,
4877025,Reggie Davis,Alcorn State,SWAC,2025,,,,,,,,34,20,1,152,7.6,144,92,10,839,5.8
4877034,Jaren Kanak,Oklahoma,SEC,2025,,,,,,,,48,44,0,533,12.1,,,,,
4877042,Jay Graves-Billips,The Citadel,Southern,2025,1,0,0,0.000,0,0,0.0,51,34,2,395,11.6,17,54,0,164,9.6
4877085,Dany'e Brooks,Nicholls,Southland,2025,,,,,,,,13,3,1,28,9.3,,,,,
4877097,Jaylon Spears,Incarnate Word,Southland,2025,,,,,,,,13,15,0,51,3.4,138,32,6,569,4.1
4877137,Nate Brackett,East Tennessee State,Southern,2025,1,0,0,0.000,0,0,0.0,,,,,,,,,,
4877192,Jett Booker,SE Louisiana,Southland,2025,,,,,,,,16,4,0,43,10.8,,,,,
4877199,Holden Kareokowsky,SE Louisiana,Southland,2025,,,,,,,,,,,,,0,2,0,2,0
4877209,Myion Hicks,Northwestern State,Southland,2025,,,,,,,,19,16,0,47,2.9,78,51,0,311,4.0
4877211,Jace Wilson,Tennessee Tech,Big South-OVC,2025,10,6,0,0.600,2,203,20.3,,,,,,6,16,1,28,4.7
4877212,Grant Robinson,Bryant,CAA,2025,,,,,,,,15,9,0,51,5.7,55,12,2,182,3.3
4877272,Joe McNab,Eastern Illinois,Big South-OVC,2025,,,,,,,,23,6,2,58,9.7,,,,,
4877336,Jaylin Peterson,Alabama A&M,SWAC,2025,,,,,,,,10,4,0,30,7.5,1,3,0,3,3.0
4877340,Tysan Robbins,Arkansas-Pine Bluff,SWAC,2025,1,1,0,1.000,0,2,2.0,,,,,,1,7,0,7,7.0
4877380,Quincy Crittendon,Samford,Southern,2025,257,175,6,0.681,6,1672,6.5,,,,,,87,22,0,79,0.9
4877402,Ricky Taylor,Florida A&M,SWAC,2025,,,,,,,,,,,,,1,0,0,-21,-21.0
4877476,Jayvian Allen,North Alabama,UAC,2025,1,0,0,0.000,0,0,0.0,34,17,0,186,10.9,151,57,9,750,5.0
4877480,Lem Wash,Southern Illinois,MVFC,2025,,,,,,,,40,9,1,147,16.3,30,10,3,112,3.7
4877529,Sam Franklin,South Florida,American Athletic,2025,,,,,,,,14,5,0,36,7.2,80,73,4,474,5.9
4877558,Raphael Williams,Pittsburgh,ACC,2025,,,,,,,,67,52,7,741,14.3,1,4,0,4,4.0
4877566,Brayden Blackmon,Western Carolina,Southern,2025,,,,,,,,22,27,2,213,7.9,,,,,
4877618,Jacob Ritchie,West Georgia,UAC,2025,,,,,,,,25,6,1,68,11.3,1,0,0,-6,-6.0
4877627,Chase Gillespie,Vanderbilt,SEC,2025,,,,,,,,,,,,,1,2,0,2,2.0
4877663,Kam Robinson,Southeast Missouri State,Big South-OVC,2025,,,,,,,,17,14,0,117,8.4,,,,,
4877664,Myles Butler,Middle Tennessee,Conference USA,2025,,,,,,,,52,52,2,518,10.0,2,0,0,-21,-10.5
4877717,Matthew Caldwell,Texas,SEC,2025,11,8,0,0.727,1,85,7.7,,,,,,2,50,0,64,32.0
4877733,Pearson Baldwin,Jacksonville State,Conference USA,2025,,,,,,,,52,26,2,302,11.6,,,,,
4877738,Brock Rechsteiner,Jacksonville State,Conference USA,2025,,,,,,,,56,36,5,383,10.6,3,14,1,18,6.0
4877758,Davis LeDoyen,Elon,CAA,2025,,,,,,,,17,1,0,17,17.0,2,23,0,31,15.5
4877773,Johncarlos Miller II,Texas Tech,Big 12,2025,,,,,,,,17,9,0,77,8.6,,,,,
4877811,Billy Atkins,South Carolina State,MEAC,2025,269,169,4,0.628,16,2319,8.6,,,,,,66,22,1,25,0.4
4877812,Maxwell James,Monmouth,CAA,2025,,,,,,,,71,23,4,304,13.2,,,,,
4877868,Eli Mahan,Maine,CAA,2025,,,,,,,,6,3,1,14,4.7,,,,,
4877870,Declan McKevitt,Maine,CAA,2025,,,,,,,,15,8,0,56,7.0,,,,,
4877890,Kyle Wickersham,Richmond,Patriot,2025,212,137,4,0.646,9,1352,6.4,,,,,,115,38,6,438,3.8
4877896,Owen Laughlin,Richmond,Patriot,2025,,,,,,,,,,,,,1,4,0,4,4.0
4877906,Ja'Vion Griffin,Richmond,Patriot,2025,,,,,,,,52,48,5,585,12.2,,,,,
4878109,Hayden Hansen,Florida,SEC,2025,,,,,,,,28,30,2,254,8.5,,,,,
4878112,Charles Robertson,Louisiana,Sun Belt,2025,,,,,,,,45,15,1,250,16.7,1,6,0,6,6.0
4878126,Enda Kirby,Stony Brook,CAA,2025,,,,,,,,,,,,,1,0,0,-2,-2.0
4878133,Lukkas Londono,Towson,CAA,2025,,,,,,,,51,22,4,310,14.1,,,,,
4878156,Andrew Piercy,William & Mary,CAA,2025,,,,,,,,,,,,,2,0,0,-31,-15.5
4878160,Trey McDonald,William & Mary,CAA,2025,,,,,,,,7,3,1,11,3.7,,,,,
4878164,Malin White,Buffalo,Mid-American,2025,,,,,,,,,,,,,1,15,0,15,15.0
4878195,Robert Tucker III,Cornell,Ivy,2025,,,,,,,,8,5,0,25,5.0,31,10,1,110,3.5
4878220,Nick Marinaro,Ohio,Mid-American,2025,,,,,,,,-4,1,0,-4,-4.0,,,,,
4878223,Jackson Proctor,Northern Illinois,Mid-American,2025,6,2,0,0.333,0,8,1.3,,,,,,2,11,0,13,6.5
4878224,Painter Richards-Baker,Western Carolina,Southern,2025,,,,,,,,61,20,2,276,13.8,,,,,
4878229,Ameer Dudley,Robert Morris,NEC,2025,13,4,0,0.308,0,62,4.8,,,,,,14,13,0,55,3.9
4878231,Scott Woods II,Maine,CAA,2025,,,,,,,,66,55,5,654,11.9,1,0,0,-2,-2.0
4878234,Riley Jenne,Harvard,Ivy,2025,,,,,,,,,,,,,3,11,0,23,7.7
4878262,Julien Stokes,Pennsylvania,Ivy,2025,,,,,,,,47,4,0,66,16.5,44,25,1,225,5.1
4878275,Davis Ellis,Pennsylvania,Ivy,2025,,,,,,,,26,16,1,167,10.4,,,,,
4878277,Justin Cayenne,Florida International,Conference USA,2025,,,,,,,,15,7,0,61,8.7,,,,,
4878284,Tommy Rittenhouse,Illinois State,MVFC,2025,516,334,12,0.647,40,3568,6.9,1,1,1,1,1.0,107,36,7,428,4.0
4878290,Wenkers Wright,Illinois State,MVFC,2025,,,,,,,,12,12,2,48,4.0,123,38,5,592,4.8
4878293,Daniel Sobkowicz,Illinois State,MVFC,2025,4,2,0,0.500,1,29,7.3,93,83,19,1141,13.7,2,4,1,6,3.0
4878295,Scotty Presson Jr.,Illinois State,MVFC,2025,,,,,,,,30,25,3,248,9.9,,,,,
4878310,J'Kalon Carter,Murray State,MVFC,2025,2,2,0,1.000,1,56,28.0,48,30,3,371,12.4,,,,,
4878394,Ajay Allen,Tulsa,American Athletic,2025,,,,,,,,21,10,0,98,9.8,97,40,5,497,5.1
4878695,Max Bredeson,Michigan,Big Ten,2025,,,,,,,,7,2,0,11,5.5,,,,,
4878788,Antonio Johnson,Villanova,CAA,2025,,,,,,,,30,20,5,231,11.6,,,,,
4878789,Daniel Lopes,Campbell,CAA,2025,,,,,,,,48,20,1,255,12.8,,,,,
4878790,Irene Ngabonziza,Marist,Pioneer,2025,,,,,,,,17,6,0,58,9.7,1,0,0,-5,-5.0
4878811,Richie Ilarraza,Valdosta State,Gulf South,2025,,,,,,,,9,3,0,18,6.0,,,,,
4878822,Jaylon Tolbert,Alcorn State,SWAC,2025,325,207,7,0.637,14,2094,6.4,,,,,,72,31,2,226,3.1
4878823,Montrell Walker,Howard,MEAC,2025,,,,,,,,41,10,1,154,15.4,,,,,
4878833,Aiden Dunne,Northern Iowa,MVFC,2025,11,4,1,0.364,0,39,3.5,5,2,0,9,4.5,,,,,
4878837,Quincy Morris,Northern Iowa,MVFC,2025,,,,,,,,9,1,0,9,9.0,,,,,
4878853,Derek Anderson,Northern Iowa,MVFC,2025,,,,,,,,24,20,2,184,9.2,,,,,
4878861,Jack Martens,South Dakota,MVFC,2025,,,,,,,,69,33,3,492,14.9,2,0,0,-2,-1.0
4878862,Javion Phelps,South Dakota,MVFC,2025,,,,,,,,16,7,0,71,10.1,,,,,
4878863,Nate Thomas,Idaho,Big Sky,2025,,,,,,,,21,10,0,50,5.0,109,17,3,453,4.2
4878876,Makai Lovett,Edward Waters,SIAC,2025,,,,,,,,23,3,1,43,14.3,,,,,
4878886,Grahm Goering,South Dakota State,MVFC,2025,,,,,,,,95,43,2,656,15.3,,,,,
4878889,Angel Johnson,Washington State,Pac-12,2025,,,,,,,,31,7,0,55,7.9,75,50,1,252,3.4
4878912,Hunter Simmons,Wisconsin,Big Ten,2025,118,62,7,0.525,2,664,5.6,,,,,,14,9,0,-22,-1.6
4878956,Max Tomczak,Youngstown State,MVFC,2025,,,,,,,,40,70,8,1021,14.6,1,7,0,7,7.0
4878982,Luke Hensley,Youngstown State,MVFC,2025,,,,,,,,27,14,0,189,13.5,,,,,
4878994,Victor Dawson,Illinois State,MVFC,2025,,,,,,,,24,32,0,176,5.5,278,69,5,1377,5.0
4878996,Jaylen Laudermilk,Norfolk State,MEAC,2025,,,,,,,,25,14,1,117,8.4,29,33,2,169,5.8
4879010,Myles Wilson,Stonehill,NEC,2025,,,,,,,,22,16,1,180,11.3,,,,,
4879012,Hayden Fisher,Merrimack,FCS Independents,2025,,,,,,,,43,22,0,231,10.5,2,4,0,5,2.5
4879033,Lance Rees,Indiana State,MVFC,2025,,,,,,,,28,16,0,109,6.8,,,,,
4879044,Ademola Faleye,Washington State,Pac-12,2025,,,,,,,,10,4,1,23,5.8,,,,,
4879052,Christian Ruffin,Norfolk State,MEAC,2025,,,,,,,,6,1,0,6,6.0,,,,,
4879058,Joe Pesansky,Florida International,Conference USA,2025,159,89,7,0.560,11,1021,6.4,,,,,,43,32,2,117,2.7
4879060,Jordan Fuller,James Madison,Sun Belt,2025,,,,,,,,4,1,0,4,4.0,82,26,5,415,5.1
4879073,Jacob Petersen,Toledo,Mid-American,2025,,,,,,,,28,25,3,335,13.4,,,,,
4879121,Quentin McCall,North Carolina Central,MEAC,2025,,,,,,,,41,8,1,114,14.3,,,,,
4879179,Myles Parker,Alabama A&M,SWAC,2025,,,,,,,,23,25,1,207,8.3,3,5,0,12,4.0
4879192,Jonah Burton,Idaho State,Big Sky,2025,,,,,,,,40,21,0,233,11.1,3,8,0,15,5.0
4879194,Josh Cameron,Baylor,Big 12,2025,,,,,,,,48,69,9,872,12.6,,,,,
4879225,Simon Romfo,North Dakota,MVFC,2025,11,6,0,0.545,0,73,6.6,7,2,0,11,5.5,10,6,1,13,1.3
4879231,Gaven Ziebarth,North Dakota,MVFC,2025,,,,,,,,,,,,,61,51,4,432,7.1
4879244,Nate DeMontagnac,North Dakota,MVFC,2025,,,,,,,,30,38,2,462,12.2,,,,,
4879248,Eli Green,Iowa State,Big 12,2025,,,,,,,,21,11,0,123,11.2,,,,,
4879250,Cole Payton,North Dakota State,MVFC,2025,225,162,4,0.720,16,2719,12.1,,,,,,136,64,13,777,5.7
4879253,Chris Harris,North Dakota State,MVFC,2025,,,,,,,,40,12,0,157,13.1,,,,,
4879254,Grant Romfo,North Dakota,MVFC,2025,,,,,,,,17,4,0,34,8.5,,,,,
4879256,Barika Kpeenu,North Dakota State,MVFC,2025,,,,,,,,47,19,1,211,11.1,191,74,20,1005,5.3
4879258,Owen Johnson,North Dakota State,MVFC,2025,,,,,,,,31,3,0,39,13.0,21,10,0,47,2.2
4879264,Truman Werremeyer,North Dakota State,MVFC,2025,,,,,,,,9,3,1,18,6.0,,,,,
4879276,Bryce Lance,North Dakota State,MVFC,2025,,,,,,,,81,51,8,1079,21.2,4,75,1,92,23.0
4879277,Finn Diggins,North Dakota State,MVFC,2025,,,,,,,,19,8,0,89,11.1,,,,,
4879292,Kam Thomas,UTEP,Conference USA,2025,,,,,,,,13,4,0,26,6.5,16,17,0,36,2.3
4879311,Chandler Kirton,Austin Peay,UAC,2025,,,,,,,,,,,,,1,1,1,1,1.0
4879321,Tae Gayden,Austin Peay,UAC,2025,,,,,,,,8,1,0,8,8.0,,,,,
4879455,Damashja Harris,Wyoming,Mountain West,2025,,,,,,,,0,1,0,-1,-1.0,13,20,0,52,4.0
4879499,Tony Johnson,Miami,ACC,2025,,,,,,,,51,7,0,162,23.1,,,,,
4879507,Zach Hrbacek,Weber State,Big Sky,2025,,,,,,,,5,2,0,9,4.5,54,19,1,184,3.4
4879509,Adrian Murdaugh,Sam Houston,Conference USA,2025,,,,,,,,,,,,,2,6,0,7,3.5
4879562,Jeremiah Noga,Washington State,Pac-12,2025,,,,,,,,35,20,1,221,11.1,,,,,
4879567,Trent Walker,Oregon State,Pac-12,2025,2,1,0,0.500,0,17,8.5,43,68,2,823,12.1,,,,,
4879572,Gabe Milbourn,Oregon State,Pac-12,2025,,,,,,,,26,17,1,185,10.9,,,,,
4879573,Carter Neuman,Bryant,CAA,2025,,,,,,,,17,5,0,48,9.6,,,,,
4879574,Bryce Caufield,Oregon State,Pac-12,2025,,,,,,,,30,29,1,219,7.6,,,,,
4879602,Chris Hicks,Arkansas-Pine Bluff,SWAC,2025,,,,,,,,47,19,0,232,12.2,,,,,
4879611,Amari Daniels,Texas A&M,SEC,2025,,,,,,,,14,2,0,21,10.5,41,41,1,216,5.3
4879655,Henry Rutledge,Charlotte,American Athletic,2025,,,,,,,,,,,,,2,14,0,11,5.5
4879663,Riley Engelhard,UAlbany,CAA,2025,,,,,,,,17,2,1,21,10.5,,,,,
4879677,Ashtyn Hawkins,Baylor,Big 12,2025,,,,,,,,41,53,0,621,11.7,,,,,
4879783,Caeleb Schlachter,Eastern Kentucky,UAC,2025,,,,,,,,13,6,0,34,5.7,,,,,
4879810,Eric Holley,Toledo,Mid-American,2025,,,,,,,,26,14,1,186,13.3,,,,,
4879876,Isaac Schoenfeld,Wyoming,Mountain West,2025,,,,,,,,8,1,0,8,8.0,,,,,
4879925,Blane Cleaver,Bowling Green,Mid-American,2025,,,,,,,,7,3,1,11,3.7,1,0,0,0,0.0
4879931,Simeon Evans,North Texas,American Athletic,2025,,,,,,,,30,16,0,136,8.5,,,,,
4879946,Danny Joiner,Tarleton State,UAC,2025,,,,,,,,7,2,1,11,5.5,,,,,
4879978,Laquan Veney,North Carolina A&T,CAA,2025,,,,,,,,51,1,0,51,51.0,,,,,
4879999,Maguire Anderson,Florida International,Conference USA,2025,,,,,,,,46,25,1,280,11.2,1,3,0,3,3.0
4880085,Tim Hardiman,Tulsa,American Athletic,2025,,,,,,,,,,,,,1,1,1,1,1.0
4880181,Cade Conley,Western Michigan,Mid-American,2025,,,,,,,,15,8,1,55,6.9,,,,,
4880185,Finn Hogan,Bowling Green,Mid-American,2025,,,,,,,,24,13,0,183,14.1,,,,,
4880196,Colton FitzGerald,West Georgia,UAC,2025,52,23,2,0.442,1,320,6.2,,,,,,7,8,0,21,3.0
4880203,Luke Voorhees,Boise State,Mountain West,2025,,,,,,,,7,1,0,7,7.0,,,,,
4880217,Brian Shane,Miami (OH),Mid-American,2025,,,,,,,,20,13,2,116,8.9,,,,,
4880229,Caleb Junko,Pittsburgh,ACC,2025,,,,,,,,,,,,,1,0,0,-6,-6.0
4880236,Will Kacmarek,Ohio State,Big Ten,2025,,,,,,,,47,15,2,168,11.2,,,,,
4880272,Byrum Brown,South Florida,American Athletic,2025,341,226,7,0.663,28,3158,9.3,,,,,,175,60,14,1008,5.8
4880279,P.J. Prioleau,Virginia Tech,ACC,2025,,,,,,,,24,13,0,90,6.9,13,16,0,59,4.5
4880281,Jordyn Tyson,Arizona State,Big 12,2025,1,0,0,0.000,0,0,0.0,57,61,8,711,11.7,2,3,1,4,2.0
4880322,Franklin Estrada,TCU,Big 12,2025,,,,,,,,,,,,,1,4,0,4,4.0
4880358,Cam Pedro,Southeast Missouri State,Big South-OVC,2025,,,,,,,,59,65,4,814,12.5,3,11,0,16,5.3
4880395,Tae Meadows,Troy,Sun Belt,2025,,,,,,,,12,11,0,64,5.8,159,47,6,695,4.4
4880449,Blake Bosma,Western Michigan,Mid-American,2025,,,,,,,,24,27,1,251,9.3,,,,,
4880458,Gavin Rupp,Stetson,Pioneer,2025,29,18,4,0.621,1,225,7.8,,,,,,9,6,0,-35,-3.9
4880463,Jordan Kinsler,Long Island University,NEC,2025,,,,,,,,,,,,,4,1,0,-2,-0.5
4880516,Jake Weir,Houston Christian,Southland,2025,199,98,6,0.492,2,897,4.5,,,,,,33,8,0,-94,-2.8
4880640,Alex Williams,Western Illinois,Big South-OVC,2025,1,0,0,0.000,0,0,0.0,28,23,8,240,10.4,1,0,0,-4,-4.0
4880668,Isaiah Knowles,Albany State GA,SIAC,2025,31,17,0,0.548,1,201,6.5,,,,,,7,16,0,24,3.4
4880686,Jianni Woodson-Brooks,Morgan State,MEAC,2025,,,,,,,,,,,,,1,3,0,3,3.0
4880758,Chris Irvin,Western Illinois,Big South-OVC,2025,121,59,3,0.488,5,659,5.4,,,,,,35,20,2,36,1.0
4880760,Reed Shumpert,Marist,Pioneer,2025,,,,,,,,39,34,0,382,11.2,,,,,
4880818,Matthew McCallister,McNeese,Southland,2025,,,,,,,,85,13,1,236,18.2,,,,,
4880833,Cade Cunningham,Jacksonville State,Conference USA,2025,2,0,0,0.000,0,0,0.0,,,,,,,,,,
4880845,Charles Montgomery,Southern Miss,Sun Belt,2025,,,,,,,,11,3,0,15,5.0,,,,,
4880847,Arthur Rodgers,North Carolina Central,MEAC,2025,,,,,,,,23,10,0,84,8.4,90,44,6,444,4.9
4880963,Andrew Jacobs,Youngstown State,MVFC,2025,,,,,,,,0,1,0,-4,-4.0,,,,,
4880964,Terron Kellman,Wyoming,Mountain West,2025,,,,,,,,28,5,0,52,10.4,65,33,4,331,5.1
4881032,Taron Dickens,Western Carolina,Southern,2025,365,271,2,0.742,38,3508,9.6,,,,,,97,28,1,321,3.3
4881352,Jack Shields,UAlbany,CAA,2025,304,158,9,0.520,13,1853,6.1,7,1,0,7,7.0,79,49,1,54,0.7
4881826,Cash Jones,Georgia,SEC,2025,,,,,,,,26,20,1,195,9.8,13,8,0,15,1.2
4881836,Mekhi Mews,Houston,Big 12,2025,,,,,,,,16,6,0,24,4.0,4,1,0,-11,-2.8
4881961,Kobe Paul,Jackson State,SWAC,2025,,,,,,,,51,13,0,208,16.0,1,2,0,2,2.0
4882061,Jacob Newell,Akron,Mid-American,2025,,,,,,,,5,4,0,14,3.5,,,,,
4882094,Fredderick Graves,North Carolina A&T,CAA,2025,,,,,,,,18,10,0,87,8.7,148,40,5,569,3.8
4882120,Jamison Warren,North Carolina A&T,CAA,2025,,,,,,,,41,23,2,286,12.4,,,,,
4882122,Sterling Berkhalter,Wake Forest,ACC,2025,,,,,,,,51,30,2,416,13.9,,,,,
4882775,Joshua Nieves,Western Illinois,Big South-OVC,2025,,,,,,,,16,14,0,95,6.8,,,,,
4883100,Nathan Denney,UT Rio Grande Valley,Southland,2025,,,,,,,,42,25,1,253,10.1,141,42,4,661,4.7
4883110,Grant Jordan,Massachusetts,Mid-American,2025,110,63,2,0.573,3,595,5.4,,,,,,43,47,2,73,1.7
4883127,Mason Shipp,Yale,Ivy,2025,,,,,,,,28,11,0,116,10.5,,,,,
4883173,Q'Darryius Jennings,Tennessee Tech,Big South-OVC,2025,,,,,,,,23,15,1,95,6.3,89,58,10,597,6.7
4883676,Jalen Johnson,South Carolina State,MEAC,2025,,,,,,,,37,52,2,622,12.0,3,4,0,3,1.0
4883677,Jon McCall,Kentucky State,SIAC,2025,,,,,,,,26,8,1,81,10.1,,,,,
4883774,Jayden McGowan,Charlotte,American Athletic,2025,,,,,,,,7,1,0,7,7.0,,,,,
4883859,Jordan Smith,South Carolina State,MEAC,2025,,,,,,,,75,59,8,900,15.3,20,18,2,130,6.5
4883877,Joe Crifasi,Central Connecticut,NEC,2025,,,,,,,,47,11,0,159,14.5,,,,,
4883885,Peter Cleary,Central Connecticut,NEC,2025,,,,,,,,61,24,1,322,13.4,,,,,
4884086,Jalen Macon,Northern Illinois,Mid-American,2025,21,9,0,0.429,1,105,5.0,,,,,,45,36,5,216,4.8
4884094,Dae'Trell Cooper,Arkansas-Pine Bluff,SWAC,2025,,,,,,,,18,6,0,49,8.2,26,25,0,116,4.5
4884392,Christopher Zellous,Stony Brook,CAA,2025,179,111,5,0.620,7,1246,7.0,8,1,1,8,8.0,98,28,5,402,4.1
4884402,Ja'Quan Snipes,Hampton,CAA,2025,,,,,,,,6,5,0,13,2.6,39,47,3,234,6.0
4884418,TK Paisant,Hampton,CAA,2025,,,,,,,,9,2,0,11,5.5,,,,,
4884485,Shawan Lewis,UAlbany,CAA,2025,,,,,,,,,,,,,0,0,0,-11,0
4884706,Myles Cox,Western Illinois,Big South-OVC,2025,,,,,,,,27,6,0,45,7.5,,,,,
4884866,Chris Walley,Alcorn State,SWAC,2025,,,,,,,,,,,,,1,3,0,3,3.0
4884918,Evens Valcourt,Mississippi Valley State,SWAC,2025,,,,,,,,32,23,0,189,8.2,10,10,1,36,3.6
4885443,Robert Giaimo,Lindenwood,Big South-OVC,2025,,,,,,,,,,,,,1,19,0,19,19.0
4885466,Jeff Caldwell,Cincinnati,Big 12,2025,,,,,,,,40,32,6,478,14.9,,,,,
4885469,Darrin Fugitt,Lindenwood,Big South-OVC,2025,,,,,,,,37,32,2,341,10.7,1,0,0,-2,-2.0
4886073,Aidan Quinn,Southern Illinois,MVFC,2025,,,,,,,,38,12,1,139,11.6,1,28,0,28,28.0
4886077,Ross Pedro,Northern Illinois,Mid-American,2025,,,,,,,,,,,,,1,0,0,-32,-32.0
4887151,Andrew Body,Alabama State,SWAC,2025,160,113,1,0.706,20,1770,11.1,,,,,,71,60,4,518,7.3
4887396,Tay Norman,Northern Iowa,MVFC,2025,,,,,,,,13,3,0,29,9.7,,,,,
4887438,Elisha Cummings,Idaho,Big Sky,2025,1,0,0,0.000,0,0,0.0,64,25,3,305,12.2,71,44,2,365,5.1
4887443,Jalen Grable,Central Washington,Lone Star,2025,,,,,,,,36,3,0,43,14.3,,,,,
4887446,Gevani McCoy,Temple,American Athletic,2025,33,24,0,0.727,2,256,7.8,,,,,,16,14,0,31,1.9
4887459,Michael Graves,Idaho,Big Sky,2025,,,,,,,,68,7,3,183,26.1,,,,,
4887640,Kaderris Roberts,Bowling Green,Mid-American,2025,,,,,,,,27,22,1,141,6.4,48,15,0,215,4.5
4887858,Jaylen White,Norfolk State,MEAC,2025,,,,,,,,,,,,,6,11,0,24,4.0
4888130,Noah Bodden,Edward Waters,SIAC,2025,38,18,3,0.474,1,167,4.4,,,,,,9,20,0,8,0.9
4888131,Antonio Jones,Temple,American Athletic,2025,,,,,,,,5,1,0,5,5.0,,,,,
4888163,Avion McBride,Georgia State,Sun Belt,2025,,,,,,,,8,2,0,13,6.5,,,,,
4888706,Parker Kingston,BYU,Big 12,2025,6,1,0,0.167,0,22,3.7,75,66,5,924,14.0,26,20,3,123,4.7
4888707,Danny Lewis Jr.,Alabama,SEC,2025,,,,,,,,11,2,0,17,8.5,,,,,
4888723,Wesley Grimes,NC State,ACC,2025,,,,,,,,48,31,3,458,14.8,1,0,0,-3,-3.0
4888886,Kenyon Clay,Arkansas State,Sun Belt,2025,,,,,,,,27,37,3,205,5.5,139,30,3,523,3.8
4889958,Taylor Spierto,Florida,SEC,2025,,,,,,,,11,1,1,11,11.0,,,,,
4890328,Adrian Green,Houston Christian,Southland,2025,,,,,,,,25,14,0,120,8.6,,,,,
4890373,Bauer Sharp,LSU,SEC,2025,,,,,,,,65,24,2,252,10.5,,,,,
4890419,Jack McCallister,Purdue,Big Ten,2025,,,,,,,,,,,,,1,10,0,10,10.0
4890881,Cameron Ball,Mississippi State,SEC,2025,,,,,,,,9,2,0,12,6.0,,,,,
4891191,Christian Anaya,Western Illinois,Big South-OVC,2025,1,1,0,1.000,0,31,31.0,47,44,4,458,10.4,7,13,0,48,6.9
4891198,Tre Spivey,Arizona,Big 12,2025,,,,,,,,70,23,7,381,16.6,2,3,1,6,3.0
4891697,Isaiah Nwokenkwo,Alabama A&M,SWAC,2025,,,,,,,,40,7,0,107,15.3,62,40,1,341,5.5
4891852,Jordan Smart,Arkansas State,Sun Belt,2025,,,,,,,,3,1,0,3,3.0,,,,,
4891865,Kamren Amao,Prairie View A&M,SWAC,2025,,,,,,,,,,,,,1,5,0,5,5.0
4892205,Mike Darcy,St. Francis (PA),NEC,2025,,,,,,,,19,9,0,78,8.7,,,,,
4892292,Connor Finer,Rhode Island,CAA,2025,,,,,,,,35,42,4,471,11.2,1,4,0,4,4.0
4892360,Renoldo Spivey Jr.,Tuskegee,SIAC,2025,,,,,,,,,,,,,7,12,0,33,4.7
4892437,Peyton Kramer,Tarleton State,UAC,2025,,,,,,,,80,54,8,1024,19.0,,,,,
4892441,Haydon Wiginton,Texas Tech,Big 12,2025,,,,,,,,3,1,0,3,3.0,,,,,
4892466,NyGhee Lolley,Delaware State,MEAC,2025,,,,,,,,72,23,3,264,11.5,8,58,1,101,12.6
4892983,Terrell Timmons Jr.,Colorado,Big 12,2025,,,,,,,,28,3,0,58,19.3,,,,,
4892984,Cael Vanderbush,Indiana State,MVFC,2025,,,,,,,,1,1,0,1,1.0,,,,,
4893047,Tyler Wilkins,Morgan State,MEAC,2025,,,,,,,,33,2,1,63,31.5,,,,,
4893657,Gavin Wimsatt,Jacksonville State,Conference USA,2025,112,63,2,0.563,4,731,6.5,18,2,0,24,12.0,52,44,4,263,5.1
4893710,Jalen Geer,Princeton,Ivy,2025,,,,,,,,28,4,0,60,15.0,,,,,
4893718,Xavier Leigh,North Dakota,MVFC,2025,,,,,,,,27,13,0,105,8.1,62,25,1,260,4.2
4893724,Trey Eberhart III,Sacred Heart,FCS Independents,2025,,,,,,,,23,4,0,49,12.3,78,81,4,484,6.2
4893738,Luke Colella,Villanova,CAA,2025,,,,,,,,51,77,8,1071,13.9,2,18,0,33,16.5
4893748,Connor Hulstein,Marist,Pioneer,2025,,,,,,,,78,42,7,599,14.3,,,,,
4893750,Tyler Picinic,Sacred Heart,FCS Independents,2025,,,,,,,,8,3,0,14,4.7,,,,,
4893815,JaMario Clements,Wake Forest,ACC,2025,,,,,,,,7,2,0,7,3.5,22,9,0,63,2.9
4893939,Cameron Franklin,Prairie View A&M,SWAC,2025,,,,,,,,,,,,,1,5,1,5,5.0
4894449,Miller McCrumby,South Alabama,Sun Belt,2025,,,,,,,,32,15,0,128,8.5,,,,,
4894661,Durell Robinson,Auburn,SEC,2025,,,,,,,,,,,,,3,54,1,57,19.0
4894839,Brandon White,Hawai'i,Mountain West,2025,,,,,,,,46,38,2,399,10.5,4,13,0,36,9.0
4895242,Marqeese Dietz,Stony Brook,CAA,2025,3,2,0,0.667,1,28,9.3,93,66,1,532,8.1,2,7,0,13,6.5
4895711,Chris Reed,Sam Houston,Conference USA,2025,,,,,,,,54,30,5,460,15.3,,,,,
4896057,Chance Miller,Portland State,Big Sky,2025,,,,,,,,31,6,0,86,14.3,2,10,0,19,9.5
4896289,Gavin Freeman,Oklahoma State,Big 12,2025,1,0,0,0.000,0,0,0.0,33,53,4,481,9.1,12,13,0,48,4.0
4896389,Louis Brown,Baylor,Big 12,2025,,,,,,,,23,6,1,79,13.2,,,,,
4896391,Sean Wilson,Florida Atlantic,American Athletic,2025,,,,,,,,4,1,0,4,4.0,,,,,
4897730,Braylon McReynolds,UL Monroe,Sun Belt,2025,,,,,,,,14,15,1,80,5.3,124,74,3,614,5.0
4898018,Josh Sapp,Clemson,ACC,2025,,,,,,,,32,11,0,150,13.6,,,,,
4898589,Oliver Straw,West Virginia,Big 12,2025,,,,,,,,,,,,,1,12,0,12,12.0
4898646,Keshawn Brown,Merrimack,FCS Independents,2025,,,,,,,,23,6,1,83,13.8,2,8,0,10,5.0
4898828,Alred Luke,Missouri State,Conference USA,2025,,,,,,,,59,43,5,640,14.9,,,,,
4898892,Joey Schlaffer,Penn State,Big Ten,2025,,,,,,,,19,1,1,19,19.0,,,,,
4899046,Brendan Sorsby,Cincinnati,Big 12,2025,335,206,5,0.615,26,2786,8.3,,,,,,100,41,9,580,5.8
4899096,Evan Crenshaw,Troy,Sun Belt,2025,1,1,0,1.000,0,11,11.0,,,,,,1,0,0,-12,-12.0
4899137,Johnny Thompson Jr.,Kansas,Big 12,2025,,,,,,,,,,,,,19,9,0,75,3.9
4899352,Deakon Tonielli,Michigan,Big Ten,2025,,,,,,,,28,8,0,72,9.0,,,,,
4899360,Jaden Platt,Arkansas,SEC,2025,,,,,,,,34,21,2,296,14.1,,,,,
4899361,Kedrick Reescano,Arizona,Big 12,2025,,,,,,,,9,3,0,12,4.0,84,50,9,396,4.7
4899366,Semaj Morgan,Michigan,Big Ten,2025,2,0,0,0.000,0,0,0.0,32,20,1,223,11.2,5,11,0,25,5.0
4899367,Ryan Niblett,Texas,SEC,2025,,,,,,,,39,8,0,60,7.5,5,7,0,15,3.0
4899368,Kendrick Raphael,California,ACC,2025,,,,,,,,42,34,1,245,7.2,233,33,13,952,4.1
4899369,Christopher Vizzina,Clemson,ACC,2025,71,45,1,0.634,4,406,5.7,,,,,,25,15,0,41,1.6
4899418,Javonte Vereen,UConn,FBS Independents,2025,,,,,,,,50,21,5,305,14.5,,,,,
4899468,Kaden Anderson,Wyoming,Mountain West,2025,336,189,10,0.563,12,1971,5.9,,,,,,43,9,0,-33,-0.8
4899470,Ja'Koby Banks,Prairie View A&M,SWAC,2025,1,0,0,0.000,0,0,0.0,39,4,1,64,16.0,1,7,0,7,7.0
4899472,Chris Culliver,North Carolina,ACC,2025,,,,,,,,51,5,1,100,20.0,,,,,
4899475,Wilkin Formby,Alabama,SEC,2025,,,,,,,,2,1,0,2,2.0,,,,,
4899484,Andrew Rappleyea,Penn State,Big Ten,2025,,,,,,,,53,20,3,180,9.0,,,,,
4899668,Nathan Jones,Abilene Christian,UAC,2025,,,,,,,,4,1,0,4,4.0,,,,,
4899704,Jordan King,California,ACC,2025,,,,,,,,38,22,2,267,12.1,,,,,
4900146,Cartevious Norton,South Florida,American Athletic,2025,,,,,,,,24,2,0,27,13.5,32,37,2,166,5.2
4900152,Zyion Claville,Texas Southern,SWAC,2025,,,,,,,,13,4,0,5,1.3,,,,,
4900235,Macrae Plummer,St. Francis (PA),NEC,2025,,,,,,,,14,1,0,14,14.0,,,,,
4900243,Joraye Morrison,Gardner-Webb,Big South-OVC,2025,,,,,,,,,,,,,1,3,0,3,3.0
4900351,Noah Bennee,Weber State,Big Sky,2025,,,,,,,,30,23,0,264,11.5,,,,,
4900640,Kyle Parker,LSU,SEC,2025,,,,,,,,43,31,4,330,10.6,,,,,
4900771,Marquis Gillis,Delaware State,MEAC,2025,,,,,,,,39,11,1,85,7.7,183,75,7,1145,6.3
4900864,Aiden Cirulli,St. Francis (PA),NEC,2025,,,,,,,,,,,,,2,3,0,-4,-2.0
4900879,Jacquon Gibson,Massachusetts,Mid-American,2025,1,1,0,1.000,0,5,5.0,50,63,0,616,9.8,9,13,0,39,4.3
4900934,Stephen Kittleman,Tulsa,American Athletic,2025,3,2,0,0.667,0,18,6.0,,,,,,3,3,1,4,1.3
4902963,Luther Richesson,Central Arkansas,UAC,2025,98,61,3,0.622,6,726,7.4,,,,,,52,30,1,92,1.8
4904131,Devon Rivers,Fresno State,Mountain West,2025,,,,,,,,,,,,,2,6,0,4,2.0
4905248,Carson Tabaracci,USC,Big Ten,2025,,,,,,,,21,3,1,32,10.7,,,,,
4905594,Jawaun Northington,Murray State,MVFC,2025,,,,,,,,13,4,1,29,7.3,157,66,6,765,4.9
4906094,Nick Munson,Butler,Pioneer,2025,,,,,,,,34,28,1,216,7.7,5,22,0,56,11.2
4907415,Leyton Smithson,Washington State,Pac-12,2025,,,,,,,,7,2,0,9,4.5,,,,,
4907543,Marcus Sanders Jr.,Georgia Southern,Sun Belt,2025,,,,,,,,52,50,5,797,15.9,,,,,
4907573,Dalen Cobb,Georgia Southern,Sun Belt,2025,2,1,1,0.500,0,44,22.0,43,57,3,506,8.9,15,12,1,47,3.1
4907671,Anthony Evans III,Mississippi State,SEC,2025,,,,,,,,57,67,4,831,12.4,7,17,0,47,6.7
4907735,Michael Buckley,New Mexico,Mountain West,2025,2,1,0,0.500,1,41,20.5,25,6,0,76,12.7,,,,,
4907786,Rocky Beers,Colorado State,Mountain West,2025,,,,,,,,48,31,7,388,12.5,,,,,
4908552,Dorian Thomas,New Mexico,Mountain West,2025,,,,,,,,34,56,4,560,10.0,,,,,
4909541,Ty Harding,Massachusetts,Mid-American,2025,,,,,,,,10,4,0,30,7.5,,,,,
4910239,Justus Ross-Simmons,Syracuse,ACC,2025,,,,,,,,53,20,5,312,15.6,,,,,
4910682,Jamal Hailey,Florida A&M,SWAC,2025,,,,,,,,24,28,2,200,7.1,78,56,5,438,5.6
4910711,Justin Holmes,Pittsburgh,ACC,2025,,,,,,,,23,28,4,301,10.8,,,,,
4910844,Grady Gross,Washington,Big Ten,2025,1,0,0,0.000,0,0,0.0,,,,,,,,,,
4911484,Tyrese Hunt-Thompson,North Texas,American Athletic,2025,,,,,,,,15,1,0,15,15.0,,,,,
4911529,Trinidad Chambliss,Ole Miss,SEC,2025,445,294,3,0.661,22,3937,8.8,8,1,0,8,8.0,133,41,8,527,4.0
4911861,Sterling Lockett,Kansas State,Big 12,2025,,,,,,,,19,3,0,39,13.0,,,,,
4911863,Sam Vander Haar,BYU,Big 12,2025,1,0,0,0.000,0,0,0.0,,,,,,2,11,0,17,8.5
4911906,Kanen Hamlett,App State,Sun Belt,2025,,,,,,,,35,13,2,142,10.9,,,,,
4911914,Andrew Paul,Jacksonville State,Conference USA,2025,,,,,,,,17,2,0,29,14.5,30,42,3,127,4.2
4911929,Alonza Barnett,James Madison,Sun Belt,2025,370,216,8,0.584,23,2806,7.6,,,,,,127,58,15,589,4.6
4911971,Jahiem White,West Virginia,Big 12,2025,,,,,,,,13,3,0,15,5.0,24,32,3,133,5.5
4912040,Jordan Williams,Sacramento State,Big Sky,2025,,,,,,,,26,11,1,170,15.5,,,,,
4912052,Justin Joly,NC State,ACC,2025,,,,,,,,59,49,7,489,10.0,,,,,
4912062,Kyle Crum,San Diego State,Mountain West,2025,29,14,2,0.483,1,169,5.8,,,,,,8,11,2,21,2.6
4912067,Chase Sowell,Iowa State,Big 12,2025,,,,,,,,52,32,2,500,15.6,,,,,
4912111,Sidney Mbanasor,Old Dominion,Sun Belt,2025,,,,,,,,18,6,0,68,11.3,,,,,
4912119,Tucker Kilcrease,Troy,Sun Belt,2025,222,130,6,0.586,9,1537,6.9,,,,,,116,34,5,126,1.1
4912130,Trell Harris,Virginia,ACC,2025,,,,,,,,75,59,5,847,14.4,,,,,
4912135,Justius Lowe,Oregon,Big Ten,2025,,,,,,,,14,6,0,56,9.3,,,,,
4912159,Ashton Logan,Middle Tennessee,Conference USA,2025,1,0,0,0.000,0,0,0.0,,,,,,,,,,
4912160,Jai Patel,Rutgers,Big Ten,2025,,,,,,,,,,,,,1,0,0,-3,-3.0
4912164,Jordyn Williams,SE Louisiana,Southland,2025,,,,,,,,30,11,0,118,10.7,,,,,
4912186,Trey Johnson,Bowling Green,Mid-American,2025,,,,,,,,8,1,0,8,8.0,,,,,
4912218,Cyrus Allen,Cincinnati,Big 12,2025,,,,,,,,88,50,12,660,13.2,8,15,1,34,4.3
4912226,Stone Combs,Nevada,Mountain West,2025,,,,,,,,9,1,0,9,9.0,,,,,
4912238,Turner Helton,Georgia Southern,Sun Belt,2025,26,14,0,0.538,1,74,2.8,,,,,,2,8,0,11,5.5
4912240,Tylan Hines,Tarleton State,UAC,2025,,,,,,,,,,,,,82,40,3,510,6.2
4912265,J.C. Sivley,UAB,American Athletic,2025,,,,,,,,21,6,0,59,9.8,,,,,
4912275,Christian Washington,San Diego State,Mountain West,2025,,,,,,,,11,7,1,45,6.4,97,41,4,560,5.8
4912280,Charlie Coenen,Wyoming,Mountain West,2025,,,,,,,,45,5,1,99,19.8,,,,,
4912281,Taven Curry,Akron,Mid-American,2025,,,,,,,,,,,,,9,15,0,54,6.0
4912286,Iverson Hooks,UAB,American Athletic,2025,1,1,0,1.000,0,17,17.0,51,72,7,927,12.9,1,0,0,0,0.0
4912288,Rex Johnsen,Wyoming,Mountain West,2025,,,,,,,,,,,,,0,4,0,4,0
4912302,Makhilyn Young,Vanderbilt,SEC,2025,,,,,,,,24,14,0,133,9.5,45,80,6,411,9.1
4912334,David Chapeau,Louisville,ACC,2025,,,,,,,,,,,,,1,3,0,3,3.0
4912342,Wayne Knight,James Madison,Sun Belt,2025,,,,,,,,57,40,1,397,9.9,207,73,9,1373,6.6
4912453,Lucky Sutton,San Diego State,Mountain West,2025,,,,,,,,8,5,0,3,0.6,253,50,10,1292,5.1
4912647,Austin Novosad,Oregon,Big Ten,2025,2,1,0,0.500,0,40,20.0,,,,,,,,,,
4913758,Dijon Jennings,Weber State,Big Sky,2025,148,99,5,0.669,4,831,5.6,,,,,,34,13,1,35,1.0
4914482,Charlie Mirer,Stanford,ACC,2025,3,2,0,0.667,1,22,7.3,,,,,,2,30,0,23,11.5
4914830,Easton Messer,Florida Atlantic,American Athletic,2025,1,1,0,1.000,1,48,48.0,55,100,6,1029,10.3,3,39,1,51,17.0
4914980,Cole Turner,Clemson,ACC,2025,,,,,,,,23,16,0,144,9.0,1,0,0,-2,-2.0
4915376,Jackson McGohan,Wisconsin,Big Ten,2025,,,,,,,,15,3,0,35,11.7,,,,,
4915622,Jake Strong,McNeese,Southland,2025,278,164,13,0.590,11,2008,7.2,,,,,,117,48,7,469,4.0
4915837,Grayson Loftis,Charlotte,American Athletic,2025,232,128,8,0.552,8,1415,6.1,,,,,,47,15,0,-86,-1.8
4915980,John Mateer,Oklahoma,SEC,2025,397,247,11,0.622,14,2885,7.3,,,,,,149,51,8,431,2.9
4916436,E.J. Warner,Fresno State,Mountain West,2025,277,192,11,0.693,13,2030,7.3,,,,,,50,30,1,148,3.0
4916460,Miles Marshall,Southern Illinois,MVFC,2025,,,,,,,,22,5,2,55,11.0,,,,,
4916885,Jaylen Jenkins,Texas State,Sun Belt,2025,,,,,,,,5,1,0,5,5.0,31,58,2,170,5.5
4916888,Bert Emanuel Jr.,San Diego State,Mountain West,2025,16,9,0,0.563,0,74,4.6,,,,,,32,72,2,273,8.5
4916941,Coy Eakin,Texas Tech,Big 12,2025,,,,,,,,42,49,6,653,13.3,,,,,
4916987,TJ West,Texas Tech,Big 12,2025,,,,,,,,9,3,0,19,6.3,,,,,
4917048,Dom Henry,Florida Atlantic,American Athletic,2025,,,,,,,,90,40,4,575,14.4,1,8,0,8,8.0
4917054,David Amador,UTSA,American Athletic,2025,2,2,0,1.000,2,25,12.5,45,45,4,443,9.8,3,3,0,0,0.0
4917093,Ryan Staub,Colorado,Big 12,2025,55,30,4,0.545,3,426,7.7,,,,,,19,29,1,30,1.6
4917119,Devin Alves,Virginia Tech,ACC,2025,,,,,,,,19,3,1,45,15.0,,,,,
4917171,Blazen Lono-Wong,Arizona State,Big 12,2025,,,,,,,,19,1,0,19,19.0,,,,,
4917172,Chris Brooks Jr.,Wisconsin,Big Ten,2025,,,,,,,,18,11,0,124,11.3,,,,,
4917288,Charles Kellom,Eastern Illinois,Big South-OVC,2025,,,,,,,,22,18,0,92,5.1,192,25,3,716,3.7
4917296,Jacob Barrick,West Virginia,Big 12,2025,,,,,,,,15,9,0,69,7.7,,,,,
4917305,Cam'Ron McCoy,Southern,SWAC,2025,108,51,2,0.472,5,698,6.5,,,,,,51,69,4,239,4.7
4917310,Zylan Perry,Louisiana,Sun Belt,2025,,,,,,,,16,16,0,101,6.3,138,84,8,689,5.0
4917349,Jamari Hawkins,Memphis,American Athletic,2025,,,,,,,,57,38,2,623,16.4,3,7,0,14,4.7
4917370,Brooks Johnson,Coastal Carolina,Sun Belt,2025,,,,,,,,22,11,1,87,7.9,,,,,
4917421,Nevan Cremascoli,South Dakota,MVFC,2025,1,1,0,1.000,0,3,3.0,,,,,,1,0,0,0,0.0
4917427,Tanner Koziol,Houston,Big 12,2025,,,,,,,,50,74,6,727,9.8,,,,,
4917504,Austin Okerwa,Northern Arizona,Big Sky,2025,,,,,,,,21,2,0,32,16.0,,,,,
4917619,Khamari Anderson,Arizona State,Big 12,2025,,,,,,,,8,5,1,24,4.8,,,,,
4917858,Cole Cabana,Western Michigan,Mid-American,2025,,,,,,,,2,2,0,2,1.0,8,9,0,18,2.3
4917942,Frank Covey IV,Northwestern,Big Ten,2025,1,0,0,0.000,0,0,0.0,11,2,0,22,11.0,,,,,
4917945,Aidan Mizell,Florida,SEC,2025,,,,,,,,23,19,1,177,9.3,,,,,
4917947,Malachi Coleman,Minnesota,Big Ten,2025,,,,,,,,52,5,0,83,16.6,,,,,
4917981,AJ Newberry,Vanderbilt,SEC,2025,,,,,,,,12,2,0,18,9.0,18,16,3,57,3.2
4918094,Damian Henderson II,Sacramento State,Big Sky,2025,,,,,,,,14,7,0,65,9.3,91,85,5,565,6.2
4918099,Kenny Minchey,Notre Dame,FBS Independents,2025,26,20,0,0.769,0,196,7.5,,,,,,7,34,1,84,12.0
4918103,Cam Cook,Jacksonville State,Conference USA,2025,,,,,,,,54,30,0,286,9.5,296,73,16,1666,5.6
4918105,Jaylen Johnson,South Florida,American Athletic,2025,,,,,,,,,,,,,1,12,0,12,12.0
4918107,Reid Mikeska,Florida Atlantic,American Athletic,2025,,,,,,,,3,1,0,3,3.0,,,,,
4918108,Jordan Napier,San Diego State,Mountain West,2025,1,0,0,0.000,0,0,0.0,80,48,2,632,13.2,11,16,1,40,3.6
4918110,Roderick Robinson II,Georgia,SEC,2025,,,,,,,,12,2,1,13,6.5,6,10,0,22,3.7
4918111,A'Marion Peterson,UTSA,American Athletic,2025,,,,,,,,7,2,0,7,3.5,49,14,3,177,3.6
4918121,Cole Adams,Alabama,SEC,2025,,,,,,,,25,5,1,71,14.2,,,,,
4918126,LJ Martin,BYU,Big 12,2025,,,,,,,,26,36,0,255,7.1,236,49,12,1305,5.5
4918412,Harvey Broussard,Houston,Big 12,2025,,,,,,,,29,9,1,126,14.0,,,,,
4918414,Dylan Edwards,Kansas State,Big 12,2025,,,,,,,,13,3,0,17,5.7,34,75,2,205,6.0
4918417,Ayden Greene,Virginia Tech,ACC,2025,,,,,,,,67,31,3,516,16.6,,,,,
4918419,Lafayette Kaiuway,TCU,Big 12,2025,,,,,,,,14,3,1,33,11.0,,,,,
4918421,Tiger Bachmeier,BYU,Big 12,2025,,,,,,,,17,7,0,59,8.4,1,2,0,2,2.0
4918445,Smith Snowden,Utah,Big 12,2025,,,,,,,,11,13,0,57,4.4,8,9,1,40,5.0
4918453,Tanner Lemaster,Eastern Michigan,Mid-American,2025,,,,,,,,33,5,0,69,13.8,,,,,
4920127,Marquez Taylor,UTEP,Conference USA,2025,,,,,,,,7,3,0,13,4.3,17,10,0,43,2.5
4920135,Kalib Hicks,Oklahoma State,Big 12,2025,,,,,,,,,,,,,44,14,0,128,2.9
4920140,Nathan Leacock,North Carolina,ACC,2025,,,,,,,,18,5,0,48,9.6,1,6,0,6,6.0
4920153,William Watson III,Virginia Tech,ACC,2025,4,2,0,0.500,0,77,19.3,,,,,,9,14,1,22,2.4
4920158,Brock Glenn,Florida State,ACC,2025,10,6,0,0.600,2,69,6.9,,,,,,7,15,0,43,6.1
4920162,Seth Davis,Mississippi State,SEC,2025,,,,,,,,,,,,,5,23,1,47,9.4
4920163,Kelby Valsin,Texas Tech,Big 12,2025,,,,,,,,18,3,0,35,11.7,,,,,
4920164,Sam West,Mississippi State,SEC,2025,,,,,,,,13,5,1,41,8.2,1,15,0,15,15.0
4920187,Will Anciaux,Kansas State,Big 12,2025,,,,,,,,25,6,1,45,7.5,,,,,
4920192,Carson Conklin,Fresno State,Mountain West,2025,96,47,2,0.490,1,354,3.7,,,,,,15,6,0,-16,-1.1
4920193,Ethan Crawford,Arkansas State,Sun Belt,2025,,,,,,,,,,,,,1,4,0,4,4.0
4920196,Javance Tupou'ata-Johnson,North Dakota,MVFC,2025,11,3,0,0.273,0,41,3.7,,,,,,13,34,2,107,8.2
4920227,Giovanni Lopez,North Carolina,ACC,2025,261,170,5,0.651,10,1747,6.7,0,0,0,-6,0,86,17,3,133,1.5
4920228,Jocquez Smith,Temple,American Athletic,2025,,,,,,,,12,1,1,12,12.0,8,5,0,23,2.9
4920229,Jerry Mcclure,San Diego State,Mountain West,2025,,,,,,,,8,1,0,8,8.0,,,,,
4920896,Lavon Brown,Colorado State,Mountain West,2025,,,,,,,,31,22,0,244,11.1,,,,,
4920901,Darius Taylor,Minnesota,Big Ten,2025,,,,,,,,40,34,0,245,7.2,143,71,4,670,4.7
4921108,DeSean Bishop,Tennessee,SEC,2025,,,,,,,,23,15,0,135,9.0,182,50,16,1076,5.9
4921110,Chase Hendricks,Ohio,Mid-American,2025,,,,,,,,67,71,7,1037,14.6,1,1,0,1,1.0
4921111,TJ Johnson,Southern Miss,Sun Belt,2025,,,,,,,,7,1,1,7,7.0,,,,,
4921113,Joshua Manning,Missouri,SEC,2025,,,,,,,,34,29,2,318,11.0,1,0,0,-7,-7.0
4921116,Jamal Roberts,Missouri,SEC,2025,,,,,,,,39,18,1,141,7.8,124,63,6,753,6.1
4921154,Eugene Wilson,Florida,SEC,2025,,,,,,,,40,27,3,239,8.9,3,9,0,12,4.0
4921291,Ricky Ahumaraeze,Northwestern,Big Ten,2025,,,,,,,,35,10,0,200,20.0,,,,,
4921292,Isaiah Augustave,South Carolina,SEC,2025,,,,,,,,16,1,0,16,16.0,2,1,0,1,0.5
4921295,Rohan Fluellen,Stephen F. Austin,Southland,2025,,,,,,,,0,1,0,-6,-6.0,,,,,
4921296,Richard Dandridge,Youngstown State,MVFC,2025,,,,,,,,25,5,1,45,9.0,1,7,0,7,7.0
4921299,AJ Jayroe,Weber State,Big Sky,2025,,,,,,,,20,5,1,55,11.0,,,,,
4921304,Chris Lawson Jr.,App State,Sun Belt,2025,,,,,,,,18,3,0,42,14.0,,,,,
4921305,Matthew Klopfenstein,Baylor,Big 12,2025,,,,,,,,20,8,1,73,9.1,,,,,
4921306,Mikey Matthews,UCLA,Big Ten,2025,1,0,0,0.000,0,0,0.0,37,33,2,348,10.5,1,1,0,1,1.0
4921315,Will Prichard,Morehead State,Pioneer,2025,1,0,0,0.000,0,0,0.0,,,,,,1,0,0,-3,-3.0
4921316,Nolan Ray,Maryland,Big Ten,2025,,,,,,,,9,11,0,50,4.5,67,53,2,289,4.3
4921321,Levontai Summersett,Florida A&M,SWAC,2025,,,,,,,,26,9,0,75,8.3,26,15,0,78,3.0
4921322,Zion Taylor,Georgia Tech,ACC,2025,,,,,,,,45,11,1,129,11.7,,,,,
4921400,Elias Cloy,Alabama A&M,SWAC,2025,,,,,,,,,,,,,1,0,0,-19,-19.0
4922983,Manny Covey,Cincinnati,Big 12,2025,,,,,,,,37,8,0,82,10.3,27,36,1,194,7.2
4922987,Takye Heath,Virginia Tech,ACC,2025,,,,,,,,44,22,3,200,9.1,1,5,0,5,5.0
4922988,Jamari Johnson,Oregon,Big Ten,2025,,,,,,,,56,32,3,510,15.9,,,,,
4922992,Israel Polk,Akron,Mid-American,2025,,,,,,,,75,33,8,525,15.9,1,0,0,0,0.0
4922993,Devin Roche,Old Dominion,Sun Belt,2025,,,,,,,,14,5,0,31,6.2,111,67,4,634,5.7
4922995,Dijon Stanley,New Mexico State,Conference USA,2025,,,,,,,,16,24,0,124,5.2,73,57,2,297,4.1
4922996,Dylan Wade,UCF,Big 12,2025,,,,,,,,83,43,5,523,12.2,,,,,
4923032,Giovanni Adopte,Gardner-Webb,Big South-OVC,2025,,,,,,,,20,10,0,132,13.2,,,,,
4923037,CJ Adams,Wofford,Southern,2025,,,,,,,,40,17,3,238,14.0,,,,,
4923046,Keyjuan Brown,Louisville,ACC,2025,,,,,,,,38,12,0,118,9.8,96,67,6,704,7.3
4923050,Israel Carter,Norfolk State,MEAC,2025,32,18,1,0.563,0,132,4.1,,,,,,15,10,0,40,2.7
4923057,Connor Cox,North Carolina,ACC,2025,,,,,,,,9,5,0,21,4.2,,,,,
4923059,Jeremiah Coney,Virginia Tech,ACC,2025,,,,,,,,9,3,0,15,5.0,8,21,0,47,5.9
4923226,Collin Dixon,Illinois,Big Ten,2025,,,,,,,,61,35,5,548,15.7,2,3,0,5,2.5
4923252,Dante Dowdell,Kentucky,SEC,2025,,,,,,,,9,7,0,30,4.3,112,79,3,560,5.0
4923267,Zane Flores,Oklahoma State,Big 12,2025,262,155,7,0.592,3,1454,5.5,4,2,0,-3,-1.5,52,27,2,117,2.3
4923281,Jamel Hardy,UTSA,American Athletic,2025,,,,,,,,39,13,1,132,10.2,,,,,
4923285,McCae Hillstead,BYU,Big 12,2025,5,4,0,0.800,0,33,6.6,,,,,,5,13,0,28,5.6
4923290,Parker Jenkins,East Carolina,American Athletic,2025,,,,,,,,22,9,0,69,7.7,75,17,2,256,3.4
4923292,Jordan Jackson,Gardner-Webb,Big South-OVC,2025,,,,,,,,30,1,0,30,30.0,,,,,
4923295,Kenny Johnson,Pittsburgh,ACC,2025,,,,,,,,42,47,5,658,14.0,2,9,0,3,1.5
4923296,Dahlyn Jones,Weber State,Big Sky,2025,,,,,,,,6,8,0,25,3.1,,,,,
4923298,Peyton Jones,Duke,ACC,2025,,,,,,,,13,3,0,23,7.7,10,8,1,34,3.4
4923300,Spencer Jones,Campbell,CAA,2025,,,,,,,,41,8,0,87,10.9,,,,,
4924142,Zamariyon Kendall,Mississippi Valley State,SWAC,2025,,,,,,,,4,2,0,8,4.0,10,8,0,16,1.6
4924150,Keaton Kubecka,Kansas,Big 12,2025,,,,,,,,18,17,1,157,9.2,,,,,
4940233,Corey Lucius Jr.,Alabama State,SWAC,2025,,,,,,,,17,1,0,17,17.0,,,,,
4940235,Taeshaun Lyons,UNLV,Mountain West,2025,,,,,,,,72,15,3,234,15.6,,,,,
4940236,Ryan Manning,Maryland,Big Ten,2025,,,,,,,,13,3,0,25,8.3,,,,,
4941012,London Montgomery,East Carolina,American Athletic,2025,,,,,,,,21,15,0,76,5.1,156,51,7,742,4.8
4949488,Jacobe Robinson,Southern Miss,Sun Belt,2025,,,,,,,,,,,,,4,26,0,36,9.0
4950379,Zach Ortwerth,Iowa,Big Ten,2025,,,,,,,,24,9,0,76,8.4,,,,,
4950548,DJ Samuels,Maryland,Big Ten,2025,,,,,,,,1,1,0,1,1.0,,,,,
4950550,Jeyquan Smith,South Florida,American Athletic,2025,,,,,,,,42,11,0,151,13.7,,,,,
4950560,Xavier Terrell,Florida Atlantic,American Athletic,2025,,,,,,,,32,13,1,89,6.8,54,14,1,161,3.0
4954455,Bryson Washington,Baylor,Big 12,2025,,,,,,,,12,18,1,93,5.2,154,41,6,788,5.1
4986096,Chase Jenkins,Rice,American Athletic,2025,172,119,2,0.692,9,1025,6.0,,,,,,151,34,5,531,3.5
4993406,CJ Tiller,Utah State,Mountain West,2025,,,,,,,,,,,,,1,9,0,9,9.0
5004520,David Clement,Syracuse,ACC,2025,,,,,,,,18,3,0,30,10.0,,,,,
5008017,Benjamin Hall,North Carolina,ACC,2025,,,,,,,,14,8,0,34,4.3,71,18,2,274,3.9
5017177,Keith Reynolds,Miami (OH),Mid-American,2025,,,,,,,,69,36,1,352,9.8,27,32,0,186,6.9
5021231,Jakivion Calip,Central Michigan,Mid-American,2025,,,,,,,,,,,,,8,20,0,46,5.8
5021233,Julien Randolph,Austin Peay,UAC,2025,,,,,,,,30,3,1,77,25.7,,,,,
5024359,Trey Leckner,Washington State,Pac-12,2025,,,,,,,,32,23,3,174,7.6,,,,,
5027432,Ardell Banks,Kent State,Mid-American,2025,,,,,,,,38,12,2,205,17.1,0,5,0,5,0
5027438,Tyler White,Texas A&M,SEC,2025,1,0,0,0.000,0,0,0.0,,,,,,,,,,
5027925,Jax Leatherwood,Southeast Missouri State,Big South-OVC,2025,277,174,2,0.628,12,1969,7.1,,,,,,60,17,2,-107,-1.8
5030333,Sedrick Alexander,Vanderbilt,SEC,2025,,,,,,,,26,19,4,200,10.5,106,65,11,570,5.4
5031157,Reed Harris,Boston College,ACC,2025,,,,,,,,57,39,5,673,17.3,1,0,0,-4,-4.0
5032961,Tucker Ashcraft,Wisconsin,Big Ten,2025,,,,,,,,6,2,0,10,5.0,,,,,
5041960,Jayvontay Conner,East Carolina,American Athletic,2025,,,,,,,,79,23,3,333,14.5,3,6,0,11,3.7
5044349,Mekhi Jenkins,Central Michigan,Mid-American,2025,,,,,,,,,,,,,1,7,0,7,7.0
5044387,Anthony Colandrea,UNLV,Mountain West,2025,417,275,9,0.659,23,3459,8.3,,,,,,127,37,10,650,5.1
5044424,Pierce Walsh,Minnesota,Big Ten,2025,,,,,,,,10,2,0,17,8.5,,,,,
5054036,Jackson Brousseau,Colorado State,Mountain West,2025,201,128,3,0.637,9,1354,6.7,,,,,,54,12,1,15,0.3
5054390,Jahbari Kuykendall,Alabama State,SWAC,2025,,,,,,,,4,2,0,7,3.5,43,69,2,386,9.0
5056106,Evan Boyd,Michigan State,Big Ten,2025,,,,,,,,22,3,0,54,18.0,,,,,
5057381,Ryder Burton,UAB,American Athletic,2025,98,62,5,0.633,7,708,7.2,,,,,,32,19,2,-4,-0.1
5069231,Deondre Johnson,Jacksonville State,Conference USA,2025,,,,,,,,77,30,6,724,24.1,1,0,0,-1,-1.0
5074243,Logan Blake,Rutgers,Big Ten,2025,,,,,,,,6,1,0,6,6.0,,,,,
5074245,Broc Lowry,Western Michigan,Mid-American,2025,262,166,3,0.634,9,1803,6.9,,,,,,203,37,14,963,4.7
5075390,Ian Strong,Rutgers,Big Ten,2025,,,,,,,,45,52,5,762,14.7,,,,,
5075392,Keldric Luster,Texas State,Sun Belt,2025,3,1,0,0.333,0,14,4.7,,,,,,3,10,0,14,4.7
5075529,Anthony Eager,South Alabama,Sun Belt,2025,,,,,,,,48,40,1,339,8.5,2,21,1,24,12.0
5075571,John-Keawe Sagapolutele,Portland State,Big Sky,2025,261,148,16,0.567,4,1623,6.2,0,1,0,0,0.0,32,12,0,32,1.0
5075592,Cal Swanson,Holy Cross,Patriot,2025,163,86,5,0.528,5,1021,6.3,,,,,,55,33,1,88,1.6
5075800,Emory Williams,Miami,ACC,2025,19,13,0,0.684,0,156,8.2,,,,,,4,10,0,19,4.8
5075805,Aidan Chiles,Michigan State,Big Ten,2025,203,128,3,0.631,10,1392,6.9,,,,,,81,64,6,227,2.8
5075912,George Burhenn,Purdue,Big Ten,2025,,,,,,,,21,9,0,94,10.4,,,,,
5075952,Trey Cornist,Central Michigan,Mid-American,2025,,,,,,,,,,,,,104,29,1,469,4.5
5075962,Baylin Brooks,Western Michigan,Mid-American,2025,,,,,,,,42,27,0,372,13.8,,,,,
5075965,AJ Stephens,Southern,SWAC,2025,,,,,,,,20,1,0,20,20.0,,,,,
5076106,Marquis Johnson,Missouri,SEC,2025,,,,,,,,49,28,2,345,12.3,,,,,
5076111,Tyler Douglas,Temple,American Athletic,2025,,,,,,,,,,,,,3,4,0,6,2.0
5076122,Evan Dickens,Liberty,Conference USA,2025,,,,,,,,24,6,1,78,13.0,228,95,16,1325,5.8
5076584,Terrell Washington Jr.,Iowa,Big Ten,2025,,,,,,,,16,4,0,18,4.5,28,13,0,98,3.5
5076651,Christian Abney,Illinois,Big Ten,2025,,,,,,,,12,1,0,12,12.0,,,,,
5076654,Leo Pulalasi,Washington State,Pac-12,2025,,,,,,,,18,12,0,77,6.4,38,45,0,205,5.4
5076949,Evan Bullock,Louisiana Tech,Conference USA,2025,46,26,2,0.565,0,243,5.3,,,,,,12,10,0,-5,-0.4
5076952,Devin Mccuin,UTSA,American Athletic,2025,,,,,,,,52,65,8,726,11.2,2,12,0,11,5.5
5077059,Charlie Gilliam,Samford,Southern,2025,41,25,5,0.610,1,258,6.3,,,,,,11,6,0,-1,-0.1
5077060,Amare Thomas,Houston,Big 12,2025,,,,,,,,64,67,12,966,14.4,5,6,0,9,1.8
5077266,Trech Kekahuna,Wisconsin,Big Ten,2025,,,,,,,,45,26,0,211,8.1,14,61,1,129,9.2
5077304,Zeke Moore,Boston College,ACC,2025,,,,,,,,4,2,0,7,3.5,,,,,
5077390,Jambres Dubar,Boise State,Mountain West,2025,,,,,,,,,,,,,2,7,0,10,5.0
5077500,Luke Duncan,UCLA,Big Ten,2025,34,21,0,0.618,2,235,6.9,,,,,,,,,,
5077502,Carson Hansen,Iowa State,Big 12,2025,1,1,0,1.000,0,19,19.0,22,19,0,134,7.1,187,65,6,950,5.1
5077637,James Falk,Rice,American Athletic,2025,,,,,,,,20,3,0,30,10.0,,,,,
5077667,Tyson Edwards,Tennessee State,Big South-OVC,2025,,,,,,,,49,11,0,176,16.0,,,,,
5077668,Kade Eldridge,Washington,Big Ten,2025,,,,,,,,6,1,0,6,6.0,1,1,1,1,1.0
5077670,Jackson Grier,App State,Sun Belt,2025,,,,,,,,19,1,0,19,19.0,,,,,
5077784,Zachary Card,Oregon State,Pac-12,2025,,,,,,,,19,10,0,83,8.3,1,0,0,-4,-4.0
5077785,Cedric Hawkins,Arkansas State,Sun Belt,2025,,,,,,,,3,1,0,3,3.0,4,16,0,23,5.8
5077787,Jaxon Smolik,Penn State,Big Ten,2025,,,,,,,,,,,,,4,3,0,3,0.8
5077800,Jackson Conners-McCarthy,Marist,Pioneer,2025,,,,,,,,13,14,0,78,5.6,3,3,0,-1,-0.3
5077803,Jackson Harper,UConn,FBS Independents,2025,,,,,,,,19,8,1,51,6.4,,,,,
5077804,Chico Holt,Stanford,ACC,2025,,,,,,,,36,1,0,36,36.0,,,,,
5077806,Tucker McDonald,UConn,FBS Independents,2025,3,1,0,0.333,0,45,15.0,,,,,,,,,,
5077819,Nathan Vantimmeren,Central Michigan,Mid-American,2025,,,,,,,,7,1,0,7,7.0,,,,,
5077873,Chris Dawn Jr.,Texas State,Sun Belt,2025,,,,,,,,82,65,4,1007,15.5,1,0,0,-2,-2.0
5077874,Max Drag,UCF,Big 12,2025,,,,,,,,11,3,0,19,6.3,,,,,
5077876,TJ Horton,Ball State,Mid-American,2025,,,,,,,,19,15,1,71,4.7,60,13,0,180,3.0
5077877,Justyn Reid,Tulane,American Athletic,2025,,,,,,,,33,17,3,200,11.8,,,,,
5078005,Abu Sama III,Iowa State,Big 12,2025,,,,,,,,5,5,0,19,3.8,141,44,5,732,5.2
5078006,Iverson Young,Missouri State,Conference USA,2025,,,,,,,,8,1,0,8,8.0,4,20,0,21,5.3
5078014,Brandon Johnson,Northern Colorado,Big Sky,2025,,,,,,,,24,8,0,66,8.3,80,30,6,319,4.0
5078043,Apollos Cook,Mercer,Southern,2025,,,,,,,,19,6,0,68,11.3,,,,,
5078051,Muwaffaq Parkman,Robert Morris,NEC,2025,,,,,,,,,,,,,1,6,0,6,6.0
5078052,AJ Szymanski,Maryland,Big Ten,2025,,,,,,,,21,5,1,32,6.4,,,,,
5078053,Isaiah Thacker,Ball State,Mid-American,2025,,,,,,,,10,2,0,14,7.0,2,15,1,12,6.0
5078063,Connor Walendzak,Toledo,Mid-American,2025,,,,,,,,8,4,0,21,5.3,32,11,0,99,3.1
5078105,TJ Lott,Old Dominion,Sun Belt,2025,,,,,,,,34,8,1,84,10.5,,,,,
5078110,Noah Vaughn,Virginia,ACC,2025,,,,,,,,,,,,,23,54,0,174,7.6
5078144,Landen Chambers,Central Arkansas,UAC,2025,1,0,1,0.000,0,0,0.0,34,27,0,238,8.8,242,53,10,1273,5.3
5078159,Colton Phares,App State,Sun Belt,2025,,,,,,,,23,1,0,23,23.0,,,,,
5078160,Richie Anderson,Fresno State,Mountain West,2025,,,,,,,,25,31,3,300,9.7,,,,,
5078164,Josh Richards,Arkansas-Pine Bluff,SWAC,2025,,,,,,,,8,1,0,8,8.0,,,,,
5078165,Junior Sherrill,Vanderbilt,SEC,2025,,,,,,,,46,54,7,784,14.5,4,19,1,16,4.0
5078217,Kieran Davis,East Carolina,American Athletic,2025,,,,,,,,17,1,0,17,17.0,,,,,
5078219,Jacob Fields,Louisiana Tech,Conference USA,2025,,,,,,,,5,2,0,8,4.0,1,2,0,2,2.0
5078225,Jaron Tibbs,Kansas State,Big 12,2025,,,,,,,,38,47,3,595,12.7,,,,,
5078227,Braeden Wisloski,James Madison,Sun Belt,2025,,,,,,,,68,26,4,358,13.8,1,4,0,4,4.0
5078244,Caleb Komolafe,Northwestern,Big Ten,2025,,,,,,,,18,11,1,60,5.5,190,56,11,941,5.0
5078245,Kenric Lanier II,Minnesota,Big Ten,2025,,,,,,,,52,3,0,79,26.3,,,,,
5078251,Justin Marshall,Colorado State,Mountain West,2025,,,,,,,,27,8,0,74,9.3,49,73,1,260,5.3
5078278,Lincoln Kienholz,Ohio State,Big Ten,2025,14,11,0,0.786,1,139,9.9,,,,,,11,22,2,66,6.0
5078312,Nyziah Hunter,Nebraska,Big Ten,2025,,,,,,,,64,43,5,617,14.3,1,0,0,-3,-3.0
5078402,Shaborne Demps,Florida International,Conference USA,2025,,,,,,,,26,6,0,53,8.8,,,,,
5078404,Marques Hicks,Kent State,Mid-American,2025,,,,,,,,,,,,,4,14,0,18,4.5
5078422,Brandon High,California,ACC,2025,,,,,,,,5,1,0,5,5.0,23,22,1,98,4.3
5078453,London Humphreys,Georgia,SEC,2025,,,,,,,,36,18,3,276,15.3,1,7,0,7,7.0
5078533,Jabari Smith,Florida Atlantic,American Athletic,2025,,,,,,,,37,15,3,166,11.1,,,,,
5078549,Dedrick Latulas,Louisiana Tech,Conference USA,2025,,,,,,,,25,4,0,55,13.8,,,,,
5078552,Kevin O'Connor,Duke,ACC,2025,,,,,,,,,,,,,1,6,0,6,6.0
5078810,Sam Leavitt,Arizona State,Big 12,2025,239,145,3,0.607,10,1628,6.8,,,,,,73,52,5,306,4.2
5078812,Antonio Ferguson,UAB,American Athletic,2025,,,,,,,,21,10,0,115,11.5,,,,,
5078816,Jackson Holman,Wyoming,Mountain West,2025,,,,,,,,20,12,0,95,7.9,,,,,
5078908,Cole Skinner,South Florida,American Athletic,2025,,,,,,,,,,,,,3,1,2,2,0.7
5078909,Kenari Wilcher,Florida A&M,SWAC,2025,,,,,,,,71,34,4,552,16.2,1,4,0,4,4.0
5078916,Joe Jackson,Kansas State,Big 12,2025,,,,,,,,19,22,1,119,5.4,169,80,8,911,5.4
5078917,Khalifa Keith,App State,Sun Belt,2025,,,,,,,,,,,,,3,4,0,8,2.7
5079289,Tawaski Abrams,Florida,SEC,2025,,,,,,,,47,14,0,202,14.4,,,,,
5079298,Lloyd Avant,Colorado State,Mountain West,2025,,,,,,,,41,24,1,261,10.9,90,23,5,417,4.6
5079299,Jordan Anderson,Sacramento State,Big Sky,2025,,,,,,,,52,24,0,361,15.0,,,,,
5079301,CJ Bailey,NC State,ACC,2025,397,273,9,0.688,25,3105,7.8,0,1,0,-4,-4.0,89,30,6,215,2.4
5079307,Kobe Boykin,Delaware State,MEAC,2025,,,,,,,,7,3,0,19,6.3,17,69,1,155,9.1
5079318,Elijah Brown,Stanford,ACC,2025,127,74,2,0.583,4,829,6.5,,,,,,17,10,0,-96,-5.6
5079322,Jadan Baugh,Florida,SEC,2025,,,,,,,,33,33,2,210,6.4,220,26,8,1170,5.3
5079324,Christian Bentancur,Clemson,ACC,2025,,,,,,,,45,20,3,215,10.8,,,,,
5079326,Terry Bussey,Texas A&M,SEC,2025,,,,,,,,34,18,1,195,10.8,1,1,0,1,1.0
5079329,Mazeo Bennett,South Carolina,SEC,2025,,,,,,,,11,10,0,62,6.2,,,,,
5079335,Chauncey Bowens,Georgia,SEC,2025,,,,,,,,12,14,0,82,5.9,103,43,6,526,5.1
5079339,Jayden Bradford,Liberty,Conference USA,2025,1,1,0,1.000,0,18,18.0,,,,,,1,2,0,2,2.0
5079345,Mario Craver,Texas A&M,SEC,2025,,,,,,,,86,58,4,911,15.7,11,28,1,81,7.4
5079348,Jason Brown Jr.,Arizona State,Big 12,2025,,,,,,,,10,2,0,14,7.0,15,44,1,137,9.1
5079349,Isaac Brown,Louisville,ACC,2025,,,,,,,,12,13,0,48,3.7,101,78,7,884,8.8
5079354,Braylon Burnside,Mississippi State,SEC,2025,,,,,,,,,,,,,1,6,0,6,6.0
5079357,Aaron Butler,Texas,SEC,2025,,,,,,,,17,1,0,17,17.0,,,,,
5079360,J'Marion Burnette,Houston,Big 12,2025,,,,,,,,39,1,1,39,39.0,28,12,0,82,2.9
5079364,Kam Davis,Florida State,ACC,2025,,,,,,,,32,3,0,46,15.3,8,24,1,51,6.4
5079367,Jadyn Davis,Michigan,Big Ten,2025,2,0,1,0.000,0,0,0.0,,,,,,1,0,0,-6,-6.0
5079369,C.J. Carr,Notre Dame,FBS Independents,2025,293,195,6,0.666,24,2741,9.4,,,,,,41,28,3,33,0.8
5079370,Ernest Campbell,Sacramento State,Big Sky,2025,,,,,,,,75,37,8,755,20.4,2,11,0,7,3.5
5079372,Anthony Carrie,Florida International,Conference USA,2025,,,,,,,,15,10,0,55,5.5,103,53,5,469,4.6
5079373,Decker DeGraaf,Washington,Big Ten,2025,,,,,,,,30,32,2,360,11.3,,,,,
5079374,Ny Carr,Miami,ACC,2025,,,,,,,,25,3,0,45,15.0,,,,,
5079376,Cam Coleman,Auburn,SEC,2025,,,,,,,,46,57,5,725,12.7,,,,,
5079378,Darrion Dupree,Wisconsin,Big Ten,2025,,,,,,,,12,7,0,28,4.0,83,84,2,363,4.4
5079379,Caden Durham,LSU,SEC,2025,,,,,,,,22,16,0,91,5.7,111,51,3,505,4.5
5079382,Jonathan Echols,South Florida,American Athletic,2025,,,,,,,,24,9,3,109,12.1,,,,,
5079389,Chase Farrell,Northwestern,Big Ten,2025,,,,,,,,8,3,0,12,4.0,1,1,0,1,1.0
5079390,Martavious Collins,Florida Atlantic,American Athletic,2025,,,,,,,,11,3,0,19,6.3,,,,,
5079402,Tyseer Denmark,Penn State,Big Ten,2025,,,,,,,,11,2,0,17,8.5,1,12,0,12,12.0
5079405,Stacy Gage,UCF,Big 12,2025,,,,,,,,5,1,0,5,5.0,13,23,1,63,4.8
5079406,Mason Dossett,Baylor,Big 12,2025,,,,,,,,11,1,0,11,11.0,,,,,
5079410,Jerrick Gibson,Texas,SEC,2025,,,,,,,,,,,,,37,14,1,152,4.1
5079412,Trae'von Dunbar,South Alabama,Sun Belt,2025,,,,,,,,,,,,,3,34,1,41,13.7
5079417,Channing Goodwin,Michigan,Big Ten,2025,,,,,,,,39,12,0,148,12.3,,,,,
5079419,TJ Engleman,East Carolina,American Athletic,2025,,,,,,,,20,7,0,37,5.3,59,23,1,306,5.2
5079420,Trey'Dez Green,LSU,SEC,2025,,,,,,,,42,33,7,433,13.1,,,,,
5079429,Gavin Grover,Cincinnati,Big 12,2025,,,,,,,,33,4,0,58,14.5,,,,,
5079435,Tayvion Galloway,Middle Tennessee,Conference USA,2025,,,,,,,,20,2,0,22,11.0,,,,,
5079437,Fred Gaskin,South Florida,American Athletic,2025,,,,,,,,-1,1,0,-1,-1.0,,,,,
5079438,David Eziomume,Clemson,ACC,2025,,,,,,,,4,3,0,10,3.3,16,19,0,71,4.4
5079443,Hauss Hejny,Oklahoma State,Big 12,2025,10,5,0,0.500,1,96,9.6,,,,,,4,14,1,27,6.8
5079444,Mylan Graham,Ohio State,Big Ten,2025,,,,,,,,23,6,0,93,15.5,,,,,
5079455,Josh Flowers,Arkansas State,Sun Belt,2025,6,2,1,0.333,1,13,2.2,,,,,,9,16,0,60,6.7
5079462,Kylan Fox,UCF,Big 12,2025,,,,,,,,22,16,1,137,8.6,,,,,
5079465,Michael Hawkins Jr.,Oklahoma,SEC,2025,27,15,0,0.556,3,167,6.2,,,,,,15,27,1,58,3.9
5079468,Davion Gause,North Carolina,ACC,2025,,,,,,,,20,16,2,132,8.3,61,25,3,258,4.2
5079474,Elijah Jones,Cincinnati,Big 12,2025,,,,,,,,11,2,0,17,8.5,,,,,
5079475,Micah Gilbert,Notre Dame,FBS Independents,2025,,,,,,,,26,9,1,93,10.3,,,,,
5079482,Dilin Jones,Wisconsin,Big Ten,2025,,,,,,,,6,9,0,21,2.3,76,16,2,300,3.9
5079492,Micah Hudson,Texas Tech,Big 12,2025,,,,,,,,30,8,2,112,14.0,,,,,
5079494,Hogan Hansen,Michigan,Big Ten,2025,,,,,,,,26,6,0,74,12.3,,,,,
5079499,Audric Harris,Washington,Big Ten,2025,,,,,,,,61,5,1,99,19.8,,,,,
5079500,Bryan Jackson,USC,Big Ten,2025,,,,,,,,17,2,0,17,8.5,36,29,4,123,3.4
5079501,Zycarl Lewis Jr.,Tulane,American Athletic,2025,,,,,,,,63,24,2,330,13.8,,,,,
5079503,Elija Lofton,Miami,ACC,2025,,,,,,,,29,23,3,218,9.5,3,4,0,11,3.7
5079506,Daniel Hill,Alabama,SEC,2025,1,1,0,1.000,0,0,0.0,41,28,1,203,7.3,75,30,6,284,3.8
5079508,Austin Mack,Alabama,SEC,2025,32,24,0,0.750,2,228,7.1,,,,,,9,20,1,22,2.4
5079515,Jaylen Mbakwe,Alabama,SEC,2025,,,,,,,,26,3,0,55,18.3,1,4,0,4,4.0
5079516,KJ Jackson,Arkansas,SEC,2025,54,33,0,0.611,3,441,8.2,,,,,,11,12,2,52,4.7
5079519,Jeremiah McClellan,Oregon,Big Ten,2025,,,,,,,,51,38,3,557,14.7,,,,,
5079523,Derrick McFall,SMU,ACC,2025,,,,,,,,27,19,2,160,8.4,35,48,4,189,5.4
5079524,Keenan Jackson,NC State,ACC,2025,,,,,,,,33,28,2,281,10.0,,,,,
5079531,Jake Merklinger,Tennessee,SEC,2025,24,13,0,0.542,2,173,7.2,,,,,,4,11,0,16,4.0
5079533,Mabrey Mettauer,Sam Houston,Conference USA,2025,61,36,2,0.590,3,293,4.8,,,,,,31,28,0,85,2.7
5079535,Zion Kearney,Oklahoma,SEC,2025,,,,,,,,16,2,0,31,15.5,,,,,
5079536,Kam Mikell,Colorado,Big 12,2025,,,,,,,,6,2,0,5,2.5,19,17,0,75,3.9
5079537,Ju'Juan Johnson,LSU,SEC,2025,1,1,0,1.000,0,14,14.0,14,17,0,72,4.2,41,56,2,155,3.8
5079539,Elijah Moore,Florida State,ACC,2025,,,,,,,,19,3,0,52,17.3,,,,,
5079542,Luke Kromenhoek,Mississippi State,SEC,2025,9,5,0,0.556,0,73,8.1,,,,,,8,13,1,25,3.1
5079546,Micah Ka'Apana,Michigan,Big Ten,2025,,,,,,,,8,1,0,8,8.0,10,11,0,38,3.8
5079548,Air Noland,South Carolina,SEC,2025,3,2,0,0.667,0,13,4.3,,,,,,1,4,0,4,4.0
5079552,Nate Palmer,TCU,Big 12,2025,,,,,,,,1,1,0,1,1.0,30,26,0,139,4.6
5079555,D.J. Lagway,Florida,SEC,2025,337,213,14,0.632,16,2264,6.7,,,,,,71,38,1,136,1.9
5079556,Parker Livingstone,Texas,SEC,2025,1,1,0,1.000,1,4,4.0,83,29,6,516,17.8,,,,,
5079558,Ryan Pellum,Delaware State,MEAC,2025,,,,,,,,75,6,1,150,25.0,1,4,1,4,4.0
5079561,Dwight Phillips Jr.,Georgia,SEC,2025,,,,,,,,0,1,0,-6,-6.0,35,23,1,210,6.0
5079569,Luca Puccinelli,Purdue,Big Ten,2025,,,,,,,,17,3,0,24,8.0,,,,,
5079572,Dylan Raiola,Nebraska,Big Ten,2025,250,181,6,0.724,18,2000,8.0,,,,,,46,17,0,-87,-1.9
5079574,Jordan Marshall,Michigan,Big Ten,2025,,,,,,,,25,9,0,92,10.2,150,65,10,932,6.2
5079577,Quinton Martin Jr.,Penn State,Big Ten,2025,,,,,,,,0,1,0,-4,-4.0,20,21,0,103,5.2
5079580,Mike Matthews,Tennessee,SEC,2025,,,,,,,,62,53,4,813,15.3,2,20,0,32,16.0
5079585,Jordan Ross,Colorado State,Mountain West,2025,,,,,,,,14,11,0,84,7.6,1,0,0,-9,-9.0
5079586,JacQawn McRoy,Arkansas,SEC,2025,,,,,,,,,,,,,1,1,1,1,1.0
5079589,Braylen Russell,Arkansas,SEC,2025,,,,,,,,14,4,0,27,6.8,55,23,5,286,5.2
5079591,Jordan Lyle,Miami,ACC,2025,,,,,,,,9,3,0,22,7.3,35,17,1,108,3.1
5079592,Michael Smith,South Carolina,SEC,2025,,,,,,,,13,2,0,20,10.0,,,,,
5079600,Nick Marsh,Michigan State,Big Ten,2025,,,,,,,,48,59,6,662,11.2,3,9,0,11,3.7
5079604,Isaiah Marshall,Kansas,Big 12,2025,3,3,0,1.000,0,28,9.3,,,,,,15,43,0,160,10.7
5079607,Marquawn McCraney,Idaho,Big Sky,2025,,,,,,,,45,22,2,306,13.9,1,23,0,23,23.0
5079610,Jayden Moore,Duke,ACC,2025,,,,,,,,15,7,0,42,6.0,,,,,
5079612,Drelon Miller,Colorado,Big 12,2025,,,,,,,,32,21,1,159,7.6,46,16,1,134,2.9
5079613,Emmett Mosley V,Texas,SEC,2025,,,,,,,,40,28,3,408,14.6,,,,,
5079614,Riley Trujillo,Delaware,Conference USA,2025,,,,,,,,,,,,,4,5,0,-4,-1.0
5079619,Kalieb Osborne,Toledo,Mid-American,2025,52,32,0,0.615,3,427,8.2,,,,,,51,33,2,282,5.5
5079620,Michael Van Buren Jr.,LSU,SEC,2025,151,94,2,0.623,8,1010,6.7,10,1,0,10,10.0,48,35,1,129,2.7
5079622,Tovani Mizell,Kentucky,SEC,2025,,,,,,,,,,,,,3,4,0,10,3.3
5079626,Micah Welch,Colorado,Big 12,2025,,,,,,,,25,11,0,37,3.4,96,44,4,384,4.0
5079627,Jadon Porter,Baylor,Big 12,2025,,,,,,,,22,9,1,85,9.4,,,,,
5079628,John White,Southern Miss,Sun Belt,2025,1,1,0,1.000,0,-1,-1.0,,,,,,,,,,
5079641,Lamar Radcliffe,San José State,Mountain West,2025,,,,,,,,15,4,1,24,6.0,66,30,1,340,5.2
5079645,Cam Williams,Notre Dame,FBS Independents,2025,,,,,,,,6,1,0,6,6.0,,,,,
5079647,Caleb Odom,Ole Miss,SEC,2025,,,,,,,,40,19,2,197,10.4,,,,,
5079651,Devon Rice,Kansas State,Big 12,2025,,,,,,,,27,3,0,33,11.0,26,13,3,94,3.6
5079653,Demond Williams Jr.,Washington,Big Ten,2025,354,246,8,0.695,25,3065,8.7,3,1,0,3,3.0,143,42,6,612,4.3
5079657,Gabe Winowich,Rhode Island,CAA,2025,,,,,,,,38,4,0,60,15.0,39,51,2,169,4.3
5079663,Jeremy Payne,TCU,Big 12,2025,,,,,,,,44,22,2,207,9.4,110,51,5,623,5.7
5079673,Gabe Sawchuk,Oklahoma,SEC,2025,,,,,,,,,,,,,2,17,0,21,10.5
5079679,Ryan Puglisi,Georgia,SEC,2025,27,16,2,0.593,1,161,6.0,,,,,,5,8,0,13,2.6
5079683,Dante Reno,Yale,Ivy,2025,318,206,10,0.648,21,2498,7.9,,,,,,51,10,0,41,0.8
5079687,Jordan Shipp,North Carolina,ACC,2025,1,0,0,0.000,0,0,0.0,55,60,6,671,11.2,2,7,0,8,4.0
5079691,Malcolm Simmons,Auburn,SEC,2025,,,,,,,,91,25,2,457,18.3,4,15,1,42,10.5
5079699,Corey Smith,Penn State,Big Ten,2025,,,,,,,,,,,,,14,9,0,30,2.1
5079704,Emanuel Ross,Syracuse,ACC,2025,,,,,,,,20,10,1,110,11.0,,,,,
5079705,Grant Stec,Wisconsin,Big Ten,2025,,,,,,,,22,5,0,52,10.4,,,,,
5079712,Julian Sayin,Ohio State,Big Ten,2025,391,301,8,0.770,32,3610,9.2,,,,,,42,12,0,-44,-1.0
5079714,Rico Scott,Alabama,SEC,2025,,,,,,,,25,11,2,98,8.9,,,,,
5079717,AJ Surace,Rutgers,Big Ten,2025,9,4,0,0.444,2,58,6.4,,,,,,2,0,0,-5,-2.5
5079719,Taylor Tatum,Oklahoma,SEC,2025,,,,,,,,,,,,,1,0,0,-1,-1.0
5079720,Jeremiah Smith,Ohio State,Big Ten,2025,,,,,,,,87,87,12,1243,14.3,3,17,1,21,7.0
5079735,Asher Weiner,Princeton,Ivy,2025,1,1,0,1.000,0,2,2.0,0,1,0,-1,-1.0,15,13,3,44,2.9
5079736,Alex Taylor,North Carolina,ACC,2025,,,,,,,,15,3,0,27,9.0,,,,,
5079738,Landen Thomas,Florida State,ACC,2025,,,,,,,,25,3,2,35,11.7,,,,,
5079742,Aneyas Williams,Notre Dame,FBS Independents,2025,,,,,,,,25,2,0,40,20.0,24,54,5,224,9.3
5079743,Perry Thompson,Auburn,SEC,2025,,,,,,,,34,17,0,154,9.1,,,,,
5079744,Zach Williams,Tulsa,American Athletic,2025,,,,,,,,17,1,0,17,17.0,,,,,
5079745,Joshisa Trader,Miami,ACC,2025,,,,,,,,44,13,1,178,13.7,,,,,
5079749,Yasin Willis,Syracuse,ACC,2025,,,,,,,,11,8,0,34,4.3,129,41,4,553,4.3
5079759,Jelani Watkins,LSU,SEC,2025,,,,,,,,15,2,0,21,10.5,,,,,
5079769,Izaiah Williams,Texas A&M,SEC,2025,,,,,,,,27,7,1,64,9.1,,,,,
5079771,Isaac Wilson,Utah,Big 12,2025,1,0,0,0.000,0,0,0.0,,,,,,3,4,0,3,1.0
5080403,Jaylen Raynor,Arkansas State,Sun Belt,2025,500,332,11,0.664,19,3364,6.7,,,,,,154,42,7,428,2.8
5080547,Peter Clarke,Temple,American Athletic,2025,,,,,,,,50,30,6,483,16.1,,,,,
5080703,Isaiah Sategna,Oklahoma,SEC,2025,,,,,,,,87,65,8,949,14.6,4,21,0,24,6.0
5080715,Kamron Bibby,Central Arkansas,UAC,2025,,,,,,,,19,2,0,21,10.5,,,,,
5080819,Davion Dozier,App State,Sun Belt,2025,,,,,,,,68,20,5,448,22.4,,,,,
5080888,Matt Wagner,Boise State,Mountain West,2025,,,,,,,,28,23,1,246,10.7,,,,,
5081042,Camden Etheredge,Auburn,SEC,2025,,,,,,,,14,1,0,14,14.0,,,,,
5081076,Jimmy Casey,Sacred Heart,FCS Independents,2025,,,,,,,,20,5,2,48,9.6,,,,,
5081089,Dylan Gary,Georgia Southern,Sun Belt,2025,,,,,,,,16,6,1,59,9.8,,,,,
5081107,Luke Lindenmeyer,Nebraska,Big Ten,2025,,,,,,,,26,29,2,312,10.8,,,,,
5081131,Javen Nicholas,Charlotte,American Athletic,2025,,,,,,,,64,60,5,740,12.3,7,20,0,36,5.1
5081162,Brett Brown,Missouri,SEC,2025,1,0,0,0.000,0,0,0.0,,,,,,1,5,0,5,5.0
5081163,Anthony Favrow,Missouri,SEC,2025,,,,,,,,,,,,,1,4,0,4,4.0
5081164,LJ Hewitt,Central Arkansas,UAC,2025,,,,,,,,2,1,0,2,2.0,,,,,
5081172,Xayvion Turner-Bradshaw,Marshall,Sun Belt,2025,,,,,,,,44,8,0,109,13.6,3,4,0,-15,-5.0
5081199,Devin Sherwood,Youngstown State,MVFC,2025,8,8,0,1.000,0,47,5.9,,,,,,4,5,0,10,2.5
5081209,Eli Wood,Virginia,ACC,2025,,,,,,,,38,16,2,205,12.8,1,3,1,3,3.0
5081213,DJ Black,UCF,Big 12,2025,,,,,,,,82,22,2,273,12.4,,,,,
5081250,Sean Brown,Charlotte,American Athletic,2025,,,,,,,,46,36,1,508,14.1,,,,,
5081332,Jaziun Patterson,Iowa,Big Ten,2025,,,,,,,,5,3,0,9,3.0,60,17,0,296,4.9
5081336,Graham Friedrichsen,Northern Iowa,MVFC,2025,,,,,,,,23,9,0,80,8.9,,,,,
5081338,Kaden Wetjen,Iowa,Big Ten,2025,,,,,,,,28,20,1,151,7.6,15,21,2,79,5.3
5081345,Alex Eichmann,Iowa,Big Ten,2025,,,,,,,,2,1,0,2,2.0,,,,,
5081350,John Griffith,Morgan State,MEAC,2025,15,5,0,0.333,0,7,0.5,,,,,,4,14,0,11,2.8
5081352,Eli Mason,Maryland,Big Ten,2025,,,,,,,,,,,,,1,0,0,-3,-3.0
5081363,Justin Williams-Thomas,Marshall,Sun Belt,2025,,,,,,,,30,3,1,41,13.7,35,37,2,197,5.6
5081364,Titus Rohrer,Montana,Big Sky,2025,,,,,,,,16,1,0,16,16.0,,,,,
5081367,Chas Nimrod,South Florida,American Athletic,2025,,,,,,,,55,23,3,466,20.3,,,,,
5081368,Squirrel White,Florida State,ACC,2025,,,,,,,,40,5,0,52,10.4,4,6,0,6,1.5
5081378,Hunter Barnes,Tennessee,SEC,2025,,,,,,,,,,,,,1,2,0,2,2.0
5081380,Frank Bierman,Minnesota,Big Ten,2025,,,,,,,,6,4,0,18,4.5,,,,,
5081405,AJ Swann,App State,Sun Belt,2025,222,130,8,0.586,10,1494,6.7,2,1,0,2,2.0,20,19,0,-12,-0.6
5081427,Jake Young,Charlotte,American Athletic,2025,,,,,,,,12,4,0,30,7.5,,,,,
5081432,Antonio Williams,Clemson,ACC,2025,1,1,0,1.000,1,75,75.0,64,55,4,604,11.0,13,24,1,78,6.0
5081434,Trent Pearman,Clemson,ACC,2025,5,2,0,0.400,0,35,7.0,,,,,,2,4,0,1,0.5
5081435,Keith Adams Jr.,Clemson,ACC,2025,,,,,,,,,,,,,14,12,1,71,5.1
5081453,Jack Smith,Clemson,ACC,2025,1,0,0,0.000,0,0,0.0,,,,,,1,0,0,-13,-13.0
5081502,Nathan Kent,Navy,American Athletic,2025,,,,,,,,36,4,0,68,17.0,,,,,
5081504,Blake Horvath,Navy,American Athletic,2025,159,97,6,0.610,12,1580,9.9,,,,,,224,59,16,1200,5.4
5081505,Cody Howard,Navy,American Athletic,2025,,,,,,,,65,4,1,128,32.0,,,,,
5081508,Eli Heidenreich,Navy,American Athletic,2025,1,0,0,0.000,0,0,0.0,82,51,6,941,18.5,77,25,3,499,6.5
5081517,Brandon Chatman,Navy,American Athletic,2025,,,,,,,,27,17,0,159,9.4,57,36,3,431,7.6
5081522,Shane Reynolds,Navy,American Athletic,2025,,,,,,,,3,1,0,3,3.0,15,8,1,47,3.1
5081526,Alex Tecza,Navy,American Athletic,2025,,,,,,,,29,13,1,125,9.6,158,76,10,902,5.7
5081611,Mason Williams,Ohio,Mid-American,2025,,,,,,,,30,27,3,285,10.6,,,,,
5081632,Thai Chiaokhiao-Bowman,UConn,FBS Independents,2025,,,,,,,,22,6,0,55,9.2,2,7,0,13,6.5
5081704,Leo Scheidler,Notre Dame,FBS Independents,2025,,,,,,,,6,2,0,12,6.0,,,,,
5081710,Jaylin Belford,Liberty,Conference USA,2025,,,,,,,,,,,,,2,2,0,2,1.0
5081766,Jason Albritton,East Tennessee State,Southern,2025,1,1,0,1.000,0,-9,-9.0,7,2,0,14,7.0,104,60,8,518,5.0
5081809,TC Caffey,Youngstown State,MVFC,2025,,,,,,,,,,,,,5,16,0,39,7.8
5081820,David Adolph,Ohio State,Big Ten,2025,,,,,,,,14,3,0,31,10.3,,,,,
5081845,Ashton Locklear,NC State,ACC,2025,,,,,,,,4,1,0,4,4.0,,,,,
5081856,Nate Glantz,Lindenwood,Big South-OVC,2025,337,198,11,0.588,17,2590,7.7,,,,,,112,59,9,265,2.4
5081863,Carson Brown,Iowa State,Big 12,2025,,,,,,,,31,7,0,83,11.9,,,,,
5081907,Anthony Frias II,UCLA,Big Ten,2025,,,,,,,,22,13,1,78,6.0,24,55,1,183,7.6
5081919,La'James White,Abilene Christian,UAC,2025,,,,,,,,,,,,,1,3,0,3,3.0
5081926,Tawee Walker,Cincinnati,Big 12,2025,,,,,,,,13,18,1,78,4.3,120,54,4,709,5.9
5081934,Dallas Dudley,Abilene Christian,UAC,2025,,,,,,,,42,35,1,402,11.5,,,,,
5081996,Jeremiah Aaron,Prairie View A&M,SWAC,2025,,,,,,,,11,1,0,11,11.0,2,15,0,18,9.0
5081997,Cortez Braham,Memphis,American Athletic,2025,,,,,,,,73,63,8,889,14.1,,,,,
5081999,CJ Donaldson,Ohio State,Big Ten,2025,,,,,,,,14,15,1,96,6.4,96,27,10,361,3.8
5082004,Ace Cobb,Florida A&M,SWAC,2025,,,,,,,,30,7,1,73,10.4,,,,,
5082005,Tyriq Starks,Howard,MEAC,2025,277,156,10,0.563,8,1638,5.9,,,,,,128,18,4,157,1.2
5082048,Kobe Byrd,Mississippi Valley State,SWAC,2025,,,,,,,,,,,,,1,2,0,2,2.0
5082053,Patrick Rea,James Madison,Sun Belt,2025,,,,,,,,,,,,,1,7,0,7,7.0
5082106,Zackary Drawdy,Indiana State,MVFC,2025,,,,,,,,30,17,0,167,9.8,,,,,
5082125,Dewayne Coleman,Army,American Athletic,2025,36,19,2,0.528,2,273,7.6,,,,,,85,26,3,297,3.5
5082128,Jaydan Mayes,Army,American Athletic,2025,,,,,,,,,,,,,1,1,0,1,1.0
5082142,Noah Short,Army,American Athletic,2025,2,2,0,1.000,0,84,42.0,44,32,2,438,13.7,98,81,1,571,5.8
5082144,Hayden Reed,Army,American Athletic,2025,,,,,,,,3,2,0,2,1.0,74,37,3,335,4.5
5082194,Preston Landis,Texas A&M,SEC,2025,,,,,,,,14,1,0,14,14.0,4,3,1,8,2.0
5082219,James Ferguson-Reynolds,Oregon,Big Ten,2025,1,1,0,1.000,0,11,11.0,,,,,,1,21,0,21,21.0
5082263,Bryan Hansen,Colorado State,Mountain West,2025,1,0,0,0.000,0,0,0.0,,,,,,,,,,
5082269,Dean Connors,Houston,Big 12,2025,,,,,,,,33,34,3,254,7.5,200,54,6,977,4.9
5082271,Quinton Jackson,Rice,American Athletic,2025,3,3,0,1.000,0,8,2.7,75,4,1,74,18.5,180,73,6,889,4.9
5082273,Ryan Guillo,Rice,American Athletic,2025,,,,,,,,9,2,0,15,7.5,,,,,
5082277,Micah Barnett,Rice,American Athletic,2025,,,,,,,,28,2,0,33,16.5,,,,,
5082284,Boden Groen,Kansas,Big 12,2025,,,,,,,,46,36,5,450,12.5,,,,,
5082304,Justin Guin,Northern Colorado,Big Sky,2025,,,,,,,,24,14,0,72,5.1,53,59,1,284,5.4
5082315,Nathan Acevedo,San Diego State,Mountain West,2025,,,,,,,,42,16,0,190,11.9,1,0,0,-8,-8.0
5082316,Tye Edwards,West Virginia,Big 12,2025,,,,,,,,0,1,0,-4,-4.0,27,27,3,143,5.3
5082330,John Alan Richter,Toledo,Mid-American,2025,25,17,1,0.680,3,153,6.1,,,,,,4,9,0,15,3.8
5082370,Dallas Payne,Florida International,Conference USA,2025,1,1,0,1.000,0,12,12.0,42,27,4,293,10.9,,,,,
5082396,Blake Kendall,James Madison,Sun Belt,2025,,,,,,,,,,,,,5,5,0,14,2.8
5082434,John Grant,South Carolina State,MEAC,2025,,,,,,,,5,2,0,8,4.0,,,,,
5082548,A.J. Turner,Minnesota,Big Ten,2025,,,,,,,,,,,,,16,11,1,64,4.0
5082549,DeMarcus McElroy,Merrimack,FCS Independents,2025,,,,,,,,14,14,1,83,5.9,58,63,1,256,4.4
5082550,Jackson Marshall,Gardner-Webb,Big South-OVC,2025,,,,,,,,,,,,,1,34,0,34,34.0
5082558,Caden Burti,UAlbany,CAA,2025,,,,,,,,36,20,1,309,15.5,1,0,0,-4,-4.0
5082564,Titus Lyons,Texas State,Sun Belt,2025,,,,,,,,24,12,3,94,7.8,,,,,
5082571,Jameson Holcomb,Valdosta State,Gulf South,2025,31,21,0,0.677,0,144,4.6,,,,,,4,6,0,-7,-1.8
5082584,DJ Epps,Troy,Sun Belt,2025,,,,,,,,48,46,5,498,10.8,4,8,0,17,4.3
5082587,Matthew Coleman,San José State,Mountain West,2025,,,,,,,,13,20,1,131,6.6,,,,,
5082601,Jeff Weimer,West Virginia,Big 12,2025,,,,,,,,75,21,2,383,18.2,3,12,0,12,4.0
5082620,Ryan Marks,Utah Tech,UAC,2025,1,1,0,1.000,0,8,8.0,,,,,,,,,,
5082633,Evan Svoboda,Wyoming,Mountain West,2025,1,0,1,0.000,0,0,0.0,27,11,1,92,8.4,5,6,0,12,2.4
5082638,Jalen Stewart,Temple,American Athletic,2025,,,,,,,,,,,,,1,1,0,1,1.0
5082641,Magnus Von Saldern,Massachusetts,Mid-American,2025,,,,,,,,1,1,1,1,1.0,,,,,
5082662,Cole Boscia,California,ACC,2025,,,,,,,,23,7,1,85,12.1,,,,,
5082664,Colton Allen,Colorado,Big 12,2025,1,1,0,1.000,0,4,4.0,,,,,,,,,,
5082909,Aidan Semo,UAlbany,CAA,2025,9,6,0,0.667,1,78,8.7,,,,,,31,16,6,93,3.0
5082934,Jayden Oliver,South Dakota State,MVFC,2025,,,,,,,,2,1,1,2,2.0,,,,,
5082965,Tommy Ulatowski,Kennesaw State,Conference USA,2025,5,3,0,0.600,0,9,1.8,,,,,,1,1,0,1,1.0
5083041,Gerard Bullock,Kennesaw State,Conference USA,2025,,,,,,,,19,23,1,157,6.8,,,,,
5083042,Skyler Locklear,UTEP,Conference USA,2025,211,117,11,0.555,13,1418,6.7,12,0,0,12,0,103,63,8,396,3.8
5083068,Kenny Odom,UTEP,Conference USA,2025,,,,,,,,74,62,6,582,9.4,13,13,0,57,4.4
5083103,Davis Bryson,Kennesaw State,Conference USA,2025,,,,,,,,40,9,0,106,11.8,3,0,0,-7,-2.3
5083111,Qua Ashley,Ball State,Mid-American,2025,,,,,,,,27,21,2,107,5.1,118,72,4,547,4.6
5083119,Alexander Diggs,Kennesaw State,Conference USA,2025,,,,,,,,14,10,0,49,4.9,72,25,2,281,3.9
5083123,Seth Adams,San Diego State,Mountain West,2025,,,,,,,,16,3,0,33,11.0,,,,,
5083135,Carson Kent,Oklahoma,SEC,2025,,,,,,,,13,3,0,26,8.7,,,,,
5083143,Logan Booher,Cal Poly,Big Sky,2025,,,,,,,,51,35,4,427,12.2,,,,,
5083145,Bo Kelly,Cal Poly,Big Sky,2025,113,63,2,0.558,7,706,6.2,1,1,1,1,1.0,15,10,0,2,0.1
5083146,Paul Holyfield Jr.,Cal Poly,Big Sky,2025,,,,,,,,27,5,0,40,8.0,26,23,0,83,3.2
5083148,Troy Fletcher,Cal Poly,Big Sky,2025,,,,,,,,0,1,0,-2,-2.0,6,4,0,11,1.8
5083171,Jack Layne,New Mexico,Mountain West,2025,327,213,10,0.651,13,2486,7.6,2,1,0,2,2.0,87,54,4,152,1.7
5083175,Anthony Woods,UCLA,Big Ten,2025,,,,,,,,45,24,2,211,8.8,63,33,0,294,4.7
5083179,Trais Higgins,Idaho,Big Sky,2025,,,,,,,,,,,,,2,12,0,14,7.0
5083205,Nick Devereaux,Eastern Michigan,Mid-American,2025,,,,,,,,45,34,7,510,15.0,,,,,
5083213,Jordan Reed,Montana State,Big Sky,2025,1,1,0,1.000,0,11,11.0,25,2,1,39,19.5,,,,,
5083229,Aliou-Rocco Traore,Northern Colorado,Big Sky,2025,,,,,,,,10,25,0,89,3.6,42,20,1,125,3.0
5083249,Fisher Clements,Northern Colorado,Big Sky,2025,,,,,,,,13,4,0,27,6.8,,,,,
5083268,Carson Jenkins,William & Mary,CAA,2025,1,0,0,0.000,0,0,0.0,13,3,0,11,3.7,,,,,
5083270,Joseph Johnson,William & Mary,CAA,2025,,,,,,,,24,16,1,193,12.1,,,,,
5083271,Sean McElwain,William & Mary,CAA,2025,,,,,,,,40,12,3,186,15.5,,,,,
5083277,Luke Daly,Georgetown,Patriot,2025,,,,,,,,4,1,0,4,4.0,,,,,
5083278,Chris Dobrydney,Villanova,CAA,2025,,,,,,,,10,1,0,10,10.0,,,,,
5083279,Julian Glantz,Villanova,CAA,2025,,,,,,,,,,,,,4,14,1,25,6.3
5083285,Tanner Maddocks,Villanova,CAA,2025,15,8,1,0.533,1,78,5.2,,,,,,11,47,0,73,6.6
5083292,Eli Smith,Villanova,CAA,2025,,,,,,,,,,,,,13,15,1,76,5.8
5083295,Isaiah Wright,Villanova,CAA,2025,,,,,,,,0,1,0,0,0.0,18,7,1,46,2.6
5083305,Caleb Gossett,Ohio,Mid-American,2025,,,,,,,,35,12,0,162,13.5,,,,,
5083315,Kenyon Sadiq,Oregon,Big Ten,2025,,,,,,,,30,51,8,560,11.0,3,3,0,6,2.0
5083370,Jacory Barney Jr.,Nebraska,Big Ten,2025,,,,,,,,52,45,5,484,10.8,5,7,0,20,4.0
5083371,Davi Belfort,UCF,Big 12,2025,6,4,1,0.667,0,53,8.8,,,,,,16,19,1,94,5.9
5083372,Quanye Veney,Richmond,Patriot,2025,,,,,,,,49,20,1,260,13.0,1,25,0,25,25.0
5083373,Ashten Snelsire,Richmond,Patriot,2025,111,58,5,0.523,8,848,7.6,,,,,,53,15,3,188,3.5
5083377,Trey Mancuso,Richmond,Patriot,2025,,,,,,,,14,2,0,19,9.5,,,,,
5083381,Sean Clarke,Richmond,Patriot,2025,,,,,,,,20,6,0,42,7.0,,,,,
5083393,Marquis Buchanan,Rhode Island,CAA,2025,,,,,,,,75,78,8,1337,17.1,,,,,
5083407,Hunter Hopperton,Kent State,Mid-American,2025,,,,,,,,14,5,0,38,7.6,,,,,
5083410,AJ Simpkins,Columbia,Ivy,2025,,,,,,,,,,,,,1,1,1,1,1.0
5083411,James McCauley,Columbia,Ivy,2025,9,2,0,0.222,0,21,2.3,,,,,,1,0,0,-9,-9.0
5083413,Lucas Bullock,Columbia,Ivy,2025,,,,,,,,69,17,0,191,11.2,31,11,1,85,2.7
5083417,Ethan Hebb,Columbia,Ivy,2025,,,,,,,,25,8,0,88,11.0,,,,,
5083422,Matt Gallehdari,Columbia,Ivy,2025,,,,,,,,31,1,0,31,31.0,,,,,
5083431,Jordan Kelley,Columbia,Ivy,2025,,,,,,,,30,11,0,77,7.0,1,3,0,3,3.0
5083437,DJ Linkins,Tennessee Tech,Big South-OVC,2025,,,,,,,,14,1,0,14,14.0,,,,,
5083442,Myles Thomason,New Hampshire,CAA,2025,,,,,,,,29,30,1,233,7.8,194,39,4,732,3.8
5083444,Josh Fillion,New Hampshire,CAA,2025,3,0,0,0.000,0,0,0.0,53,23,2,230,10.0,,,,,
5083457,Colby Ramshaw,New Hampshire,CAA,2025,,,,,,,,14,3,0,37,12.3,,,,,
5083458,Peyton Strickland,New Hampshire,CAA,2025,,,,,,,,65,24,4,226,9.4,,,,,
5083467,Parker Woodring,Cornell,Ivy,2025,,,,,,,,10,7,0,33,4.7,,,,,
5083470,Doryn Smith,Cornell,Ivy,2025,,,,,,,,26,44,3,393,8.9,5,6,0,8,1.6
5083473,Johntu Reed,Cornell,Ivy,2025,,,,,,,,27,6,0,53,8.8,6,14,0,44,7.3
5083476,Gannon Carothers,Cornell,Ivy,2025,,,,,,,,,,,,,12,22,2,75,6.3
5083490,Ayden Pereira,Merrimack,FCS Independents,2025,310,159,7,0.513,9,1846,6.0,,,,,,193,32,7,856,4.4
5083500,Evan Wallace,Maine,CAA,2025,1,0,0,0.000,0,0,0.0,11,4,0,27,6.8,1,0,0,-8,-8.0
5083509,Rohan Jones,Arkansas,SEC,2025,,,,,,,,62,19,4,519,27.3,2,5,1,10,5.0
5083518,Lasalle Rose Jr.,UAlbany,CAA,2025,,,,,,,,50,15,4,196,13.1,4,18,0,15,3.8
5083535,Nakian Jackson,Nevada,Mountain West,2025,,,,,,,,14,1,0,14,14.0,,,,,
5083545,Coleman Kuntz,South Dakota State,MVFC,2025,,,,,,,,27,7,1,82,11.7,1,1,0,1,1.0
5083546,Bronson England,Morehead State,Pioneer,2025,,,,,,,,29,17,1,181,10.6,,,,,
5083553,Rovaughn Banks Jr.,Abilene Christian,UAC,2025,,,,,,,,9,6,0,28,4.7,130,66,3,667,5.1
5083565,Chidubem Lebechi,Abilene Christian,UAC,2025,,,,,,,,6,1,1,6,6.0,,,,,
5083569,Jaden Craig,Harvard,Ivy,2025,331,204,7,0.616,25,2829,8.5,,,,,,48,26,3,78,1.6
5083570,Caydon Coffman,Harvard,Ivy,2025,,,,,,,,58,15,0,181,12.1,,,,,
5083571,Jordan Harris,Harvard,Ivy,2025,,,,,,,,25,8,1,48,6.0,48,75,1,341,7.1
5083584,Cam Henry,Harvard,Ivy,2025,,,,,,,,69,33,2,427,12.9,5,22,0,58,11.6
5083585,Dean Boyd,Harvard,Ivy,2025,,,,,,,,32,32,2,421,13.2,,,,,
5083589,Andre Dennis,Prairie View A&M,SWAC,2025,,,,,,,,47,34,4,565,16.6,5,51,2,97,19.4
5083592,Kendric Malone,Lamar,Southland,2025,,,,,,,,6,1,0,6,6.0,,,,,
5083597,James Major Bowden,Lamar,Southland,2025,,,,,,,,9,10,0,29,2.9,49,17,1,203,4.1
5083606,Samuel Scaife IV,Delaware State,MEAC,2025,,,,,,,,19,2,0,23,11.5,,,,,
5083630,Kyndon Fuselier,Lamar,Southland,2025,,,,,,,,31,45,4,419,9.3,1,8,0,8,8.0
5083631,Jayden Boyd,Lamar,Southland,2025,,,,,,,,57,5,0,105,21.0,,,,,
5083636,Izaha Jones,Lamar,Southland,2025,,,,,,,,77,24,2,327,13.6,1,0,0,-4,-4.0
5083652,Kai Rios,Michigan State,Big Ten,2025,,,,,,,,1,1,1,1,1.0,,,,,
5083657,Rocco Ciocca,Indiana State,MVFC,2025,,,,,,,,17,7,0,48,6.9,,,,,
5083663,Plez Lawrence,Indiana State,MVFC,2025,,,,,,,,75,7,2,118,16.9,59,32,3,252,4.3
5083670,Harry Traum,Indiana State,MVFC,2025,,,,,,,,,,,,,3,23,0,40,13.3
5083726,MJ Flowers,UConn,FBS Independents,2025,,,,,,,,2,1,0,2,2.0,16,23,1,75,4.7
5083727,Jay Pearson,Eastern Illinois,Big South-OVC,2025,,,,,,,,17,6,0,47,7.8,48,26,0,195,4.1
5083747,Justin Bowick,Illinois,Big Ten,2025,,,,,,,,25,22,5,265,12.0,,,,,
5083750,Alex Ginnever,Eastern Illinois,Big South-OVC,2025,,,,,,,,15,11,0,75,6.8,1,0,0,-1,-1.0
5083758,Patrick Heitert,Southeast Missouri State,Big South-OVC,2025,13,7,2,0.538,0,81,6.2,,,,,,11,10,0,23,2.1
5083778,Nolan Reed,Southeast Missouri State,Big South-OVC,2025,,,,,,,,18,11,0,66,6.0,,,,,
5083802,Alex Brown,Bucknell,Patriot,2025,6,1,0,0.167,0,10,1.7,7,2,0,11,5.5,1,6,0,6,6.0
5083806,Josh Gary,Bucknell,Patriot,2025,1,0,0,0.000,0,0,0.0,25,35,1,325,9.3,2,6,0,8,4.0
5083817,Matt Schearer,Bucknell,Patriot,2025,1,1,0,1.000,0,15,15.0,,,,,,1,2,0,2,2.0
5083829,Michael Townsend,Allen,SIAC,2025,,,,,,,,13,1,0,13,13.0,,,,,
5083847,Dean DeNobile,Lafayette,Patriot,2025,347,223,7,0.643,19,2528,7.3,0,1,0,0,0.0,30,11,2,-1,0.0
5083848,Jamar Curtis,Sacramento State,Big Sky,2025,,,,,,,,10,3,0,22,7.3,37,20,1,153,4.1
5083851,Tighe Cummiskey,Lafayette,Patriot,2025,,,,,,,,,,,,,1,9,0,9,9.0
5083865,Elijah Steward,Lafayette,Patriot,2025,,,,,,,,48,36,4,508,14.1,1,10,0,10,10.0
5083866,Dallas Holmes,South Dakota,MVFC,2025,,,,,,,,20,8,0,65,8.1,,,,,
5083870,Geoffrey Jamiel,Lehigh,Patriot,2025,,,,,,,,64,73,8,1067,14.6,2,20,1,23,11.5
5083894,Camden Overton,Georgia State,Sun Belt,2025,,,,,,,,20,15,2,132,8.8,,,,,
5083941,Collin Shannon,VMI,Southern,2025,268,147,5,0.549,13,1982,7.4,,,,,,39,12,0,-82,-2.1
5083945,Ebenezer McCarthy,VMI,Southern,2025,,,,,,,,,,,,,1,7,0,7,7.0
5083952,Luke Schalow,VMI,Southern,2025,,,,,,,,27,6,0,41,6.8,42,13,0,120,2.9
5083966,Morgan McPhaul,VMI,Southern,2025,,,,,,,,73,15,1,174,11.6,,,,,
5083976,Emari Matthews,Jackson State,SWAC,2025,,,,,,,,,,,,,15,21,3,42,2.8
5083981,Joanes Fortilien,Jackson State,SWAC,2025,,,,,,,,13,5,0,43,8.6,,,,,
5084026,Wesley Garrett,Eastern Washington,Big Sky,2025,,,,,,,,25,22,0,253,11.5,2,67,1,79,39.5
5084027,Miles Williams,Eastern Washington,Big Sky,2025,,,,,,,,46,41,2,524,12.8,,,,,
5084047,Nate Frazier,Georgia,SEC,2025,,,,,,,,24,16,1,116,7.3,173,59,6,947,5.5
5084050,Quavel Thornton,Morgan State,MEAC,2025,,,,,,,,19,1,0,19,19.0,,,,,
5084054,Justin Pegues,North Alabama,UAC,2025,,,,,,,,39,46,4,459,10.0,14,14,0,47,3.4
5084056,Torin Baker,Tennessee Tech,Big South-OVC,2025,,,,,,,,25,9,1,70,7.8,10,5,0,28,2.8
5084084,Kevin Jennings,SMU,ACC,2025,454,300,13,0.661,26,3641,8.0,,,,,,70,26,4,54,0.8
5084086,Charlie Fiser,SMU,ACC,2025,4,4,0,1.000,0,30,7.5,,,,,,1,2,0,2,2.0
5084094,Keaton Cheves,SMU,ACC,2025,,,,,,,,4,1,0,4,4.0,,,,,
5084133,Alex Perry,Florida International,Conference USA,2025,,,,,,,,64,56,9,840,15.0,,,,,
5084135,Pofele Ashlock,Hawai'i,Mountain West,2025,,,,,,,,47,76,8,827,10.9,,,,,
5084177,Ta'ir Brooks,Charlotte,American Athletic,2025,,,,,,,,9,1,0,9,9.0,,,,,
5084179,Star Thomas,Tennessee,SEC,2025,,,,,,,,21,11,2,116,10.5,104,52,7,596,5.7
5084180,Diego Pavia,Vanderbilt,SEC,2025,378,267,8,0.706,29,3539,9.4,,,,,,167,41,10,862,5.2
5084183,Kheagian Heckaman,Prairie View A&M,SWAC,2025,,,,,,,,57,4,2,97,24.3,2,2,0,2,1.0
5084208,Kameran Senegal,McNeese,Southland,2025,,,,,,,,45,23,1,252,11.0,5,25,0,53,10.6
5084210,Joshon Barbie,Marshall,Sun Belt,2025,,,,,,,,12,5,0,30,6.0,56,28,5,249,4.4
5084233,Tyronne Hayes,McNeese,Southland,2025,,,,,,,,16,4,0,36,9.0,,,,,
5084265,Scrappy Osby,Nicholls,Southland,2025,,,,,,,,22,36,0,295,8.2,2,4,0,3,1.5
5084286,Makhi Frazier,Michigan State,Big Ten,2025,,,,,,,,12,12,0,25,2.1,116,49,2,520,4.5
5084293,Ka'Morreun Pimpton,TCU,Big 12,2025,,,,,,,,3,1,1,3,3.0,,,,,
5084295,AJ Maddox,Ole Miss,SEC,2025,1,1,0,1.000,0,19,19.0,,,,,,1,8,0,8,8.0
5084300,KJ Parker,Iowa,Big Ten,2025,,,,,,,,10,3,1,18,6.0,,,,,
5084310,Kenji Lewis,Northern Illinois,Mid-American,2025,,,,,,,,7,1,0,7,7.0,,,,,
5084317,Johness Davis,Duquesne,NEC,2025,,,,,,,,25,11,0,109,9.9,139,74,2,898,6.5
5084348,Colin Parachek,UAlbany,CAA,2025,71,32,2,0.451,1,308,4.3,,,,,,18,15,0,51,2.8
5084352,Bryce Patterson,Morehead State,Pioneer,2025,79,43,4,0.544,2,533,6.7,,,,,,28,16,0,71,2.5
5084375,Shyhiem Drew,Thomas More College,Great Midwest Athletic,2025,,,,,,,,18,3,0,24,8.0,1,0,0,-1,-1.0
5084379,Qwentin Brown,Brown,Ivy,2025,3,1,0,0.333,0,3,1.0,14,12,0,53,4.4,61,49,5,233,3.8
5084380,Dillon Golden,Brown,Ivy,2025,,,,,,,,13,10,0,78,7.8,,,,,
5084399,Solomon Miller,Brown,Ivy,2025,,,,,,,,50,34,2,359,10.6,5,9,0,13,2.6
5084400,Jackson Delaney,Brown,Ivy,2025,,,,,,,,21,4,1,39,9.8,,,,,
5084401,Chason Barber,Brown,Ivy,2025,,,,,,,,7,2,0,12,6.0,,,,,
5084402,Tyler Pezza,Brown,Ivy,2025,,,,,,,,55,44,7,579,13.2,1,0,0,-5,-5.0
5084404,Liam O'Brien,Pennsylvania,Ivy,2025,314,211,6,0.672,19,2376,7.6,,,,,,138,25,7,548,4.0
5084405,Alex Haight,Pennsylvania,Ivy,2025,,,,,,,,31,11,0,102,9.3,,,,,
5084408,Bisi Owens,Pennsylvania,Ivy,2025,,,,,,,,48,66,5,696,10.5,1,0,0,-3,-3.0
5084409,Jared Richardson,Pennsylvania,Ivy,2025,1,0,0,0.000,0,0,0.0,76,80,12,1033,12.9,,,,,
5084429,Darren Morris,Southern,SWAC,2025,,,,,,,,71,27,4,508,18.8,1,5,0,5,5.0
5084430,Kendric Rhymes,Tennessee State,Big South-OVC,2025,,,,,,,,48,25,1,241,9.6,127,60,3,497,3.9
5084438,Karl Ligon,Alabama State,SWAC,2025,,,,,,,,34,8,1,96,12.0,49,41,2,262,5.3
5084459,Cincere Rhaney,San Diego State,Mountain West,2025,,,,,,,,,,,,,5,8,0,19,3.8
5084477,Tory Morgan,Grambling,SWAC,2025,,,,,,,,1,1,0,1,1.0,,,,,
5084495,Kody Finley,Northwestern State,Southland,2025,,,,,,,,26,10,0,104,10.4,,,,,
5084500,Derrick Graham Jr.,SE Louisiana,Southland,2025,,,,,,,,5,4,0,6,1.5,20,12,1,59,3.0
5084518,Dylan Djete,Alabama State,SWAC,2025,,,,,,,,46,28,4,435,15.5,1,8,0,8,8.0
5084519,Rickie Shaw II,Bethune-Cookman,SWAC,2025,,,,,,,,27,15,2,167,11.1,,,,,
5084521,R.J. Brunson,Wofford,Southern,2025,,,,,,,,,,,,,1,0,0,-1,-1.0
5084524,Kyle Parsons,Wofford,Southern,2025,,,,,,,,,,,,,11,9,0,45,4.1
5084545,Bryson Dickerson,West Georgia,UAC,2025,12,6,1,0.500,1,78,6.5,41,19,1,207,10.9,1,4,0,4,4.0
5084552,Tommy Winton III,Tennessee,SEC,2025,,,,,,,,12,3,0,26,8.7,,,,,
5084555,Xavier Gaillardetz,East Tennessee State,Southern,2025,,,,,,,,70,6,1,167,27.8,,,,,
5084582,Jordan Gant,Akron,Mid-American,2025,,,,,,,,16,9,1,48,5.3,213,36,6,1032,4.8
5084590,Craig Cunningham,Morehead State,Pioneer,2025,,,,,,,,22,6,1,68,11.3,75,31,3,314,4.2
5084657,Dakarai Anderson,Cincinnati,Big 12,2025,,,,,,,,,,,,,1,0,0,-2,-2.0
5084658,Terrell Anderson,NC State,ACC,2025,,,,,,,,75,39,5,629,16.1,,,,,
5084659,Eric Smith,Liberty,Conference USA,2025,,,,,,,,,,,,,6,7,0,22,3.7
5084698,Tashi Braceful,Toledo,Mid-American,2025,,,,,,,,36,1,0,36,36.0,,,,,
5084703,Daijon Calimon,Nevada,Mountain West,2025,,,,,,,,20,4,0,34,8.5,,,,,
5084704,Patrick Clacks III,Buffalo,Mid-American,2025,,,,,,,,11,12,2,71,5.9,,,,,
5084707,Junior Damuni,Idaho State,Big Sky,2025,,,,,,,,9,1,0,-3,-3.0,,,,,
5084729,BJ Fleming,North Dakota,MVFC,2025,,,,,,,,89,48,7,817,17.0,2,2,0,-1,-0.5
5084734,Ryan Fontaine,Northern Arizona,Big Sky,2025,,,,,,,,,,,,,11,15,1,44,4.0
5084749,Braden Kramer,Northern Arizona,Big Sky,2025,,,,,,,,14,1,1,14,14.0,,,,,
5084769,Angel H Flores,Central Michigan,Mid-American,2025,28,19,1,0.679,2,195,7.0,,,,,,107,37,8,527,4.9
5084771,KJ Duff,Rutgers,Big Ten,2025,,,,,,,,72,60,7,1084,18.1,,,,,
5084772,Hayden Eligon Ii,Northwestern,Big Ten,2025,,,,,,,,38,37,3,521,14.1,,,,,
5084794,Deuce McMillan,Houston Christian,Southland,2025,,,,,,,,26,27,1,218,8.1,,,,,
5084798,Ismail Mahdi,Arizona,Big 12,2025,,,,,,,,27,17,1,119,7.0,133,68,4,853,6.4
5084802,AJ Wilson,UTSA,American Athletic,2025,1,0,0,0.000,0,0,0.0,77,30,4,523,17.4,1,5,0,5,5.0
5084893,Dozie Ezukanma,TCU,Big 12,2025,,,,,,,,17,2,0,28,14.0,,,,,
5084896,Tamarcus Gray Jr.,Houston Christian,Southland,2025,,,,,,,,13,19,0,138,7.3,,,,,
5084904,Joshua Jackson,McNeese,Southland,2025,,,,,,,,55,20,0,258,12.9,,,,,
5084905,Jaylan Hornsby,Syracuse,ACC,2025,,,,,,,,25,8,1,103,12.9,,,,,
5084906,Jaden Hart,Syracuse,ACC,2025,,,,,,,,4,3,0,8,2.7,15,14,0,53,3.5
5084910,Josh Phifer,James Madison,Sun Belt,2025,,,,,,,,20,4,1,40,10.0,,,,,
5084950,Jay Coyne,Michigan State,Big Ten,2025,,,,,,,,6,2,1,11,5.5,,,,,
5084967,Victor Snow,Buffalo,Mid-American,2025,,,,,,,,75,62,8,815,13.1,12,44,2,91,7.6
5085003,Mark Konecny,Western Michigan,Mid-American,2025,1,0,0,0.000,0,0,0.0,,,,,,1,0,0,-2,-2.0
5085006,Jalen Buckley,Western Michigan,Mid-American,2025,,,,,,,,34,12,1,75,6.3,179,67,9,1003,5.6
5085022,Patrick Williams II,Grambling,SWAC,2025,,,,,,,,10,7,1,40,5.7,,,,,
5085023,Max Ware,Hawai'i,Mountain West,2025,,,,,,,,23,4,0,39,9.8,,,,,
5085024,CJ Williams,Stanford,ACC,2025,,,,,,,,36,60,6,757,12.6,,,,,
5085026,Keegan Patterson,Indiana State,MVFC,2025,217,124,7,0.571,12,1557,7.2,,,,,,70,47,1,180,2.6
5085121,Cole Pruett,Eastern Washington,Big Sky,2025,,,,,,,,23,27,2,269,10.0,2,7,0,12,6.0
5085137,Cade Harris,Air Force,Mountain West,2025,,,,,,,,74,35,2,584,16.7,61,49,4,321,5.3
5085189,Jack Endries,Texas,SEC,2025,,,,,,,,54,33,3,346,10.5,,,,,
5085233,Brinston Williams,Western Illinois,Big South-OVC,2025,,,,,,,,21,11,0,96,8.7,26,21,1,137,5.3
5085246,Tylyric Coleman,Virginia,ACC,2025,,,,,,,,23,2,0,29,14.5,,,,,
5085259,Ashton Frye,Grambling,SWAC,2025,26,17,0,0.654,1,142,5.5,,,,,,13,25,1,40,3.1
5085267,Cade Backe,Jacksonville State,Conference USA,2025,1,1,0,1.000,0,2,2.0,,,,,,,,,,
5085300,Jared White,Montana State,Big Sky,2025,,,,,,,,19,2,1,22,11.0,28,15,1,139,5.0
5085301,Taco Dowler,Montana State,Big Sky,2025,,,,,,,,87,77,7,1025,13.3,15,22,1,124,8.3
5085304,Charles Garrison,Northern Colorado,Big Sky,2025,,,,,,,,36,27,2,329,12.2,,,,,
5085335,Deion Brown,Indiana State,MVFC,2025,,,,,,,,7,3,0,10,3.3,66,42,1,248,3.8
5085337,Keyone Jenkins,Florida International,Conference USA,2025,263,164,6,0.624,9,1742,6.6,,,,,,52,42,5,114,2.2
5085354,Lynel Billups-Williams,Miami (OH),Mid-American,2025,1,0,0,0.000,0,0,0.0,15,6,0,51,8.5,3,15,0,19,6.3
5085356,Austin Myers,Central Arkansas,UAC,2025,217,124,7,0.571,13,1597,7.4,,,,,,20,6,0,-79,-4.0
5085364,Manny Smith,Central Arkansas,UAC,2025,,,,,,,,3,7,1,-5,-0.7,4,22,0,32,8.0
5085370,Jordan Owens,North Carolina,ACC,2025,,,,,,,,19,6,1,39,6.5,,,,,
5085383,Triston Edwards,Central Arkansas,UAC,2025,,,,,,,,20,8,1,61,7.6,,,,,
5085404,Thomas Wadsworth,UCF,Big 12,2025,,,,,,,,12,3,0,27,9.0,,,,,
5085434,LT Sanders,North Alabama,UAC,2025,,,,,,,,16,6,0,38,6.3,38,42,1,171,4.5
5085441,Tyler Jordan,Western Illinois,Big South-OVC,2025,,,,,,,,7,1,0,7,7.0,3,3,0,5,1.7
5085496,Chauncy Cobb,Arkansas State,Sun Belt,2025,,,,,,,,51,73,1,797,10.9,1,0,0,-2,-2.0
5085497,Ty Stamey,Texas State,Sun Belt,2025,,,,,,,,25,7,0,48,6.9,,,,,
5085503,Grayson O'Bara,Dartmouth,Ivy,2025,,,,,,,,71,44,2,590,13.4,,,,,
5085504,Daniel Haughton,Dartmouth,Ivy,2025,,,,,,,,15,11,0,84,7.6,,,,,
5085505,Sean Ward,Dartmouth,Ivy,2025,,,,,,,,9,1,0,9,9.0,,,,,
5085507,D.J. Crowther,Dartmouth,Ivy,2025,,,,,,,,33,16,0,120,7.5,191,67,10,929,4.9
5085508,Desmin Jackson,Dartmouth,Ivy,2025,,,,,,,,8,8,0,4,0.5,48,22,1,170,3.5
5085509,Chris Corbo,Dartmouth,Ivy,2025,,,,,,,,35,45,4,516,11.5,,,,,
5085521,Ivan Hoyt,Davidson,Pioneer,2025,,,,,,,,59,60,10,842,14.0,1,2,0,2,2.0
5085540,Aidan Garcia,Idaho State,Big Sky,2025,,,,,,,,17,6,1,73,12.2,,,,,
5085543,Dason Brooks,Idaho State,Big Sky,2025,,,,,,,,16,11,0,50,4.5,157,57,10,1007,6.4
5085564,Julian Mason,Idaho State,Big Sky,2025,,,,,,,,30,12,1,154,12.8,,,,,
5085570,Logan Gonzalez,Idaho State,Big Sky,2025,2,1,0,0.500,0,2,1.0,,,,,,1,3,0,3,3.0
5085571,Brooks Ferguson,Portland State,Big Sky,2025,2,1,0,0.500,0,37,18.5,26,4,0,49,12.3,,,,,
5085582,Charlie White,Portland State,Big Sky,2025,,,,,,,,15,6,1,52,8.7,,,,,
5085597,Jaylen Lynch,Portland State,Big Sky,2025,,,,,,,,44,20,1,250,12.5,1,15,0,15,15.0
5085609,Treyshun Hurry,Louisville,ACC,2025,,,,,,,,17,15,1,122,8.1,,,,,
5085630,Marcus Chretien,Weber State,Big Sky,2025,,,,,,,,11,3,1,33,11.0,,,,,
5085631,Marvin Session,Weber State,Big Sky,2025,,,,,,,,61,32,1,415,13.0,,,,,
5085634,Sloan Calder,Weber State,Big Sky,2025,,,,,,,,,,,,,1,10,1,10,10.0
5085641,Jaleel Sales,Davidson,Pioneer,2025,,,,,,,,38,15,0,176,11.7,1,4,0,4,4.0
5085642,Mari Adams,Davidson,Pioneer,2025,,,,,,,,13,8,0,51,6.4,67,42,2,325,4.9
5085644,Coulter Cleland,Davidson,Pioneer,2025,319,178,11,0.558,20,2117,6.6,,,,,,90,23,1,183,2.0
5085650,Brody Reina,Davidson,Pioneer,2025,,,,,,,,55,22,4,274,12.5,,,,,
5085654,Mason Sheron,Davidson,Pioneer,2025,,,,,,,,21,6,1,59,9.8,129,27,5,503,3.9
5085658,Tom Luther,Davidson,Pioneer,2025,,,,,,,,,,,,,0,0,0,-1,0
5085663,Gavin Yohn,Davidson,Pioneer,2025,,,,,,,,5,1,0,5,5.0,,,,,
5085665,Langston Green,Davidson,Pioneer,2025,,,,,,,,25,9,3,96,10.7,,,,,
5085666,Christian Berry,Kent State,Mid-American,2025,,,,,,,,21,6,0,93,15.5,,,,,
5085676,Xavier Washington,Drake,Pioneer,2025,9,6,0,0.667,2,86,9.6,,,,,,3,14,0,7,2.3
5085683,Luke Woodson,Drake,Pioneer,2025,2,1,0,0.500,0,13,6.5,12,8,0,48,6.0,61,33,3,264,4.3
5085685,Taj Hughes,Drake,Pioneer,2025,,,,,,,,55,39,2,406,10.4,29,19,0,143,4.9
5085701,Nathan Henry,Drake,Pioneer,2025,,,,,,,,0,1,0,0,0.0,,,,,
5085703,Brett Welsing,Drake,Pioneer,2025,,,,,,,,13,1,0,13,13.0,,,,,
5085707,Tyler Nansel,Drake,Pioneer,2025,,,,,,,,30,5,0,50,10.0,,,,,
5085729,Connor Lair,Missouri State,Conference USA,2025,,,,,,,,33,6,1,62,10.3,6,4,0,9,1.5
5085754,Matthew Schecklman,Northern Iowa,MVFC,2025,226,137,7,0.606,9,1389,6.1,,,,,,54,43,0,173,3.2
5085784,Chase Mason,South Dakota State,MVFC,2025,224,146,4,0.652,15,2021,9.0,,,,,,68,34,6,174,2.6
5085803,Gavin Nelson,Monmouth,CAA,2025,,,,,,,,70,30,6,514,17.1,,,,,
5085831,Tahmir Ellis,Delaware State,MEAC,2025,,,,,,,,24,2,1,24,12.0,,,,,
5085839,Kayleb Wagner,Southern Illinois,MVFC,2025,,,,,,,,,,,,,3,5,0,10,3.3
5085846,Ethan Harris,Furman,Southern,2025,,,,,,,,36,21,0,223,10.6,,,,,
5085848,Carson Jones,Furman,Southern,2025,10,5,0,0.500,0,36,3.6,,,,,,,,,,
5085852,Ben Croasdale,Furman,Southern,2025,,,,,,,,20,7,0,59,8.4,61,50,2,313,5.1
5085866,Gram Smithson,Furman,Southern,2025,,,,,,,,4,1,0,4,4.0,,,,,
5085883,Jake Reichle,Oregon State,Pac-12,2025,,,,,,,,4,1,1,4,4.0,3,3,1,6,2.0
5085903,Ed Osley,Miles College,SIAC,2025,,,,,,,,11,2,0,15,7.5,12,8,0,37,3.1
5085913,Austin Bray,Youngstown State,MVFC,2025,,,,,,,,23,8,2,70,8.8,,,,,
5085941,Zach Osborne,Colgate,Patriot,2025,118,69,3,0.585,9,1088,9.2,,,,,,61,13,3,276,4.5
5085946,Marco Maldonado,Colgate,Patriot,2025,,,,,,,,47,11,0,101,9.2,68,28,2,298,4.4
5085955,Dave Thomson,Colgate,Patriot,2025,,,,,,,,18,3,0,41,13.7,,,,,
5085958,Jariyah Sawyer,Colgate,Patriot,2025,,,,,,,,30,6,0,68,11.3,2,17,0,15,7.5
5085959,Max Walters,Colgate,Patriot,2025,,,,,,,,21,10,1,132,13.2,,,,,
5085960,Brady Hutchison,Colgate,Patriot,2025,,,,,,,,29,35,1,287,8.2,,,,,
5085962,Mason Mozo,Colgate,Patriot,2025,,,,,,,,9,4,1,26,6.5,,,,,
5086027,TJ Harden,SMU,ACC,2025,,,,,,,,30,19,1,99,5.2,171,53,9,787,4.6
5086034,Camryn Edwards,UConn,FBS Independents,2025,,,,,,,,34,19,1,186,9.8,210,73,15,1240,5.9
5086050,NaQuari Rogers,Utah,Big 12,2025,,,,,,,,32,3,0,43,14.3,98,23,11,387,3.9
5086051,Vincent Wilkins,Boston College,ACC,2025,,,,,,,,56,4,0,113,28.3,,,,,
5086052,Chaney Fitzgerald,Prairie View A&M,SWAC,2025,,,,,,,,56,2,1,94,47.0,,,,,
5086079,John Anthony,Lindenwood,Big South-OVC,2025,,,,,,,,45,4,1,90,22.5,,,,,
5086086,Drew Krobath,Lindenwood,Big South-OVC,2025,,,,,,,,44,29,2,513,17.7,1,0,0,-7,-7.0
5086091,Jared Rhodes,Lindenwood,Big South-OVC,2025,,,,,,,,35,15,1,114,7.6,129,48,7,620,4.8
5086095,Terence Marshall,Western Michigan,Mid-American,2025,,,,,,,,28,4,0,45,11.3,,,,,
5086096,Lawayne McCoy,Florida State,ACC,2025,,,,,,,,34,27,3,403,14.9,,,,,
5086097,Jaheim Merriweather,Purdue,Big Ten,2025,,,,,,,,,,,,,2,2,0,4,2.0
5086101,Cameron Monteiro,Akron,Mid-American,2025,,,,,,,,18,8,0,109,13.6,,,,,
5086102,Cameron Hergott,Eastern Kentucky,UAC,2025,,,,,,,,17,7,0,64,9.1,,,,,
5086109,Jeremiah Bailey,Eastern Kentucky,UAC,2025,,,,,,,,,,,,,1,18,0,18,18.0
5086138,Dylan Tapley,San Diego,Pioneer,2025,,,,,,,,40,7,1,121,17.3,,,,,
5086150,Ryan Schwendeman,Southern Illinois,MVFC,2025,,,,,,,,49,15,2,191,12.7,,,,,
5086156,Danny Lauter,Georgetown,Patriot,2025,85,52,1,0.612,5,618,7.3,,,,,,3,6,0,9,3.0
5086174,Keynan Richardson-Cook,Georgetown,Patriot,2025,,,,,,,,16,2,0,22,11.0,,,,,
5086175,Conor O'Neil,Georgetown,Patriot,2025,,,,,,,,22,6,1,48,8.0,,,,,
5086178,Max McCormick,Georgetown,Patriot,2025,,,,,,,,6,3,0,10,3.3,,,,,
5086185,Jack Betten,Fordham,Patriot,2025,,,,,,,,72,15,1,338,22.5,,,,,
5086192,Jack Kaiser,Fordham,Patriot,2025,,,,,,,,,,,,,6,5,1,3,0.5
5086204,Matt Buron,Fordham,Patriot,2025,,,,,,,,56,4,0,77,19.3,,,,,
5086240,Donovan Green,LSU,SEC,2025,,,,,,,,25,2,0,40,20.0,,,,,
5086241,Anthony DiNota,Texas A&M,SEC,2025,,,,,,,,,,,,,2,2,0,2,1.0
5086378,Diore Hubbard,West Virginia,Big 12,2025,,,,,,,,69,16,0,156,9.8,96,29,4,335,3.5
5086379,Brandon Hood,Massachusetts,Mid-American,2025,,,,,,,,21,11,0,88,8.0,98,90,2,368,3.8
5086388,Kewan Lacy,Ole Miss,SEC,2025,,,,,,,,22,29,0,177,6.1,306,73,24,1567,5.1
5086393,J'Koby Williams,Texas Tech,Big 12,2025,,,,,,,,73,35,2,388,11.1,154,50,6,866,5.6
5086448,Kamrean Johnson,Wake Forest,ACC,2025,,,,,,,,25,11,1,122,11.1,,,,,
5086450,Brandon Rehmann,Delaware,Conference USA,2025,,,,,,,,17,3,0,31,10.3,,,,,
5086464,Lonnie Adkism,Sam Houston,Conference USA,2025,,,,,,,,13,3,1,24,8.0,,,,,
5086502,Laviel Pickett,UC Davis,Big Sky,2025,,,,,,,,18,3,2,31,10.3,,,,,
5086505,Samuel Gbatu Jr.,UC Davis,Big Sky,2025,,,,,,,,85,70,11,1169,16.7,8,17,0,59,7.4
5086517,Will Lankford,Elon,CAA,2025,,,,,,,,23,2,0,34,17.0,,,,,
5086525,Cole Schilling,Richmond,Patriot,2025,,,,,,,,19,4,0,30,7.5,,,,,
5086529,Cody Hardy,NC State,ACC,2025,,,,,,,,37,5,2,74,14.8,0,0,1,0,0
5086540,Landyn Backey,Elon,CAA,2025,1,0,0,0.000,0,0,0.0,48,26,4,457,17.6,8,4,1,17,2.1
5086597,DJ Ralph,Chadron St,Rocky Mountain,2025,33,20,1,0.606,0,228,6.9,,,,,,8,16,0,19,2.4
5086607,Mikey Welsh,San Diego State,Mountain West,2025,,,,,,,,44,12,0,129,10.8,2,3,0,4,2.0
5086628,AJ Jones,Middle Tennessee,Conference USA,2025,1,0,0,0.000,0,0,0.0,27,28,5,216,7.7,,,,,
5086713,Paul Geelen,Southern Illinois,MVFC,2025,,,,,,,,,,,,,1,29,0,29,29.0
5086883,Jaden Scott,Presbyterian,Pioneer,2025,,,,,,,,15,10,0,87,8.7,,,,,
5086893,Donovan Shepard,Hampton,CAA,2025,,,,,,,,23,19,1,143,7.5,75,42,0,322,4.3
5086894,Nikkem Reynolds,New Haven,NEC,2025,,,,,,,,21,7,1,63,9.0,1,0,0,-7,-7.0
5086903,Chad Staley,Florida International,Conference USA,2025,,,,,,,,1,1,1,1,1.0,,,,,
5086921,Amonte Jones,North Carolina A&T,CAA,2025,,,,,,,,66,28,1,408,14.6,1,0,0,-5,-5.0
5086946,Elijah Kennedy,North Carolina A&T,CAA,2025,,,,,,,,60,25,0,305,12.2,1,11,0,11,11.0
5086951,Noah Sanders,North Carolina A&T,CAA,2025,23,8,0,0.348,1,109,4.7,,,,,,12,5,1,13,1.1
5086952,Jo'Nathan Silver,Delaware,Conference USA,2025,,,,,,,,36,29,1,203,7.0,119,70,5,652,5.5
5086956,Elijah Sessoms,Delaware,Conference USA,2025,,,,,,,,21,22,2,190,8.6,,,,,
5086964,Santino Correa,Marist,Pioneer,2025,,,,,,,,29,4,1,51,12.8,,,,,
5086999,Dominic Vrbancic,Dayton,Pioneer,2025,,,,,,,,22,18,2,180,10.0,,,,,
5087004,Will Cohen,Dayton,Pioneer,2025,,,,,,,,,,,,,3,6,0,8,2.7
5087022,David Maurer,Dayton,Pioneer,2025,,,,,,,,,,,,,1,11,0,11,11.0
5087029,Brady Preston,Butler,Pioneer,2025,,,,,,,,32,8,4,92,11.5,,,,,
5087031,Reagan Andrew,Butler,Pioneer,2025,202,137,5,0.678,10,1348,6.7,,,,,,153,34,7,572,3.7
5087034,Griffin Caldwell,Butler,Pioneer,2025,1,1,0,1.000,1,24,24.0,30,19,1,154,8.1,83,56,2,362,4.4
5087037,Ershod Jasey II,Butler,Pioneer,2025,,,,,,,,49,4,2,66,16.5,15,10,0,70,4.7
5087039,Ethan Loss,Butler,Pioneer,2025,,,,,,,,67,54,1,639,11.8,27,31,2,166,6.1
5087044,Archie Cox,Butler,Pioneer,2025,,,,,,,,67,14,2,248,17.7,,,,,
5087058,Kirk Doskocil,Butler,Pioneer,2025,,,,,,,,0,1,0,-11,-11.0,,,,,
5087060,Ethan Malafa,Butler,Pioneer,2025,,,,,,,,24,6,1,66,11.0,,,,,
5087067,Ryan Short,Butler,Pioneer,2025,,,,,,,,,,,,,1,0,0,-31,-31.0
5087069,Max Mosey,Holy Cross,Patriot,2025,1,0,0,0.000,0,0,0.0,46,50,0,490,9.8,18,46,2,84,4.7
5087070,Sam Slade,Holy Cross,Patriot,2025,1,0,0,0.000,0,0,0.0,30,9,0,66,7.3,16,88,1,124,7.8
5087072,Nathan Schillinger,Holy Cross,Patriot,2025,,,,,,,,18,10,0,85,8.5,,,,,
5087081,Blake Youngblood,Holy Cross,Patriot,2025,,,,,,,,16,8,1,61,7.6,,,,,
5087090,Aboraa Kwarteng,Rhode Island,CAA,2025,,,,,,,,70,41,2,615,15.0,,,,,
5087093,Curtis Whiting,Sacred Heart,FCS Independents,2025,,,,,,,,11,2,0,16,8.0,34,12,2,111,3.3
5087122,Elijah Ford,Sacred Heart,FCS Independents,2025,,,,,,,,6,1,0,6,6.0,,,,,
5087143,Brian Olan,Duquesne,NEC,2025,,,,,,,,2,1,0,2,2.0,,,,,
5087149,Lamere Byrd,Duquesne,NEC,2025,,,,,,,,,,,,,1,0,0,-5,-5.0
5087150,Alex Gochis,Duquesne,NEC,2025,,,,,,,,31,5,1,69,13.8,,,,,
5087151,Riley Lisgar,Duquesne,NEC,2025,,,,,,,,9,2,0,11,5.5,,,,,
5087156,Nathan Hayes,North Dakota State,MVFC,2025,44,25,1,0.568,4,381,8.7,,,,,,7,34,1,88,12.6
5087160,John Gores,North Dakota State,MVFC,2025,,,,,,,,8,1,0,8,8.0,,,,,
5087167,Kaden Zenzen,North Dakota State,MVFC,2025,,,,,,,,9,1,0,9,9.0,,,,,
5087189,Caden Dennis,North Dakota,MVFC,2025,,,,,,,,32,19,1,236,12.4,,,,,
5087198,Haydn Stay,North Dakota,MVFC,2025,,,,,,,,21,6,1,73,12.2,,,,,
5087199,Mason South,North Dakota,MVFC,2025,,,,,,,,18,6,0,56,9.3,,,,,
5087215,Sam Strandell,North Dakota,MVFC,2025,,,,,,,,8,1,0,8,8.0,,,,,
5087221,Camo Nelson,Mississippi Valley State,SWAC,2025,,,,,,,,39,34,4,366,10.8,2,2,0,0,0.0
5087222,Rylan Crawford,Illinois State,MVFC,2025,,,,,,,,25,8,0,83,10.4,,,,,
5087233,Cal Martine,Illinois State,MVFC,2025,,,,,,,,,,,,,19,15,0,64,3.4
5087240,Eddie Kasper,Illinois State,MVFC,2025,2,2,0,1.000,0,68,34.0,37,36,1,322,8.9,,,,,
5087241,Max Ziebarth,Illinois State,MVFC,2025,,,,,,,,2,1,1,2,2.0,,,,,
5087251,Kevon King,Norfolk State,MEAC,2025,,,,,,,,14,9,0,52,5.8,91,79,4,733,8.1
5087255,Jason Wonodi,Norfolk State,MEAC,2025,,,,,,,,5,1,0,5,5.0,,,,,
5087296,Breylin Smith,Howard,MEAC,2025,,,,,,,,17,20,0,125,6.3,1,3,0,3,3.0
5087297,Ja'Shawn Scroggins,Howard,MEAC,2025,18,6,1,0.333,1,37,2.1,,,,,,10,14,0,26,2.6
5087357,Deandre Buchannon,West Georgia,UAC,2025,,,,,,,,64,30,2,347,11.6,5,9,0,25,5.0
5087687,Eli Gillman,Montana,Big Sky,2025,,,,,,,,20,33,2,240,7.3,250,69,21,1540,6.2
5087700,Vincent Genatone,Nebraska,Big Ten,2025,,,,,,,,,,,,,1,1,0,1,1.0
5087705,Ian Finch,Montana,Big Sky,2025,,,,,,,,28,3,0,41,13.7,,,,,
5087716,Brandon Jorgensen,Southern Connecticut State,Northeast 10,2025,1,0,0,0.000,0,0,0.0,,,,,,3,9,0,5,1.7
5087722,Justin Reshard,Stony Brook,CAA,2025,,,,,,,,13,13,0,76,5.8,,,,,
5087747,Jayce Freeman,Stony Brook,CAA,2025,,,,,,,,65,41,8,774,18.9,,,,,
5087900,Gilbert Brown,Charleston Southern,Big South-OVC,2025,,,,,,,,,,,,,1,19,0,19,19.0
5088096,Ty Englehart,Presbyterian,Pioneer,2025,41,21,2,0.512,3,192,4.7,0,1,0,-2,-2.0,27,20,3,104,3.9
5088100,Deverious Abercrombie,Presbyterian,Pioneer,2025,,,,,,,,33,9,1,96,10.7,,,,,
5088107,Dominic Kibby,Presbyterian,Pioneer,2025,,,,,,,,60,38,6,459,12.1,,,,,
5088143,Terik Mulder,Kent State,Mid-American,2025,,,,,,,,50,19,4,198,10.4,,,,,
5088153,Micahi Danzy,Florida State,ACC,2025,,,,,,,,66,27,3,571,21.1,12,64,3,216,18.0
5088159,Chris Domercant,UCF,Big 12,2025,,,,,,,,40,21,2,212,10.1,2,11,0,16,8.0
5088170,Cole Clarke,Stonehill,NEC,2025,,,,,,,,17,22,2,181,8.2,,,,,
5088179,Zavion Woodard,Stonehill,NEC,2025,,,,,,,,14,7,0,48,6.9,103,63,1,394,3.8
5088187,Jarel Washington,Stonehill,NEC,2025,,,,,,,,33,14,0,72,5.1,82,14,0,219,2.7
5088196,Noah Canty,Duquesne,NEC,2025,,,,,,,,40,6,0,72,12.0,,,,,
5088243,Brigham Dunphy,Stonehill,NEC,2025,,,,,,,,34,15,0,155,10.3,,,,,
5088246,Aidan Henry,Stonehill,NEC,2025,,,,,,,,38,2,1,64,32.0,,,,,
5088255,Cody Ruff,Stonehill,NEC,2025,,,,,,,,24,7,2,80,11.4,,,,,
5088334,Nick Whitfield Jr.,St. Francis (PA),NEC,2025,273,165,10,0.604,5,1572,5.8,,,,,,42,18,0,-15,-0.4
5088336,Makai Jackson,Indiana,Big Ten,2025,,,,,,,,6,3,0,15,5.0,,,,,
5088338,Elijah Sarratt,Indiana,Big Ten,2025,,,,,,,,49,64,15,806,12.6,,,,,
5088339,Adrian Mejia,St. Francis (PA),NEC,2025,12,7,1,0.583,1,105,8.8,2,3,1,2,0.7,14,21,0,59,4.2
5088340,QuaSean Holmes,Gardner-Webb,Big South-OVC,2025,,,,,,,,68,19,2,166,8.7,204,67,5,969,4.8
5088375,Jake Bruno,Ohio,Mid-American,2025,,,,,,,,16,8,2,78,9.8,1,48,0,48,48.0
5088378,Scott Raymond,St. Francis (PA),NEC,2025,,,,,,,,21,12,0,104,8.7,1,5,0,5,5.0
5088421,Charles Pierre Jr.,South Dakota,MVFC,2025,,,,,,,,29,4,0,37,9.3,13,11,0,49,3.8
5088435,Tysen Boze,South Dakota,MVFC,2025,,,,,,,,63,18,2,281,15.6,,,,,
5088564,Ellis Bynum,Prairie View A&M,SWAC,2025,,,,,,,,,,,,,5,8,0,12,2.4
5088571,Bryce Boettcher,Oregon,Big Ten,2025,,,,,,,,,,,,,1,1,1,1,1.0
5088628,Zack Marshall,Michigan,Big Ten,2025,,,,,,,,37,16,1,199,12.4,,,,,
5088774,Hudson Kaak,Auburn,SEC,2025,,,,,,,,,,,,,1,0,0,-12,-12.0
5088858,Marcus Crawford,Stonehill,NEC,2025,,,,,,,,,,,,,3,1,0,0,0.0
5088861,Levi Wilkins,Bryant,CAA,2025,,,,,,,,32,4,0,64,16.0,,,,,
5088888,Torrance Burgess Jr.,Texas State,Sun Belt,2025,,,,,,,,,,,,,20,11,1,95,4.8
5088896,Keith Jenkins Jr.,Morgan State,MEAC,2025,,,,,,,,27,5,0,58,11.6,24,13,1,99,4.1
5088910,Joseph Kennerly,Morgan State,MEAC,2025,,,,,,,,25,24,1,241,10.0,,,,,
5088920,Bretton Stone,Utah Tech,UAC,2025,,,,,,,,14,7,0,43,6.1,42,35,1,189,4.5
5088952,Eric Olsen,Utah Tech,UAC,2025,,,,,,,,49,51,2,566,11.1,7,8,0,31,4.4
5088953,Daniel Thomason,Utah Tech,UAC,2025,,,,,,,,66,22,4,319,14.5,,,,,
5088960,Reggie Graff,Utah Tech,UAC,2025,112,61,4,0.545,3,522,4.7,,,,,,89,31,3,377,4.2
5088964,Sonny Mannino,Marist,Pioneer,2025,275,158,3,0.575,11,1771,6.4,0,0,0,-4,0,136,49,6,395,2.9
5088974,Carter James,Marist,Pioneer,2025,,,,,,,,20,19,2,129,6.8,81,18,4,360,4.4
5088989,Gabriel Abel,St. Thomas (MN),Pioneer,2025,1,0,0,0.000,0,0,0.0,5,1,0,5,5.0,43,15,2,153,3.6
5088992,Amari Powell,St. Thomas (MN),Pioneer,2025,59,35,2,0.593,5,636,10.8,,,,,,19,30,2,109,5.7
5089003,Colin Chase,Temple,American Athletic,2025,,,,,,,,42,40,4,414,10.4,12,21,0,69,5.8
5089021,Patrick Wagner,St. Thomas (MN),Pioneer,2025,,,,,,,,72,27,3,390,14.4,,,,,
5089023,Adrian Maddox,Georgia,SEC,2025,,,,,,,,-2,0,0,-2,0,,,,,
5089028,Marcus II Harris,Alabama State,SWAC,2025,,,,,,,,20,2,1,28,14.0,46,50,14,323,7.0
5089044,Khayman Barnes,Alabama State,SWAC,2025,,,,,,,,6,1,0,6,6.0,,,,,
5089070,Richie Hoskins,Vanderbilt,SEC,2025,,,,,,,,53,28,3,321,11.5,1,15,0,15,15.0
5089171,Dominic Rezac,Vanderbilt,SEC,2025,,,,,,,,35,1,0,35,35.0,1,4,0,4,4.0
5089179,Brian Henry,Abilene Christian,UAC,2025,,,,,,,,42,28,4,325,11.6,,,,,
5089182,CJ Nelson,Eastern Illinois,Big South-OVC,2025,,,,,,,,75,22,3,393,17.9,3,7,0,7,2.3
5089190,Marshall Howe,Yale,Ivy,2025,7,2,1,0.286,0,23,3.3,,,,,,2,7,0,12,6.0
5089262,Brayden Hall,Central Connecticut,NEC,2025,,,,,,,,9,1,0,9,9.0,,,,,
5089279,Seth Glatz,Illinois State,MVFC,2025,,,,,,,,68,11,2,152,13.8,72,58,5,401,5.6
5089300,Elijah Griffin,Alcorn State,SWAC,2025,,,,,,,,42,3,0,68,22.7,1,0,0,-5,-5.0
5089309,Jake Stearney,Colgate,Patriot,2025,304,172,6,0.566,18,2099,6.9,,,,,,60,14,2,108,1.8
5089314,Hank Brown,Iowa,Big Ten,2025,21,11,1,0.524,1,107,5.1,,,,,,3,1,1,-3,-1.0
5089324,Joey Wassler,Princeton,Ivy,2025,,,,,,,,18,12,0,103,8.6,,,,,
5089327,Samaj Jones,Cincinnati,Big 12,2025,7,4,0,0.571,1,72,10.3,,,,,,18,14,1,83,4.6
5089335,Rowan Keefe,Valparaiso,Pioneer,2025,208,131,14,0.630,12,1519,7.3,,,,,,68,80,3,111,1.6
5089363,Devin Yeats,Valparaiso,Pioneer,2025,,,,,,,,28,24,3,200,8.3,,,,,
5089378,Max Carter,Valparaiso,Pioneer,2025,,,,,,,,18,1,0,18,18.0,,,,,
5089453,Miles Kitselman,Tennessee,SEC,2025,,,,,,,,23,26,2,253,9.7,1,2,0,2,2.0
5089486,Kylan Galbreath,Murray State,MVFC,2025,,,,,,,,17,4,0,42,10.5,1,2,0,2,2.0
5089512,Parker Perry,Central Arkansas,UAC,2025,,,,,,,,6,3,0,13,4.3,,,,,
5089535,Desmond Reid,Pittsburgh,ACC,2025,,,,,,,,50,23,2,317,13.8,60,53,2,278,4.6
5089539,Censere Lee,Pittsburgh,ACC,2025,,,,,,,,31,5,0,86,17.2,,,,,
5089540,Cole Gonzales,Pittsburgh,ACC,2025,22,11,1,0.500,1,118,5.4,,,,,,2,2,0,1,0.5
5089545,De'Andre Tamarez,Marshall,Sun Belt,2025,,,,,,,,44,32,2,395,12.3,0,4,0,4,0
5089548,Samuel Cornett,Wofford,Southern,2025,,,,,,,,6,4,0,0,0.0,,,,,
5089549,Malik Knight,Western Carolina,Southern,2025,,,,,,,,69,47,7,774,16.5,4,9,0,7,1.8
5089560,Camury Reid,Western Carolina,Southern,2025,,,,,,,,62,10,3,174,17.4,49,25,4,134,2.7
5089575,Antoine Bell,North Carolina A&T,CAA,2025,,,,,,,,26,3,2,48,16.0,,,,,
5089577,Isaac McLellan,Western Carolina,Southern,2025,,,,,,,,,,,,,1,22,0,22,22.0
5089859,Floyd Chalk IV,San José State,Mountain West,2025,,,,,,,,1,2,0,0,0.0,35,16,2,141,4.0
5089860,Chance Williams,Cincinnati,Big 12,2025,,,,,,,,,,,,,14,7,1,35,2.5
5089861,Phaizon Wilson,UT Martin,Big South-OVC,2025,,,,,,,,29,35,1,450,12.9,,,,,
5089868,Covadis Knighten,Grambling,SWAC,2025,,,,,,,,59,24,3,235,9.8,,,,,
5089891,Markeis Sykes,Grambling,SWAC,2025,,,,,,,,,,,,,2,0,0,-1,-0.5
5090097,Pat Bowen,St. Thomas (MN),Pioneer,2025,,,,,,,,29,7,2,82,11.7,89,49,4,373,4.2
5090109,Will Lynch,Long Island University,NEC,2025,,,,,,,,,,,,,1,5,0,5,5.0
5091003,Cameron Ambrose,Arkansas State,Sun Belt,2025,,,,,,,,2,1,1,2,2.0,,,,,
5091026,Trace Corum,Murray State,MVFC,2025,,,,,,,,22,5,0,51,10.2,1,5,0,5,5.0
5091384,Dallas Elliott,Massachusetts,Mid-American,2025,,,,,,,,14,3,0,32,10.7,,,,,
5091564,Aidan Leffler,Ball State,Mid-American,2025,1,0,0,0.000,0,0,0.0,,,,,,,,,,
5091596,Dahya Patel,Ball State,Mid-American,2025,,,,,,,,11,1,1,11,11.0,,,,,
5091690,Adam Vinatieri Jr.,Lindenwood,Big South-OVC,2025,,,,,,,,,,,,,3,0,0,-23,-7.7
5091725,Lee Beebe,Indiana,Big Ten,2025,,,,,,,,7,1,0,7,7.0,27,24,1,209,7.7
5091730,Seth Knothe,Boise State,Mountain West,2025,,,,,,,,,,,,,12,9,1,51,4.3
5091739,Chris Brazzell II,Tennessee,SEC,2025,,,,,,,,72,62,9,1017,16.4,,,,,
5091744,Garrett Mmahat,Tulane,American Athletic,2025,,,,,,,,22,10,0,124,12.4,,,,,
5091791,Kylon Harris,Stephen F. Austin,Southland,2025,,,,,,,,76,86,10,1068,12.4,1,1,0,1,1.0
5091794,Jerrell Wimbley,Stephen F. Austin,Southland,2025,,,,,,,,19,22,0,150,6.8,195,48,9,1017,5.2
5091828,Lofton Howard,Western Kentucky,Conference USA,2025,,,,,,,,5,3,0,10,3.3,,,,,
5091830,Cam'Ron Lacy,Middle Tennessee,Conference USA,2025,,,,,,,,68,38,3,529,13.9,4,19,0,21,5.3
5091836,Jaxon Potter,Washington State,Pac-12,2025,95,67,3,0.705,4,604,6.4,,,,,,5,5,0,8,1.6
5091891,Lamar Sperling,Buffalo,Mid-American,2025,,,,,,,,8,3,0,12,4.0,39,63,1,234,6.0
5092200,Preston Rex,BYU,Big 12,2025,,,,,,,,32,3,0,50,16.7,13,9,0,30,2.3
5092201,Samisoni Peaua,Western Oregon,Lone Star,2025,,,,,,,,5,1,0,5,5.0,,,,,
5092256,Cole Rhett,Toledo,Mid-American,2025,,,,,,,,-3,1,0,-3,-3.0,,,,,
5092275,Ty Dieffenbach,Cal Poly,Big Sky,2025,162,92,9,0.568,9,1305,8.1,0,1,0,0,0.0,67,43,4,321,4.8
5092322,Dominic Dutton,Western Carolina,Southern,2025,,,,,,,,51,25,2,314,12.6,9,10,0,39,4.3
5092348,Jaden Gibson,Samford,Southern,2025,3,2,0,0.667,0,23,7.7,47,44,0,405,9.2,,,,,
5092352,Chris Lofton,Gardner-Webb,Big South-OVC,2025,,,,,,,,67,55,4,917,16.7,1,0,0,-4,-4.0
5092410,Dorian Fleming,Maryland,Big Ten,2025,,,,,,,,48,40,3,351,8.8,,,,,
5092419,Josh Altsman,Pittsburgh,ACC,2025,,,,,,,,20,6,1,51,8.5,,,,,
5092438,Raeden Oliver,Morgan State,MEAC,2025,2,2,0,1.000,0,11,5.5,,,,,,,,,,
5092477,Nicholas Cenacle,Hawai'i,Mountain West,2025,,,,,,,,26,28,2,223,8.0,,,,,
5092483,Josiah Freeman,Fresno State,Mountain West,2025,,,,,,,,51,52,6,642,12.3,3,9,0,17,5.7
5092484,Ryan Warkentin,Fresno State,Mountain West,2025,,,,,,,,,,,,,1,5,0,5,5.0
5092508,Colbie Young,Georgia,SEC,2025,,,,,,,,45,26,1,358,13.8,,,,,
5092511,Brock Hansel,UCF,Big 12,2025,3,1,1,0.333,0,11,3.7,,,,,,,,,,
5092662,JD Sherrod,Southeast Missouri State,Big South-OVC,2025,1,0,0,0.000,0,0,0.0,,,,,,1,0,0,-3,-3.0
5092663,Jarvis Jones,Towson,CAA,2025,,,,,,,,28,7,0,76,10.9,,,,,
5092787,Marlion Jackson,Louisiana Tech,Conference USA,2025,,,,,,,,52,20,2,370,18.5,3,14,0,19,6.3
5092806,Travion Solomon,Mercer,Southern,2025,,,,,,,,21,13,0,141,10.8,,,,,
5092811,CJ Miller,Mercer,Southern,2025,,,,,,,,59,26,3,314,12.1,168,79,14,953,5.7
5092813,Isaiah Washburn,Bethune-Cookman,SWAC,2025,,,,,,,,12,1,0,12,12.0,4,2,0,3,0.8
5092824,Sawyer Burt,Mercer,Southern,2025,,,,,,,,0,1,0,0,0.0,,,,,
5092954,Max Dowling,Massachusetts,Mid-American,2025,,,,,,,,77,20,3,199,10.0,,,,,
5092976,Todd Pelino,Duke,ACC,2025,,,,,,,,,,,,,1,26,0,26,26.0
5092983,Luke Shields,Tennessee Tech,Big South-OVC,2025,,,,,,,,94,6,3,179,29.8,,,,,
5093009,Carl Chester,Southern Miss,Sun Belt,2025,,,,,,,,52,30,6,550,18.3,,,,,
5093137,Isaac Koch,Kansas State,Big 12,2025,,,,,,,,6,2,0,12,6.0,,,,,
5093148,Nebanye Moore,Charleston Southern,Big South-OVC,2025,,,,,,,,41,24,0,248,10.3,,,,,
5093183,Demarcus Lacey,Marshall,Sun Belt,2025,,,,,,,,68,65,5,769,11.8,19,32,0,157,8.3
5093185,Noah Walters,Oklahoma State,Big 12,2025,14,6,0,0.429,1,72,5.1,,,,,,9,9,0,19,2.1
5093197,Jalyn Daniels,North Alabama,UAC,2025,,,,,,,,44,5,0,109,21.8,44,45,2,309,7.0
5093217,Kaleb Heatherly,North Alabama,UAC,2025,,,,,,,,43,17,2,223,13.1,,,,,
5093292,Cade Carruth,Alabama,SEC,2025,,,,,,,,,,,,,1,10,0,10,10.0
5093344,James Scott,San Diego,Pioneer,2025,,,,,,,,5,1,0,5,5.0,19,16,0,60,3.2
5093345,Dylan Lawson,San Diego,Pioneer,2025,,,,,,,,7,1,0,7,7.0,,,,,
5093347,Peyton Smith,San Diego,Pioneer,2025,,,,,,,,24,20,0,151,7.6,,,,,
5093362,Cole Monach,San Diego,Pioneer,2025,,,,,,,,73,54,6,822,15.2,,,,,
5093363,Adam Criter,San Diego,Pioneer,2025,,,,,,,,17,23,0,136,5.9,180,79,12,927,5.2
5093373,Hayden Kincheloe,Idaho,Big Sky,2025,,,,,,,,,,,,,18,5,1,40,2.2
5093395,Zachary Dodson-Green,Portland State,Big Sky,2025,1,0,1,0.000,0,0,0.0,42,36,1,290,8.1,1,12,0,12,12.0
5093396,Rylan Schlepp,Montana State,Big Sky,2025,,,,,,,,15,8,0,43,5.4,,,,,
5093750,Jack Fairchild,Southern Utah,UAC,2025,,,,,,,,16,3,0,32,10.7,,,,,
5093752,Noah Cronquist,Eastern Washington,Big Sky,2025,1,1,0,1.000,0,33,33.0,52,32,1,374,11.7,2,6,0,7,3.5
5093761,Chance Arbon,Southern Utah,UAC,2025,,,,,,,,26,1,0,26,26.0,,,,,
5093763,Raymon Crump,Southern Utah,UAC,2025,,,,,,,,30,1,0,30,30.0,,,,,
5093767,Zachary Mitchell,Incarnate Word,Southland,2025,,,,,,,,28,11,0,91,8.3,,,,,
5093792,Reese Woerner,Tarleton State,UAC,2025,,,,,,,,,,,,,3,4,0,4,1.3
5093828,Daniel Ufua,Hampton,CAA,2025,,,,,,,,,,,,,1,1,0,1,1.0
5093836,Evan King,Buffalo,Mid-American,2025,,,,,,,,16,9,0,68,7.6,,,,,
5093837,Chris Hunter,Arizona,Big 12,2025,,,,,,,,35,27,2,372,13.8,,,,,
5093886,Kamari Moulton,Iowa,Big Ten,2025,,,,,,,,16,16,0,97,6.1,170,34,5,878,5.2
5093925,Jaden Proctor,East Texas A&M,Southland,2025,,,,,,,,26,23,2,226,9.8,2,4,0,6,3.0
5093929,Eric Rodriguez,East Texas A&M,Southland,2025,206,123,8,0.597,11,1402,6.8,,,,,,80,22,2,132,1.7
5093944,EJ Oakmon,East Texas A&M,Southland,2025,,,,,,,,29,13,0,93,7.2,81,34,9,357,4.4
5093964,Austin Samaha,Incarnate Word,Southland,2025,,,,,,,,10,1,0,10,10.0,1,1,1,1,1.0
5093994,Dawson Hearne,Tarleton State,UAC,2025,,,,,,,,26,10,6,101,10.1,,,,,
5094030,Michael Bennett,Yale,Ivy,2025,,,,,,,,,,,,,0,0,0,-2,0
5094031,Leo Bluhm,Yale,Ivy,2025,,,,,,,,,,,,,1,0,0,0,0.0
5094032,Nico Brown,Yale,Ivy,2025,,,,,,,,64,71,11,1085,15.3,1,9,0,9,9.0
5094035,Wilhelm Daal,Yale,Ivy,2025,,,,,,,,12,11,0,51,4.6,80,81,2,439,5.5
5094042,Joshua Pitsenberger,Yale,Ivy,2025,,,,,,,,26,16,0,128,8.0,313,62,19,1571,5.0
5094043,Cameron Price,Yale,Ivy,2025,,,,,,,,18,1,0,18,18.0,7,6,1,17,2.4
5094046,Aidan Stephens,Yale,Ivy,2025,,,,,,,,11,13,0,72,5.5,,,,,
5094129,Donovan Wadley,Central Connecticut,NEC,2025,,,,,,,,51,24,3,469,19.5,1,4,0,4,4.0
5095076,Karim Page,East Tennessee State,Southern,2025,,,,,,,,32,30,3,304,10.1,,,,,
5095077,Ephraim Floyd,East Tennessee State,Southern,2025,1,1,0,1.000,1,70,70.0,45,63,2,613,9.7,2,1,0,-1,-0.5
5095078,Jayden Brown,UConn,FBS Independents,2025,,,,,,,,15,5,0,27,5.4,32,49,2,262,8.2
5095089,Aaron McIver,Gardner-Webb,Big South-OVC,2025,,,,,,,,,,,,,0,0,0,-5,0
5095094,Caleb Borders,Gardner-Webb,Big South-OVC,2025,,,,,,,,43,27,4,468,17.3,,,,,
5095095,Hakeem Meggett,East Tennessee State,Southern,2025,,,,,,,,42,16,5,377,23.6,,,,,
5095096,AJ Johnson,UAB,American Athletic,2025,,,,,,,,21,1,0,21,21.0,,,,,
5095112,Zach Tanner,Robert Morris,NEC,2025,166,84,2,0.506,11,1069,6.4,,,,,,27,10,0,-29,-1.1
5095114,Nate Garnett,Austin Peay,UAC,2025,,,,,,,,70,18,2,322,17.9,7,15,0,56,8.0
5095137,Garrison Curry,Presbyterian,Pioneer,2025,,,,,,,,10,4,1,26,6.5,,,,,
5095138,Trevor Wilson,Campbell,CAA,2025,,,,,,,,30,22,1,193,8.8,,,,,
5095219,Dareion Murphy,Princeton,Ivy,2025,,,,,,,,20,8,0,42,5.3,35,18,3,137,3.9
5095237,Charley Rossi,Princeton,Ivy,2025,,,,,,,,55,12,0,153,12.8,,,,,
5095242,Cyrus Ellison,South Carolina State,MEAC,2025,,,,,,,,43,14,1,159,11.4,,,,,
5095245,Andre Washington,Alcorn State,SWAC,2025,9,4,0,0.444,0,15,1.7,,,,,,9,22,0,32,3.6
5095260,Shamontae Burgess,South Carolina State,MEAC,2025,,,,,,,,49,5,1,103,20.6,2,5,0,6,3.0
5095360,Eric Singleton Jr.,Auburn,SEC,2025,1,0,0,0.000,0,0,0.0,48,58,3,534,9.2,14,16,0,61,4.4
5095771,Ethan Greenwood,Long Island University,NEC,2025,92,52,3,0.565,3,645,7.0,7,1,0,7,7.0,102,65,4,416,4.1
5095775,JJ Hudson,The Citadel,Southern,2025,,,,,,,,9,3,0,22,7.3,,,,,
5095780,Corey Ibrahim,The Citadel,Southern,2025,,,,,,,,0,1,0,-3,-3.0,24,26,0,50,2.1
5095794,Ha'Keem Monroe,The Citadel,Southern,2025,,,,,,,,3,1,0,3,3.0,,,,,
5095797,James Platte,The Citadel,Southern,2025,1,1,0,1.000,0,8,8.0,,,,,,,,,,
5095815,Chris Mosley,North Carolina Central,MEAC,2025,,,,,,,,50,30,2,324,10.8,188,75,8,1020,5.4
5095834,Luke Bracey,North Carolina Central,MEAC,2025,,,,,,,,25,8,1,53,6.6,,,,,
5095835,Chauncey Spikes,North Carolina Central,MEAC,2025,,,,,,,,80,48,9,664,13.8,,,,,
5095915,Moussa Barry,Western Kentucky,Conference USA,2025,,,,,,,,48,34,1,488,14.4,,,,,
5096107,C'Quan Jnopierre,Florida International,Conference USA,2025,,,,,,,,64,5,0,126,25.2,4,9,0,19,4.8
5096598,Cameren Smith,Charlotte,American Athletic,2025,,,,,,,,17,11,0,57,5.2,62,13,0,220,3.5
5096643,Bryson Burns,Southeast Missouri State,Big South-OVC,2025,,,,,,,,17,7,0,62,8.9,,,,,
5096665,Joshua Tracey,New Haven,NEC,2025,,,,,,,,64,24,4,391,16.3,4,11,0,24,6.0
5096807,Connor Wisham,Prairie View A&M,SWAC,2025,,,,,,,,10,1,0,10,10.0,12,14,0,51,4.3
5096861,Isaiah Robinson,Incarnate Word,Southland,2025,,,,,,,,4,2,0,7,3.5,11,17,0,44,4.0
5096863,Kole Wilson,Baylor,Big 12,2025,,,,,,,,64,44,5,591,13.4,3,4,0,0,0.0
5096878,Dekalon Taylor,Colorado,Big 12,2025,,,,,,,,22,10,2,106,10.6,19,23,0,83,4.4
5096894,Chase Collyer,Yale,Ivy,2025,,,,,,,,7,1,0,7,7.0,,,,,
5096903,Ty Yocum,Merrimack,FCS Independents,2025,,,,,,,,11,1,0,11,11.0,1,4,0,4,4.0
5096941,Jacorian Sewell,Alcorn State,SWAC,2025,,,,,,,,12,13,0,48,3.7,133,99,6,764,5.7
5096968,Trenton Leary,Texas Southern,SWAC,2025,,,,,,,,48,31,2,314,10.1,2,15,0,17,8.5
5096969,Kerien Charlo,Texas Southern,SWAC,2025,,,,,,,,43,30,1,284,9.5,4,16,0,38,9.5
5096981,Daveon Ford,Texas Southern,SWAC,2025,,,,,,,,19,9,0,71,7.9,44,15,1,145,3.3
5097058,Zachary Palmer-Smith,UL Monroe,Sun Belt,2025,,,,,,,,13,7,0,47,6.7,115,56,4,660,5.7
5097140,Mason Andrade,Wake Forest,ACC,2025,,,,,,,,,,,,,1,4,0,4,4.0
5097193,Isaiah Lemmond,William & Mary,CAA,2025,,,,,,,,26,26,0,268,10.3,1,17,0,17,17.0
5097365,Michael Kirch,Florida Atlantic,American Athletic,2025,,,,,,,,41,15,3,159,10.6,,,,,
5097854,Lance Mason,Wisconsin,Big Ten,2025,,,,,,,,45,30,4,398,13.3,1,7,0,7,7.0
5097945,Josh Shaw,South Carolina State,MEAC,2025,,,,,,,,,,,,,43,41,3,255,5.9
5098133,Alex Jreige,UAlbany,CAA,2025,,,,,,,,9,12,1,44,3.7,36,13,0,124,3.4
5098135,Isaiah Smith,Hampton,CAA,2025,,,,,,,,14,4,0,46,11.5,,,,,
5098448,Isaiah Freeman,Hampton,CAA,2025,67,35,2,0.522,3,343,5.1,,,,,,43,63,1,248,5.8
5098472,Jayden Jenkins,Delaware State,MEAC,2025,,,,,,,,41,9,0,101,11.2,25,64,0,194,7.8
5098573,Matthew Broad,Northwestern State,Southland,2025,,,,,,,,,,,,,2,1,0,-1,-0.5
5098580,Griffin Woodell,UAlbany,CAA,2025,,,,,,,,46,22,1,210,9.5,90,34,1,389,4.3
5098591,Carter Moses,UAlbany,CAA,2025,,,,,,,,33,26,2,321,12.3,,,,,
5098754,Dupree Fuller,Southern,SWAC,2025,,,,,,,,54,13,1,159,12.2,,,,,
5098950,Cal Mcgough,Sacramento State,Big Sky,2025,,,,,,,,5,1,0,5,5.0,1,13,0,13,13.0
5099305,Antonio Meeks,Louisville,ACC,2025,,,,,,,,23,17,1,189,11.1,1,0,0,-5,-5.0
5099736,Ja'shon Benjamin,Rutgers,Big Ten,2025,,,,,,,,6,4,0,19,4.8,68,19,2,328,4.8
5099744,Jaxson Isaac,Arkansas-Pine Bluff,SWAC,2025,,,,,,,,17,6,1,49,8.2,,,,,
5100330,MJ Chirgwin,Alabama,SEC,2025,,,,,,,,20,2,1,31,15.5,,,,,
5100367,Gianni Rossitto,Maine,CAA,2025,,,,,,,,24,9,1,145,16.1,,,,,
5100368,Francisco Pratts III,Maine,CAA,2025,,,,,,,,5,1,0,5,5.0,,,,,
5100516,Damien Mazil,Wagner,NEC,2025,39,18,1,0.462,0,97,2.5,6,1,0,6,6.0,16,75,1,132,8.3
5100582,Hudson Clement,Illinois,Big Ten,2025,,,,,,,,27,36,3,454,12.6,,,,,
5100583,Will Dixon,Rhode Island,CAA,2025,,,,,,,,2,1,1,2,2.0,,,,,
5100642,Brown Norton,Dayton,Pioneer,2025,,,,,,,,3,1,0,3,3.0,,,,,
5100750,Bryce LaFollette,Towson,CAA,2025,2,2,0,1.000,0,15,7.5,,,,,,1,19,0,19,19.0
5101124,Micah Alejado,Hawai'i,Mountain West,2025,430,285,9,0.663,24,3106,7.2,,,,,,81,30,1,105,1.3
5101286,Jaden Meizinger,Drake,Pioneer,2025,,,,,,,,22,4,1,34,8.5,67,48,1,333,5.0
5101621,Brandon Ramirez,Fresno State,Mountain West,2025,,,,,,,,32,5,0,52,10.4,60,19,3,271,4.5
5102160,Derek Burrell,Wagner,NEC,2025,1,0,1,0.000,0,0,0.0,15,9,0,81,9.0,,,,,
5102556,Cataurus Hicks,Pittsburgh,ACC,2025,,,,,,,,84,24,4,422,17.6,3,0,0,-5,-1.7
5102582,Landon Bell,Colorado State,Mountain West,2025,,,,,,,,17,2,0,28,14.0,,,,,
5102806,Alex McDonald,Youngstown State,MVFC,2025,,,,,,,,23,12,3,120,10.0,,,,,
5103084,Jackson Lanier,Morehead State,Pioneer,2025,,,,,,,,17,3,0,29,9.7,55,16,2,169,3.1
5103239,Ashley Tucker Jr.,Alabama A&M,SWAC,2025,4,0,1,0.000,0,0,0.0,,,,,,2,11,0,14,7.0
5103443,Jhae Drummer,Oregon State,Pac-12,2025,,,,,,,,4,1,0,4,4.0,,,,,
5103639,Trelain Maddox,Georgia Tech,ACC,2025,,,,,,,,7,1,0,7,7.0,11,9,1,38,3.5
5103798,Daelen Alexander,Rice,American Athletic,2025,,,,,,,,,,,,,74,57,3,392,5.3
5103836,Marshaun Brown,Nevada,Mountain West,2025,,,,,,,,22,16,1,164,10.3,,,,,
5103852,Dalton Carnes,North Texas,American Athletic,2025,,,,,,,,21,7,0,80,11.4,,,,,
5103912,Aaron Arteaga,Maine,CAA,2025,,,,,,,,44,4,0,63,15.8,,,,,
5104052,David Alpers,South Dakota State,MVFC,2025,,,,,,,,6,1,0,6,6.0,,,,,
5104212,Jaren Hamilton,Arizona State,Big 12,2025,,,,,,,,49,7,0,169,24.1,2,0,0,-1,-0.5
5104573,Earl Woods,Hampton,CAA,2025,48,33,1,0.688,1,285,5.9,,,,,,35,66,3,287,8.2
5104738,Ryan Browne,Purdue,Big Ten,2025,338,199,10,0.589,9,2153,6.4,14,2,1,11,5.5,66,26,4,206,3.1
5104817,Jackson Wasserstrom,Indiana,Big Ten,2025,,,,,,,,17,2,0,21,10.5,,,,,
5104821,Brady Simmons,Miami (OH),Mid-American,2025,,,,,,,,9,1,0,9,9.0,,,,,
5104855,Dajwon Deloach,Alabama A&M,SWAC,2025,,,,,,,,,,,,,4,10,0,29,7.3
5104888,Grady O'Neill,Sam Houston,Conference USA,2025,,,,,,,,29,38,1,392,10.3,1,0,0,-5,-5.0
5104968,Gabe Nunez,Southern Utah,UAC,2025,,,,,,,,43,56,4,647,11.6,,,,,
5105269,Sacovie White,Georgia,SEC,2025,,,,,,,,20,8,0,70,8.8,,,,,
5105334,Jackson Gilkey,Weber State,Big Sky,2025,115,59,9,0.513,4,693,6.0,,,,,,51,50,1,227,4.5
5105336,Conner Kenyon,Rhode Island,CAA,2025,38,26,0,0.684,3,299,7.9,,,,,,3,6,0,0,0.0
5105849,Devon Dampier,Utah,Big 12,2025,334,212,5,0.635,24,2490,7.5,,,,,,146,59,10,835,5.7
5106299,Ca'Lil Valentine,Illinois,Big Ten,2025,,,,,,,,18,10,0,55,5.5,131,25,4,614,4.7
5106897,Jack O'Connell,Stonehill,NEC,2025,316,192,6,0.608,14,1838,5.8,,,,,,88,20,1,86,1.0
5106906,Kierrie Conley,Southeast Missouri State,Big South-OVC,2025,,,,,,,,8,1,0,8,8.0,,,,,
5107875,Cole Tabb,Stanford,ACC,2025,,,,,,,,12,4,0,22,5.5,114,28,3,445,3.9
5108220,Kendrick Bell,Michigan,Big Ten,2025,,,,,,,,30,3,1,54,18.0,,,,,
5109317,David Lonergan,Wagner,NEC,2025,,,,,,,,,,,,,4,4,0,11,2.8
5109511,Cooper Rusk,Toledo,Mid-American,2025,,,,,,,,11,2,0,21,10.5,1,0,0,0,0.0
5109518,Beau Brungard,Youngstown State,MVFC,2025,403,277,3,0.687,26,3230,8.0,50,1,1,50,50.0,242,78,27,1468,6.1
5109526,Da'Shaun Whatley,Youngstown State,MVFC,2025,,,,,,,,8,1,0,8,8.0,2,8,0,12,6.0
5109541,Colt Sechrest,Youngstown State,MVFC,2025,,,,,,,,5,1,0,5,5.0,,,,,
5110019,Kyan Mason,Akron,Mid-American,2025,,,,,,,,62,33,5,481,14.6,1,0,0,-1,-1.0
5110029,Jaxon Branch,Eastern Washington,Big Sky,2025,,,,,,,,35,14,2,172,12.3,,,,,
5110168,Carter Nelson,Nebraska,Big Ten,2025,,,,,,,,8,2,0,11,5.5,,,,,
5110454,James Peoples,Ohio State,Big Ten,2025,,,,,,,,12,10,0,50,5.0,61,49,3,344,5.6
5110500,Kevin Riley,Alabama,SEC,2025,,,,,,,,27,19,1,176,9.3,59,22,2,224,3.8
5110516,Arnold Barnes,Tulane,American Athletic,2025,,,,,,,,12,2,0,16,8.0,51,14,0,217,4.3
5110535,Kyson Brown,Arizona State,Big 12,2025,,,,,,,,22,8,0,72,9.0,18,34,0,106,5.9
5110569,Anthony Miller Jr.,Tulane,American Athletic,2025,,,,,,,,18,5,1,60,12.0,,,,,
5110822,Paul Kuhner,Princeton,Ivy,2025,,,,,,,,51,10,0,190,19.0,,,,,
5111406,Tennel Bryant,South Dakota,MVFC,2025,,,,,,,,57,9,0,193,21.4,17,31,1,125,7.4
5112634,Jaylin Marshall,Georgia State,Sun Belt,2025,,,,,,,,24,4,0,67,16.8,,,,,
5112656,Manny Adebi,Vanderbilt,SEC,2025,,,,,,,,7,1,0,7,7.0,,,,,
5112660,Solomon Locke,Chattanooga,Southern,2025,,,,,,,,,,,,,17,40,2,136,8.0
5112674,Bryant Wesco Jr.,Clemson,ACC,2025,,,,,,,,73,31,6,537,17.3,1,4,0,4,4.0
5112719,Greyton Gannon,South Dakota State,MVFC,2025,,,,,,,,42,33,3,372,11.3,,,,,
5113896,Cole Lacrue,Eastern Illinois,Big South-OVC,2025,148,81,7,0.547,4,853,5.8,4,1,0,4,4.0,125,59,7,498,4.0
5114311,Jackson Harris,Hawai'i,Mountain West,2025,,,,,,,,78,49,12,963,19.7,,,,,
5114312,Will Monney,Oklahoma State,Big 12,2025,,,,,,,,23,3,0,39,13.0,,,,,
5114313,Jordan Onovughe,Stanford,ACC,2025,,,,,,,,12,2,0,17,8.5,,,,,
5114331,Suderian Harrison,Virginia,ACC,2025,1,0,0,0.000,0,0,0.0,56,2,0,62,31.0,,,,,
5114332,Jaivian Thomas,UCLA,Big Ten,2025,,,,,,,,12,10,0,64,6.4,82,32,1,306,3.7
5114593,Ivan Carreon,Oklahoma,SEC,2025,,,,,,,,32,2,0,35,17.5,,,,,
5114594,Brycen Coleman,Vanderbilt,SEC,2025,,,,,,,,54,3,1,67,22.3,1,8,0,8,8.0
5114784,Montez Green,Morehead State,Pioneer,2025,,,,,,,,15,11,0,94,8.5,,,,,
5116941,Korbin Hendrix,Montana,Big Sky,2025,,,,,,,,49,12,3,174,14.5,,,,,
5117836,Jamari Person,Liberty,Conference USA,2025,,,,,,,,20,28,0,315,11.3,,,,,
5117848,Evan Dangler,South Florida,American Athletic,2025,,,,,,,,1,1,1,1,1.0,,,,,
5118340,D'Angelo Ponds,Indiana,Big Ten,2025,,,,,,,,6,1,0,6,6.0,,,,,
5119233,Dayton Howard,Iowa,Big Ten,2025,,,,,,,,42,8,1,91,11.4,,,,,
5119307,Daniel Blood,Missouri,SEC,2025,,,,,,,,26,5,0,51,10.2,,,,,
5119434,Trey Weary,Tennessee,SEC,2025,,,,,,,,6,1,0,6,6.0,,,,,
5119569,Taye Brown,Arizona,Big 12,2025,,,,,,,,,,,,,1,0,0,-8,-8.0
5119658,JP Mikhael,Georgia Southern,Sun Belt,2025,,,,,,,,4,2,0,7,3.5,,,,,
5119659,Trent Thomas,South Alabama,Sun Belt,2025,,,,,,,,16,4,0,34,8.5,,,,,
5119743,Keynan Higgins,Colorado State,Mountain West,2025,,,,,,,,5,1,0,5,5.0,,,,,
5119841,Dru Deshields,Kent State,Mid-American,2025,240,136,3,0.567,18,2030,8.5,,,,,,61,15,3,38,0.6
5119868,Jaylen Lloyd,Oklahoma State,Big 12,2025,,,,,,,,,,,,,1,1,0,1,1.0
5120142,Tracy Stephens,Marshall,Sun Belt,2025,,,,,,,,14,2,1,18,9.0,,,,,
5120299,Patrick Overmyer,UTSA,American Athletic,2025,,,,,,,,45,27,5,344,12.7,19,2,1,23,1.2
5120317,Jordan Lovett,Troy,Sun Belt,2025,,,,,,,,26,13,0,86,6.6,89,22,2,339,3.8
5120369,Keelan Crimmins,Illinois,Big Ten,2025,,,,,,,,,,,,,1,0,0,-14,-14.0
5120454,Caleb Goodie,Cincinnati,Big 12,2025,,,,,,,,82,29,2,484,16.7,,,,,
5120456,Kwinten Ives,Nebraska,Big Ten,2025,,,,,,,,21,3,0,43,14.3,20,28,2,133,6.7
5120487,Braiden Staten,Florida International,Conference USA,2025,,,,,,,,18,3,0,26,8.7,,,,,
5120905,Brock Lium,Fresno State,Mountain West,2025,,,,,,,,8,2,0,10,5.0,,,,,
5120906,Caleb Mccreary,Tennessee State,Big South-OVC,2025,10,4,2,0.400,0,61,6.1,,,,,,7,8,0,-31,-4.4
5120971,Aziah Johnson,North Carolina,ACC,2025,,,,,,,,6,1,0,6,6.0,,,,,
5120977,Maxwell Moss,Hampton,CAA,2025,,,,,,,,64,31,1,430,13.9,1,5,0,5,5.0
5121030,Jeremy Hecklinski,Iowa,Big Ten,2025,2,2,0,1.000,0,8,4.0,,,,,,1,6,1,6,6.0
5121169,Darian Mensah,Duke,ACC,2025,500,334,6,0.668,34,3973,7.9,0,1,0,-11,-11.0,59,34,1,-32,-0.5
5121170,Aiden Meeks,Stephen F. Austin,Southland,2025,,,,,,,,43,7,0,119,17.0,,,,,
5121318,Mason Graham,Houston Christian,Southland,2025,,,,,,,,13,5,0,30,6.0,,,,,
5121334,Jayce Brown,Kansas State,Big 12,2025,,,,,,,,78,41,5,712,17.4,7,75,1,116,16.6
5121384,Ezekiel Avit,Fresno State,Mountain West,2025,,,,,,,,41,28,0,255,9.1,1,10,0,10,10.0
5121424,Ty Gordon,William & Mary,CAA,2025,,,,,,,,6,1,0,6,6.0,,,,,
5121453,Eli Finley,Louisiana Tech,Conference USA,2025,,,,,,,,73,38,0,445,11.7,,,,,
5121468,Jordon Harris,Missouri,SEC,2025,,,,,,,,20,4,0,48,12.0,,,,,
5121471,Tyshawn Russell,Syracuse,ACC,2025,,,,,,,,28,8,0,84,10.5,2,5,0,4,2.0
5121541,Cam Wallace,Penn State,Big Ten,2025,,,,,,,,12,1,0,12,12.0,6,9,0,23,3.8
5121601,Hunter Summers,Arkansas State,Sun Belt,2025,,,,,,,,43,44,4,505,11.5,,,,,
5121607,Ke'Marion Baldwin,Charleston Southern,Big South-OVC,2025,,,,,,,,19,8,0,38,4.8,159,89,6,778,4.9
5121616,Grayson Tempest,Tulsa,American Athletic,2025,,,,,,,,51,22,1,272,12.4,,,,,
5121636,Adam Parks,New Mexico State,Conference USA,2025,,,,,,,,7,1,0,7,7.0,,,,,
5121664,Kyle Mcneal,Florida International,Conference USA,2025,,,,,,,,30,31,1,310,10.0,1,20,0,20,20.0
5121666,Kameran Shanks,Arkansas,SEC,2025,,,,,,,,25,9,1,101,11.2,1,4,0,4,4.0
5121691,Blaze Berlowitz,Vanderbilt,SEC,2025,17,9,0,0.529,1,131,7.7,,,,,,11,43,1,81,7.4
5121693,Bricen Brantley,Wyoming,Mountain West,2025,,,,,,,,20,5,0,33,6.6,3,7,0,14,4.7
5121696,Nate Burleson II,Nevada,Mountain West,2025,,,,,,,,45,3,0,58,19.3,,,,,
5121709,Rickey Hunt,Middle Tennessee,Conference USA,2025,,,,,,,,34,13,0,94,7.2,34,15,1,111,3.3
5121720,Noah Meyers,Western Kentucky,Conference USA,2025,,,,,,,,62,32,3,357,11.2,,,,,
5121721,Jekail Middlebrook,Middle Tennessee,Conference USA,2025,,,,,,,,48,40,3,412,10.3,140,72,4,752,5.4
5121744,Collin Carroll,Gardner-Webb,Big South-OVC,2025,,,,,,,,5,1,0,5,5.0,,,,,
5121745,Marshawn Ferguson,Hampton,CAA,2025,,,,,,,,35,27,1,270,10.0,5,14,1,30,6.0
5121746,Luke Harkless,Tennessee State,Big South-OVC,2025,,,,,,,,5,1,0,5,5.0,,,,,
5121750,Yamir Knight,SMU,ACC,2025,,,,,,,,61,54,5,637,11.8,1,2,0,2,2.0
5121763,Za'Marion Webber,Arkansas-Pine Bluff,SWAC,2025,,,,,,,,18,5,0,36,7.2,29,18,0,107,3.7
5121819,Luke Talich,Notre Dame,FBS Independents,2025,,,,,,,,84,1,1,84,84.0,,,,,
5121879,Keshaun Singleton,South Florida,American Athletic,2025,,,,,,,,66,50,8,877,17.5,,,,,
5121892,Dylan Joyce,Miami,ACC,2025,,,,,,,,,,,,,0,0,0,-2,0
5121893,Tony Livingston,Florida,SEC,2025,,,,,,,,38,11,2,119,10.8,,,,,
5121898,Nader Chirchi,UConn,FBS Independents,2025,,,,,,,,23,3,0,45,15.0,,,,,
5121936,Brandon Phelps,Arizona,Big 12,2025,,,,,,,,42,6,1,82,13.7,,,,,
5121998,Lakota Dippre,James Madison,Sun Belt,2025,,,,,,,,36,17,3,192,11.3,4,23,1,49,12.3
5122006,Landon Sides,North Texas,American Athletic,2025,,,,,,,,60,34,1,449,13.2,,,,,
5122018,Jacob Harris,Bowling Green,Mid-American,2025,,,,,,,,38,19,5,182,9.6,,,,,
5122043,Jaylen Poe,Northern Illinois,Mid-American,2025,,,,,,,,9,7,0,34,4.9,6,21,0,40,6.7
5122054,Aidan Armenta,UL Monroe,Sun Belt,2025,252,147,8,0.583,12,1619,6.4,,,,,,60,32,2,60,1.0
5122060,Peyton Faulkner,Towson,CAA,2025,,,,,,,,9,6,0,34,5.7,,,,,
5122072,Nic Trujillo,UL Monroe,Sun Belt,2025,,,,,,,,52,23,4,368,16.0,,,,,
5122076,Cole Weaver,Miami (OH),Mid-American,2025,,,,,,,,36,45,1,642,14.3,,,,,
5122081,Tyler Little,Arkansas State,Sun Belt,2025,,,,,,,,28,6,1,71,11.8,,,,,
5122096,Kedarius Wade,Louisiana,Sun Belt,2025,,,,,,,,19,2,0,25,12.5,,,,,
5122106,Jackson Worley,Troy,Sun Belt,2025,,,,,,,,13,7,1,57,8.1,,,,,
5122147,Vaughn Blue,Liberty,Conference USA,2025,,,,,,,,59,8,1,119,14.9,47,22,2,234,5.0
5122155,Brady Tillman,Edward Waters,SIAC,2025,,,,,,,,,,,,,6,5,0,13,2.2
5122157,Caden Creel,Jacksonville State,Conference USA,2025,211,130,4,0.616,9,1514,7.2,4,1,0,4,4.0,182,73,7,1075,5.9
5122162,Jordan Smith,Nicholls,Southland,2025,,,,,,,,12,4,0,42,10.5,,,,,
5122231,Harlem Berry,LSU,SEC,2025,,,,,,,,13,8,0,32,4.0,104,43,2,491,4.7
5122401,Darius Curry,Colorado State,Mountain West,2025,107,70,7,0.654,5,740,6.9,,,,,,17,20,0,25,1.5
5122403,Lorenzo Jenkins,Bethune-Cookman,SWAC,2025,,,,,,,,55,23,2,361,15.7,,,,,
5122448,JB Price,Kansas State,Big 12,2025,,,,,,,,,,,,,9,12,0,18,2.0
5122553,Peyton Lewis,Tennessee,SEC,2025,,,,,,,,15,4,0,42,10.5,70,32,7,290,4.1
5122554,Xavier Robinson,Oklahoma,SEC,2025,,,,,,,,21,15,1,106,7.1,83,65,4,421,5.1
5122883,Dylan Lee,Iowa State,Big 12,2025,,,,,,,,0,1,0,0,0.0,25,28,1,117,4.7
5122887,Luke Moga,Oregon,Big Ten,2025,5,3,0,0.600,0,58,11.6,,,,,,3,25,0,49,16.3
5123048,Jason Patterson,Kentucky,SEC,2025,,,,,,,,19,17,1,85,5.0,57,29,1,225,3.9
5123193,Xavier Jordan,USC,Big Ten,2025,,,,,,,,14,4,0,35,8.8,,,,,
5123477,Courtney Crutchfield,Arkansas,SEC,2025,,,,,,,,26,2,0,35,17.5,,,,,
5123988,Taylor Bradshaw,Georgia Southern,Sun Belt,2025,,,,,,,,22,16,1,131,8.2,1,8,0,8,8.0
5124334,PJ Martin,South Alabama,Sun Belt,2025,,,,,,,,35,5,0,49,9.8,60,38,2,326,5.4
5124338,Josh Ford,Oklahoma State,Big 12,2025,,,,,,,,26,3,1,45,15.0,,,,,
5124516,Tre' Hartwell,Western Michigan,Mid-American,2025,,,,,,,,,,,,,12,11,0,34,2.8
5124584,Blake Barnett,Kansas State,Big 12,2025,,,,,,,,,,,,,14,11,0,40,2.9
5124975,Juelz Goff,Pittsburgh,ACC,2025,,,,,,,,15,12,0,93,7.8,69,17,5,270,3.9
5125012,Ismael Smith Flores,UT Rio Grande Valley,Southland,2025,,,,,,,,43,19,6,227,11.9,,,,,
5125301,Carson Cruver,Florida Atlantic,American Athletic,2025,2,0,0,0.000,0,0,0.0,,,,,,,,,,
5125335,Rodney Fields Jr.,Oklahoma State,Big 12,2025,,,,,,,,63,28,1,276,9.9,124,41,1,614,5.0
5125366,Sesi Vailahi,Oklahoma State,Big 12,2025,,,,,,,,16,8,0,54,6.8,42,14,2,152,3.6
5125521,Arhmad Branch,Purdue,Big Ten,2025,,,,,,,,49,14,2,212,15.1,,,,,
5125525,Jahzae Kimbrough,Kent State,Mid-American,2025,,,,,,,,13,4,0,28,7.0,39,12,0,97,2.5
5125535,Gerard Edimo,Stephen F. Austin,Southland,2025,,,,,,,,54,5,1,118,23.6,,,,,
5125580,Chad Alexander,Georgia Tech,ACC,2025,,,,,,,,0,2,0,-2,-1.0,2,2,0,3,1.5
5125593,Bailey Stockton,Georgia Tech,ACC,2025,,,,,,,,33,21,0,233,11.1,1,5,0,5,5.0
5125595,Eric Nelson,Florida International,Conference USA,2025,,,,,,,,34,8,1,125,15.6,,,,,
5125715,Colton Joseph,Old Dominion,Sun Belt,2025,288,173,10,0.601,21,2619,9.1,5,1,0,5,5.0,157,78,13,1011,6.4
5125726,CC Ezirim,Toledo,Mid-American,2025,,,,,,,,6,2,1,8,4.0,,,,,
5125730,Darrien Jones,UNLV,Mountain West,2025,,,,,,,,,,,,,2,6,0,9,4.5
5125733,Joey Mattord,Eastern Michigan,Mid-American,2025,,,,,,,,22,4,0,33,8.3,6,24,1,48,8.0
5125734,Luke Mcgary,Houston,Big 12,2025,,,,,,,,8,3,0,13,4.3,,,,,
5125754,Jai'Den Thomas,UNLV,Mountain West,2025,,,,,,,,27,38,1,233,6.1,148,70,12,1034,7.0
5125764,Jabin Ford,South Carolina State,MEAC,2025,,,,,,,,10,2,0,15,7.5,1,6,0,6,6.0
5125765,PJ Hatter,Georgia State,Sun Belt,2025,,,,,,,,,,,,,1,6,0,6,6.0
5125768,DeAngelo Irvin Jr.,UNLV,Mountain West,2025,,,,,,,,60,18,1,188,10.4,2,2,0,-1,-0.5
5125784,Tyler Jacklich,West Virginia,Big 12,2025,,,,,,,,,,,,,8,14,0,36,4.5
5125818,Hugo Gil,Charleston Southern,Big South-OVC,2025,,,,,,,,2,1,0,2,2.0,,,,,
5125819,Darrell Gill Jr.,Syracuse,ACC,2025,,,,,,,,43,32,5,506,15.8,1,1,0,1,1.0
5125823,DJ McKinney,New Mexico,Mountain West,2025,3,1,0,0.333,1,9,3.0,39,15,0,161,10.7,111,54,7,464,4.2
5125845,Jaleal Williams-Evans,Maine,CAA,2025,,,,,,,,12,1,0,12,12.0,,,,,
5125850,Tyree Kelly,Massachusetts,Mid-American,2025,,,,,,,,18,13,0,113,8.7,,,,,
5125900,Joshua Dye,Southern Utah,UAC,2025,,,,,,,,17,7,0,40,5.7,270,92,24,1660,6.1
5125905,Corri Milliner,UAB,American Athletic,2025,,,,,,,,49,24,3,341,14.2,,,,,
5126464,Deuce Adams,Louisville,ACC,2025,21,15,0,0.714,0,112,5.3,,,,,,14,11,0,33,2.4
5126467,Braden Graham,Holy Cross,Patriot,2025,72,41,2,0.569,2,295,4.1,,,,,,3,0,0,-13,-4.3
5126468,Will Hammond,Texas Tech,Big 12,2025,108,68,3,0.630,7,668,6.2,,,,,,43,64,5,299,7.0
5126470,Trever Jackson,Arkansas,SEC,2025,1,0,0,0.000,0,0,0.0,,,,,,,,,,
5126471,Daniel Kaelin,Virginia,ACC,2025,52,30,1,0.577,1,339,6.5,,,,,,12,54,0,72,6.0
5126472,JacQai Long,Marshall,Sun Belt,2025,18,6,0,0.333,0,31,1.7,,,,,,15,20,1,38,2.5
5126473,Whit Muschamp,Vanderbilt,SEC,2025,3,2,0,0.667,0,40,13.3,,,,,,1,8,0,8,8.0
5126474,Danny O'Neil,Wisconsin,Big Ten,2025,90,61,5,0.678,5,635,7.1,,,,,,50,21,1,58,1.2
5126510,Gideon Ituka,Wisconsin,Big Ten,2025,,,,,,,,0,1,0,0,0.0,60,18,0,255,4.3
5126511,Jaedon Matthews,Cal Poly,Big Sky,2025,,,,,,,,,,,,,4,7,0,9,2.3
5126512,D'Marius Rucker,East Tennessee State,Southern,2025,,,,,,,,4,1,0,4,4.0,15,15,1,67,4.5
5126513,Jayden Scott,NC State,ACC,2025,,,,,,,,28,15,0,132,8.8,106,69,4,595,5.6
5126514,Harry Stewart III,Kansas,Big 12,2025,,,,,,,,10,5,0,29,5.8,21,15,1,98,4.7
5126515,Sam Williams-Dixon,Ohio State,Big Ten,2025,,,,,,,,,,,,,3,6,1,9,3.0
5126524,Jakorion Caffey,Cincinnati,Big 12,2025,,,,,,,,,,,,,3,4,0,6,2.0
5126526,Malachi Durant,Oregon State,Pac-12,2025,,,,,,,,11,3,1,27,9.0,,,,,
5126532,Arkese Parks,South Florida,American Athletic,2025,,,,,,,,,,,,,1,0,0,0,0.0
5126534,Jeremy Scott,South Alabama,Sun Belt,2025,,,,,,,,74,24,4,417,17.4,,,,,
5126535,Aidan Steinfeldt,Richmond,Patriot,2025,,,,,,,,7,5,0,28,5.6,,,,,
5126537,Jamar Taylor Jr.,Florida A&M,SWAC,2025,,,,,,,,20,5,0,56,11.2,,,,,
5127696,Clayton Dees,Florida International,Conference USA,2025,4,3,0,0.750,0,25,6.3,,,,,,1,1,0,1,1.0
5127724,Christian Clark,Texas,SEC,2025,,,,,,,,23,4,0,57,14.3,55,22,2,236,4.3
5127810,Titus Cram,Northern Iowa,MVFC,2025,,,,,,,,,,,,,5,10,0,29,5.8
5127885,Kwazi Gilmer,UCLA,Big Ten,2025,,,,,,,,43,50,4,535,10.7,,,,,
5127900,Shay Smith,UTEP,Conference USA,2025,8,3,0,0.375,0,14,1.8,,,,,,13,8,1,30,2.3
5128052,Dillon Hipp,Missouri State,Conference USA,2025,,,,,,,,8,3,0,17,5.7,,,,,
5130407,Roger Saleapaga,Oregon,Big Ten,2025,,,,,,,,18,3,1,26,8.7,1,0,0,0,0.0
5130792,Nitro Tuggle,Purdue,Big Ten,2025,,,,,,,,36,34,4,505,14.9,,,,,
5132253,Isiah Canion,Georgia Tech,ACC,2025,,,,,,,,42,32,4,467,14.6,,,,,
5132629,Braylon Staley,Tennessee,SEC,2025,,,,,,,,73,68,6,837,12.3,,,,,
5132652,Ricky Johnson,Mississippi State,SEC,2025,,,,,,,,12,3,0,17,5.7,1,0,0,-7,-7.0
5132795,Matthew Ogunniyi,Massachusetts,Mid-American,2025,,,,,,,,3,1,0,3,3.0,,,,,
5132812,Aaron Philo,Georgia Tech,ACC,2025,28,21,1,0.750,1,373,13.3,,,,,,4,12,0,19,4.8
5134270,Trashon Dye,James Madison,Sun Belt,2025,,,,,,,,,,,,,2,8,0,12,6.0
5136049,Duke Watson,Louisville,ACC,2025,,,,,,,,30,6,1,49,8.2,49,15,1,158,3.2
5136180,Traville Frederick Jr.,Houston,Big 12,2025,,,,,,,,2,2,1,3,1.5,,,,,
5136754,Luke Carter,Northwestern State,Southland,2025,1,0,0,0.000,0,0,0.0,11,7,0,39,5.6,,,,,
5136838,Willie Rodriguez,Kentucky,SEC,2025,,,,,,,,53,23,1,310,13.5,,,,,
5138131,Deshawn Purdie,Wake Forest,ACC,2025,82,41,3,0.500,6,618,7.5,,,,,,11,13,0,-11,-1.0
5138132,Corey Smith,Purdue,Big Ten,2025,,,,,,,,60,14,1,237,16.9,,,,,
5138293,Reece Vander Zee,Iowa,Big Ten,2025,1,1,0,1.000,1,5,5.0,29,15,2,219,14.6,,,,,
5138451,Luke Reynolds,Penn State,Big Ten,2025,,,,,,,,22,26,0,257,9.9,2,26,0,26,13.0
5138656,Lane Wadle,Georgia State,Sun Belt,2025,,,,,,,,17,9,0,92,10.2,,,,,
5139055,Josh Ringer,Miami (OH),Mid-American,2025,,,,,,,,11,6,1,31,5.2,20,7,0,53,2.7
5139057,Ashton Bethel-Roman,Texas A&M,SEC,2025,,,,,,,,76,24,5,503,21.0,,,,,
5139093,Amir Jackson,Florida,SEC,2025,,,,,,,,18,3,1,29,9.7,,,,,
5139857,Caden Williams,Liberty,Conference USA,2025,,,,,,,,,,,,,56,25,0,243,4.3
5140261,Kason Stokes,Middle Tennessee,Conference USA,2025,,,,,,,,11,3,0,22,7.3,1,14,0,14,14.0
5140620,Connor Moberly,Iowa State,Big 12,2025,1,0,0,0.000,0,0,0.0,,,,,,4,13,0,29,7.3
5141351,Josiah Abdullah,Virginia,ACC,2025,,,,,,,,11,2,0,9,4.5,,,,,
5141359,Dillon Alfred,Ole Miss,SEC,2025,,,,,,,,26,1,0,26,26.0,,,,,
5141361,Justin Baker,Tennessee,SEC,2025,,,,,,,,,,,,,14,7,0,43,3.1
5141362,Jordan Allen,Georgia Tech,ACC,2025,,,,,,,,78,22,0,304,13.8,6,54,1,85,14.2
5141367,Bear Bachmeier,BYU,Big 12,2025,387,251,7,0.649,15,3033,7.8,3,1,0,3,3.0,147,22,11,527,3.6
5141378,Cutter Boley,Kentucky,SEC,2025,301,198,12,0.658,15,2160,7.2,,,,,,66,30,2,85,1.3
5141386,Tory Blaylock,Oklahoma,SEC,2025,,,,,,,,16,13,0,77,5.9,120,25,4,482,4.0
5141391,Dasaahn Brame,Tennessee,SEC,2025,,,,,,,,19,6,0,63,10.5,,,,,
5141394,Lotzeir Brooks,Alabama,SEC,2025,,,,,,,,53,32,2,441,13.8,5,2,0,7,1.4
5141395,EJ Colson,Incarnate Word,Southland,2025,296,210,4,0.709,16,2142,7.2,,,,,,108,30,3,287,2.7
5141402,Royal Capell,Oklahoma State,Big 12,2025,,,,,,,,13,10,0,47,4.7,2,6,0,10,5.0
5141406,Deion DeBlanc,Wyoming,Mountain West,2025,,,,,,,,20,17,0,90,5.3,10,13,1,54,5.4
5141419,Harry Dalton III,USC,Big Ten,2025,,,,,,,,,,,,,8,21,0,44,5.5
5141420,Marquise Davis,Missouri,SEC,2025,,,,,,,,,,,,,34,23,2,200,5.9
5141422,Gideon Davidson,Clemson,ACC,2025,,,,,,,,15,11,0,93,8.5,60,28,0,260,4.3
5141423,Jordon Davison,Oregon,Big Ten,2025,,,,,,,,14,12,0,62,5.2,112,67,15,667,6.0
5141426,AK Dear,Alabama,SEC,2025,,,,,,,,10,3,0,18,6.0,19,56,3,140,7.4
5141434,Elisha Durham,Ball State,Mid-American,2025,,,,,,,,8,4,0,26,6.5,,,,,
5141435,Jaime Ffrench,Texas,SEC,2025,,,,,,,,6,1,0,6,6.0,,,,,
5141445,Quanell Farrakhan Jr.,Colorado,Big 12,2025,,,,,,,,17,1,0,17,17.0,1,4,0,4,4.0
5141452,D'Shaun Ford,UL Monroe,Sun Belt,2025,,,,,,,,,,,,,13,14,0,44,3.4
5141461,Ryan Ghea,Auburn,SEC,2025,,,,,,,,13,2,0,20,10.0,,,,,
5141467,Luka Gilbert,Miami,ACC,2025,,,,,,,,20,2,0,37,18.5,,,,,
5141471,Hardley Gilmore IV,Kentucky,SEC,2025,,,,,,,,45,28,1,313,11.2,1,0,0,0,0.0
5141473,AJ Hill,Memphis,American Athletic,2025,32,19,1,0.594,1,223,7.0,,,,,,1,0,0,-6,-6.0
5141480,AJ Ia,Arizona State,Big 12,2025,,,,,,,,10,1,0,10,10.0,,,,,
5141487,Ty Hawkins,SMU,ACC,2025,1,1,0,1.000,0,9,9.0,,,,,,3,12,0,21,7.0
5141488,Zion Johnson,Cincinnati,Big 12,2025,,,,,,,,12,2,0,21,10.5,22,21,1,106,4.8
5141489,Tikey Hayes,Penn State,Big Ten,2025,,,,,,,,,,,,,3,10,0,18,6.0
5141499,Dierre Hill Jr.,Oregon,Big Ten,2025,,,,,,,,40,16,1,137,8.6,75,71,5,656,8.7
5141501,Gracen Harris,Mississippi State,SEC,2025,,,,,,,,4,1,0,4,4.0,,,,,
5141505,Eugene Hilton Jr.,Wisconsin,Big Ten,2025,,,,,,,,42,8,0,91,11.4,,,,,
5141506,Deuce Knight,Auburn,SEC,2025,25,17,0,0.680,2,259,10.4,,,,,,13,75,4,178,13.7
5141509,Karle Lacey Jr.,Texas,SEC,2025,1,1,0,1.000,0,7,7.0,,,,,,,,,,
5141517,Bo Jackson,Ohio State,Big Ten,2025,,,,,,,,23,19,1,200,10.5,179,64,6,1090,6.1
5141522,Iverson Howard,Maryland,Big Ten,2025,,,,,,,,2,2,0,3,1.5,39,10,0,125,3.2
5141524,Kaliq Lockett,Texas,SEC,2025,,,,,,,,30,5,1,47,9.4,,,,,
5141525,Koby Howard,Penn State,Big Ten,2025,,,,,,,,31,7,0,133,19.0,,,,,
5141531,Jamar Malone,Sacramento State,Big Sky,2025,,,,,,,,,,,,,1,3,0,3,3.0
5141535,Lloyd Jones III,Texas Tech,Big 12,2025,5,4,0,0.800,2,74,14.8,,,,,,3,13,0,15,5.0
5141555,Cameron Miller,Kentucky,SEC,2025,,,,,,,,20,13,0,141,10.8,,,,,
5141556,TJ Lateef,Nebraska,Big Ten,2025,123,74,1,0.602,5,904,7.3,,,,,,40,16,4,120,3.0
5141558,Davon Mitchell,Louisville,ACC,2025,,,,,,,,8,1,0,8,8.0,,,,,
5141559,Chris Lawson,Washington,Big Ten,2025,,,,,,,,42,10,0,115,11.5,,,,,
5141560,Ousmane Kromah,Florida State,ACC,2025,,,,,,,,43,9,1,147,16.3,72,23,0,408,5.7
5141561,Jamarion Morrow,Texas A&M,SEC,2025,,,,,,,,24,6,2,80,13.3,43,23,1,182,4.2
5141563,Husan Longstreet,USC,Big Ten,2025,15,13,0,0.867,1,103,6.9,,,,,,11,17,2,76,6.9
5141565,Byron Louis,Florida,SEC,2025,,,,,,,,,,,,,2,1,0,-2,-1.0
5141571,George MacIntyre,Tennessee,SEC,2025,9,7,0,0.778,0,69,7.7,,,,,,,,,,
5141572,Andrew Marsh,Michigan,Big Ten,2025,,,,,,,,69,45,4,651,14.5,2,23,1,13,6.5
5141575,Daylan Mccutcheon,Texas,SEC,2025,,,,,,,,26,7,0,74,10.6,,,,,
5141580,Adonis Moise,Kansas State,Big 12,2025,,,,,,,,18,6,0,56,9.3,2,6,0,8,4.0
5141582,Donovan Olugbode,Missouri,SEC,2025,,,,,,,,34,30,2,401,13.4,,,,,
5141584,Naeshaun Montgomery,Florida,SEC,2025,,,,,,,,12,3,0,26,8.7,,,,,
5141586,Dakorien Moore,Oregon,Big Ten,2025,,,,,,,,65,34,3,497,14.6,4,25,1,49,12.3
5141593,Joshua Moore,Miami,ACC,2025,,,,,,,,39,17,2,210,12.4,,,,,
5141597,Cooper Perry,Oregon,Big Ten,2025,,,,,,,,8,10,0,25,2.5,,,,,
5141598,Daune Morris,Tennessee,SEC,2025,,,,,,,,4,1,0,4,4.0,35,19,1,133,3.8
5141599,Cortez Mills Jr.,Nebraska,Big Ten,2025,,,,,,,,62,9,1,147,16.3,,,,,
5141601,Shamarius Peterkin,Virginia Tech,ACC,2025,,,,,,,,57,2,1,62,31.0,,,,,
5141602,Ryan Montgomery,Georgia,SEC,2025,1,1,0,1.000,0,12,12.0,,,,,,,,,,
5141605,Luke Nickel,Miami,ACC,2025,1,0,0,0.000,0,0,0.0,,,,,,,,,,
5141607,Isaiah Mozee,Nebraska,Big Ten,2025,,,,,,,,39,14,0,155,11.1,26,21,0,115,4.4
5141613,Quincy Porter,Ohio State,Big Ten,2025,,,,,,,,22,4,0,59,14.8,,,,,
5141625,Deante Ruffin,Kent State,Mid-American,2025,3,2,0,0.667,0,44,14.7,,,,,,6,10,0,6,1.0
5141629,Keelon Russell,Alabama,SEC,2025,15,11,0,0.733,2,143,9.5,,,,,,3,9,0,17,5.7
5141634,Steele Pizzella,Wake Forest,ACC,2025,1,0,0,0.000,0,0,0.0,,,,,,1,0,0,-1,-1.0
5141640,Cam Sapp,Pittsburgh,ACC,2025,,,,,,,,7,1,0,7,7.0,,,,,
5141653,Daylon Singleton,SMU,ACC,2025,,,,,,,,0,1,0,-1,-1.0,,,,,
5141656,Nate Roberts,Ohio State,Big Ten,2025,,,,,,,,15,4,0,30,7.5,2,1,0,1,0.5
5141657,Isaiah Robinson,Virginia,ACC,2025,,,,,,,,15,3,0,28,9.3,,,,,
5141661,Kevin Sperry,Florida State,ACC,2025,17,12,0,0.706,2,194,11.4,,,,,,7,18,0,27,3.9
5141671,Talyn Taylor,Georgia,SEC,2025,,,,,,,,19,2,0,28,14.0,,,,,
5141677,Ja'Kyrian Turner,Pittsburgh,ACC,2025,,,,,,,,28,25,0,150,6.0,140,56,7,747,5.3
5141684,Austin Simmons,Ole Miss,SEC,2025,75,45,5,0.600,4,744,9.9,,,,,,22,14,1,71,3.2
5141686,James Simon,Texas,SEC,2025,,,,,,,,8,3,0,1,0.3,29,16,0,122,4.2
5141687,Carter Smith,Wisconsin,Big Ten,2025,46,26,1,0.565,2,201,4.4,,,,,,44,16,1,87,2.0
5141692,Jojo Solis,Sacramento State,Big Sky,2025,,,,,,,,,,,,,3,3,0,6,2.0
5141694,Maurice Stephens,Kent State,Mid-American,2025,,,,,,,,,,,,,1,31,1,31,31.0
5141695,Malik Washington,Maryland,Big Ten,2025,473,273,9,0.577,17,2963,6.3,,,,,,55,73,4,317,5.8
5141697,Winston Watkins,Ole Miss,SEC,2025,,,,,,,,43,26,1,373,14.3,5,10,0,21,4.2
5141701,Isaiah West,Ohio State,Big Ten,2025,,,,,,,,12,2,0,12,6.0,59,38,2,310,5.3
5141711,Ryan Williams,Alabama,SEC,2025,,,,,,,,75,49,4,689,14.1,2,16,0,21,10.5
5141712,Bear Tenney,Sacramento State,Big Sky,2025,,,,,,,,25,2,1,40,20.0,,,,,
5141714,Kamran Williams,UNLV,Mountain West,2025,,,,,,,,,,,,,1,1,0,1,1.0
5141719,Elijah Thomas,Oklahoma,SEC,2025,,,,,,,,5,1,0,5,5.0,,,,,
5141722,Michael Thomas III,Rutgers,Big Ten,2025,,,,,,,,25,1,1,25,25.0,,,,,
5141723,Dallas Wilson,Florida,SEC,2025,,,,,,,,55,12,3,162,13.5,,,,,
5141729,Michael Terry III,Texas,SEC,2025,,,,,,,,,,,,,1,0,0,0,0.0
5141737,Dylan Vickerson,Alabama State,SWAC,2025,,,,,,,,19,5,0,59,11.8,7,12,0,26,3.7
5141740,Justin Thurman,Kansas,Big 12,2025,,,,,,,,,,,,,4,18,0,32,8.0
5141741,Bryce Underwood,Michigan,Big Ten,2025,335,202,9,0.603,11,2428,7.2,,,,,,88,37,6,392,4.5
5141744,Jack Van Dorselaer,Tennessee,SEC,2025,,,,,,,,7,5,1,23,4.6,,,,,
5141746,Jacorey Watson,Baylor,Big 12,2025,,,,,,,,4,2,0,6,3.0,,,,,
5141748,Cornelius Warren,Arizona,Big 12,2025,,,,,,,,,,,,,7,11,0,32,4.6
5141749,CJ Wiley,Georgia,SEC,2025,,,,,,,,12,3,0,20,6.7,,,,,
5141754,Armoni Weaver,West Virginia,Big 12,2025,,,,,,,,,,,,,1,29,0,29,29.0
5141756,Elyiss Williams,Georgia,SEC,2025,,,,,,,,27,7,1,117,16.7,,,,,
5141757,Emaree Winston,Texas,SEC,2025,,,,,,,,33,2,0,47,23.5,,,,,
5141763,Amaree Williams,Florida State,ACC,2025,,,,,,,,35,2,1,51,25.5,,,,,
5141795,Braylon Isom,Miami (OH),Mid-American,2025,,,,,,,,27,10,3,141,14.1,,,,,
5141975,Tanook Hines,USC,Big Ten,2025,,,,,,,,51,34,2,561,16.5,,,,,
5142140,Khobie Martin,Indiana,Big Ten,2025,,,,,,,,14,1,0,14,14.0,77,36,6,506,6.6
5142146,Thomas Gotkowski,Miami (OH),Mid-American,2025,86,38,1,0.442,4,575,6.7,,,,,,31,18,1,115,3.7
5142226,Xavier Williams,Iowa,Big Ten,2025,,,,,,,,20,7,0,43,6.1,49,43,3,285,5.8
5142238,Tyler Mason,Virginia Tech,ACC,2025,,,,,,,,3,2,1,3,1.5,3,13,0,20,6.7
5142261,Brevin Doll,Iowa,Big Ten,2025,,,,,,,,,,,,,2,2,0,3,1.5
5142264,Jay Lindsey,Alabama,SEC,2025,,,,,,,,8,2,0,7,3.5,,,,,
5142265,Ryan Ward,West Virginia,Big 12,2025,,,,,,,,16,6,1,41,6.8,,,,,
5142321,Chris Wheatley-Humphrey,Miami,ACC,2025,,,,,,,,,,,,,22,19,0,108,4.9
5142588,Koi Perich,Minnesota,Big Ten,2025,,,,,,,,24,7,0,89,12.7,5,6,0,9,1.8
5142591,Kaleb Edwards,Alabama,SEC,2025,,,,,,,,30,11,1,150,13.6,,,,,
5142600,Waden Charles,UCF,Big 12,2025,,,,,,,,30,26,0,290,11.2,1,2,0,2,2.0
5142604,Brock Schott,Miami,ACC,2025,,,,,,,,14,2,0,24,12.0,,,,,
5142704,Carson Bruhn,Kansas,Big 12,2025,,,,,,,,16,5,0,55,11.0,,,,,
5142743,Dakota Taylor,Kent State,Mid-American,2025,,,,,,,,6,1,0,6,6.0,,,,,
5142753,Jesse Watson,Purdue,Big Ten,2025,,,,,,,,24,8,2,80,10.0,,,,,
5143191,Micah Ford,Stanford,ACC,2025,1,0,0,0.000,0,0,0.0,54,11,0,119,10.8,145,75,4,643,4.4
5143595,Shaun Boykins,Louisville,ACC,2025,,,,,,,,5,1,0,5,5.0,37,26,1,190,5.1
5143596,Jackson Ford,San Diego State,Mountain West,2025,,,,,,,,18,10,1,86,8.6,,,,,
5143842,Brock Montgomery,Tennessee State,Big South-OVC,2025,,,,,,,,27,20,0,203,10.2,,,,,
5143919,Jordan Malau'ulu,Fresno State,Mountain West,2025,,,,,,,,18,9,0,88,9.8,,,,,
5143920,John Rogers,Virginia,ACC,2025,,,,,,,,26,9,1,101,11.2,,,,,
5144023,Jackson Voth,Drake,Pioneer,2025,,,,,,,,35,48,4,536,11.2,,,,,
5144078,Ethan Grunkemeyer,Penn State,Big Ten,2025,178,123,4,0.691,8,1339,7.5,,,,,,35,10,1,-46,-1.3
5144084,Jahmari Powell-Wonson,Maryland,Big Ten,2025,,,,,,,,9,2,0,14,7.0,,,,,
5144160,Keelan Smith,Nebraska,Big Ten,2025,,,,,,,,15,2,0,18,9.0,,,,,
5144164,Riley Wormley,USC,Big Ten,2025,,,,,,,,17,2,0,26,13.0,5,6,0,18,3.6
5144313,Michael Merdinger,Liberty,Conference USA,2025,41,21,0,0.512,1,350,8.5,,,,,,19,20,1,28,1.5
5144785,Julian Johnson,Minnesota,Big Ten,2025,,,,,,,,5,1,0,5,5.0,,,,,
5144853,Landon Wright,Washington State,Pac-12,2025,,,,,,,,39,7,2,121,17.3,,,,,
5144959,Drake Lindsey,Minnesota,Big Ten,2025,389,246,6,0.632,18,2382,6.1,,,,,,34,3,4,-119,-3.5
5144962,Jalen Smith,Minnesota,Big Ten,2025,,,,,,,,78,28,4,419,15.0,,,,,
5145207,Bryce Cain,Auburn,SEC,2025,,,,,,,,9,3,0,8,2.7,,,,,
5145396,Miles O'Neill,Texas A&M,SEC,2025,14,7,2,0.500,1,120,8.6,,,,,,7,11,0,9,1.3
5145453,Jeremiah Melvin,Wake Forest,ACC,2025,,,,,,,,27,3,1,39,13.0,,,,,
5145459,Nate Bennett,Baylor,Big 12,2025,7,5,0,0.714,0,34,4.9,,,,,,,,,,
5145737,Matthew Fuller,South Carolina,SEC,2025,,,,,,,,8,6,0,32,5.3,72,72,2,260,3.6
5145738,Aaron Crossley,Lehigh,Patriot,2025,,,,,,,,33,2,0,36,18.0,45,12,3,129,2.9
5145788,Gael Ochoa,UNLV,Mountain West,2025,,,,,,,,,,,,,2,0,0,-3,-1.5
5145789,Cole Geer,Virginia,ACC,2025,2,2,0,1.000,0,8,4.0,,,,,,3,12,0,15,5.0
5146163,Rahji Dennis,Louisiana,Sun Belt,2025,,,,,,,,16,5,0,29,5.8,,,,,
5146164,Logan Saldate,Notre Dame,FBS Independents,2025,,,,,,,,2,1,0,2,2.0,,,,,
5146273,DJ Murray Jr.,Georgia State,Sun Belt,2025,1,1,0,1.000,0,37,37.0,52,13,1,99,7.6,13,13,0,53,4.1
5146274,Dashun Reeder,Northwestern,Big Ten,2025,,,,,,,,,,,,,22,79,1,222,10.1
5146355,AJ Hairston,Massachusetts,Mid-American,2025,216,107,4,0.495,4,957,4.4,5,2,0,-8,-4.0,43,23,0,3,0.1
5146575,Graham Knowles,Georgia Tech,ACC,2025,1,1,0,1.000,1,84,84.0,,,,,,,,,,
5146576,Joshua Porter,South Florida,American Athletic,2025,,,,,,,,26,11,1,81,7.4,,,,,
5146661,Daniel Beale,Louisiana,Sun Belt,2025,84,42,4,0.500,1,385,4.6,,,,,,10,22,0,16,1.6
5146667,Khristian Martin,Maryland,Big Ten,2025,17,11,0,0.647,1,105,6.2,,,,,,4,8,0,8,2.0
5146670,Alessio Milivojevic,Michigan State,Big Ten,2025,173,111,3,0.642,10,1267,7.3,,,,,,31,16,1,-59,-1.9
5146672,Jake Schakel,Eastern Washington,Big Sky,2025,152,105,3,0.691,4,997,6.6,,,,,,25,22,0,-47,-1.9
5146689,Brock Townsend,Central Michigan,Mid-American,2025,,,,,,,,51,13,4,145,11.2,82,46,4,418,5.1
5146708,Sean Patrick,Akron,Mid-American,2025,,,,,,,,22,11,0,136,12.4,69,25,1,274,4.0
5146711,Da'Jaun Riggs,Oregon,Big Ten,2025,,,,,,,,,,,,,17,19,0,86,5.1
5146712,Dylan Riley,Boise State,Mountain West,2025,,,,,,,,75,15,2,149,9.9,195,77,10,1125,5.8
5146713,Locklan Hewlett,South Florida,American Athletic,2025,12,7,1,0.583,1,90,7.5,,,,,,2,4,0,-5,-2.5
5146719,CJ Brown,Arkansas,SEC,2025,,,,,,,,26,28,3,319,11.4,,,,,
5146720,Will Cianfrini,San Diego State,Mountain West,2025,,,,,,,,12,5,0,40,8.0,,,,,
5146722,Devonte Lyons,Florida International,Conference USA,2025,,,,,,,,20,12,0,65,5.4,37,35,1,142,3.8
5146723,Isaiah McMorris,Missouri State,Conference USA,2025,,,,,,,,13,1,0,13,13.0,,,,,
5146724,Turbo Richard,Boston College,ACC,2025,,,,,,,,49,30,2,213,7.1,145,71,9,749,5.2
5146725,Kaden Shields-Dutton,Florida Atlantic,American Athletic,2025,,,,,,,,18,17,1,108,6.4,83,50,6,460,5.5
5146726,Kiefer Sibley,North Texas,American Athletic,2025,,,,,,,,20,3,0,34,11.3,45,45,5,274,6.1
5146727,Josh Smith,Tulsa,American Athletic,2025,,,,,,,,43,9,1,201,22.3,,,,,
5146728,Koby Young,Houston,Big 12,2025,,,,,,,,43,12,0,191,15.9,1,8,0,8,8.0
5146735,Charlie Becker,Indiana,Big Ten,2025,,,,,,,,53,34,4,679,20.0,,,,,
5146736,Sanfrisco Magee,Mississippi State,SEC,2025,,,,,,,,42,5,1,80,16.0,,,,,
5146739,Tra'Mar Harris,Purdue,Big Ten,2025,,,,,,,,3,2,0,2,1.0,,,,,
5146740,Cooper Alexander,Iowa State,Big 12,2025,,,,,,,,18,5,0,47,9.4,,,,,
5146743,Kezion Dia-Johnson,Massachusetts,Mid-American,2025,,,,,,,,27,6,1,73,12.2,,,,,
5146745,Jacob Emmers,Tulsa,American Athletic,2025,,,,,,,,40,13,0,124,9.5,1,0,0,0,0.0
5146747,Javarius Green,North Carolina,ACC,2025,,,,,,,,39,13,0,150,11.5,,,,,
5146751,Jose Leon,App State,Sun Belt,2025,,,,,,,,7,3,0,12,4.0,,,,,
5146753,Shamar Rigby,Oklahoma State,Big 12,2025,1,1,0,1.000,1,63,63.0,48,25,1,351,14.0,,,,,
5146755,Jamie Tremble,Syracuse,ACC,2025,,,,,,,,1,1,0,1,1.0,,,,,
5146756,Jordan Washington,Texas,SEC,2025,,,,,,,,32,7,1,109,15.6,,,,,
5146757,Zach Williams,USC,Big Ten,2025,,,,,,,,61,3,0,80,26.7,,,,,
5146758,Justice Williams,Washington,Big Ten,2025,,,,,,,,14,2,0,28,14.0,,,,,
5146761,Jewlyen Roberts,Tulsa,American Athletic,2025,,,,,,,,9,3,1,15,5.0,,,,,
5146764,Benjamin Blackburn,Stanford,ACC,2025,,,,,,,,26,9,1,109,12.1,,,,,
5146781,Xavier Gayten,Mississippi State,SEC,2025,,,,,,,,5,3,0,2,0.7,29,25,2,157,5.4
5146824,Tavien St. Clair,Ohio State,Big Ten,2025,2,0,0,0.000,0,0,0.0,,,,,,,,,,
5146903,Brayden Roggow,Akron,Mid-American,2025,17,11,0,0.647,0,91,5.4,,,,,,3,7,0,10,3.3
5146936,Ty Curran,Holy Cross,Patriot,2025,,,,,,,,44,22,0,254,11.5,4,7,0,11,2.8
5146972,Ayden Harris,Kent State,Mid-American,2025,,,,,,,,,,,,,3,8,0,15,5.0
5146987,Brandon Young Jr.,North Texas,American Athletic,2025,,,,,,,,8,2,1,10,5.0,,,,,
5147046,Ben Black,Rutgers,Big Ten,2025,,,,,,,,37,8,1,119,14.9,,,,,
5147053,Wayne Harris,Kent State,Mid-American,2025,,,,,,,,42,35,1,383,10.9,2,4,0,2,1.0
5147067,Chris Dietrich,Bucknell,Patriot,2025,122,79,4,0.648,9,875,7.2,,,,,,30,13,1,31,1.0
5147069,Kory Hall,Colorado State,Mountain West,2025,,,,,,,,12,1,1,12,12.0,,,,,
5147105,Mason Love,South Carolina,SEC,2025,2,1,1,0.500,0,10,5.0,,,,,,,,,,
5147107,Logan Brasfield,Illinois State,MVFC,2025,,,,,,,,,,,,,0,0,1,0,0
5147136,David Prince,Southern,SWAC,2025,,,,,,,,0,1,0,0,0.0,,,,,
5147164,James Chenault,South Florida,American Athletic,2025,,,,,,,,7,1,0,7,7.0,,,,,
5147191,Javon Rogers,Kennesaw State,Conference USA,2025,,,,,,,,82,9,1,236,26.2,,,,,
5147203,Chase Tyler,Duke,ACC,2025,,,,,,,,62,4,0,120,30.0,,,,,
5147204,Jalen Washington,Central Arkansas,UAC,2025,,,,,,,,4,2,0,8,4.0,17,15,1,82,4.8
5147225,Bryson Goodwin,Temple,American Athletic,2025,,,,,,,,,,,,,1,9,0,9,9.0
5147234,Oliver Miles III,Texas Tech,Big 12,2025,,,,,,,,0,1,0,-7,-7.0,11,25,0,60,5.5
5147344,Tyson Turner,Texas Tech,Big 12,2025,,,,,,,,8,1,0,8,8.0,,,,,
5147347,Austyn Dendy,Bowling Green,Mid-American,2025,,,,,,,,27,4,1,64,16.0,108,24,5,493,4.6
5147355,Guiseann Mirtil,Florida A&M,SWAC,2025,,,,,,,,8,1,0,8,8.0,,,,,
5147367,Joseph McVay,Vanderbilt,SEC,2025,,,,,,,,16,2,1,21,10.5,,,,,
5147376,Kameron Courtney,Virginia,ACC,2025,,,,,,,,34,25,0,234,9.4,4,23,1,38,9.5
5147379,Sire Gaines,Boise State,Mountain West,2025,,,,,,,,20,11,1,72,6.5,161,46,8,812,5.0
5147449,Jaxton Santiago,Yale,Ivy,2025,,,,,,,,71,50,5,687,13.7,,,,,
5147463,Tyler Stewart,Temple,American Athletic,2025,,,,,,,,4,1,0,4,4.0,,,,,
5147465,Tucker Parks,Western Kentucky,Conference USA,2025,2,0,0,0.000,0,0,0.0,,,,,,2,5,0,6,3.0
5147685,Josiah McLaurin,Maryland,Big Ten,2025,,,,,,,,10,1,0,10,10.0,,,,,
5147726,Kanyon Floyd,Arizona State,Big 12,2025,1,1,0,1.000,0,19,19.0,,,,,,,,,,
5147757,Arrington Maiden,Memphis,American Athletic,2025,10,5,0,0.500,0,59,5.9,,,,,,13,21,1,79,6.1
5147852,Da'Marion Alberic,Massachusetts,Mid-American,2025,,,,,,,,15,2,0,17,8.5,8,9,0,23,2.9
5147861,Adam Mohammed,Washington,Big Ten,2025,,,,,,,,33,17,0,138,8.1,106,25,5,523,4.9
5147864,Makari Bodiford,Memphis,American Athletic,2025,,,,,,,,,,,,,22,9,3,64,2.9
5147872,Matthew Wilson,App State,Sun Belt,2025,22,12,2,0.545,0,128,5.8,,,,,,12,28,1,110,9.2
5148315,Joseph Dodds,Baylor,Big 12,2025,,,,,,,,6,2,0,11,5.5,26,15,1,104,4.0
5148427,Landyn Locke,Sam Houston,Conference USA,2025,141,71,4,0.504,4,765,5.4,,,,,,17,12,0,-15,-0.9
5148535,Brett Eskildsen,Iowa State,Big 12,2025,,,,,,,,75,30,5,526,17.5,,,,,
5148601,Karson Cox,UCLA,Big Ten,2025,,,,,,,,,,,,,2,5,0,8,4.0
5148611,Will Wilson,NC State,ACC,2025,5,3,1,0.600,0,16,3.2,,,,,,43,16,10,146,3.4
5148624,Quinn Clark,Nebraska,Big Ten,2025,,,,,,,,43,5,1,132,26.4,,,,,
5148628,Logan Brooking,Clemson,ACC,2025,,,,,,,,4,1,1,4,4.0,,,,,
5148651,Vernon Allen III,Rutgers,Big Ten,2025,,,,,,,,18,1,0,18,18.0,,,,,
5148658,Carter Jackson,Nevada,Mountain West,2025,,,,,,,,,,,,,8,10,0,41,5.1
5148664,Corey Simms,USC,Big Ten,2025,,,,,,,,6,1,0,6,6.0,,,,,
5148710,Mason Ferguson,UTEP,Conference USA,2025,,,,,,,,7,2,0,8,4.0,,,,,
5148741,Khamani Alexander,App State,Sun Belt,2025,,,,,,,,10,2,0,17,8.5,12,7,0,50,4.2
5148787,Wyatt Young,North Texas,American Athletic,2025,,,,,,,,84,70,10,1264,18.1,3,11,1,16,5.3
5148803,Brad Jackson,Texas State,Sun Belt,2025,352,251,7,0.713,21,3223,9.2,,,,,,174,63,17,744,4.3
5148821,Hunter Andrews,Utah,Big 12,2025,,,,,,,,14,10,0,65,6.5,13,25,1,113,8.7
5148822,Chris Barnes,Wake Forest,ACC,2025,,,,,,,,70,39,3,547,14.0,13,78,0,143,11.0
5148837,Dillon Lorick,East Carolina,American Athletic,2025,,,,,,,,12,2,1,23,11.5,,,,,
5148838,Jamauri McClure,Tulane,American Athletic,2025,,,,,,,,12,3,0,8,2.7,83,30,2,540,6.5
5148852,Antonio Floyd,Eastern Michigan,Mid-American,2025,,,,,,,,6,1,0,6,6.0,,,,,
5148858,Jared Hollins,South Alabama,Sun Belt,2025,16,12,0,0.750,1,101,6.3,,,,,,1,0,0,-5,-5.0
5148887,Jyron Waiters,East Carolina,American Athletic,2025,,,,,,,,17,6,0,69,11.5,,,,,
5148905,Carter Vargas,UC Davis,Big Sky,2025,,,,,,,,57,10,2,177,17.7,67,50,5,445,6.6
5148935,Dermaricus Davis,Hawai'i,Mountain West,2025,3,1,0,0.333,0,10,3.3,,,,,,7,37,0,67,9.6
5148995,Brady Kluse,Memphis,American Athletic,2025,1,1,0,1.000,0,14,14.0,25,22,2,240,10.9,,,,,
5149001,Daniel Anderson,Northwestern,Big Ten,2025,,,,,,,,,,,,,3,5,0,9,3.0
5149004,Kyle Washington,Georgia State,Sun Belt,2025,,,,,,,,23,6,0,75,12.5,,,,,
5149007,Miles Coleman,North Texas,American Athletic,2025,,,,,,,,59,47,2,550,11.7,2,18,1,22,11.0
5149056,Jadyn Glasser,Central Michigan,Mid-American,2025,9,7,0,0.778,0,78,8.7,,,,,,10,5,1,7,0.7
5149058,Devin Spencer,Arkansas State,Sun Belt,2025,,,,,,,,13,25,0,125,5.0,108,43,3,559,5.2
5149113,Tito Glass Jr.,Miami (OH),Mid-American,2025,,,,,,,,,,,,,9,11,0,47,5.2
5149220,Baron Tipton,North Texas,American Athletic,2025,,,,,,,,15,2,0,12,6.0,,,,,
5149265,Kylen Evans,Texas State,Sun Belt,2025,,,,,,,,45,15,1,211,14.1,,,,,
5149473,Thomas Blackshear,Georgia,SEC,2025,,,,,,,,14,2,0,23,11.5,,,,,
5149484,Phillip Wright III,LSU,SEC,2025,,,,,,,,2,1,0,2,2.0,,,,,
5149563,DJ Butler,Houston,Big 12,2025,,,,,,,,12,8,0,58,7.3,68,15,0,301,4.4
5149599,Kenyon Massey,Massachusetts,Mid-American,2025,,,,,,,,22,17,0,104,6.1,,,,,
5149831,Kayden McGee,UNLV,Mountain West,2025,,,,,,,,,,,,,7,25,1,56,8.0
5149908,Greg Burrell,Texas State,Sun Belt,2025,,,,,,,,23,13,0,125,9.6,100,61,3,671,6.7
5149910,Tristen Brown,Vanderbilt,SEC,2025,,,,,,,,28,10,0,137,13.7,1,2,0,2,2.0
5150003,Terrance Shelton Jr.,Buffalo,Mid-American,2025,,,,,,,,11,8,0,42,5.3,57,20,1,244,4.3
5150125,Brandon Tullis,Michigan State,Big Ten,2025,,,,,,,,24,11,0,82,7.5,68,35,4,297,4.4
5150132,Mar'Kel Porter,Bowling Green,Mid-American,2025,,,,,,,,22,7,0,70,10.0,31,14,2,93,3.0
5150247,Malik Benson,Oregon,Big Ten,2025,,,,,,,,64,43,6,719,16.7,1,0,0,-4,-4.0
5150266,Maddox Lassiter,Arkansas,SEC,2025,,,,,,,,2,1,0,2,2.0,1,1,0,1,1.0
5150297,Cale Hellums,Army,American Athletic,2025,87,47,3,0.540,4,694,8.0,7,0,0,7,0,305,50,18,1215,4.0
5150311,Tre Benson III,Army,American Athletic,2025,,,,,,,,-8,0,0,-8,0,3,2,0,-3,-1.0
5150312,David Clerk,Army,American Athletic,2025,,,,,,,,,,,,,2,10,0,15,7.5
5150313,Kanye Udoh,Arizona State,Big 12,2025,,,,,,,,6,1,0,6,6.0,56,25,2,240,4.3
5150316,Samari Howard,Army,American Athletic,2025,,,,,,,,41,11,1,133,12.1,13,15,0,41,3.2
5150326,Carson Smith,Army,American Athletic,2025,,,,,,,,,,,,,55,11,2,231,4.2
5150328,Brady Mott,Army,American Athletic,2025,,,,,,,,15,1,0,15,15.0,,,,,
5150329,Jake Rendina,Army,American Athletic,2025,,,,,,,,,,,,,40,15,1,187,4.7
5150333,Parker Poloskey,Army,American Athletic,2025,,,,,,,,26,4,1,54,13.5,,,,,
5150341,Brody Eaton,Marist,Pioneer,2025,,,,,,,,5,1,0,5,5.0,,,,,
5150373,Tobi Olawole,Army,American Athletic,2025,,,,,,,,9,3,0,21,7.0,,,,,
5150418,KK Smith,Notre Dame,FBS Independents,2025,,,,,,,,34,8,2,123,15.4,,,,,
5150424,Jordan Faison,Notre Dame,FBS Independents,2025,1,1,0,1.000,0,40,40.0,54,49,4,640,13.1,1,0,0,-8,-8.0
5150435,Ali Scott,Bethune-Cookman,SWAC,2025,,,,,,,,14,15,1,90,6.0,84,26,5,399,4.8
5150452,Bryan Domino,Indiana State,MVFC,2025,,,,,,,,22,17,1,106,6.2,5,12,0,26,5.2
5150457,Daniel Shaban,Colgate,Patriot,2025,,,,,,,,18,14,0,101,7.2,84,57,5,432,5.1
5150460,John Neider,UConn,FBS Independents,2025,2,1,0,0.500,1,15,7.5,45,27,2,422,15.6,,,,,
5150504,Gabe Fisher,Vanderbilt,SEC,2025,,,,,,,,5,2,0,6,3.0,,,,,
5150518,Tyler Evans,Robert Morris,NEC,2025,,,,,,,,17,4,0,40,10.0,,,,,
5150538,Devin Hyatt,Arizona,Big 12,2025,,,,,,,,10,1,0,10,10.0,,,,,
5150561,Olsen Patt-Henry,Clemson,ACC,2025,,,,,,,,25,16,0,126,7.9,,,,,
5150563,Tristan Martinez,Clemson,ACC,2025,,,,,,,,2,1,0,2,2.0,,,,,
5150582,Salahadin Allah,Oregon State,Pac-12,2025,,,,,,,,20,3,0,26,8.7,19,16,0,71,3.7
5150611,Jake Retzlaff,Tulane,American Athletic,2025,391,242,7,0.619,15,3168,8.1,,,,,,129,69,16,634,4.9
5150612,Cole Hagen,BYU,Big 12,2025,,,,,,,,,,,,,1,17,0,17,17.0
5150622,Landon Rehkow,Utah State,Mountain West,2025,1,1,0,1.000,0,6,6.0,,,,,,1,0,0,-11,-11.0
5150627,Nason Coleman,Northern Arizona,Big Sky,2025,,,,,,,,4,2,1,7,3.5,,,,,
5150628,Lucky Finau,BYU,Big 12,2025,,,,,,,,,,,,,8,6,0,32,4.0
5150635,Koa Eldredge,Hawai'i,Mountain West,2025,,,,,,,,13,1,0,13,13.0,,,,,
5150636,Devin Downing,Southern Utah,UAC,2025,,,,,,,,29,23,0,281,12.2,,,,,
5150645,Ui Ale,Troy,Sun Belt,2025,10,5,0,0.500,0,54,5.4,,,,,,6,8,0,3,0.5
5150653,Ayden Price,Northern Iowa,MVFC,2025,,,,,,,,63,20,2,365,18.3,1,0,0,-2,-2.0
5150662,Hayden Large,Iowa,Big Ten,2025,,,,,,,,17,8,0,52,6.5,,,,,
5150663,Champ Long,North Carolina A&T,CAA,2025,16,8,1,0.500,0,67,4.2,,,,,,10,7,0,0,0.0
5150669,Parker Jones,Campbell,CAA,2025,,,,,,,,34,18,0,214,11.9,,,,,
5150671,Jaden Fair,Richmond,Patriot,2025,,,,,,,,40,7,0,62,8.9,,,,,
5150680,Max Shikenjanski,Minnesota,Big Ten,2025,5,4,0,0.800,1,80,16.0,,,,,,3,8,1,-2,-0.7
5150681,Cade Osterman,North Dakota State,MVFC,2025,,,,,,,,24,1,1,24,24.0,,,,,
5150682,Cortez LeGrant,North Dakota State,MVFC,2025,,,,,,,,,,,,,25,22,0,131,5.2
5150687,Zander Rockow,St. Thomas (MN),Pioneer,2025,,,,,,,,,,,,,8,6,1,20,2.5
5150694,Tripp Walsh,Iowa State,Big 12,2025,,,,,,,,9,1,0,9,9.0,,,,,
5150707,Ryan Millmore,Western Michigan,Mid-American,2025,,,,,,,,,,,,,1,4,0,4,4.0
5150773,Rett Andersen,Texas,SEC,2025,,,,,,,,7,1,0,7,7.0,,,,,
5150777,Ian Ratliff,App State,Sun Belt,2025,1,1,0,1.000,0,23,23.0,,,,,,,,,,
5150783,Josh Smith,Morgan State,MEAC,2025,,,,,,,,21,11,2,95,8.6,,,,,
5150786,Makenzie McGill,North Texas,American Athletic,2025,,,,,,,,7,4,0,14,3.5,75,27,5,389,5.2
5150825,Donovan Delaney,Kent State,Mid-American,2025,,,,,,,,,,,,,15,5,1,15,1.0
5150831,Jeremy Bell,Georgia,SEC,2025,,,,,,,,12,1,0,12,12.0,1,9,0,9,9.0
5150834,Destyn Hill,LSU,SEC,2025,,,,,,,,12,2,0,22,11.0,,,,,
5150835,Michael Grant,Florida State,ACC,2025,1,1,0,1.000,0,14,14.0,,,,,,1,0,0,-9,-9.0
5150845,Goldie Lawrence,Florida A&M,SWAC,2025,,,,,,,,74,27,2,420,15.6,2,33,1,33,16.5
5150861,Jayden Dixon-Veal,California,ACC,2025,,,,,,,,24,4,1,47,11.8,1,2,0,2,2.0
5150865,Elijah Jackson,Ball State,Mid-American,2025,,,,,,,,37,1,0,37,37.0,8,7,0,17,2.1
5150878,Ja'Coby Matthews,Alcorn State,SWAC,2025,,,,,,,,71,31,2,384,12.4,4,22,0,24,6.0
5150902,Jarod Bowie,West Virginia,Big 12,2025,,,,,,,,18,9,0,82,9.1,5,68,0,83,16.6
5150904,Cam Vaughn,West Virginia,Big 12,2025,2,1,0,0.500,0,29,14.5,46,35,4,540,15.4,1,3,0,3,3.0
5150909,Garrison Rippa,Jacksonville State,Conference USA,2025,,,,,,,,2,1,0,2,2.0,,,,,
5150915,Shane Payton Hodges,Jacksonville State,Conference USA,2025,,,,,,,,,,,,,1,25,0,25,25.0
5150925,Colton Pitchford,Jacksonville State,Conference USA,2025,,,,,,,,3,1,0,3,3.0,,,,,
5150998,Blake Baker,Louisiana Tech,Conference USA,2025,155,102,3,0.658,5,1252,8.1,0,1,0,-5,-5.0,73,38,3,260,3.6
5151024,Jaedon King,Louisville,ACC,2025,,,,,,,,0,1,0,-3,-3.0,,,,,
5151048,Duane Thomas Jr.,UCF,Big 12,2025,1,0,1,0.000,0,0,0.0,41,53,0,528,10.0,14,9,0,45,3.2
5151060,Cole Ballard,Kansas,Big 12,2025,22,10,1,0.455,1,108,4.9,,,,,,15,15,0,92,6.1
5151063,Carson Morgan,Rice,American Athletic,2025,,,,,,,,,,,,,5,6,0,18,3.6
5151067,Hunter Luke,UT Rio Grande Valley,Southland,2025,,,,,,,,9,3,0,13,4.3,,,,,
5151079,Trey Engram,Towson,CAA,2025,,,,,,,,28,1,0,28,28.0,2,5,1,5,2.5
5151092,Chapman McKown,Central Arkansas,UAC,2025,,,,,,,,9,9,0,33,3.7,46,18,1,226,4.9
5151111,Jamarian Samuel,Georgia Southern,Sun Belt,2025,,,,,,,,,,,,,12,36,1,87,7.3
5151112,David Mbadinga,Georgia Southern,Sun Belt,2025,,,,,,,,9,5,0,18,3.6,49,16,1,196,4.0
5151136,Elvin Fofanah,Gardner-Webb,Big South-OVC,2025,,,,,,,,31,3,1,63,21.0,,,,,
5151171,Will Burns,Southern Utah,UAC,2025,32,23,1,0.719,1,252,7.9,,,,,,49,72,4,380,7.8
5151179,Javoni Gardere,Idaho State,Big Sky,2025,,,,,,,,16,1,0,16,16.0,,,,,
5151181,Judah Ezinwa,UTEP,Conference USA,2025,,,,,,,,33,4,0,76,19.0,,,,,
5151199,Malik Phillips,Sam Houston,Conference USA,2025,,,,,,,,26,18,1,174,9.7,,,,,
5151200,Qua'Vez Humphreys,Sam Houston,Conference USA,2025,,,,,,,,38,12,1,132,11.0,,,,,
5151201,Dakerric Hobbs,New Mexico State,Conference USA,2025,,,,,,,,9,2,0,9,4.5,,,,,
5151218,Lucian Anderson III,Bowling Green,Mid-American,2025,41,26,3,0.634,2,245,6.0,,,,,,30,75,1,138,4.6
5151274,Drayden Dickmann,Rice,American Athletic,2025,,,,,,,,46,37,3,323,8.7,14,16,0,-2,-0.1
5151276,Landon Ransom-Goelz,Rice,American Athletic,2025,,,,,,,,34,6,1,63,10.5,5,7,0,17,3.4
5151291,Cash Mccollum,Weber State,Big Sky,2025,2,0,0,0.000,0,0,0.0,,,,,,,,,,
5151316,Brandon Tennison,UTSA,American Athletic,2025,34,20,0,0.588,2,199,5.9,,,,,,13,12,0,39,3.0
5151317,Robert Henry,UTSA,American Athletic,2025,,,,,,,,74,18,2,114,6.3,151,76,9,1045,6.9
5151338,Viliami Teu,San José State,Mountain West,2025,,,,,,,,,,,,,17,9,1,70,4.1
5151339,Anthony Garcia,Utah State,Mountain West,2025,7,6,0,0.857,4,79,11.3,74,20,2,348,17.4,11,17,1,75,6.8
5151342,Cooper Hoch,San José State,Mountain West,2025,,,,,,,,13,5,0,43,8.6,,,,,
5151353,Prince Strachan,USC,Big Ten,2025,,,,,,,,25,1,0,25,25.0,,,,,
5151366,Gunnar Gray,Buffalo,Mid-American,2025,53,29,2,0.547,2,228,4.3,,,,,,1,0,0,-6,-6.0
5151368,Micah Woods,South Alabama,Sun Belt,2025,,,,,,,,33,11,1,113,10.3,1,0,0,0,0.0
5151369,Messiah Burch,Buffalo,Mid-American,2025,,,,,,,,4,4,0,-1,-0.3,11,14,0,41,3.7
5151371,Dylan Kedzior,Bryant,CAA,2025,,,,,,,,7,3,0,1,0.3,36,49,3,211,5.9
5151385,Ryan McConnell,Colorado State,Mountain West,2025,,,,,,,,16,2,0,22,11.0,,,,,
5151403,Tim Grear Jr.,Akron,Mid-American,2025,,,,,,,,37,14,1,178,12.7,,,,,
5151404,Antoine Sullivan,Cal Poly,Big Sky,2025,,,,,,,,18,1,0,18,18.0,,,,,
5151405,Jaceon Doss,Towson,CAA,2025,,,,,,,,84,29,5,657,22.7,,,,,
5151406,Artis Cole,Rice,American Athletic,2025,,,,,,,,4,1,0,4,4.0,,,,,
5151407,Jack Jacobs,East Texas A&M,Southland,2025,19,13,0,0.684,1,136,7.2,,,,,,2,8,0,4,2.0
5151414,Landon Ogles,Eastern Washington,Big Sky,2025,1,0,0,0.000,0,0,0.0,,,,,,,,,,
5151417,Jake Tarwater,Fresno State,Mountain West,2025,,,,,,,,14,5,0,52,10.4,1,1,0,1,1.0
5151462,Fred Pelling,Campbell,CAA,2025,,,,,,,,,,,,,1,0,0,-5,-5.0
5151472,Jamarien Wheeler,Eastern Michigan,Mid-American,2025,,,,,,,,43,23,2,301,13.1,,,,,
5151474,Owen McGraw,Robert Morris,NEC,2025,,,,,,,,,,,,,7,74,0,113,16.1
5151484,Gabe Hoffmann,Idaho,Big Sky,2025,,,,,,,,19,1,0,19,19.0,,,,,
5151487,Ethan Lane,Central Michigan,Mid-American,2025,3,1,0,0.333,0,10,3.3,,,,,,,,,,
5151490,Germanuel Tanelus,Central Michigan,Mid-American,2025,,,,,,,,,,,,,1,2,0,2,2.0
5151494,Tayte Vanderleest,Central Michigan,Mid-American,2025,,,,,,,,11,2,0,19,9.5,,,,,
5151498,Grayson Barnes,West Virginia,Big 12,2025,,,,,,,,34,21,2,232,11.0,,,,,
5151506,Josh Holst,Northern Illinois,Mid-American,2025,130,78,3,0.600,4,689,5.3,,,,,,54,36,1,155,2.9
5151518,Kyle Thomas,Southern Illinois,MVFC,2025,,,,,,,,10,1,0,10,10.0,,,,,
5151521,Hyatt Timosciek,UT Martin,Big South-OVC,2025,,,,,,,,34,18,0,181,10.1,,,,,
5151528,Ethan Conner,Troy,Sun Belt,2025,,,,,,,,39,31,3,397,12.8,2,1,0,1,0.5
5151529,Dasheen Jackson,Delaware State,MEAC,2025,,,,,,,,19,2,0,16,8.0,1,32,0,32,32.0
5151534,Elliot Janish,South Carolina State,MEAC,2025,,,,,,,,,,,,,1,0,0,-13,-13.0
5151603,Dorian Lewis,UL Monroe,Sun Belt,2025,,,,,,,,15,11,0,62,5.6,27,72,0,195,7.2
5151609,Everett Hunter,Nicholls,Southland,2025,,,,,,,,36,24,3,283,11.8,,,,,
5151618,Kirk Francis,Tulsa,American Athletic,2025,88,53,4,0.602,3,493,5.6,,,,,,9,6,0,1,0.1
5151623,Angus Davies,Tulsa,American Athletic,2025,,,,,,,,,,,,,1,0,0,-1,-1.0
5151662,BJ Hawkins Jr.,UAB,American Athletic,2025,,,,,,,,68,41,5,540,13.2,2,32,1,37,18.5
5151672,Calvin Parker,Allen,SIAC,2025,,,,,,,,9,3,0,26,8.7,,,,,
5151674,Treymon Echols,McNeese,Southland,2025,,,,,,,,19,6,0,58,9.7,,,,,
5151680,Galen Combs,Robert Morris,NEC,2025,,,,,,,,14,2,0,16,8.0,,,,,
5151689,Julian Allen,Toledo,Mid-American,2025,,,,,,,,12,3,0,15,5.0,,,,,
5151692,Jacob Dehaan,Toledo,Mid-American,2025,,,,,,,,,,,,,1,13,0,13,13.0
5151696,RJ Johnson III,Florida A&M,SWAC,2025,265,176,4,0.664,16,2186,8.2,,,,,,57,26,3,139,2.4
5151791,Jayden O'Rourke,Nevada,Mountain West,2025,,,,,,,,17,2,0,25,12.5,,,,,
5151802,Griffin Reimer,NC State,ACC,2025,,,,,,,,7,1,0,7,7.0,,,,,
5151811,Coleson Fields,NC State,ACC,2025,,,,,,,,16,3,0,36,12.0,11,7,0,19,1.7
5151828,Joshua Harriott,Florida Atlantic,American Athletic,2025,,,,,,,,,,,,,3,18,0,18,6.0
5151882,Ryder Bumgarner,Central Washington,Lone Star,2025,,,,,,,,,,,,,7,18,0,47,6.7
5151892,Ja'Kobi Jackson,Florida,SEC,2025,,,,,,,,26,4,0,27,6.8,27,27,0,98,3.6
5151893,Anthony Rubio,Florida,SEC,2025,,,,,,,,,,,,,5,12,0,27,5.4
5151897,Jackson Wade,Florida,SEC,2025,,,,,,,,10,1,0,10,10.0,,,,,
5151903,Christopher Frew,Air Force,Mountain West,2025,,,,,,,,15,7,0,52,7.4,57,17,2,285,5.0
5151906,Dylan Carson,Air Force,Mountain West,2025,,,,,,,,,,,,,91,64,4,419,4.6
5151909,Kaden Cloud,Air Force,Mountain West,2025,,,,,,,,,,,,,3,11,0,22,7.3
5151915,Terrence Gist,Air Force,Mountain West,2025,,,,,,,,,,,,,14,10,0,71,5.1
5151939,James Roberson,Air Force,Mountain West,2025,,,,,,,,29,5,0,109,21.8,,,,,
5151941,Quin Smith,Air Force,Mountain West,2025,1,0,0,0.000,0,0,0.0,52,15,4,358,23.9,1,0,0,-9,-9.0
5151942,Bruin Fleischmann,Air Force,Mountain West,2025,,,,,,,,68,21,6,370,17.6,,,,,
5151948,Joey Aguilar,Tennessee,SEC,2025,404,272,10,0.673,24,3565,8.8,,,,,,71,28,4,101,1.4
5151965,Kadarius Calloway,New Mexico State,Conference USA,2025,,,,,,,,27,26,0,175,6.7,117,29,3,450,3.8
5151966,Jalen Butler,Old Dominion,Sun Belt,2025,,,,,,,,18,9,1,59,6.6,,,,,
5151976,Reymello Murphy,UConn,FBS Independents,2025,,,,,,,,61,39,3,446,11.4,,,,,
5151979,Kelby Williams,Western Kentucky,Conference USA,2025,,,,,,,,45,11,0,165,15.0,,,,,
5151982,Malcolm Gillie,Coastal Carolina,Sun Belt,2025,,,,,,,,69,8,2,161,20.1,2,11,0,17,8.5
5151983,Marion Ponds,Murray State,MVFC,2025,,,,,,,,5,1,0,5,5.0,,,,,
5151984,Preston Ross,Furman,Southern,2025,,,,,,,,0,1,0,0,0.0,,,,,
5152007,Luke Moffitt,Abilene Christian,UAC,2025,,,,,,,,8,2,0,9,4.5,,,,,
5152045,Malachi Henry,Central Arkansas,UAC,2025,,,,,,,,56,69,10,889,12.9,,,,,
5152047,Ben Haulmark,Central Arkansas,UAC,2025,,,,,,,,27,3,0,67,22.3,,,,,
5152050,Gavyn Hays,Central Arkansas,UAC,2025,,,,,,,,15,1,0,15,15.0,,,,,
5152064,Caleb Koger,Central Arkansas,UAC,2025,43,28,3,0.651,4,342,8.0,,,,,,1,0,0,-1,-1.0
5152083,Kendric Sanders,Cal Poly,Big Sky,2025,,,,,,,,20,6,0,61,10.2,45,54,2,279,6.2
5152093,Jordan Garrison,Cal Poly,Big Sky,2025,,,,,,,,55,25,2,359,14.4,,,,,
5152095,Dalton Bailey,Stetson,Pioneer,2025,,,,,,,,21,4,0,40,10.0,1,0,0,-1,-1.0
5152101,Kian Salehi,Cal Poly,Big Sky,2025,,,,,,,,42,19,1,248,13.1,1,18,0,18,18.0
5152103,Brooks Wheatley,Cal Poly,Big Sky,2025,,,,,,,,27,16,1,182,11.4,5,14,0,15,3.0
5152110,Nate Bell,Eastern Washington,Big Sky,2025,175,94,6,0.537,7,1004,5.7,16,3,0,24,8.0,118,54,7,662,5.6
5152116,Jaylon Jenkins,Eastern Washington,Big Sky,2025,,,,,,,,1,1,0,1,1.0,,,,,
5152117,Michael Wortham,Montana,Big Sky,2025,4,3,0,0.750,1,50,12.5,76,85,10,1224,14.4,57,35,7,345,6.1
5152118,Jared Taylor,Eastern Washington,Big Sky,2025,78,40,0,0.513,0,344,4.4,3,3,0,2,0.7,50,18,4,160,3.2
5152132,Riley Rudolfo,Eastern Washington,Big Sky,2025,,,,,,,,1,1,0,1,1.0,1,0,0,0,0.0
5152158,Deuce Alexander,Ole Miss,SEC,2025,,,,,,,,88,44,2,684,15.5,19,31,0,122,6.4
5152162,Marcello Bussey,Memphis,American Athletic,2025,,,,,,,,40,27,0,287,10.6,,,,,
5152166,Jamauri Chislom,Southeast Missouri State,Big South-OVC,2025,,,,,,,,17,14,0,98,7.0,,,,,
5152167,Brendan Doyle,Stanford,ACC,2025,,,,,,,,3,1,0,3,3.0,,,,,
5152174,Justin Hughes,Tennessee State,Big South-OVC,2025,,,,,,,,33,9,0,132,14.7,,,,,
5152199,Ethan Day,North Texas,American Athletic,2025,,,,,,,,2,1,1,2,2.0,,,,,
5152209,Jeffery Pittman,Southern Miss,Sun Belt,2025,,,,,,,,37,25,0,107,4.3,156,25,8,695,4.5
5152214,Rayfield Lotten,Sam Houston,Conference USA,2025,,,,,,,,36,3,0,54,18.0,,,,,
5152221,Donerio Davenport,Jackson State,SWAC,2025,,,,,,,,13,10,0,59,5.9,100,36,7,656,6.6
5152234,Barry Brown,Central Connecticut,NEC,2025,,,,,,,,7,2,0,8,4.0,,,,,
5152243,Amarri Pitts,Central Connecticut,NEC,2025,,,,,,,,6,1,0,6,6.0,,,,,
5152250,Michael Trovarelli,Central Connecticut,NEC,2025,,,,,,,,40,43,6,488,11.3,6,15,0,30,5.0
5152263,Dave Pardo,Central Connecticut,NEC,2025,,,,,,,,47,26,2,335,12.9,,,,,
5152269,Princeton Cahee,Southern,SWAC,2025,,,,,,,,,,,,,5,14,0,30,6.0
5152272,Anthony DiLascio,Bucknell,Patriot,2025,,,,,,,,,,,,,6,5,0,11,1.8
5152277,Owen Garwood,Bucknell,Patriot,2025,,,,,,,,18,3,0,35,11.7,,,,,
5152289,TJ Cadden,Bucknell,Patriot,2025,,,,,,,,59,45,6,589,13.1,1,18,0,18,18.0
5152291,Sam Milligan,Bucknell,Patriot,2025,2,2,0,1.000,0,20,10.0,59,56,10,975,17.4,18,19,1,63,3.5
5152317,Michael Nix,Butler,Pioneer,2025,,,,,,,,19,5,0,56,11.2,,,,,
5152328,Andrew Frazier,Davidson,Pioneer,2025,1,1,0,1.000,0,-2,-2.0,67,29,1,290,10.0,24,31,0,134,5.6
5152330,Isaiah Sepand,Davidson,Pioneer,2025,,,,,,,,9,1,0,9,9.0,,,,,
5152333,Jacary Lightsey,Davidson,Pioneer,2025,,,,,,,,41,2,0,44,22.0,,,,,
5152356,Alani Ajigbotosho,Davidson,Pioneer,2025,,,,,,,,53,7,1,129,18.4,,,,,
5152378,Walker Tart,Drake,Pioneer,2025,,,,,,,,11,2,0,15,7.5,1,1,0,1,1.0
5152379,Jake Metze,Drake,Pioneer,2025,,,,,,,,,,,,,10,21,0,67,6.7
5152411,Skyler Cassel,Utah Tech,UAC,2025,1,0,0,0.000,0,0,0.0,,,,,,,,,,
5152412,Taliq Brown,Utah Tech,UAC,2025,,,,,,,,10,4,0,36,9.0,1,8,0,8,8.0
5152414,Beau Sparks,Texas State,Sun Belt,2025,2,1,0,0.500,0,22,11.0,73,84,10,1200,14.3,6,49,1,74,12.3
5152426,Kona Crowell,Utah Tech,UAC,2025,,,,,,,,,,,,,3,6,1,12,4.0
5152442,Chance Wilson,Montana State,Big Sky,2025,3,2,0,0.667,0,22,7.3,,,,,,4,32,2,63,15.8
5152503,Adam Damante,New Mexico State,Conference USA,2025,104,70,4,0.673,5,711,6.8,,,,,,16,13,1,-15,-0.9
5152505,Isaiah Eastman,Northern Arizona,Big Sky,2025,1,0,0,0.000,0,0,0.0,47,35,1,444,12.7,8,11,1,21,2.6
5152514,Myseth Currie,Northern Arizona,Big Sky,2025,,,,,,,,46,2,1,76,38.0,,,,,
5152578,Winston Moore,Colgate,Patriot,2025,,,,,,,,78,25,2,376,15.0,7,16,0,52,7.4
5152581,Treyvhon Saunders,Colgate,Patriot,2025,,,,,,,,61,50,6,700,14.0,1,2,0,2,2.0
5152600,Reed Swanson,Colgate,Patriot,2025,,,,,,,,67,57,8,939,16.5,1,0,0,-8,-8.0
5152601,Chuck Volans,Colgate,Patriot,2025,,,,,,,,0,1,0,-1,-1.0,,,,,
5152606,Ricky Gonzalez II,Fordham,Patriot,2025,,,,,,,,34,14,0,153,10.9,,,,,
5152610,Nodin Tracy,Fordham,Patriot,2025,,,,,,,,31,45,1,443,9.8,,,,,
5152631,Bryce Cox,Georgetown,Patriot,2025,,,,,,,,9,2,0,12,6.0,28,17,1,133,4.8
5152649,Titus Heimuli,Georgetown,Patriot,2025,,,,,,,,0,1,0,-2,-2.0,,,,,
5152650,Burke Carroll,Georgetown,Patriot,2025,,,,,,,,27,4,0,43,10.8,,,,,
5152659,Shaun Purvy,Lafayette,Patriot,2025,,,,,,,,26,1,1,26,26.0,,,,,
5152661,Carson Persing,Lafayette,Patriot,2025,1,0,1,0.000,0,0,0.0,63,60,4,724,12.1,,,,,
5152663,Devin Paige,Lafayette,Patriot,2025,,,,,,,,11,4,0,26,6.5,1,2,0,2,2.0
5152668,Ethan Weber,Lafayette,Patriot,2025,,,,,,,,10,9,0,47,5.2,108,67,8,570,5.3
5152669,Kente Edwards,Lafayette,Patriot,2025,,,,,,,,16,10,0,67,6.7,199,78,20,1454,7.3
5152681,Benjamin Bussiere,Lafayette,Patriot,2025,,,,,,,,3,1,0,3,3.0,,,,,
5152682,Ethan Hosak,Lafayette,Patriot,2025,,,,,,,,24,15,2,158,10.5,,,,,
5152699,Luke Yoder,Lehigh,Patriot,2025,,,,,,,,24,11,1,96,8.7,198,80,15,1409,7.1
5152706,Connor Hilling,Lehigh,Patriot,2025,,,,,,,,,,,,,8,5,0,19,2.4
5152717,Mason Humphrey,Lehigh,Patriot,2025,,,,,,,,77,35,4,651,18.6,,,,,
5152719,Joseph Marranca,Lehigh,Patriot,2025,,,,,,,,14,11,0,91,8.3,,,,,
5152767,Jamarii Robinson,Chattanooga,Southern,2025,,,,,,,,45,18,4,278,15.4,,,,,
5152777,Eric Denham,Western Illinois,Big South-OVC,2025,,,,,,,,1,1,0,1,1.0,,,,,
5152796,Onterrio Smith Jr.,Sacramento State,Big Sky,2025,,,,,,,,8,2,0,16,8.0,1,18,0,18,18.0
5152815,Danny Scudero,San José State,Mountain West,2025,,,,,,,,72,88,10,1297,14.7,,,,,
5152826,Jordan Fisher,UC Davis,Big Sky,2025,,,,,,,,32,26,3,287,11.0,185,75,8,1121,6.1
5152836,Ian Simpson,UC Davis,Big Sky,2025,,,,,,,,34,31,3,425,13.7,,,,,
5152839,Jaylen King,Florida State,ACC,2025,1,0,0,0.000,0,0,0.0,,,,,,2,6,0,6,3.0
5152864,Jackson Head,Austin Peay,UAC,2025,,,,,,,,27,15,1,171,11.4,,,,,
5152868,David Okoi,Morgan State,MEAC,2025,,,,,,,,17,3,0,37,12.3,,,,,
5152920,Tyquan Henderson,Jackson State,SWAC,2025,,,,,,,,7,1,0,7,7.0,,,,,
5152926,Pax Hughes,Nicholls,Southland,2025,,,,,,,,11,5,0,28,5.6,,,,,
5152928,Jack Schwing,Samford,Southern,2025,,,,,,,,20,3,0,41,13.7,,,,,
5153056,DT Sheffield,Rutgers,Big Ten,2025,,,,,,,,54,44,5,577,13.1,,,,,
5153065,Branden Ganashamoorthy,Washington State,Pac-12,2025,,,,,,,,19,5,0,42,8.4,,,,,
5153074,Carlos Hernandez,Wake Forest,ACC,2025,,,,,,,,93,40,3,611,15.3,1,51,1,54,54.0
5153244,Colbey Lamberth,Eastern Kentucky,UAC,2025,,,,,,,,14,1,0,14,14.0,,,,,
5153246,Jackson House,Eastern Kentucky,UAC,2025,,,,,,,,55,3,0,86,28.7,,,,,
5153251,Brayden Latham,Eastern Kentucky,UAC,2025,,,,,,,,19,19,0,129,6.8,154,45,3,667,4.3
5153263,Jakob Dixon,Eastern Kentucky,UAC,2025,,,,,,,,10,1,0,10,10.0,,,,,
5153265,Jayden West,Eastern Kentucky,UAC,2025,,,,,,,,26,19,2,208,10.9,,,,,
5153286,Landen Lucas,Tulsa,American Athletic,2025,,,,,,,,15,13,0,76,5.8,,,,,
5153318,A.J. Little,Chattanooga,Southern,2025,1,0,0,0.000,0,0,0.0,42,27,1,345,12.8,2,8,0,11,5.5
5153361,Nehuel Garcia,Furman,Southern,2025,,,,,,,,,,,,,1,0,0,-1,-1.0
5153369,Ja'Keith Hamilton,Furman,Southern,2025,,,,,,,,64,40,5,545,13.6,,,,,
5153373,Jalen Walker,Hampton,CAA,2025,,,,,,,,15,1,0,15,15.0,,,,,
5153377,Brock Chappell,Louisiana,Sun Belt,2025,,,,,,,,35,12,1,108,9.0,,,,,
5153389,Colton Hinton,Coastal Carolina,Sun Belt,2025,,,,,,,,4,3,0,8,2.7,,,,,
5153399,Adjatay Dabbs,Mercer,Southern,2025,,,,,,,,84,45,8,856,19.0,2,10,1,7,3.5
5153401,Brayden Smith,Mercer,Southern,2025,,,,,,,,75,61,7,734,12.0,5,9,0,1,0.2
5153402,Tyrell Coard,Mercer,Southern,2025,,,,,,,,15,7,0,45,6.4,33,34,0,168,5.1
5153408,Kendall Harris,Mercer,Southern,2025,,,,,,,,49,37,3,478,12.9,1,2,0,2,2.0
5153410,Sam Albee,Mercer,Southern,2025,,,,,,,,64,9,2,131,14.6,,,,,
5153425,Cooper Johns,The Citadel,Southern,2025,,,,,,,,,,,,,2,5,0,6,3.0
5153483,Cole Ruble,Southeast Missouri State,Big South-OVC,2025,,,,,,,,20,14,1,97,6.9,75,51,4,377,5.0
5153485,Andrew Civey,Southeast Missouri State,Big South-OVC,2025,,,,,,,,26,10,2,86,8.6,,,,,
5153499,Donnie Cheers,Southeast Missouri State,Big South-OVC,2025,,,,,,,,67,44,5,585,13.3,,,,,
5153500,Demetrion Cannon,Southeast Missouri State,Big South-OVC,2025,,,,,,,,13,1,0,13,13.0,,,,,
5153501,Anthony Westervelt,Southeast Missouri State,Big South-OVC,2025,,,,,,,,24,7,0,71,10.1,,,,,
5153517,Jason Hoath Jr.,Tennessee State,Big South-OVC,2025,,,,,,,,8,2,0,8,4.0,,,,,
5153603,Joseph Castle,Akron,Mid-American,2025,,,,,,,,,,,,,1,0,0,-23,-23.0
5153614,Troy Leigber,UCLA,Big Ten,2025,,,,,,,,,,,,,4,15,0,24,6.0
5153650,Davon Booth,Mississippi State,SEC,2025,,,,,,,,62,15,2,165,11.0,136,22,7,552,4.1
5153653,Kahanu Davis,Utah State,Mountain West,2025,,,,,,,,45,6,1,160,26.7,,,,,
5153655,Ja'kheo Mitchell,Utah Tech,UAC,2025,,,,,,,,17,7,0,68,9.7,2,14,0,21,10.5
5153683,Johnny Schifano,Grambling,SWAC,2025,,,,,,,,,,,,,1,0,0,-32,-32.0
5153685,Richie Munoz,Tennessee Tech,Big South-OVC,2025,,,,,,,,,,,,,1,0,0,-11,-11.0
5153695,Will Way,Weber State,Big Sky,2025,,,,,,,,,,,,,0,0,1,0,0
5153697,Ammon Munyer,Weber State,Big Sky,2025,,,,,,,,20,8,1,60,7.5,,,,,
5153708,Keali'i Ah Yat,Montana,Big Sky,2025,470,325,9,0.691,33,4070,8.7,33,1,0,33,33.0,68,18,8,67,1.0
5153713,Cameron Gurnsey,Montana,Big Sky,2025,,,,,,,,8,1,0,8,8.0,,,,,
5153727,Ashton Nickelberry,UTEP,Conference USA,2025,,,,,,,,11,2,0,13,6.5,,,,,
5153729,Davin Garinger,Austin Peay,UAC,2025,,,,,,,,,,,,,2,11,0,12,6.0
5153730,Jaden Barnes,App State,Sun Belt,2025,,,,,,,,59,55,7,608,11.1,,,,,
5153731,Ty Watkins,North Alabama,UAC,2025,1,1,0,1.000,0,9,9.0,,,,,,9,6,0,13,1.4
5153734,Malaki Dowell,Austin Peay,UAC,2025,,,,,,,,,,,,,16,13,0,61,3.8
5153736,Kaden Williams,Austin Peay,UAC,2025,,,,,,,,24,14,0,130,9.3,51,32,2,212,4.2
5153737,Courtland Simmons,Austin Peay,UAC,2025,,,,,,,,84,14,1,305,21.8,65,62,3,291,4.5
5153741,Garrett Hawkins,UTEP,Conference USA,2025,,,,,,,,,,,,,1,2,0,2,2.0
5153754,Jordyn Potts,Eastern Kentucky,UAC,2025,25,10,0,0.400,1,107,4.3,,,,,,10,7,0,-36,-3.6
5153764,Aidan Littles,Tennessee Tech,Big South-OVC,2025,,,,,,,,37,14,3,101,7.2,47,48,4,245,5.2
5153775,Tyler Nix,Tennessee Tech,Big South-OVC,2025,,,,,,,,7,4,0,16,4.0,,,,,
5153782,Amari Odom,Kennesaw State,Conference USA,2025,291,189,8,0.649,19,2594,8.9,,,,,,120,24,7,347,2.9
5153792,Jack Purdy,Wofford,Southern,2025,,,,,,,,20,6,0,80,13.3,,,,,
5153811,Caden Drezek,Maine,CAA,2025,13,7,1,0.538,0,58,4.5,,,,,,2,0,0,-25,-12.5
5153813,Nick Laughlin,Maine,CAA,2025,,,,,,,,81,11,2,197,17.9,31,25,1,164,5.3
5153824,Elijah Smalls,Maine,CAA,2025,,,,,,,,26,12,1,148,12.3,,,,,
5153837,Jake Kucera,Maine,CAA,2025,,,,,,,,14,2,1,20,10.0,,,,,
5153845,Zach Marker,Delaware,Conference USA,2025,8,3,0,0.375,0,21,2.6,,,,,,2,10,0,12,6.0
5153846,Nick Minicucci,Delaware,Conference USA,2025,514,322,7,0.626,23,3671,7.1,,,,,,112,29,10,235,2.1
5153849,Daniel Lipovski,Lafayette,Patriot,2025,2,1,0,0.500,1,26,13.0,,,,,,2,3,0,0,0.0
5153851,KT Seay,Delaware,Conference USA,2025,,,,,,,,,,,,,1,0,0,-7,-7.0
5153852,Ja'Carree Kelly,Delaware,Conference USA,2025,,,,,,,,67,32,1,304,9.5,2,3,0,-5,-2.5
5153855,Saeed St. Fleur,Delaware,Conference USA,2025,,,,,,,,,,,,,3,13,0,27,9.0
5153870,Donovan Lewis,Delaware,Conference USA,2025,,,,,,,,30,20,1,219,11.0,2,4,0,5,2.5
5153879,Ayden Martin,Monmouth,CAA,2025,,,,,,,,,,,,,1,1,0,1,1.0
5153885,Rodney Nelson,Monmouth,CAA,2025,,,,,,,,49,30,1,229,7.6,294,75,18,1805,6.1
5153887,Tra Neal,Monmouth,CAA,2025,1,1,0,1.000,1,33,33.0,41,30,7,431,14.4,,,,,
5153889,Joshua Derry,Monmouth,CAA,2025,,,,,,,,75,73,13,1101,15.1,5,15,0,49,9.8
5153905,Marcus Middleton,Monmouth,CAA,2025,,,,,,,,25,13,0,149,11.5,,,,,
5153911,Drew Danson,New Hampshire,CAA,2025,,,,,,,,12,6,0,39,6.5,,,,,
5153970,Dontay Bishop,Rhode Island,CAA,2025,,,,,,,,2,1,1,2,2.0,,,,,
5153977,Jamaal Brown,Richmond,Patriot,2025,,,,,,,,12,4,0,16,4.0,65,43,0,279,4.3
5153983,Aziz Foster-Powell,Richmond,Patriot,2025,,,,,,,,27,15,1,91,6.1,125,27,4,568,4.5
5153989,Godwin Burger,Richmond,Patriot,2025,,,,,,,,0,0,0,-2,0,,,,,
5153994,Landon Ellis,James Madison,Sun Belt,2025,,,,,,,,62,36,5,624,17.3,,,,,
5154000,Nolan Clayton,Villanova,CAA,2025,,,,,,,,25,3,0,33,11.0,,,,,
5154007,Ja'briel Mace,Villanova,CAA,2025,,,,,,,,26,19,1,121,6.4,129,82,12,977,7.6
5154013,Isaiah Ragland,Villanova,CAA,2025,,,,,,,,14,11,1,83,7.5,168,49,2,755,4.5
5154019,Noah Brannock,William & Mary,CAA,2025,27,14,1,0.519,0,188,7.0,,,,,,16,9,1,36,2.3
5154031,Garrett Robertson,William & Mary,CAA,2025,,,,,,,,37,8,0,118,14.8,,,,,
5154032,Jackson Blee,William & Mary,CAA,2025,,,,,,,,63,25,3,311,12.4,,,,,
5154125,Chase Goodwin,Columbia,Ivy,2025,205,109,9,0.532,9,1262,6.2,,,,,,37,17,1,43,1.2
5154126,Xander Menapace,Columbia,Ivy,2025,33,19,2,0.576,1,236,7.2,,,,,,19,28,0,50,2.6
5154133,Griffin Johnson,Columbia,Ivy,2025,,,,,,,,14,9,0,75,8.3,84,48,2,418,5.0
5154148,Christian Carti,Columbia,Ivy,2025,,,,,,,,3,1,0,3,3.0,,,,,
5154150,Titus Evans,Columbia,Ivy,2025,,,,,,,,74,46,6,584,12.7,,,,,
5154151,Braden Dougherty,Columbia,Ivy,2025,,,,,,,,39,19,1,225,11.8,,,,,
5154161,Garrett Bass-Sulpizio,Cornell,Ivy,2025,289,186,5,0.644,6,1860,6.4,,,,,,98,19,8,275,2.8
5154165,Matheson Bossick,Cornell,Ivy,2025,,,,,,,,21,6,0,78,13.0,,,,,
5154169,Ean Pope,Cornell,Ivy,2025,,,,,,,,6,3,0,9,3.0,16,13,0,56,3.5
5154173,Nolan Albright,Cornell,Ivy,2025,,,,,,,,18,3,0,30,10.0,,,,,
5154182,Brendan Lee,Cornell,Ivy,2025,,,,,,,,39,31,1,312,10.1,6,18,0,40,6.7
5154184,Ryder Kurtz,Cornell,Ivy,2025,,,,,,,,31,43,4,514,12.0,,,,,
5154215,Tyler Nelson,Prairie View A&M,SWAC,2025,2,1,0,0.500,0,13,6.5,,,,,,4,11,0,13,3.3
5154224,DJ Scott,North Dakota State,MVFC,2025,,,,,,,,19,4,0,44,11.0,95,39,6,502,5.3
5154225,Andre Craig Jr.,Alabama A&M,SWAC,2025,,,,,,,,23,18,0,200,11.1,,,,,
5154227,Navelle Dean,Kennesaw State,Conference USA,2025,,,,,,,,13,5,1,47,9.4,,,,,
5154262,Gavin Harris,New Mexico State,Conference USA,2025,,,,,,,,34,36,1,514,14.3,,,,,
5154270,Nathanial Clark,Howard,MEAC,2025,,,,,,,,12,3,0,26,8.7,,,,,
5154277,Cole Feuerbacher,Missouri State,Conference USA,2025,8,6,0,0.750,0,28,3.5,,,,,,3,2,0,3,1.0
5154278,Jayden Becks,North Texas,American Athletic,2025,,,,,,,,8,3,0,17,5.7,21,16,2,87,4.1
5154281,Ryan Boyd,Lindenwood,Big South-OVC,2025,,,,,,,,10,1,0,10,10.0,,,,,
5154284,Ramone Green Jr.,Missouri State,Conference USA,2025,,,,,,,,76,29,3,446,15.4,52,45,1,278,5.3
5154303,Zion Fowler-El,Pittsburgh,ACC,2025,,,,,,,,18,7,1,60,8.6,,,,,
5154304,Caleb Williams,Pittsburgh,ACC,2025,,,,,,,,0,2,0,-1,-0.5,7,4,0,10,1.4
5154321,Alex Capka-Jones,Illinois,Big Ten,2025,,,,,,,,19,2,0,31,15.5,,,,,
5154329,Nick True,Illinois State,MVFC,2025,,,,,,,,3,1,1,3,3.0,,,,,
5154338,Djay Braswell,Georgia State,Sun Belt,2025,,,,,,,,15,7,0,17,2.4,29,11,0,104,3.6
5154341,Maurice Brown II,South Carolina,SEC,2025,,,,,,,,14,2,0,24,12.0,,,,,
5154348,Ajai Harrell,Alabama State,SWAC,2025,,,,,,,,45,22,4,396,18.0,3,3,0,2,0.7
5154368,Zy'Terrio Lee,Campbell,CAA,2025,,,,,,,,,,,,,0,0,0,-3,0
5154372,Asa Gregg,Alabama State,SWAC,2025,,,,,,,,38,17,2,236,13.9,,,,,
5154383,Justin Bostic,Florida A&M,SWAC,2025,,,,,,,,12,1,0,12,12.0,,,,,
5154384,Vershod Quinn,Florida A&M,SWAC,2025,,,,,,,,,,,,,3,13,0,29,9.7
5154413,Isaiah Spencer,Virginia Tech,ACC,2025,,,,,,,,38,14,0,194,13.9,1,3,0,3,3.0
5154420,Ahmad Miller,Jackson State,SWAC,2025,,,,,,,,15,5,0,26,5.2,163,76,5,1035,6.3
5154484,Ryan Osborne,Harvard,Ivy,2025,,,,,,,,82,10,3,229,22.9,,,,,
5154486,West Smith,Princeton,Ivy,2025,6,3,0,0.500,0,24,4.0,,,,,,,,,,
5154488,Roman Laurio,Princeton,Ivy,2025,,,,,,,,49,19,0,306,16.1,,,,,
5154489,Aidan Besselman,Princeton,Ivy,2025,,,,,,,,19,14,2,160,11.4,,,,,
5154491,Kai Coln,Princeton,Ivy,2025,237,139,6,0.586,9,1699,7.2,,,,,,55,22,1,39,0.7
5154492,Ethan Clark,Princeton,Ivy,2025,,,,,,,,51,17,2,192,11.3,136,55,6,596,4.4
5154499,Rashad Caldwell,Princeton,Ivy,2025,,,,,,,,14,7,0,47,6.7,,,,,
5154508,Jackson Green,Princeton,Ivy,2025,,,,,,,,29,17,3,223,13.1,,,,,
5154529,Nathan Stewart,Delaware State,MEAC,2025,,,,,,,,32,19,0,233,12.3,,,,,
5154530,Kyree Benton,Delaware State,MEAC,2025,,,,,,,,39,17,0,195,11.5,2,23,0,43,21.5
5154536,Josiah Blake,Morgan State,MEAC,2025,,,,,,,,4,1,0,4,4.0,,,,,
5154559,Jason Collins Jr.,Morgan State,MEAC,2025,,,,,,,,18,12,0,44,3.7,94,23,5,363,3.9
5154567,Ian Collins,Northern Iowa,MVFC,2025,,,,,,,,12,3,0,20,6.7,,,,,
5154569,JC Roque,Northern Iowa,MVFC,2025,,,,,,,,41,56,7,595,10.6,8,16,0,26,3.3
5154580,Zach Mehmert,Northern Iowa,MVFC,2025,,,,,,,,11,6,0,35,5.8,1,1,0,1,1.0
5154711,Brenden Begeman,South Dakota State,MVFC,2025,,,,,,,,,,,,,10,19,1,28,2.8
5154716,Andrew Gustad,South Dakota State,MVFC,2025,,,,,,,,11,3,3,17,5.7,5,4,0,14,2.8
5154725,Kentrell Prejean,SE Louisiana,Southland,2025,,,,,,,,29,14,1,134,9.6,1,1,0,1,1.0
5154729,Davin Stoffel,Illinois,Big Ten,2025,,,,,,,,24,1,0,24,24.0,,,,,
5154732,Kirby Vorhees,Washington State,Pac-12,2025,,,,,,,,25,19,0,125,6.6,138,46,5,576,4.2
5154734,Griffin Wilde,Northwestern,Big Ten,2025,,,,,,,,49,71,8,880,12.4,1,5,0,5,5.0
5154765,Jimmy Athans,Southern Illinois,MVFC,2025,,,,,,,,,,,,,6,23,0,36,6.0
5154771,Jace Clark,Southern Illinois,MVFC,2025,2,1,0,0.500,1,4,2.0,,,,,,,,,,
5154781,Allen Middleton,Bowling Green,Mid-American,2025,,,,,,,,21,8,0,52,6.5,5,7,0,16,3.2
5154809,Jaylon Domingeaux,SE Louisiana,Southland,2025,,,,,,,,82,52,11,857,16.5,,,,,
5154811,Deantre Jackson,SE Louisiana,Southland,2025,,,,,,,,37,29,3,257,8.9,90,66,7,586,6.5
5154831,Tristan Goodly,SE Louisiana,Southland,2025,,,,,,,,65,8,1,115,14.4,,,,,
5154846,Dawson Adams-Grenier,Campbell,CAA,2025,,,,,,,,18,5,1,55,11.0,,,,,
5154847,Evan Stein,Houston Christian,Southland,2025,,,,,,,,5,2,0,6,3.0,,,,,
5154864,Champ Dozier,Houston Christian,Southland,2025,,,,,,,,,,,,,3,37,0,47,15.7
5154881,Bryce Schondelmyer,Dayton,Pioneer,2025,158,106,0,0.671,16,1398,8.8,,,,,,16,28,0,-16,-1.0
5154884,Makai Shahid,Youngstown State,MVFC,2025,,,,,,,,21,1,0,21,21.0,,,,,
5154910,Robert Coleman,Lamar,Southland,2025,108,67,2,0.620,3,585,5.4,4,1,0,4,4.0,30,16,0,6,0.2
5154911,Aiden McCown,Lamar,Southland,2025,194,112,6,0.577,10,1436,7.4,,,,,,76,23,4,225,3.0
5154949,Morgan Sampson,Lamar,Southland,2025,,,,,,,,6,4,0,16,4.0,,,,,
5154960,Jonathan Harris,McNeese,Southland,2025,,,,,,,,57,25,5,297,11.9,1,11,0,11,11.0
5154962,Kamden Sixkiller,Campbell,CAA,2025,357,224,5,0.627,12,2154,6.0,,,,,,76,24,3,224,2.9
5154964,Makhi Paris,McNeese,Southland,2025,,,,,,,,45,14,0,187,13.4,,,,,
5154971,Coleby Hamm,McNeese,Southland,2025,,,,,,,,21,5,0,55,11.0,116,50,5,635,5.5
5154995,Jamaal Levi,McNeese,Southland,2025,,,,,,,,17,2,0,27,13.5,,,,,
5154997,Reed Boyd,McNeese,Southland,2025,,,,,,,,30,5,1,60,12.0,,,,,
5154999,Jalen Wright,McNeese,Southland,2025,,,,,,,,8,2,0,15,7.5,,,,,
5155000,Jer'Michael Carter,Oklahoma,SEC,2025,,,,,,,,22,9,0,101,11.2,,,,,
5155033,Spencer Mermans,Yale,Ivy,2025,,,,,,,,4,1,1,4,4.0,,,,,
5155035,Graham Smith,Yale,Ivy,2025,,,,,,,,20,9,2,76,8.4,,,,,
5155048,L.J. Phillips Jr.,South Dakota,MVFC,2025,,,,,,,,19,26,1,176,6.8,281,67,19,1860,6.6
5155062,Larenzo Fenner,South Dakota,MVFC,2025,,,,,,,,70,41,15,961,23.4,1,14,0,14,14.0
5155064,Jesse Miller,South Dakota,MVFC,2025,,,,,,,,17,20,1,158,7.9,1,5,0,5,5.0
5155089,Leo Kemp,Bowling Green,Mid-American,2025,,,,,,,,,,,,,1,1,0,1,1.0
5155100,Jeff Hoenstine,St. Francis (PA),NEC,2025,34,22,0,0.647,2,185,5.4,,,,,,21,13,0,31,1.5
5155101,Andrew Vines,St. Francis (PA),NEC,2025,,,,,,,,25,6,0,38,6.3,,,,,
5155103,Buju Aumua-Tuisavura,Western Illinois,Big South-OVC,2025,,,,,,,,,,,,,1,17,0,17,17.0
5155112,Jordan Theodore,St. Francis (PA),NEC,2025,,,,,,,,30,10,2,121,12.1,49,17,1,165,3.4
5155150,Jahmil Perryman,St. Francis (PA),NEC,2025,,,,,,,,25,19,0,178,9.4,35,19,1,187,5.3
5155163,Yousef Obeid,Missouri State,Conference USA,2025,,,,,,,,,,,,,1,0,0,-5,-5.0
5155179,Jacob De Jesus,California,ACC,2025,2,1,0,0.500,0,27,13.5,41,107,6,1022,9.6,7,8,0,-1,-0.1
5155192,Cooper Haswell,Drake,Pioneer,2025,,,,,,,,20,2,0,32,16.0,,,,,
5155194,Christian Earls,Purdue,Big Ten,2025,,,,,,,,7,1,0,7,7.0,,,,,
5155250,Cade Cox,VMI,Southern,2025,,,,,,,,21,10,0,62,6.2,,,,,
5155268,Nathan Lhotsky,VMI,Southern,2025,,,,,,,,14,5,0,44,8.8,,,,,
5155270,Destin Moore,VMI,Southern,2025,,,,,,,,5,3,0,2,0.7,,,,,
5155293,Denzell Gibson,New Hampshire,CAA,2025,,,,,,,,27,3,1,42,14.0,65,45,2,340,5.2
5155294,Stefano Giovannelli,St. Thomas (MN),Pioneer,2025,1,0,0,0.000,0,0,0.0,63,8,2,177,22.1,2,8,2,14,7.0
5155298,Elliot Huether,St. Thomas (MN),Pioneer,2025,1,0,0,0.000,0,0,0.0,,,,,,,,,,
5155304,Owen Lyons,St. Thomas (MN),Pioneer,2025,,,,,,,,7,2,0,9,4.5,,,,,
5155308,Eli Paulson,St. Thomas (MN),Pioneer,2025,,,,,,,,35,20,1,254,12.7,3,1,0,-7,-2.3
5155314,Luke Schuler,St. Thomas (MN),Pioneer,2025,,,,,,,,37,7,2,137,19.6,,,,,
5155321,Elijah Owens,Indiana State,MVFC,2025,37,28,1,0.757,3,317,8.6,,,,,,31,13,0,112,3.6
5155322,BJ Wuest,Indiana State,MVFC,2025,,,,,,,,31,6,0,65,10.8,,,,,
5155332,Damon Sturm,Indiana State,MVFC,2025,,,,,,,,,,,,,3,5,0,7,2.3
5155333,Angelo St. Louis,Indiana State,MVFC,2025,,,,,,,,,,,,,20,11,0,94,4.7
5155366,Malachi Hosley,Georgia Tech,ACC,2025,,,,,,,,35,14,0,119,8.5,98,55,7,697,7.1
5155371,Cadin Olsen,Pennsylvania,Ivy,2025,,,,,,,,13,3,1,29,9.7,,,,,
5155373,Devin Page,Cornell,Ivy,2025,65,32,7,0.492,3,357,5.5,,,,,,28,17,1,107,3.8
5155377,Sean Williams Jr.,Pennsylvania,Ivy,2025,,,,,,,,16,5,0,41,8.2,45,40,2,215,4.8
5155390,Nick Lemon,Dartmouth,Ivy,2025,,,,,,,,48,14,0,198,14.1,,,,,
5155392,Jonathan Nelson,Dartmouth,Ivy,2025,,,,,,,,4,1,0,4,4.0,,,,,
5155393,Colin O'Garro,Dartmouth,Ivy,2025,,,,,,,,,,,,,2,7,0,9,4.5
5155398,Grayson Saunier,Dartmouth,Ivy,2025,279,183,7,0.656,9,2142,7.7,,,,,,89,37,11,413,4.6
5155400,Ian Scott,Dartmouth,Ivy,2025,,,,,,,,38,1,0,38,38.0,,,,,
5155405,Taysire Williams,Dartmouth,Ivy,2025,,,,,,,,21,1,0,21,21.0,,,,,
5155426,Christian Greenlaw,Hampton,CAA,2025,,,,,,,,9,7,0,36,5.1,,,,,
5155439,Jordan Richburg,Hampton,CAA,2025,,,,,,,,7,2,0,10,5.0,,,,,
5155451,Jaren Bowling,UT Martin,Big South-OVC,2025,,,,,,,,13,6,0,29,4.8,,,,,
5155455,Chris Franklin,UT Martin,Big South-OVC,2025,,,,,,,,20,16,0,96,6.0,89,66,3,450,5.1
5155519,Yannick Smith,East Carolina,American Athletic,2025,,,,,,,,59,44,5,583,13.3,,,,,
5155528,Jerry Kaminski,North Dakota,MVFC,2025,382,223,12,0.584,26,2570,6.7,2,1,0,2,2.0,133,40,8,607,4.6
5155530,Korey Tai,North Dakota,MVFC,2025,,,,,,,,41,23,2,245,10.7,9,35,0,49,5.4
5155532,Sawyer Seidl,North Dakota,MVFC,2025,,,,,,,,56,19,4,177,9.3,188,41,13,897,4.8
5155579,Cameron Flowers,Western Kentucky,Conference USA,2025,4,3,0,0.750,0,44,11.0,30,19,1,204,10.7,3,7,0,7,2.3
5155697,Curtis Jones Jr.,West Virginia,Big 12,2025,,,,,,,,3,1,0,3,3.0,11,6,3,24,2.2
5155746,Jordan Dees,West Georgia,UAC,2025,,,,,,,,35,36,3,508,14.1,,,,,
5155751,Jackson Kilburg,Colgate,Patriot,2025,11,9,1,0.818,2,84,7.6,,,,,,3,8,0,7,2.3
5155780,Taeo Todd,Georgia Southern,Sun Belt,2025,,,,,,,,11,11,0,59,5.4,26,19,0,102,3.9
5155783,Daniel Frederick,Elon,CAA,2025,,,,,,,,13,9,0,34,3.8,51,28,3,244,4.8
5155786,Dylan Magazu,Elon,CAA,2025,,,,,,,,31,11,2,168,15.3,,,,,
5155802,Zimere Winston,Elon,CAA,2025,,,,,,,,78,17,3,309,18.2,1,1,0,1,1.0
5155803,Kenaz McMillian,Elon,CAA,2025,,,,,,,,26,22,0,235,10.7,,,,,
5155811,Zay Perkins,Towson,CAA,2025,,,,,,,,36,12,1,207,17.3,,,,,
5155818,CJ Schaeffer,Towson,CAA,2025,,,,,,,,64,6,2,92,15.3,,,,,
5155819,Rion Roseborough,East Carolina,American Athletic,2025,,,,,,,,,,,,,3,21,1,23,7.7
5155864,Julian Dugger,Washington State,Pac-12,2025,6,2,0,0.333,0,39,6.5,8,1,0,8,8.0,22,34,2,47,2.1
5155867,Carson Grove,Northwestern,Big Ten,2025,,,,,,,,10,2,0,17,8.5,,,,,
5155943,James Murphy,Brown,Ivy,2025,362,245,14,0.677,18,2784,7.7,,,,,,51,20,0,-56,-1.1
5155944,Jackson Bennett,Brown,Ivy,2025,,,,,,,,29,8,0,71,8.9,42,23,1,163,3.9
5155946,Michael McGhee,Brown,Ivy,2025,,,,,,,,,,,,,3,4,0,5,1.7
5155952,Levi Linowes,Brown,Ivy,2025,,,,,,,,42,19,1,239,12.6,,,,,
5155970,Kyai Cook,Brown,Ivy,2025,,,,,,,,4,2,0,-2,-1.0,,,,,
5155971,Michael Nesbit,Brown,Ivy,2025,,,,,,,,30,17,0,169,9.9,,,,,
5155972,Najih Rahman,Brown,Ivy,2025,1,1,0,1.000,1,4,4.0,40,11,0,142,12.9,,,,,
5155973,RJ Baker,North Carolina A&T,CAA,2025,,,,,,,,0,1,0,-6,-6.0,2,2,0,2,1.0
5155974,Taron Biles-Walker,Norfolk State,MEAC,2025,,,,,,,,15,14,0,110,7.9,2,3,0,5,2.5
5155995,Elyjah Mitchell,Norfolk State,MEAC,2025,,,,,,,,13,8,1,67,8.4,,,,,
5156003,X'Zavion Evans,Norfolk State,MEAC,2025,,,,,,,,66,10,1,105,10.5,123,37,6,528,4.3
5156006,Ruben Lee II,Mississippi Valley State,SWAC,2025,1,1,0,1.000,0,-1,-1.0,,,,,,2,4,0,0,0.0
5156012,Shawn Brown,Stonehill,NEC,2025,4,1,0,0.250,0,11,2.8,,,,,,7,14,1,45,6.4
5156023,Joshua Roberson,Stonehill,NEC,2025,,,,,,,,13,7,0,55,7.9,42,40,1,237,5.6
5156026,Torance Washington,Stonehill,NEC,2025,,,,,,,,43,27,2,264,9.8,,,,,
5156056,Caleb Hampton,Stanford,ACC,2025,,,,,,,,12,1,0,12,12.0,11,8,0,29,2.6
5156057,Myles Libman,Stanford,ACC,2025,,,,,,,,20,7,1,84,12.0,,,,,
5156115,Elijah Pedro,Massachusetts,Mid-American,2025,,,,,,,,9,2,1,18,9.0,,,,,
5156116,Juju Preston,Clemson,ACC,2025,,,,,,,,4,1,0,4,4.0,,,,,
5156152,Jaquari Lewis,App State,Sun Belt,2025,,,,,,,,23,32,0,192,6.0,140,27,6,618,4.4
5156162,E. Jai Mason,Charlotte,American Athletic,2025,,,,,,,,62,31,4,423,13.6,,,,,
5156170,Jackson Beatty,Samford,Southern,2025,,,,,,,,15,3,0,27,9.0,,,,,
5156183,Brendan Jenkins,South Alabama,Sun Belt,2025,,,,,,,,30,9,1,117,13.0,,,,,
5156199,Markeith Hogan,Merrimack,FCS Independents,2025,,,,,,,,10,1,0,10,10.0,,,,,
5156202,Matthias Latham,Merrimack,FCS Independents,2025,,,,,,,,2,3,0,4,1.3,31,17,0,120,3.9
5156204,Jalen McDonald,Merrimack,FCS Independents,2025,,,,,,,,34,16,0,197,12.3,1,7,0,7,7.0
5156207,Austin Palmer,Merrimack,FCS Independents,2025,,,,,,,,66,21,2,287,13.7,3,19,0,26,8.7
5156210,Seth Sweitzer,Merrimack,FCS Independents,2025,,,,,,,,36,31,3,403,13.0,5,18,0,48,9.6
5156212,Brendon Wyatt,Merrimack,FCS Independents,2025,,,,,,,,31,13,0,102,7.8,73,63,3,304,4.2
5156255,JT Fayard,Wofford,Southern,2025,207,139,3,0.671,13,1471,7.1,,,,,,19,11,0,-48,-2.5
5156285,Amaaz Eugene,Northwestern State,Southland,2025,,,,,,,,33,11,0,85,7.7,2,11,0,13,6.5
5156292,Czavian Teasett,Grambling,SWAC,2025,195,115,5,0.590,10,1268,6.5,,,,,,38,30,4,150,3.9
5156348,Bryson Kuzdzal,Michigan,Big Ten,2025,,,,,,,,8,4,0,10,2.5,76,22,4,326,4.3
5156379,DaMarion Fowlkes,Missouri,SEC,2025,,,,,,,,,,,,,1,5,0,5,5.0
5156439,Alijah Turner,Stonehill,NEC,2025,,,,,,,,20,21,1,166,7.9,1,0,0,-5,-5.0
5156440,Jamarice Wilder,Louisville,ACC,2025,,,,,,,,,,,,,4,7,0,15,3.8
5156751,Drew VanVleet,Dayton,Pioneer,2025,75,44,3,0.587,5,532,7.1,,,,,,16,9,0,-57,-3.6
5156752,Donovan Weatherly,Dayton,Pioneer,2025,,,,,,,,50,17,5,239,14.1,,,,,
5156755,Gavin Lochow,Dayton,Pioneer,2025,9,3,2,0.333,1,49,5.4,48,61,8,731,12.0,62,79,2,362,5.8
5156759,Ethan Thulin,Dayton,Pioneer,2025,,,,,,,,45,21,1,303,14.4,,,,,
5156761,Levi Moell,Dayton,Pioneer,2025,,,,,,,,,,,,,12,29,1,85,7.1
5156762,Luke Hansen,Dayton,Pioneer,2025,,,,,,,,26,10,1,65,6.5,120,54,9,650,5.4
5156766,Mason Hackett,Dayton,Pioneer,2025,,,,,,,,56,8,0,85,10.6,93,28,2,338,3.6
5156780,Carson Labensky,Dayton,Pioneer,2025,,,,,,,,11,5,0,43,8.6,,,,,
5156794,Dylan Harris,Stony Brook,CAA,2025,,,,,,,,9,4,0,25,6.3,23,8,2,64,2.8
5156860,Caleb Ramseur,Nevada,Mountain West,2025,,,,,,,,41,18,3,191,10.6,139,32,5,683,4.9
5156879,Jaylen Hampton,Charlotte,American Athletic,2025,,,,,,,,11,3,0,27,9.0,,,,,
5156906,Bill Davis,Louisiana,Sun Belt,2025,,,,,,,,26,10,0,79,7.9,158,76,6,763,4.8
5156909,Damondrick Blackburn,Nicholls,Southland,2025,,,,,,,,,,,,,3,8,0,6,2.0
5156911,Landon Baptiste,Louisiana,Sun Belt,2025,,,,,,,,10,2,1,15,7.5,,,,,
5156915,Tylon Citizen,Alcorn State,SWAC,2025,,,,,,,,5,1,1,5,5.0,14,10,1,27,1.9
5156928,Caden Jensen,Louisiana,Sun Belt,2025,,,,,,,,40,29,1,231,8.0,,,,,
5156933,Rahsul Faison,South Carolina,SEC,2025,,,,,,,,33,19,0,118,6.2,96,46,3,470,4.9
5156959,Jordan Rae,UAlbany,CAA,2025,,,,,,,,45,20,0,250,12.5,,,,,
5156960,Joey Koch,UAlbany,CAA,2025,,,,,,,,9,3,0,7,2.3,3,6,0,9,3.0
5156994,Trey Drake,North Dakota State,MVFC,2025,1,1,0,1.000,0,4,4.0,,,,,,2,3,0,5,2.5
5156998,CharMar Brown,Miami,ACC,2025,,,,,,,,22,20,2,138,6.9,122,13,7,460,3.8
5157011,Brady Wavrunek,North Dakota State,MVFC,2025,,,,,,,,,,,,,4,9,0,16,4.0
5157055,Edd Guerrier,Rutgers,Big Ten,2025,,,,,,,,,,,,,7,9,0,25,3.6
5157068,Kaleb Mathis,Colorado,Big 12,2025,,,,,,,,12,2,0,17,8.5,,,,,
5157117,Barry Tate,Campbell,CAA,2025,,,,,,,,30,15,0,81,5.4,3,59,1,53,17.7
5157119,Aiden Valdez,New Mexico,Mountain West,2025,,,,,,,,-3,1,0,-3,-3.0,,,,,
5157187,Cameron Bates,Boise State,Mountain West,2025,1,1,0,1.000,0,15,15.0,44,18,1,307,17.1,6,35,2,78,13.0
5157261,Ja'Vin Simpkins,Coastal Carolina,Sun Belt,2025,,,,,,,,21,17,0,74,4.4,125,46,2,590,4.7
5157266,Bryson Graves,Coastal Carolina,Sun Belt,2025,5,4,0,0.800,1,144,28.8,39,35,2,330,9.4,2,0,0,-17,-8.5
5157284,Jamai East,Oregon State,Pac-12,2025,,,,,,,,28,5,0,56,11.2,,,,,
5157287,David Wells Jr.,Oregon State,Pac-12,2025,,,,,,,,56,44,4,466,10.6,4,30,1,37,9.3
5157294,Karson Boschma,Oregon State,Pac-12,2025,,,,,,,,28,4,1,89,22.3,,,,,
5157315,Connor Cravaack,Akron,Mid-American,2025,,,,,,,,27,18,2,147,8.2,,,,,
5157324,Jean Louis III,Akron,Mid-American,2025,,,,,,,,24,6,0,85,14.2,,,,,
5157331,Adrian Norton,Marshall,Sun Belt,2025,1,0,0,0.000,0,0,0.0,41,28,5,383,13.7,,,,,
5157386,Austen Frattura,Davidson,Pioneer,2025,,,,,,,,,,,,,2,12,0,19,9.5
5157391,Jayden Clerveaux,Holy Cross,Patriot,2025,,,,,,,,15,6,0,37,6.2,161,67,5,762,4.7
5157399,Nyeoti Punni,Holy Cross,Patriot,2025,,,,,,,,25,2,0,31,15.5,70,53,3,415,5.9
5157410,Charly Mullaly,Holy Cross,Patriot,2025,,,,,,,,37,17,1,189,11.1,,,,,
5157416,Zach Wieder,Arkansas-Pine Bluff,SWAC,2025,,,,,,,,,,,,,1,21,0,21,21.0
5157425,Keylijah Williams,Bryant,CAA,2025,,,,,,,,13,4,0,22,5.5,,,,,
5157426,Jaden Keefner,Bryant,CAA,2025,128,67,3,0.523,4,821,6.4,,,,,,44,18,2,201,4.6
5157430,Aldrich Doe,Bryant,CAA,2025,,,,,,,,35,37,2,467,12.6,4,6,0,4,1.0
5157458,Koby Keenan,Bryant,CAA,2025,,,,,,,,21,13,2,128,9.8,,,,,
5157477,Jaaden Simpkins,Stonehill,NEC,2025,,,,,,,,13,4,0,39,9.8,,,,,
5157479,Cincere Gill,Presbyterian,Pioneer,2025,,,,,,,,72,33,7,701,21.2,,,,,
5157481,Collin Hurst,Presbyterian,Pioneer,2025,289,198,11,0.685,26,2704,9.4,12,1,1,12,12.0,39,26,2,59,1.5
5157486,Jalen Patrick,Presbyterian,Pioneer,2025,,,,,,,,41,16,1,214,13.4,2,6,0,11,5.5
5157489,Zach Switzer,Presbyterian,Pioneer,2025,,,,,,,,31,31,4,316,10.2,135,79,9,779,5.8
5157498,CJ Johnson,Presbyterian,Pioneer,2025,,,,,,,,0,1,0,-2,-2.0,11,5,0,25,2.3
5157503,Raymond McCray,Presbyterian,Pioneer,2025,,,,,,,,,,,,,1,3,0,3,3.0
5157528,Nathan Levicki,Presbyterian,Pioneer,2025,,,,,,,,75,33,6,478,14.5,5,9,3,15,3.0
5157533,Derek Varley,Stonehill,NEC,2025,,,,,,,,20,9,0,71,7.9,,,,,
5157537,Caron Tyler,Valparaiso,Pioneer,2025,65,40,2,0.615,2,400,6.2,,,,,,53,21,1,120,2.3
5157544,Chris Gundy,Valparaiso,Pioneer,2025,,,,,,,,48,18,1,270,15.0,2,6,0,8,4.0
5157545,Brian Thomas,New Haven,NEC,2025,,,,,,,,23,17,1,130,7.6,71,42,0,296,4.2
5157546,Micah Mackay,Valparaiso,Pioneer,2025,,,,,,,,67,12,1,196,16.3,1,2,1,2,2.0
5158121,Travor Randle,Prairie View A&M,SWAC,2025,,,,,,,,,,,,,1,18,0,18,18.0
5158127,Landon Graves,UL Monroe,Sun Belt,2025,40,19,2,0.475,2,185,4.6,,,,,,14,16,0,70,5.0
5158138,Cooper Eldridge,UL Monroe,Sun Belt,2025,,,,,,,,11,1,0,11,11.0,,,,,
5158235,Jordan Clemons,Florida International,Conference USA,2025,,,,,,,,,,,,,3,9,0,14,4.7
5158245,Jude James,Missouri,SEC,2025,,,,,,,,40,6,2,81,13.5,,,,,
5158251,Khalil Wilkins,West Virginia,Big 12,2025,36,16,2,0.444,1,185,5.1,,,,,,58,22,2,243,4.2
5158340,Denim Edwards,Presbyterian,Pioneer,2025,,,,,,,,,,,,,6,8,0,28,4.7
5158341,Luke Hutchison,Navy,American Athletic,2025,,,,,,,,63,5,3,134,26.8,1,2,1,2,2.0
5158343,Braxton Woodson,Navy,American Athletic,2025,19,9,0,0.474,0,110,5.8,10,1,0,10,10.0,44,74,6,414,9.4
5158351,TK Hodges,Navy,American Athletic,2025,,,,,,,,,,,,,2,8,0,12,6.0
5158373,Vic Listorti,Navy,American Athletic,2025,,,,,,,,,,,,,3,9,0,17,5.7
5158394,Kendall Evans,Navy,American Athletic,2025,,,,,,,,3,1,1,3,3.0,,,,,
5158395,Joshua Guerin,Navy,American Athletic,2025,,,,,,,,35,3,0,60,20.0,1,11,0,11,11.0
5158398,Jake Norris,Navy,American Athletic,2025,,,,,,,,23,1,0,23,23.0,,,,,
5158409,Jose Corbo,Florida International,Conference USA,2025,,,,,,,,,,,,,1,0,0,0,0.0
5158417,Dylan Redmon,Stetson,Pioneer,2025,,,,,,,,67,23,4,341,14.8,,,,,
5158446,Brock Thomas,Oregon,Big Ten,2025,16,12,0,0.750,1,130,8.1,,,,,,9,15,0,17,1.9
5158458,Gernorris Wilson,Oregon,Big Ten,2025,,,,,,,,1,1,1,1,1.0,,,,,
5158747,Aaron Blancas,Arkansas State,Sun Belt,2025,,,,,,,,6,1,0,6,6.0,,,,,
5158809,Lincoln Cardillo,Marist,Pioneer,2025,,,,,,,,16,1,0,16,16.0,7,8,0,14,2.0
5158820,Devin Kennedy,Marist,Pioneer,2025,,,,,,,,27,4,1,44,11.0,,,,,
5158829,Javon Robinson,Georgia State,Sun Belt,2025,,,,,,,,46,58,4,599,10.3,4,6,0,18,4.5
5158835,Tylon Williams,Grambling,SWAC,2025,,,,,,,,8,2,0,12,6.0,,,,,
5158864,Shemar Savage,Jackson State,SWAC,2025,,,,,,,,60,9,2,177,19.7,,,,,
5158904,Anthony Benjamin,Western Carolina,Southern,2025,,,,,,,,,,,,,3,14,0,21,7.0
5158917,Nick Delgadillo,Hawai'i,Mountain West,2025,,,,,,,,11,3,0,32,10.7,,,,,
5159016,Julian Lewis,Colorado,Big 12,2025,94,52,0,0.553,4,589,6.3,,,,,,23,15,0,-36,-1.6
5159139,Donovan Faupel,New Mexico State,Conference USA,2025,3,2,0,0.667,1,57,19.0,55,61,7,661,10.8,,,,,
5159141,Dailan Goodman,New Mexico State,Conference USA,2025,,,,,,,,9,1,0,9,9.0,2,2,0,3,1.5
5159143,Trent Hudson,Vanderbilt,SEC,2025,,,,,,,,19,2,0,32,16.0,,,,,
5159150,Isaiah Rudison,New Mexico State,Conference USA,2025,,,,,,,,14,9,0,44,4.9,42,36,2,158,3.8
5159175,Malachi Toney,Miami,ACC,2025,7,4,0,0.571,2,82,11.7,61,109,10,1211,11.1,23,13,1,113,4.9
5159232,Jawarn Howell,South Carolina,SEC,2025,,,,,,,,36,4,0,61,15.3,14,14,0,80,5.7
5159234,Nigel Johnson,South Carolina State,MEAC,2025,,,,,,,,67,11,3,295,26.8,,,,,
5159239,Tyler J. Smith,South Carolina State,MEAC,2025,,,,,,,,38,12,0,96,8.0,112,55,6,512,4.6
5159262,Garrett Harrold,Duquesne,NEC,2025,,,,,,,,13,8,1,41,5.1,,,,,
5159275,Xavier Rice,Duquesne,NEC,2025,2,1,0,0.500,0,2,1.0,,,,,,,,,,
5159276,Edward Robinson,Southern Illinois,MVFC,2025,,,,,,,,14,19,1,112,5.9,91,81,1,655,7.2
5159279,Ian Sheehan,Duquesne,NEC,2025,,,,,,,,9,1,0,9,9.0,,,,,
5159280,Shawn Solomon Jr.,Duquesne,NEC,2025,,,,,,,,15,9,0,42,4.7,69,34,1,379,5.5
5159282,Daniel Tarabrella,Duquesne,NEC,2025,,,,,,,,13,8,2,52,6.5,1,1,0,1,1.0
5159290,Aviyon Smith-Mack,Sam Houston,Conference USA,2025,,,,,,,,12,9,0,49,5.4,,,,,
5159350,Dylan Mauro,UC Davis,Big Sky,2025,1,1,0,1.000,0,27,27.0,,,,,,1,6,0,6,6.0
5159357,Yamil Oaxaca,Sul Ross State,Lone Star,2025,,,,,,,,0,1,0,0,0.0,,,,,
5159359,Jai Boyd,Western Carolina,Southern,2025,,,,,,,,11,2,1,21,10.5,,,,,
5159360,James Tyre,Western Carolina,Southern,2025,2,1,0,0.500,1,61,30.5,42,68,11,832,12.2,0,62,1,62,0
5159361,Bennett Judy,Western Carolina,Southern,2025,83,50,2,0.602,3,420,5.1,,,,,,13,8,0,-17,-1.3
5159362,Zion Booker,Tulsa,American Athletic,2025,,,,,,,,40,46,2,418,9.1,5,10,0,24,4.8
5159366,Markel Townsend,Western Carolina,Southern,2025,,,,,,,,19,26,0,173,6.7,70,38,6,322,4.6
5159377,David Hulbert,Western Carolina,Southern,2025,,,,,,,,9,7,1,30,4.3,,,,,
5159378,Patrick Boyd Jr.,Western Carolina,Southern,2025,,,,,,,,41,34,2,322,9.5,90,70,1,420,4.7
5159453,Darius Johnson,NC State,ACC,2025,,,,,,,,,,,,,3,7,0,10,3.3
5159481,Dominic Deluca,Wake Forest,ACC,2025,,,,,,,,7,1,0,7,7.0,,,,,
5159802,Dallen Bentley,Utah,Big 12,2025,,,,,,,,45,48,6,620,12.9,,,,,
5159823,Isaac Stopke,Morehead State,Pioneer,2025,,,,,,,,14,8,0,59,7.4,148,46,7,788,5.3
5159830,Jamaal Young II,North Dakota,MVFC,2025,,,,,,,,15,1,0,15,15.0,,,,,
5159831,Derek Eusebio,Arizona State,Big 12,2025,,,,,,,,68,22,2,341,15.5,3,8,0,11,3.7
5159878,Will Kiker,Georgia Tech,ACC,2025,,,,,,,,5,1,0,5,5.0,,,,,
5159908,JR Gardner,Alabama State,SWAC,2025,,,,,,,,,,,,,6,27,1,41,6.8
5159944,Kris Hughes,Louisville,ACC,2025,,,,,,,,33,8,1,109,13.6,,,,,
5159948,Chris Johnson Jr.,SMU,ACC,2025,,,,,,,,42,17,1,180,10.6,67,87,4,479,7.1
5159954,Shemar Kirk,Austin Peay,UAC,2025,1,1,0,1.000,0,15,15.0,79,42,8,685,16.3,,,,,
5159967,Devin Queen,UT Martin,Big South-OVC,2025,,,,,,,,8,2,0,13,6.5,,,,,
5159969,Ian Brandt,Old Dominion,Sun Belt,2025,,,,,,,,,,,,,1,0,0,-4,-4.0
5159983,Omarion Blakes,Alcorn State,SWAC,2025,,,,,,,,32,34,2,256,7.5,,,,,
5160003,Tyran Warren,Alcorn State,SWAC,2025,,,,,,,,74,24,4,442,18.4,3,5,0,9,3.0
5160013,Carston Naegle,Southern Utah,UAC,2025,1,1,0,1.000,0,3,3.0,,,,,,,,,,
5160015,Brendan Anderson,Southern Utah,UAC,2025,1,0,0,0.000,0,0,0.0,,,,,,,,,,
5160017,Caden Lettis,Southern Utah,UAC,2025,,,,,,,,3,1,0,3,3.0,,,,,
5160025,Niko Alailefaleula,Southern Utah,UAC,2025,,,,,,,,10,5,1,35,7.0,2,7,0,13,6.5
5160051,Anson Kraut,Southern Utah,UAC,2025,,,,,,,,37,8,1,113,14.1,,,,,
5160054,Mikey Allen,Southern Utah,UAC,2025,,,,,,,,,,,,,1,0,0,-1,-1.0
5160086,Desirrio Riles,East Carolina,American Athletic,2025,,,,,,,,42,28,2,362,12.9,,,,,
5160096,Mark Shenouda,Tennessee State,Big South-OVC,2025,,,,,,,,,,,,,1,5,0,5,5.0
5160113,Ronnie Crosby III,Texas A&M,SEC,2025,,,,,,,,,,,,,1,1,0,1,1.0
5160116,Blake Buntyn,Texas A&M,SEC,2025,,,,,,,,13,1,0,13,13.0,,,,,
5160158,DK Kency,Nicholls,Southland,2025,,,,,,,,,,,,,7,6,0,14,2.0
5160197,Darius Cannon,Murray State,MVFC,2025,,,,,,,,65,76,3,726,9.6,8,10,0,35,4.4
5160209,Landan Brown,Sam Houston,Conference USA,2025,,,,,,,,24,37,0,237,6.4,84,63,5,487,5.8
5160456,Will Karoll,UCLA,Big Ten,2025,,,,,,,,,,,,,1,0,0,-8,-8.0
5160572,Jeremiah Colclough,Wagner,NEC,2025,,,,,,,,45,34,2,272,8.0,2,7,0,10,5.0
5160581,Sekou Kamau,Wagner,NEC,2025,,,,,,,,8,7,0,16,2.3,80,25,0,341,4.3
5160593,Teree McDonald,Wagner,NEC,2025,,,,,,,,35,32,0,190,5.9,6,7,0,18,3.0
5160617,Christopher Harris,Wagner,NEC,2025,,,,,,,,15,3,0,23,7.7,,,,,
5160640,Anthony Ferrucci,Boston College,ACC,2025,,,,,,,,,,,,,4,5,0,14,3.5
5160641,Logan Galletta,Lehigh,Patriot,2025,,,,,,,,6,2,0,9,4.5,,,,,
5160661,Kerrick Ross,Mississippi Valley State,SWAC,2025,,,,,,,,30,6,1,71,11.8,5,13,0,24,4.8
5160730,Max Cutforth,Boise State,Mountain West,2025,167,95,5,0.569,4,1059,6.3,,,,,,17,8,0,-73,-4.3
5160747,Michael Hartshorn,Duquesne,NEC,2025,,,,,,,,,,,,,1,0,0,-11,-11.0
5160945,Chris Edmonds,Bowling Green,Mid-American,2025,,,,,,,,,,,,,7,15,0,26,3.7
5160955,Jojo Phillips,BYU,Big 12,2025,,,,,,,,21,14,0,161,11.5,,,,,
5161137,Dean-Taylor Chapman,California,ACC,2025,,,,,,,,,,,,,1,5,0,5,5.0
5161149,Anthony Benzija,Stetson,Pioneer,2025,,,,,,,,21,15,1,137,9.1,,,,,
5161155,Beau Bankston,Stetson,Pioneer,2025,,,,,,,,41,15,1,176,11.7,,,,,
5161157,Zion Griffin,Stetson,Pioneer,2025,,,,,,,,13,13,0,69,5.3,28,19,0,110,3.9
5161159,Chris Stephenson,Stetson,Pioneer,2025,99,54,4,0.545,2,454,4.6,,,,,,95,65,5,467,4.9
5161162,Ronnel Johnson,Missouri State,Conference USA,2025,,,,,,,,35,35,2,463,13.2,1,38,0,38,38.0
5161193,Wyatt Rogers,Stetson,Pioneer,2025,,,,,,,,53,14,1,195,13.9,,,,,
5161195,Brayden Miller,Stetson,Pioneer,2025,,,,,,,,4,1,0,4,4.0,,,,,
5161233,Preston Kilgore,East Texas A&M,Southland,2025,,,,,,,,16,7,0,48,6.9,,,,,
5161234,Matthew Goldman,East Texas A&M,Southland,2025,,,,,,,,,,,,,1,5,0,5,5.0
5161235,Jordon Hamilton,East Texas A&M,Southland,2025,,,,,,,,6,1,0,6,6.0,5,5,0,13,2.6
5161250,Zayden Davis,Wagner,NEC,2025,,,,,,,,2,1,0,2,2.0,1,2,0,2,2.0
5161253,Devin Matthews,East Texas A&M,Southland,2025,,,,,,,,59,36,7,649,18.0,2,28,0,26,13.0
5161298,Nathan Brown,San Diego,Pioneer,2025,,,,,,,,,,,,,3,0,0,-16,-5.3
5161319,Yosei Takahashi,San Diego,Pioneer,2025,1,1,0,1.000,1,73,73.0,11,2,0,13,6.5,,,,,
5161482,Jy Martin,North Dakota,MVFC,2025,,,,,,,,,,,,,1,15,0,15,15.0
5161615,Cam Bulluck,Murray State,MVFC,2025,,,,,,,,37,10,2,140,14.0,,,,,
5161638,Tyler Chandler,Syracuse,ACC,2025,,,,,,,,,,,,,1,5,0,5,5.0
5161652,Ja'Ricous Hairston,Virginia Tech,ACC,2025,,,,,,,,33,12,3,112,9.3,,,,,
5161690,Michael Mussari,Dayton,Pioneer,2025,1,1,0,1.000,0,10,10.0,67,34,7,621,18.3,10,10,0,37,3.7
5161735,Easton Miller,Iowa State,Big 12,2025,,,,,,,,,,,,,4,9,0,23,5.8
5161776,Judah Price,Marshall,Sun Belt,2025,,,,,,,,,,,,,10,11,0,34,3.4
5161780,Jordyn Bridgewater,UCF,Big 12,2025,,,,,,,,,,,,,1,3,0,3,3.0
5161800,Viron Ellison Jr.,Delaware,Conference USA,2025,,,,,,,,43,21,2,191,9.1,117,20,4,462,3.9
5161835,Jaylen McGill,North Carolina,ACC,2025,,,,,,,,15,7,0,49,7.0,7,7,0,19,2.7
5161891,Joseph Moreland,Northwestern State,Southland,2025,,,,,,,,25,13,0,127,9.8,,,,,
5161892,Xayvion Noland,UT Rio Grande Valley,Southland,2025,,,,,,,,76,37,7,776,21.0,2,52,0,55,27.5
5161958,KJ Fields,North Alabama,UAC,2025,1,1,0,1.000,0,23,23.0,44,30,2,302,10.1,7,14,2,-8,-1.1
5161959,Adam Watford,North Alabama,UAC,2025,,,,,,,,,,,,,1,0,0,-8,-8.0
5162103,Brian Trobel,Mercyhurst,NEC,2025,2,1,0,0.500,0,11,5.5,76,13,1,134,10.3,156,63,12,981,6.3
5162161,Teagan Brown,Sacred Heart,FCS Independents,2025,,,,,,,,28,16,0,143,8.9,,,,,
5162252,Kaden Cooper,North Alabama,UAC,2025,,,,,,,,15,3,1,20,6.7,2,2,0,2,1.0
5162384,Kj Reed,Fordham,Patriot,2025,,,,,,,,13,3,0,10,3.3,,,,,
5162399,Darius Copeland,Liberty,Conference USA,2025,,,,,,,,2,1,0,1,1.0,1,6,0,6,6.0
5162406,Caleb Ryan,Liberty,Conference USA,2025,,,,,,,,56,4,0,87,21.8,,,,,
5162540,Jimmyll Williams,Elon,CAA,2025,,,,,,,,47,13,0,143,11.0,104,45,3,673,6.5
5162550,Quedrion Miles,Virginia St,CIAA,2025,,,,,,,,,,,,,1,0,0,-3,-3.0
5162645,Jaleel Walker,Western Kentucky,Conference USA,2025,,,,,,,,20,1,0,20,20.0,,,,,
5162646,Marvin Sims,Western Kentucky,Conference USA,2025,,,,,,,,11,2,1,19,9.5,1,14,0,14,14.0
5162858,Bryson Hammer,Toledo,Mid-American,2025,,,,,,,,21,3,0,41,13.7,,,,,
5162879,Tylor Latham,Air Force,Mountain West,2025,,,,,,,,5,1,0,5,5.0,1,7,0,7,7.0
5162965,Lynn Pettway,Alabama A&M,SWAC,2025,,,,,,,,,,,,,1,4,0,4,4.0
5163009,Roriyon Richardson,Texas Southern,SWAC,2025,,,,,,,,57,30,4,444,14.8,,,,,
5163010,Jacob Washington,Texas Southern,SWAC,2025,,,,,,,,14,4,0,42,10.5,42,29,1,218,5.2
5163021,Jacob Godfrey,UL Monroe,Sun Belt,2025,,,,,,,,37,16,2,191,11.9,4,20,0,35,8.8
5163088,Nathan Totten,Marshall,Sun Belt,2025,1,1,0,1.000,0,12,12.0,,,,,,,,,,
5163093,Conor Booth,Nebraska,Big Ten,2025,,,,,,,,6,2,0,11,5.5,3,4,0,6,2.0
5163380,Justin Erb,Wyoming,Mountain West,2025,,,,,,,,9,3,1,18,6.0,,,,,
5163490,Rogerick Ray,UNLV,Mountain West,2025,,,,,,,,,,,,,2,0,0,-1,-0.5
5163532,Dominiq Ponder,Colorado,Big 12,2025,1,0,0,0.000,0,0,0.0,,,,,,2,4,0,-4,-2.0
5163745,Jalyn Gramstad,Nebraska,Big Ten,2025,5,5,0,1.000,0,16,3.2,,,,,,,,,,
5164104,Jayden Flood-Brown,Stony Brook,CAA,2025,,,,,,,,9,5,0,31,6.2,,,,,
5164313,Jaron-Keawe Sagapolutele,California,ACC,2025,491,315,9,0.642,18,3446,7.0,,,,,,60,25,4,-120,-2.0
5164314,Scotty Fox Jr.,West Virginia,Big 12,2025,170,101,6,0.594,7,1276,7.5,,,,,,84,59,3,201,2.4
5164316,Alex Manske,Iowa State,Big 12,2025,5,4,0,0.800,0,28,5.6,,,,,,7,13,1,33,4.7
5164317,Shaker Reisig,Boston College,ACC,2025,19,10,2,0.526,1,141,7.4,,,,,,7,8,0,1,0.1
5164320,Sean Cuono,Indiana,Big Ten,2025,,,,,,,,,,,,,2,9,0,17,8.5
5164324,Sterling Joseph,Florida International,Conference USA,2025,,,,,,,,,,,,,7,61,2,123,17.6
5164327,Anthony League,California,ACC,2025,,,,,,,,7,2,0,11,5.5,11,8,1,38,3.5
5164331,Girard Pringle Jr.,Miami,ACC,2025,,,,,,,,19,4,1,53,13.3,62,38,4,375,6.0
5164332,Nate Sheppard,Duke,ACC,2025,,,,,,,,20,37,1,286,7.7,200,60,11,1132,5.7
5164333,Brennen Ward,Kentucky,SEC,2025,6,3,0,0.500,0,25,4.2,,,,,,,,,,
5164334,Cutter Woods,South Carolina,SEC,2025,11,8,1,0.727,0,69,6.3,,,,,,3,7,0,18,6.0
5164337,King Davis,Missouri State,Conference USA,2025,,,,,,,,,,,,,4,5,0,13,3.3
5164343,Marshall Pritchett,Alabama,SEC,2025,,,,,,,,12,7,0,57,8.1,,,,,
5164345,Chase Loftin,Florida State,ACC,2025,,,,,,,,6,1,0,6,6.0,,,,,
5164346,Linkon Cure,Kansas State,Big 12,2025,1,0,1,0.000,0,0,0.0,13,6,0,37,6.2,,,,,
5164349,Jerome Bettis Jr.,Notre Dame,FBS Independents,2025,,,,,,,,6,1,0,6,6.0,,,,,
5164350,Jayvan Boggs,Florida State,ACC,2025,,,,,,,,31,9,1,103,11.4,,,,,
5164351,Aveion Chenault,Western Michigan,Mid-American,2025,,,,,,,,45,23,2,277,12.0,3,25,0,35,11.7
5164352,Carterrious Brown,SMU,ACC,2025,,,,,,,,12,3,0,25,8.3,,,,,
5164355,Joakim Dodson,Tennessee,SEC,2025,,,,,,,,27,2,0,38,19.0,,,,,
5164357,Carl Jenkins Jr.,UCF,Big 12,2025,,,,,,,,17,3,0,32,10.7,,,,,
5164360,TK Norman,Texas A&M,SEC,2025,,,,,,,,29,3,0,39,13.0,1,12,0,12,12.0
5164362,Raiden Vines-Bright,Washington,Big Ten,2025,,,,,,,,45,24,1,238,9.9,1,1,0,1,1.0
5164365,Daylyn Upshaw,Miami,ACC,2025,,,,,,,,41,7,0,105,15.0,,,,,
5164567,Kevin White,North Carolina A&T,CAA,2025,203,116,6,0.571,7,1516,7.5,,,,,,83,20,4,60,0.7
5164570,Jailen Hicks,North Carolina A&T,CAA,2025,,,,,,,,8,1,0,8,8.0,9,22,0,39,4.3
5164571,Shimique Blizzard,North Carolina A&T,CAA,2025,,,,,,,,17,6,0,44,7.3,79,44,1,292,3.7
5164580,Darren Bennett,Jackson State,SWAC,2025,,,,,,,,4,2,0,7,3.5,,,,,
5164581,Jayvonne Dillard,North Carolina A&T,CAA,2025,,,,,,,,49,43,2,539,12.5,,,,,
5164594,Watson Hafer,North Dakota,MVFC,2025,,,,,,,,12,10,0,50,5.0,,,,,
5164609,Damien Jones,Alcorn State,SWAC,2025,,,,,,,,16,11,0,59,5.4,,,,,
5164631,Jordan Andrus,UTEP,Conference USA,2025,,,,,,,,9,1,0,9,9.0,,,,,
5164633,Jade Card,Florida Atlantic,American Athletic,2025,,,,,,,,5,2,0,5,2.5,,,,,
5164648,Kelshaun Johnson,Texas A&M,SEC,2025,,,,,,,,25,4,0,27,6.8,,,,,
5164691,Montavin Quisenberry,Kentucky,SEC,2025,,,,,,,,4,1,0,4,4.0,,,,,
5164721,Zolten Osbourne,Charleston Southern,Big South-OVC,2025,305,167,6,0.548,12,2229,7.3,,,,,,45,24,1,-16,-0.4
5164725,Tyson Greenwade,Charleston Southern,Big South-OVC,2025,,,,,,,,,,,,,8,6,0,19,2.4
5164749,Noah Jennings,Cincinnati,Big 12,2025,,,,,,,,36,23,0,323,14.0,,,,,
5164751,Mehki Larronte Campfield,Charleston Southern,Big South-OVC,2025,,,,,,,,32,31,1,394,12.7,,,,,
5165054,Clarence Butler,Weber State,Big Sky,2025,,,,,,,,15,10,0,83,8.3,28,45,1,121,4.3
5165072,Bryce Giesler,Lindenwood,Big South-OVC,2025,,,,,,,,,,,,,2,22,0,34,17.0
5165074,Jalen Smith,Lindenwood,Big South-OVC,2025,,,,,,,,62,39,4,750,19.2,2,0,0,-1,-0.5
5165078,Steve Hall,Lindenwood,Big South-OVC,2025,,,,,,,,30,12,0,42,3.5,137,51,8,612,4.5
5165108,Jaxton Eck,New Mexico,Mountain West,2025,1,1,0,1.000,0,30,30.0,,,,,,,,,,
5165109,Deshaun Buchanan,New Mexico,Mountain West,2025,,,,,,,,30,6,0,56,9.3,7,14,0,14,2.0
5165112,Jack Wagner,Idaho,Big Sky,2025,45,29,3,0.644,2,324,7.2,,,,,,18,16,0,13,0.7
5165116,Emmerson Cortez-Menjivar,Idaho,Big Sky,2025,,,,,,,,47,22,1,278,12.6,1,2,0,2,2.0
5165117,Mark Hamper,California,ACC,2025,,,,,,,,35,17,0,202,11.9,,,,,
5165118,Nick Josifek,Idaho,Big Sky,2025,13,6,0,0.462,1,104,8.0,,,,,,3,13,0,21,7.0
5165124,Art Williams,Idaho,Big Sky,2025,,,,,,,,11,5,0,11,2.2,60,68,2,291,4.9
5165127,Carlos Matheney,Idaho,Big Sky,2025,,,,,,,,12,6,0,32,5.3,15,19,0,75,5.0
5165140,Lj Harn,Idaho,Big Sky,2025,,,,,,,,,,,,,1,0,0,-14,-14.0
5165154,Mason Mini,California,ACC,2025,2,2,0,1.000,1,58,29.0,51,35,4,387,11.1,1,0,0,0,0.0
5165174,Za'Ron Collins,James Madison,Sun Belt,2025,,,,,,,,20,7,1,73,10.4,,,,,
5165467,Nicholas Dunneman,Georgetown,Patriot,2025,,,,,,,,19,7,1,54,7.7,1,4,0,4,4.0
5165468,Isaiah Grimes,Georgetown,Patriot,2025,,,,,,,,30,23,3,200,8.7,,,,,
5165498,Mike Ryan,Merrimack,FCS Independents,2025,1,0,0,0.000,0,0,0.0,,,,,,1,21,0,21,21.0
5165499,Stephon Patrick,Merrimack,FCS Independents,2025,,,,,,,,22,6,0,81,13.5,1,7,0,7,7.0
5165586,Kia'i Keone,Northern Colorado,Big Sky,2025,1,0,0,0.000,0,0,0.0,,,,,,4,4,1,6,1.5
5165654,Evan Shafer,Montana,Big Sky,2025,,,,,,,,18,14,2,137,9.8,,,,,
5165734,Josh Robinson,Lamar,Southland,2025,,,,,,,,11,2,0,18,9.0,56,13,3,175,3.1
5165747,Malik Dotson,Eastern Washington,Big Sky,2025,,,,,,,,,,,,,6,7,0,14,2.3
5165884,Dom Nankil,San Diego,Pioneer,2025,246,156,3,0.634,13,1941,7.9,,,,,,55,49,2,113,2.1
5165891,Jacob Rodriguez,Fordham,Patriot,2025,,,,,,,,12,3,0,17,5.7,7,7,1,14,2.0
5165892,Jamell James,Fordham,Patriot,2025,,,,,,,,27,20,0,103,5.2,65,22,1,190,2.9
5165905,Jabril Carter,Fordham,Patriot,2025,,,,,,,,43,22,2,299,13.6,,,,,
5165909,Jason Palmieri,Sacred Heart,FCS Independents,2025,,,,,,,,41,34,4,354,10.4,,,,,
5165911,John Michalski,Sacred Heart,FCS Independents,2025,29,14,1,0.483,0,135,4.7,,,,,,34,28,2,123,3.6
5165914,Ben Evee,Sacred Heart,FCS Independents,2025,,,,,,,,19,1,0,19,19.0,,,,,
5165936,Kyle Hall,Sacred Heart,FCS Independents,2025,,,,,,,,29,1,0,29,29.0,,,,,
5165942,Austin Hartman,Sacred Heart,FCS Independents,2025,,,,,,,,,,,,,3,5,0,7,2.3
5165965,Logan Lyson,Sacred Heart,FCS Independents,2025,,,,,,,,27,6,0,51,8.5,,,,,
5166161,Scottre Humphrey,New Mexico,Mountain West,2025,,,,,,,,8,3,1,22,7.3,77,61,5,349,4.5
5166204,Jonathan Lewis,Texas Southern,SWAC,2025,,,,,,,,,,,,,4,14,0,29,7.3
5166220,Orion Phillips,Utah,Big 12,2025,1,1,0,1.000,0,25,25.0,,,,,,,,,,
5166308,Adam Jones,Montana State,Big Sky,2025,1,1,0,1.000,0,16,16.0,27,35,2,301,8.6,173,54,15,1093,6.3
5166467,Lexington Matthews,Louisiana Tech,Conference USA,2025,,,,,,,,,,,,,1,0,0,-8,-8.0
5166797,Dezmen Roebuck,Washington,Big Ten,2025,,,,,,,,59,42,7,560,13.3,2,6,0,10,5.0
5167252,Duncan Brune,Ohio,Mid-American,2025,,,,,,,,32,5,0,57,11.4,120,66,8,585,4.9
5167313,Cornell Hatcher Jr.,Oregon State,Pac-12,2025,,,,,,,,15,5,1,17,3.4,52,42,2,292,5.6
5167513,Travaunta Abner,Alabama A&M,SWAC,2025,,,,,,,,33,35,3,380,10.9,,,,,
5168615,Molayo Irefin,Maine,CAA,2025,,,,,,,,23,34,1,400,11.8,1,0,1,0,0.0
5168665,Chandler Wilson,VMI,Southern,2025,54,26,1,0.481,1,197,3.6,,,,,,17,16,0,9,0.5
5168686,Whit Hobgood,The Citadel,Southern,2025,1,0,0,0.000,0,0,0.0,33,3,1,55,18.3,,,,,
5168721,Hayden Futch,Illinois State,MVFC,2025,,,,,,,,,,,,,1,10,0,10,10.0
5168770,Carver Cheeks,Northern Colorado,Big Sky,2025,,,,,,,,75,71,6,929,13.1,3,13,1,3,1.0
5168788,Brayden Munroe,Northern Colorado,Big Sky,2025,1,0,0,0.000,0,0,0.0,60,46,3,696,15.1,,,,,
5168802,Grayson Brousseau,Oklahoma State,Big 12,2025,,,,,,,,25,7,0,45,6.4,,,,,
5168808,Jordan Davis,Texas Southern,SWAC,2025,24,14,0,0.583,1,168,7.0,,,,,,23,42,2,135,5.9
5168833,Jacob Trimble,Montana State,Big Sky,2025,,,,,,,,7,2,0,9,4.5,2,0,0,-10,-5.0
5168837,Dorian Harris,Morgan State,MEAC,2025,,,,,,,,17,8,1,56,7.0,53,23,0,233,4.4
5168850,Malique Leatherbury,Morgan State,MEAC,2025,,,,,,,,64,31,2,310,10.0,1,9,0,9,9.0
5169036,Gavin Rutherford,Stephen F. Austin,Southland,2025,82,51,2,0.622,6,542,6.6,,,,,,35,26,6,176,5.0
5169039,Jaylen Jenkins,Stephen F. Austin,Southland,2025,,,,,,,,7,8,0,24,3.0,95,32,6,422,4.4
5169057,Chimdia Nwaiwu,Stephen F. Austin,Southland,2025,,,,,,,,4,1,0,4,4.0,,,,,
5169155,Amari Southall,Tennessee State,Big South-OVC,2025,,,,,,,,21,6,0,73,12.2,,,,,
5169245,Ethan Shine,Robert Morris,NEC,2025,,,,,,,,66,22,1,245,11.1,193,28,5,767,4.0
5169252,Chaz Middleton,Robert Morris,NEC,2025,,,,,,,,44,22,5,370,16.8,,,,,
5169296,Jordan Dever,Montana,Big Sky,2025,,,,,,,,62,11,1,197,17.9,,,,,
5169849,Zach Jones,UC Davis,Big Sky,2025,,,,,,,,65,15,5,269,17.9,3,11,2,23,7.7
5170238,Jayden Davis,South Florida,American Athletic,2025,,,,,,,,,,,,,3,22,0,24,8.0
5170865,Xaviah Bascon,Harvard,Ivy,2025,,,,,,,,19,14,1,116,8.3,122,29,7,626,5.1
5170931,Logan Reaska,Harvard,Ivy,2025,,,,,,,,22,10,2,114,11.4,,,,,
5170940,Leonte Oulahi,William & Mary,CAA,2025,,,,,,,,7,1,0,7,7.0,,,,,
5171031,Matt Vezza,New Hampshire,CAA,2025,369,226,7,0.612,19,2673,7.2,,,,,,150,35,8,605,4.0
5171036,Elliot Meine,New Hampshire,CAA,2025,,,,,,,,,,,,,21,15,0,71,3.4
5171040,Ryan Blagg,New Hampshire,CAA,2025,,,,,,,,12,5,2,37,7.4,,,,,
5171047,Dylan Evans,Mercyhurst,NEC,2025,,,,,,,,53,44,4,579,13.2,1,5,1,5,5.0
5171048,Zachary Kim,Stonehill,NEC,2025,,,,,,,,35,32,5,423,13.2,1,8,0,8,8.0
5172031,Sean Ashenfelder,Rutgers,Big Ten,2025,1,1,0,1.000,0,11,11.0,,,,,,1,0,0,-3,-3.0
5172036,JC Evans,James Madison,Sun Belt,2025,2,0,0,0.000,0,0,0.0,,,,,,6,12,1,45,7.5
5172059,Anjuan Coleman Jr.,Wofford,Southern,2025,,,,,,,,33,7,0,69,9.9,1,2,0,2,2.0
5172095,Bo Walker,Georgia,SEC,2025,,,,,,,,2,2,0,2,1.0,22,15,3,100,4.5
5172263,Tristian Gentry,Texas Tech,Big 12,2025,,,,,,,,21,4,0,45,11.3,,,,,
5172415,Dez Thomas II,Georgetown,Patriot,2025,223,128,9,0.574,8,1405,6.3,,,,,,125,67,4,269,2.2
5172447,Evan Roach,Morehead State,Pioneer,2025,,,,,,,,,,,,,2,3,0,3,1.5
5172462,Brody Perkins,Morehead State,Pioneer,2025,,,,,,,,3,1,0,3,3.0,,,,,
5172597,Patrick Duchien,Montana State,Big Sky,2025,13,9,1,0.692,1,86,6.6,,,,,,8,27,1,55,6.9
5172600,Colson Coon,Montana State,Big Sky,2025,,,,,,,,1,1,0,1,1.0,31,54,1,248,8.0
5172603,Luke Smith,Montana State,Big Sky,2025,,,,,,,,3,1,0,3,3.0,,,,,
5172608,Hunter Provience,Montana State,Big Sky,2025,,,,,,,,43,11,1,135,12.3,,,,,
5172625,Zach Russell,Eastern Kentucky,UAC,2025,,,,,,,,12,1,0,12,12.0,,,,,
5172633,Connor Bonesio,UC Davis,Big Sky,2025,,,,,,,,6,1,0,6,6.0,,,,,
5173431,Wayshawn Parker,Utah,Big 12,2025,,,,,,,,52,13,3,185,14.2,149,64,6,981,6.6
5174062,Dante Torres,Harvard,Ivy,2025,13,8,1,0.615,1,153,11.8,,,,,,3,5,1,9,3.0
5174066,Isaiah Kacyvenski Jr.,Harvard,Ivy,2025,,,,,,,,36,1,0,36,36.0,,,,,
5174069,Mekhi Moore,Harvard,Ivy,2025,,,,,,,,,,,,,3,5,0,7,2.3
5174080,Seamus Gilmartin,Harvard,Ivy,2025,,,,,,,,34,28,5,366,13.1,,,,,
5174993,Kenneth Williams,Nebraska,Big Ten,2025,,,,,,,,20,1,0,20,20.0,5,15,0,22,4.4
5175092,Chris Jimerson Jr.,North Texas,American Athletic,2025,2,1,0,0.500,1,37,18.5,,,,,,6,12,0,37,6.2
5175121,Kevin Emmanuel,Murray State,MVFC,2025,,,,,,,,,,,,,10,10,0,30,3.0
5175125,Reece Wilder,Murray State,MVFC,2025,,,,,,,,4,1,0,4,4.0,,,,,
5175175,Owen Dupree,West Georgia,UAC,2025,,,,,,,,25,26,4,310,11.9,,,,,
5175334,Bryson Donelson,Fresno State,Mountain West,2025,,,,,,,,39,17,0,107,6.3,142,57,5,583,4.1
5175719,Ryan Wolfer,San Diego State,Mountain West,2025,,,,,,,,19,2,0,37,18.5,,,,,
5176074,Christian Langford,Florida International,Conference USA,2025,,,,,,,,1,1,0,1,1.0,2,6,0,7,3.5
5176911,Justus Savage,Jacksonville State,Conference USA,2025,1,0,0,0.000,0,0,0.0,,,,,,12,12,0,58,4.8
5177084,Kamario Taylor,Mississippi State,SEC,2025,77,43,1,0.558,5,629,8.2,,,,,,82,39,8,458,5.6
5177445,Christian Pitts,Alabama State,SWAC,2025,,,,,,,,12,2,0,23,11.5,,,,,
5177568,Kai Acia,UC Davis,Big Sky,2025,,,,,,,,17,5,0,39,7.8,35,23,0,189,5.4
5178689,CJ Coombes,Wofford,Southern,2025,,,,,,,,,,,,,1,0,0,-3,-3.0
5178800,Jaden Williams,Bethune-Cookman,SWAC,2025,,,,,,,,8,1,0,8,8.0,,,,,
5178977,Omareon Finch,North Alabama,UAC,2025,,,,,,,,9,1,0,9,9.0,,,,,
5179135,Travis Smith Jr.,Tennessee,SEC,2025,,,,,,,,13,3,0,29,9.7,,,,,
5179622,Jayden Sellers,South Carolina,SEC,2025,,,,,,,,75,22,1,337,15.3,5,13,0,26,5.2
5181735,Antavious Murphy,Georgia Southern,Sun Belt,2025,,,,,,,,11,2,0,11,5.5,,,,,
5182127,Jack Reuter,William & Mary,CAA,2025,,,,,,,,,,,,,2,0,0,-2,-1.0
5182142,Andrew Ritter,Florida A&M,SWAC,2025,,,,,,,,17,5,0,63,12.6,,,,,
5182253,Jaden Gilbert,Youngstown State,MVFC,2025,,,,,,,,39,42,1,412,9.8,96,73,3,670,7.0
5184165,Nykahi Davenport,South Florida,American Athletic,2025,1,1,0,1.000,1,29,29.0,15,5,0,50,10.0,98,60,7,612,6.2
5184466,Semaj Pierre,Rice,American Athletic,2025,,,,,,,,6,6,0,12,2.0,6,17,0,34,5.7
5184501,Alex Perry,Delaware State,MEAC,2025,,,,,,,,,,,,,8,7,1,14,1.8
5186586,Ty Clark III,Wake Forest,ACC,2025,,,,,,,,62,17,1,209,12.3,75,15,3,323,4.3
5186591,Devon Akers,Northern Illinois,Mid-American,2025,,,,,,,,7,1,1,7,7.0,,,,,
5186738,Leyton Stone,Texas Tech,Big 12,2025,,,,,,,,19,3,1,42,14.0,,,,,
5189483,Trevor Pearson,Tennessee State,Big South-OVC,2025,,,,,,,,,,,,,12,24,0,38,3.2
5189515,Nolan James Jr.,Notre Dame,FBS Independents,2025,,,,,,,,,,,,,14,15,0,37,2.6
5189530,Joseph Williams,Colorado,Big 12,2025,1,0,0,0.000,0,0,0.0,47,37,4,489,13.2,,,,,
5189537,Hayden George,Southern Utah,UAC,2025,,,,,,,,19,13,0,120,9.2,1,24,0,24,24.0
5191048,Bryce Dorsey,Memphis,American Athletic,2025,,,,,,,,49,8,0,69,8.6,,,,,
5191056,Donovan Hamilton,Ball State,Mid-American,2025,,,,,,,,47,20,0,244,12.2,,,,,
5191162,Alberto Mendoza,Indiana,Big Ten,2025,24,18,1,0.750,5,286,11.9,,,,,,13,58,1,190,14.6
5192410,Bobby Engstler,Florida A&M,SWAC,2025,,,,,,,,,,,,,1,0,0,-7,-7.0
5192677,Jeremiah Jordan,Memphis,American Athletic,2025,,,,,,,,4,1,0,4,4.0,,,,,
5192899,Ashten Emory,UTEP,Conference USA,2025,,,,,,,,21,16,2,103,6.4,119,56,4,569,4.8
5192958,Dominic Overby,Iowa State,Big 12,2025,,,,,,,,27,7,2,87,12.4,,,,,
5193072,Khyair Spain,Memphis,American Athletic,2025,,,,,,,,15,1,0,15,15.0,11,13,0,72,6.5
5193089,Alvon Isaac,South Florida,American Athletic,2025,,,,,,,,29,12,0,120,10.0,73,49,0,350,4.8
5193102,Miles Burris,Charlotte,American Athletic,2025,,,,,,,,18,14,0,134,9.6,,,,,
5193104,Austin Clay,Bowling Green,Mid-American,2025,,,,,,,,,,,,,1,7,0,7,7.0
5193110,Dom Dorwart,Ohio,Mid-American,2025,,,,,,,,35,11,0,119,10.8,,,,,
5193112,Jalen Dupree,Colorado State,Mountain West,2025,,,,,,,,33,12,0,83,6.9,102,31,2,508,5.0
5193168,Terrence Smith Jr.,UConn,FBS Independents,2025,1,0,0,0.000,0,0,0.0,16,4,0,34,8.5,14,21,1,75,5.4
5193215,Franklin Baret Jr.,Jacksonville State,Conference USA,2025,,,,,,,,19,5,0,62,12.4,,,,,
5193217,Jonathan Bibbs,UL Monroe,Sun Belt,2025,,,,,,,,68,26,3,383,14.7,11,21,0,58,5.3
5193222,Oliver Lundberg-Coleman,UConn,FBS Independents,2025,,,,,,,,,,,,,23,17,1,138,6.0
5193224,Fred Robertson,Louisiana Tech,Conference USA,2025,,,,,,,,5,2,0,8,4.0,2,2,0,0,0.0
5193262,Bryce Baker,Georgia Southern,Sun Belt,2025,,,,,,,,13,5,0,21,4.2,16,11,0,52,3.3
5193264,Kameron Anthony,Ball State,Mid-American,2025,,,,,,,,40,7,2,117,16.7,,,,,
5193270,D'Shawntae Jones,Miami (OH),Mid-American,2025,,,,,,,,,,,,,63,46,7,277,4.4
5193274,Cade Wolford,Kent State,Mid-American,2025,,,,,,,,79,19,7,509,26.8,12,31,1,97,8.1
5193277,George Dimopoulos,Northern Illinois,Mid-American,2025,,,,,,,,19,11,0,58,5.3,,,,,
5193282,JP Pickles,Mercer,Southern,2025,8,5,1,0.625,0,61,7.6,,,,,,25,10,0,80,3.2
5193284,Winn Sharp,Bowling Green,Mid-American,2025,,,,,,,,20,5,0,46,9.2,,,,,
5193288,Nasir Williams,Central Michigan,Mid-American,2025,,,,,,,,27,4,1,76,19.0,,,,,
5193292,La'Don Bryant,Northern Illinois,Mid-American,2025,,,,,,,,13,6,0,40,6.7,,,,,
5193298,Chris Durr Jr.,Wyoming,Mountain West,2025,,,,,,,,49,46,4,513,11.2,2,11,0,12,6.0
5193300,Eli Jacon-Duffy,Bowling Green,Mid-American,2025,,,,,,,,22,1,0,22,22.0,,,,,
5193302,Telly Johnson Jr.,Northern Illinois,Mid-American,2025,,,,,,,,17,16,0,97,6.1,124,80,4,690,5.6
5193343,Jim Ogle,Murray State,MVFC,2025,276,165,13,0.598,9,1767,6.4,,,,,,37,18,2,30,0.8
5193346,Quinn Henicle,Old Dominion,Sun Belt,2025,40,17,0,0.425,0,184,4.6,,,,,,44,51,2,209,4.8
5193349,Maurki James,Old Dominion,Sun Belt,2025,,,,,,,,17,6,0,39,6.5,56,30,2,224,4.0
5193351,Krosse Johnson,Arkansas,SEC,2025,,,,,,,,9,1,0,9,9.0,,,,,
5193352,Carmelo Mays,Georgia Southern,Sun Belt,2025,,,,,,,,5,1,0,5,5.0,,,,,
5193481,Cole Harrison,Tennessee,SEC,2025,,,,,,,,17,1,0,17,17.0,,,,,
5193492,Ryan Boe,Northwestern,Big Ten,2025,7,2,1,0.286,0,17,2.4,,,,,,11,58,1,118,10.7
5193496,Jay Harris,Oregon,Big Ten,2025,,,,,,,,50,6,0,89,14.8,42,16,2,151,3.6
5193554,Eddie Freauff,Oregon State,Pac-12,2025,,,,,,,,30,12,1,139,11.6,,,,,
5193566,Kade Reynoldson,Duke,ACC,2025,,,,,,,,,,,,,1,26,0,26,26.0
5193580,Cameron Dickey,Texas Tech,Big 12,2025,,,,,,,,69,24,2,217,9.0,211,71,14,1138,5.4
5193720,Javon Brown,Toledo,Mid-American,2025,,,,,,,,46,8,1,156,19.5,,,,,
5193926,Cameran Brown,Georgia State,Sun Belt,2025,184,119,1,0.647,13,1259,6.8,0,1,0,0,0.0,61,22,4,284,4.7
5194062,Javion Bostic,Thomas More College,Great Midwest Athletic,2025,,,,,,,,11,3,0,20,6.7,1,9,0,9,9.0
5194306,Ashton Gray,North Texas,American Athletic,2025,1,0,0,0.000,0,0,0.0,9,1,0,9,9.0,58,51,5,377,6.5
5194308,Kyle Koch,North Texas,American Athletic,2025,,,,,,,,10,2,0,17,8.5,,,,,
5194309,Mekhi Anderson,UTSA,American Athletic,2025,,,,,,,,20,5,1,66,13.2,2,3,0,5,2.5
5194576,Jaden Richardson,USC,Big Ten,2025,,,,,,,,43,12,1,148,12.3,,,,,
5194618,Austin Clemons,Middle Tennessee,Conference USA,2025,,,,,,,,3,1,0,3,3.0,3,5,0,10,3.3
5194620,Josh Evans,Bethune-Cookman,SWAC,2025,,,,,,,,53,11,0,229,20.8,,,,,
5194625,Jaden Robinson,Austin Peay,UAC,2025,,,,,,,,46,36,5,465,12.9,,,,,
5194626,Roman Gagliano,Middle Tennessee,Conference USA,2025,135,78,0,0.578,7,1011,7.5,,,,,,38,64,2,160,4.2
5194640,Jalen Alexander,Ball State,Mid-American,2025,,,,,,,,2,1,0,2,2.0,3,6,0,12,4.0
5194659,James McNeil Jr.,Buffalo,Mid-American,2025,,,,,,,,,,,,,12,26,2,67,5.6
5194663,Cameron Pettaway,Bowling Green,Mid-American,2025,,,,,,,,73,8,2,139,17.4,72,34,0,365,5.1
5194666,Josh Schuchts,UTEP,Conference USA,2025,,,,,,,,64,21,3,232,11.0,,,,,
5194695,Luke Marble,South Dakota State,MVFC,2025,71,41,2,0.577,4,492,6.9,,,,,,22,17,0,30,1.4
5194795,Na'eem Abdul-Rahim Gladding,Old Dominion,Sun Belt,2025,1,1,0,1.000,0,5,5.0,46,51,6,667,13.1,,,,,
5194804,Steven Blanco,Louisiana,Sun Belt,2025,,,,,,,,29,1,0,29,29.0,30,34,2,156,5.2
5195299,Nick Townsend,Texas,SEC,2025,,,,,,,,7,2,0,7,3.5,2,2,1,0,0.0
5195300,Matt Zollers,Missouri,SEC,2025,88,47,2,0.534,4,503,5.7,,,,,,16,6,0,-23,-1.4
5195409,Bryson Jones,Texas Tech,Big 12,2025,,,,,,,,38,5,2,76,15.2,,,,,
5195481,Radarious Jackson,Tennessee,SEC,2025,,,,,,,,19,9,0,90,10.0,,,,,
5195545,Zymear Smith,Maryland,Big Ten,2025,,,,,,,,-3,2,0,-6,-3.0,,,,,
5195617,Shaun Terry II,Missouri,SEC,2025,,,,,,,,9,1,0,9,9.0,,,,,
5195681,James Johnson,USC,Big Ten,2025,,,,,,,,10,5,0,23,4.6,2,1,0,-5,-2.5
5195952,Wondame Davis Jr.,UTEP,Conference USA,2025,1,0,0,0.000,0,0,0.0,75,25,6,604,24.2,,,,,
5196027,Michael Henderson III,Texas Tech,Big 12,2025,,,,,,,,,,,,,1,0,0,-2,-2.0
5196350,Jaylan Brown,UTEP,Conference USA,2025,,,,,,,,34,10,0,103,10.3,,,,,
5196378,Raycine Guillory,Utah,Big 12,2025,,,,,,,,,,,,,1,4,0,4,4.0
5196568,Rafeald Campbell,UTEP,Conference USA,2025,,,,,,,,21,2,0,27,13.5,,,,,
5196864,Rodney Tisdale Jr.,Western Kentucky,Conference USA,2025,212,139,7,0.656,9,1432,6.8,3,2,0,5,2.5,52,15,2,108,2.1
5196924,Kenny Williams,Florida International,Conference USA,2025,,,,,,,,,,,,,1,8,0,8,8.0
5197034,Malachi Thomas,Pittsburgh,ACC,2025,,,,,,,,34,13,2,192,14.8,,,,,
5197065,Ahmad Hardy,Missouri,SEC,2025,,,,,,,,11,6,0,22,3.7,256,72,16,1649,6.4
5197115,Marcus Torres,UTEP,Conference USA,2025,,,,,,,,8,4,0,22,5.5,,,,,
5197121,Paul Hartman,Coastal Carolina,Sun Belt,2025,,,,,,,,,,,,,1,0,0,-3,-3.0
5197123,Nate Rogers,UAB,American Athletic,2025,2,1,0,0.500,0,0,0.0,,,,,,13,15,2,84,6.5
5197158,Malachi James,Syracuse,ACC,2025,,,,,,,,,,,,,2,3,0,-2,-1.0
5197377,Tyler Day,UT Rio Grande Valley,Southland,2025,,,,,,,,,,,,,2,70,1,75,37.5
5198104,Elijah Burress,Notre Dame,FBS Independents,2025,,,,,,,,12,3,0,21,7.0,,,,,
5198314,Xavier Goulbourne,Robert Morris,NEC,2025,,,,,,,,,,,,,14,35,0,51,3.6
5198318,Isaiah Mizell,Arizona,Big 12,2025,,,,,,,,19,4,0,39,9.8,,,,,
5198329,Khamani Robinson,Bethune-Cookman,SWAC,2025,,,,,,,,23,5,0,44,8.8,81,75,4,444,5.5
5198331,Juan Berchal,App State,Sun Belt,2025,,,,,,,,,,,,,1,22,0,22,22.0
5199946,Gabe Daniels,Syracuse,ACC,2025,,,,,,,,17,2,1,29,14.5,,,,,
5199951,Alex Sanchez,App State,Sun Belt,2025,,,,,,,,18,9,1,91,10.1,,,,,
5200374,Donovan Murph,South Carolina,SEC,2025,,,,,,,,38,14,1,197,14.1,,,,,
5200435,Demetres Samuel Jr.,Syracuse,ACC,2025,,,,,,,,10,1,0,10,10.0,1,1,0,1,1.0
5200482,Ed Small,TCU,Big 12,2025,,,,,,,,41,16,2,186,11.6,1,0,0,-13,-13.0
5202117,Malik Clark,South Carolina,SEC,2025,,,,,,,,9,1,0,9,9.0,,,,,
5203476,Daniel Bray,Utah,Big 12,2025,,,,,,,,21,8,0,67,8.4,40,49,1,272,6.8
5203477,Dominic Knicely,Coastal Carolina,Sun Belt,2025,,,,,,,,25,12,1,99,8.3,67,59,3,384,5.7
5203478,Ryver Peppers,Iowa State,Big 12,2025,,,,,,,,0,1,0,-5,-5.0,,,,,
5203590,Madrid Tucker,North Carolina,ACC,2025,,,,,,,,9,9,0,45,5.0,,,,,
5203601,Shawn Simeon,Toledo,Mid-American,2025,,,,,,,,,,,,,1,10,0,10,10.0
5203716,Ethan Drumm,Wofford,Southern,2025,41,18,0,0.439,3,279,6.8,,,,,,13,3,0,-55,-4.2
5205097,Carter Jones,Nevada,Mountain West,2025,173,111,8,0.642,6,1001,5.8,,,,,,33,27,0,39,1.2
5205460,Davion Chandler,Indiana,Big Ten,2025,,,,,,,,65,1,1,65,65.0,,,,,
5205684,Robert McDaniel,San José State,Mountain West,2025,11,3,1,0.273,0,19,1.7,,,,,,5,5,0,-22,-4.4
5206061,Darien Williams,Syracuse,ACC,2025,,,,,,,,35,9,1,112,12.4,1,0,0,-5,-5.0
5207598,Charles Taplin,Michigan State,Big Ten,2025,,,,,,,,8,1,0,8,8.0,,,,,
5207657,Brodrick Malone,New Mexico State,Conference USA,2025,,,,,,,,41,22,2,242,11.0,,,,,
5207662,Muizz Tounkara,Florida,SEC,2025,,,,,,,,8,2,0,12,6.0,,,,,
5207804,Jeremiah Scoby,Bowling Green,Mid-American,2025,,,,,,,,9,1,0,9,9.0,1,9,0,9,9.0
5207842,Jalen Cooper,SMU,ACC,2025,,,,,,,,75,19,2,321,16.9,,,,,
5207893,Wesley Yarbrough,Arizona,Big 12,2025,,,,,,,,1,1,0,1,1.0,21,11,0,77,3.7
5207925,Tyvonn Byars,Rice,American Athletic,2025,,,,,,,,43,2,0,53,26.5,34,32,1,193,5.7
5207927,Dramekco Green,SMU,ACC,2025,,,,,,,,11,2,0,9,4.5,25,15,1,90,3.6
5207930,DAndre Hardeman Jr.,Rice,American Athletic,2025,,,,,,,,3,1,0,3,3.0,76,36,2,302,4.0
5207931,Terrence Lewis,North Texas,American Athletic,2025,,,,,,,,37,11,3,184,16.7,,,,,
5207934,Austin Carlisle,Houston,Big 12,2025,,,,,,,,,,,,,6,13,0,44,7.3
5208095,Mason Heintschel,Pittsburgh,ACC,2025,316,201,8,0.636,16,2357,7.5,,,,,,86,36,2,88,1.0
5208138,Luke Carney,Syracuse,ACC,2025,7,5,0,0.714,0,22,3.1,,,,,,10,18,1,28,2.8
5208592,Bo MacCormack III,Boston College,ACC,2025,,,,,,,,12,2,0,14,7.0,15,14,1,43,2.9
5209011,Terrell Mitchell,Rutgers,Big Ten,2025,,,,,,,,,,,,,3,7,0,14,4.7
5209123,Hayden Daugherty,Northern Arizona,Big Sky,2025,,,,,,,,19,11,0,87,7.9,,,,,
5209127,Jax Markovich,Massachusetts,Mid-American,2025,,,,,,,,16,7,0,38,5.4,,,,,
5209130,Taniela Tupou,USC,Big Ten,2025,,,,,,,,21,2,0,26,13.0,,,,,
5209161,Malachi Coleman,Syracuse,ACC,2025,,,,,,,,,,,,,9,8,0,31,3.4
5209199,Ty Olsen,Utah State,Mountain West,2025,,,,,,,,14,1,0,14,14.0,,,,,
5209302,Quaid Carr,Washington,Big Ten,2025,,,,,,,,5,1,0,5,5.0,4,8,0,14,3.5
5209304,Kourdey Glass,Oregon State,Pac-12,2025,,,,,,,,7,2,0,10,5.0,2,7,0,7,3.5
5209424,LeBron Bond,Indiana,Big Ten,2025,,,,,,,,14,5,0,49,9.8,,,,,
5209425,Quinton Brown,Boise State,Mountain West,2025,,,,,,,,66,5,2,120,24.0,4,12,0,25,6.3
5209427,Kolin Wilson,Mississippi State,SEC,2025,,,,,,,,8,1,0,8,8.0,6,17,0,26,4.3
5209464,Brian Rowe Jr.,South Carolina,SEC,2025,1,1,0,1.000,0,21,21.0,24,19,1,149,7.8,3,9,0,8,2.7
5209679,Jeremiah Koger,South Florida,American Athletic,2025,,,,,,,,63,38,8,597,15.7,,,,,
5209709,Teriq Mallory,Florida State,ACC,2025,,,,,,,,14,1,0,14,14.0,,,,,
5209762,Shane Marshall,Georgia Tech,ACC,2025,,,,,,,,,,,,,2,8,0,10,5.0
5209945,Antwan Raymond,Rutgers,Big Ten,2025,,,,,,,,48,18,2,225,12.5,244,51,13,1241,5.1
5209967,Jack James,Troy,Sun Belt,2025,,,,,,,,,,,,,1,0,0,-9,-9.0
5210003,Chris Denson,Clemson,ACC,2025,4,4,0,1.000,1,22,5.5,,,,,,7,50,1,108,15.4
5210053,Quade Chatmon,Southern Illinois,MVFC,2025,,,,,,,,,,,,,5,11,1,27,5.4
5210128,Brady Davidson,Northern Illinois,Mid-American,2025,87,40,3,0.460,3,384,4.4,,,,,,12,11,0,-23,-1.9
5210164,Bryce Yates,Pittsburgh,ACC,2025,1,0,0,0.000,0,0,0.0,68,11,1,202,18.4,,,,,
5210501,Tristan Ti'a,Oregon State,Pac-12,2025,53,37,2,0.698,3,385,7.3,,,,,,13,11,0,-38,-2.9
5210515,Daunte Bacheyie,Syracuse,ACC,2025,,,,,,,,15,5,0,42,8.4,,,,,
5210729,Xay Davis,Virginia,ACC,2025,,,,,,,,,,,,,23,8,0,86,3.7
5211057,John Kelly,Kansas,Big 12,2025,,,,,,,,,,,,,1,8,0,8,8.0
5211163,Mekhi Dodd,Boston College,ACC,2025,,,,,,,,3,1,0,3,3.0,7,4,0,12,1.7
5211188,Zy'Aire Fletcher,Kent State,Mid-American,2025,,,,,,,,27,2,0,47,23.5,,,,,
5211482,Bryson Williams,Michigan State,Big Ten,2025,,,,,,,,8,1,0,8,8.0,2,14,0,20,10.0
5211694,Harold Mack,Eastern Michigan,Mid-American,2025,,,,,,,,51,20,2,333,16.7,2,5,0,6,3.0
5211775,Hashim Jones,Montana,Big Sky,2025,,,,,,,,7,1,0,7,7.0,29,30,2,131,4.5
5212231,Dillon Newton-Short,Virginia,ACC,2025,,,,,,,,16,3,0,39,13.0,,,,,
5212610,Ksaan Farrar,UConn,FBS Independents,2025,18,11,0,0.611,0,84,4.7,10,1,0,10,10.0,9,21,1,30,3.3
5212611,Tony Kinsler,Pittsburgh,ACC,2025,,,,,,,,4,1,0,4,4.0,,,,,
5212641,Weston Bryan,Georgia Southern,Sun Belt,2025,9,7,0,0.778,3,84,9.3,,,,,,31,11,3,111,3.6
5212654,Braden Atkinson,Mercer,Southern,2025,407,268,11,0.658,34,3611,8.9,,,,,,14,8,1,9,0.6
5212655,Jordan Collins,Navy,American Athletic,2025,,,,,,,,3,1,0,3,3.0,,,,,
5212700,Jariel Cobb,Charlotte,American Athletic,2025,,,,,,,,13,8,0,49,6.1,51,21,0,190,3.7
5212705,Brady Stober,Samford,Southern,2025,196,122,7,0.622,7,1240,6.3,,,,,,76,34,2,88,1.2
5212990,Darius Johnson,Syracuse,ACC,2025,,,,,,,,25,6,0,48,8.0,,,,,
5213127,Grant Washington,Minnesota,Big Ten,2025,,,,,,,,,,,,,21,16,0,132,6.3
5213239,Au'Tori Newkirk,North Carolina,ACC,2025,6,3,1,0.500,1,23,3.8,,,,,,1,13,0,13,13.0
5213299,Lincoln Fisher,Holy Cross,Patriot,2025,,,,,,,,15,14,3,142,10.1,,,,,
5214367,Joseph Williams,Holy Cross,Patriot,2025,,,,,,,,64,17,1,217,12.8,40,10,1,121,3.0
5214395,Shekai Mills-Knight,Ole Miss,SEC,2025,,,,,,,,,,,,,8,13,0,25,3.1
5214401,Jon Denman,TCU,Big 12,2025,,,,,,,,3,3,0,6,2.0,50,16,3,178,3.6
5214402,Mason Drube,Wyoming,Mountain West,2025,38,20,1,0.526,0,187,4.9,,,,,,16,23,0,21,1.3
5214404,Isaiah Groves,Austin Peay,UAC,2025,,,,,,,,3,1,0,3,3.0,30,22,1,195,6.5
5214409,Jeffrey Overton Jr.,Virginia Tech,ACC,2025,,,,,,,,36,1,0,36,36.0,25,38,1,146,5.8
5214410,Jasper Parker,Michigan,Big Ten,2025,,,,,,,,,,,,,25,11,2,93,3.7
5214448,Jayden Savoury,Michigan State,Big Ten,2025,,,,,,,,16,1,0,16,16.0,,,,,
5214451,Mike Tyler,South Carolina,SEC,2025,,,,,,,,13,1,0,13,13.0,,,,,
5214503,Jeremiah Jones,Nebraska,Big Ten,2025,,,,,,,,6,1,0,6,6.0,,,,,
5214557,JJ Buchanan,Utah,Big 12,2025,,,,,,,,60,26,5,427,16.4,,,,,
5214566,Dawson Pough,Boston College,ACC,2025,,,,,,,,52,13,1,197,15.2,,,,,
5214639,Lazaro Rogers,Northern Illinois,Mid-American,2025,,,,,,,,2,1,0,2,2.0,33,76,1,189,5.7
5214937,Jaron Thomas,Purdue,Big Ten,2025,,,,,,,,0,1,0,-3,-3.0,2,8,0,15,7.5
5214955,Michael Scott,James Madison,Sun Belt,2025,,,,,,,,32,8,1,85,10.6,1,1,0,1,1.0
5215011,J.P. Powell,Georgia Tech,ACC,2025,,,,,,,,,,,,,5,61,1,72,14.4
5215017,Landon Roldan,Georgia,SEC,2025,1,1,0,1.000,0,16,16.0,6,1,0,6,6.0,1,0,0,-1,-1.0
5215150,Gabe Fields,Vanderbilt,SEC,2025,,,,,,,,,,,,,5,3,0,8,1.6
5215242,Bryce Randolph,Liberty,Conference USA,2025,,,,,,,,18,1,0,18,18.0,,,,,
5215248,Jordan Magwood,Florida Atlantic,American Athletic,2025,9,7,0,0.778,0,63,7.0,,,,,,3,8,0,16,5.3
5215266,Antwon Thomas,Miami (OH),Mid-American,2025,,,,,,,,,,,,,1,6,0,6,6.0
5215310,Chaston Ditta,East Carolina,American Athletic,2025,24,12,0,0.500,3,215,9.0,,,,,,14,11,0,-13,-0.9
5215337,Preston Douglas,NC State,ACC,2025,,,,,,,,18,1,0,18,18.0,1,2,0,2,2.0
5215395,Kyle Frendt,Wyoming,Mountain West,2025,,,,,,,,13,2,0,25,12.5,,,,,
5215467,Branden Hoch,Florida Atlantic,American Athletic,2025,,,,,,,,33,12,0,177,14.8,,,,,
5215500,Ethan Ervin,Florida Atlantic,American Athletic,2025,,,,,,,,19,5,0,23,4.6,9,8,0,25,2.8
5215501,Oliver Mitchell Jr.,Tulane,American Athletic,2025,,,,,,,,5,2,0,7,3.5,,,,,
5215625,Tayte Crable,South Florida,American Athletic,2025,,,,,,,,14,2,0,21,10.5,,,,,
5216050,Terry Shelton,TCU,Big 12,2025,,,,,,,,22,3,0,29,9.7,,,,,
5216317,Demarius Robinson,Arizona State,Big 12,2025,,,,,,,,68,10,0,110,11.0,24,14,0,84,3.5
5216495,Derrick Avery Jr.,Georgia State,Sun Belt,2025,,,,,,,,20,4,1,46,11.5,,,,,
5216505,Jamar Searcy,Wake Forest,ACC,2025,,,,,,,,,,,,,5,21,0,39,7.8
5216506,DJ Asiasi,Nevada,Mountain West,2025,,,,,,,,5,1,0,5,5.0,,,,,
5216510,Kory Pettigrew,South Florida,American Athletic,2025,,,,,,,,14,2,0,21,10.5,,,,,
5216559,Tate Nagy,Kansas,Big 12,2025,,,,,,,,12,2,0,20,10.0,,,,,
5216569,Robby Preckel,Northwestern,Big Ten,2025,,,,,,,,4,1,0,4,4.0,42,14,0,149,3.5
5216639,Jaylon Hawkins,San Diego State,Mountain West,2025,,,,,,,,35,7,0,70,10.0,4,11,0,13,3.3
5216698,TJ Peyton,Georgia State,Sun Belt,2025,,,,,,,,15,1,0,15,15.0,12,49,0,65,5.4
5216796,Banks Bowen,Oklahoma State,Big 12,2025,5,3,0,0.600,0,4,0.8,,,,,,4,12,0,28,7.0
5217041,Omar Mabson Ii,Auburn,SEC,2025,,,,,,,,13,4,0,42,10.5,16,13,1,71,4.4
5217700,Gio Richardson,Arizona,Big 12,2025,,,,,,,,60,21,2,299,14.2,1,2,0,2,2.0
5217704,Michael Dever,Texas Tech,Big 12,2025,,,,,,,,7,1,0,7,7.0,,,,,
5217820,Monterrio Elston Jr.,Kansas State,Big 12,2025,,,,,,,,,,,,,2,2,0,2,1.0
5218242,Zay Parks,Florida State,ACC,2025,,,,,,,,,,,,,15,22,1,95,6.3
5218243,Jeremiah Johnson,Florida State,ACC,2025,,,,,,,,,,,,,10,16,0,54,5.4
5218249,Willy Suarez,Florida State,ACC,2025,,,,,,,,5,1,0,5,5.0,,,,,
5218381,Jalen Mickens,Louisiana Tech,Conference USA,2025,,,,,,,,40,20,1,177,8.9,1,6,0,6,6.0
5218443,Chase Garnett,South Florida,American Athletic,2025,,,,,,,,0,1,0,0,0.0,8,26,0,81,10.1
5218495,Nathaniel Wallace-Dilling,UT Rio Grande Valley,Southland,2025,,,,,,,,,,,,,1,0,0,-4,-4.0
5218507,Matt Jeffery,Notre Dame,FBS Independents,2025,,,,,,,,37,1,0,37,37.0,,,,,
5218514,Jack Larsen,Notre Dame,FBS Independents,2025,,,,,,,,24,3,0,30,10.0,,,,,
5218582,Jaden Reddell,Georgia,SEC,2025,,,,,,,,9,1,0,9,9.0,,,,,
5218587,Brandon Mathis,Georgia,SEC,2025,,,,,,,,,,,,,2,1,0,2,1.0
5218633,Ryan Wingo,Texas,SEC,2025,2,0,0,0.000,0,0,0.0,75,54,7,834,15.4,7,32,0,42,6.0
5218636,Reid Watkins,South Dakota,MVFC,2025,,,,,,,,11,7,0,46,6.6,72,30,1,280,3.9
5218655,Jamezell Lassiter,Vanderbilt,SEC,2025,,,,,,,,26,4,0,57,14.3,9,48,2,143,15.9
5218664,Tyler Fortenberry,Arkansas State,Sun Belt,2025,,,,,,,,28,32,2,294,9.2,,,,,
5218700,Tyrell Reed Jr.,UL Monroe,Sun Belt,2025,,,,,,,,,,,,,35,19,0,137,3.9
5218741,Jayden Parker,California,ACC,2025,,,,,,,,,,,,,1,3,0,3,3.0
5218742,Isaac Torres,California,ACC,2025,,,,,,,,9,1,0,9,9.0,,,,,
5218753,T.J. Moore,Clemson,ACC,2025,,,,,,,,75,52,4,837,16.1,2,5,0,8,4.0
5218756,Clark Sanderson,Clemson,ACC,2025,,,,,,,,31,2,0,40,20.0,,,,,
5218757,Chase Byrd,Clemson,ACC,2025,,,,,,,,9,2,0,17,8.5,,,,,
5218767,Jacob Jordan,Oklahoma,SEC,2025,,,,,,,,27,2,0,43,21.5,,,,,
5218771,Raphael Ekechi,St. Francis (PA),NEC,2025,,,,,,,,20,17,0,65,3.8,92,16,2,344,3.7
5218787,Que'Sean Brown,Duke,ACC,2025,1,0,0,0.000,0,0,0.0,69,63,5,842,13.4,2,0,0,-13,-6.5
5218820,Johnnie Daniels,Mississippi State,SEC,2025,,,,,,,,9,3,0,19,6.3,9,13,0,44,4.9
5218872,Christian Vaughn,Hawai'i,Mountain West,2025,,,,,,,,5,1,0,5,5.0,19,14,0,97,5.1
5218880,Blaze Kamoku,Hawai'i,Mountain West,2025,,,,,,,,19,9,1,88,9.8,,,,,
5218881,Tama Uiliata,Hawai'i,Mountain West,2025,2,1,0,0.500,0,34,17.0,30,28,0,231,8.3,2,6,0,8,4.0
5218891,Mario Sanders II,Illinois,Big Ten,2025,,,,,,,,18,2,0,32,16.0,,,,,
5218907,Luke Harpring,Georgia Tech,ACC,2025,,,,,,,,27,13,0,158,12.2,,,,,
5218910,Andrew Nelms,Florida Atlantic,American Athletic,2025,,,,,,,,,,,,,1,0,0,-8,-8.0
5218931,DJ Vonnahme,Iowa,Big Ten,2025,,,,,,,,51,29,3,434,15.0,,,,,
5218947,Roman Jensen,Maryland,Big Ten,2025,,,,,,,,,,,,,1,0,0,-1,-1.0
5218961,Fame Ijeboi,Minnesota,Big Ten,2025,,,,,,,,22,12,1,54,4.5,97,49,2,441,4.5
5218988,JoJo Stone,Florida International,Conference USA,2025,1,0,0,0.000,0,0,0.0,49,23,2,272,11.8,6,11,0,15,2.5
5219005,Kennedy Fauntleroy,Tennessee Tech,Big South-OVC,2025,,,,,,,,,,,,,2,6,0,7,3.5
5219016,John Henderson,Bowling Green,Mid-American,2025,,,,,,,,,,,,,1,0,0,0,0.0
5219017,Nakai Amachree,Bowling Green,Mid-American,2025,,,,,,,,,,,,,7,11,0,22,3.1
5219022,Laquan Robinson,Kansas,Big 12,2025,,,,,,,,11,1,0,11,11.0,,,,,
5219035,Cam'Ron King,Auburn,SEC,2025,,,,,,,,6,1,0,6,6.0,,,,,
5219036,Dylan Gentry,Jacksonville State,Conference USA,2025,,,,,,,,18,4,0,34,8.5,,,,,
5219058,Rashid SeSay,West Liberty,Mountain East,2025,,,,,,,,,,,,,3,4,0,1,0.3
5219062,Izaac Dickey,Nebraska,Big Ten,2025,,,,,,,,,,,,,1,1,0,1,1.0
5219070,Nico Ottomanelli,Sam Houston,Conference USA,2025,1,0,0,0.000,0,0,0.0,,,,,,,,,,
5219086,Leland Smith,San José State,Mountain West,2025,,,,,,,,45,43,3,695,16.2,,,,,
5219089,Antonio Harris,Purdue,Big Ten,2025,,,,,,,,22,17,0,137,8.1,69,41,2,305,4.4
5219112,Troy Grizzle,Boise State,Mountain West,2025,,,,,,,,10,1,1,10,10.0,,,,,
5219119,Jordan Washington,Washington,Big Ten,2025,,,,,,,,,,,,,27,68,1,233,8.6
5219129,Jaxxon Warren,Colorado State,Mountain West,2025,,,,,,,,27,7,1,95,13.6,,,,,
5219136,Tommy Maher,Colorado State,Mountain West,2025,,,,,,,,35,32,0,358,11.2,,,,,
5219142,Anthony Wilhite,Arizona,Big 12,2025,,,,,,,,22,1,0,22,22.0,5,7,0,22,4.4
5219169,Charleston French,North Carolina,ACC,2025,,,,,,,,1,1,0,1,1.0,1,3,0,3,3.0
5219224,Randy Reece,East Texas A&M,Southland,2025,,,,,,,,21,4,0,44,11.0,2,10,0,16,8.0
5219225,Zach Hernandez,SMU,ACC,2025,,,,,,,,,,,,,2,5,0,9,4.5
5219242,Marcus Brown,Stanford,ACC,2025,,,,,,,,21,12,1,86,7.2,,,,,
5219253,Major Cantrell,Iowa State,Big 12,2025,,,,,,,,,,,,,3,14,0,25,8.3
5219258,Aiden Flora,Iowa State,Big 12,2025,,,,,,,,13,2,0,25,12.5,4,38,1,58,14.5
5219270,Lyndon Ravare,Kennesaw State,Conference USA,2025,,,,,,,,38,21,1,237,11.3,,,,,
5219272,Drew Carlson,Eastern Washington,Big Sky,2025,,,,,,,,29,6,0,88,14.7,,,,,
5219406,Briggs Bartosh,Army,American Athletic,2025,,,,,,,,8,1,0,8,8.0,43,75,1,254,5.9
5219427,Randall Nauden,Morgan State,MEAC,2025,,,,,,,,24,6,0,48,8.0,119,67,5,558,4.7
5219436,Bradyn Anderson,Army,American Athletic,2025,,,,,,,,68,14,2,381,27.2,1,0,0,-12,-12.0
5219439,Ty Brown-Stauffer,Bucknell,Patriot,2025,,,,,,,,6,2,0,9,4.5,32,10,0,112,3.5
5219476,Isaiah Myers,Western Kentucky,Conference USA,2025,,,,,,,,22,2,0,43,21.5,,,,,
5219480,Connor Adair,Charlotte,American Athletic,2025,,,,,,,,5,2,0,6,3.0,2,34,0,34,17.0
5219490,Will Gavin,Indiana State,MVFC,2025,,,,,,,,6,1,0,6,6.0,,,,,
5219497,Leyton Cure,Kansas,Big 12,2025,,,,,,,,27,4,1,63,15.8,,,,,
5219539,Kadenn Rose,Central Michigan,Mid-American,2025,,,,,,,,10,1,0,10,10.0,8,10,0,19,2.4
5219540,Camden Kruisenga,Central Michigan,Mid-American,2025,,,,,,,,26,1,0,26,26.0,,,,,
5219543,Jason Philpot-Dixon,Central Michigan,Mid-American,2025,,,,,,,,,,,,,4,6,0,12,3.0
5219572,Cade Keith,New Mexico,Mountain West,2025,,,,,,,,45,20,3,253,12.7,,,,,
5219586,Anthony Grigsby Jr.,Cal Poly,Big Sky,2025,82,44,4,0.537,6,774,9.4,,,,,,33,15,2,43,1.3
5219637,Clay Ash,West Virginia,Big 12,2025,,,,,,,,15,10,0,59,5.9,43,11,0,131,3.0
5219641,Cody Hagen,BYU,Big 12,2025,,,,,,,,24,12,0,97,8.1,9,57,2,93,10.3
5219644,Jovesa Damuni,BYU,Big 12,2025,,,,,,,,13,6,0,44,7.3,19,19,1,111,5.8
5219645,Rowan Reay,BYU,Big 12,2025,,,,,,,,8,1,0,8,8.0,,,,,
5219659,Noah Moeaki,BYU,Big 12,2025,,,,,,,,11,2,1,16,8.0,,,,,
5219662,Dominique McKenzie,BYU,Big 12,2025,,,,,,,,,,,,,1,41,1,41,41.0
5219668,Michael Valentino,Florida Atlantic,American Athletic,2025,1,0,0,0.000,0,0,0.0,,,,,,,,,,
5219678,Joseph Young,Florida Atlantic,American Athletic,2025,,,,,,,,27,3,0,49,16.3,,,,,
5219689,Sione I Moa,BYU,Big 12,2025,,,,,,,,17,6,0,36,6.0,18,19,1,92,5.1
5219693,Solomon Beebe,UAB,American Athletic,2025,,,,,,,,43,31,0,284,9.2,56,81,6,338,6.0
5219694,Amari Brundidge,UAB,American Athletic,2025,,,,,,,,,,,,,3,7,0,14,4.7
5219702,Xavier Daisy,UAB,American Athletic,2025,,,,,,,,21,18,1,177,9.8,,,,,
5219725,Patrick Durkin,Tulane,American Athletic,2025,,,,,,,,,,,,,1,5,0,5,5.0
5219833,Tom von Grote,North Texas,American Athletic,2025,,,,,,,,,,,,,1,2,0,2,2.0
5219834,Drew Mestemaker,North Texas,American Athletic,2025,465,319,9,0.686,34,4369,9.4,,,,,,57,31,5,89,1.6
5219863,Tyrei Washington,Cal Poly,Big Sky,2025,,,,,,,,22,7,0,50,7.1,80,57,3,341,4.3
5219864,Terrez Worthy,Temple,American Athletic,2025,,,,,,,,23,6,1,74,12.3,23,23,1,71,3.1
5219878,Daniel Evert,Temple,American Athletic,2025,,,,,,,,10,2,0,15,7.5,,,,,
5219898,Drew Devillier,Rice,American Athletic,2025,21,10,0,0.476,1,123,5.9,,,,,,9,10,0,25,2.8
5219931,Romelo Ware,Northern Illinois,Mid-American,2025,,,,,,,,,,,,,2,3,0,1,0.5
5219932,Elijah Porter,Northern Illinois,Mid-American,2025,,,,,,,,67,1,1,67,67.0,12,16,0,80,6.7
5219936,Rickey Taylor Jr.,Northern Illinois,Mid-American,2025,,,,,,,,41,9,1,134,14.9,,,,,
5219946,Jason Fowler,Northern Illinois,Mid-American,2025,,,,,,,,7,2,0,14,7.0,,,,,
5219991,Jackson Bennee,Utah,Big 12,2025,,,,,,,,17,3,0,18,6.0,2,14,0,15,7.5
5220007,Tank Boston,NC State,ACC,2025,,,,,,,,6,2,0,11,5.5,,,,,
5220011,Dante Daniels,NC State,ACC,2025,,,,,,,,22,7,1,74,10.6,,,,,
5220095,Carter Holden,Miami (OH),Mid-American,2025,1,0,1,0.000,0,0,0.0,,,,,,,,,,
5220109,Price Morgan,Texas Tech,Big 12,2025,,,,,,,,12,1,0,12,12.0,,,,,
5220111,Adam Hill,Texas Tech,Big 12,2025,,,,,,,,1,1,0,1,1.0,45,36,0,240,5.3
5220123,Lucas Laroche,Toledo,Mid-American,2025,,,,,,,,,,,,,5,3,0,6,1.2
5220125,Dane Nauman,Toledo,Mid-American,2025,,,,,,,,,,,,,9,12,0,40,4.4
5220133,Sam Lee,Toledo,Mid-American,2025,,,,,,,,20,2,0,40,20.0,,,,,
5220153,JD Davis II,Alabama A&M,SWAC,2025,32,18,3,0.563,2,218,6.8,,,,,,15,28,0,-4,-0.3
5220195,Rod Gibbs,South Alabama,Sun Belt,2025,,,,,,,,15,6,1,52,8.7,,,,,
5220197,Fluff Bothwell,Mississippi State,SEC,2025,,,,,,,,39,14,0,105,7.5,142,43,6,677,4.8
5220219,Wesley Campbell VI,Georgia State,Sun Belt,2025,,,,,,,,6,1,0,6,6.0,,,,,
5220253,James Jones,Delaware State,MEAC,2025,,,,,,,,26,5,0,50,10.0,98,90,9,958,9.8
5220256,Donte Lee Jr,Liberty,Conference USA,2025,,,,,,,,62,32,5,589,18.4,,,,,
5220265,Jon Montiero,Liberty,Conference USA,2025,,,,,,,,40,1,0,40,40.0,,,,,
5220320,EJ Hall,Tuskegee,SIAC,2025,3,2,0,0.667,0,-8,-2.7,37,6,0,93,15.5,1,3,0,3,3.0
5220333,Trae Swartz,Troy,Sun Belt,2025,,,,,,,,31,4,1,51,12.8,,,,,
5220339,Mason Welch,Louisiana Tech,Conference USA,2025,,,,,,,,,,,,,3,6,0,13,4.3
5220340,Omiri Wiggins,Louisiana Tech,Conference USA,2025,,,,,,,,17,11,1,61,5.5,97,37,4,468,4.8
5220347,John Hoyet Chance,Louisiana Tech,Conference USA,2025,1,0,0,0.000,0,0,0.0,,,,,,,,,,
5220352,Hunter Tipton,Middle Tennessee,Conference USA,2025,,,,,,,,37,39,2,411,10.5,,,,,
5220390,Evan Poticher,Middle Tennessee,Conference USA,2025,,,,,,,,5,1,0,5,5.0,,,,,
5220411,Parker Threatt,San Diego State,Mountain West,2025,,,,,,,,,,,,,1,5,1,5,5.0
5220423,Michael Phoenix II,Sam Houston,Conference USA,2025,,,,,,,,12,4,0,40,10.0,,,,,
5220424,Hunter Watson,Sam Houston,Conference USA,2025,182,104,4,0.571,5,1108,6.1,,,,,,74,55,2,276,3.7
5220425,DJ Bailey,Sam Houston,Conference USA,2025,3,2,0,0.667,0,42,14.0,,,,,,3,0,0,-10,-3.3
5220443,Darrick Bledsoe III,Sam Houston,Conference USA,2025,,,,,,,,24,7,0,86,12.3,,,,,
5220469,Michael Barrow,Navy,American Athletic,2025,,,,,,,,,,,,,4,7,1,14,3.5
5220473,Jackson Gutierrez,Navy,American Athletic,2025,3,0,0,0.000,0,0,0.0,8,2,0,12,6.0,28,23,0,172,6.1
5220474,Mikey Pearson II,Navy,American Athletic,2025,,,,,,,,,,,,,2,3,0,2,1.0
5220476,Charles Robinson,Navy,American Athletic,2025,,,,,,,,11,2,0,21,10.5,10,7,0,33,3.3
5220552,Jaylan Bean,Wyoming,Mountain West,2025,,,,,,,,22,5,0,64,12.8,,,,,
5220596,Kyri Shoels,San José State,Mountain West,2025,,,,,,,,43,59,2,768,13.0,,,,,
5220603,Zack Homan,Idaho State,Big Sky,2025,,,,,,,,,,,,,4,10,0,20,5.0
5220614,Jacob Stewart,Louisville,ACC,2025,,,,,,,,43,4,1,70,17.5,,,,,
5220651,Robert Freeman IV,Idaho State,Big Sky,2025,,,,,,,,0,1,0,-6,-6.0,4,30,0,40,10.0
5220671,Herschel Turner,Nevada,Mountain West,2025,,,,,,,,5,3,0,6,2.0,69,64,0,353,5.1
5220680,Ted Hurst,Georgia State,Sun Belt,2025,,,,,,,,70,71,6,1004,14.1,,,,,
5220681,Petey Tucker,Colorado State,Mountain West,2025,,,,,,,,24,1,0,24,24.0,,,,,
5220697,Keron Milton,Georgia State,Sun Belt,2025,,,,,,,,8,2,0,11,5.5,,,,,
5220782,Brandon Nunez,Mississippi Valley State,SWAC,2025,127,64,7,0.504,4,756,6.0,22,1,0,22,22.0,37,28,1,81,2.2
5220783,Parker Awad,New Mexico State,Conference USA,2025,3,0,0,0.000,0,0,0.0,,,,,,1,11,0,11,11.0
5220785,TJ Pride,New Mexico State,Conference USA,2025,,,,,,,,34,8,1,103,12.9,,,,,
5220885,Patrick Grusser,Marist,Pioneer,2025,9,4,0,0.444,1,46,5.1,,,,,,7,8,0,9,1.3
5220886,Jordan Montanez,Houston Christian,Southland,2025,,,,,,,,,,,,,12,15,1,72,6.0
5220893,Elijah Washington-Baker,Syracuse,ACC,2025,,,,,,,,17,1,1,17,17.0,,,,,
5220975,Jaquise Martin,Houston,Big 12,2025,,,,,,,,26,5,0,69,13.8,,,,,
5221043,Walker Lyons,USC,Big Ten,2025,,,,,,,,26,20,2,223,11.2,,,,,
5221048,Jabari Bush,Arkansas State,Sun Belt,2025,,,,,,,,28,10,0,70,7.0,,,,,
5221060,Kameron Thomas,Arkansas State,Sun Belt,2025,,,,,,,,,,,,,8,23,0,38,4.8
5221074,Tray Taylor,Troy,Sun Belt,2025,,,,,,,,60,31,3,513,16.5,10,16,1,52,5.2
5221079,Cameron Wright,Coastal Carolina,Sun Belt,2025,,,,,,,,44,24,1,274,11.4,,,,,
5221100,Emile Sebafundi,Coastal Carolina,Sun Belt,2025,1,1,0,1.000,0,2,2.0,,,,,,,,,,
5221103,Landon Strother,Louisiana,Sun Belt,2025,,,,,,,,14,10,0,78,7.8,2,7,0,10,5.0
5221211,Semi Taulanga,Utah,Big 12,2025,,,,,,,,10,2,0,3,1.5,,,,,
5221272,Elijah McCoy,UTEP,Conference USA,2025,,,,,,,,3,1,0,3,3.0,15,12,0,47,3.1
5221280,Sean West,Wisconsin,Big Ten,2025,1,1,0,1.000,0,24,24.0,,,,,,1,20,0,20,20.0
5221282,Josh Bell,UTEP,Conference USA,2025,,,,,,,,,,,,,1,4,0,4,4.0
5221298,Ronald Coleman,Colorado,Big 12,2025,,,,,,,,,,,,,1,14,0,14,14.0
5221335,Cace Reed,Southern Miss,Sun Belt,2025,,,,,,,,-1,1,0,-1,-1.0,,,,,
5221381,Tony Freeman,Washington State,Pac-12,2025,,,,,,,,48,54,3,588,10.9,1,0,0,-1,-1.0
5221382,Hunter Najm,Bowling Green,Mid-American,2025,66,33,4,0.500,5,473,7.2,,,,,,15,24,0,21,1.4
5221388,Tyler Wrenn,UCF,Big 12,2025,,,,,,,,11,1,0,11,11.0,1,8,0,8,8.0
5221393,Caleb Rollerson,UCF,Big 12,2025,,,,,,,,39,3,0,67,22.3,1,0,0,-5,-5.0
5221410,Jackson Gister,Rutgers,Big Ten,2025,,,,,,,,11,1,0,11,11.0,,,,,
5221569,Lucas Scheerhorn,Rice,American Athletic,2025,13,9,0,0.692,0,40,3.1,,,,,,15,20,0,14,0.9
5221576,Jonathan Mathis,Kennesaw State,Conference USA,2025,,,,,,,,,,,,,1,2,0,2,2.0
5221590,Tre' Holloway,Tennessee Tech,Big South-OVC,2025,1,1,0,1.000,0,8,8.0,60,39,3,528,13.5,5,11,0,29,5.8
5222190,Joseph Hagman,Baylor,Big 12,2025,,,,,,,,,,,,,1,1,0,1,1.0
5222221,Tank Hawkins,Florida,SEC,2025,,,,,,,,14,2,0,16,8.0,,,,,
5222223,KD Daniels,Florida,SEC,2025,,,,,,,,11,3,0,17,5.7,28,16,1,120,4.3
5222239,Dawson Johnson,Old Dominion,Sun Belt,2025,,,,,,,,17,10,1,99,9.9,,,,,
5222269,Tomas O'Meara,Michigan,Big Ten,2025,,,,,,,,,,,,,11,37,0,83,7.5
5222386,Jay Jay Etheridge,Kent State,Mid-American,2025,,,,,,,,9,4,0,30,7.5,,,,,
5222394,Dashawn Martin,Kent State,Mid-American,2025,,,,,,,,75,33,4,507,15.4,,,,,
5222530,Keenan Arcega-Whiteside,Rice,American Athletic,2025,,,,,,,,8,1,0,8,8.0,,,,,
5222534,Tyson Carter,Florida International,Conference USA,2025,,,,,,,,24,3,0,32,10.7,,,,,
5222545,Ethan Houck,Liberty,Conference USA,2025,6,1,1,0.167,0,17,2.8,,,,,,7,12,0,24,3.4
5222551,Ryder Kusch,Temple,American Athletic,2025,,,,,,,,19,13,3,60,4.6,,,,,
5222564,Cam Settles,Arkansas,SEC,2025,,,,,,,,11,2,0,16,8.0,6,5,0,16,2.7
5222591,Jason Wright,Buffalo,Mid-American,2025,,,,,,,,,,,,,14,9,0,45,3.2
5222633,Nolan Good,Kent State,Mid-American,2025,10,5,0,0.500,0,38,3.8,,,,,,7,5,0,1,0.1
5222654,Trenton Chaney,Louisiana,Sun Belt,2025,,,,,,,,13,3,0,17,5.7,,,,,
5222657,Darrell Smith,Louisiana,Sun Belt,2025,,,,,,,,,,,,,3,8,0,7,2.3
5222671,Jaylin Carter,Southern Miss,Sun Belt,2025,,,,,,,,14,21,0,137,6.5,38,27,2,166,4.4
5222676,Brady Clough,Boston College,ACC,2025,,,,,,,,5,1,0,5,5.0,,,,,
5222752,Drew Wagner,Northwestern,Big Ten,2025,,,,,,,,40,22,2,172,7.8,3,9,0,17,5.7
5222761,Jamarion McDougle,Ball State,Mid-American,2025,,,,,,,,25,2,0,43,21.5,2,23,0,11,5.5
5222936,Franck Pierre,Alabama A&M,SWAC,2025,,,,,,,,72,33,5,548,16.6,,,,,
5223107,Quentin Hayes,The Citadel,Southern,2025,92,58,4,0.630,8,897,9.8,,,,,,152,33,7,683,4.5
5223108,Josh Johnson,Air Force,Mountain West,2025,28,16,2,0.571,4,374,13.4,,,,,,34,13,1,71,2.1
5223110,Maguire Martin,Air Force,Mountain West,2025,,,,,,,,,,,,,4,4,1,11,2.8
5223112,Kemper Hodges,Air Force,Mountain West,2025,14,6,0,0.429,0,74,5.3,,,,,,49,27,3,207,4.2
5223119,Owen Allen,Air Force,Mountain West,2025,,,,,,,,,,,,,131,43,5,749,5.7
5223131,Rocco Conti,Air Force,Mountain West,2025,,,,,,,,4,1,0,4,4.0,4,13,0,24,6.0
5223167,Will Henderson III,UTSA,American Athletic,2025,,,,,,,,40,19,2,132,6.9,125,59,6,866,6.9
5223178,Elliott Brow,UTSA,American Athletic,2025,,,,,,,,17,5,0,34,6.8,,,,,
5223768,Harold Duvall,Fresno State,Mountain West,2025,,,,,,,,25,4,1,77,19.3,,,,,
5223788,Donnell Gee Jr.,Tulsa,American Athletic,2025,,,,,,,,50,4,0,107,26.8,1,7,0,7,7.0
5223869,Marceese Yetts,Eastern Washington,Big Sky,2025,,,,,,,,43,35,0,287,8.2,75,37,4,239,3.2
5223870,Boden Gardner,Eastern Washington,Big Sky,2025,,,,,,,,0,1,0,0,0.0,,,,,
5223877,Kevin Allen III,Eastern Washington,Big Sky,2025,,,,,,,,16,15,1,74,4.9,58,50,4,259,4.5
5223895,Landon Cooper,Eastern Washington,Big Sky,2025,,,,,,,,64,22,2,239,10.9,,,,,
5223896,Kayden Stuit,Eastern Washington,Big Sky,2025,,,,,,,,6,3,0,14,4.7,,,,,
5223902,Aaron Okoro,Cal Poly,Big Sky,2025,,,,,,,,8,1,0,8,8.0,,,,,
5223904,Jackson Akins,Cal Poly,Big Sky,2025,42,20,4,0.476,1,232,5.5,,,,,,14,14,0,41,2.9
5223908,Trey Wilson,Cal Poly,Big Sky,2025,,,,,,,,9,4,0,24,6.0,40,35,1,173,4.3
5223909,Misa Paiau,Cal Poly,Big Sky,2025,1,0,0,0.000,0,0,0.0,1,1,1,1,1.0,18,19,1,68,3.8
5223911,Malachi Brown,Cal Poly,Big Sky,2025,,,,,,,,29,4,0,51,12.8,14,8,0,34,2.4
5223912,Josiah Lamarque,Cal Poly,Big Sky,2025,,,,,,,,0,1,0,0,0.0,1,15,0,15,15.0
5223916,Caden Rose,Cal Poly,Big Sky,2025,,,,,,,,5,1,0,5,5.0,,,,,
5223933,Alek Marshall,Cal Poly,Big Sky,2025,1,1,0,1.000,0,19,19.0,54,19,2,299,15.7,,,,,
5223936,Cal Zimmerman,Cal Poly,Big Sky,2025,,,,,,,,39,5,0,74,14.8,,,,,
5223942,Tony Harste,Idaho,Big Sky,2025,,,,,,,,37,12,1,143,11.9,,,,,
5223950,Rocco Koch,Idaho,Big Sky,2025,7,1,0,0.143,1,42,6.0,,,,,,29,16,3,173,6.0
5223975,Noah West-Baranco,Idaho,Big Sky,2025,,,,,,,,48,4,2,89,22.3,,,,,
5223976,Trenton Swanson,Idaho,Big Sky,2025,,,,,,,,18,4,0,40,10.0,,,,,
5223978,Ryan Jezioro,Idaho,Big Sky,2025,,,,,,,,62,27,4,347,12.9,,,,,
5223979,Justus Durant,Chattanooga,Southern,2025,,,,,,,,20,9,0,71,7.9,144,52,4,678,4.7
5223980,Journey Wyche,Chattanooga,Southern,2025,,,,,,,,25,5,1,41,8.2,62,78,4,333,5.4
5223982,Josh Williams,Chattanooga,Southern,2025,,,,,,,,66,44,4,585,13.3,1,0,0,-1,-1.0
5223983,Battle Alberson,Chattanooga,Southern,2025,79,47,3,0.595,5,630,8.0,,,,,,26,31,0,63,2.4
5224004,Taylor Crumedy,Chattanooga,Southern,2025,,,,,,,,23,2,1,40,20.0,,,,,
5224007,Nathaniel Eberly-Rodriguez,Chattanooga,Southern,2025,,,,,,,,28,5,1,51,10.2,,,,,
5224008,John McIntyre,Chattanooga,Southern,2025,,,,,,,,18,11,1,96,8.7,,,,,
5224011,Baylor Hayes,Tulsa,American Athletic,2025,316,186,6,0.589,12,2159,6.8,,,,,,95,24,3,188,2.0
5224036,Izay Bridges,East Tennessee State,Southern,2025,,,,,,,,2,2,0,3,1.5,2,20,0,32,16.0
5224084,Trey Hedden,Furman,Southern,2025,419,287,13,0.685,17,2967,7.1,,,,,,35,8,1,-176,-5.0
5224087,Jackson Pryor,Furman,Southern,2025,,,,,,,,24,4,1,50,12.5,,,,,
5224089,Devin Hester Jr.,Furman,Southern,2025,,,,,,,,35,23,1,313,13.6,1,6,0,6,6.0
5224094,Gavin Hall,Furman,Southern,2025,1,0,0,0.000,0,0,0.0,12,16,0,73,4.6,118,23,3,446,3.8
5224096,Jalil Garvin-Mingo,Furman,Southern,2025,,,,,,,,,,,,,1,1,0,1,1.0
5224097,Landyn James,Furman,Southern,2025,,,,,,,,19,7,0,74,10.6,,,,,
5224119,Jade Kneeland,Austin Peay,UAC,2025,,,,,,,,33,5,0,49,9.8,,,,,
5224121,Corey Richardson,Austin Peay,UAC,2025,,,,,,,,20,1,1,20,20.0,37,51,1,188,5.1
5224136,Jase Skoglund,Austin Peay,UAC,2025,,,,,,,,32,8,0,98,12.3,,,,,
5224142,Arlie Lee,Central Arkansas,UAC,2025,,,,,,,,47,11,2,235,21.4,,,,,
5224155,Elijah Jackson,Central Arkansas,UAC,2025,,,,,,,,,,,,,11,8,0,37,3.4
5224165,Jackson Kostmayer,Central Arkansas,UAC,2025,,,,,,,,21,4,0,35,8.8,,,,,
5224166,Kealen Juniel,Central Arkansas,UAC,2025,,,,,,,,14,1,0,14,14.0,,,,,
5224174,Joel Bodie,Central Arkansas,UAC,2025,,,,,,,,,,,,,4,8,0,26,6.5
5224178,Caleb Cunningham,Ole Miss,SEC,2025,,,,,,,,19,1,0,19,19.0,,,,,
5224179,Desmond Davidson,Central Arkansas,UAC,2025,,,,,,,,,,,,,3,2,0,2,0.7
5224196,Telly McCallister,Eastern Kentucky,UAC,2025,,,,,,,,,,,,,5,5,0,13,2.6
5224199,Jalen Montgomery,Eastern Kentucky,UAC,2025,,,,,,,,5,2,0,6,3.0,13,11,0,39,3.0
5224206,Brady Hensley,Eastern Kentucky,UAC,2025,,,,,,,,15,12,0,72,6.0,93,72,5,562,6.0
5224217,Marcus Calwise Jr.,Eastern Kentucky,UAC,2025,,,,,,,,50,32,5,417,13.0,2,5,0,5,2.5
5224218,T.J. Mitchell,Eastern Kentucky,UAC,2025,,,,,,,,36,2,0,42,21.0,,,,,
5224219,Kyle Vaka,Eastern Kentucky,UAC,2025,,,,,,,,18,8,0,80,10.0,,,,,
5224235,Javarius George,Mercer,Southern,2025,,,,,,,,12,5,1,30,6.0,,,,,
5224237,Whitt Newbauer,Oklahoma,SEC,2025,4,2,0,0.500,0,6,1.5,,,,,,3,9,0,10,3.3
5224247,Antonio Butts Jr.,Mercer,Southern,2025,,,,,,,,,,,,,1,1,1,1,1.0
5224248,Billy Martin,Mercer,Southern,2025,,,,,,,,,,,,,13,25,0,82,6.3
5224265,Camauri Simmons,Mercer,Southern,2025,,,,,,,,15,2,0,23,11.5,,,,,
5224276,Jalen Fletcher,North Alabama,UAC,2025,,,,,,,,3,1,0,3,3.0,20,17,1,75,3.8
5224292,Amarie Rogers,North Alabama,UAC,2025,,,,,,,,8,2,1,13,6.5,,,,,
5224302,Azariah Fletcher,North Alabama,UAC,2025,,,,,,,,75,1,1,75,75.0,3,6,0,0,0.0
5224307,Noah Gregg,North Alabama,UAC,2025,,,,,,,,67,18,4,246,13.7,,,,,
5224310,Kingston Lowe,North Alabama,UAC,2025,,,,,,,,,,,,,3,4,0,5,1.7
5224320,Jared Echols,Charleston Southern,Big South-OVC,2025,2,2,0,1.000,0,24,12.0,,,,,,2,3,0,-4,-2.0
5224321,Jamil Bishop,Charleston Southern,Big South-OVC,2025,,,,,,,,54,24,2,324,13.5,1,0,0,-4,-4.0
5224323,Brandon Musch,Charleston Southern,Big South-OVC,2025,,,,,,,,5,2,0,6,3.0,22,14,1,60,2.7
5224354,Rashawn Cunningham,Charleston Southern,Big South-OVC,2025,,,,,,,,73,34,7,628,18.5,,,,,
5224364,Jabez Woods,Montana State,Big Sky,2025,,,,,,,,79,24,2,378,15.8,2,13,0,21,10.5
5224369,Kee Christiansen,Montana State,Big Sky,2025,,,,,,,,6,1,0,6,6.0,,,,,
5224371,Dane Steel,Montana State,Big Sky,2025,1,1,0,1.000,0,12,12.0,42,39,3,501,12.8,,,,,
5224379,Luvens Valcin,Montana State,Big Sky,2025,,,,,,,,19,4,1,38,9.5,,,,,
5224381,Rocky Lencioni,Montana State,Big Sky,2025,,,,,,,,34,19,6,206,10.8,,,,,
5224388,Shane Carr,Southern Utah,UAC,2025,,,,,,,,44,47,3,655,13.9,,,,,
5224418,Mason Thueson,Southern Utah,UAC,2025,,,,,,,,18,2,0,19,9.5,,,,,
5224435,Ken Cherry,Samford,Southern,2025,,,,,,,,38,20,0,117,5.9,66,30,1,197,3.0
5224444,Maddox McKim,Samford,Southern,2025,,,,,,,,13,6,0,35,5.8,,,,,
5224446,Emerson Russell,Samford,Southern,2025,,,,,,,,18,3,0,25,8.3,11,18,0,64,5.8
5224455,Preston Bird,Samford,Southern,2025,,,,,,,,70,53,4,617,11.6,5,10,0,1,0.2
5224456,Nick Crayton,Samford,Southern,2025,,,,,,,,31,21,0,181,8.6,,,,,
5224464,Jarrin Alley,Butler,Pioneer,2025,49,28,2,0.571,0,252,5.1,6,1,0,6,6.0,8,10,0,18,2.3
5224468,Gabe Passini,Butler,Pioneer,2025,34,20,2,0.588,2,239,7.0,17,2,0,28,14.0,67,43,3,400,6.0
5224469,Jack Weybright,Butler,Pioneer,2025,,,,,,,,9,6,0,10,1.7,11,36,0,64,5.8
5224473,Luke Jones,Butler,Pioneer,2025,,,,,,,,19,3,0,36,12.0,,,,,
5224493,Chet Yardley,Butler,Pioneer,2025,,,,,,,,19,9,0,88,9.8,2,7,0,9,4.5
5224535,Casey Bullock,Davidson,Pioneer,2025,38,22,1,0.579,0,223,5.9,,,,,,18,11,1,5,0.3
5224536,AJ Adams,Davidson,Pioneer,2025,,,,,,,,61,17,0,226,13.3,4,9,0,20,5.0
5224538,Jack Fennell,Davidson,Pioneer,2025,,,,,,,,,,,,,3,10,0,16,5.3
5224540,Brodey Berg,Davidson,Pioneer,2025,,,,,,,,17,10,0,61,6.1,23,12,0,82,3.6
5224545,Will Jones,Davidson,Pioneer,2025,,,,,,,,12,9,0,48,5.3,36,9,1,127,3.5
5224556,Jack Perozek,Davidson,Pioneer,2025,,,,,,,,12,2,0,15,7.5,,,,,
5224560,Asa Chatman,Utah Tech,UAC,2025,,,,,,,,18,39,0,177,4.5,121,66,5,536,4.4
5224562,Bronson Barben,Utah Tech,UAC,2025,288,169,12,0.587,6,1682,5.8,0,1,0,-9,-9.0,52,23,1,126,2.4
5224568,Josh Rillos,Utah Tech,UAC,2025,,,,,,,,61,22,1,255,11.6,1,2,0,2,2.0
5224573,Tru Tanner,Utah Tech,UAC,2025,,,,,,,,45,8,1,132,16.5,2,0,0,-6,-3.0
5224601,Pearson Hill,Brown,Ivy,2025,,,,,,,,41,12,2,146,12.2,,,,,
5224602,Will Currid,Brown,Ivy,2025,8,6,0,0.750,0,34,4.3,,,,,,2,1,0,-15,-7.5
5224605,Malcolm Flynn,Brown,Ivy,2025,,,,,,,,,,,,,1,0,0,-13,-13.0
5224606,Matt Childs,Brown,Ivy,2025,,,,,,,,38,41,4,341,8.3,137,27,8,517,3.8
5224628,Trevor Foley,Brown,Ivy,2025,,,,,,,,47,32,2,569,17.8,,,,,
5224637,Liam Poronsky,Dayton,Pioneer,2025,49,30,1,0.612,3,326,6.7,,,,,,14,7,0,20,1.4
5224640,Grayson Thomas,Dayton,Pioneer,2025,,,,,,,,,,,,,1,3,0,3,3.0
5224644,LeRoy Lewis IV,Dayton,Pioneer,2025,,,,,,,,12,5,1,43,8.6,,,,,
5224645,Tyler Brown,Dayton,Pioneer,2025,,,,,,,,,,,,,18,16,0,106,5.9
5224664,Bryce Cowgill,Dayton,Pioneer,2025,,,,,,,,11,3,0,17,5.7,,,,,
5224673,Hank Foley,Drake,Pioneer,2025,,,,,,,,46,18,4,308,17.1,5,12,1,28,5.6
5224699,Jake Scobey,Drake,Pioneer,2025,,,,,,,,7,2,0,9,4.5,,,,,
5224707,Jordan Jackson,Kennesaw State,Conference USA,2025,,,,,,,,29,2,1,34,17.0,,,,,
5224708,Mar'Quavious Moss,Kansas State,Big 12,2025,,,,,,,,,,,,,2,18,0,26,13.0
5224714,Latrelle Murrell,West Georgia,UAC,2025,,,,,,,,62,22,4,246,11.2,176,67,3,894,5.1
5224715,Bryce Hicks,West Georgia,UAC,2025,,,,,,,,,,,,,5,3,0,-2,-0.4
5224748,Jamarcus Prince,West Georgia,UAC,2025,,,,,,,,24,2,0,30,15.0,,,,,
5224749,DK Daniel,West Georgia,UAC,2025,1,1,0,1.000,1,10,10.0,23,5,0,65,13.0,,,,,
5224750,Reilly Mason,West Georgia,UAC,2025,,,,,,,,,,,,,1,2,0,2,2.0
5224753,Devion Newson,West Georgia,UAC,2025,,,,,,,,37,16,2,178,11.1,,,,,
5224762,Braden Streeter,Delaware,Conference USA,2025,19,12,1,0.632,1,98,5.2,,,,,,1,1,0,1,1.0
5224764,Sean Wilson,Delaware,Conference USA,2025,,,,,,,,51,66,3,850,12.9,,,,,
5224766,Greg Spiller,Delaware,Conference USA,2025,,,,,,,,,,,,,22,55,1,110,5.0
5224772,Nick Tyree,Delaware,Conference USA,2025,,,,,,,,16,3,0,16,5.3,6,8,0,25,4.2
5224789,Landen Clark,Elon,CAA,2025,277,155,8,0.560,18,2321,8.4,,,,,,189,86,11,614,3.2
5224790,Isaiah Fuhrmann,Elon,CAA,2025,,,,,,,,96,46,9,907,19.7,2,19,0,26,13.0
5224792,TJ Thomas Jr.,Elon,CAA,2025,,,,,,,,28,15,0,124,8.3,91,44,6,384,4.2
5224795,Ross Smith,Elon,CAA,2025,,,,,,,,6,1,0,6,6.0,,,,,
5224797,George Helms,Montana State,Big Sky,2025,,,,,,,,,,,,,4,6,0,15,3.8
5224816,Caleb Sanchez,Columbia,Ivy,2025,76,39,1,0.513,2,422,5.6,0,0,0,3,0,7,5,0,-1,-0.1
5224834,Hutch Crow,Columbia,Ivy,2025,1,0,0,0.000,0,0,0.0,26,18,3,178,9.9,,,,,
5224835,Casey O'Sullivan,Columbia,Ivy,2025,,,,,,,,7,4,0,17,4.3,,,,,
5225022,TJ Hamilton,Cornell,Ivy,2025,,,,,,,,47,11,1,192,17.5,,,,,
5225028,Ricardo Lagares Jr.,Cornell,Ivy,2025,,,,,,,,7,1,0,7,7.0,23,21,0,112,4.9
5225039,K'Adrian McLee,Cornell,Ivy,2025,,,,,,,,9,1,0,9,9.0,,,,,
5225209,Monte Gillman,Montana,Big Sky,2025,,,,,,,,31,3,0,37,12.3,6,12,0,30,5.0
5225211,Brooks Davis,Montana,Big Sky,2025,,,,,,,,61,54,5,698,12.9,4,13,1,36,9.0
5225213,Malae Fonoti,Montana,Big Sky,2025,,,,,,,,21,10,0,97,9.7,48,12,4,184,3.8
5225217,Luke Flowers,Montana,Big Sky,2025,6,5,0,0.833,0,65,10.8,,,,,,,,,,
5225220,Tommy Running Rabbit,Montana,Big Sky,2025,,,,,,,,,,,,,7,12,1,42,6.0
5225221,Lekeldrick Bridges,Montana,Big Sky,2025,,,,,,,,,,,,,1,0,0,-20,-20.0
5225222,Talen Reynolds,Montana,Big Sky,2025,,,,,,,,,,,,,4,5,0,6,1.5
5225224,Ty Morrison,Montana,Big Sky,2025,1,1,0,1.000,0,28,28.0,,,,,,,,,,
5225249,Jarvis Rush,Alcorn State,SWAC,2025,,,,,,,,44,42,3,367,8.7,4,20,1,28,7.0
5225253,Luke Reed,Akron,Mid-American,2025,,,,,,,,7,1,0,7,7.0,1,4,0,4,4.0
5225271,Connor Wolf,Eastern Illinois,Big South-OVC,2025,147,87,4,0.592,8,1074,7.3,,,,,,37,18,1,-42,-1.1
5225273,Chris Caldwell,Eastern Illinois,Big South-OVC,2025,,,,,,,,,,,,,5,2,0,5,1.0
5225276,Jacarre Fleming,Eastern Illinois,Big South-OVC,2025,,,,,,,,17,11,0,44,4.0,39,55,2,212,5.4
5225297,Alex Herrera,Eastern Illinois,Big South-OVC,2025,,,,,,,,27,21,0,222,10.6,,,,,
5225300,Landers Green,Eastern Illinois,Big South-OVC,2025,,,,,,,,32,16,1,258,16.1,,,,,
5225318,Kyle Doney,Merrimack,FCS Independents,2025,,,,,,,,4,1,0,4,4.0,,,,,
5225329,Bryce Goulet,Merrimack,FCS Independents,2025,1,0,0,0.000,0,0,0.0,,,,,,,,,,
5225330,Cade Callahan,Merrimack,FCS Independents,2025,,,,,,,,50,19,3,279,14.7,1,9,0,9,9.0
5225335,Noah Grevious,VMI,Southern,2025,,,,,,,,73,52,3,731,14.1,5,78,1,87,17.4
5225341,JoJo Crump,VMI,Southern,2025,3,0,0,0.000,0,0,0.0,,,,,,2,3,0,-1,-0.5
5225343,Owen Sweeney,VMI,Southern,2025,,,,,,,,75,44,8,723,16.4,,,,,
5225344,Kam Johnson,VMI,Southern,2025,,,,,,,,0,1,0,-1,-1.0,4,4,0,8,2.0
5225347,Aslin Shipe,VMI,Southern,2025,,,,,,,,7,6,0,13,2.2,67,33,1,270,4.0
5225351,Leo Boehling,VMI,Southern,2025,,,,,,,,29,14,0,88,6.3,128,70,2,534,4.2
5225375,Malik McNeely,VMI,Southern,2025,,,,,,,,51,24,2,331,13.8,,,,,
5225383,Tariq Thomas,Bucknell,Patriot,2025,,,,,,,,15,5,0,24,4.8,131,49,3,602,4.6
5225389,Logan Bush,Bucknell,Patriot,2025,,,,,,,,12,1,0,12,12.0,57,30,2,232,4.1
5225392,Michael Cadden,Bucknell,Patriot,2025,,,,,,,,49,15,2,175,11.7,71,28,5,286,4.0
5225395,Jack Bohm-Squicciarini,Bucknell,Patriot,2025,,,,,,,,13,5,0,42,8.4,,,,,
5225397,Caden Allard,Bucknell,Patriot,2025,,,,,,,,6,1,0,6,6.0,,,,,
5225405,AJ Bosch,Bucknell,Patriot,2025,,,,,,,,22,5,0,55,11.0,,,,,
5225413,Ty Jones,Norfolk State,MEAC,2025,,,,,,,,,,,,,1,3,0,3,3.0
5225414,Ty Pennington,Northern Arizona,Big Sky,2025,350,230,4,0.657,16,2705,7.7,,,,,,80,45,1,192,2.4
5225416,Tay Lanier,Colorado State,Mountain West,2025,1,1,0,1.000,0,9,9.0,39,35,2,315,9.0,,,,,
5225418,Lathan Boone,Northern Arizona,Big Sky,2025,10,6,1,0.600,0,49,4.9,,,,,,9,32,0,108,12.0
5225419,Kolbe Katsis,Northern Arizona,Big Sky,2025,,,,,,,,75,54,8,881,16.3,5,45,1,109,21.8
5225424,Kaden Dixon,Alabama A&M,SWAC,2025,,,,,,,,4,2,0,5,2.5,10,18,0,65,6.5
5225426,Michael Beresford,Northern Arizona,Big Sky,2025,,,,,,,,7,1,0,7,7.0,,,,,
5225428,Kenveon Stone,Northern Arizona,Big Sky,2025,,,,,,,,12,3,0,22,7.3,7,27,1,47,6.7
5225435,Seth Cromwell,Northern Arizona,Big Sky,2025,,,,,,,,12,16,0,66,4.1,138,25,7,559,4.1
5225455,Luke Edgecomb,Northern Arizona,Big Sky,2025,,,,,,,,7,1,0,7,7.0,,,,,
5225457,Jeter Purdy,Northern Arizona,Big Sky,2025,,,,,,,,33,27,1,368,13.6,,,,,
5225466,Anthony Lowe,Gardner-Webb,Big South-OVC,2025,,,,,,,,36,55,5,597,10.9,6,8,0,20,3.3
5225468,Ben Mauney,Gardner-Webb,Big South-OVC,2025,,,,,,,,,,,,,1,8,0,8,8.0
5225469,Carson Gresock,Gardner-Webb,Big South-OVC,2025,1,1,0,1.000,0,12,12.0,33,3,0,40,13.3,120,64,14,798,6.7
5225473,Cole Schnieder,Gardner-Webb,Big South-OVC,2025,,,,,,,,25,8,0,64,8.0,,,,,
5225476,Aleks Sitkowski,Colgate,Patriot,2025,11,4,1,0.364,0,23,2.1,,,,,,,,,,
5225481,Cole Fulton,Colgate,Patriot,2025,,,,,,,,16,7,0,51,7.3,58,44,2,297,5.1
5225499,Kam Phillips,Colgate,Patriot,2025,,,,,,,,19,2,0,26,13.0,,,,,
5225500,Chief Montalvo,Colgate,Patriot,2025,,,,,,,,5,1,0,5,5.0,,,,,
5225509,Isaiah Johnson,Cincinnati,Big 12,2025,,,,,,,,42,14,3,222,15.9,3,15,0,25,8.3
5225532,Bode Burns,Western Carolina,Southern,2025,,,,,,,,23,1,0,23,23.0,,,,,
5225538,Tripp Holley,Fordham,Patriot,2025,,,,,,,,,,,,,1,0,0,-5,-5.0
5225565,Jack Freeburg,Fordham,Patriot,2025,,,,,,,,48,37,4,446,12.1,,,,,
5225610,Ivory Aikens,Wofford,Southern,2025,,,,,,,,83,37,6,497,13.4,7,21,0,38,5.4
5225611,Isaiah Scott,Wofford,Southern,2025,,,,,,,,77,35,4,558,15.9,1,0,0,0,0.0
5225612,Eric Handley,Alabama A&M,SWAC,2025,226,132,6,0.584,8,1360,6.0,0,1,0,0,0.0,38,15,0,34,0.9
5225614,Isaiah Nell,Wofford,Southern,2025,,,,,,,,,,,,,8,15,1,33,4.1
5225615,Jaden Fowler,Wofford,Southern,2025,,,,,,,,23,5,0,45,9.0,,,,,
5225646,Rico Bond,Lindenwood,Big South-OVC,2025,,,,,,,,47,60,6,694,11.6,1,0,0,-1,-1.0
5225648,Pops Battle,Lindenwood,Big South-OVC,2025,3,1,1,0.333,0,9,3.0,,,,,,5,13,0,4,0.8
5225660,Gavin Hulet,Lindenwood,Big South-OVC,2025,,,,,,,,1,1,1,1,1.0,,,,,
5225688,Myles Hamilton,Sacred Heart,FCS Independents,2025,,,,,,,,7,1,0,7,7.0,,,,,
5225700,Jack Snyder,Sacred Heart,FCS Independents,2025,232,165,3,0.711,11,1857,8.0,,,,,,111,82,7,553,5.0
5225702,Cole Snider,Sacred Heart,FCS Independents,2025,,,,,,,,,,,,,1,7,0,7,7.0
5225703,Chuck Webb,Sacred Heart,FCS Independents,2025,,,,,,,,,,,,,50,41,4,254,5.1
5225710,Dean Hangey,Sacred Heart,FCS Independents,2025,1,1,0,1.000,0,19,19.0,43,28,3,317,11.3,2,0,0,-2,-1.0
5225715,Jack Johnson,Georgetown,Patriot,2025,41,19,1,0.463,1,205,5.0,,,,,,14,18,0,24,1.7
5225717,Savion Hart,Georgetown,Patriot,2025,,,,,,,,73,15,2,225,15.0,175,69,10,816,4.7
5225721,Jayden Sumpter,Georgetown,Patriot,2025,,,,,,,,10,11,0,46,4.2,90,21,2,352,3.9
5225735,Legend Bernard,Georgetown,Patriot,2025,,,,,,,,16,1,0,16,16.0,,,,,
5225740,Tristan Smith,Clemson,ACC,2025,,,,,,,,23,24,1,239,10.0,,,,,
5225743,Johnny Weber,Southeast Missouri State,Big South-OVC,2025,179,106,5,0.592,8,1110,6.2,0,1,0,-4,-4.0,30,11,0,-23,-0.8
5225748,Payton Brown,Southeast Missouri State,Big South-OVC,2025,,,,,,,,29,9,0,72,8.0,55,14,1,201,3.7
5225770,Trent Shelton,Southeast Missouri State,Big South-OVC,2025,,,,,,,,6,2,0,12,6.0,,,,,
5225782,Mason McSweeney,Holy Cross,Patriot,2025,,,,,,,,6,2,0,11,5.5,,,,,
5225784,Ethan Moss,Holy Cross,Patriot,2025,,,,,,,,,,,,,1,11,0,11,11.0
5225792,Alijah Cason,Holy Cross,Patriot,2025,,,,,,,,44,22,2,244,11.1,5,12,0,10,2.0
5225794,SirCharles Gordon,Holy Cross,Patriot,2025,,,,,,,,3,1,0,3,3.0,,,,,
5225797,Mason Kuehner,Lafayette,Patriot,2025,,,,,,,,44,52,1,572,11.0,,,,,
5225799,Jason Penza,Lafayette,Patriot,2025,8,7,0,0.875,0,40,5.0,,,,,,33,79,2,195,5.9
5225800,Jakyre Henley,Lafayette,Patriot,2025,,,,,,,,20,12,1,88,7.3,49,70,2,194,4.0
5225822,Carson Jacoby,Lafayette,Patriot,2025,,,,,,,,6,1,0,6,6.0,,,,,
5225825,Jonathan Moyer,Lafayette,Patriot,2025,,,,,,,,6,2,0,10,5.0,,,,,
5225836,Ajon Bryant,Sacramento State,Big Sky,2025,,,,,,,,30,2,0,58,29.0,2,28,0,34,17.0
5225837,Jordan Barton,Wagner,NEC,2025,89,54,3,0.607,4,557,6.3,,,,,,42,13,0,68,1.6
5225846,Kyle Koontz,Houston Christian,Southland,2025,,,,,,,,16,7,1,71,10.1,,,,,
5225868,Gavin Nelson,Sacramento State,Big Sky,2025,,,,,,,,20,5,0,70,14.0,,,,,
5225880,Xai'Shaun Edwards,Houston Christian,Southland,2025,,,,,,,,19,18,0,106,5.9,194,60,12,1019,5.3
5225882,Deacon Stanfield,Houston Christian,Southland,2025,,,,,,,,11,2,0,18,9.0,,,,,
5225901,Jaden Green,Lehigh,Patriot,2025,,,,,,,,21,12,2,112,9.3,139,37,8,854,6.1
5225902,Hayden Johnson,Lehigh,Patriot,2025,281,175,6,0.623,18,2511,8.9,,,,,,76,57,4,451,5.9
5225903,Matt Machalik,Lehigh,Patriot,2025,3,3,0,1.000,0,16,5.3,,,,,,36,19,3,133,3.7
5225916,Garrett Guess,Lehigh,Patriot,2025,,,,,,,,13,3,1,28,9.3,,,,,
5225936,Jaden McGill,Western Kentucky,Conference USA,2025,,,,,,,,12,1,0,12,12.0,16,15,1,63,3.9
5225938,Snap Reed,Tennessee State,Big South-OVC,2025,,,,,,,,29,35,4,376,10.7,,,,,
5225940,Chase Spellman,Drake,Pioneer,2025,56,38,2,0.679,2,489,8.7,,,,,,19,28,2,55,2.9
5225961,Connor Ruth,Tennessee State,Big South-OVC,2025,,,,,,,,17,8,2,60,7.5,,,,,
5225986,Lance Martinez,Marist,Pioneer,2025,,,,,,,,67,29,4,575,19.8,1,4,0,4,4.0
5225987,Jack Melore,Marist,Pioneer,2025,,,,,,,,18,15,0,125,8.3,,,,,
5225991,Jeremy Decaro,Marist,Pioneer,2025,2,2,0,1.000,1,36,18.0,23,30,0,233,7.8,2,4,0,8,4.0
5225993,Kenneth Antoine,Marist,Pioneer,2025,,,,,,,,,,,,,8,20,0,41,5.1
5225995,Will Deady,Marist,Pioneer,2025,,,,,,,,,,,,,3,12,0,25,8.3
5226014,Joey Bemis,Marist,Pioneer,2025,,,,,,,,13,2,0,20,10.0,,,,,
5226019,Caden Pinnick,UC Davis,Big Sky,2025,345,240,10,0.696,32,3206,9.3,,,,,,125,27,3,437,3.5
5226020,Stacy Dobbins,UC Davis,Big Sky,2025,,,,,,,,45,58,4,701,12.1,2,10,0,16,8.0
5226030,Zaire Collier,UC Davis,Big Sky,2025,,,,,,,,3,1,0,3,3.0,,,,,
5226097,Tremel Jones,Tennessee Tech,Big South-OVC,2025,,,,,,,,41,39,2,384,9.8,5,10,0,31,6.2
5226100,D'Arious Reed,Tennessee Tech,Big South-OVC,2025,,,,,,,,9,1,0,9,9.0,,,,,
5226104,Mason Taylor,Tennessee Tech,Big South-OVC,2025,,,,,,,,,,,,,1,8,0,8,8.0
5226107,Colby Bernier,Central Connecticut,NEC,2025,,,,,,,,,,,,,1,0,0,-14,-14.0
5226120,Steve Brown,Tennessee Tech,Big South-OVC,2025,,,,,,,,26,3,0,33,11.0,,,,,
5226131,Zion Tamaska,Tennessee Tech,Big South-OVC,2025,,,,,,,,,,,,,6,7,1,17,2.8
5226134,Eric Mulkey,San Diego,Pioneer,2025,,,,,,,,,,,,,1,0,0,-2,-2.0
5226148,Christopher Hall,San Diego,Pioneer,2025,,,,,,,,37,19,1,229,12.1,,,,,
5226154,Antonio Wright,Presbyterian,Pioneer,2025,,,,,,,,20,6,0,49,8.2,48,13,1,174,3.6
5226161,Britain Simmons,Lamar,Southland,2025,,,,,,,,24,4,0,58,14.5,,,,,
5226163,Lucas Powell,Lamar,Southland,2025,3,2,0,0.667,0,11,3.7,,,,,,4,13,0,19,4.8
5226165,Chase Leon,South Florida,American Athletic,2025,1,0,1,0.000,0,0,0.0,,,,,,,,,,
5226191,Tyler Bonkowski,Lamar,Southland,2025,,,,,,,,5,1,0,5,5.0,,,,,
5226221,Deuce Oliver,UT Martin,Big South-OVC,2025,,,,,,,,17,7,0,54,7.7,1,4,0,4,4.0
5226228,Mariano Birdno,St. Thomas (MN),Pioneer,2025,,,,,,,,27,5,1,76,15.2,1,4,0,4,4.0
5226234,Quentin Cobb-Butler,St. Thomas (MN),Pioneer,2025,,,,,,,,85,51,7,772,15.1,3,9,0,11,3.7
5226235,Marc Coy,St. Thomas (MN),Pioneer,2025,,,,,,,,24,1,1,24,24.0,,,,,
5226242,De'erek Hubbard,St. Thomas (MN),Pioneer,2025,,,,,,,,,,,,,15,11,0,53,3.5
5226243,Ryan Jackson,St. Thomas (MN),Pioneer,2025,24,17,0,0.708,1,122,5.1,,,,,,12,39,1,54,4.5
5226248,Joseph Koch,St. Thomas (MN),Pioneer,2025,,,,,,,,24,5,0,56,11.2,86,77,6,457,5.3
5226265,Brennan Myer,Bryant,CAA,2025,180,103,7,0.572,7,1193,6.6,,,,,,27,18,2,26,1.0
5226267,Zyheem Collick,Bryant,CAA,2025,,,,,,,,72,35,4,670,19.1,2,14,0,21,10.5
5226272,Markiel Cockrell,Bryant,CAA,2025,,,,,,,,,,,,,9,7,0,11,1.2
5226304,Sterling Anderson,Bryant,CAA,2025,,,,,,,,2,1,0,2,2.0,1,1,0,1,1.0
5226313,Matthew Henry,Western Kentucky,Conference USA,2025,,,,,,,,55,55,6,888,16.1,3,2,0,-6,-2.0
5226314,Elijah Aragon,Coastal Carolina,Sun Belt,2025,,,,,,,,40,10,0,109,10.9,,,,,
5226315,Demari Davis,Western Illinois,Big South-OVC,2025,1,0,0,0.000,0,0,0.0,60,37,5,695,18.8,1,0,0,-1,-1.0
5226319,Antwon McKay Jr.,Western Illinois,Big South-OVC,2025,1,1,0,1.000,1,14,14.0,,,,,,4,5,0,7,1.8
5226320,Cam Edwards,Western Illinois,Big South-OVC,2025,,,,,,,,24,4,0,45,11.3,,,,,
5226322,Tanner Zolnosky,Western Illinois,Big South-OVC,2025,,,,,,,,,,,,,6,24,0,50,8.3
5226329,Aric Johnson,Western Illinois,Big South-OVC,2025,,,,,,,,10,3,0,21,7.0,,,,,
5226353,Tristin Duncan,Western Illinois,Big South-OVC,2025,,,,,,,,42,40,0,458,11.5,,,,,
5226365,Alex Flores,McNeese,Southland,2025,21,11,0,0.524,0,130,6.2,,,,,,8,9,0,8,1.0
5226368,Devin Lippold,McNeese,Southland,2025,28,12,1,0.429,1,85,3.0,,,,,,23,10,3,76,3.3
5226371,Bryce Strong,McNeese,Southland,2025,,,,,,,,18,4,1,30,7.5,67,68,2,330,4.9
5226374,Jaylen Thompson,McNeese,Southland,2025,,,,,,,,34,4,0,59,14.8,35,55,1,178,5.1
5226397,Kael Alexander,Stetson,Pioneer,2025,138,76,5,0.551,8,954,6.9,,,,,,16,19,0,-25,-1.6
5226398,Gunner Chenier,Stetson,Pioneer,2025,43,24,2,0.558,1,176,4.1,,,,,,26,9,0,67,2.6
5226399,Trey Clark,Stetson,Pioneer,2025,,,,,,,,12,7,0,23,3.3,100,29,4,360,3.6
5226403,Marvin Duffey Jr.,Stetson,Pioneer,2025,,,,,,,,15,2,0,18,9.0,32,9,2,88,2.8
5226430,Fabian Baez,Western Illinois,Big South-OVC,2025,,,,,,,,6,1,0,6,6.0,,,,,
5226432,Wyatt Bailey,Stetson,Pioneer,2025,,,,,,,,10,1,0,10,10.0,,,,,
5226441,Troy Flowers,Stetson,Pioneer,2025,,,,,,,,19,3,0,38,12.7,21,13,2,82,3.9
5226445,KJ Sneed,Stetson,Pioneer,2025,,,,,,,,8,1,0,8,8.0,3,15,0,21,7.0
5226452,Brenton Toles III,Hampton,CAA,2025,3,2,1,0.667,0,19,6.3,,,,,,1,1,0,1,1.0
5226453,Brennan Ridley,Bowling Green,Mid-American,2025,,,,,,,,87,4,1,110,27.5,,,,,
5226455,Khaioz Watford,Hampton,CAA,2025,,,,,,,,25,4,1,58,14.5,,,,,
5226479,Marcus Brown,Valparaiso,Pioneer,2025,3,0,0,0.000,0,0,0.0,,,,,,17,20,0,63,3.7
5226480,Amir Simmons,Valparaiso,Pioneer,2025,,,,,,,,63,3,0,90,30.0,22,16,0,79,3.6
5226481,Noah Long,Valparaiso,Pioneer,2025,,,,,,,,34,6,1,68,11.3,61,31,2,310,5.1
5226483,Ryan Ricketti,Valparaiso,Pioneer,2025,,,,,,,,55,44,3,457,10.4,1,1,0,1,1.0
5226491,Colin Hayes,Valparaiso,Pioneer,2025,,,,,,,,25,11,2,128,11.6,,,,,
5226494,Brayden Welch,Valparaiso,Pioneer,2025,,,,,,,,25,2,1,43,21.5,,,,,
5226511,Gary Givens III,Northern Illinois,Mid-American,2025,,,,,,,,31,12,1,145,12.1,,,,,
5226513,Jack Elgin,Valparaiso,Pioneer,2025,,,,,,,,2,1,0,2,2.0,,,,,
5226550,Khristian Lando,Jacksonville State,Conference USA,2025,,,,,,,,16,3,0,29,9.7,51,17,1,201,3.9
5226551,Jalen Likely,Jacksonville State,Conference USA,2025,,,,,,,,7,3,0,6,2.0,7,34,0,52,7.4
5226568,Jawaun Campbell,Jacksonville State,Conference USA,2025,,,,,,,,,,,,,1,0,0,0,0.0
5226582,Ty Moore,Northwestern State,Southland,2025,,,,,,,,56,12,4,232,19.3,1,6,0,6,6.0
5226584,Camryn Davis,Northwestern State,Southland,2025,,,,,,,,24,17,2,162,9.5,3,27,0,22,7.3
5226585,Abram Johnston,Northwestern State,Southland,2025,213,116,9,0.545,7,1121,5.3,,,,,,119,29,4,299,2.5
5226587,Zay Davis,Northwestern State,Southland,2025,,,,,,,,13,3,0,17,5.7,12,9,0,36,3.0
5226589,Jackson King,Northwestern State,Southland,2025,,,,,,,,18,1,0,18,18.0,,,,,
5226590,Jeremiah James,Northwestern State,Southland,2025,,,,,,,,40,8,0,114,14.3,48,44,0,187,3.9
5226592,Ian Vigo,Northwestern State,Southland,2025,,,,,,,,,,,,,2,3,0,6,3.0
5226593,Ben Buisson,Northwestern State,Southland,2025,,,,,,,,44,5,1,63,12.6,,,,,
5226604,Ryan Tyler,Northwestern State,Southland,2025,,,,,,,,,,,,,3,5,1,6,2.0
5226617,Ralee Jackson,Northwestern State,Southland,2025,,,,,,,,0,0,0,-5,0,,,,,
5226624,Matt Gower,Northwestern State,Southland,2025,,,,,,,,6,3,0,8,2.7,,,,,
5226630,Ty'ee Stephens,Maine,CAA,2025,,,,,,,,68,8,1,148,18.5,,,,,
5226635,Rashawn Marshall,Maine,CAA,2025,,,,,,,,18,21,1,147,7.0,127,61,4,669,5.3
5226662,Jagger Matera,Monmouth,CAA,2025,1,0,0,0.000,0,0,0.0,,,,,,,,,,
5226663,Frankie Weaver,Monmouth,CAA,2025,154,101,3,0.656,14,1331,8.6,,,,,,12,4,0,-102,-8.5
5226671,Elijah Jennings,Monmouth,CAA,2025,,,,,,,,16,7,0,59,8.4,70,32,6,320,4.6
5226685,Greg Randall,Monmouth,CAA,2025,,,,,,,,,,,,,6,44,0,65,10.8
5226711,Cohen Cook,New Hampshire,CAA,2025,,,,,,,,13,1,0,13,13.0,,,,,
5226720,DaMontre Patterson,New Hampshire,CAA,2025,,,,,,,,15,3,0,39,13.0,,,,,
5226721,Logan Perez,New Hampshire,CAA,2025,,,,,,,,15,4,0,24,6.0,2,6,0,8,4.0
5226745,Jack Hunter,SE Louisiana,Southland,2025,,,,,,,,,,,,,1,22,1,22,22.0
5226747,Evan Aubrey,SE Louisiana,Southland,2025,,,,,,,,19,1,0,19,19.0,,,,,
5226756,Dkhai Joseph,SE Louisiana,Southland,2025,,,,,,,,32,8,1,108,13.5,,,,,
5226758,Adyn Wilkinson,SE Louisiana,Southland,2025,,,,,,,,29,10,1,81,8.1,1,21,0,21,21.0
5226765,Michael Carlock-Williams,North Carolina A&T,CAA,2025,,,,,,,,31,9,3,141,15.7,,,,,
5226768,Braxton Thomas,North Carolina A&T,CAA,2025,13,11,0,0.846,1,169,13.0,,,,,,13,10,1,-1,-0.1
5226779,DJ Page,North Carolina A&T,CAA,2025,,,,,,,,,,,,,1,0,0,-20,-20.0
5226788,Rory Jones-Amen-Hetep,North Carolina A&T,CAA,2025,,,,,,,,4,1,0,4,4.0,,,,,
5226812,Alex McClelland,Rhode Island,CAA,2025,,,,,,,,,,,,,5,14,1,24,4.8
5226827,Andrew King,Richmond,Patriot,2025,,,,,,,,25,23,3,175,7.6,29,83,1,178,6.1
5226828,Isaiah Dawson,Richmond,Patriot,2025,,,,,,,,67,42,4,575,13.7,11,42,1,136,12.4
5226845,Andreas Hill,Richmond,Patriot,2025,,,,,,,,75,18,3,314,17.4,1,0,0,-12,-12.0
5226850,DJ Gordon,Harvard,Ivy,2025,,,,,,,,22,5,0,46,9.2,83,28,5,448,5.4
5226855,Brady Blackburn,Harvard,Ivy,2025,,,,,,,,74,37,5,705,19.1,1,0,0,-5,-5.0
5226859,Maddux Reid,Harvard,Ivy,2025,,,,,,,,,,,,,34,17,2,90,2.6
5226865,Ben Alvarez,Harvard,Ivy,2025,,,,,,,,2,1,1,2,2.0,,,,,
5226896,Quinn Boyd,Stony Brook,CAA,2025,223,147,0,0.659,8,1457,6.5,,,,,,47,22,2,57,1.2
5226917,Winston Watkins,Towson,CAA,2025,4,3,0,0.750,3,103,25.8,,,,,,29,18,2,152,5.2
5226922,Kahseim Phillips,Towson,CAA,2025,,,,,,,,14,4,0,40,10.0,31,7,2,72,2.3
5226940,Cleveland Charlton,Towson,CAA,2025,,,,,,,,45,12,2,209,17.4,,,,,
5226947,Lucas Kopecky,Villanova,CAA,2025,,,,,,,,56,33,4,551,16.7,,,,,
5226949,David Avit,Villanova,CAA,2025,,,,,,,,15,9,0,84,9.3,125,34,8,687,5.5
5226951,Omari Bursey,Villanova,CAA,2025,,,,,,,,4,1,0,4,4.0,,,,,
5226956,Ralee Stephens,Villanova,CAA,2025,,,,,,,,15,3,0,25,8.3,,,,,
5226961,Chris Colby,Villanova,CAA,2025,,,,,,,,65,20,1,357,17.9,,,,,
5226962,Brandon Binkowski,Villanova,CAA,2025,,,,,,,,15,11,2,99,9.0,,,,,
5226963,Ryan Kennedy,Villanova,CAA,2025,,,,,,,,0,1,0,-1,-1.0,,,,,
5226964,Sean Brodnik,Villanova,CAA,2025,,,,,,,,4,1,1,4,4.0,,,,,
5226987,Derrick Gurley,William & Mary,CAA,2025,1,0,0,0.000,0,0,0.0,2,1,0,2,2.0,,,,,
5226989,Joey Tomasso,William & Mary,CAA,2025,1,0,0,0.000,0,0,0.0,7,1,0,7,7.0,1,5,1,5,5.0
5226993,Jor'dyn Whitelaw,William & Mary,CAA,2025,,,,,,,,,,,,,14,8,0,44,3.1
5226995,Jack Zamer,William & Mary,CAA,2025,,,,,,,,,,,,,1,12,0,12,12.0
5226996,Josh Miller,William & Mary,CAA,2025,,,,,,,,6,2,0,8,4.0,18,6,1,48,2.7
5227005,Armon Wright,William & Mary,CAA,2025,,,,,,,,75,24,2,257,10.7,6,24,0,40,6.7
5227007,Haven Mullins,William & Mary,CAA,2025,,,,,,,,13,4,1,32,8.0,,,,,
5227009,Carter Boyd,William & Mary,CAA,2025,,,,,,,,,,,,,1,0,0,-11,-11.0
5227018,Mekhi Nelson,Nebraska,Big Ten,2025,,,,,,,,41,8,0,102,12.8,27,38,2,147,5.4
5227027,Zach Bonini,Central Connecticut,NEC,2025,,,,,,,,,,,,,1,16,0,16,16.0
5227034,Maika Heck,Central Connecticut,NEC,2025,,,,,,,,19,6,0,55,9.2,,,,,
5227043,Sean O'Brien,Central Connecticut,NEC,2025,,,,,,,,19,15,1,99,6.6,,,,,
5227056,James Hayes,Alabama State,SWAC,2025,6,5,0,0.833,0,41,6.8,,,,,,,,,,
5227057,Jalen Jones,Alabama State,SWAC,2025,,,,,,,,87,47,9,1119,23.8,1,10,0,10,10.0
5227061,Jamarie Hostzclaw,Alabama State,SWAC,2025,,,,,,,,24,10,1,97,9.7,117,44,5,615,5.3
5227064,Ashton Ashford,Alabama State,SWAC,2025,,,,,,,,1,1,0,1,1.0,12,10,0,54,4.5
5227083,Derick Harden,Alabama State,SWAC,2025,,,,,,,,20,7,2,84,12.0,,,,,
5227106,Logan Kushner,Duquesne,NEC,2025,20,15,0,0.750,1,145,7.3,,,,,,18,11,2,57,3.2
5227107,Khiryn Boyd,Duquesne,NEC,2025,,,,,,,,42,12,0,165,13.8,,,,,
5227111,Dazhaun Hopkins,Duquesne,NEC,2025,,,,,,,,7,1,0,7,7.0,46,30,2,201,4.4
5227114,Tyler Glover,Duquesne,NEC,2025,,,,,,,,,,,,,6,5,0,12,2.0
5227133,Mikal Davis,Delaware State,MEAC,2025,,,,,,,,,,,,,1,0,0,-2,-2.0
5227139,Erik Sanchez,St. Francis (PA),NEC,2025,,,,,,,,4,1,0,4,4.0,,,,,
5227146,Julius Dominguez,Delaware State,MEAC,2025,,,,,,,,15,1,0,15,15.0,,,,,
5227157,Amori Francis,Delaware State,MEAC,2025,,,,,,,,,,,,,0,0,1,0,0
5227159,Damar Jackson,Delaware State,MEAC,2025,,,,,,,,25,3,0,44,14.7,,,,,
5227166,Jake Wolfe,Robert Morris,NEC,2025,32,14,0,0.438,1,183,5.7,,,,,,23,20,0,119,5.2
5227169,Keino Fitzpatrick II,Robert Morris,NEC,2025,,,,,,,,,,,,,1,0,0,0,0.0
5227175,Taj Dyches,Robert Morris,NEC,2025,,,,,,,,12,1,0,12,12.0,6,5,0,6,1.0
5227201,Max Lopacienski,Robert Morris,NEC,2025,,,,,,,,34,3,0,52,17.3,,,,,
5227208,Travis Kerney,Howard,MEAC,2025,,,,,,,,19,12,0,106,8.8,75,38,3,299,4.0
5227209,Anthony Reagan Jr.,Howard,MEAC,2025,,,,,,,,32,20,1,166,8.3,105,56,7,549,5.2
5227210,Billy Roberson II,Howard,MEAC,2025,,,,,,,,11,6,0,41,6.8,41,23,1,188,4.6
5227212,Ja'Quavion Smith,Howard,MEAC,2025,,,,,,,,11,1,0,11,11.0,,,,,
5227215,Rufus Ferguson II,Howard,MEAC,2025,,,,,,,,,,,,,1,5,0,5,5.0
5227218,Kevin Smitson,Howard,MEAC,2025,,,,,,,,0,1,0,-3,-3.0,,,,,
5227231,Ke'Untae Mosley,Howard,MEAC,2025,,,,,,,,21,12,2,120,10.0,,,,,
5227245,Bobby Cameron,St. Francis (PA),NEC,2025,,,,,,,,11,3,0,30,10.0,,,,,
5227257,Markell Holman,Western Illinois,Big South-OVC,2025,,,,,,,,27,39,2,314,8.1,227,32,7,999,4.4
5227265,Brandon London,St. Francis (PA),NEC,2025,,,,,,,,50,3,2,52,17.3,,,,,
5227283,Payton Wehner,St. Francis (PA),NEC,2025,,,,,,,,11,5,1,39,7.8,1,0,0,-1,-1.0
5227288,Jacobie Dilworth,Florida A&M,SWAC,2025,,,,,,,,2,1,0,2,2.0,,,,,
5227298,Jordan Edwards,Florida A&M,SWAC,2025,,,,,,,,65,16,2,273,17.1,,,,,
5227299,Armand Burris,Florida A&M,SWAC,2025,,,,,,,,25,13,0,153,11.8,,,,,
5227302,Jack Stevens,Wagner,NEC,2025,115,71,8,0.617,2,511,4.4,,,,,,76,38,3,223,2.9
5227306,Matt Morad,Wagner,NEC,2025,,,,,,,,14,12,0,62,5.2,65,30,0,284,4.4
5227318,Johans Bars,Wagner,NEC,2025,,,,,,,,24,5,1,52,10.4,,,,,
5227333,Terrell Crawley,Wagner,NEC,2025,,,,,,,,,,,,,2,3,0,4,2.0
5227354,Andrew Ransome,Wagner,NEC,2025,,,,,,,,,,,,,2,3,0,2,1.0
5227366,Colin Seibert,Youngstown State,MVFC,2025,1,0,0,0.000,0,0,0.0,,,,,,,,,,
5227371,Antuan Gardner,Youngstown State,MVFC,2025,,,,,,,,,,,,,9,10,1,39,4.3
5227380,Micheal Manna,Youngstown State,MVFC,2025,,,,,,,,11,5,0,30,6.0,,,,,
5227395,Matt D'Avino,Lehigh,Patriot,2025,,,,,,,,45,18,2,257,14.3,,,,,
5227396,Ja'Naylon Dupree,Jackson State,SWAC,2025,,,,,,,,51,31,6,510,16.5,6,22,1,54,9.0
5227400,Travis Terrell Jr.,Jackson State,SWAC,2025,,,,,,,,12,5,0,39,7.8,102,71,5,607,6.0
5227403,Nate Blount IV,Jackson State,SWAC,2025,,,,,,,,,,,,,10,6,0,31,3.1
5227425,Parker Stofa,Jackson State,SWAC,2025,15,8,1,0.533,0,93,6.2,,,,,,6,20,1,16,2.7
5227430,Kobe Muasau,Morgan State,MEAC,2025,117,76,3,0.650,4,824,7.0,,,,,,31,30,0,76,2.5
5227447,Ferdinand Nyivih,Morgan State,MEAC,2025,,,,,,,,24,3,0,41,13.7,,,,,
5227460,Kai Honda,Princeton,Ivy,2025,,,,,,,,21,7,0,69,9.9,46,34,1,214,4.7
5227462,Landon DePrima,Princeton,Ivy,2025,,,,,,,,8,1,0,8,8.0,1,6,0,6,6.0
5227464,Christian Lynch,Princeton,Ivy,2025,,,,,,,,9,4,0,17,4.3,23,13,1,91,4.0
5227484,Kiron Benjamin,Norfolk State,MEAC,2025,,,,,,,,3,1,0,3,3.0,7,18,0,31,4.4
5227495,Parker Lancaster,Norfolk State,MEAC,2025,7,3,0,0.429,1,88,12.6,,,,,,5,6,0,-29,-5.8
5227504,Kam'ryn Thomas,Norfolk State,MEAC,2025,,,,,,,,53,50,5,774,15.5,2,7,0,4,2.0
5227510,Cuttler Adams,Yale,Ivy,2025,,,,,,,,,,,,,1,7,0,7,7.0
5227521,Kyle Maltarich,Yale,Ivy,2025,,,,,,,,6,3,0,15,5.0,,,,,
5227534,Brady Wagner,Yale,Ivy,2025,,,,,,,,10,7,0,46,6.6,,,,,
5227539,Cameron Barmore,Arizona,Big 12,2025,,,,,,,,24,19,2,189,9.9,,,,,
5227542,Ayron Rodriguez,Mercyhurst,NEC,2025,,,,,,,,21,15,1,86,5.7,74,18,1,280,3.8
5227546,Chaz Davis,Mercyhurst,NEC,2025,,,,,,,,6,1,0,6,6.0,,,,,
5227548,Joe Kerbacher,Mercyhurst,NEC,2025,1,0,0,0.000,0,0,0.0,39,24,1,233,9.7,1,0,0,-2,-2.0
5227550,Rylan Davison,Mercyhurst,NEC,2025,,,,,,,,37,46,1,582,12.7,,,,,
5227557,Alex Gevaudan,Mercyhurst,NEC,2025,38,23,1,0.605,1,246,6.5,,,,,,,,,,
5227561,Braydon Black,Mercyhurst,NEC,2025,1,0,0,0.000,0,0,0.0,22,13,0,137,10.5,,,,,
5227565,Adam Urena,Mercyhurst,NEC,2025,369,237,10,0.642,13,2401,6.5,,,,,,44,10,0,-105,-2.4
5227566,Colin Melendez,Mercyhurst,NEC,2025,,,,,,,,27,10,0,55,5.5,,,,,
5227569,Anthony Budak,Mercyhurst,NEC,2025,,,,,,,,,,,,,1,0,0,-5,-5.0
5227580,Mark Hawkins Jr.,Mercyhurst,NEC,2025,,,,,,,,,,,,,1,3,0,3,3.0
5227582,Jonathan Askew,Mercyhurst,NEC,2025,,,,,,,,5,2,0,9,4.5,18,18,0,87,4.8
5227583,Alejandro Vazquez,Mercyhurst,NEC,2025,,,,,,,,25,2,0,26,13.0,,,,,
5227589,Ryan Miller,Mercyhurst,NEC,2025,,,,,,,,,,,,,2,8,0,12,6.0
5227591,Ethen Knox,Mercyhurst,NEC,2025,,,,,,,,,,,,,3,2,0,1,0.3
5227600,Aidan Lin,Mercyhurst,NEC,2025,,,,,,,,29,1,0,29,29.0,,,,,
5227631,Ashton Wilson,Mercyhurst,NEC,2025,,,,,,,,14,11,1,91,8.3,,,,,
5227632,Shakile Ferguson,Mercyhurst,NEC,2025,,,,,,,,22,1,0,22,22.0,,,,,
5227633,Evan Van Dyke,Mercyhurst,NEC,2025,,,,,,,,24,41,3,396,9.7,4,19,0,33,8.3
5227681,Cameron Peters,Prairie View A&M,SWAC,2025,289,184,7,0.637,21,2779,9.6,24,1,0,24,24.0,99,30,5,500,5.1
5227684,Jeremiah Ratliff,Prairie View A&M,SWAC,2025,,,,,,,,30,1,0,30,30.0,,,,,
5227685,Rodny Ojo,Prairie View A&M,SWAC,2025,1,1,0,1.000,0,25,25.0,37,29,2,362,12.5,3,6,0,4,1.3
5227686,Chase Bingmon,Prairie View A&M,SWAC,2025,,,,,,,,38,18,0,130,7.2,154,74,8,840,5.5
5227697,Ethan John,Prairie View A&M,SWAC,2025,,,,,,,,66,12,1,230,19.2,,,,,
5227699,Beckham Pellant,Illinois State,MVFC,2025,22,11,1,0.500,1,83,3.8,,,,,,5,4,0,-1,-0.2
5227704,Dylan Lord,Illinois State,MVFC,2025,,,,,,,,47,74,5,734,9.9,3,9,0,16,5.3
5227723,Luke Mailander,Illinois State,MVFC,2025,,,,,,,,46,44,4,671,15.3,,,,,
5227733,Brock Riddle,Indiana State,MVFC,2025,59,27,3,0.458,3,320,5.4,,,,,,13,14,1,0,0.0
5227734,Torey French,Indiana State,MVFC,2025,,,,,,,,72,11,1,165,15.0,4,13,0,18,4.5
5227742,Nick Osho,Indiana State,MVFC,2025,,,,,,,,11,10,1,42,4.2,119,79,8,686,5.8
5227762,Athean Renfro,Texas Southern,SWAC,2025,,,,,,,,15,1,0,15,15.0,125,60,6,730,5.8
5227765,Braylon Harmon,Tennessee,SEC,2025,,,,,,,,41,1,0,41,41.0,,,,,
5227770,Brendon McQueen,Missouri State,Conference USA,2025,,,,,,,,5,1,0,5,5.0,,,,,
5227774,Stewart McDonald,Missouri State,Conference USA,2025,,,,,,,,,,,,,1,11,0,11,11.0
5227784,Jeron Askren,Missouri State,Conference USA,2025,,,,,,,,75,19,5,224,11.8,,,,,
5227785,Tae Marrero Jr.,Southern Illinois,MVFC,2025,,,,,,,,13,14,1,96,6.9,,,,,
5227786,Jake Curry,Southern Illinois,MVFC,2025,9,3,0,0.333,0,24,2.7,,,,,,3,7,0,13,4.3
5227788,ET Harris,Southern Illinois,MVFC,2025,,,,,,,,,,,,,3,6,0,-1,-0.3
5227793,Jerrian Parker,Sam Houston,Conference USA,2025,,,,,,,,5,2,0,6,3.0,5,2,0,0,0.0
5227809,Sammy Dresie,South Dakota State,MVFC,2025,,,,,,,,29,5,0,61,12.2,,,,,
5227810,Jack Henry,South Dakota State,MVFC,2025,107,59,6,0.551,5,605,5.7,,,,,,45,16,1,82,1.8
5227812,Jack Smith,South Dakota State,MVFC,2025,,,,,,,,46,33,4,396,12.0,4,75,1,91,22.8
5227814,Maxwell Woods,Washington State,Pac-12,2025,,,,,,,,33,18,0,148,8.2,36,48,0,225,6.3
5227818,Brayden Delahoyde,South Dakota State,MVFC,2025,,,,,,,,25,2,2,29,14.5,,,,,
5227819,Max Pelham,South Dakota State,MVFC,2025,1,1,0,1.000,0,28,28.0,,,,,,2,0,0,-31,-15.5
5227824,Beau Baker,Washington State,Pac-12,2025,,,,,,,,12,1,1,12,12.0,,,,,
5227838,Lofton O'Groske,South Dakota State,MVFC,2025,,,,,,,,44,26,3,361,13.9,5,24,1,51,10.2
5227845,LJ Green,Murray State,MVFC,2025,,,,,,,,7,1,0,7,7.0,,,,,
5227849,Jordan Washington,Murray State,MVFC,2025,,,,,,,,60,22,1,202,9.2,86,24,3,340,4.0
5227852,Cam Young,Central Arkansas,UAC,2025,,,,,,,,10,3,0,16,5.3,33,13,2,136,4.1
5227853,Tyrell Campbell,Murray State,MVFC,2025,,,,,,,,32,4,0,43,10.8,26,24,1,135,5.2
5227854,Baxter Wright,Murray State,MVFC,2025,92,69,1,0.750,2,577,6.3,,,,,,55,11,2,150,2.7
5227869,Huseyin Simsir,Murray State,MVFC,2025,,,,,,,,12,5,0,41,8.2,,,,,
5227872,Deng Deng,North Dakota,MVFC,2025,,,,,,,,35,16,5,208,13.0,,,,,
5227874,Jack Sulik,North Dakota,MVFC,2025,3,2,0,0.667,0,10,3.3,,,,,,1,4,0,4,4.0
5227877,Keegan Ryan,North Dakota,MVFC,2025,,,,,,,,10,1,0,10,10.0,,,,,
5227880,Colton Brunell,North Dakota,MVFC,2025,,,,,,,,,,,,,53,21,2,209,3.9
5227898,Tray Kuntz,North Dakota,MVFC,2025,,,,,,,,4,2,1,4,2.0,,,,,
5227899,Aidan Behymer,North Dakota,MVFC,2025,,,,,,,,5,2,0,9,4.5,,,,,
5227917,Kolton Nero,Alabama A&M,SWAC,2025,,,,,,,,5,3,0,9,3.0,44,44,4,247,5.6
5227933,Donovan Price,Alabama A&M,SWAC,2025,,,,,,,,25,6,0,61,10.2,,,,,
5227941,Keyondray Jones-Logan,South Dakota,MVFC,2025,,,,,,,,,,,,,2,4,0,2,1.0
5227962,Mason Cowgill,South Dakota,MVFC,2025,,,,,,,,3,1,0,3,3.0,,,,,
5227964,Caden Frey,South Dakota,MVFC,2025,,,,,,,,8,4,0,22,5.5,,,,,
5227992,Briggs Hughston,Northern Iowa,MVFC,2025,,,,,,,,23,7,2,75,10.7,,,,,
5227998,Roman Mothershed,Troy,Sun Belt,2025,,,,,,,,29,25,1,259,10.4,,,,,
5228002,Jackson Williams,North Dakota State,MVFC,2025,,,,,,,,51,17,1,293,17.2,4,9,1,16,4.0
5228004,Isiah St. Romain,North Dakota State,MVFC,2025,,,,,,,,15,4,1,50,12.5,,,,,
5228015,Reis Kessel,North Dakota State,MVFC,2025,,,,,,,,50,15,1,335,22.3,,,,,
5228026,Logan Conklin,North Dakota State,MVFC,2025,,,,,,,,16,5,0,49,9.8,,,,,
5228027,Jett Zabel,North Dakota State,MVFC,2025,,,,,,,,4,1,0,4,4.0,,,,,
5228031,Fidel Tau Pitts,Cal Poly,Big Sky,2025,,,,,,,,57,15,5,285,19.0,,,,,
5228036,Kyle Miller,UCLA,Big Ten,2025,,,,,,,,5,2,0,9,4.5,,,,,
5228130,Ramarian Tillman,Texas A&M,SEC,2025,,,,,,,,,,,,,1,2,0,2,2.0
5228149,Mackenzie Alleyne,Washington State,Pac-12,2025,,,,,,,,41,4,1,72,18.0,,,,,
5228607,Demon June,North Carolina,ACC,2025,,,,,,,,72,17,1,159,9.4,84,50,2,464,5.5
5228645,Jake Davids,Charlotte,American Athletic,2025,,,,,,,,,,,,,14,8,0,47,3.4
5228646,Rod Gainey Jr.,Charlotte,American Athletic,2025,,,,,,,,14,16,0,44,2.8,74,37,1,260,3.5
5228759,Dillon Galloway,App State,Sun Belt,2025,,,,,,,,9,2,0,14,7.0,,,,,
5228760,Derrick Eley,Charlotte,American Athletic,2025,,,,,,,,32,5,1,97,19.4,2,12,0,16,8.0
5228761,Max Rodarte,Ohio,Mid-American,2025,,,,,,,,24,7,0,86,12.3,,,,,
5228762,Nick Poulos,Ohio,Mid-American,2025,8,4,0,0.500,0,19,2.4,,,,,,8,19,0,34,4.3
5228804,James Laubstein,New Mexico,Mountain West,2025,17,11,0,0.647,2,96,5.6,13,1,0,13,13.0,59,58,1,363,6.2
5228817,Clayton Wayland,Stephen F. Austin,Southland,2025,,,,,,,,58,39,5,523,13.4,,,,,
5228882,Ryder Treadway,Toledo,Mid-American,2025,,,,,,,,24,13,3,176,13.5,,,,,
5228911,Sir Autry,San José State,Mountain West,2025,,,,,,,,6,2,0,8,4.0,,,,,
5229124,Ravian Larry,Utah State,Mountain West,2025,,,,,,,,,,,,,1,2,0,2,2.0
5229222,Jojo Uga,UAlbany,CAA,2025,,,,,,,,16,2,0,26,13.0,91,43,2,297,3.3
5229237,Tavahri Groves,UAlbany,CAA,2025,,,,,,,,75,17,2,242,14.2,,,,,
5229247,Noah Trigueros,Dartmouth,Ivy,2025,2,1,0,0.500,0,4,2.0,,,,,,,,,,
5229248,Ky'Dric Fisher,Dartmouth,Ivy,2025,,,,,,,,50,21,2,341,16.2,,,,,
5229250,Dylan Elder,Dartmouth,Ivy,2025,,,,,,,,9,1,0,9,9.0,9,16,0,48,5.3
5229265,Luke Rives,Dartmouth,Ivy,2025,,,,,,,,34,14,1,177,12.6,,,,,
5229266,James Elliott,Dartmouth,Ivy,2025,,,,,,,,13,4,0,31,7.8,,,,,
5229332,Grant Hollier,Georgia State,Sun Belt,2025,,,,,,,,52,21,4,288,13.7,,,,,
5229448,David Parsons,Morehead State,Pioneer,2025,9,5,0,0.556,1,75,8.3,,,,,,1,0,0,-5,-5.0
5229456,Garnett Davis III,Morehead State,Pioneer,2025,,,,,,,,,,,,,10,8,1,25,2.5
5229475,Anthony Ice,Morehead State,Pioneer,2025,,,,,,,,44,27,2,337,12.5,,,,,
5229489,JaVonnie Gibson,Oklahoma,SEC,2025,1,1,0,1.000,0,8,8.0,38,18,1,199,11.1,,,,,
5229490,Landon Holcomb,Arkansas-Pine Bluff,SWAC,2025,,,,,,,,,,,,,1,0,0,0,0.0
5229494,DJ Stevenson,Arkansas-Pine Bluff,SWAC,2025,20,11,1,0.550,1,109,5.5,,,,,,17,10,1,58,3.4
5229495,D'Avery Robinson,Arkansas-Pine Bluff,SWAC,2025,,,,,,,,41,44,2,457,10.4,1,0,0,-5,-5.0
5229543,JJ Cowan,Campbell,CAA,2025,,,,,,,,14,9,1,53,5.9,101,64,8,544,5.4
5229557,Randall King,Campbell,CAA,2025,,,,,,,,77,59,5,689,11.7,1,0,0,-2,-2.0
5229571,Tarell Short Jr.,Bethune-Cookman,SWAC,2025,,,,,,,,13,4,0,32,8.0,1,0,0,-6,-6.0
5229572,Dennis Palmer,Troy,Sun Belt,2025,,,,,,,,,,,,,10,11,0,40,4.0
5229589,Javon Ross,Bethune-Cookman,SWAC,2025,,,,,,,,79,50,3,603,12.1,6,41,1,76,12.7
5229597,Nathan Rembert,Jackson State,SWAC,2025,2,0,0,0.000,0,0,0.0,82,45,7,774,17.2,7,40,1,70,10.0
5229598,Mekhi Norris,Mississippi Valley State,SWAC,2025,2,2,0,1.000,1,77,38.5,73,31,1,516,16.6,2,9,0,14,7.0
5229603,Joe Williams,Mississippi Valley State,SWAC,2025,,,,,,,,64,2,0,63,31.5,21,9,0,49,2.3
5229613,Marko Jovisic,Mississippi Valley State,SWAC,2025,,,,,,,,,,,,,1,0,0,0,0.0
5229944,Chauncey Sylvester,Weber State,Big Sky,2025,,,,,,,,23,8,1,88,11.0,60,43,4,305,5.1
5229947,Davion Godley,Weber State,Big Sky,2025,,,,,,,,26,9,0,39,4.3,94,52,4,512,5.4
5229954,Khalil Stolden,Weber State,Big Sky,2025,,,,,,,,3,1,0,3,3.0,1,0,0,-1,-1.0
5229955,Oscar Doyle,Boise State,Mountain West,2025,2,2,0,1.000,1,21,10.5,,,,,,,,,,
5229961,Mason York,Weber State,Big Sky,2025,,,,,,,,10,5,1,24,4.8,,,,,
5229962,Noah Kjar,Weber State,Big Sky,2025,,,,,,,,33,3,1,48,16.0,1,6,0,6,6.0
5229965,Rishi Daniels,Weber State,Big Sky,2025,,,,,,,,0,1,0,-3,-3.0,,,,,
5229966,Kash Gates,Weber State,Big Sky,2025,,,,,,,,6,1,0,6,6.0,,,,,
5229979,Brody Judd,Northern Colorado,Big Sky,2025,,,,,,,,27,2,0,43,21.5,,,,,
5229987,Mathias Price,Northern Colorado,Big Sky,2025,,,,,,,,33,16,1,133,8.3,110,28,3,483,4.4
5230035,Evan Brooks,Long Island University,NEC,2025,,,,,,,,24,15,0,145,9.7,1,0,0,-10,-10.0
5230037,Jaiden Dozier,Long Island University,NEC,2025,,,,,,,,34,14,1,144,10.3,1,0,0,-2,-2.0
5230038,Cory Nichols,Long Island University,NEC,2025,,,,,,,,27,16,1,151,9.4,4,8,0,18,4.5
5230050,Braylon Knauth,The Citadel,Southern,2025,,,,,,,,61,16,2,240,15.0,1,3,0,3,3.0
5230060,Sebastien Boyle,The Citadel,Southern,2025,,,,,,,,12,3,0,28,9.3,51,72,3,218,4.3
5230073,Cobey Thompkins,The Citadel,Southern,2025,56,35,1,0.625,4,503,9.0,,,,,,94,38,1,501,5.3
5230077,Peyton Betts,The Citadel,Southern,2025,,,,,,,,,,,,,2,3,0,6,3.0
5230090,Rhyder Poppell,The Citadel,Southern,2025,,,,,,,,,,,,,3,5,0,9,3.0
5230091,Cooper Tankersley,The Citadel,Southern,2025,4,3,0,0.750,0,16,4.0,,,,,,6,5,0,6,1.0
5230097,Tyson Schilling,St. Thomas (MN),Pioneer,2025,,,,,,,,64,13,1,276,21.2,,,,,
5230098,Ron Peace,East Texas A&M,Southland,2025,170,93,5,0.547,6,1374,8.1,,,,,,39,20,3,38,1.0
5230099,Will Madonna,East Texas A&M,Southland,2025,21,10,2,0.476,1,145,6.9,,,,,,3,3,0,3,1.0
5230100,Nick Johnson,East Texas A&M,Southland,2025,,,,,,,,,,,,,1,5,0,5,5.0
5230101,Dayan Bilbo,East Texas A&M,Southland,2025,,,,,,,,34,12,0,196,16.3,1,9,0,9,9.0
5230105,Tyler Daniels,East Texas A&M,Southland,2025,,,,,,,,81,12,2,248,20.7,,,,,
5230106,JaiSean McMillian,East Texas A&M,Southland,2025,,,,,,,,7,7,0,9,1.3,38,32,1,176,4.6
5230112,Major McBride,East Texas A&M,Southland,2025,,,,,,,,,,,,,8,22,0,36,4.5
5230140,Paul Odidi,East Texas A&M,Southland,2025,,,,,,,,37,39,3,422,10.8,,,,,
5230170,Jamal Jordan,Grambling,SWAC,2025,,,,,,,,,,,,,1,6,0,6,6.0
5230174,Tyrone Wilson,Grambling,SWAC,2025,,,,,,,,14,1,0,14,14.0,2,3,0,2,1.0
5230175,Jordan Bride,Grambling,SWAC,2025,,,,,,,,30,19,1,186,9.8,1,7,0,7,7.0
5230176,Keith Jones,Grambling,SWAC,2025,,,,,,,,48,31,4,438,14.1,,,,,
5230177,Andre Crews,Grambling,SWAC,2025,,,,,,,,15,2,0,20,10.0,99,28,2,462,4.7
5230180,Tony Phillips,Grambling,SWAC,2025,,,,,,,,1,2,0,2,1.0,29,18,1,93,3.2
5230183,Tyson George,Grambling,SWAC,2025,,,,,,,,55,31,2,419,13.5,,,,,
5230195,Karson Siqueiros-Lasky,Pennsylvania,Ivy,2025,2,2,0,1.000,0,14,7.0,,,,,,,,,,
5230200,Ronan Johannson,Pennsylvania,Ivy,2025,,,,,,,,12,4,0,39,9.8,,,,,
5230201,Donte West,Pennsylvania,Ivy,2025,,,,,,,,22,8,0,67,8.4,83,75,5,417,5.0
5230219,Jack Donnelly,Pennsylvania,Ivy,2025,,,,,,,,35,5,0,68,13.6,,,,,
5230225,Connor Johns,Pennsylvania,Ivy,2025,,,,,,,,3,2,0,-1,-0.5,,,,,
5230240,Mason Bray,Arizona,Big 12,2025,2,1,0,0.500,0,22,11.0,,,,,,2,6,0,12,6.0
5230294,DJ Singleton,Nebraska,Big Ten,2025,,,,,,,,-4,1,0,-4,-4.0,,,,,
5230757,Andre Brown,Florida International,Conference USA,2025,,,,,,,,6,1,0,6,6.0,,,,,
5230762,Amani Givens,Louisiana Tech,Conference USA,2025,,,,,,,,,,,,,11,18,0,62,5.6
5230777,Xavier Phipps,Texas Southern,SWAC,2025,,,,,,,,24,12,1,93,7.8,,,,,
5230871,Skyler Jackson,Oregon State,Pac-12,2025,,,,,,,,,,,,,1,2,0,2,2.0
5230932,Daryl Barnett Jr.,Toledo,Mid-American,2025,,,,,,,,13,1,0,13,13.0,,,,,
5231037,Isaac Lee,Western Carolina,Southern,2025,54,31,2,0.574,2,279,5.2,,,,,,21,66,1,145,6.9
5231044,Troy Marquez,Old Dominion,Sun Belt,2025,,,,,,,,,,,,,1,8,0,8,8.0
5231053,Max Holtzclaw,Presbyterian,Pioneer,2025,4,1,0,0.250,0,5,1.3,,,,,,4,11,0,22,5.5
5231055,BJ Atkins,Presbyterian,Pioneer,2025,,,,,,,,42,27,1,376,13.9,5,25,0,51,10.2
5231064,Justin Montgomery,Presbyterian,Pioneer,2025,,,,,,,,10,5,0,32,6.4,127,61,7,799,6.3
5231068,Debo Hall,Presbyterian,Pioneer,2025,,,,,,,,,,,,,1,0,0,0,0.0
5231071,Tucker Bolen,Presbyterian,Pioneer,2025,,,,,,,,,,,,,1,2,0,2,2.0
5231087,Chris Vickerson,Presbyterian,Pioneer,2025,,,,,,,,34,2,1,42,21.0,,,,,
5231101,Jonathan Palmer,Tennessee State,Big South-OVC,2025,89,47,6,0.528,1,420,4.7,,,,,,8,12,0,-22,-2.8
5231119,Christian Vann,Gardner-Webb,Big South-OVC,2025,,,,,,,,,,,,,5,15,0,32,6.4
5231153,Raydrian Baltrip,Abilene Christian,UAC,2025,,,,,,,,40,24,2,227,9.5,6,6,0,15,2.5
5231157,Deonte Dean,Abilene Christian,UAC,2025,,,,,,,,,,,,,3,7,0,13,4.3
5231161,Blake Suber,Abilene Christian,UAC,2025,,,,,,,,10,1,0,10,10.0,,,,,
5231166,Grant Jones,Abilene Christian,UAC,2025,,,,,,,,10,2,0,17,8.5,1,1,1,1,1.0
5231174,Vinson Berry,Norfolk State,MEAC,2025,55,28,2,0.509,4,310,5.6,,,,,,11,9,0,-23,-2.1
5231301,Ben Buesgens,St. Thomas (MN),Pioneer,2025,,,,,,,,2,3,0,5,1.7,,,,,
5231332,Jamar Kaho,Alcorn State,SWAC,2025,,,,,,,,50,7,1,109,15.6,,,,,
5231345,Kameron Chisholm,St. Francis (PA),NEC,2025,,,,,,,,14,2,1,15,7.5,,,,,
5231354,Caden High,Stanford,ACC,2025,,,,,,,,34,37,1,414,11.2,2,2,0,-5,-2.5
5231359,Deyandre Ruffin,South Carolina State,MEAC,2025,2,1,0,0.500,0,49,24.5,30,38,2,446,11.7,,,,,
5231360,Nicholas Sowell,South Carolina State,MEAC,2025,,,,,,,,26,21,1,247,11.8,,,,,
5231910,Deablo Mcgee,Alcorn State,SWAC,2025,,,,,,,,24,2,0,29,14.5,,,,,
5232037,Deuce Caldwell II,Samford,Southern,2025,,,,,,,,,,,,,3,3,0,3,1.0
5232040,Dae'Jeaun Dennis,Morgan State,MEAC,2025,,,,,,,,,,,,,17,12,1,99,5.8
5232045,Maxim Copeland,Morgan State,MEAC,2025,,,,,,,,18,1,0,18,18.0,,,,,
5232049,Raymond Moore III,Morgan State,MEAC,2025,141,77,7,0.546,8,878,6.2,,,,,,76,23,5,315,4.1
5232063,Quay Kindell,Charleston Southern,Big South-OVC,2025,,,,,,,,56,13,2,221,17.0,2,8,0,6,3.0
5232065,Nasir Hennigan,Long Island University,NEC,2025,,,,,,,,13,1,0,13,13.0,,,,,
5232131,KJ Cooper,Texas Southern,SWAC,2025,244,151,5,0.619,11,1497,6.1,,,,,,72,23,3,243,3.4
5232141,Jeremy Ramirez,Texas Southern,SWAC,2025,,,,,,,,,,,,,1,0,0,-8,-8.0
5232160,Marcus Willis,Texas Southern,SWAC,2025,,,,,,,,2,1,0,2,2.0,,,,,
5232188,Andrerw Frazier,Grambling,SWAC,2025,,,,,,,,70,8,3,202,25.3,,,,,
5232189,Nicholas Howard,Grambling,SWAC,2025,,,,,,,,20,11,0,110,10.0,,,,,
5232344,Jalen Mayo,Stephen F. Austin,Southland,2025,,,,,,,,16,1,0,16,16.0,,,,,
5233015,Cian McKelvey,USC,Big Ten,2025,,,,,,,,,,,,,1,4,0,4,4.0
5233016,King Miller,USC,Big Ten,2025,,,,,,,,20,16,0,111,6.9,156,75,8,972,6.2
5233877,TJ Holmes,Memphis,American Athletic,2025,,,,,,,,20,3,0,28,9.3,,,,,
5233879,Josh Brown,Mississippi Valley State,SWAC,2025,207,117,3,0.565,6,1323,6.4,,,,,,92,49,2,304,3.3
5234127,Manny Thompson,Alabama State,SWAC,2025,,,,,,,,13,2,2,23,11.5,,,,,
5235634,Mike Franklin,Southern,SWAC,2025,,,,,,,,13,1,0,13,13.0,34,24,0,139,4.1
5235663,Tre Bradford,Grambling,SWAC,2025,,,,,,,,22,12,0,67,5.6,102,76,3,569,5.6
5236210,Jackson Verdugo,Florida International,Conference USA,2025,,,,,,,,21,10,1,101,10.1,,,,,
5236325,Payton Matthews,Rice,American Athletic,2025,,,,,,,,54,4,0,93,23.3,,,,,
5236393,Shane King,Southern Miss,Sun Belt,2025,,,,,,,,22,2,0,24,12.0,,,,,
5237159,Charles Miska,BYU,Big 12,2025,,,,,,,,,,,,,6,5,1,14,2.3
5237683,Joe Harris,Princeton,Ivy,2025,,,,,,,,13,4,0,35,8.8,,,,,
5237763,Andrew McKenzie,Richmond,Patriot,2025,,,,,,,,,,,,,3,4,0,5,1.7
5238020,Brendon Haygood,Missouri,SEC,2025,,,,,,,,,,,,,4,8,0,12,3.0
5238619,Kareem Keye,Alabama State,SWAC,2025,,,,,,,,11,4,0,27,6.8,,,,,
5238868,Liam Szarka,Air Force,Mountain West,2025,120,75,5,0.625,9,1294,10.8,,,,,,190,64,13,922,4.9
5238869,Matt Long,Air Force,Mountain West,2025,,,,,,,,,,,,,5,7,0,23,4.6
5238876,Jonah Dawson,Air Force,Mountain West,2025,,,,,,,,53,12,1,260,21.7,,,,,
5238881,Keshon Singleton,Indiana State,MVFC,2025,,,,,,,,57,25,2,328,13.1,,,,,
5239156,Jack Foley,Wake Forest,ACC,2025,,,,,,,,64,1,1,64,64.0,,,,,
5239157,Quentin Gibson,Colorado,Big 12,2025,,,,,,,,12,15,0,71,4.7,2,7,0,9,4.5
5245415,Davion Kerr,Syracuse,ACC,2025,,,,,,,,9,2,0,13,6.5,5,2,0,-3,-0.6
5246572,Nathan Mcneil,Iowa,Big Ten,2025,,,,,,,,32,5,0,45,9.0,37,24,0,169,4.6
5248199,Noah Gillon,App State,Sun Belt,2025,39,17,2,0.436,0,175,4.5,,,,,,8,7,0,-21,-2.6
5250264,Kaelan Chudzinski,Boston College,ACC,2025,,,,,,,,45,24,4,313,13.0,,,,,
5250860,Braden Lewis,Stephen F. Austin,Southland,2025,,,,,,,,2,1,0,2,2.0,31,27,0,209,6.7
5252197,Jaylen Elder,UAB,American Athletic,2025,,,,,,,,9,1,0,9,9.0,1,4,0,4,4.0
5254150,Javion Kinnard,Colorado State,Mountain West,2025,,,,,,,,79,18,1,228,12.7,12,21,0,56,4.7
5257034,Denver Harper,Austin Peay,UAC,2025,,,,,,,,,,,,,1,6,0,6,6.0
5257046,Grayson Rigdon,Arizona State,Big 12,2025,,,,,,,,8,1,0,8,8.0,2,0,0,-1,-0.5
5257214,Lucas Farrington,Jacksonville State,Conference USA,2025,,,,,,,,11,1,0,11,11.0,5,5,0,14,2.8
5257958,Jackson Mccarter,James Madison,Sun Belt,2025,,,,,,,,,,,,,4,13,0,18,4.5
5257993,Kayleb Barnett,Vanderbilt,SEC,2025,,,,,,,,13,6,1,53,8.8,6,11,0,29,4.8
5258016,Caleb Hawkins,North Texas,American Athletic,2025,,,,,,,,68,32,4,370,11.6,231,51,25,1424,6.2
5258024,Marvis Parrish,Western Kentucky,Conference USA,2025,1,0,0,0.000,0,0,0.0,22,36,1,203,5.6,106,66,1,576,5.4
5258056,Samuel Harris,Wyoming,Mountain West,2025,,,,,,,,52,16,0,184,11.5,100,50,1,552,5.5
5258290,Malachi Fannin-Render,Liberty,Conference USA,2025,,,,,,,,,,,,,2,3,0,6,3.0
5258492,Tyson Deen,Wyoming,Mountain West,2025,,,,,,,,6,3,0,3,1.0,,,,,
5259971,Zach Atkins,Colorado,Big 12,2025,,,,,,,,22,20,0,149,7.5,0,0,1,0,0
5260691,Rodney Bullard Jr.,Michigan State,Big Ten,2025,,,,,,,,71,5,1,119,23.8,2,8,1,6,3.0
5260707,Jaylin Mobley,Bethune-Cookman,SWAC,2025,,,,,,,,4,2,0,3,1.5,,,,,
5260847,Marcellous Hawkins,Virginia Tech,ACC,2025,,,,,,,,19,12,1,74,6.2,118,40,1,749,6.3
5261479,Toa Faavae,New Mexico,Mountain West,2025,,,,,,,,,,,,,1,2,0,2,2.0
5261613,Tylik Hill,Syracuse,ACC,2025,,,,,,,,4,1,0,4,4.0,24,15,0,129,5.4
5262650,Julius Gillick,Fresno State,Mountain West,2025,,,,,,,,,,,,,2,14,0,16,8.0
5263587,Matthew Maxey,Kent State,Mid-American,2025,,,,,,,,10,1,0,10,10.0,,,,,
5263613,Carter Pabst,Washington State,Pac-12,2025,,,,,,,,43,9,1,168,18.7,,,,,
5264245,Xavier Ford,Minnesota,Big Ten,2025,,,,,,,,,,,,,10,8,0,35,3.5
5264658,Jermane Hayes,Southern Miss,Sun Belt,2025,,,,,,,,12,4,0,36,9.0,,,,,
5264764,Elijah Faulkner,Massachusetts,Mid-American,2025,,,,,,,,5,1,0,5,5.0,40,14,0,114,2.9
5265128,Shanard Clower,North Carolina,ACC,2025,,,,,,,,31,12,0,98,8.2,1,12,0,12,12.0
5265178,Dominic Kelley,Nevada,Mountain West,2025,,,,,,,,,,,,,23,10,1,60,2.6
5265325,Jevon Edwards,Coastal Carolina,Sun Belt,2025,,,,,,,,16,7,0,31,4.4,66,43,1,371,5.6
5265446,Clayton Coppock,Kennesaw State,Conference USA,2025,,,,,,,,55,28,5,311,11.1,12,11,1,47,3.9
5265447,Patrick Crayton Jr.,Rice,American Athletic,2025,15,7,2,0.467,1,73,4.9,,,,,,11,5,0,-36,-3.3
5265463,Luke Watkins,Louisiana Tech,Conference USA,2025,1,1,0,1.000,0,-5,-5.0,20,2,0,39,19.5,,,,,
5265479,Gabe Glover,Jacksonville State,Conference USA,2025,1,1,0,1.000,0,18,18.0,11,4,0,28,7.0,,,,,
5265504,Nehemiah Washington,Utah State,Mountain West,2025,,,,,,,,,,,,,1,6,0,6,6.0
5265523,Kelvin Washington,Tulsa,American Athletic,2025,,,,,,,,,,,,,5,9,0,21,4.2
5265528,Jalen Bonds,Ball State,Mid-American,2025,,,,,,,,54,2,0,52,26.0,27,15,1,77,2.9
5278798,Cam Abshire,Oklahoma State,Big 12,2025,,,,,,,,35,10,0,92,9.2,,,,,
5279633,Terrill Davis,Oklahoma State,Big 12,2025,1,1,0,1.000,0,10,10.0,41,29,0,373,12.9,,,,,
5293574,John Gazzaniga,Alabama,SEC,2025,,,,,,,,,,,,,1,1,0,1,1.0
5293685,Godspower Nwawuihe,Army,American Athletic,2025,,,,,,,,,,,,,20,70,2,195,9.8
5293893,KD Hunter-Gibson,Charlotte,American Athletic,2025,,,,,,,,16,2,1,30,15.0,,,,,
5293902,DeJuan Lacy,East Carolina,American Athletic,2025,,,,,,,,,,,,,10,15,1,44,4.4
5293958,Mason Phillips,Tennessee,SEC,2025,,,,,,,,,,,,,2,16,0,18,9.0
5294028,Duke Smith,Auburn,SEC,2025,,,,,,,,,,,,,1,0,0,-5,-5.0
5294063,Tre Richardson,Vanderbilt,SEC,2025,,,,,,,,75,47,7,810,17.2,11,21,0,62,5.6
5294076,Greyson Labiad,Florida State,ACC,2025,,,,,,,,6,1,0,6,6.0,,,,,
5294079,Holden Phillips,Texas Tech,Big 12,2025,1,1,0,1.000,0,8,8.0,,,,,,1,3,0,3,3.0
5294114,Owen Gardner,Virginia,ACC,2025,,,,,,,,,,,,,2,3,0,4,2.0
5294121,Ryken Moon,Washington,Big Ten,2025,,,,,,,,,,,,,5,11,0,22,4.4
5294137,DJ Miller,Kentucky,SEC,2025,,,,,,,,56,13,2,175,13.5,,,,,
5294263,Byrd Ficklin,Utah,Big 12,2025,35,21,0,0.600,3,301,8.6,,,,,,61,74,10,513,8.4
5294293,Javin Gordon,Tulane,American Athletic,2025,,,,,,,,21,13,1,93,7.2,128,25,5,516,4.0
5294314,Doopah Coleman,App State,Sun Belt,2025,,,,,,,,5,2,0,3,1.5,,,,,
5294438,Jemyri Davis,Kansas State,Big 12,2025,,,,,,,,5,2,0,8,4.0,,,,,
5294445,Oscar Bird,Ole Miss,SEC,2025,,,,,,,,,,,,,1,18,0,18,18.0
5295010,Gage LaDue,Air Force,Mountain West,2025,,,,,,,,,,,,,5,6,0,19,3.8
5295046,Demetric Whitlock Jr.,Boise State,Mountain West,2025,,,,,,,,14,2,0,26,13.0,,,,,
5295049,Jaylen Webb,Boise State,Mountain West,2025,,,,,,,,2,1,0,2,2.0,,,,,
5295064,Jeremiah Jones-Thomas,South Alabama,Sun Belt,2025,,,,,,,,17,3,0,18,6.0,,,,,
5295066,Brec Long,South Alabama,Sun Belt,2025,,,,,,,,8,4,0,20,5.0,,,,,
5295070,Keenan Phillips,South Alabama,Sun Belt,2025,,,,,,,,14,10,0,58,5.8,126,54,3,622,4.9
5295180,Cam Macon,Akron,Mid-American,2025,,,,,,,,,,,,,6,8,0,25,4.2
5295205,Tate Hoover,Ball State,Mid-American,2025,,,,,,,,9,1,0,9,9.0,,,,,
5295211,Jayon Farrar,Fresno State,Mountain West,2025,,,,,,,,15,12,0,114,9.5,1,0,0,-1,-1.0
5295237,Chris McMillian,Bowling Green,Mid-American,2025,,,,,,,,5,2,0,6,3.0,84,33,3,342,4.1
5295238,Luke Weaver,Hawai'i,Mountain West,2025,105,63,3,0.600,6,628,6.0,,,,,,27,13,0,73,2.7
5295243,Billy Gowers,Hawai'i,Mountain West,2025,,,,,,,,,,,,,1,9,0,9,9.0
5295318,Waymond Jordan,USC,Big Ten,2025,,,,,,,,20,7,0,55,7.9,88,40,5,576,6.5
5295326,Noah Fox-Flores,UCLA,Big Ten,2025,,,,,,,,4,1,1,4,4.0,,,,,
5295336,Link Rhodes,SMU,ACC,2025,,,,,,,,12,3,0,30,10.0,2,0,0,-4,-2.0
5295366,Matt Adcock,Memphis,American Athletic,2025,,,,,,,,10,12,3,70,5.8,,,,,
5295371,Bryce Anderson,Memphis,American Athletic,2025,,,,,,,,15,12,0,101,8.4,,,,,
5295438,Devare Mathis,Buffalo,Mid-American,2025,,,,,,,,6,1,0,6,6.0,,,,,
5295454,Shawn Brown,New Mexico State,Conference USA,2025,,,,,,,,26,4,0,67,16.8,,,,,
5295455,Jackson Owens,New Mexico State,Conference USA,2025,,,,,,,,20,8,0,81,10.1,,,,,
5295457,Terrione Graves,New Mexico State,Conference USA,2025,,,,,,,,14,2,0,14,7.0,,,,,
5295462,DJ Cloyd,New Mexico State,Conference USA,2025,,,,,,,,,,,,,1,2,0,2,2.0
5295480,Marcus Beamon,Central Michigan,Mid-American,2025,4,2,0,0.500,1,35,8.8,,,,,,33,15,1,88,2.7
5295488,Justin Ruffin Jr.,Central Michigan,Mid-American,2025,,,,,,,,21,7,0,63,9.0,1,6,0,6,6.0
5295489,Collin Payne,Central Michigan,Mid-American,2025,,,,,,,,63,4,0,87,21.8,,,,,
5295490,Henry Dryden,Central Michigan,Mid-American,2025,,,,,,,,23,8,0,70,8.8,,,,,
5295511,Erik Ronning,Kennesaw State,Conference USA,2025,,,,,,,,4,1,0,4,4.0,,,,,
5295525,Ben Prosper,Eastern Michigan,Mid-American,2025,,,,,,,,22,21,0,177,8.4,9,13,0,41,4.6
5295532,Joshua Long,Eastern Michigan,Mid-American,2025,,,,,,,,27,37,3,357,9.6,,,,,
5295549,Jordan Scott,Maryland,Big Ten,2025,,,,,,,,10,1,0,10,10.0,,,,,
5295550,DeJuan Williams,Maryland,Big Ten,2025,,,,,,,,55,45,1,426,9.5,128,40,3,501,3.9
5295590,Da'Realyst Clark,Kent State,Mid-American,2025,2,2,0,1.000,1,39,19.5,89,3,1,108,36.0,4,6,0,-1,-0.3
5295723,Caden Knighten,Baylor,Big 12,2025,,,,,,,,39,11,1,134,12.2,104,49,1,469,4.5
5295724,Michael Turner,Baylor,Big 12,2025,,,,,,,,10,6,0,21,3.5,65,40,1,320,4.9
5295733,Taz Williams Jr.,Baylor,Big 12,2025,,,,,,,,11,1,0,11,11.0,,,,,
5295735,JP Coulter,UL Monroe,Sun Belt,2025,,,,,,,,39,21,0,234,11.1,,,,,
5295756,Breyahn Townsend,Coastal Carolina,Sun Belt,2025,,,,,,,,9,1,0,9,9.0,12,8,0,29,2.4
5295811,Vernell Brown III,Florida,SEC,2025,,,,,,,,60,40,0,524,13.1,1,14,0,14,14.0
5295814,Tramell Jones Jr.,Florida,SEC,2025,35,21,0,0.600,2,191,5.5,,,,,,8,9,0,10,1.3
5295815,Duke Clark,Florida,SEC,2025,,,,,,,,11,2,0,14,7.0,15,11,0,58,3.9
5295862,Donnie Smith,Troy,Sun Belt,2025,,,,,,,,11,1,0,11,11.0,,,,,
5295902,Josiah Basten,Southern Miss,Sun Belt,2025,,,,,,,,,,,,,1,5,0,5,5.0
5295918,Tre' Brown III,Old Dominion,Sun Belt,2025,,,,,,,,98,38,4,762,20.1,,,,,
5295919,Ryan Huff,Old Dominion,Sun Belt,2025,1,0,0,0.000,0,0,0.0,,,,,,,,,,
5295920,Ja'Cory Thomas,Old Dominion,Sun Belt,2025,,,,,,,,55,41,5,714,17.4,,,,,
5295923,TJ Johnson,Old Dominion,Sun Belt,2025,,,,,,,,36,4,1,68,17.0,,,,,
5295930,Trequan Jones,Old Dominion,Sun Belt,2025,,,,,,,,7,6,0,20,3.3,105,93,6,792,7.5
5295946,Ben Turner,Marshall,Sun Belt,2025,,,,,,,,17,9,0,56,6.2,1,4,0,4,4.0
5295951,Gavin Magorien,Marshall,Sun Belt,2025,,,,,,,,12,1,0,12,12.0,,,,,
5295967,Trey Miller,Louisiana,Sun Belt,2025,,,,,,,,16,13,0,102,7.8,,,,,
5295969,Brady Hart,Texas A&M,SEC,2025,10,5,0,0.500,0,62,6.2,,,,,,1,9,0,9,9.0
5295981,Cameron Dorner,North Texas,American Athletic,2025,,,,,,,,77,55,8,886,16.1,1,2,0,2,2.0
5295982,Tre Williams III,North Texas,American Athletic,2025,,,,,,,,56,30,5,375,12.5,,,,,
5295983,Shandon King,North Texas,American Athletic,2025,,,,,,,,8,3,0,20,6.7,,,,,
5296023,Tray Kinkle,South Florida,American Athletic,2025,,,,,,,,,,,,,1,15,0,15,15.0
5296027,Christian Neptune,South Florida,American Athletic,2025,1,1,0,1.000,1,29,29.0,43,38,1,335,8.8,5,20,0,39,7.8
5296040,Elijah Lagg,UAB,American Athletic,2025,,,,,,,,17,20,0,164,8.2,,,,,
5296041,Evan McCray,UAB,American Athletic,2025,,,,,,,,14,11,0,81,7.4,,,,,
5296066,Ethan Dowdy,NC State,ACC,2025,,,,,,,,11,3,0,25,8.3,,,,,
5296067,Teddy Hoffmann,NC State,ACC,2025,1,1,0,1.000,1,59,59.0,55,25,3,349,14.0,1,0,0,-4,-4.0
5296077,Agyeman Addae,UCF,Big 12,2025,1,1,0,1.000,1,4,4.0,20,7,1,70,10.0,12,20,0,50,4.2
5296136,Braxton Jennings,Louisville,ACC,2025,,,,,,,,6,2,0,6,3.0,37,22,1,200,5.4
5296150,DeAree Rogers,Northern Illinois,Mid-American,2025,,,,,,,,50,46,3,506,11.0,4,22,0,43,10.8
5296154,Chavon Wright,Northern Illinois,Mid-American,2025,,,,,,,,5,8,0,16,2.0,196,45,5,875,4.5
5296162,Devin Miles,Western Michigan,Mid-American,2025,,,,,,,,15,5,0,36,7.2,99,32,3,425,4.3
5296163,Brady Jones,Western Michigan,Mid-American,2025,40,19,3,0.475,1,136,3.4,,,,,,18,13,0,4,0.2
5296164,Chase Dawkins,Western Michigan,Mid-American,2025,,,,,,,,,,,,,3,6,0,9,3.0
5296166,Ofa Mataele,Western Michigan,Mid-American,2025,1,0,0,0.000,0,0,0.0,3,5,0,8,1.6,57,22,3,252,4.4
5296172,Keivin Boone-Nelson II,Western Michigan,Mid-American,2025,,,,,,,,5,2,0,0,0.0,,,,,
5296212,Zay Robinson,Iowa State,Big 12,2025,,,,,,,,0,1,0,0,0.0,,,,,
5296226,Zane Smith,Houston,Big 12,2025,,,,,,,,,,,,,2,7,0,12,6.0
5296232,Justin Cook,Pittsburgh,ACC,2025,,,,,,,,11,8,0,44,5.5,9,13,0,31,3.4
5296246,Logan Ramper,West Virginia,Big 12,2025,,,,,,,,8,1,0,8,8.0,,,,,
5296247,Cyncir Bowers,West Virginia,Big 12,2025,,,,,,,,90,8,1,134,16.8,63,26,2,249,4.0
5296269,Reggie Frischknecht,BYU,Big 12,2025,,,,,,,,7,1,0,7,7.0,,,,,
5296271,Trey Roberts,BYU,Big 12,2025,,,,,,,,,,,,,1,7,0,7,7.0
5296273,Fuller Shurtz,BYU,Big 12,2025,,,,,,,,,,,,,1,0,0,-11,-11.0
5296294,Jaylon Coleman,Liberty,Conference USA,2025,,,,,,,,31,10,0,100,10.0,11,23,0,79,7.2
5296321,Jared Porter,Delaware,Conference USA,2025,,,,,,,,12,2,0,15,7.5,7,13,0,25,3.6
5296328,Scott Moore,Delaware,Conference USA,2025,,,,,,,,20,6,1,46,7.7,,,,,
5296355,Bailey Ettridge,Nevada,Mountain West,2025,,,,,,,,,,,,,2,14,0,26,13.0
5296364,Keveun Mason,Temple,American Athletic,2025,,,,,,,,14,6,0,30,5.0,28,29,1,167,6.0
5296370,Ramier Hardy,Temple,American Athletic,2025,,,,,,,,9,1,0,9,9.0,,,,,
5296374,Andrew Burnette,Louisiana Tech,Conference USA,2025,1,0,1,0.000,0,0,0.0,5,3,0,13,4.3,94,98,9,486,5.2
5296376,Trey Kukuk,Louisiana Tech,Conference USA,2025,106,67,4,0.632,3,644,6.1,26,2,0,49,24.5,98,58,5,609,6.2
5296378,Clay Thevenin,Louisiana Tech,Conference USA,2025,1,0,0,0.000,0,0,0.0,30,33,0,269,8.2,131,50,8,634,4.8
5296379,Tre Averhart,Louisiana Tech,Conference USA,2025,,,,,,,,6,1,1,6,6.0,,,,,
5296382,David Pierro,Louisiana Tech,Conference USA,2025,,,,,,,,56,8,0,89,11.1,,,,,
5296383,Marques Singleton Jr.,Louisiana Tech,Conference USA,2025,,,,,,,,15,24,1,165,6.9,,,,,
5296400,Dane Benedix,Louisiana Tech,Conference USA,2025,,,,,,,,10,3,0,14,4.7,,,,,
5296401,Brayden Bockler,Louisiana Tech,Conference USA,2025,,,,,,,,5,1,0,5,5.0,,,,,
5296407,Nahzae Cox,Middle Tennessee,Conference USA,2025,,,,,,,,43,40,5,473,11.8,,,,,
5296411,Stanley Anderson-Lofton,Middle Tennessee,Conference USA,2025,1,1,0,1.000,0,11,11.0,,,,,,3,15,0,9,3.0
5296412,DJ Taylor,Middle Tennessee,Conference USA,2025,,,,,,,,19,7,1,54,7.7,26,64,2,199,7.7
5296430,Landon Collins,Middle Tennessee,Conference USA,2025,,,,,,,,48,16,1,187,11.7,,,,,
5296438,Tristian Gardner,Missouri State,Conference USA,2025,,,,,,,,42,30,6,465,15.5,,,,,
5296439,Deuce Bailey,Missouri State,Conference USA,2025,47,23,0,0.489,2,335,7.1,,,,,,27,20,1,81,3.0
5296557,Trevon Tate,UTEP,Conference USA,2025,,,,,,,,73,20,1,227,11.4,2,0,0,-4,-2.0
5296558,Eric Willis III,UTEP,Conference USA,2025,,,,,,,,43,27,2,290,10.7,3,6,0,5,1.7
5296571,Toric Goins Jr.,UTEP,Conference USA,2025,,,,,,,,49,13,1,206,15.8,,,,,
5296587,Zhaiel Smith,New Mexico,Mountain West,2025,,,,,,,,43,9,0,112,12.4,1,0,0,-2,-2.0
5296589,Isaiah Blair,New Mexico,Mountain West,2025,,,,,,,,18,1,0,18,18.0,,,,,
5296599,Simon Mapa,New Mexico,Mountain West,2025,,,,,,,,22,3,2,42,14.0,,,,,
5296610,Tama Amisone,San José State,Mountain West,2025,50,26,3,0.520,0,205,4.1,0,0,0,-8,0,34,23,1,160,4.7
5296612,Steve Chavez-Soto,San José State,Mountain West,2025,,,,,,,,17,3,0,15,5.0,87,66,7,448,5.1
5296616,Tuli Tagovailoa-Amosa,San José State,Mountain West,2025,,,,,,,,29,9,0,84,9.3,,,,,
5296622,Eric Richardson,Wyoming,Mountain West,2025,,,,,,,,41,10,1,112,11.2,2,1,0,-3,-1.5
5296625,Landon Sims,Wyoming,Mountain West,2025,8,6,0,0.750,1,38,4.8,,,,,,15,37,1,97,6.5
5296720,Tiger Riden Jr.,Texas A&M,SEC,2025,,,,,,,,,,,,,11,11,1,45,4.1
5296826,Curtis Gerrand,Sam Houston,Conference USA,2025,,,,,,,,,,,,,1,27,0,27,27.0
5296832,Tim Burns Jr.,Sam Houston,Conference USA,2025,,,,,,,,59,12,1,228,19.0,2,0,0,-15,-7.5
5296835,Dylan Burk,Sam Houston,Conference USA,2025,,,,,,,,15,6,0,55,9.2,,,,,
5296864,Malichi Greaves,UConn,FBS Independents,2025,,,,,,,,1,2,0,1,0.5,3,10,0,15,5.0
5296866,Soren Rief,UConn,FBS Independents,2025,,,,,,,,,,,,,2,9,0,9,4.5
5297026,Joseph Filardi,Syracuse,ACC,2025,65,31,3,0.477,1,226,3.5,,,,,,30,26,1,87,2.9
5297067,Kache Kaio,Utah State,Mountain West,2025,,,,,,,,6,2,0,10,5.0,,,,,
5297079,Noah White,Utah State,Mountain West,2025,,,,,,,,62,8,0,149,18.6,25,20,0,93,3.7
5297763,Tyler Williams,Georgia,SEC,2025,,,,,,,,7,1,0,7,7.0,,,,,
5297930,Charles Ross III,North Dakota State,MVFC,2025,,,,,,,,,,,,,1,3,0,3,3.0
5297931,Myles Mitchell,North Dakota State,MVFC,2025,,,,,,,,,,,,,18,21,1,78,4.3
5297965,Christian Collins,Northern Iowa,MVFC,2025,,,,,,,,8,2,0,14,7.0,15,15,0,70,4.7
5298003,Davon Smith Jr.,Central Connecticut,NEC,2025,,,,,,,,,,,,,12,8,1,43,3.6
5298018,Damani Williams,Central Connecticut,NEC,2025,,,,,,,,34,24,1,247,10.3,1,3,0,3,3.0
5298060,Fidel Pitts,Cal Poly,Big Sky,2025,,,,,,,,10,3,0,25,8.3,,,,,
5298070,Carson Kuhl,Cal Poly,Big Sky,2025,,,,,,,,3,1,0,3,3.0,4,15,0,21,5.3
5298088,Reese Brooks,Cal Poly,Big Sky,2025,,,,,,,,17,1,0,17,17.0,,,,,
5298148,Cooper Lehman,Merrimack,FCS Independents,2025,,,,,,,,22,13,0,170,13.1,2,7,0,12,6.0
5298157,Omari Hopkins,Duquesne,NEC,2025,,,,,,,,38,2,0,50,25.0,,,,,
5298160,Cam Oliver,Duquesne,NEC,2025,,,,,,,,,,,,,4,7,0,8,2.0
5298162,Ryan Petras,Duquesne,NEC,2025,,,,,,,,52,13,5,249,19.2,6,10,1,33,5.5
5298171,Kaden Rolfsness,Eastern Washington,Big Sky,2025,43,23,3,0.535,1,236,5.5,,,,,,27,14,3,92,3.4
5298177,David Cabrera,Eastern Washington,Big Sky,2025,,,,,,,,0,1,0,-2,-2.0,1,4,0,4,4.0
5298178,Wilson Medina,Eastern Washington,Big Sky,2025,,,,,,,,5,3,1,8,2.7,14,56,0,77,5.5
5298203,Will Roberts,Eastern Washington,Big Sky,2025,,,,,,,,7,1,0,7,7.0,,,,,
5298209,Zander Turner,Eastern Washington,Big Sky,2025,,,,,,,,12,4,0,15,3.8,,,,,
5298211,Deion Richardson,Long Island University,NEC,2025,,,,,,,,41,27,0,339,12.6,6,19,0,44,7.3
5298212,O'Shawn Ross Jr.,Long Island University,NEC,2025,1,0,0,0.000,0,0,0.0,27,28,2,142,5.1,158,69,3,852,5.4
5298213,Jaron Kelley,Long Island University,NEC,2025,,,,,,,,24,12,2,133,11.1,,,,,
5298214,Kam Ingram,Long Island University,NEC,2025,,,,,,,,7,2,0,6,3.0,38,31,0,182,4.8
5298216,Mekhi Norfleet,Long Island University,NEC,2025,,,,,,,,,,,,,16,10,0,58,3.6
5298248,Lek Powell,Charleston Southern,Big South-OVC,2025,12,5,0,0.417,0,90,7.5,,,,,,9,12,0,16,1.8
5298252,Hakeem Watters,Charleston Southern,Big South-OVC,2025,,,,,,,,43,5,0,82,16.4,85,63,3,450,5.3
5298257,Sharode Richardson,Charleston Southern,Big South-OVC,2025,,,,,,,,14,1,0,14,14.0,,,,,
5298260,Hunter Green,Charleston Southern,Big South-OVC,2025,,,,,,,,15,1,0,15,15.0,,,,,
5298281,Kevin Boone,Charleston Southern,Big South-OVC,2025,,,,,,,,28,2,0,48,24.0,,,,,
5298282,Laden Beckwith,Charleston Southern,Big South-OVC,2025,,,,,,,,35,3,0,57,19.0,,,,,
5298291,Nolan McWilliams,Idaho,Big Sky,2025,,,,,,,,27,19,1,229,12.1,3,30,0,44,14.7
5298293,Sawyer Teeney,Idaho,Big Sky,2025,16,10,0,0.625,1,53,3.3,,,,,,9,14,0,19,2.1
5298294,Daveon Superales,Idaho,Big Sky,2025,,,,,,,,45,11,0,178,16.2,,,,,
5298321,Thomas Lee,Robert Morris,NEC,2025,1,1,0,1.000,0,24,24.0,63,25,3,364,14.6,,,,,
5298324,Jaqai Carter,Robert Morris,NEC,2025,,,,,,,,39,32,2,389,12.2,2,13,0,19,9.5
5298328,Cooper Panteck,Robert Morris,NEC,2025,95,46,4,0.484,2,601,6.3,,,,,,8,17,0,8,1.0
5298352,Noah Schaerli,Robert Morris,NEC,2025,,,,,,,,7,1,0,7,7.0,,,,,
5298353,Richard Ransom,Robert Morris,NEC,2025,,,,,,,,27,19,2,261,13.7,1,0,0,-1,-1.0
5298362,Aidan Garrett,Stonehill,NEC,2025,,,,,,,,13,2,0,24,12.0,33,62,2,153,4.6
5298363,Deven Sisler,Stonehill,NEC,2025,2,1,0,0.500,0,8,4.0,,,,,,3,26,0,23,7.7
5298381,Ashtin Traver,Stonehill,NEC,2025,,,,,,,,7,2,0,10,5.0,,,,,
5298407,Mitchell Summers,Sacred Heart,FCS Independents,2025,,,,,,,,56,9,0,119,13.2,198,80,12,1071,5.4
5298427,DJ Williams,Sacred Heart,FCS Independents,2025,,,,,,,,,,,,,4,14,0,27,6.8
5298454,Byron Eaton Jr.,Grambling,SWAC,2025,1,1,0,1.000,0,-6,-6.0,9,10,0,28,2.8,69,54,3,232,3.4
5298456,Clyde McClendon Jr.,Grambling,SWAC,2025,,,,,,,,3,1,0,3,3.0,39,22,1,161,4.1
5298469,Keaton Jones,Butler,Pioneer,2025,,,,,,,,,,,,,1,2,0,2,2.0
5298486,Chase Wilson,New Hampshire,CAA,2025,,,,,,,,45,48,5,704,14.7,,,,,
5298492,Scott Hershberger,New Hampshire,CAA,2025,,,,,,,,,,,,,3,4,0,7,2.3
5298503,Matthew Peicker,New Hampshire,CAA,2025,1,1,0,1.000,0,13,13.0,,,,,,,,,,
5298517,CJ Reese,Lindenwood,Big South-OVC,2025,,,,,,,,8,3,0,20,6.7,,,,,
5298524,La'Revious Woods,Lindenwood,Big South-OVC,2025,,,,,,,,6,1,0,6,6.0,9,11,0,36,4.0
5298539,Christopher Bennett Jr.,Lindenwood,Big South-OVC,2025,,,,,,,,11,2,0,18,9.0,2,15,0,23,11.5
5298548,Nicholas Penuvchev,Bucknell,Patriot,2025,34,18,3,0.529,3,276,8.1,,,,,,7,0,0,-55,-7.9
5298570,Kaleb Lampkins,Bucknell,Patriot,2025,,,,,,,,33,7,0,71,10.1,2,28,0,26,13.0
5298582,Rafferty McSweeney,Davidson,Pioneer,2025,,,,,,,,7,3,0,13,4.3,,,,,
5298655,Kalvin Gilbert,Southeast Missouri State,Big South-OVC,2025,,,,,,,,65,46,7,653,14.2,,,,,
5298677,Jobe Bryant,Southeast Missouri State,Big South-OVC,2025,,,,,,,,25,18,0,207,11.5,,,,,
5298679,Khylen Harris-Norman,Southeast Missouri State,Big South-OVC,2025,,,,,,,,21,1,0,21,21.0,,,,,
5298683,Luke Pennington,Dayton,Pioneer,2025,3,2,1,0.667,0,33,11.0,,,,,,,,,,
5298688,Jackson Turner,Dayton,Pioneer,2025,,,,,,,,10,1,0,10,10.0,,,,,
5298700,Mikey Hess,Dayton,Pioneer,2025,,,,,,,,8,1,0,8,8.0,10,4,0,15,1.5
5298701,Andrew Vrbancic,Dayton,Pioneer,2025,,,,,,,,0,1,0,0,0.0,,,,,
5298738,Lucci Fidone,Drake,Pioneer,2025,,,,,,,,,,,,,2,14,0,27,13.5
5298739,Logan Inagawa,Drake,Pioneer,2025,167,111,4,0.665,8,1149,6.9,,,,,,116,37,9,417,3.6
5298748,Nick Herman,Drake,Pioneer,2025,,,,,,,,38,11,0,113,10.3,125,77,5,921,7.4
5298780,Willis Nofsinger,Drake,Pioneer,2025,,,,,,,,7,1,0,7,7.0,,,,,
5298781,Chase Schutty,Drake,Pioneer,2025,,,,,,,,19,12,1,87,7.3,,,,,
5298785,Jayden Guy,Tennessee State,Big South-OVC,2025,,,,,,,,10,2,0,15,7.5,,,,,
5298787,Byron McNair,Tennessee State,Big South-OVC,2025,244,153,6,0.627,9,1558,6.4,,,,,,67,40,0,-6,-0.1
5298792,Anthony Taylor,Tennessee State,Big South-OVC,2025,,,,,,,,23,9,0,75,8.3,1,8,0,8,8.0
5298793,Taveon Porter,Tennessee State,Big South-OVC,2025,,,,,,,,7,2,0,7,3.5,13,25,1,34,2.6
5298797,Zack Simmons-Brown,Tennessee State,Big South-OVC,2025,,,,,,,,14,12,0,56,4.7,101,50,2,456,4.5
5298816,Devaughn Slaughter,Tennessee State,Big South-OVC,2025,1,0,1,0.000,0,0,0.0,82,55,3,551,10.0,11,12,0,8,0.7
5298817,LJ Walker,Tennessee State,Big South-OVC,2025,,,,,,,,23,3,0,38,12.7,,,,,
5298819,Christian Jones,Tennessee State,Big South-OVC,2025,,,,,,,,5,2,0,8,4.0,,,,,
5298843,Michael Stevenson,Colgate,Patriot,2025,,,,,,,,2,1,1,2,2.0,,,,,
5298846,Matt Fogler,Colgate,Patriot,2025,,,,,,,,47,23,7,413,18.0,,,,,
5298853,Treynor Cleeland,UC Davis,Big Sky,2025,4,2,0,0.500,0,26,6.5,,,,,,,,,,
5298856,Tyler Hennessy,UC Davis,Big Sky,2025,,,,,,,,27,9,0,109,12.1,,,,,
5298861,Scott Nixon,UC Davis,Big Sky,2025,,,,,,,,15,6,1,50,8.3,,,,,
5298890,Ja'Cyion Cox,Marist,Pioneer,2025,,,,,,,,,,,,,19,25,2,89,4.7
5298896,Will O'Dell,Marist,Pioneer,2025,75,48,4,0.640,2,496,6.6,,,,,,42,27,1,167,4.0
5298925,Jared Lockhart,Jackson State,SWAC,2025,112,76,3,0.679,8,1208,10.8,,,,,,57,29,4,171,3.0
5299091,Yohan-Li Louis,Fordham,Patriot,2025,,,,,,,,21,19,0,154,8.1,69,18,0,249,3.6
5299094,Troy Worrell,Fordham,Patriot,2025,,,,,,,,73,25,5,376,15.0,,,,,
5299111,John Morris,Fordham,Patriot,2025,,,,,,,,17,6,0,41,6.8,,,,,
5299115,Xander Eschelman,Columbia,Ivy,2025,1,0,0,0.000,0,0,0.0,,,,,,16,15,0,21,1.3
5299116,Caden Butler,Columbia,Ivy,2025,,,,,,,,6,2,0,7,3.5,,,,,
5299117,Beckett Robinson,Columbia,Ivy,2025,,,,,,,,52,16,2,269,16.8,,,,,
5299120,Jahmir Pitcher,Columbia,Ivy,2025,,,,,,,,,,,,,9,7,0,25,2.8
5299122,Michael Walters,Columbia,Ivy,2025,,,,,,,,15,9,0,48,5.3,126,16,3,534,4.2
5299137,Elliot Cooper,Columbia,Ivy,2025,,,,,,,,37,2,0,71,35.5,1,3,0,3,3.0
5299147,Todd Phillips,Bryant,CAA,2025,,,,,,,,28,8,0,123,15.4,,,,,
5299198,Udechukwu Enyeribe,Georgetown,Patriot,2025,,,,,,,,,,,,,24,24,0,92,3.8
5299202,Brian Lloyd,Georgetown,Patriot,2025,,,,,,,,7,1,0,7,7.0,,,,,
5299215,Achilles Whitby,Georgetown,Patriot,2025,,,,,,,,6,1,0,6,6.0,,,,,
5299224,Thomas Ansley,UT Martin,Big South-OVC,2025,,,,,,,,25,18,1,143,7.9,118,25,2,565,4.8
5299233,Chris Allen Jr.,UT Martin,Big South-OVC,2025,,,,,,,,,,,,,3,2,0,0,0.0
5299278,Dominic Campanile,Holy Cross,Patriot,2025,88,53,1,0.602,1,514,5.8,,,,,,27,8,2,-55,-2.0
5299298,Trayjen Llanas-Wilcox,Campbell,CAA,2025,,,,,,,,50,22,1,367,16.7,,,,,
5299299,David Hamilton,Campbell,CAA,2025,,,,,,,,15,2,0,21,10.5,,,,,
5299305,Jalen Ferguson,Campbell,CAA,2025,17,10,0,0.588,0,58,3.4,,,,,,2,2,0,2,1.0
5299307,Chinua Ezeigbo,Campbell,CAA,2025,,,,,,,,18,4,0,32,8.0,,,,,
5299310,De'Von Thomas,Campbell,CAA,2025,,,,,,,,,,,,,3,6,0,6,2.0
5299312,Joshua Ellerbe,Campbell,CAA,2025,,,,,,,,2,1,0,2,2.0,1,8,0,8,8.0
5299313,Ethan Lawrence,Campbell,CAA,2025,,,,,,,,11,9,0,50,5.6,87,41,3,356,4.1
5299315,Emmanuel Chambers,Campbell,CAA,2025,,,,,,,,,,,,,2,1,0,1,0.5
5299326,Stevie Keener,Campbell,CAA,2025,,,,,,,,26,7,1,106,15.1,1,11,0,11,11.0
5299327,Brady Ambrose,Campbell,CAA,2025,,,,,,,,11,1,0,11,11.0,,,,,
5299333,Andrez Lewis,East Texas A&M,Southland,2025,,,,,,,,22,2,0,32,16.0,,,,,
5299334,Tanner Harrison,East Texas A&M,Southland,2025,,,,,,,,73,4,1,121,30.3,,,,,
5299340,Hymond Drinkard,East Texas A&M,Southland,2025,,,,,,,,3,2,0,5,2.5,28,30,0,155,5.5
5299353,Brycen Davis,East Texas A&M,Southland,2025,,,,,,,,3,1,1,3,3.0,,,,,
5299356,Joshua Pikl,East Texas A&M,Southland,2025,,,,,,,,13,7,1,52,7.4,,,,,
5299358,Fabian Báez,Western Illinois,Big South-OVC,2025,,,,,,,,13,2,0,20,10.0,,,,,
5299361,T.C. Molk,Western Illinois,Big South-OVC,2025,2,0,1,0.000,0,0,0.0,,,,,,,,,,
5299364,Cason Carswell,Western Illinois,Big South-OVC,2025,307,187,3,0.609,16,2054,6.7,,,,,,47,15,1,-12,-0.3
5299366,Joel Salien,Western Illinois,Big South-OVC,2025,,,,,,,,3,1,0,3,3.0,,,,,
5299368,Ernest Temple,Western Illinois,Big South-OVC,2025,,,,,,,,,,,,,6,10,0,23,3.8
5299391,Morgan Quiri,Western Illinois,Big South-OVC,2025,,,,,,,,9,5,0,32,6.4,,,,,
5299392,AJ Harris,Western Illinois,Big South-OVC,2025,,,,,,,,36,3,0,53,17.7,,,,,
5299403,Eli Jones,Brown,Ivy,2025,,,,,,,,13,5,0,30,6.0,14,13,1,54,3.9
5299431,Matthew Scerbo,Lafayette,Patriot,2025,,,,,,,,35,13,3,196,15.1,,,,,
5299432,Zane Wooldridge,Lafayette,Patriot,2025,,,,,,,,39,6,1,74,12.3,1,2,0,2,2.0
5299442,Payton Greer,Lafayette,Patriot,2025,,,,,,,,,,,,,13,8,0,33,2.5
5299454,Nick Bierman,Lafayette,Patriot,2025,,,,,,,,26,3,2,52,17.3,,,,,
5299455,Hunter Ditrano,Lafayette,Patriot,2025,,,,,,,,10,5,1,32,6.4,,,,,
5299464,Daniel Moyer,Gardner-Webb,Big South-OVC,2025,,,,,,,,,,,,,11,7,0,24,2.2
5299465,Finley Polk,Gardner-Webb,Big South-OVC,2025,,,,,,,,,,,,,1,2,0,2,2.0
5299470,Jack Reynolds,Gardner-Webb,Big South-OVC,2025,,,,,,,,15,3,0,28,9.3,1,2,0,2,2.0
5299473,Kory Jones,Gardner-Webb,Big South-OVC,2025,,,,,,,,38,4,1,70,17.5,,,,,
5299477,Jabre Bevineau,Gardner-Webb,Big South-OVC,2025,,,,,,,,36,12,0,180,15.0,2,4,0,4,2.0
5299493,Sean Brady,Gardner-Webb,Big South-OVC,2025,,,,,,,,29,3,0,28,9.3,,,,,
5299520,Ryan Matulevich,Cornell,Ivy,2025,,,,,,,,36,16,0,183,11.4,,,,,
5299523,Ja'von Broussard,Cornell,Ivy,2025,,,,,,,,30,12,0,118,9.8,1,7,0,7,7.0
5299526,Xavier Bowman,Cornell,Ivy,2025,,,,,,,,21,2,0,25,12.5,,,,,
5299529,John McAuliffe,Cornell,Ivy,2025,,,,,,,,17,5,0,37,7.4,31,22,1,181,5.8
5299531,Jordan Triplett,Cornell,Ivy,2025,,,,,,,,23,14,0,145,10.4,98,29,5,454,4.6
5299656,Derek Morgan,Lehigh,Patriot,2025,,,,,,,,,,,,,2,9,1,10,5.0
5299657,Anthony Feaster,Lehigh,Patriot,2025,,,,,,,,50,11,0,180,16.4,1,14,0,14,14.0
5299704,Myles Craddock,Dartmouth,Ivy,2025,,,,,,,,7,2,0,4,2.0,21,9,1,72,3.4
5299729,Brady Ford,Eastern Illinois,Big South-OVC,2025,6,4,1,0.667,0,54,9.0,,,,,,,,,,
5299732,Mason Miller,Eastern Illinois,Big South-OVC,2025,,,,,,,,,,,,,1,7,0,7,7.0
5299733,Le'Javier Payne,Eastern Illinois,Big South-OVC,2025,,,,,,,,5,1,0,5,5.0,,,,,
5299758,Carlyun Neal,Eastern Illinois,Big South-OVC,2025,,,,,,,,20,6,0,68,11.3,,,,,
5299761,Kenny Ajose,Eastern Illinois,Big South-OVC,2025,,,,,,,,7,3,0,17,5.7,,,,,
5299769,Tafari Moe,Harvard,Ivy,2025,,,,,,,,17,3,1,38,12.7,,,,,
5299780,Ryan Tattersall,Harvard,Ivy,2025,7,4,0,0.571,0,40,5.7,69,19,3,293,15.4,,,,,
5299848,Michael Creamer,Richmond,Patriot,2025,,,,,,,,,,,,,8,10,0,30,3.8
5299859,Ned Gray,Richmond,Patriot,2025,,,,,,,,,,,,,1,0,0,-12,-12.0
5299908,Jah'Kei Chavis,Hampton,CAA,2025,,,,,,,,29,9,1,93,10.3,72,75,3,354,4.9
5299911,Gracen Goldsmith,Hampton,CAA,2025,,,,,,,,17,11,1,69,6.3,79,30,6,323,4.1
5299912,Noah Colon,Hampton,CAA,2025,,,,,,,,23,7,0,41,5.9,,,,,
5299915,BreShun Hall,Hampton,CAA,2025,,,,,,,,9,1,0,9,9.0,,,,,
5299916,Nare Means,Hampton,CAA,2025,,,,,,,,27,4,0,73,18.3,2,6,0,9,4.5
5299922,Ja'Sean Lindsey,Hampton,CAA,2025,,,,,,,,,,,,,6,5,0,11,1.8
5299941,Damon Short,Hampton,CAA,2025,,,,,,,,6,1,0,6,6.0,,,,,
5299986,Jordan Chambers-Smith,Alabama A&M,SWAC,2025,1,1,0,1.000,1,44,44.0,40,24,2,282,11.8,,,,,
5299988,Mekhi Maddox,Alabama A&M,SWAC,2025,,,,,,,,30,6,0,78,13.0,,,,,
5299989,Jarvis Davis,Alabama A&M,SWAC,2025,,,,,,,,8,5,0,17,3.4,1,3,0,3,3.0
5299991,Zavier Wright,Alabama A&M,SWAC,2025,,,,,,,,,,,,,1,0,0,-6,-6.0
5299995,Elijah Lucky,Alabama A&M,SWAC,2025,,,,,,,,13,2,0,21,10.5,,,,,
5299997,Antonio Adams,Alabama A&M,SWAC,2025,,,,,,,,,,,,,6,8,0,26,4.3
5299998,Braxton Thompson,Alabama A&M,SWAC,2025,,,,,,,,,,,,,6,13,0,27,4.5
5300000,EJ King Jr.,Alabama A&M,SWAC,2025,,,,,,,,,,,,,3,6,0,7,2.3
5300045,Ezekiel Pour,Morehead State,Pioneer,2025,,,,,,,,,,,,,1,0,0,-1,-1.0
5300046,Montez Green,Morehead State,Pioneer,2025,,,,,,,,38,18,2,252,14.0,,,,,
5300053,Chris Edwards,Morehead State,Pioneer,2025,,,,,,,,0,2,0,18,9.0,,,,,
5300062,Willie Moore,Morehead State,Pioneer,2025,,,,,,,,,,,,,1,3,0,3,3.0
5300070,Jordan Price,Morehead State,Pioneer,2025,,,,,,,,,,,,,1,0,0,-1,-1.0
5300099,Cannon Dinger,Morehead State,Pioneer,2025,,,,,,,,41,14,2,200,14.3,,,,,
5300102,Riley Purcell,Morehead State,Pioneer,2025,,,,,,,,48,3,1,67,22.3,,,,,
5300120,Darriel Harper,Presbyterian,Pioneer,2025,,,,,,,,10,3,0,17,5.7,2,7,1,14,7.0
5300123,Damion Moate,Presbyterian,Pioneer,2025,,,,,,,,,,,,,14,21,0,53,3.8
5300132,Ethan Cartmel,Presbyterian,Pioneer,2025,,,,,,,,,,,,,1,0,0,-12,-12.0
5300168,Omar Mbakwe,San Diego,Pioneer,2025,,,,,,,,10,1,0,10,10.0,25,14,0,78,3.1
5300171,John Lim,San Diego,Pioneer,2025,,,,,,,,,,,,,1,2,0,2,2.0
5300200,Pierce McCrary,St. Thomas (MN),Pioneer,2025,,,,,,,,28,4,0,36,9.0,,,,,
5300202,JaShawn Todd,St. Thomas (MN),Pioneer,2025,2,1,0,0.500,0,24,12.0,56,47,3,524,11.1,17,19,0,91,5.4
5300207,Elijah Johnson,St. Thomas (MN),Pioneer,2025,,,,,,,,,,,,,5,9,0,17,3.4
5300238,AJ Boarman,St. Thomas (MN),Pioneer,2025,,,,,,,,11,2,0,19,9.5,,,,,
5300244,Jay Melchiori,Valparaiso,Pioneer,2025,1,0,0,0.000,0,0,0.0,38,34,1,395,11.6,1,1,0,1,1.0
5300249,Marty O'Keeffe,Valparaiso,Pioneer,2025,,,,,,,,7,6,0,23,3.8,2,0,0,-7,-3.5
5300250,Nathan Downey,Valparaiso,Pioneer,2025,11,5,0,0.455,0,41,3.7,,,,,,2,0,0,-16,-8.0
5300253,Donvan Dey,Valparaiso,Pioneer,2025,,,,,,,,,,,,,4,10,0,17,4.3
5300261,Michael Rumoro,Valparaiso,Pioneer,2025,,,,,,,,16,8,1,55,6.9,34,27,0,137,4.0
5300296,Carlos Benjamin,Mercer,Southern,2025,,,,,,,,,,,,,9,58,1,61,6.8
5300301,Ty Doughty,Mercer,Southern,2025,,,,,,,,66,11,1,133,12.1,66,32,2,332,5.0
5300305,Trenton Jones,Mercer,Southern,2025,,,,,,,,14,5,0,44,8.8,2,13,0,18,9.0
5300309,Adonis McDaniel,Mercer,Southern,2025,,,,,,,,56,52,6,676,13.0,4,10,0,27,6.8
5300314,Malik Simmons,Mercer,Southern,2025,,,,,,,,33,11,4,129,11.7,,,,,
5300315,DJ Smith,Mercer,Southern,2025,38,23,1,0.605,1,161,4.2,,,,,,11,31,1,58,5.3
5300341,Landon Strickland,Chattanooga,Southern,2025,,,,,,,,25,6,1,69,11.5,,,,,
5300354,Marquez Davis,McNeese,Southland,2025,,,,,,,,,,,,,12,27,1,97,8.1
5300357,Collin Fabacher,McNeese,Southland,2025,,,,,,,,,,,,,2,5,0,10,5.0
5300381,Neico Sandifer,Alcorn State,SWAC,2025,,,,,,,,23,11,0,87,7.9,,,,,
5300386,Achilles Ringo,Alcorn State,SWAC,2025,1,0,0,0.000,0,0,0.0,,,,,,,,,,
5300387,Traylon Minor,Alcorn State,SWAC,2025,,,,,,,,,,,,,5,15,0,34,6.8
5300389,Carl McDonald,Alcorn State,SWAC,2025,,,,,,,,,,,,,17,21,0,91,5.4
5300395,Ernest Lyons,Alcorn State,SWAC,2025,,,,,,,,,,,,,1,1,0,1,1.0
5300396,Camren Stewart,Alcorn State,SWAC,2025,,,,,,,,,,,,,16,36,0,108,6.8
5300430,Lucius Anderson,Yale,Ivy,2025,,,,,,,,32,14,2,216,15.4,1,0,0,-1,-1.0
5300435,Hugo Djeumeni Kemeni,Yale,Ivy,2025,,,,,,,,,,,,,15,15,0,43,2.9
5300481,Connor Morin,Furman,Southern,2025,,,,,,,,5,2,0,9,4.5,,,,,
5300482,Evan James,Furman,Southern,2025,1,0,1,0.000,0,0,0.0,61,65,7,796,12.2,7,18,1,72,10.3
5300485,Isaiah Davis,Furman,Southern,2025,,,,,,,,0,1,0,0,0.0,3,32,0,37,12.3
5300488,Caden Wilson,Furman,Southern,2025,,,,,,,,,,,,,1,7,0,7,7.0
5300489,CJ Nettles,Furman,Southern,2025,,,,,,,,14,14,0,75,5.4,85,67,2,358,4.2
5300511,Luke Clyburn,Furman,Southern,2025,,,,,,,,19,10,0,88,8.8,,,,,
5300520,Torrey Ward,Samford,Southern,2025,,,,,,,,33,17,1,200,11.8,,,,,
5300525,Jake Garner,Samford,Southern,2025,,,,,,,,,,,,,1,0,0,-11,-11.0
5300526,Cam Bland,Samford,Southern,2025,,,,,,,,10,10,0,45,4.5,39,15,1,145,3.7
5300532,Carter Pace,Samford,Southern,2025,,,,,,,,,,,,,1,1,0,1,1.0
5300543,Sam Pickett III,Samford,Southern,2025,,,,,,,,77,33,2,450,13.6,2,17,0,21,10.5
5300544,Nicholas Bookman,Samford,Southern,2025,,,,,,,,25,9,0,87,9.7,,,,,
5300674,Malachi Claunch,Montana State,Big Sky,2025,,,,,,,,,,,,,1,5,0,5,5.0
5300675,Colby Frokjer,Montana State,Big Sky,2025,,,,,,,,,,,,,2,26,1,36,18.0
5300698,Quran Gossett,Northern Arizona,Big Sky,2025,,,,,,,,21,13,0,101,7.8,69,29,7,340,4.9
5300700,Joey Stout,Northern Arizona,Big Sky,2025,,,,,,,,33,19,0,163,8.6,1,17,0,17,17.0
5300708,Hayden Fletcher,Northern Arizona,Big Sky,2025,1,1,0,1.000,0,11,11.0,,,,,,1,2,0,2,2.0
5300731,Braylon Gardner,Northern Arizona,Big Sky,2025,,,,,,,,3,1,0,3,3.0,,,,,
5300739,Tahir Mills,Youngstown State,MVFC,2025,,,,,,,,7,8,0,26,3.3,12,18,1,46,3.8
5300740,Ky Wilson,Youngstown State,MVFC,2025,,,,,,,,62,64,6,652,10.2,19,15,1,101,5.3
5300744,Mike Solomon,Youngstown State,MVFC,2025,,,,,,,,48,20,2,329,16.5,,,,,
5300750,Donald Barksdale,Youngstown State,MVFC,2025,,,,,,,,,,,,,4,25,0,44,11.0
5300752,Jeremiah Sanders,Youngstown State,MVFC,2025,,,,,,,,3,1,0,3,3.0,,,,,
5300755,Taysear Williams-Clay,Youngstown State,MVFC,2025,,,,,,,,,,,,,2,5,0,-1,-0.5
5300775,Sincere Baines,Maine,CAA,2025,,,,,,,,11,13,1,45,3.5,123,77,3,711,5.8
5300778,Daniel Batch,Maine,CAA,2025,,,,,,,,14,7,1,45,6.4,11,34,0,65,5.9
5300780,Sivert Klefsaas,Maine,CAA,2025,,,,,,,,,,,,,10,26,0,39,3.9
5300799,Jake Kucera,Maine,CAA,2025,,,,,,,,7,1,0,7,7.0,,,,,
5300801,Eric Gibson Jr.,Northern Colorado,Big Sky,2025,355,232,11,0.654,11,2502,7.0,,,,,,31,10,0,29,0.9
5300802,Leo Blumentritt,Northern Colorado,Big Sky,2025,1,0,0,0.000,0,0,0.0,,,,,,,,,,
5300808,Kieryus Boone,Northern Colorado,Big Sky,2025,,,,,,,,13,4,0,20,5.0,29,35,2,128,4.4
5300810,Brandon Lambert Jr.,Northern Colorado,Big Sky,2025,,,,,,,,8,1,0,8,8.0,5,4,0,8,1.6
5300926,TJ Lester,West Georgia,UAC,2025,,,,,,,,12,9,0,24,2.7,101,26,6,432,4.3
5300928,Naeem Odeniyi,West Georgia,UAC,2025,,,,,,,,6,1,0,6,6.0,4,5,0,15,3.8
5300952,Aidan Sefa,West Georgia,UAC,2025,,,,,,,,16,1,0,16,16.0,,,,,
5300971,Kenny Smith,Monmouth,CAA,2025,,,,,,,,,,,,,8,11,0,38,4.8
5301006,Tommy Lafayette,Pennsylvania,Ivy,2025,,,,,,,,19,2,0,31,15.5,7,9,0,19,2.7
5301009,Michael Hegarty,Pennsylvania,Ivy,2025,,,,,,,,14,7,0,49,7.0,,,,,
5301011,Daniel Russo,Pennsylvania,Ivy,2025,,,,,,,,,,,,,3,7,0,15,5.0
5301028,Jaquail Smith,Sacramento State,Big Sky,2025,,,,,,,,8,3,0,8,2.7,76,45,5,511,6.7
5301043,Trey Bass,Sacramento State,Big Sky,2025,,,,,,,,,,,,,1,3,0,3,3.0
5301045,Jaxon Fresques,Sacramento State,Big Sky,2025,2,2,0,1.000,0,15,7.5,2,1,0,2,2.0,,,,,
5301056,Jy Walls,North Carolina A&T,CAA,2025,4,2,0,0.500,0,14,3.5,,,,,,3,8,0,5,1.7
5301057,Nelson Layne,North Carolina A&T,CAA,2025,36,24,1,0.667,2,236,6.6,,,,,,40,60,1,153,3.8
5301083,Terrence Campbell,Rhode Island,CAA,2025,,,,,,,,,,,,,11,7,1,40,3.6
5301109,Kai Austin,William & Mary,CAA,2025,,,,,,,,11,3,0,10,3.3,,,,,
5301110,Alfred Honesty,William & Mary,CAA,2025,,,,,,,,39,3,1,56,18.7,,,,,
5301111,Leon Clark,William & Mary,CAA,2025,,,,,,,,,,,,,3,2,0,0,0.0
5301116,Brayden Smalls,William & Mary,CAA,2025,,,,,,,,,,,,,2,4,0,7,3.5
5301128,Benny Denby,William & Mary,CAA,2025,,,,,,,,3,1,0,3,3.0,,,,,
5301130,Chandler Chapman,Southern Illinois,MVFC,2025,,,,,,,,23,11,0,49,4.5,78,44,6,465,6.0
5301181,Braden Reed,Villanova,CAA,2025,1,1,0,1.000,1,27,27.0,44,34,3,518,15.2,2,12,0,13,6.5
5301186,Sean Welde,Villanova,CAA,2025,,,,,,,,6,1,0,6,6.0,,,,,
5301188,Tyler Womack,Villanova,CAA,2025,,,,,,,,,,,,,4,26,0,26,6.5
5301189,Antonio Hunter,Howard,MEAC,2025,,,,,,,,42,23,0,275,12.0,3,8,0,10,3.3
5301190,CJ Neely,Howard,MEAC,2025,1,0,1,0.000,0,0,0.0,27,9,1,99,11.0,,,,,
5301192,John Simmons III,Howard,MEAC,2025,,,,,,,,19,5,1,45,9.0,,,,,
5301193,Terrell Russell,Howard,MEAC,2025,4,2,0,0.500,1,49,12.3,,,,,,1,7,0,7,7.0
5301194,Zaden Jackson,Howard,MEAC,2025,,,,,,,,52,15,1,152,10.1,,,,,
5301195,Eric Slater,Howard,MEAC,2025,,,,,,,,48,1,1,48,48.0,,,,,
5301201,Camren Brown,Howard,MEAC,2025,,,,,,,,,,,,,1,6,0,6,6.0
5301240,Kyree Paul,SE Louisiana,Southland,2025,,,,,,,,17,8,0,60,7.5,6,27,1,44,7.3
5301243,Lonnie Shinn,SE Louisiana,Southland,2025,,,,,,,,31,11,0,143,13.0,,,,,
5301244,Calvin Smith Jr.,SE Louisiana,Southland,2025,,,,,,,,11,2,0,14,7.0,75,25,5,413,5.5
5301249,Jasiah Barron,UAlbany,CAA,2025,,,,,,,,47,18,1,217,12.1,,,,,
5301250,BJ Norman,UAlbany,CAA,2025,,,,,,,,17,9,0,81,9.0,6,12,0,25,4.2
5301252,Frankie Williams,UAlbany,CAA,2025,,,,,,,,,,,,,1,4,0,4,4.0
5301256,Keon Kenner,UAlbany,CAA,2025,,,,,,,,,,,,,4,14,0,18,4.5
5301280,Jimmy Fomby,Murray State,MVFC,2025,,,,,,,,15,1,0,15,15.0,,,,,
5301282,Kaleb Bailey,Murray State,MVFC,2025,13,5,2,0.385,1,113,8.7,,,,,,24,16,0,120,5.0
5301318,Garrett Sanford,Murray State,MVFC,2025,1,1,0,1.000,0,5,5.0,,,,,,,,,,
5301323,Cameron Stancil,Murray State,MVFC,2025,,,,,,,,9,1,0,9,9.0,,,,,
5301330,Noah Berrini,Murray State,MVFC,2025,,,,,,,,15,1,0,15,15.0,,,,,
5301331,Ty Brown,Murray State,MVFC,2025,,,,,,,,13,4,0,31,7.8,,,,,
5301335,Brooks Kleinpeter,Murray State,MVFC,2025,,,,,,,,26,7,1,70,10.0,,,,,
5301345,Braylon Finney,Houston Christian,Southland,2025,,,,,,,,52,11,0,187,17.0,,,,,
5301346,Reilly Garcia,Houston Christian,Southland,2025,25,14,2,0.560,0,138,5.5,,,,,,19,7,0,-22,-1.2
5301352,Sudais Arowosaye,Houston Christian,Southland,2025,,,,,,,,,,,,,5,20,0,57,11.4
5301375,Sam Peiffer,Houston Christian,Southland,2025,,,,,,,,42,5,0,87,17.4,,,,,
5301379,Ravon Moore,Norfolk State,MEAC,2025,,,,,,,,8,2,0,10,5.0,5,11,0,20,4.0
5301380,Zachary Manning,Norfolk State,MEAC,2025,,,,,,,,,,,,,2,12,0,14,7.0
5301464,EJ Hartwell,Indiana State,MVFC,2025,,,,,,,,8,1,0,8,8.0,,,,,
5301465,Talan White-Hatch,Indiana State,MVFC,2025,,,,,,,,40,4,1,94,23.5,2,8,0,12,6.0
5301479,Charles Langama,North Dakota,MVFC,2025,,,,,,,,10,2,0,12,6.0,16,26,1,86,5.4
5301497,Nathan Hromadka,North Dakota,MVFC,2025,,,,,,,,21,8,3,84,10.5,,,,,
5301499,Jimmie Maxson III,North Dakota,MVFC,2025,,,,,,,,13,1,0,13,13.0,,,,,
5301522,Ran Sawyer,Southern Utah,UAC,2025,,,,,,,,56,3,0,84,28.0,3,5,0,7,2.3
5301527,Hubert Thomas,Southern Utah,UAC,2025,,,,,,,,,,,,,1,0,0,-3,-3.0
5301565,Trey Blakeney,Austin Peay,UAC,2025,,,,,,,,,,,,,1,0,0,-1,-1.0
5301572,Enelson Delva,Austin Peay,UAC,2025,,,,,,,,,,,,,5,14,0,25,5.0
5301576,Kamari Maxwell,Austin Peay,UAC,2025,,,,,,,,45,22,4,363,16.5,,,,,
5301622,Jeremiah Thomas,North Alabama,UAC,2025,,,,,,,,17,2,0,25,12.5,,,,,
5301655,John Austin,North Alabama,UAC,2025,49,25,1,0.510,2,286,5.8,,,,,,35,14,0,19,0.5
5301657,Andrew Indorf,Towson,CAA,2025,314,187,4,0.596,16,2344,7.5,,,,,,73,16,0,109,1.5
5301659,Kemarrion Battles,Towson,CAA,2025,,,,,,,,33,16,1,138,8.6,81,31,3,373,4.6
5301661,JaVon Ford II,Towson,CAA,2025,,,,,,,,,,,,,2,5,0,7,3.5
5301708,Nyir Jones,Lamar,Southland,2025,,,,,,,,50,2,0,49,24.5,,,,,
5301713,LaDamian McDowell,Lamar,Southland,2025,,,,,,,,24,7,0,61,8.7,55,54,2,328,6.0
5301718,Omarion Rasberry,Lamar,Southland,2025,,,,,,,,,,,,,17,12,1,83,4.9
5301723,Mason Stallons,Lamar,Southland,2025,1,0,0,0.000,0,0,0.0,,,,,,,,,,
5301725,Blake Thomas,Lamar,Southland,2025,,,,,,,,85,15,3,289,19.3,5,32,0,78,15.6
5301730,Kam Montgomery,Eastern Kentucky,UAC,2025,,,,,,,,,,,,,4,6,0,1,0.3
5301743,Jakobie Hughes,Eastern Kentucky,UAC,2025,,,,,,,,18,6,1,56,9.3,,,,,
5301779,Corey Blair Jr.,South Dakota State,MVFC,2025,,,,,,,,9,2,0,14,7.0,20,42,1,96,4.8
5301781,James Basinger,South Dakota State,MVFC,2025,,,,,,,,19,8,0,72,9.0,80,20,5,308,3.9
5301782,Josiah Johnson,South Dakota State,MVFC,2025,,,,,,,,0,1,0,-1,-1.0,78,16,6,320,4.1
5301816,Jett Peddy,Florida A&M,SWAC,2025,47,21,4,0.447,0,258,5.5,,,,,,6,7,0,-6,-1.0
5301817,RJ Johnson,Florida A&M,SWAC,2025,32,17,0,0.531,0,183,5.7,,,,,,7,11,0,5,0.7
5301818,Jamar Taylor,Florida A&M,SWAC,2025,,,,,,,,27,11,2,105,9.5,,,,,
5301833,Tyreik Thorpe,Florida A&M,SWAC,2025,,,,,,,,5,1,0,5,5.0,,,,,
5301842,Ty Durham,Central Arkansas,UAC,2025,,,,,,,,55,36,2,508,14.1,2,3,0,5,2.5
5301845,Tyrell Pollard,Central Arkansas,UAC,2025,1,0,1,0.000,0,0,0.0,76,26,7,515,19.8,,,,,
5301871,Cole Keller,East Tennessee State,Southern,2025,,,,,,,,24,22,2,226,10.3,,,,,
5301873,Jeremiah Harrison,East Tennessee State,Southern,2025,,,,,,,,55,38,5,652,17.2,,,,,
5301875,Jackson Byrd,East Tennessee State,Southern,2025,10,7,0,0.700,3,142,14.2,,,,,,8,20,1,41,5.1
5301882,Khalil Eichelberger,East Tennessee State,Southern,2025,,,,,,,,20,10,0,56,5.6,70,25,3,296,4.2
5301892,Jaiden Daniels,East Tennessee State,Southern,2025,,,,,,,,44,2,0,49,24.5,13,27,0,104,8.0
5301898,Charlie Browder,East Tennessee State,Southern,2025,,,,,,,,17,2,0,32,16.0,,,,,
5301916,Dominic Oliver,Utah Tech,UAC,2025,,,,,,,,16,5,0,50,10.0,,,,,
5301934,Maxwell Turner,Utah Tech,UAC,2025,,,,,,,,,,,,,3,9,0,15,5.0
5301948,Kaden Eggett,Utah Tech,UAC,2025,,,,,,,,48,24,0,266,11.1,,,,,
5301971,Richard Hollis,Western Carolina,Southern,2025,,,,,,,,,,,,,1,4,0,4,4.0
5301975,Jordan Martin-Durham,Western Carolina,Southern,2025,,,,,,,,,,,,,2,1,1,1,0.5
5301979,Josh Perry,Western Carolina,Southern,2025,,,,,,,,9,2,1,7,3.5,10,7,0,39,3.9
5301981,Michael Rossin,Western Carolina,Southern,2025,1,0,0,0.000,0,0,0.0,64,22,6,462,21.0,1,6,0,6,6.0
5301983,Marcus Striggles,Western Carolina,Southern,2025,,,,,,,,32,11,1,136,12.4,,,,,
5301984,Josiah Thomas,Western Carolina,Southern,2025,,,,,,,,20,28,3,228,8.1,,,,,
5301986,Trey Walker,Western Carolina,Southern,2025,,,,,,,,25,3,1,35,11.7,,,,,
5301987,Terrance Honeywood,Wofford,Southern,2025,,,,,,,,39,19,2,195,10.3,,,,,
5301988,Ihson Jackson-Anderson,Wofford,Southern,2025,,,,,,,,,,,,,12,20,0,70,5.8
5301989,Gerald Modest,Wofford,Southern,2025,,,,,,,,27,7,0,44,6.3,115,48,5,575,5.0
5301990,Jayden Whitaker,Wofford,Southern,2025,73,36,1,0.493,2,479,6.6,,,,,,23,10,0,-38,-1.7
5302026,Jack Ewell,Wofford,Southern,2025,,,,,,,,8,2,0,15,7.5,,,,,
5302027,Matt Flanders,Wofford,Southern,2025,,,,,,,,15,15,0,92,6.1,,,,,
5302028,Colby Alexander,Wofford,Southern,2025,,,,,,,,33,24,2,230,9.6,2,17,1,18,9.0
5302080,Beau Herrington,The Citadel,Southern,2025,,,,,,,,11,3,0,26,8.7,70,41,2,334,4.8
5302081,Xavier Hill,The Citadel,Southern,2025,,,,,,,,2,1,0,2,2.0,,,,,
5302082,Abijah Webb,The Citadel,Southern,2025,,,,,,,,11,1,0,11,11.0,,,,,
5302121,Carson Fletcher,South Dakota,MVFC,2025,,,,,,,,46,7,0,104,14.9,90,57,1,478,5.3
5302130,Brayden White,South Dakota,MVFC,2025,,,,,,,,3,2,0,1,0.5,,,,,
5302134,Brandon Campbell,Prairie View A&M,SWAC,2025,,,,,,,,23,4,0,38,9.5,10,7,0,17,1.7
5302165,Ke'Vondrick Taylor,Prairie View A&M,SWAC,2025,,,,,,,,,,,,,3,17,0,28,9.3
5302166,William Taylor,Prairie View A&M,SWAC,2025,,,,,,,,10,1,0,10,10.0,,,,,
5302255,Stephon Shivers,Tennessee State,Big South-OVC,2025,,,,,,,,,,,,,1,0,0,-1,-1.0
5302266,Donovan Brown,San Diego State,Mountain West,2025,,,,,,,,52,33,2,518,15.7,3,6,0,8,2.7
5302415,Aydden Moody-Copeland,Alabama State,SWAC,2025,,,,,,,,,,,,,5,4,1,12,2.4
5302416,Nehemiah Hixon,Alabama State,SWAC,2025,,,,,,,,8,5,0,24,4.8,,,,,
5302419,DJ Brown,Alabama State,SWAC,2025,,,,,,,,,,,,,2,2,0,4,2.0
5302425,Ricky Nichols,Alabama State,SWAC,2025,,,,,,,,7,1,0,7,7.0,,,,,
5302434,Nick Clark,Alabama State,SWAC,2025,,,,,,,,0,1,0,6,6.0,,,,,
5302452,Fernando Washington,Northwestern State,Southland,2025,,,,,,,,,,,,,1,0,0,-1,-1.0
5302454,Eli Anderson,Northwestern State,Southland,2025,52,29,1,0.558,2,290,5.6,,,,,,29,17,0,23,0.8
5302458,Trevor Allen Jr.,Northwestern State,Southland,2025,,,,,,,,9,2,0,7,3.5,13,6,0,36,2.8
5302466,Zack Stone,Northwestern State,Southland,2025,,,,,,,,,,,,,1,15,0,15,15.0
5302468,Jimmie Duncan,Northwestern State,Southland,2025,,,,,,,,59,9,0,132,14.7,2,6,0,6,3.0
5302469,Brendan Webb,Northwestern State,Southland,2025,,,,,,,,78,8,2,174,21.8,3,21,0,32,10.7
5302500,Nana Utsey,VMI,Southern,2025,41,15,2,0.366,0,215,5.2,,,,,,57,18,3,197,3.5
5302501,Ian Reynolds,VMI,Southern,2025,1,0,0,0.000,0,0,0.0,,,,,,1,3,0,3,3.0
5302525,Halim Hardnett,VMI,Southern,2025,,,,,,,,8,1,0,8,8.0,1,0,0,-5,-5.0
5302526,Julio Carrecter,VMI,Southern,2025,,,,,,,,41,4,0,90,22.5,1,1,0,1,1.0
5302527,Traveion Slaughter,VMI,Southern,2025,,,,,,,,65,3,0,87,29.0,,,,,
5302597,Richard Perkins Jr.,Wagner,NEC,2025,,,,,,,,33,9,0,78,8.7,1,0,0,0,0.0
5302599,Uriah Moats-Maynard,Wagner,NEC,2025,,,,,,,,,,,,,5,4,0,10,2.0
5302607,Karlos Grier,Wagner,NEC,2025,,,,,,,,5,1,0,5,5.0,,,,,
5302638,Benjamin Newman,Wagner,NEC,2025,3,2,0,0.667,0,3,1.0,,,,,,1,0,0,-2,-2.0
5302641,Malik Redd,Wagner,NEC,2025,,,,,,,,62,16,2,206,12.9,2,2,0,-3,-1.5
5302650,Jahlun Flud,Morgan State,MEAC,2025,,,,,,,,14,8,0,61,7.6,1,18,0,18,18.0
5302651,Alex Simmons,Morgan State,MEAC,2025,,,,,,,,29,7,0,55,7.9,,,,,
5302652,Josiah Bushnell,Morgan State,MEAC,2025,,,,,,,,,,,,,6,38,1,50,8.3
5302653,Jayden Jackson,Morgan State,MEAC,2025,,,,,,,,11,2,0,15,7.5,,,,,
5302655,Dante Archie,Morgan State,MEAC,2025,1,1,0,1.000,1,28,28.0,7,2,0,12,6.0,,,,,
5302656,Justin Perry,Morgan State,MEAC,2025,,,,,,,,43,22,5,405,18.4,,,,,
5302660,Rahmise Jones,Morgan State,MEAC,2025,,,,,,,,44,6,0,120,20.0,1,6,0,6,6.0
5302682,Eli Friend,Princeton,Ivy,2025,,,,,,,,,,,,,1,0,0,0,0.0
5302686,Chance Arthur,Princeton,Ivy,2025,,,,,,,,9,1,0,9,9.0,5,6,0,23,4.6
5302693,Charles Kaludis,Princeton,Ivy,2025,,,,,,,,2,1,0,2,2.0,,,,,
5302702,Josh Robinson,Princeton,Ivy,2025,,,,,,,,48,46,2,569,12.4,4,3,0,-1,-0.3
5303173,Galamama Mulbah,Merrimack,FCS Independents,2025,,,,,,,,20,1,0,20,20.0,47,45,2,240,5.1
5303183,Bryson Broadway,Stephen F. Austin,Southland,2025,7,5,0,0.714,1,40,5.7,,,,,,1,0,0,-2,-2.0
5303184,Myles Lopez,Stephen F. Austin,Southland,2025,2,1,0,0.500,0,-8,-4.0,,,,,,,,,,
5303186,JT Kitna,Stephen F. Austin,Southland,2025,5,3,0,0.600,1,35,7.0,,,,,,2,3,1,5,2.5
5303299,Terrence Rone,Delaware State,MEAC,2025,,,,,,,,45,14,0,227,16.2,2,5,0,4,2.0
5303302,Sean Weston,Delaware State,MEAC,2025,,,,,,,,13,6,0,39,6.5,27,18,1,112,4.1
5303304,Titus Lyles,Delaware State,MEAC,2025,1,1,0,1.000,1,35,35.0,,,,,,1,10,0,10,10.0
5303330,Jadyn Robinson,Delaware State,MEAC,2025,,,,,,,,35,1,1,35,35.0,,,,,
5303331,Jason Stone,Delaware State,MEAC,2025,,,,,,,,5,1,0,5,5.0,,,,,
5303335,Maury Sullivan,Tennessee Tech,Big South-OVC,2025,,,,,,,,48,49,4,596,12.2,,,,,
5303353,Maurice Sims,Tennessee Tech,Big South-OVC,2025,,,,,,,,,,,,,14,78,1,134,9.6
5303362,Christian Peters,Arkansas-Pine Bluff,SWAC,2025,289,162,9,0.561,12,1924,6.7,,,,,,75,22,2,249,3.3
5303364,Garrison Davis,Arkansas-Pine Bluff,SWAC,2025,20,13,0,0.650,0,86,4.3,,,,,,14,13,1,48,3.4
5303366,Bryant Sanchez,Arkansas-Pine Bluff,SWAC,2025,,,,,,,,24,8,0,42,5.3,29,19,0,151,5.2
5303367,Jaylen Jennings,Arkansas-Pine Bluff,SWAC,2025,,,,,,,,53,12,1,157,13.1,177,56,10,839,4.7
5303370,Jalen Morris,Arkansas-Pine Bluff,SWAC,2025,,,,,,,,,,,,,3,7,0,8,2.7
5303372,Montrell Martin,Arkansas-Pine Bluff,SWAC,2025,,,,,,,,5,2,0,5,2.5,,,,,
5303386,De'Ontae Clark,Arkansas-Pine Bluff,SWAC,2025,,,,,,,,2,1,0,2,2.0,,,,,
5303387,Ellis Stewart,Arkansas-Pine Bluff,SWAC,2025,,,,,,,,32,27,6,320,11.9,1,3,0,3,3.0
5303389,Tyreke Jinks,Arkansas-Pine Bluff,SWAC,2025,,,,,,,,13,5,1,37,7.4,,,,,
5303820,Matt Chandler,New Haven,NEC,2025,,,,,,,,27,11,1,106,9.6,,,,,
5303822,Zaon Laney,New Haven,NEC,2025,,,,,,,,12,3,0,19,6.3,51,65,4,280,5.5
5303823,Jayden Shwed,New Haven,NEC,2025,1,1,0,1.000,1,20,20.0,6,7,0,24,3.4,25,8,1,52,2.1
5303826,Evan Chieca,New Haven,NEC,2025,,,,,,,,34,31,4,255,8.2,,,,,
5303833,Jake Triptree,New Haven,NEC,2025,3,3,0,1.000,0,9,3.0,,,,,,,,,,
5303835,Logan Schmidt,New Haven,NEC,2025,,,,,,,,41,5,3,122,24.4,,,,,
5303836,Ty Cannistraro,New Haven,NEC,2025,,,,,,,,4,1,1,4,4.0,,,,,
5303848,Rowan Johnston,New Haven,NEC,2025,,,,,,,,,,,,,10,22,0,47,4.7
5303860,Jalen Smith,New Haven,NEC,2025,,,,,,,,49,24,1,203,8.5,59,73,1,462,7.8
5303874,Andrew Picard,New Haven,NEC,2025,,,,,,,,2,1,0,2,2.0,,,,,
5303904,Issac Glaudin,New Haven,NEC,2025,,,,,,,,50,20,2,279,14.0,1,0,0,0,0.0
5303911,Jonathan Lawson,New Haven,NEC,2025,,,,,,,,70,4,1,114,28.5,,,,,
5303997,Brenden Hodge,St. Francis (PA),NEC,2025,,,,,,,,47,14,0,215,15.4,,,,,
5303998,Jake Hamilton,St. Francis (PA),NEC,2025,12,5,2,0.417,0,46,3.8,,,,,,4,10,0,16,4.0
5303999,DJ Maultsby,St. Francis (PA),NEC,2025,,,,,,,,56,20,1,307,15.4,1,0,0,-8,-8.0
5304001,Lukas Gilland,St. Francis (PA),NEC,2025,,,,,,,,71,5,0,107,21.4,1,9,0,9,9.0
5304030,Peyton Nelson,St. Francis (PA),NEC,2025,,,,,,,,36,32,0,245,7.7,,,,,
5304032,Ricky Fittin,St. Francis (PA),NEC,2025,,,,,,,,7,1,0,7,7.0,,,,,
5304039,Emmanuel Dyson,St. Francis (PA),NEC,2025,,,,,,,,10,7,0,43,6.1,,,,,
5304045,Malik Kemp,Mississippi Valley State,SWAC,2025,2,0,0,0.000,0,0,0.0,,,,,,13,11,0,21,1.6
5304058,Natwan Webster,Mississippi Valley State,SWAC,2025,,,,,,,,10,8,0,46,5.8,34,10,2,106,3.1
5304062,Amar'e Pam,Mississippi Valley State,SWAC,2025,,,,,,,,,,,,,1,0,0,0,0.0
5304069,Norman Taylor,Mississippi Valley State,SWAC,2025,2,0,0,0.000,0,0,0.0,22,15,0,110,7.3,69,37,3,291,4.2
5304080,Chauncey Sneed,Mississippi Valley State,SWAC,2025,,,,,,,,20,5,0,39,7.8,1,0,0,-7,-7.0
5304081,Christian White,Mississippi Valley State,SWAC,2025,,,,,,,,50,20,2,389,19.5,1,10,0,10,10.0
5304082,Matthew Williams,Mississippi Valley State,SWAC,2025,,,,,,,,,,,,,1,0,0,-4,-4.0
5304083,Shade Schaefer,Mississippi Valley State,SWAC,2025,,,,,,,,15,10,0,70,7.0,3,7,0,7,2.3
5304084,Eugene Luckett,Mississippi Valley State,SWAC,2025,,,,,,,,6,4,0,7,1.8,,,,,
5304085,Caleb Brownlow,Mississippi Valley State,SWAC,2025,,,,,,,,53,15,2,172,11.5,2,12,0,17,8.5
5304090,Kingston Tisdell,Weber State,Big Sky,2025,76,43,2,0.566,3,442,5.8,,,,,,4,6,0,11,2.8
5304102,Kelton Wafer,Weber State,Big Sky,2025,,,,,,,,42,19,0,188,9.9,1,5,0,5,5.0
5304109,Zion Finau,Weber State,Big Sky,2025,,,,,,,,,,,,,1,3,0,3,3.0
5304114,Spencer Ferguson,Weber State,Big Sky,2025,,,,,,,,28,8,1,82,10.3,43,50,3,239,5.6
5304122,Robert Young,Weber State,Big Sky,2025,,,,,,,,27,6,0,60,10.0,,,,,
5304135,Camden Lewis,Mercyhurst,NEC,2025,,,,,,,,12,8,1,46,5.8,,,,,
5304138,Jameir Gamble,Mercyhurst,NEC,2025,,,,,,,,14,6,0,36,6.0,31,28,1,152,4.9
5304166,Jason Woods,Mercyhurst,NEC,2025,,,,,,,,20,8,0,41,5.1,4,7,0,12,3.0
5304168,Chandler Shields,Mercyhurst,NEC,2025,,,,,,,,0,2,0,-1,-0.5,,,,,
5304322,Juan Rodriguez,Bethune-Cookman,SWAC,2025,,,,,,,,11,7,0,43,6.1,19,20,1,65,3.4
5304325,Rashon Brown,Bethune-Cookman,SWAC,2025,,,,,,,,7,1,0,7,7.0,23,17,1,131,5.7
5304333,Deanwar Johnson,Bethune-Cookman,SWAC,2025,,,,,,,,,,,,,3,3,0,5,1.7
5306715,Dj Jordan,USC,Big Ten,2025,,,,,,,,3,1,0,3,3.0,,,,,
550577,Jordan Brown,Fresno State,Mountain West,2025,,,,,,,,28,10,1,92,9.2,,,,,
553348,Jake Ryder,Villanova,CAA,2025,1,1,0,1.000,0,0,0.0,,,,,,1,0,0,-1,-1.0
560242,Daniel King,Southern Utah,UAC,2025,1,1,0,1.000,0,8,8.0,,,,,,,,,,
