name,position,from_school,to_school,status,nil_valuation,stars,rating,national_rank,position_rank,class_year,commit_date,headshot_url,profile_url,source
Carson Beck,QB,Georgia Bulldogs,Miami Hurricanes,Committed,1564905,5.0,98.0,1.0,1.0,2020,2025-01-10T11:46:00,https://on3static.com/uploads/dev/assets/526/2/2526.jpg,https://www.on3.com/db/carson-beck-18711/,portal_industry_football_2025
Nico Iamaleava,QB,Tennessee Volunteers,UCLA Bruins,Committed,491614,4.0,95.0,4.0,3.0,2023,2025-04-20T17:00:00,https://on3static.com/uploads/assets/207/226/226207.jpeg,https://www.on3.com/db/nico-iamaleava-145284/,portal_industry_football_2025
John Mateer,QB,Washington State Cougars,Oklahoma Sooners,Committed,1998245,4.0,95.0,3.0,2.0,2022,2024-12-18T18:21:00,https://on3static.com/uploads/assets/299/383/383299.png,https://www.on3.com/db/john-mateer-63401/,portal_industry_football_2025
Eric Singleton Jr.,WR,Georgia Tech Yellow Jackets,Auburn Tigers,Committed,878201,4.0,95.0,7.0,1.0,2023,2024-12-23T06:30:00,https://on3static.com/uploads/assets/659/396/396659.jpg,https://www.on3.com/db/eric-singleton-jr-155719/,portal_industry_football_2025
Isaiah World,OT,Nevada Wolf Pack,Oregon Ducks,Committed,261847,4.0,95.0,5.0,1.0,2021,2024-12-18T22:40:00,https://on3static.com/uploads/assets/389/391/391389.jpg,https://www.on3.com/db/isaiah-world-49880/,portal_industry_football_2025
Dillon Thieneman,S,Purdue Boilermakers,Oregon Ducks,Committed,375685,4.0,95.0,6.0,1.0,2023,2024-12-14T16:25:00,https://on3static.com/uploads/assets/316/396/396316.jpg,https://www.on3.com/db/dillon-thieneman-147814/,portal_industry_football_2025
Damon Wilson II,EDGE,Georgia Bulldogs,Missouri Tigers,Committed,1313993,4.0,92.0,20.0,2.0,2023,2025-01-14T20:33:00,https://on3static.com/uploads/assets/341/401/401341.png,https://www.on3.com/db/damon-wilson-ii-28748/,portal_industry_football_2025
Zachariah Branch,WR,USC Trojans,Georgia Bulldogs,Committed,847346,4.0,91.0,33.0,9.0,2023,2025-01-05T16:03:00,https://on3static.com/uploads/assets/660/396/396660.jpg,https://www.on3.com/db/zachariah-branch-123186/,portal_industry_football_2025
Kevin Concepcion,WR,NC State Wolfpack,Texas A&M Aggies,Committed,621660,4.0,93.0,10.0,2.0,2023,2024-12-29T12:57:00,https://on3static.com/uploads/assets/658/396/396658.jpg,https://www.on3.com/db/kevin-concepcion-146422/,portal_industry_football_2025
David Bailey,EDGE,Stanford Cardinal,Texas Tech Red Raiders,Committed,182231,4.0,96.0,2.0,1.0,2022,2025-04-04T20:36:00,https://on3static.com/uploads/assets/608/410/410608.jpg,https://www.on3.com/db/david-bailey-144758/,portal_industry_football_2025
Duce Robinson,WR,USC Trojans,Florida State Seminoles,Committed,1336221,4.0,91.0,30.0,6.0,2023,2024-12-22T18:59:00,https://on3static.com/uploads/assets/962/218/218962.png,https://www.on3.com/db/duce-robinson-39307/,portal_industry_football_2025
Fernando Mendoza,QB,California Golden Bears,Indiana Hoosiers,Committed,386639,4.0,93.0,12.0,4.0,2022,2024-12-24T10:09:00,https://on3static.com/uploads/assets/832/391/391832.png,https://www.on3.com/db/fernando-mendoza-43783/,portal_industry_football_2025
Makhi Hughes,RB,Tulane Green Wave,Oregon Ducks,Committed,257527,4.0,95.0,8.0,1.0,2022,2025-01-07T18:00:00,https://on3static.com/uploads/assets/642/214/214642.jpeg,https://www.on3.com/db/makhi-hughes-145512/,portal_industry_football_2025
Xavier Chaplin,OT,Virginia Tech Hokies,Auburn Tigers,Committed,513617,4.0,92.0,18.0,2.0,2022,2024-12-15T05:28:00,https://on3static.com/uploads/assets/870/86/86870.jpeg,https://www.on3.com/db/xavier-chaplin-146138/,portal_industry_football_2025
Nic Anderson,WR,Oklahoma Sooners,LSU Tigers,Committed,471616,4.0,90.0,23.0,4.0,2022,2024-12-17T20:01:00,https://on3static.com/uploads/assets/154/86/86154.jpeg,https://www.on3.com/db/nic-anderson-92095/,portal_industry_football_2025
Max Klare,TE,Purdue Boilermakers,Ohio State Buckeyes,Committed,127717,4.0,93.0,11.0,1.0,2022,2024-12-23T17:21:00,https://on3static.com/uploads/assets/317/396/396317.jpg,https://www.on3.com/db/max-klare-86636/,portal_industry_football_2025
Barion Brown,WR,Kentucky Wildcats,LSU Tigers,Committed,443156,4.0,92.0,22.0,3.0,2022,2024-12-14T16:53:00,https://on3static.com/uploads/assets/663/396/396663.jpg,https://www.on3.com/db/barion-brown-9299/,portal_industry_football_2025
Patrick Payton,EDGE,Florida State Seminoles,LSU Tigers,Committed,233150,4.0,90.0,106.0,14.0,2021,2024-12-22T11:21:00,https://on3static.com/uploads/assets/227/242/242227.jpeg,https://www.on3.com/db/patrick-payton-95523/,portal_industry_football_2025
Williams Nwaneri,EDGE,Missouri Tigers,Nebraska Cornhuskers,Committed,430970,4.0,90.0,76.0,11.0,2024,2024-12-12T16:09:00,https://on3static.com/uploads/assets/107/394/394107.jpg,https://www.on3.com/db/williams-nwaneri-147169/,portal_industry_football_2025
Tacario Davis,CB,Arizona Wildcats,Washington Huskies,Committed,322670,4.0,93.0,14.0,2.0,2022,2025-01-07T14:59:00,https://on3static.com/uploads/assets/132/392/392132.jpg,https://www.on3.com/db/tacario-davis-109666/,portal_industry_football_2025
Dane Key,WR,Kentucky Wildcats,Nebraska Cornhuskers,Committed,0,4.0,91.0,32.0,8.0,2022,2024-12-24T13:25:00,https://on3static.com/uploads/assets/662/396/396662.jpg,https://www.on3.com/db/dane-key-29015/,portal_industry_football_2025
Princewill Umanmielen,EDGE,Nebraska Cornhuskers,Ole Miss Rebels,Committed,1409339,4.0,90.0,74.0,10.0,2023,2024-12-14T20:11:00,https://on3static.com/uploads/assets/649/336/336649.png,https://www.on3.com/db/princewill-umanmielen-147578/,portal_industry_football_2025
Will Heldt,EDGE,Purdue Boilermakers,Clemson Tigers,Committed,993723,4.0,91.0,39.0,5.0,2023,2024-12-19T15:58:00,https://on3static.com/uploads/assets/789/390/390789.jpg,https://www.on3.com/db/will-heldt-151221/,portal_industry_football_2025
Noah Thomas,WR,Texas A&M Aggies,Georgia Bulldogs,Committed,585763,4.0,91.0,54.0,12.0,2022,2025-01-07T16:42:00,https://on3static.com/uploads/assets/762/398/398762.png,https://www.on3.com/db/noah-thomas-93778/,portal_industry_football_2025
Josh Thompson,IOL,Northwestern Wildcats,LSU Tigers,Committed,513870,4.0,91.0,40.0,2.0,2021,2024-12-27T15:45:00,https://on3static.com/uploads/assets/71/396/396071.png,https://www.on3.com/db/josh-thompson-67672/,portal_industry_football_2025
Howard Sampson,OT,North Carolina Tar Heels,Texas Tech Red Raiders,Committed,1290073,4.0,91.0,42.0,4.0,2022,2024-12-18T15:16:00,https://on3static.com/uploads/assets/982/268/268982.png,https://www.on3.com/db/howard-sampson-150534/,portal_industry_football_2025
Emmanuel Pregnon,IOL,USC Trojans,Oregon Ducks,Committed,461503,4.0,90.0,98.0,9.0,2020,2025-01-14T10:01:00,https://on3static.com/uploads/assets/958/218/218958.png,https://www.on3.com/db/emmanuel-pregnon-146036/,portal_industry_football_2025
Jeremiah Wilson,CB,Houston Cougars,Florida State Seminoles,Committed,0,4.0,93.0,9.0,1.0,2022,2025-04-25T17:39:00,https://on3static.com/uploads/assets/134/392/392134.jpg,https://www.on3.com/db/jeremiah-wilson-60247/,portal_industry_football_2025
Jaron-Keawe Sagapolutele,QB,Oregon Ducks,California Golden Bears,Committed,1811056,4.0,90.0,99.0,10.0,2025,2025-01-05T13:22:00,https://on3static.com/uploads/assets/779/365/365779.jpg,https://www.on3.com/db/jaron-keawe-sagapolutele-158482/,portal_industry_football_2025
A.J. Haulcy,S,Houston Cougars,LSU Tigers,Committed,0,4.0,93.0,13.0,2.0,2022,2025-05-04T21:05:00,https://on3static.com/uploads/assets/941/450/450941.png,https://www.on3.com/db/aj-haulcy-1429/,portal_industry_football_2025
Darian Mensah,QB,Tulane Green Wave,Duke Blue Devils,Committed,2161001,4.0,92.0,19.0,5.0,2023,2024-12-11T10:51:00,https://on3static.com/uploads/assets/133/392/392133.jpg,https://www.on3.com/db/darian-mensah-153939/,portal_industry_football_2025
Thaddeus Dixon,CB,Washington Huskies,North Carolina Tar Heels,Committed,0,4.0,93.0,15.0,3.0,2020,2025-01-18T15:08:00,https://on3static.com/uploads/assets/44/465/465044.png,https://www.on3.com/db/thaddeus-dixon-112089/,portal_industry_football_2025
Lee Hunter,DL,UCF Knights,Texas Tech Red Raiders,Committed,493751,4.0,92.0,17.0,1.0,2021,2024-12-18T09:50:00,https://on3static.com/uploads/assets/504/393/393504.jpg,https://www.on3.com/db/lee-hunter-144243/,portal_industry_football_2025
Malachi Fields,WR,Virginia Cavaliers,Notre Dame Fighting Irish,Committed,0,4.0,91.0,29.0,5.0,2021,2024-12-23T16:12:00,https://on3static.com/uploads/assets/412/16/16412.jpeg,https://www.on3.com/db/malachi-fields-81419/,portal_industry_football_2025
Braelin Moore,IOL,Virginia Tech Hokies,LSU Tigers,Committed,788231,4.0,91.0,57.0,8.0,2022,2024-12-21T14:05:00,https://on3static.com/uploads/assets/734/396/396734.jpg,https://www.on3.com/db/braelin-moore-11979/,portal_industry_football_2025
Kevin Coleman Jr.,WR,Mississippi State Bulldogs,Missouri Tigers,Committed,247496,4.0,91.0,31.0,7.0,2022,2024-12-14T12:09:00,https://on3static.com/uploads/assets/320/396/396320.jpg,https://www.on3.com/db/kevin-coleman-jr-73980/,portal_industry_football_2025
Beau Atkinson,EDGE,North Carolina Tar Heels,Ohio State Buckeyes,Committed,0,4.0,91.0,35.0,4.0,2022,2025-04-23T22:43:00,https://on3static.com/uploads/assets/778/440/440778.jpg,https://www.on3.com/db/beau-atkinson-9466/,portal_industry_football_2025
Tanner Koziol,TE,Wisconsin Badgers,Houston Cougars,Committed,0,4.0,92.0,24.0,2.0,2021,2025-04-17T18:32:00,https://on3static.com/uploads/assets/612/264/264612.jpeg,https://www.on3.com/db/tanner-koziol-110127/,portal_industry_football_2025
Ahmad Hardy,RB,Louisiana-Monroe Warhawks,Missouri Tigers,Committed,1125510,4.0,93.0,16.0,2.0,2024,2024-12-18T20:18:00,https://on3static.com/uploads/assets/362/391/391362.png,https://www.on3.com/db/ahmad-hardy-240668/,portal_industry_football_2025
Elo Modozie,LB,Army Black Knights,Georgia Bulldogs,Committed,0,4.0,90.0,95.0,4.0,2022,2025-04-20T19:17:00,https://on3static.com/uploads/assets/356/440/440356.png,https://www.on3.com/db/elo-modozie-250623/,portal_industry_football_2025
CJ Daniels,WR,LSU Tigers,Miami Hurricanes,Committed,212495,4.0,91.0,51.0,10.0,2020,2024-12-18T10:27:00,https://on3static.com/uploads/assets/747/349/349747.jpg,https://www.on3.com/db/cj-daniels-23587/,portal_industry_football_2025
Justice Haynes,RB,Alabama Crimson Tide,Michigan Wolverines,Committed,799115,4.0,91.0,45.0,4.0,2023,2024-12-24T18:40:00,https://on3static.com/uploads/assets/641/225/225641.jpeg,https://www.on3.com/db/justice-haynes-68957/,portal_industry_football_2025
Jaydn Ott,RB,California Golden Bears,Oklahoma Sooners,Committed,0,4.0,91.0,34.0,3.0,2022,2025-04-15T18:24:00,https://on3static.com/uploads/assets/160/440/440160.png,https://www.on3.com/db/jaydn-ott-58735/,portal_industry_football_2025
David Gusta,DL,Washington State Cougars,Kentucky Wildcats,Committed,262991,4.0,91.0,61.0,2.0,2021,2025-01-04T19:25:00,https://on3static.com/uploads/assets/632/16/16632.jpeg,https://www.on3.com/db/david-gusta-31720/,portal_industry_football_2025
Luke Kromenhoek,QB,Florida State Seminoles,Mississippi State Bulldogs,Committed,0,4.0,90.0,100.0,11.0,2024,2024-12-17T11:45:00,https://on3static.com/uploads/assets/117/392/392117.jpg,https://www.on3.com/db/luke-kromenhoek-151843/,portal_industry_football_2025
Hunter Zambrano,OT,Illinois State Redbirds,Texas Tech Red Raiders,Committed,240777,4.0,90.0,71.0,9.0,2020,2024-12-11T17:00:00,https://on3static.com/uploads/assets/668/396/396668.jpg,https://www.on3.com/db/hunter-zambrano-48683/,portal_industry_football_2025
Luke Petitbon,IOL,Wake Forest Demon Deacons,Florida State Seminoles,Committed,289170,4.0,91.0,47.0,4.0,2020,2024-12-26T16:51:00,https://on3static.com/uploads/assets/321/396/396321.jpg,https://www.on3.com/db/luke-petitbon-80831/,portal_industry_football_2025
Keeshawn Silver,DL,Kentucky Wildcats,USC Trojans,Committed,115295,4.0,90.0,110.0,6.0,2021,2024-12-19T13:27:00,https://on3static.com/uploads/dev/assets/113/10/10113.jpg,https://www.on3.com/db/keeshawn-silver-71916/,portal_industry_football_2025
Luke Hasz,TE,Arkansas Razorbacks,Ole Miss Rebels,Committed,0,4.0,90.0,77.0,5.0,2023,2024-12-14T11:47:00,https://on3static.com/uploads/assets/915/303/303915.png,https://www.on3.com/db/luke-hasz-80689/,portal_industry_football_2025
Romello Height,EDGE,Georgia Tech Yellow Jackets,Texas Tech Red Raiders,Committed,0,4.0,90.0,68.0,7.0,2020,2024-12-19T12:36:00,https://on3static.com/uploads/assets/171/93/93171.png,https://www.on3.com/db/romello-height-101999/,portal_industry_football_2025
Ethan Onianwa,OT,Rice Owls,Ohio State Buckeyes,Committed,666477,4.0,90.0,63.0,7.0,2021,2024-12-24T09:27:00,https://on3static.com/uploads/assets/478/75/75478.jpeg,https://www.on3.com/db/ethan-onianwa-42999/,portal_industry_football_2025
Mansoor Delane,CB,Virginia Tech Hokies,LSU Tigers,Committed,0,4.0,90.0,64.0,8.0,2022,2024-12-16T15:37:00,https://on3static.com/uploads/assets/853/86/86853.jpeg,https://www.on3.com/db/mansoor-delane-82201/,portal_industry_football_2025
Josh Moten,CB,Marshall Thundering Herd,Southern Miss Golden Eagles,Committed,236074,4.0,91.0,36.0,5.0,2020,2024-12-25T17:40:00,https://on3static.com/uploads/assets/234/397/397234.jpg,https://www.on3.com/db/josh-moten-67384/,portal_industry_football_2025
Mark Gronowski,QB,South Dakota State Jackrabbits,Iowa Hawkeyes,Committed,0,4.0,90.0,89.0,8.0,2020,2025-01-07T16:48:00,https://on3static.com/uploads/assets/341/491/491341.jpg,https://www.on3.com/db/mark-gronowski-83415/,portal_industry_football_2025
Jack Endries,TE,California Golden Bears,Texas Longhorns,Committed,0,4.0,92.0,25.0,3.0,2022,2025-04-18T18:17:00,https://on3static.com/uploads/assets/683/439/439683.png,https://www.on3.com/db/jack-endries-51066/,portal_industry_football_2025
Dashawn Womack,EDGE,LSU Tigers,Ole Miss Rebels,Committed,206153,4.0,90.0,105.0,13.0,2023,2024-12-12T12:53:00,https://on3static.com/uploads/assets/154/392/392154.jpg,https://www.on3.com/db/dashawn-womack-31247/,portal_industry_football_2025
Julian Humphrey,CB,Georgia Bulldogs,Texas A&M Aggies,Committed,186679,3.0,89.0,167.0,25.0,2022,2024-12-15T07:17:00,https://on3static.com/uploads/assets/126/392/392126.jpg,https://www.on3.com/db/julian-humphrey-144371/,portal_industry_football_2025
Micah Hudson,WR,Texas A&M Aggies,Texas Tech Red Raiders,Committed,589700,4.0,90.0,80.0,14.0,2024,2025-04-27T15:00:00,https://on3static.com/uploads/assets/115/392/392115.jpg,https://www.on3.com/db/micah-hudson-145743/,portal_industry_football_2025
Charles Brantley,CB,Michigan State Spartans,Miami Hurricanes,Committed,223722,4.0,91.0,38.0,7.0,2021,2024-12-21T17:00:00,https://on3static.com/uploads/assets/63/235/235063.png,https://www.on3.com/db/charles-brantley-20038/,portal_industry_football_2025
Corey Robinson II,OT,Georgia Tech Yellow Jackets,Arkansas Razorbacks,Committed,467402,4.0,91.0,41.0,3.0,2021,2024-12-19T10:26:00,https://on3static.com/uploads/assets/578/86/86578.jpg,https://www.on3.com/db/corey-robinson-ii-26300/,portal_industry_football_2025
Zechariah Poyser,S,Jacksonville State Gamecocks,Miami Hurricanes,Committed,175000,4.0,90.0,84.0,5.0,2023,2024-12-17T15:10:00,https://on3static.com/uploads/assets/588/391/391588.png,https://www.on3.com/db/zechariah-poyser-177261/,portal_industry_football_2025
Rahsul Faison,RB,Utah State Aggies,South Carolina Gamecocks,Committed,0,4.0,90.0,67.0,8.0,2019,2025-01-07T18:06:00,https://on3static.com/uploads/assets/28/399/399028.jpg,https://www.on3.com/db/rahsul-faison-98019/,portal_industry_football_2025
Daniel King,OT,Troy Trojans,North Carolina Tar Heels,Committed,0,4.0,90.0,101.0,11.0,2019,2025-01-18T16:13:00,https://on3static.com/uploads/assets/979/470/470979.png,https://www.on3.com/db/daniel-king-29293/,portal_industry_football_2025
Derek Simmons,OT,Western Carolina Catamounts,Oklahoma Sooners,Committed,0,4.0,91.0,55.0,5.0,2020,2024-12-19T12:22:00,https://on3static.com/uploads/assets/757/386/386757.jpg,https://www.on3.com/db/derek-simmons-246745/,portal_industry_football_2025
Maalik Murphy,QB,Duke Blue Devils,Oregon State Beavers,Committed,0,3.0,89.0,238.0,22.0,2022,2024-12-19T13:29:00,https://on3static.com/uploads/assets/960/71/71960.jpeg,https://www.on3.com/db/maalik-murphy-81109/,portal_industry_football_2025
Jackson Arnold,QB,Oklahoma Sooners,Auburn Tigers,Committed,751904,4.0,90.0,72.0,7.0,2023,2024-12-14T09:27:00,https://on3static.com/uploads/assets/735/342/342735.png,https://www.on3.com/db/jackson-arnold-51487/,portal_industry_football_2025
Eric Rivers,WR,FIU Golden Panthers,Georgia Tech Yellow Jackets,Committed,0,4.0,90.0,93.0,16.0,2021,2024-12-18T19:03:00,https://on3static.com/uploads/assets/681/388/388681.png,https://www.on3.com/db/eric-rivers-42360/,portal_industry_football_2025
Rocco Spindler,IOL,Notre Dame Fighting Irish,Nebraska Cornhuskers,Committed,0,4.0,91.0,56.0,7.0,2021,2025-02-02T14:44:00,https://on3static.com/uploads/assets/942/235/235942.jpeg,https://www.on3.com/db/rocco-spindler-101472/,portal_industry_football_2025
Pat Coogan,IOL,Notre Dame Fighting Irish,Indiana Hoosiers,Committed,0,4.0,91.0,46.0,3.0,2021,2025-01-31T16:58:00,https://on3static.com/uploads/assets/860/235/235860.jpeg,https://www.on3.com/db/pat-coogan-95165/,portal_industry_football_2025
De'Zhaun Stribling,WR,Oklahoma State Cowboys,Ole Miss Rebels,Committed,0,4.0,91.0,62.0,13.0,2021,2024-12-17T15:27:00,https://on3static.com/uploads/dev/assets/518/3/3518.jpg,https://www.on3.com/db/dezhaun-stribling-32873/,portal_industry_football_2025
Alex Harkey,OT,Texas State Bobcats,Oregon Ducks,Committed,0,4.0,91.0,60.0,6.0,2020,2024-12-18T12:37:00,https://on3static.com/uploads/assets/120/392/392120.jpg,https://www.on3.com/db/alex-harkey-150445/,portal_industry_football_2025
Maraad Watson,DL,Syracuse Orange,Texas Longhorns,Committed,0,4.0,90.0,132.0,9.0,2024,2025-04-22T16:22:00,https://on3static.com/uploads/assets/128/442/442128.png,https://www.on3.com/db/maraad-watson-235834/,portal_industry_football_2025
Jimmori Robinson,EDGE,UTSA Roadrunners,West Virginia Mountaineers,Committed,0,4.0,90.0,73.0,9.0,2019,2025-01-17T10:37:00,https://on3static.com/uploads/assets/903/73/73903.jpeg,https://www.on3.com/db/jimmori-robinson-61663/,portal_industry_football_2025
Patrick Kutas,IOL,Arkansas Razorbacks,Ole Miss Rebels,Committed,232149,3.0,89.0,192.0,16.0,2022,2024-12-13T09:45:00,https://on3static.com/uploads/assets/970/303/303970.png,https://www.on3.com/db/patrick-kutas-95436/,portal_industry_football_2025
Wayshawn Parker,RB,Washington State Cougars,Utah Utes,Committed,417370,4.0,91.0,59.0,6.0,2024,2024-12-20T11:58:00,https://on3static.com/uploads/assets/733/396/396733.jpg,https://www.on3.com/db/wayshawn-parker-177148/,portal_industry_football_2025
Amare Campbell,LB,North Carolina Tar Heels,Penn State Nittany Lions,Committed,245502,4.0,91.0,58.0,2.0,2023,2025-05-06T19:42:00,https://on3static.com/uploads/assets/813/506/506813.png,https://www.on3.com/db/amare-campbell-146629/,portal_industry_football_2025
Nikhai Hill-Green,LB,Colorado Buffaloes,Alabama Crimson Tide,Committed,151204,4.0,90.0,124.0,7.0,2020,2024-12-21T19:29:00,https://on3static.com/uploads/dev/assets/953/6/6953.jpg,https://www.on3.com/db/nikhai-hill-green-93353/,portal_industry_football_2025
Mario Craver,WR,Mississippi State Bulldogs,Texas A&M Aggies,Committed,1040610,4.0,90.0,140.0,23.0,2024,2024-12-17T12:30:00,https://on3static.com/uploads/assets/266/332/332266.png,https://www.on3.com/db/mario-craver-150238/,portal_industry_football_2025
Jordan Dwyer,WR,Idaho Vandals,TCU Horned Frogs,Committed,285000,4.0,90.0,113.0,19.0,2022,2024-12-22T08:32:00,https://on3static.com/uploads/assets/730/396/396730.jpg,https://www.on3.com/db/jordan-dwyer-65420/,portal_industry_football_2025
Ethan O'Connor,CB,Washington State Cougars,Miami Hurricanes,Committed,484027,4.0,90.0,129.0,18.0,2023,2025-01-04T16:04:00,https://on3static.com/uploads/assets/318/396/396318.jpg,https://www.on3.com/db/ethan-oconnor-42998/,portal_industry_football_2025
James Williams,EDGE,Nebraska Cornhuskers,Florida State Seminoles,Committed,150014,4.0,90.0,69.0,8.0,2022,2024-12-17T17:31:00,https://on3static.com/uploads/assets/336/329/329336.png,https://www.on3.com/db/james-williams-236475/,portal_industry_football_2025
Mi'Quise Humphrey-Grace,EDGE,South Dakota Coyotes,Kentucky Wildcats,Committed,0,4.0,90.0,142.0,18.0,2022,2025-01-12T18:03:00,https://on3static.com/uploads/assets/750/396/396750.png,https://www.on3.com/db/miquise-humphrey-grace-89819/,portal_industry_football_2025
Monroe Mills,OT,Louisville Cardinals,Virginia Cavaliers,Committed,611833,4.0,90.0,70.0,8.0,2020,2025-01-10T17:57:00,https://on3static.com/uploads/assets/279/402/402279.png,https://www.on3.com/db/monroe-mills-90175/,portal_industry_football_2025
Brandon Cisse,CB,NC State Wolfpack,South Carolina Gamecocks,Committed,0,4.0,90.0,75.0,9.0,2023,2025-01-13T21:29:00,https://on3static.com/uploads/assets/539/225/225539.png,https://www.on3.com/db/brandon-cisse-151561/,portal_industry_football_2025
Nyziah Hunter,WR,California Golden Bears,Nebraska Cornhuskers,Committed,175019,4.0,90.0,139.0,22.0,2023,2024-12-19T16:52:00,https://on3static.com/uploads/assets/51/393/393051.jpg,https://www.on3.com/db/nyziah-hunter-148025/,portal_industry_football_2025
Miller Moss,QB,USC Trojans,Louisville Cardinals,Committed,406946,4.0,91.0,49.0,6.0,2021,2024-12-14T17:15:00,https://on3static.com/uploads/assets/651/94/94651.png,https://www.on3.com/db/miller-moss-89771/,portal_industry_football_2025
Bernard Gooden,DL,USF Bulls,LSU Tigers,Committed,0,4.0,90.0,88.0,4.0,2021,2025-04-26T11:01:00,https://on3static.com/uploads/assets/964/450/450964.png,https://www.on3.com/db/bernard-gooden-10290/,portal_industry_football_2025
Kendal Daniels,S,Oklahoma State Cowboys,Oklahoma Sooners,Committed,174800,4.0,90.0,85.0,6.0,2021,2025-01-06T10:59:00,https://on3static.com/uploads/assets/823/12/12823.jpeg,https://www.on3.com/db/kendal-daniels-72687/,portal_industry_football_2025
Theran Johnson,CB,Northwestern Wildcats,Oregon Ducks,Committed,308523,4.0,92.0,21.0,4.0,2021,2024-12-15T14:53:00,https://on3static.com/uploads/assets/112/16/16112.jpeg,https://www.on3.com/db/theran-johnson-144732/,portal_industry_football_2025
Ja'Keem Jackson,CB,Florida Gators,LSU Tigers,Committed,0,4.0,90.0,81.0,12.0,2023,2024-12-14T08:47:00,https://on3static.com/uploads/assets/130/392/392130.jpg,https://www.on3.com/db/jakeem-jackson-153754/,portal_industry_football_2025
Joe Cotton,OT,South Dakota Coyotes,Cincinnati Bearcats,Committed,330579,4.0,90.0,97.0,10.0,2022,2025-04-18T20:28:00,https://on3static.com/uploads/assets/916/437/437916.png,https://www.on3.com/db/joe-cotton-250547/,portal_industry_football_2025
Cameron Calhoun,CB,Utah Utes,Alabama Crimson Tide,Committed,209076,4.0,90.0,133.0,20.0,2023,2024-12-18T16:24:00,https://on3static.com/uploads/assets/404/271/271404.png,https://www.on3.com/db/cameron-calhoun-151067/,portal_industry_football_2025
Quinten Joyner,RB,USC Trojans,Texas Tech Red Raiders,Committed,0,4.0,91.0,53.0,5.0,2023,2024-12-19T16:07:00,https://on3static.com/uploads/assets/940/218/218940.png,https://www.on3.com/db/quinten-joyner-145533/,portal_industry_football_2025
Isaiah Horton,WR,Miami Hurricanes,Alabama Crimson Tide,Committed,186323,3.0,89.0,175.0,25.0,2022,2024-12-21T17:40:00,https://on3static.com/uploads/assets/512/222/222512.jpg,https://www.on3.com/db/isaiah-horton-144190/,portal_industry_football_2025
Fluff Bothwell,RB,South Alabama Jaguars,Mississippi State Bulldogs,Committed,348807,4.0,90.0,91.0,9.0,2024,2024-12-24T18:27:00,https://on3static.com/uploads/assets/114/392/392114.jpg,https://www.on3.com/db/fluff-bothwell-179793/,portal_industry_football_2025
Trebor Pena,WR,Syracuse Orange,Penn State Nittany Lions,Committed,0,4.0,90.0,92.0,15.0,2020,2025-04-26T10:35:00,https://on3static.com/uploads/assets/805/506/506805.png,https://www.on3.com/db/trebor-pena-115152/,portal_industry_football_2025
Brice Pollock,CB,Mississippi State Bulldogs,Texas Tech Red Raiders,Committed,849752,4.0,91.0,37.0,6.0,2023,2024-12-13T21:49:00,https://on3static.com/uploads/assets/856/222/222856.png,https://www.on3.com/db/brice-pollock-150489/,portal_industry_football_2025
Fa'alili Fa'amoe,IOL,Washington State Cougars,Wake Forest Demon Deacons,Committed,0,3.0,89.0,212.0,18.0,2020,2025-01-04T18:32:00,https://on3static.com/uploads/assets/198/24/24198.jpeg,https://www.on3.com/db/faalili-faamoe-43605/,portal_industry_football_2025
Khmori House,LB,Washington Huskies,North Carolina Tar Heels,Committed,0,3.0,89.0,162.0,11.0,2024,2024-12-21T16:14:00,https://on3static.com/uploads/assets/30/465/465030.png,https://www.on3.com/db/khmori-house-155378/,portal_industry_football_2025
Harrison Wallace,WR,Penn State Nittany Lions,Ole Miss Rebels,Committed,0,3.0,89.0,176.0,26.0,2021,2025-01-19T14:50:00,https://on3static.com/uploads/assets/831/12/12831.jpeg,https://www.on3.com/db/harrison-wallace-47640/,portal_industry_football_2025
Cole Brevard,DL,Purdue Boilermakers,Texas Longhorns,Committed,0,3.0,89.0,154.0,10.0,2020,2024-12-14T13:49:00,https://on3static.com/uploads/assets/242/397/397242.jpg,https://www.on3.com/db/cole-brevard-24621/,portal_industry_football_2025
Raion Strader,CB,Miami (OH) RedHawks,Auburn Tigers,Committed,0,4.0,90.0,109.0,13.0,2023,2024-12-16T14:06:00,https://on3static.com/uploads/assets/335/396/396335.jpg,https://www.on3.com/db/raion-strader-155683/,portal_industry_football_2025
DJ Harvey,CB,San Jose State Spartans,USC Trojans,Committed,185456,4.0,90.0,79.0,11.0,2021,2024-12-14T13:06:00,https://on3static.com/uploads/assets/422/16/16422.jpeg,https://www.on3.com/db/dj-harvey-37301/,portal_industry_football_2025
Reggie Virgil,WR,Miami (OH) RedHawks,Texas Tech Red Raiders,Committed,329589,4.0,90.0,111.0,17.0,2022,2024-12-13T23:29:00,https://on3static.com/uploads/assets/602/391/391602.png,https://www.on3.com/db/reggie-virgil-146238/,portal_industry_football_2025
Micah Pettus,OT,Ole Miss Rebels,Florida State Seminoles,Committed,220391,3.0,89.0,159.0,13.0,2021,2024-12-24T12:02:00,https://on3static.com/uploads/assets/720/15/15720.jpeg,https://www.on3.com/db/micah-pettus-87206/,portal_industry_football_2025
Carver Willis,OT,Kansas State Wildcats,Washington Huskies,Committed,0,3.0,89.0,233.0,19.0,2020,2024-12-12T22:22:00,https://on3static.com/uploads/assets/119/394/394119.jpg,https://www.on3.com/db/carver-willis-18983/,portal_industry_football_2025
Air Noland,QB,Ohio State Buckeyes,South Carolina Gamecocks,Committed,0,4.0,90.0,135.0,13.0,2024,2024-12-23T17:40:00,https://on3static.com/uploads/assets/330/396/396330.jpg,https://www.on3.com/db/air-noland-151588/,portal_industry_football_2025
Jaylon Braxton,CB,Arkansas Razorbacks,Ole Miss Rebels,Committed,134019,4.0,90.0,126.0,15.0,2023,2024-12-13T22:36:00,https://on3static.com/uploads/assets/178/66/66178.png,https://www.on3.com/db/jaylon-braxton-59085/,portal_industry_football_2025
David Blay,DL,Louisiana Tech Bulldogs,Miami Hurricanes,Committed,0,3.0,88.0,286.0,17.0,2021,2024-12-21T14:01:00,https://on3static.com/uploads/assets/653/396/396653.jpg,https://www.on3.com/db/david-blay-246932/,portal_industry_football_2025
Bradley Weaver,EDGE,Ohio Bobcats,Rutgers Scarlet Knights,Committed,0,4.0,90.0,115.0,16.0,2021,2025-01-08T13:17:00,https://on3static.com/uploads/assets/738/464/464738.png,https://www.on3.com/db/bradley-weaver-11821/,portal_industry_football_2025
O'Mega Blake,WR,Charlotte 49ers,Arkansas Razorbacks,Committed,0,3.0,89.0,182.0,29.0,2021,2024-12-24T10:44:00,https://on3static.com/uploads/assets/95/257/257095.jpg,https://www.on3.com/db/omega-blake-94084/,portal_industry_football_2025
CJ Donaldson,RB,West Virginia Mountaineers,Ohio State Buckeyes,Committed,0,4.0,90.0,121.0,12.0,2022,2024-12-23T15:09:00,https://on3static.com/uploads/assets/801/85/85801.jpeg,https://www.on3.com/db/cj-donaldson-32785/,portal_industry_football_2025
Sincere Edwards,EDGE,Pittsburgh Panthers,UCF Knights,Committed,0,4.0,90.0,116.0,17.0,2024,2025-01-02T12:17:00,https://on3static.com/uploads/assets/683/564/564683.PNG,https://www.on3.com/db/sincere-edwards-107539/,portal_industry_football_2025
Alexander Wollschlaeger,OT,Bowling Green Falcons,Kentucky Wildcats,Committed,0,3.0,89.0,213.0,16.0,2020,2024-12-16T10:55:00,https://on3static.com/uploads/assets/122/394/394122.jpg,https://www.on3.com/db/alexander-wollschlaeger-3600/,portal_industry_football_2025
Jack Pyburn,EDGE,Florida Gators,LSU Tigers,Committed,0,3.0,89.0,257.0,31.0,2022,2024-12-16T11:15:00,https://on3static.com/uploads/assets/522/393/393522.png,https://www.on3.com/db/jack-pyburn-146071/,portal_industry_football_2025
J.Michael Sturdivant,WR,UCLA Bruins,Florida Gators,Committed,0,3.0,89.0,207.0,33.0,2021,2024-12-19T22:38:00,https://on3static.com/uploads/assets/832/12/12832.jpeg,https://www.on3.com/db/jmichael-sturdivant-50454/,portal_industry_football_2025
Terrance Carter,TE,Louisiana Ragin Cajuns,Texas Tech Red Raiders,Committed,692375,4.0,90.0,65.0,4.0,2022,2024-12-17T16:54:00,https://on3static.com/uploads/assets/604/391/391604.png,https://www.on3.com/db/terrance-carter-111321/,portal_industry_football_2025
Delano Townsend,IOL,UAB Blazers,Ole Miss Rebels,Committed,0,3.0,89.0,245.0,27.0,2023,2024-12-19T11:52:00,https://on3static.com/uploads/assets/131/392/392131.jpg,https://www.on3.com/db/delano-townsend-156048/,portal_industry_football_2025
Kelby Collins,EDGE,Florida Gators,Alabama Crimson Tide,Committed,201230,3.0,88.0,285.0,33.0,2023,2024-12-17T19:33:00,https://on3static.com/uploads/assets/499/393/393499.jpg,https://www.on3.com/db/kelby-collins-72316/,portal_industry_football_2025
AJ Turner,RB,Marshall Thundering Herd,Minnesota Golden Gophers,Committed,0,4.0,90.0,119.0,10.0,2022,2024-12-15T14:36:00,https://on3static.com/uploads/assets/724/402/402724.png,https://www.on3.com/db/aj-turner-6643/,portal_industry_football_2025
Marvin Jones Jr.,EDGE,Florida State Seminoles,Oklahoma Sooners,Committed,148605,3.0,89.0,188.0,21.0,2022,2025-01-05T19:41:00,https://on3static.com/uploads/assets/128/392/392128.jpg,https://www.on3.com/db/marvin-jones-jr-144981/,portal_industry_football_2025
Bauer Sharp,TE,Oklahoma Sooners,LSU Tigers,Committed,0,4.0,90.0,82.0,6.0,2021,2024-12-13T12:21:00,https://on3static.com/uploads/assets/326/396/396326.jpg,https://www.on3.com/db/bauer-sharp-210971/,portal_industry_football_2025
Devonta Smith,CB,Alabama Crimson Tide,Notre Dame Fighting Irish,Committed,0,4.0,90.0,144.0,22.0,2021,2024-12-16T14:41:00,https://on3static.com/uploads/assets/812/225/225812.jpeg,https://www.on3.com/db/devonta-smith-36523/,portal_industry_football_2025
Conner Weigman,QB,Texas A&M Aggies,Houston Cougars,Committed,1523027,3.0,88.0,273.0,24.0,2022,2024-12-11T20:52:00,https://on3static.com/uploads/assets/911/71/71911.jpeg,https://www.on3.com/db/conner-weigman-25459/,portal_industry_football_2025
Emmett Mosley,WR,Stanford Cardinal,Texas Longhorns,Committed,0,4.0,90.0,112.0,18.0,2024,2025-04-14T16:39:00,https://on3static.com/uploads/assets/429/436/436429.jpg,https://www.on3.com/db/emmett-mosley-41839/,portal_industry_football_2025
Javonnie Gibson,WR,Arkansas-Pine Bluff Golden Lions,Oklahoma Sooners,Committed,0,4.0,90.0,137.0,20.0,2022,2024-12-18T13:11:00,https://on3static.com/uploads/assets/728/386/386728.png,https://www.on3.com/db/javonnie-gibson-58204/,portal_industry_football_2025
Elijah Pritchett,OT,Alabama Crimson Tide,Nebraska Cornhuskers,Committed,676241,3.0,88.0,127.0,34.0,2022,2025-01-08T12:37:00,https://on3static.com/uploads/assets/790/225/225790.jpeg,https://www.on3.com/db/elijah-pritchett-41325/,portal_industry_football_2025
Bear Alexander,DL,USC Trojans,Oregon Ducks,Committed,1233716,3.0,88.0,288.0,19.0,2022,2024-12-20T21:02:00,https://on3static.com/uploads/assets/928/218/218928.png,https://www.on3.com/db/bear-alexander-9456/,portal_industry_football_2025
Caleb Odom,WR,Alabama Crimson Tide,Ole Miss Rebels,Committed,519333,4.0,90.0,138.0,21.0,2024,2024-12-18T20:24:00,https://on3static.com/uploads/assets/108/394/394108.jpg,https://www.on3.com/db/caleb-odom-147670/,portal_industry_football_2025
Squirrel White,WR,Tennessee Volunteers,Florida State Seminoles,Committed,0,3.0,89.0,206.0,32.0,2022,2025-01-05T18:26:00,https://on3static.com/uploads/assets/277/226/226277.jpeg,https://www.on3.com/db/squirrel-white-83922/,portal_industry_football_2025
Sam Pendleton,IOL,Notre Dame Fighting Irish,Tennessee Volunteers,Committed,0,3.0,89.0,246.0,28.0,2023,2025-01-24T08:37:00,https://on3static.com/uploads/assets/929/235/235929.jpeg,https://www.on3.com/db/sam-pendleton-104451/,portal_industry_football_2025
Kaidon Salter,QB,Liberty Flames,Colorado Buffaloes,Committed,0,4.0,90.0,131.0,12.0,2021,2024-12-18T12:54:00,https://on3static.com/uploads/assets/749/15/15749.jpeg,https://www.on3.com/db/kaidon-salter-70571/,portal_industry_football_2025
Addison Nichols,IOL,Arkansas Razorbacks,SMU Mustangs,Committed,584035,4.0,90.0,107.0,13.0,2022,2024-12-18T21:59:00,https://on3static.com/uploads/assets/234/226/226234.jpeg,https://www.on3.com/db/addison-nichols-1471/,portal_industry_football_2025
Kyran Duhon,DL,UTEP Miners,Oklahoma State Cowboys,Committed,0,3.0,89.0,178.0,11.0,2024,2024-12-20T11:01:00,https://on3static.com/uploads/assets/332/396/396332.jpg,https://www.on3.com/db/kyran-duhon-157900/,portal_industry_football_2025
Tamarcus Cooley,S,NC State Wolfpack,LSU Tigers,Committed,388932,4.0,92.0,27.0,3.0,2023,2025-01-13T16:31:00,https://on3static.com/uploads/assets/159/333/333159.png,https://www.on3.com/db/tamarcus-cooley-149766/,portal_industry_football_2025
Skyler Gill-Howard,DL,Northern Illinois Huskies,Texas Tech Red Raiders,Committed,0,4.0,90.0,122.0,7.0,2021,2024-12-14T17:03:00,https://on3static.com/uploads/assets/123/392/392123.jpg,https://www.on3.com/db/skyler-gill-howard-107715/,portal_industry_football_2025
Jaivian Thomas,RB,California Golden Bears,UCLA Bruins,Committed,0,3.0,89.0,165.0,16.0,2023,2025-04-25T14:58:00,https://on3static.com/uploads/assets/894/442/442894.png,https://www.on3.com/db/jaivian-thomas-53229/,portal_industry_football_2025
Jehiem Oatis,DL,Alabama Crimson Tide,Colorado Buffaloes,Committed,0,3.0,88.0,138.0,23.0,2022,2024-12-16T19:48:00,https://on3static.com/uploads/assets/83/394/394083.jpg,https://www.on3.com/db/jehiem-oatis-52934/,portal_industry_football_2025
D'antre Robinson,DL,Florida Gators,North Carolina Tar Heels,Committed,0,3.0,89.0,247.0,15.0,2024,2025-04-26T11:00:00,https://on3static.com/uploads/assets/939/470/470939.jpg,https://www.on3.com/db/dantre-robinson-150731/,portal_industry_football_2025
Keelan Marion,WR,BYU Cougars,Miami Hurricanes,Committed,0,3.0,88.0,140.0,73.0,2019,2025-04-26T18:30:00,https://on3static.com/uploads/assets/261/441/441261.png,https://www.on3.com/db/keelan-marion-71820/,portal_industry_football_2025
Clev Lubin,EDGE,Coastal Carolina Chanticleers,Louisville Cardinals,Committed,320834,4.0,92.0,26.0,3.0,2021,2024-12-21T17:23:00,https://on3static.com/uploads/assets/131/393/393131.jpg,https://www.on3.com/db/clev-lubin-24013/,portal_industry_football_2025
Matthew McDoom,CB,Coastal Carolina Chanticleers,Cincinnati Bearcats,Committed,0,4.0,90.0,125.0,14.0,2022,2024-12-13T11:52:00,https://on3static.com/uploads/assets/502/392/392502.png,https://www.on3.com/db/matthew-mcdoom-86137/,portal_industry_football_2025
Chase Sowell,WR,East Carolina Pirates,Iowa State Cyclones,Committed,0,3.0,89.0,208.0,34.0,2022,2024-12-14T13:58:00,https://on3static.com/uploads/assets/75/394/394075.jpg,https://www.on3.com/db/chase-sowell-149887/,portal_industry_football_2025
Josh Braun,IOL,Arkansas Razorbacks,Kentucky Wildcats,Committed,214339,4.0,91.0,48.0,5.0,2020,2024-12-16T08:47:00,https://on3static.com/uploads/dev/assets/609/9/9609.jpg,https://www.on3.com/db/josh-braun-67839/,portal_industry_football_2025
Omari Kelly,WR,Middle Tennessee State Blue Raiders,Michigan State Spartans,Committed,0,3.0,89.0,204.0,31.0,2022,2024-12-15T12:04:00,https://on3static.com/uploads/assets/365/440/440365.png,https://www.on3.com/db/omari-kelly-94446/,portal_industry_football_2025
Mikai Gbayor,LB,Missouri Tigers,North Carolina Tar Heels,Committed,0,3.0,89.0,163.0,12.0,2021,2025-04-16T12:53:00,https://on3static.com/uploads/assets/25/465/465025.png,https://www.on3.com/db/mikai-gbayor-88702/,portal_industry_football_2025
DT Sheffield,WR,North Texas Mean Green,Rutgers Scarlet Knights,Committed,0,3.0,89.0,241.0,38.0,2020,2024-12-17T14:54:00,https://on3static.com/uploads/assets/242/463/463242.jpg,https://www.on3.com/db/dt-sheffield-39274/,portal_industry_football_2025
Horatio Fields,WR,Wake Forest Demon Deacons,Auburn Tigers,Committed,0,3.0,87.0,148.0,92.0,2021,2024-12-19T14:47:00,https://on3static.com/uploads/assets/457/16/16457.jpeg,https://www.on3.com/db/horatio-fields-48222/,portal_industry_football_2025
Marquise Henderson,RB,Clemson Tigers,Liberty Flames,Entered,103534,3.0,89.0,166.0,17.0,2025,2025-06-20T17:02:00,https://on3static.com/uploads/assets/203/458/458203.png,https://www.on3.com/db/marquise-henderson-158858/,portal_industry_football_2025
Jamaal Jarrett,DL,Georgia Bulldogs,USC Trojans,Committed,0,3.0,88.0,150.0,41.0,2023,2024-12-21T10:40:00,https://on3static.com/uploads/assets/240/397/397240.jpg,https://www.on3.com/db/jamaal-jarrett-145777/,portal_industry_football_2025
T.J. Searcy,EDGE,Florida Gators,Texas A&M Aggies,Committed,0,3.0,88.0,151.0,36.0,2023,2024-12-23T11:53:00,https://on3static.com/uploads/assets/869/393/393869.png,https://www.on3.com/db/tj-searcy-109559/,portal_industry_football_2025
James Brockermeyer,IOL,TCU Horned Frogs,Miami Hurricanes,Committed,0,4.0,91.0,50.0,6.0,2021,2025-01-03T18:05:00,https://on3static.com/uploads/assets/582/225/225582.jpeg,https://www.on3.com/db/james-brockermeyer-55379/,portal_industry_football_2025
Shiyazh Pete,OT,New Mexico State Aggies,Kentucky Wildcats,Committed,0,3.0,88.0,295.0,24.0,2021,2025-01-19T13:34:00,https://on3static.com/uploads/assets/218/394/394218.png,https://www.on3.com/db/shiyazh-pete-179880/,portal_industry_football_2025
Wendell Gregory,EDGE,South Carolina Gamecocks,Oklahoma State Cowboys,Committed,495897,3.0,89.0,190.0,23.0,2024,2025-04-17T17:08:00,https://on3static.com/uploads/assets/511/303/303511.png,https://www.on3.com/db/wendell-gregory-151769/,portal_industry_football_2025
Dasan McCullough,EDGE,Oklahoma Sooners,Nebraska Cornhuskers,Committed,0,3.0,88.0,155.0,57.0,2022,2024-12-22T14:35:00,https://on3static.com/uploads/assets/242/209/209242.jpeg,https://www.on3.com/db/dasan-mccullough-31202/,portal_industry_football_2025
Michael Van Buren,QB,Mississippi State Bulldogs,LSU Tigers,Committed,306712,3.0,89.0,170.0,17.0,2024,2024-12-15T12:04:00,https://on3static.com/uploads/assets/337/396/396337.jpg,https://www.on3.com/db/michael-van-buren-149593/,portal_industry_football_2025
J'onre Reed,IOL,Syracuse Orange,USC Trojans,Committed,0,3.0,89.0,218.0,20.0,2019,2025-01-08T17:33:00,https://on3static.com/uploads/assets/765/304/304765.png,https://www.on3.com/db/jonre-reed-163388/,portal_industry_football_2025
DJ Warner,EDGE,Kansas Jayhawks,SMU Mustangs,Committed,0,3.0,89.0,255.0,29.0,2024,2024-12-22T11:52:00,https://on3static.com/uploads/assets/125/392/392125.jpg,https://www.on3.com/db/dj-warner-154600/,portal_industry_football_2025
Wendell Moe,IOL,Arizona Wildcats,Tennessee Volunteers,Committed,389689,4.0,90.0,102.0,10.0,2022,2024-12-18T10:20:00,https://on3static.com/uploads/assets/121/392/392121.jpg,https://www.on3.com/db/wendell-moe-147404/,portal_industry_football_2025
Eugene Brooks,IOL,Oklahoma Sooners,UCLA Bruins,Committed,0,3.0,89.0,260.0,29.0,2024,2024-12-18T12:14:00,https://on3static.com/uploads/assets/117/394/394117.jpg,https://www.on3.com/db/eugene-brooks-43116/,portal_industry_football_2025
Marcellus Barnes,CB,Syracuse Orange,SMU Mustangs,Committed,0,3.0,89.0,185.0,29.0,2024,2025-01-10T15:15:00,https://on3static.com/uploads/assets/110/394/394110.jpg,https://www.on3.com/db/marcellus-barnes-158886/,portal_industry_football_2025
Jayshawn Ross,EDGE,Alabama Crimson Tide,Kansas State Wildcats,Committed,112622,3.0,89.0,179.0,19.0,2024,2025-01-07T13:31:00,https://on3static.com/uploads/assets/745/399/399745.jpg,https://www.on3.com/db/jayshawn-ross-147685/,portal_industry_football_2025
Josiah Trotter,LB,West Virginia Mountaineers,Missouri Tigers,Committed,0,4.0,91.0,44.0,1.0,2023,2024-12-16T17:50:00,https://on3static.com/uploads/assets/328/396/396328.jpg,https://www.on3.com/db/josiah-trotter-68226/,portal_industry_football_2025
Jaylen Brown,EDGE,Missouri Tigers,South Carolina Gamecocks,Committed,0,3.0,88.0,164.0,50.0,2024,2024-12-14T16:55:00,https://on3static.com/uploads/assets/236/397/397236.jpg,https://www.on3.com/db/jaylen-brown-178555/,portal_industry_football_2025
Kobe Prentice,WR,Alabama Crimson Tide,Baylor Bears,Committed,0,3.0,89.0,177.0,27.0,2022,2024-12-17T12:03:00,https://on3static.com/uploads/assets/776/225/225776.jpeg,https://www.on3.com/db/kobe-prentice-75570/,portal_industry_football_2025
Travis Shaw,DL,North Carolina Tar Heels,Texas Longhorns,Committed,0,3.0,88.0,166.0,24.0,2022,2025-01-05T20:19:00,https://on3static.com/uploads/assets/188/21/21188.jpeg,https://www.on3.com/db/travis-shaw-114716/,portal_industry_football_2025
Tomas Rimac,IOL,West Virginia Mountaineers,Virginia Tech Hokies,Committed,236028,4.0,92.0,28.0,1.0,2021,2024-12-26T18:02:00,https://on3static.com/uploads/assets/930/15/15930.jpeg,https://www.on3.com/db/tomas-rimac-113496/,portal_industry_football_2025
Tre Williams,DL,Clemson Tigers,Michigan Wolverines,Committed,0,3.0,87.0,168.0,65.0,2020,2025-01-04T11:29:00,https://on3static.com/uploads/assets/743/17/17743.jpeg,https://www.on3.com/db/tre-williams-115086/,portal_industry_football_2025
Beau Pribula,QB,Penn State Nittany Lions,Missouri Tigers,Committed,1063024,3.0,88.0,272.0,23.0,2022,2024-12-22T20:16:00,https://on3static.com/uploads/assets/244/397/397244.jpg,https://www.on3.com/db/beau-pribula-9533/,portal_industry_football_2025
Tarrion Grant,CB,Purdue Boilermakers,Texas Tech Red Raiders,Committed,0,4.0,90.0,151.0,24.0,2024,2024-12-18T16:04:00,https://on3static.com/uploads/assets/325/396/396325.jpg,https://www.on3.com/db/tarrion-grant-152285/,portal_industry_football_2025
Kewan Lacy,RB,Missouri Tigers,Ole Miss Rebels,Committed,1015305,3.0,89.0,228.0,19.0,2024,2024-12-16T21:14:00,https://on3static.com/uploads/assets/603/215/215603.jpg,https://www.on3.com/db/kewan-lacy-150872/,portal_industry_football_2025
Rodney Newsom,IOL,Western Kentucky Hilltoppers,South Carolina Gamecocks,Committed,0,3.0,88.0,172.0,35.0,2020,2024-12-24T20:29:00,https://on3static.com/uploads/assets/234/392/392234.png,https://www.on3.com/db/rodney-newsom-101740/,portal_industry_football_2025
Kendrick Law,WR,Alabama Crimson Tide,Kentucky Wildcats,Committed,0,3.0,88.0,173.0,51.0,2022,2024-12-20T14:05:00,https://on3static.com/uploads/assets/679/225/225679.jpeg,https://www.on3.com/db/kendrick-law-72933/,portal_industry_football_2025
Jac'Qawn McRoy,OT,Oregon Ducks,Arkansas Razorbacks,Committed,0,3.0,88.0,174.0,35.0,2024,2024-12-12T18:27:00,https://on3static.com/uploads/assets/243/397/397243.jpg,https://www.on3.com/db/jacqawn-mcroy-151775/,portal_industry_football_2025
DJ Wingfield,IOL,Purdue Boilermakers,USC Trojans,Committed,0,3.0,88.0,175.0,39.0,2019,2025-01-05T15:41:00,https://on3static.com/uploads/assets/908/343/343908.png,https://www.on3.com/db/dj-wingfield-149896/,portal_industry_football_2025
Jahron Manning,S,Old Dominion Monarchs,Mississippi State Bulldogs,Committed,0,4.0,90.0,83.0,4.0,2022,2024-12-11T15:51:00,https://on3static.com/uploads/assets/954/391/391954.png,https://www.on3.com/db/jahron-manning-245039/,portal_industry_football_2025
Devon Dampier,QB,New Mexico Lobos,Utah Utes,Committed,739552,4.0,90.0,90.0,9.0,2023,2024-12-11T18:01:00,https://on3static.com/uploads/assets/323/396/396323.jpg,https://www.on3.com/db/devon-dampier-36365/,portal_industry_football_2025
Eric O'Neill,EDGE,James Madison Dukes,Rutgers Scarlet Knights,Committed,468618,4.0,91.0,43.0,6.0,2021,2025-01-01T07:42:00,https://on3static.com/uploads/assets/739/464/464739.png,https://www.on3.com/db/eric-oneill-42304/,portal_industry_football_2025
Pryce Yates,EDGE,Connecticut Huskies,North Carolina Tar Heels,Committed,0,3.0,87.0,179.0,58.0,2021,2025-01-07T21:50:00,https://on3static.com/uploads/assets/40/465/465040.png,https://www.on3.com/db/pryce-yates-96987/,portal_industry_football_2025
Michael Coats,CB,Nevada Wolf Pack,West Virginia Mountaineers,Committed,0,4.0,90.0,128.0,17.0,2021,2025-01-09T13:19:00,https://on3static.com/uploads/assets/127/404/404127.png,https://www.on3.com/db/michael-coats-174604/,portal_industry_football_2025
Devonte Ross,WR,Troy Trojans,Penn State Nittany Lions,Committed,0,4.0,91.0,52.0,11.0,2021,2024-12-24T11:38:00,https://on3static.com/uploads/assets/694/416/416694.png,https://www.on3.com/db/devonte-ross-36614/,portal_industry_football_2025
Gabriel Brownlow-Dindy,DL,Texas A&M Aggies,South Carolina Gamecocks,Committed,766729,3.0,88.0,182.0,32.0,2022,2024-12-18T14:15:00,https://on3static.com/uploads/assets/941/71/71941.jpeg,https://www.on3.com/db/gabriel-brownlow-dindy-44640/,portal_industry_football_2025
Sincere Brown,WR,Campbell Fighting Camels,Colorado Buffaloes,Committed,0,3.0,88.0,183.0,71.0,2020,2025-04-13T12:25:00,https://on3static.com/uploads/assets/629/428/428629.png,https://www.on3.com/db/sincere-brown-107535/,portal_industry_football_2025
Bryce Hawthorne,DL,South Dakota State Jackrabbits,Iowa Hawkeyes,Committed,0,3.0,88.0,184.0,28.0,2023,2025-01-04T15:29:00,https://on3static.com/uploads/assets/401/491/491401.jpg,https://www.on3.com/db/bryce-hawthorne-156553/,portal_industry_football_2025
Damon Payne,DL,Alabama Crimson Tide,Michigan Wolverines,Committed,0,3.0,88.0,185.0,25.0,2021,2024-12-18T22:30:00,https://on3static.com/uploads/assets/768/225/225768.jpeg,https://www.on3.com/db/damon-payne-28719/,portal_industry_football_2025
Mason Murphy,IOL,USC Trojans,Auburn Tigers,Committed,0,3.0,89.0,235.0,25.0,2021,2024-12-17T07:16:00,https://on3static.com/uploads/assets/302/96/96302.png,https://www.on3.com/db/mason-murphy-84830/,portal_industry_football_2025
Jordan White,IOL,Liberty Flames,Vanderbilt Commodores,Committed,0,3.0,89.0,220.0,21.0,2020,2024-12-18T14:57:00,https://on3static.com/uploads/assets/129/18/18129.jpeg,https://www.on3.com/db/jordan-white-66186/,portal_industry_football_2025
Akelo Stone,DL,Ole Miss Rebels,Georgia Tech Yellow Jackets,Committed,0,3.0,87.0,188.0,87.0,2020,2025-04-25T14:20:00,https://on3static.com/uploads/dev/assets/945/10/10945.jpg,https://www.on3.com/db/akelo-stone-2334/,portal_industry_football_2025
Dante Dowdell,RB,Nebraska Cornhuskers,Kentucky Wildcats,Committed,0,3.0,88.0,189.0,35.0,2023,2024-12-20T18:01:00,https://on3static.com/uploads/assets/433/333/333433.png,https://www.on3.com/db/dante-dowdell-148684/,portal_industry_football_2025
Noah King,CB,Kansas State Wildcats,Colorado Buffaloes,Committed,0,3.0,88.0,190.0,56.0,2025,2025-04-30T19:56:00,https://on3static.com/uploads/assets/390/444/444390.png,https://www.on3.com/db/noah-king-180257/,portal_industry_football_2025
Keagen Trost,OT,Wake Forest Demon Deacons,Missouri Tigers,Committed,0,3.0,88.0,292.0,22.0,2019,2024-12-20T21:25:00,https://on3static.com/uploads/assets/923/261/261923.jpeg,https://www.on3.com/db/keagen-trost-239014/,portal_industry_football_2025
Malik Benson,WR,Florida State Seminoles,Oregon Ducks,Committed,133637,3.0,87.0,192.0,150.0,2021,2025-01-07T10:01:00,https://on3static.com/uploads/assets/562/225/225562.jpeg,https://www.on3.com/db/malik-benson-81734/,portal_industry_football_2025
Jimari Butler,EDGE,Nebraska Cornhuskers,LSU Tigers,Committed,0,3.0,88.0,193.0,35.0,2020,2024-12-14T20:14:00,https://on3static.com/uploads/assets/553/343/343553.png,https://www.on3.com/db/jimari-butler-61622/,portal_industry_football_2025
Jordan Shaw,CB,Washington Huskies,Texas A&M Aggies,Committed,0,4.0,90.0,78.0,10.0,2023,2025-01-05T09:32:00,https://on3static.com/uploads/assets/66/267/267066.png,https://www.on3.com/db/jordan-shaw-66007/,portal_industry_football_2025
Courtney Crutchfield,WR,Missouri Tigers,Arkansas Razorbacks,Committed,0,3.0,89.0,239.0,36.0,2024,2024-12-25T17:52:00,https://on3static.com/uploads/assets/237/397/397237.jpg,https://www.on3.com/db/courtney-crutchfield-175138/,portal_industry_football_2025
Walker White,QB,Auburn Tigers,Baylor Bears,Committed,118051,3.0,89.0,155.0,15.0,2024,2024-12-28T13:09:00,https://on3static.com/uploads/assets/608/303/303608.png,https://www.on3.com/db/walker-white-150911/,portal_industry_football_2025
Cole Wisniewski,S,North Dakota State Bison,Texas Tech Red Raiders,Committed,0,3.0,89.0,174.0,14.0,2020,2024-12-11T22:12:00,https://on3static.com/uploads/assets/848/388/388848.jpg,https://www.on3.com/db/cole-wisniewski-24922/,portal_industry_football_2025
Jayden Bellamy,CB,Syracuse Orange,UCF Knights,Committed,206233,4.0,90.0,127.0,16.0,2022,2024-12-27T11:21:00,https://on3static.com/uploads/assets/712/564/564712.PNG,https://www.on3.com/db/jayden-bellamy-58606/,portal_industry_football_2025
Brad Spence,LB,Arkansas Razorbacks,Texas Longhorns,Committed,0,4.0,90.0,117.0,5.0,2023,2024-12-16T09:16:00,https://on3static.com/uploads/assets/935/303/303935.png,https://www.on3.com/db/brad-spence-149721/,portal_industry_football_2025
Jon Mitchell,CB,Penn State Nittany Lions,Georgia Tech Yellow Jackets,Committed,0,4.0,90.0,150.0,23.0,2024,2025-04-18T20:01:00,https://on3static.com/uploads/assets/661/345/345661.png,https://www.on3.com/db/jon-mitchell-147666/,portal_industry_football_2025
Gregory Smith,S,Florida Gators,North Carolina Tar Heels,Committed,0,3.0,89.0,173.0,13.0,2024,2025-05-07T13:11:00,https://on3static.com/uploads/assets/48/465/465048.png,https://www.on3.com/db/gregory-smith-179247/,portal_industry_football_2025
Joseph Williams,WR,Tulsa Golden Hurricane,Colorado Buffaloes,Committed,0,3.0,89.0,169.0,24.0,2024,2024-12-22T12:18:00,https://on3static.com/uploads/assets/241/397/397241.jpg,https://www.on3.com/db/joseph-williams-150665/,portal_industry_football_2025
Conner Moore,OT,Montana State Bobcats,Michigan State Spartans,Committed,0,3.0,88.0,277.0,20.0,2022,2025-01-11T18:16:00,https://on3static.com/uploads/assets/353/391/391353.jpg,https://www.on3.com/db/conner-moore-203244/,portal_industry_football_2025
Smith Vilbert,EDGE,Penn State Nittany Lions,North Carolina Tar Heels,Committed,0,3.0,87.0,205.0,59.0,2019,2025-03-19T20:34:00,https://on3static.com/uploads/assets/33/465/465033.png,https://www.on3.com/db/smith-vilbert-107770/,portal_industry_football_2025
Durell Robinson,RB,Connecticut Huskies,Auburn Tigers,Committed,0,3.0,89.0,252.0,22.0,2023,2024-12-14T12:06:00,https://on3static.com/uploads/assets/139/392/392139.jpg,https://www.on3.com/db/durell-robinson-147128/,portal_industry_football_2025
Miles McVay,IOL,Alabama Crimson Tide,North Carolina Tar Heels,Committed,0,3.0,88.0,207.0,41.0,2023,2024-12-19T18:30:00,https://on3static.com/uploads/assets/977/470/470977.jpg,https://www.on3.com/db/miles-mcvay-89700/,portal_industry_football_2025
Carter Miller,IOL,Louisiana-Monroe Warhawks,UCF Knights,Committed,0,3.0,87.0,208.0,53.0,2022,2025-01-06T12:44:00,https://on3static.com/uploads/assets/727/564/564727.PNG,https://www.on3.com/db/carter-miller-18921/,portal_industry_football_2025
Malachi Coleman,WR,Nebraska Cornhuskers,Minnesota Golden Gophers,Committed,0,3.0,87.0,209.0,91.0,2023,2024-12-24T16:32:00,https://on3static.com/uploads/assets/637/336/336637.png,https://www.on3.com/db/malachi-coleman-147134/,portal_industry_football_2025
Nate Johnson,EDGE,Appalachian State Mountaineers,Missouri Tigers,Committed,387953,3.0,89.0,189.0,22.0,2023,2024-12-21T09:56:00,https://on3static.com/uploads/assets/719/584/584719.png,https://www.on3.com/db/nate-johnson-157433/,portal_industry_football_2025
Hykeem Williams,WR,Florida State Seminoles,Colorado Buffaloes,Committed,0,3.0,87.0,211.0,74.0,2023,2025-04-29T13:20:00,https://on3static.com/uploads/assets/264/242/242264.jpeg,https://www.on3.com/db/hykeem-williams-48700/,portal_industry_football_2025
Adrian Medley,OT,UCF Knights,Florida State Seminoles,Committed,0,3.0,88.0,212.0,27.0,2019,2024-12-21T12:03:00,https://on3static.com/uploads/assets/569/393/393569.png,https://www.on3.com/db/adrian-medley-1703/,portal_industry_football_2025
Mohamed Toure,LB,Rutgers Scarlet Knights,Miami Hurricanes,Committed,0,4.0,90.0,134.0,8.0,2019,2025-05-09T12:53:00,https://on3static.com/uploads/dev/assets/952/9/9952.jpg,https://www.on3.com/db/mohamed-toure-90115/,portal_industry_football_2025
Kam Pringle,OT,South Carolina Gamecocks,Syracuse Orange,Committed,0,3.0,88.0,214.0,36.0,2024,2025-04-29T14:21:00,https://on3static.com/uploads/assets/525/303/303525.png,https://www.on3.com/db/kam-pringle-70886/,portal_industry_football_2025
Percy Lewis,OT,Auburn Tigers,Ole Miss Rebels,Committed,0,3.0,88.0,215.0,29.0,2020,2025-01-10T15:30:00,https://on3static.com/uploads/assets/0/73/73000.jpeg,https://www.on3.com/db/percy-lewis-96025/,portal_industry_football_2025
Jordan Scruggs,CB,South Alabama Jaguars,West Virginia Mountaineers,Committed,0,4.0,90.0,143.0,21.0,2021,2024-12-22T21:35:00,https://on3static.com/uploads/assets/956/349/349956.jpg,https://www.on3.com/db/jordan-scruggs-238026/,portal_industry_football_2025
Eli Sanders,RB,New Mexico Lobos,USC Trojans,Committed,0,4.0,90.0,147.0,13.0,2021,2024-12-18T14:03:00,https://on3static.com/uploads/assets/820/15/15820.jpeg,https://www.on3.com/db/eli-sanders-40990/,portal_industry_football_2025
Jalen Catalon,S,UNLV Rebels,Missouri Tigers,Committed,0,4.0,90.0,108.0,7.0,2019,2025-01-05T10:27:00,https://on3static.com/uploads/assets/5/202/202005.png,https://www.on3.com/db/jalen-catalon-54195/,portal_industry_football_2025
Josh McCray,RB,Illinois Fighting Illini,Georgia Bulldogs,Committed,0,3.0,89.0,164.0,15.0,2021,2025-04-20T19:19:00,https://on3static.com/uploads/assets/941/15/15941.jpeg,https://www.on3.com/db/josh-mccray-67340/,portal_industry_football_2025
Andrew Jones,LB,Grambling State Tigers,Ole Miss Rebels,Committed,0,3.0,89.0,158.0,10.0,2021,2024-12-20T18:09:00,https://on3static.com/uploads/assets/901/183/183901.jpeg,https://www.on3.com/db/andrew-jones-145214/,portal_industry_football_2025
Teon Parks,CB,Illinois State Redbirds,Colorado Buffaloes,Committed,0,3.0,88.0,299.0,38.0,2023,2025-04-19T19:50:00,https://on3static.com/uploads/assets/124/441/441124.jpeg,https://www.on3.com/db/teon-parks-250701/,portal_industry_football_2025
Gio Lopez,QB,South Alabama Jaguars,North Carolina Tar Heels,Committed,0,3.0,89.0,191.0,18.0,2023,2025-04-17T20:11:00,https://on3static.com/uploads/assets/922/470/470922.jpg,https://www.on3.com/db/gio-lopez-153824/,portal_industry_football_2025
King Mack,S,Alabama Crimson Tide,Penn State Nittany Lions,Committed,0,3.0,88.0,223.0,43.0,2023,2025-01-12T11:06:00,https://on3static.com/uploads/assets/759/204/204759.png,https://www.on3.com/db/king-mack-75244/,portal_industry_football_2025
Dontay Joyner,CB,Arkansas State Red Wolves,Maryland Terrapins,Committed,579956,4.0,90.0,130.0,19.0,2023,2024-12-21T14:08:00,https://on3static.com/uploads/assets/116/392/392116.jpg,https://www.on3.com/db/dontay-joyner-145678/,portal_industry_football_2025
Bishop Fitzgerald,S,NC State Wolfpack,USC Trojans,Committed,0,3.0,89.0,172.0,12.0,2021,2025-01-14T17:04:00,https://on3static.com/uploads/assets/535/225/225535.png,https://www.on3.com/db/bishop-fitzgerald-162593/,portal_industry_football_2025
James Djonkam,LB,Eastern Michigan Eagles,Virginia Tech Hokies,Committed,0,4.0,90.0,118.0,6.0,2021,2025-01-06T20:40:00,https://on3static.com/uploads/assets/982/396/396982.jpg,https://www.on3.com/db/james-djonkam-147886/,portal_industry_football_2025
Brady Norton,IOL,Cal Poly Mustangs,Michigan Wolverines,Committed,380746,4.0,90.0,149.0,15.0,2023,2024-12-16T19:23:00,https://on3static.com/uploads/assets/322/396/396322.jpg,https://www.on3.com/db/brady-norton-156570/,portal_industry_football_2025
Adrian Maddox,S,UAB Blazers,Georgia Bulldogs,Committed,0,3.0,89.0,196.0,16.0,2022,2025-01-07T13:55:00,https://on3static.com/uploads/assets/212/276/276212.png,https://www.on3.com/db/adrian-maddox-239678/,portal_industry_football_2025
Xavier Hill,OT,Memphis Tigers,Colorado Buffaloes,Committed,0,4.0,90.0,136.0,12.0,2020,2025-04-12T13:07:00,https://on3static.com/uploads/assets/181/438/438181.jpg,https://www.on3.com/db/xavier-hill-122038/,portal_industry_football_2025
Donaven McCulley,WR,Indiana Hoosiers,Michigan Wolverines,Committed,0,3.0,88.0,230.0,50.0,2021,2024-12-13T18:32:00,https://on3static.com/uploads/assets/846/12/12846.jpeg,https://www.on3.com/db/donaven-mcculley-37977/,portal_industry_football_2025
DD Holmes,EDGE,Florida State Seminoles,Maryland Terrapins,Committed,0,3.0,89.0,256.0,30.0,2024,2025-01-05T11:52:00,https://on3static.com/uploads/assets/322/67/67322.jpg,https://www.on3.com/db/dd-holmes-151575/,portal_industry_football_2025
Steve Angeli,QB,Notre Dame Fighting Irish,Syracuse Orange,Committed,0,3.0,88.0,232.0,26.0,2022,2025-04-23T18:04:00,https://on3static.com/uploads/assets/840/235/235840.jpeg,https://www.on3.com/db/steve-angeli-108671/,portal_industry_football_2025
Kyron Hudson,WR,USC Trojans,Penn State Nittany Lions,Committed,0,3.0,87.0,233.0,77.0,2021,2024-12-16T19:24:00,https://on3static.com/uploads/assets/692/416/416692.png,https://www.on3.com/db/kyron-hudson-77278/,portal_industry_football_2025
Terion Stewart,RB,Bowling Green Falcons,Virginia Tech Hokies,Committed,0,4.0,90.0,66.0,7.0,2020,2024-12-20T11:22:00,https://on3static.com/uploads/assets/345/76/76345.jpeg,https://www.on3.com/db/terion-stewart-111268/,portal_industry_football_2025
Kam Dewberry,IOL,Texas A&M Aggies,Alabama Crimson Tide,Committed,330093,3.0,87.0,235.0,47.0,2022,2024-12-21T14:33:00,https://on3static.com/uploads/assets/107/88/88107.jpg,https://www.on3.com/db/kam-dewberry-70872/,portal_industry_football_2025
Mark Hamper,WR,Wisconsin Badgers,California Golden Bears,Committed,0,3.0,89.0,240.0,37.0,2023,2025-04-30T14:56:00,https://on3static.com/uploads/assets/655/394/394655.png,https://www.on3.com/db/mark-hamper-151358/,portal_industry_football_2025
Griffin Wilde,WR,South Dakota State Jackrabbits,Northwestern Wildcats,Committed,0,3.0,89.0,243.0,40.0,2023,2025-01-04T14:50:00,https://on3static.com/uploads/assets/965/396/396965.jpg,https://www.on3.com/db/griffin-wilde-247608/,portal_industry_football_2025
Hunter Osborne,DL,Alabama Crimson Tide,Virginia Cavaliers,Committed,0,3.0,88.0,238.0,40.0,2023,2024-12-23T11:30:00,https://on3static.com/uploads/assets/766/225/225766.jpeg,https://www.on3.com/db/hunter-osborne-48561/,portal_industry_football_2025
Blake Cotton,CB,UC Davis Aggies,Utah Utes,Committed,0,3.0,86.0,239.0,158.0,2022,2024-12-18T00:24:00,https://on3static.com/uploads/assets/402/394/394402.png,https://www.on3.com/db/blake-cotton-247279/,portal_industry_football_2025
Jalil Farooq,WR,Oklahoma Sooners,Maryland Terrapins,Committed,0,3.0,87.0,241.0,84.0,2021,2024-12-20T18:00:00,https://on3static.com/uploads/assets/243/209/209243.jpeg,https://www.on3.com/db/jalil-farooq-54638/,portal_industry_football_2025
Tyreese Fearbry,EDGE,Kentucky Wildcats,Wisconsin Badgers,Committed,0,3.0,87.0,242.0,95.0,2022,2024-12-22T22:03:00,https://on3static.com/uploads/assets/280/222/222280.png,https://www.on3.com/db/tyreese-fearbry-118494/,portal_industry_football_2025
Malick Sylla,EDGE,Texas A&M Aggies,Mississippi State Bulldogs,Committed,0,3.0,87.0,243.0,83.0,2022,2024-12-22T19:36:00,https://on3static.com/uploads/assets/123/88/88123.jpg,https://www.on3.com/db/malick-sylla-81702/,portal_industry_football_2025
Ta'Mere Robinson,LB,Penn State Nittany Lions,USC Trojans,Committed,0,3.0,87.0,244.0,42.0,2023,2025-04-22T11:01:00,https://on3static.com/uploads/assets/565/165/165565.png,https://www.on3.com/db/tamere-robinson-109627/,portal_industry_football_2025
Malachi Bailey,EDGE,Alcorn State Braves,Arizona Wildcats,Committed,0,4.0,90.0,114.0,15.0,2020,2025-01-16T17:09:00,https://on3static.com/uploads/assets/324/405/405324.png,https://www.on3.com/db/malachi-bailey-248617/,portal_industry_football_2025
Fisher Camac,EDGE,UNLV Rebels,Virginia Cavaliers,Committed,0,3.0,89.0,249.0,26.0,2022,2025-01-05T21:00:00,https://on3static.com/uploads/assets/353/396/396353.jpg,https://www.on3.com/db/fisher-camac-149922/,portal_industry_football_2025
Xe'ree Alexander,LB,UCF Knights,Washington Huskies,Committed,0,3.0,89.0,157.0,9.0,2023,2024-12-21T21:14:00,https://on3static.com/uploads/assets/451/394/394451.png,https://www.on3.com/db/xeree-alexander-122246/,portal_industry_football_2025
Caleb Weaver,S,Sam Houston State Bearkats,Duke Blue Devils,Committed,0,3.0,89.0,160.0,10.0,2021,2024-12-21T15:50:00,https://on3static.com/uploads/assets/248/397/397248.jpg,https://www.on3.com/db/caleb-weaver-17239/,portal_industry_football_2025
TJ Ferguson,IOL,Florida State Seminoles,Syracuse Orange,Committed,0,3.0,86.0,249.0,111.0,2021,2025-04-30T19:31:00,https://on3static.com/uploads/assets/611/225/225611.jpeg,https://www.on3.com/db/tj-ferguson-111670/,portal_industry_football_2025
Ismail Mahdi,RB,Texas State Bobcats,Arizona Wildcats,Committed,229664,4.0,90.0,120.0,11.0,2022,2024-12-21T12:09:00,https://on3static.com/uploads/assets/319/396/396319.jpg,https://www.on3.com/db/ismail-mahdi-50018/,portal_industry_football_2025
Jaden Rashada,QB,Georgia Bulldogs,Sacramento State Hornets,Committed,0,3.0,87.0,251.0,75.0,2023,2025-04-25T17:16:00,https://on3static.com/uploads/assets/229/24/24229.jpg,https://www.on3.com/db/jaden-rashada-52678/,portal_industry_football_2025
Dorian Fleming,TE,Georgia State Panthers,Maryland Terrapins,Committed,0,3.0,89.0,193.0,9.0,2023,2024-12-21T10:42:00,https://on3static.com/uploads/assets/106/394/394106.jpg,https://www.on3.com/db/dorian-fleming-157259/,portal_industry_football_2025
Kaedin Robinson,WR,Appalachian State Mountaineers,UCLA Bruins,Committed,0,3.0,88.0,253.0,49.0,2019,2025-01-12T11:07:00,https://on3static.com/uploads/assets/728/399/399728.png,https://www.on3.com/db/kaedin-robinson-70434/,portal_industry_football_2025
James Thompson Jr.,DL,Wisconsin Badgers,Illinois Fighting Illini,Committed,0,3.0,88.0,291.0,20.0,2020,2024-12-25T14:28:00,https://on3static.com/uploads/assets/547/393/393547.png,https://www.on3.com/db/james-thompson-jr-55966/,portal_industry_football_2025
Tyson Flowers,S,Rice Owls,Virginia Tech Hokies,Committed,107527,3.0,89.0,200.0,18.0,2022,2024-12-21T16:02:00,https://on3static.com/uploads/assets/358/90/90358.jpg,https://www.on3.com/db/tyson-flowers-119020/,portal_industry_football_2025
Sage Ryan,S,LSU Tigers,Ole Miss Rebels,Committed,0,3.0,89.0,223.0,21.0,2021,2024-12-20T16:43:00,https://on3static.com/uploads/assets/74/394/394074.jpg,https://www.on3.com/db/sage-ryan-104090/,portal_industry_football_2025
Matthew Sluka,QB,UNLV Rebels,James Madison Dukes,Committed,0,3.0,87.0,258.0,73.0,2020,2025-01-14T16:20:00,https://on3static.com/uploads/assets/954/258/258954.jpeg,https://www.on3.com/db/matthew-sluka-188221/,portal_industry_football_2025
Ta'ita'i Uiagalelei,EDGE,Arizona Wildcats,Washington Huskies,Committed,0,3.0,89.0,194.0,24.0,2022,2024-12-21T18:26:00,https://on3static.com/uploads/assets/341/396/396341.jpg,https://www.on3.com/db/taitai-uiagalelei-147098/,portal_industry_football_2025
Zelmar Vedder,CB,Sacramento State Hornets,Houston Cougars,Committed,0,3.0,87.0,260.0,114.0,2021,2025-04-25T10:45:00,https://on3static.com/uploads/assets/354/447/447354.png,https://www.on3.com/db/zelmar-vedder-258970/,portal_industry_football_2025
Brian Nelson,CB,North Texas Mean Green,NC State Wolfpack,Committed,0,3.0,88.0,275.0,35.0,2023,2025-05-02T14:26:00,https://on3static.com/uploads/assets/640/219/219640.png,https://www.on3.com/db/brian-nelson-158567/,portal_industry_football_2025
Gavin Hoffman,TE,Iowa Hawkeyes,Missouri Tigers,Committed,0,3.0,89.0,231.0,11.0,2024,2025-04-18T11:10:00,https://on3static.com/uploads/assets/903/394/394903.JPG,https://www.on3.com/db/gavin-hoffman-166497/,portal_industry_football_2025
Jadon Canady,S,Ole Miss Rebels,Oregon Ducks,Committed,0,3.0,89.0,232.0,22.0,2021,2025-02-10T19:51:00,https://on3static.com/uploads/assets/124/74/74124.jpeg,https://www.on3.com/db/jadon-canady-52740/,portal_industry_football_2025
Brady Wilson,IOL,UAB Blazers,Virginia Cavaliers,Committed,0,4.0,90.0,146.0,14.0,2020,2024-12-19T19:33:00,https://on3static.com/uploads/assets/815/89/89815.JPG,https://www.on3.com/db/brady-wilson-11936/,portal_industry_football_2025
Lewis Carter,LB,Oklahoma Sooners,UCF Knights,Committed,0,3.0,88.0,283.0,20.0,2023,2025-01-04T14:54:00,https://on3static.com/uploads/assets/701/564/564701.PNG,https://www.on3.com/db/lewis-carter-79379/,portal_industry_football_2025
Adrian Wilson,CB,Washington State Cougars,Arizona State Sun Devils,Committed,0,3.0,88.0,266.0,41.0,2023,2024-12-23T11:46:00,https://on3static.com/uploads/assets/226/472/472226.jpg,https://www.on3.com/db/adrian-wilson-151486/,portal_industry_football_2025
Hudson Clement,WR,West Virginia Mountaineers,Illinois Fighting Illini,Committed,0,3.0,89.0,201.0,30.0,2022,2025-01-02T11:47:00,https://on3static.com/uploads/assets/347/396/396347.jpg,https://www.on3.com/db/hudson-clement-164228/,portal_industry_football_2025
Justyn Martin,QB,UCLA Bruins,Maryland Terrapins,Committed,0,3.0,87.0,268.0,42.0,2022,2024-12-22T08:41:00,https://on3static.com/uploads/assets/536/18/18536.jpeg,https://www.on3.com/db/justyn-martin-70070/,portal_industry_football_2025
Seth McGowan,RB,New Mexico State Aggies,Kentucky Wildcats,Committed,0,3.0,89.0,259.0,24.0,2020,2025-04-20T15:09:00,https://on3static.com/uploads/assets/519/18/18519.jpeg,https://www.on3.com/db/seth-mcgowan-106051/,portal_industry_football_2025
Scottre Humphrey,RB,Montana State Bobcats,New Mexico Lobos,Committed,0,3.0,88.0,270.0,27.0,2023,2025-01-21T18:01:00,https://on3static.com/uploads/assets/838/401/401838.png,https://www.on3.com/db/scottre-humphrey-154066/,portal_industry_football_2025
Jacob Manu,LB,Arizona Wildcats,Washington Huskies,Committed,0,3.0,88.0,262.0,15.0,2022,2024-12-20T15:51:00,https://on3static.com/uploads/assets/650/396/396650.jpg,https://www.on3.com/db/jacob-manu-147200/,portal_industry_football_2025
Tyler Mercer,IOL,North Texas Mean Green,Kansas Jayhawks,Committed,0,4.0,90.0,104.0,12.0,2024,2024-12-17T17:43:00,https://on3static.com/uploads/assets/122/392/392122.jpg,https://www.on3.com/db/tyler-mercer-174605/,portal_industry_football_2025
Dwight Lewis III,CB,Marian Knights,Mississippi State Bulldogs,Committed,0,3.0,88.0,273.0,61.0,2021,2025-01-03T09:42:00,https://on3static.com/uploads/assets/580/394/394580.png,https://www.on3.com/db/dwight-lewis-iii-247290/,portal_industry_football_2025
Zaquan Patterson,S,Miami Hurricanes,Oklahoma State Cowboys,Committed,0,3.0,88.0,274.0,38.0,2024,2025-05-08T14:32:00,https://on3static.com/uploads/assets/387/297/297387.png,https://www.on3.com/db/zaquan-patterson-123600/,portal_industry_football_2025
Keanu Koht,LB,Alabama Crimson Tide,Vanderbilt Commodores,Committed,0,3.0,88.0,275.0,35.0,2021,2024-12-11T13:52:00,https://on3static.com/uploads/assets/676/225/225676.jpeg,https://www.on3.com/db/keanu-koht-71651/,portal_industry_football_2025
Eddie Walls,EDGE,FIU Golden Panthers,Houston Cougars,Committed,0,3.0,89.0,251.0,27.0,2023,2025-04-25T06:33:00,https://on3static.com/uploads/assets/216/444/444216.png,https://www.on3.com/db/eddie-walls-183014/,portal_industry_football_2025
Logan George,EDGE,Idaho State Bengals,Ohio State Buckeyes,Committed,0,3.0,88.0,290.0,34.0,2021,2024-12-23T16:03:00,https://on3static.com/uploads/assets/929/395/395929.png,https://www.on3.com/db/logan-george-79728/,portal_industry_football_2025
Kyle Altuner,IOL,West Virginia Mountaineers,Virginia Tech Hokies,Committed,0,3.0,88.0,279.0,43.0,2024,2024-12-30T16:20:00,https://on3static.com/uploads/assets/644/396/396644.jpg,https://www.on3.com/db/kyle-altuner-76375/,portal_industry_football_2025
Randy Pittman,TE,UCF Knights,Florida State Seminoles,Committed,0,3.0,89.0,183.0,8.0,2023,2024-12-21T13:16:00,https://on3static.com/uploads/assets/314/392/392314.png,https://www.on3.com/db/randy-pittman-98357/,portal_industry_football_2025
JoJo Evans,S,FIU Golden Panthers,Louisville Cardinals,Committed,0,3.0,89.0,187.0,15.0,2019,2024-12-19T13:09:00,https://on3static.com/uploads/assets/818/138/138818.jpeg,https://www.on3.com/db/jojo-evans-150076/,portal_industry_football_2025
Bangally Kamara,LB,South Carolina Gamecocks,Kansas Jayhawks,Committed,0,3.0,88.0,282.0,30.0,2020,2024-11-04T11:05:00,https://on3static.com/uploads/dev/assets/896/9/9896.jpg,https://www.on3.com/db/bangally-kamara-144029/,portal_industry_football_2025
Santana Hopper,DL,Appalachian State Mountaineers,Tulane Green Wave,Committed,485587,4.0,90.0,87.0,3.0,2022,2025-01-17T15:13:00,https://on3static.com/uploads/assets/91/170/170091.png,https://www.on3.com/db/santana-hopper-104866/,portal_industry_football_2025
Devin Turner,S,Northwestern Wildcats,Baylor Bears,Committed,0,3.0,88.0,269.0,23.0,2022,2024-12-17T18:46:00,https://on3static.com/uploads/assets/97/88/88097.jpeg,https://www.on3.com/db/devin-turner-36245/,portal_industry_football_2025
Brent Austin,CB,USF Bulls,California Golden Bears,Committed,0,3.0,89.0,168.0,26.0,2022,2025-05-02T10:33:00,https://on3static.com/uploads/assets/98/443/443098.png,https://www.on3.com/db/brent-austin-196945/,portal_industry_football_2025
Dontae Balfour,CB,Charlotte 49ers,Texas Tech Red Raiders,Committed,0,3.0,88.0,279.0,37.0,2021,2024-12-12T14:37:00,https://on3static.com/uploads/assets/77/394/394077.jpg,https://www.on3.com/db/dontae-balfour-38317/,portal_industry_football_2025
Will O'Steen,OT,Jacksonville State Gamecocks,North Carolina Tar Heels,Committed,0,3.0,89.0,197.0,14.0,2020,2025-04-29T11:18:00,https://on3static.com/uploads/assets/967/470/470967.jpg,https://www.on3.com/db/will-osteen-120963/,portal_industry_football_2025
Travion Barnes,LB,FIU Golden Panthers,Baylor Bears,Committed,0,3.0,88.0,280.0,18.0,2022,2024-12-20T17:13:00,https://on3static.com/uploads/assets/58/389/389058.png,https://www.on3.com/db/travion-barnes-114471/,portal_industry_football_2025
Harrison Taggart,LB,BYU Cougars,California Golden Bears,Committed,0,3.0,89.0,203.0,13.0,2022,2025-05-01T19:42:00,https://on3static.com/uploads/assets/918/93/93918.jpeg,https://www.on3.com/db/harrison-taggart-47633/,portal_industry_football_2025
Jahlil Hurley,S,Alabama Crimson Tide,Kansas Jayhawks,Committed,0,3.0,88.0,290.0,29.0,2023,2024-12-15T19:29:00,https://on3static.com/uploads/assets/247/397/397247.jpg,https://www.on3.com/db/jahlil-hurley-145517/,portal_industry_football_2025
Andrel Anthony,WR,Oklahoma Sooners,Duke Blue Devils,Committed,0,3.0,88.0,268.0,42.0,2021,2024-12-19T20:07:00,https://on3static.com/uploads/assets/246/209/209246.jpeg,https://www.on3.com/db/andrel-anthony-4799/,portal_industry_football_2025
Rodrick Pleasant,CB,Oregon Ducks,UCLA Bruins,Committed,105403,3.0,88.0,292.0,52.0,2023,2025-04-25T09:41:00,https://on3static.com/uploads/assets/993/303/303993.png,https://www.on3.com/db/rodrick-pleasant-146054/,portal_industry_football_2025
Billy Edwards Jr.,QB,Maryland Terrapins,Wisconsin Badgers,Committed,0,4.0,90.0,153.0,14.0,2021,2024-12-16T18:59:00,https://on3static.com/uploads/assets/458/16/16458.jpeg,https://www.on3.com/db/billy-edwards-jr-10463/,portal_industry_football_2025
Johnny Williams IV,OT,West Virginia Mountaineers,Missouri Tigers,Committed,0,3.0,88.0,278.0,21.0,2023,2024-12-28T16:31:00,https://on3static.com/uploads/assets/239/397/397239.jpg,https://www.on3.com/db/johnny-williams-iv-64113/,portal_industry_football_2025
Marques Watson-Trent,LB,Georgia Southern Eagles,Nebraska Cornhuskers,Committed,0,3.0,89.0,211.0,14.0,2020,2025-01-04T11:46:00,https://on3static.com/uploads/assets/890/174/174890.png,https://www.on3.com/db/marques-watson-trent-84013/,portal_industry_football_2025
Treyshun Hurry,WR,San Jose State Spartans,Louisville Cardinals,Committed,0,3.0,86.0,296.0,184.0,2022,2025-04-22T18:35:00,https://on3static.com/uploads/assets/903/440/440903.png,https://www.on3.com/db/treyshun-hurry-234446/,portal_industry_football_2025
Thomas Castellanos,QB,Boston College Eagles,Florida State Seminoles,Committed,375327,3.0,88.0,297.0,25.0,2022,2024-12-11T20:00:00,https://on3static.com/uploads/assets/940/391/391940.png,https://www.on3.com/db/thomas-castellanos-112260/,portal_industry_football_2025
Kameron Olds,EDGE,Kent State Golden Flashes,Kentucky Wildcats,Committed,0,3.0,87.0,298.0,60.0,2021,2024-12-23T10:58:00,https://on3static.com/uploads/assets/405/392/392405.jpg,https://www.on3.com/db/kameron-olds-149961/,portal_industry_football_2025
Makari Vickers,S,Oklahoma Sooners,Colorado Buffaloes,Committed,0,3.0,88.0,299.0,34.0,2023,2024-12-18T16:59:00,https://on3static.com/uploads/assets/80/394/394080.jpg,https://www.on3.com/db/makari-vickers-81362/,portal_industry_football_2025
Jaden Platt,TE,Texas A&M Aggies,Arkansas Razorbacks,Committed,0,3.0,87.0,300.0,48.0,2023,2024-12-17T14:29:00,https://on3static.com/uploads/dev/assets/296/11/11296.jpg,https://www.on3.com/db/jaden-platt-52676/,portal_industry_football_2025
Matt Gulbin,IOL,Wake Forest Demon Deacons,Michigan State Spartans,Committed,0,3.0,88.0,294.0,30.0,2021,2024-12-22T16:58:00,https://on3static.com/uploads/assets/446/16/16446.jpeg,https://www.on3.com/db/matt-gulbin-85343/,portal_industry_football_2025
Dominick Giudice,IOL,Michigan Wolverines,Missouri Tigers,Committed,283670,3.0,87.0,302.0,56.0,2021,2024-12-20T19:36:00,https://on3static.com/uploads/assets/257/18/18257.jpeg,https://www.on3.com/db/dominick-giudice-37594/,portal_industry_football_2025
Branson Robinson,RB,Georgia Bulldogs,Georgia State Panthers,Committed,0,3.0,88.0,303.0,38.0,2022,2025-04-29T20:10:00,https://on3static.com/uploads/assets/552/440/440552.png,https://www.on3.com/db/branson-robinson-13423/,portal_industry_football_2025
Derion Gullette,LB,Texas Longhorns,Mississippi State Bulldogs,Committed,0,3.0,87.0,304.0,51.0,2023,2024-12-18T14:26:00,https://on3static.com/uploads/assets/993/201/201993.png,https://www.on3.com/db/derion-gullette-147043/,portal_industry_football_2025
Roman Hemby,RB,Maryland Terrapins,Indiana Hoosiers,Committed,0,3.0,88.0,305.0,30.0,2021,2024-12-23T11:41:00,https://on3static.com/uploads/assets/15/16/16015.jpeg,https://www.on3.com/db/roman-hemby-101943/,portal_industry_football_2025
Dylan Lonergan,QB,Alabama Crimson Tide,Boston College Eagles,Committed,0,3.0,88.0,306.0,34.0,2023,2024-12-17T18:20:00,https://on3static.com/uploads/assets/78/394/394078.jpg,https://www.on3.com/db/dylan-lonergan-39958/,portal_industry_football_2025
Traylon Ray,WR,West Virginia Mountaineers,Ole Miss Rebels,Committed,0,3.0,86.0,307.0,176.0,2023,2025-01-08T18:04:00,https://on3static.com/uploads/assets/755/401/401755.png,https://www.on3.com/db/traylon-ray-114867/,portal_industry_football_2025
Kendall Stanley,OT,Charlotte 49ers,Pittsburgh Panthers,Committed,0,3.0,88.0,293.0,23.0,2022,2024-12-23T11:02:00,https://on3static.com/uploads/assets/817/91/91817.jpg,https://www.on3.com/db/kendall-stanley-149775/,portal_industry_football_2025
Elijah Jackson,CB,Washington Huskies,TCU Horned Frogs,Committed,0,3.0,87.0,309.0,89.0,2020,2024-12-28T17:12:00,https://on3static.com/uploads/dev/assets/728/3/3728.jpg,https://www.on3.com/db/elijah-jackson-144070/,portal_industry_football_2025
Javon Tracy,WR,Miami (OH) RedHawks,Minnesota Golden Gophers,Committed,0,3.0,88.0,310.0,45.0,2022,2024-12-15T16:37:00,https://on3static.com/uploads/assets/654/396/396654.jpg,https://www.on3.com/db/javon-tracy-58185/,portal_industry_football_2025
Samuel M'Pemba,EDGE,Georgia Bulldogs,Texas A&M Aggies,Committed,0,3.0,88.0,311.0,48.0,2023,2024-12-23T10:57:00,https://on3static.com/uploads/assets/613/392/392613.png,https://www.on3.com/db/samuel-mpemba-104785/,portal_industry_football_2025
Hauss Hejny,QB,TCU Horned Frogs,Oklahoma State Cowboys,Committed,0,3.0,88.0,312.0,33.0,2024,2024-12-29T10:12:00,https://on3static.com/uploads/assets/947/395/395947.png,https://www.on3.com/db/hauss-hejny-47740/,portal_industry_football_2025
Jaylon Stone,DL,Southeast Missouri State Redhawks,Vanderbilt Commodores,Committed,0,3.0,87.0,313.0,60.0,2023,2025-04-22T19:38:00,https://on3static.com/uploads/assets/990/440/440990.jpg,https://www.on3.com/db/jaylon-stone-250696/,portal_industry_football_2025
Kylin Jackson,S,LSU Tigers,TCU Horned Frogs,Committed,0,3.0,88.0,314.0,47.0,2023,2024-12-19T15:40:00,https://on3static.com/uploads/assets/162/392/392162.jpg,https://www.on3.com/db/kylin-jackson-145453/,portal_industry_football_2025
Cameron Seldon,RB,Tennessee Volunteers,Virginia Tech Hokies,Committed,0,3.0,88.0,315.0,39.0,2023,2024-12-29T15:07:00,https://on3static.com/uploads/assets/255/226/226255.jpeg,https://www.on3.com/db/cameron-seldon-146300/,portal_industry_football_2025
Tony Grimes,CB,UNLV Rebels,Purdue Boilermakers,Committed,0,3.0,88.0,316.0,42.0,2020,2025-01-02T19:45:00,https://on3static.com/uploads/assets/843/407/407843.png,https://www.on3.com/db/tony-grimes-113875/,portal_industry_football_2025
Deuce Alexander,WR,Wake Forest Demon Deacons,Ole Miss Rebels,Committed,308542,3.0,87.0,317.0,112.0,2023,2024-12-22T15:03:00,https://on3static.com/uploads/assets/651/225/225651.png,https://www.on3.com/db/deuce-alexander-48143/,portal_industry_football_2025
TJ Bush,EDGE,Liberty Flames,California Golden Bears,Committed,0,3.0,88.0,318.0,37.0,2023,2025-04-20T13:59:00,https://on3static.com/uploads/assets/925/439/439925.png,https://www.on3.com/db/tj-bush-147477/,portal_industry_football_2025
Cam Miller,CB,Penn State Nittany Lions,Rutgers Scarlet Knights,Committed,0,3.0,88.0,319.0,48.0,2022,2025-01-16T08:07:00,https://on3static.com/uploads/assets/919/463/463919.png,https://www.on3.com/db/cam-miller-146990/,portal_industry_football_2025
Anthony Carrie,RB,Georgia Tech Yellow Jackets,FIU Golden Panthers,Committed,0,3.0,88.0,320.0,37.0,2024,2025-05-01T16:59:00,https://on3static.com/uploads/assets/487/333/333487.png,https://www.on3.com/db/anthony-carrie-147393/,portal_industry_football_2025
Nitro Tuggle,WR,Georgia Bulldogs,Purdue Boilermakers,Committed,101598,3.0,88.0,321.0,72.0,2024,2025-04-21T17:15:00,https://on3static.com/uploads/assets/402/187/187402.jpg,https://www.on3.com/db/nitro-tuggle-162105/,portal_industry_football_2025
Zion Branch,S,USC Trojans,Georgia Bulldogs,Committed,0,3.0,87.0,322.0,54.0,2022,2025-01-05T16:04:00,https://on3static.com/uploads/assets/701/92/92701.png,https://www.on3.com/db/zion-branch-123826/,portal_industry_football_2025
Riley WIlson,EDGE,Montana Grizzlies,Arizona Wildcats,Committed,0,3.0,89.0,254.0,28.0,2020,2024-12-26T11:16:00,https://on3static.com/uploads/assets/57/404/404057.png,https://www.on3.com/db/riley-wilson-100595/,portal_industry_football_2025
Amari Niblack,TE,Texas Longhorns,Texas A&M Aggies,Committed,0,3.0,88.0,300.0,12.0,2022,2025-01-20T10:21:00,https://on3static.com/uploads/assets/764/225/225764.jpeg,https://www.on3.com/db/amari-niblack-4209/,portal_industry_football_2025
Sam Greene,EDGE,USC Trojans,Kentucky Wildcats,Committed,0,3.0,88.0,325.0,55.0,2023,2024-12-14T13:27:00,https://on3static.com/uploads/assets/938/218/218938.png,https://www.on3.com/db/sam-greene-151545/,portal_industry_football_2025
Jakobe Thomas,S,Tennessee Volunteers,Miami Hurricanes,Committed,0,3.0,86.0,326.0,93.0,2021,2025-05-01T19:46:00,https://on3static.com/uploads/assets/672/443/443672.png,https://www.on3.com/db/jakobe-thomas-54027/,portal_industry_football_2025
Troy Bowles,LB,Georgia Bulldogs,Michigan Wolverines,Committed,0,3.0,88.0,327.0,26.0,2023,2024-12-21T13:03:00,https://on3static.com/uploads/assets/614/392/392614.png,https://www.on3.com/db/troy-bowles-116581/,portal_industry_football_2025
Noah Avinger,CB,New Mexico Lobos,Utah State Aggies,Committed,0,3.0,88.0,328.0,64.0,2021,2025-01-10T08:38:00,https://on3static.com/uploads/assets/462/178/178462.png,https://www.on3.com/db/noah-avinger-93516/,portal_industry_football_2025
Easton Messer,WR,Western Kentucky Hilltoppers,Florida Atlantic Owls,Committed,0,3.0,88.0,329.0,65.0,2022,2024-12-23T11:25:00,https://on3static.com/uploads/assets/409/88/88409.jpg,https://www.on3.com/db/easton-messer-40359/,portal_industry_football_2025
River Helms,TE,Western Kentucky Hilltoppers,Georgia Southern Eagles,Committed,0,3.0,88.0,330.0,19.0,2021,2025-01-06T11:18:00,https://on3static.com/uploads/assets/571/76/76571.jpg,https://www.on3.com/db/river-helms-100635/,portal_industry_football_2025
JaQues Evans,EDGE,Baylor Bears,Colorado State Rams,Committed,0,3.0,88.0,331.0,51.0,2020,2025-01-17T14:16:00,https://on3static.com/uploads/assets/861/75/75861.jpg,https://www.on3.com/db/jaques-evans-56474/,portal_industry_football_2025
Travor Randle,S,Louisiana-Monroe Warhawks,Prairie View A&M Panthers,Committed,0,3.0,88.0,332.0,45.0,2020,2025-02-05T08:52:00,https://on3static.com/uploads/assets/785/396/396785.jpg,https://www.on3.com/db/travor-randle-174297/,portal_industry_football_2025
Cian Slone,EDGE,Utah State Aggies,NC State Wolfpack,Committed,0,3.0,88.0,333.0,40.0,2021,2025-04-08T14:41:00,https://on3static.com/uploads/assets/580/401/401580.png,https://www.on3.com/db/cian-slone-23530/,portal_industry_football_2025
Luke Williams,CB,Purdue Boilermakers,Austin Peay Governors,Committed,0,3.0,88.0,334.0,70.0,2024,2025-05-01T08:41:00,https://on3static.com/uploads/assets/907/343/343907.png,https://www.on3.com/db/luke-williams-152569/,portal_industry_football_2025
Phillip Lee,EDGE,Troy Trojans,Arkansas Razorbacks,Committed,0,3.0,88.0,335.0,41.0,2021,2025-04-19T18:48:00,https://on3static.com/uploads/assets/494/441/441494.jpeg,https://www.on3.com/db/phillip-lee-96546/,portal_industry_football_2025
Kellan Wyatt,EDGE,Maryland Terrapins,Indiana Hoosiers,Committed,0,3.0,88.0,336.0,42.0,2022,2025-04-22T14:48:00,https://on3static.com/uploads/assets/727/310/310727.png,https://www.on3.com/db/kellan-wyatt-72358/,portal_industry_football_2025
Christopher Boti,DL,Liberty Flames,Arkansas State Red Wolves,Committed,0,3.0,88.0,338.0,39.0,2021,2025-04-22T14:43:00,https://on3static.com/uploads/assets/785/73/73785.jpg,https://www.on3.com/db/christopher-boti-23305/,portal_industry_football_2025
Caleb Brown,CB,Hawaii Rainbow Warriors,Virginia Tech Hokies,Committed,0,3.0,88.0,339.0,43.0,2020,2025-04-27T14:44:00,,https://www.on3.com/db/caleb-brown-175661/,portal_industry_football_2025
Terrill Davis,WR,Central Oklahoma Bronchos,Oklahoma State Cowboys,Committed,0,3.0,88.0,340.0,69.0,2021,2025-04-24T09:44:00,https://on3static.com/uploads/assets/575/442/442575.png,https://www.on3.com/db/terrill-davis-250919/,portal_industry_football_2025
Tracy Revels,S,Bowling Green Falcons,Michigan State Spartans,Committed,0,3.0,88.0,342.0,26.0,2023,2025-04-27T13:43:00,https://on3static.com/uploads/assets/393/443/443393.png,https://www.on3.com/db/tracy-revels-150670/,portal_industry_football_2025
L.J. Green,CB,Troy Trojans,Tulane Green Wave,Committed,0,3.0,88.0,343.0,49.0,2023,2025-04-29T16:08:00,https://on3static.com/uploads/assets/502/49/49502.png,https://www.on3.com/db/lj-green-151534/,portal_industry_football_2025
Michael Teason,LB,Missouri State University Bears,TCU Horned Frogs,Committed,0,3.0,88.0,344.0,38.0,2023,2025-04-28T07:52:00,,https://www.on3.com/db/michael-teason-151396/,portal_industry_football_2025
Jamarrion Solomon,DL,FIU Golden Panthers,Charlotte 49ers,Committed,0,3.0,88.0,345.0,38.0,2022,2025-05-14T20:17:00,https://on3static.com/uploads/assets/586/447/447586.png,https://www.on3.com/db/jamarrion-solomon-179933/,portal_industry_football_2025
Tavoy Feagin,CB,Clemson Tigers,Ole Miss Rebels,Committed,0,3.0,88.0,346.0,40.0,2024,2025-04-16T09:47:00,https://on3static.com/uploads/assets/317/24/24317.jpg,https://www.on3.com/db/tavoy-feagin-110638/,portal_industry_football_2025
Phillip Daniels,OT,Minnesota Golden Gophers,Ohio State Buckeyes,Committed,370092,3.0,87.0,347.0,39.0,2023,2024-12-18T11:09:00,https://on3static.com/uploads/assets/399/393/393399.png,https://www.on3.com/db/phillip-daniels-146003/,portal_industry_football_2025
Tyler Onyedim,EDGE,Iowa State Cyclones,Texas A&M Aggies,Committed,0,3.0,88.0,267.0,32.0,2021,2025-01-02T22:21:00,https://on3static.com/uploads/assets/813/15/15813.jpeg,https://www.on3.com/db/tyler-onyedim-117917/,portal_industry_football_2025
Kamal Bonner,LB,NC State Wolfpack,Miami Hurricanes,Committed,0,3.0,86.0,349.0,101.0,2023,2025-04-26T18:09:00,https://on3static.com/uploads/assets/546/225/225546.png,https://www.on3.com/db/kamal-bonner-152143/,portal_industry_football_2025
Jahmal Edrine,WR,Purdue Boilermakers,Virginia Cavaliers,Committed,0,3.0,88.0,350.0,62.0,2021,2024-12-21T13:58:00,https://on3static.com/uploads/assets/46/217/217046.png,https://www.on3.com/db/jahmal-edrine-52994/,portal_industry_football_2025
Chris Murray,DL,Sam Houston State Bearkats,Auburn Tigers,Committed,0,4.0,90.0,94.0,5.0,2021,2025-01-05T19:39:00,https://on3static.com/uploads/assets/921/12/12921.jpeg,https://www.on3.com/db/chris-murray-22200/,portal_industry_football_2025
Jayson Jenkins,DL,Tennessee Volunteers,Florida State Seminoles,Committed,0,3.0,88.0,352.0,30.0,2022,2025-01-05T10:23:00,https://on3static.com/uploads/assets/209/226/226209.jpeg,https://www.on3.com/db/jayson-jenkins-149816/,portal_industry_football_2025
Cash Cleveland,IOL,Colorado Buffaloes,Texas Tech Red Raiders,Committed,0,4.0,90.0,103.0,11.0,2024,2025-04-24T16:35:00,https://on3static.com/uploads/assets/827/333/333827.png,https://www.on3.com/db/cash-cleveland-19139/,portal_industry_football_2025
Jeff Caldwell,WR,Lindenwood University Lions,Cincinnati Bearcats,Committed,0,3.0,89.0,258.0,41.0,2022,2024-12-17T13:18:00,https://on3static.com/uploads/assets/136/392/392136.jpg,https://www.on3.com/db/jeff-caldwell-246933/,portal_industry_football_2025
Chandler Morris,QB,North Texas Mean Green,Virginia Cavaliers,Committed,0,3.0,89.0,156.0,16.0,2020,2024-12-16T12:27:00,https://on3static.com/uploads/dev/assets/732/7/7732.jpg,https://www.on3.com/db/chandler-morris-19920/,portal_industry_football_2025
Deante McCray,EDGE,Western Kentucky Hilltoppers,Florida State Seminoles,Committed,0,3.0,88.0,356.0,45.0,2022,2024-12-20T19:52:00,https://on3static.com/uploads/assets/433/88/88433.jpg,https://www.on3.com/db/deante-mccray-149782/,portal_industry_football_2025
Elijah Tau-Tolliver,RB,Sacramento State Hornets,Michigan State Spartans,Committed,0,3.0,87.0,357.0,44.0,2021,2024-12-17T16:57:00,https://on3static.com/uploads/assets/773/393/393773.png,https://www.on3.com/db/elijah-tau-tolliver-41387/,portal_industry_football_2025
Boaz Stanley,IOL,Troy Trojans,South Carolina Gamecocks,Committed,0,3.0,87.0,358.0,91.0,2022,2025-01-06T15:56:00,https://on3static.com/uploads/assets/28/401/401028.png,https://www.on3.com/db/boaz-stanley-245591/,portal_industry_football_2025
Teague Andersen,OT,Utah State Aggies,NC State Wolfpack,Committed,0,3.0,89.0,214.0,17.0,2022,2024-12-17T13:37:00,https://on3static.com/uploads/assets/784/390/390784.jpg,https://www.on3.com/db/teague-andersen-111025/,portal_industry_football_2025
Tyquan King,LB,Temple Owls,Connecticut Huskies,Committed,0,3.0,88.0,263.0,16.0,2021,2025-01-09T17:44:00,https://on3static.com/uploads/assets/462/469/469462.png,https://www.on3.com/db/tyquan-king-118344/,portal_industry_football_2025
Jared Dawson,DL,Louisville Cardinals,Notre Dame Fighting Irish,Committed,0,4.0,90.0,123.0,8.0,2020,2025-01-11T14:30:00,https://on3static.com/uploads/assets/56/403/403056.png,https://www.on3.com/db/jared-dawson-56605/,portal_industry_football_2025
Koy Beasley,CB,Purdue Boilermakers,Miami (OH) RedHawks,Committed,0,3.0,88.0,362.0,66.0,2024,2024-12-22T15:24:00,https://on3static.com/uploads/assets/469/343/343469.png,https://www.on3.com/db/koy-beasley-153305/,portal_industry_football_2025
Xavier Atkins,LB,LSU Tigers,Auburn Tigers,Committed,679315,3.0,88.0,363.0,22.0,2024,2024-12-18T21:30:00,https://on3static.com/uploads/assets/150/392/392150.jpg,https://www.on3.com/db/xavier-atkins-150271/,portal_industry_football_2025
T.J. Metcalf,S,Arkansas Razorbacks,Michigan Wolverines,Committed,129021,4.0,90.0,145.0,8.0,2023,2024-12-16T18:47:00,https://on3static.com/uploads/assets/920/583/583920.png,https://www.on3.com/db/tj-metcalf-113126/,portal_industry_football_2025
Jeremiah Alexander,EDGE,Alabama Crimson Tide,Clemson Tigers,Committed,0,3.0,88.0,365.0,43.0,2022,2025-01-08T11:07:00,https://on3static.com/uploads/assets/552/225/225552.jpeg,https://www.on3.com/db/jeremiah-alexander-60021/,portal_industry_football_2025
Alex McLaughlin,S,Northern Arizona Lumberjacks,Washington Huskies,Committed,354121,4.0,90.0,148.0,9.0,2023,2024-12-17T14:44:00,https://on3static.com/uploads/assets/426/392/392426.jpg,https://www.on3.com/db/alex-mclaughlin-156034/,portal_industry_football_2025
Jack Hollifield,IOL,Appalachian State Mountaineers,Tulane Green Wave,Committed,0,3.0,89.0,221.0,22.0,2021,2024-12-26T17:47:00,https://on3static.com/uploads/assets/421/16/16421.jpeg,https://www.on3.com/db/jack-hollifield-51148/,portal_industry_football_2025
Santana Banner,S,Northern Illinois Huskies,Missouri Tigers,Committed,116385,3.0,88.0,368.0,28.0,2023,2024-12-16T07:01:00,https://on3static.com/uploads/assets/156/392/392156.jpg,https://www.on3.com/db/santana-banner-154816/,portal_industry_football_2025
Devin Brown,QB,Ohio State Buckeyes,California Golden Bears,Committed,331869,3.0,88.0,369.0,28.0,2022,2025-01-21T11:59:00,https://on3static.com/uploads/assets/338/396/396338.jpg,https://www.on3.com/db/devin-brown-35932/,portal_industry_football_2025
Steven Curtis,DL,Illinois State Redbirds,Minnesota Golden Gophers,Committed,0,3.0,87.0,370.0,99.0,2023,2024-12-15T08:56:00,https://on3static.com/uploads/assets/368/393/393368.png,https://www.on3.com/db/steven-curtis-153868/,portal_industry_football_2025
Justus Boone,EDGE,Florida Gators,Arkansas Razorbacks,Committed,0,3.0,87.0,371.0,68.0,2021,2024-12-21T12:18:00,https://on3static.com/uploads/assets/476/392/392476.png,https://www.on3.com/db/justus-boone-70042/,portal_industry_football_2025
Dae'vonn Hall,WR,Nebraska Cornhuskers,Nebraska Kearney Lopers,Committed,0,3.0,87.0,372.0,109.0,2024,2025-01-19T22:24:00,https://on3static.com/uploads/assets/475/333/333475.png,https://www.on3.com/db/daevonn-hall-27881/,portal_industry_football_2025
CJ James,IOL,UTSA Roadrunners,,Entered,0,3.0,87.0,373.0,66.0,2020,2024-12-30T11:49:00,https://on3static.com/uploads/assets/17/398/398017.jpg,https://www.on3.com/db/cj-james-179521/,portal_industry_football_2025
Devyn Curtis,LB,Middle Tennessee State Blue Raiders,Arkansas State Red Wolves,Committed,0,3.0,87.0,374.0,87.0,2020,2025-04-16T19:41:00,https://on3static.com/uploads/assets/543/262/262543.png,https://www.on3.com/db/devyn-curtis-36656/,portal_industry_football_2025
Elias Rudolph,EDGE,Miami Hurricanes,UNLV Rebels,Committed,0,3.0,87.0,375.0,93.0,2024,2025-05-09T18:59:00,https://on3static.com/uploads/assets/694/440/440694.png,https://www.on3.com/db/elias-rudolph-149827/,portal_industry_football_2025
Markell Samuel,OT,Appalachian State Mountaineers,Oklahoma State Cowboys,Committed,0,3.0,87.0,376.0,52.0,2020,2025-04-15T18:24:00,https://on3static.com/uploads/assets/952/438/438952.png,https://www.on3.com/db/markell-samuel-83713/,portal_industry_football_2025
Marcellus Marshall,IOL,UCF Knights,Minnesota Golden Gophers,Committed,0,3.0,87.0,377.0,55.0,2020,2024-12-18T19:17:00,https://on3static.com/uploads/assets/507/393/393507.jpg,https://www.on3.com/db/marcellus-marshall-82383/,portal_industry_football_2025
Kennedy Urlacher,S,Notre Dame Fighting Irish,USC Trojans,Committed,0,3.0,87.0,379.0,53.0,2024,2025-04-19T11:37:00,https://on3static.com/uploads/assets/398/331/331398.png,https://www.on3.com/db/kennedy-urlacher-73052/,portal_industry_football_2025
Andrew Gentry,OT,Michigan Wolverines,BYU Cougars,Committed,383314,3.0,88.0,380.0,32.0,2020,2024-12-24T16:11:00,https://on3static.com/uploads/assets/393/16/16393.jpeg,https://www.on3.com/db/andrew-gentry-5037/,portal_industry_football_2025
Hero Kanu,DL,Ohio State Buckeyes,Texas Longhorns,Committed,626699,3.0,87.0,381.0,71.0,2022,2025-01-29T07:08:00,https://on3static.com/uploads/assets/539/221/221539.jpeg,https://www.on3.com/db/hero-kanu-145774/,portal_industry_football_2025
Gabe Powers,LB,Ohio State Buckeyes,Kansas State Wildcats,Committed,0,3.0,88.0,382.0,27.0,2022,2024-12-20T22:09:00,https://on3static.com/uploads/assets/565/221/221565.jpeg,https://www.on3.com/db/gabe-powers-44578/,portal_industry_football_2025
Deamontae Diggs,EDGE,Coastal Carolina Chanticleers,Florida State Seminoles,Committed,0,3.0,86.0,383.0,131.0,2020,2025-01-03T18:28:00,https://on3static.com/uploads/assets/922/307/307922.png,https://www.on3.com/db/deamontae-diggs-32889/,portal_industry_football_2025
Damien Taylor,RB,Troy Trojans,Ole Miss Rebels,Committed,0,3.0,89.0,227.0,18.0,2021,2025-04-20T13:52:00,https://on3static.com/uploads/assets/584/441/441584.png,https://www.on3.com/db/damien-taylor-28600/,portal_industry_football_2025
Eddie Kelly,DL,Missouri Tigers,West Virginia Mountaineers,Committed,0,3.0,87.0,385.0,80.0,2022,2025-04-21T19:18:00,https://on3static.com/uploads/assets/645/180/180645.jpeg,https://www.on3.com/db/eddie-kelly-40495/,portal_industry_football_2025
Cooper Barkate,WR,Harvard Crimson,Duke Blue Devils,Committed,504940,3.0,88.0,386.0,61.0,2022,2024-12-28T21:18:00,https://on3static.com/uploads/assets/448/386/386448.jpg,https://www.on3.com/db/cooper-barkate-25829/,portal_industry_football_2025
Holden Staes,TE,Tennessee Volunteers,Indiana Hoosiers,Committed,0,3.0,87.0,387.0,27.0,2022,2025-01-09T16:32:00,https://on3static.com/uploads/assets/943/235/235943.jpeg,https://www.on3.com/db/holden-staes-48181/,portal_industry_football_2025
Riley Williams,TE,Miami Hurricanes,Oregon State Beavers,Committed,0,3.0,87.0,388.0,34.0,2023,2025-01-04T16:53:00,https://on3static.com/uploads/assets/573/222/222573.jpg,https://www.on3.com/db/riley-williams-100594/,portal_industry_football_2025
Zach Calzada,QB,Incarnate Word Cardinals,Kentucky Wildcats,Committed,0,3.0,89.0,236.0,20.0,2019,2024-12-19T10:59:00,https://on3static.com/uploads/assets/406/393/393406.png,https://www.on3.com/db/zach-calzada-122623/,portal_industry_football_2025
Ashaad Williams,CB,North Alabama Lions,Wake Forest Demon Deacons,Committed,0,3.0,88.0,390.0,59.0,2021,2025-03-23T10:24:00,https://on3static.com/uploads/assets/829/424/424829.jpeg,https://www.on3.com/db/ashaad-williams-249965/,portal_industry_football_2025
Nyland Green,CB,Purdue Boilermakers,Arizona State Sun Devils,Committed,0,3.0,87.0,391.0,105.0,2021,,https://on3static.com/uploads/assets/506/343/343506.png,https://www.on3.com/db/nyland-green-94049/,portal_industry_football_2025
Tre Bell,CB,Lindenwood University Lions,Iowa State Cyclones,Committed,0,3.0,87.0,392.0,113.0,2022,2024-12-13T11:13:00,https://on3static.com/uploads/assets/494/580/580494.png,https://www.on3.com/db/tre-bell-246983/,portal_industry_football_2025
Bryce Henderson,OT,South Dakota Coyotes,Vanderbilt Commodores,Committed,0,3.0,88.0,393.0,31.0,2020,2025-02-26T11:40:00,https://on3static.com/uploads/assets/694/417/417694.jpg,https://www.on3.com/db/bryce-henderson-249593/,portal_industry_football_2025
Omari Evans,WR,Penn State Nittany Lions,Washington Huskies,Committed,0,3.0,88.0,394.0,58.0,2022,2025-01-22T21:56:00,https://on3static.com/uploads/assets/864/94/94864.png,https://www.on3.com/db/omari-evans-94439/,portal_industry_football_2025
Rickie Collins,QB,LSU Tigers,Syracuse Orange,Committed,0,3.0,87.0,395.0,41.0,2023,2024-12-20T18:08:00,https://on3static.com/uploads/assets/152/392/392152.jpg,https://www.on3.com/db/rickie-collins-100212/,portal_industry_football_2025
Peyton Waters,S,Washington Huskies,North Carolina Tar Heels,Committed,0,3.0,88.0,396.0,30.0,2024,2025-01-13T16:54:00,https://on3static.com/uploads/assets/52/465/465052.png,https://www.on3.com/db/peyton-waters-158405/,portal_industry_football_2025
Kris Hutson,WR,Washington State Cougars,Arizona Wildcats,Committed,0,3.0,88.0,397.0,47.0,2020,2024-12-18T20:29:00,https://on3static.com/uploads/dev/assets/174/6/6174.jpg,https://www.on3.com/db/kris-hutson-143375/,portal_industry_football_2025
Luke McGary,LB,Tulsa Golden Hurricane,Houston Cougars,Committed,0,3.0,87.0,398.0,53.0,2023,2024-12-16T16:14:00,https://on3static.com/uploads/assets/648/216/216648.png,https://www.on3.com/db/luke-mcgary-158600/,portal_industry_football_2025
Maurice Westmoreland,EDGE,UTEP Miners,Tulane Green Wave,Committed,0,3.0,88.0,399.0,53.0,2020,2025-01-08T15:29:00,https://on3static.com/uploads/assets/466/88/88466.jpg,https://www.on3.com/db/maurice-westmoreland-149988/,portal_industry_football_2025
Bob Schick,IOL,Virginia Tech Hokies,Oklahoma State Cowboys,Committed,0,3.0,89.0,216.0,19.0,2020,2025-04-28T08:26:00,https://on3static.com/uploads/assets/5/25/25005.jpeg,https://www.on3.com/db/bob-schick-146264/,portal_industry_football_2025
Makai Jackson,WR,Appalachian State Mountaineers,Indiana Hoosiers,Committed,0,3.0,88.0,401.0,57.0,2022,2024-12-24T11:04:00,https://on3static.com/uploads/assets/58/170/170058.png,https://www.on3.com/db/makai-jackson-175041/,portal_industry_football_2025
Tucker Large,S,South Dakota State Jackrabbits,Washington State Cougars,Committed,0,3.0,89.0,219.0,20.0,2021,2025-01-04T13:31:00,https://on3static.com/uploads/assets/736/404/404736.png,https://www.on3.com/db/tucker-large-248527/,portal_industry_football_2025
Troy Stellato,WR,Clemson Tigers,Kentucky Wildcats,Committed,0,3.0,86.0,403.0,165.0,2021,2025-01-08T10:51:00,https://on3static.com/uploads/assets/795/18/18795.jpeg,https://www.on3.com/db/troy-stellato-116714/,portal_industry_football_2025
Will Jados,OT,Miami (OH) RedHawks,Texas Tech Red Raiders,Committed,0,3.0,86.0,404.0,95.0,2021,2024-12-17T13:19:00,https://on3static.com/uploads/assets/900/395/395900.png,https://www.on3.com/db/will-jados-144818/,portal_industry_football_2025
Khristian Dunbar-Hawkins,S,UCLA Bruins,North Carolina Tar Heels,Committed,0,3.0,86.0,405.0,140.0,2024,2025-05-02T15:01:00,https://on3static.com/uploads/assets/908/470/470908.jpg,https://www.on3.com/db/khristian-dunbar-hawkins-75061/,portal_industry_football_2025
Arias Nash,DL,Mercer Bears,Virginia Tech Hokies,Committed,0,3.0,88.0,406.0,26.0,2022,2025-01-06T18:10:00,https://on3static.com/uploads/assets/100/401/401100.png,https://www.on3.com/db/arias-nash-248020/,portal_industry_football_2025
Markevious Brown,CB,Purdue Boilermakers,,Entered,0,3.0,88.0,407.0,57.0,2021,2025-04-16T06:44:00,https://on3static.com/uploads/assets/483/343/343483.png,https://www.on3.com/db/markevious-brown-83732/,portal_industry_football_2025
James Ash,DL,Florida A&M Rattlers,Auburn Tigers,Committed,0,3.0,88.0,408.0,21.0,2020,2025-04-21T11:22:00,https://on3static.com/uploads/assets/753/441/441753.png,https://www.on3.com/db/james-ash-55325/,portal_industry_football_2025
Madden Iamaleava,QB,Arkansas Razorbacks,UCLA Bruins,Committed,152238,3.0,88.0,409.0,31.0,2025,2025-04-22T11:50:00,https://on3static.com/uploads/assets/632/301/301632.jpg,https://www.on3.com/db/madden-iamaleava-154850/,portal_industry_football_2025
Rayshawn Pleasant,CB,Tulane Green Wave,Auburn Tigers,Committed,0,3.0,88.0,410.0,39.0,2022,2025-04-23T20:07:00,https://on3static.com/uploads/assets/761/214/214761.jpeg,https://www.on3.com/db/rayshawn-pleasant-99082/,portal_industry_football_2025
Colton Hood,CB,Colorado Buffaloes,Tennessee Volunteers,Committed,0,3.0,88.0,411.0,46.0,2023,2025-05-02T10:24:00,https://on3static.com/uploads/assets/624/303/303624.png,https://www.on3.com/db/colton-hood-150244/,portal_industry_football_2025
Kristopher Ross,EDGE,Nevada Wolf Pack,Sacramento State Hornets,Committed,0,3.0,88.0,412.0,56.0,2022,2025-05-16T10:25:00,https://on3static.com/uploads/assets/919/83/83919.png,https://www.on3.com/db/kristopher-ross-76129/,portal_industry_football_2025
Joshua Eaton,CB,Texas State Bobcats,Michigan State Spartans,Committed,0,3.0,86.0,413.0,156.0,2020,2024-12-16T22:22:00,https://on3static.com/uploads/assets/226/484/484226.jpg,https://www.on3.com/db/joshua-eaton-67907/,portal_industry_football_2025
Jamari Johnson,TE,Louisville Cardinals,Oregon Ducks,Committed,684142,3.0,88.0,414.0,20.0,2023,2024-12-18T12:59:00,https://on3static.com/uploads/assets/656/396/396656.jpg,https://www.on3.com/db/jamari-johnson-151035/,portal_industry_football_2025
Bryson Canty,WR,Columbia Lions,Kansas Jayhawks,Committed,0,3.0,87.0,415.0,107.0,2021,2024-12-30T12:11:00,https://on3static.com/uploads/assets/433/379/379433.png,https://www.on3.com/db/bryson-canty-16062/,portal_industry_football_2025
Amare Thomas,WR,UAB Blazers,Houston Cougars,Committed,753654,3.0,88.0,416.0,68.0,2023,2024-12-14T17:14:00,https://on3static.com/uploads/assets/137/392/392137.jpg,https://www.on3.com/db/amare-thomas-150300/,portal_industry_football_2025
Braylon Braxton,QB,Marshall Thundering Herd,Southern Miss Golden Eagles,Committed,0,3.0,88.0,417.0,40.0,2021,2024-12-20T21:18:00,https://on3static.com/uploads/assets/968/12/12968.jpeg,https://www.on3.com/db/braylon-braxton-13611/,portal_industry_football_2025
Preston Stone,QB,SMU Mustangs,Northwestern Wildcats,Committed,0,3.0,88.0,418.0,27.0,2021,2024-12-21T16:05:00,https://on3static.com/uploads/assets/129/392/392129.jpg,https://www.on3.com/db/preston-stone-96881/,portal_industry_football_2025
Logan Loya,WR,UCLA Bruins,Minnesota Golden Gophers,Committed,0,3.0,87.0,419.0,116.0,2020,2024-12-23T13:36:00,https://on3static.com/uploads/dev/assets/234/5/5234.jpg,https://www.on3.com/db/logan-loya-79789/,portal_industry_football_2025
Emmanuel Henderson,WR,Alabama Crimson Tide,Kansas Jayhawks,Committed,0,3.0,86.0,420.0,227.0,2022,2024-12-23T10:43:00,https://on3static.com/uploads/assets/642/225/225642.jpeg,https://www.on3.com/db/emmanuel-henderson-41754/,portal_industry_football_2025
Ka'ena Decambra,OT,Hawaii Rainbow Warriors,Arizona Wildcats,Committed,0,3.0,88.0,421.0,30.0,2021,2024-12-22T18:18:00,https://on3static.com/uploads/assets/712/395/395712.png,https://www.on3.com/db/kaena-decambra-237067/,portal_industry_football_2025
Jahkai Lang,EDGE,Missouri Tigers,SMU Mustangs,Committed,0,3.0,87.0,422.0,80.0,2023,2025-04-20T19:54:00,https://on3static.com/uploads/assets/944/222/222944.png,https://www.on3.com/db/jahkai-lang-52953/,portal_industry_football_2025
Bradyn Joiner,IOL,Auburn Tigers,Purdue Boilermakers,Committed,0,3.0,87.0,423.0,96.0,2023,2025-04-18T22:29:00,https://on3static.com/uploads/assets/647/303/303647.png,https://www.on3.com/db/bradyn-joiner-145278/,portal_industry_football_2025
Taje McCoy,LB,Colorado Buffaloes,Oklahoma State Cowboys,Committed,0,3.0,87.0,424.0,69.0,2023,2025-04-18T19:05:00,https://on3static.com/uploads/assets/353/242/242353.jpeg,https://www.on3.com/db/taje-mccoy-150997/,portal_industry_football_2025
Marques Easley,IOL,Georgia Bulldogs,Purdue Boilermakers,Committed,0,3.0,87.0,425.0,49.0,2024,2025-04-26T15:16:00,https://on3static.com/uploads/assets/691/142/142691.jpg,https://www.on3.com/db/marques-easley-163161/,portal_industry_football_2025
Roy Alexander,WR,Incarnate Word Cardinals,Texas Tech Red Raiders,Committed,0,3.0,87.0,426.0,78.0,2021,2025-04-28T18:31:00,https://on3static.com/uploads/assets/501/442/442501.png,https://www.on3.com/db/roy-alexander-218682/,portal_industry_football_2025
Geimere Latimer,CB,Jacksonville State Gamecocks,Wisconsin Badgers,Committed,0,3.0,88.0,276.0,36.0,2023,2024-12-24T10:51:00,https://on3static.com/uploads/assets/655/396/396655.jpg,https://www.on3.com/db/geimere-latimer-159093/,portal_industry_football_2025
Donovan Green,TE,Texas A&M Aggies,LSU Tigers,Committed,0,3.0,87.0,428.0,37.0,2022,2025-01-11T12:47:00,https://on3static.com/uploads/assets/63/88/88063.jpg,https://www.on3.com/db/donovan-green-38179/,portal_industry_football_2025
Ty Lockwood,TE,Alabama Crimson Tide,Boston College Eagles,Committed,0,3.0,87.0,429.0,31.0,2023,2025-01-07T12:41:00,https://on3static.com/uploads/assets/685/225/225685.jpeg,https://www.on3.com/db/ty-lockwood-117034/,portal_industry_football_2025
Amari Jefferson,WR,Alabama Crimson Tide,Tennessee Volunteers,Committed,0,3.0,89.0,180.0,28.0,2024,2025-01-07T11:56:00,https://on3static.com/uploads/assets/656/211/211656.jpg,https://www.on3.com/db/amari-jefferson-151580/,portal_industry_football_2025
Jaden Mickey,CB,Notre Dame Fighting Irish,Boise State Broncos,Committed,0,3.0,87.0,431.0,72.0,2022,2025-02-20T08:39:00,https://on3static.com/uploads/assets/915/235/235915.jpeg,https://www.on3.com/db/jaden-mickey-52650/,portal_industry_football_2025
Dayon Hayes,EDGE,Colorado Buffaloes,Texas A&M Aggies,Committed,0,3.0,89.0,181.0,20.0,2020,2024-12-20T22:50:00,https://on3static.com/uploads/dev/assets/970/9/9970.jpg,https://www.on3.com/db/dayon-hayes-32674/,portal_industry_football_2025
Jordan Young,CB,Cincinnati Bearcats,Arkansas Razorbacks,Committed,0,3.0,89.0,186.0,30.0,2021,2024-12-21T12:38:00,https://on3static.com/uploads/assets/343/396/396343.jpg,https://www.on3.com/db/jordan-young-66264/,portal_industry_football_2025
Joshua Horton,DL,Miami Hurricanes,Georgia Bulldogs,Committed,0,3.0,87.0,434.0,72.0,2023,2025-04-20T19:20:00,https://on3static.com/uploads/assets/510/222/222510.jpg,https://www.on3.com/db/joshua-horton-145877/,portal_industry_football_2025
Fred Perry,S,Jacksonville State Gamecocks,West Virginia Mountaineers,Committed,0,3.0,87.0,435.0,65.0,2022,2025-01-08T13:30:00,https://on3static.com/uploads/assets/294/401/401294.png,https://www.on3.com/db/fred-perry-196718/,portal_industry_football_2025
Kanye Udoh,RB,Army Black Knights,Arizona State Sun Devils,Committed,0,4.0,90.0,152.0,14.0,2022,2024-12-21T12:10:00,https://on3static.com/uploads/assets/225/472/472225.jpg,https://www.on3.com/db/kanye-udoh-71193/,portal_industry_football_2025
Isaiah Brown-Murray,CB,East Carolina Pirates,Virginia Tech Hokies,Committed,0,3.0,88.0,437.0,54.0,2022,2024-12-21T12:48:00,https://on3static.com/uploads/assets/608/213/213608.jpeg,https://www.on3.com/db/isaiah-brown-murray-49392/,portal_industry_football_2025
Stephen Hall,CB,Washington State Cougars,Missouri Tigers,Committed,0,3.0,88.0,438.0,44.0,2020,2025-01-04T11:00:00,https://on3static.com/uploads/assets/252/397/397252.jpg,https://www.on3.com/db/stephen-hall-147883/,portal_industry_football_2025
Cam Vaughn,WR,Jacksonville State Gamecocks,West Virginia Mountaineers,Committed,0,3.0,89.0,209.0,35.0,2023,2025-01-06T10:42:00,https://on3static.com/uploads/assets/689/393/393689.png,https://www.on3.com/db/cam-vaughn-177233/,portal_industry_football_2025
Jacobie Henderson,CB,Marshall Thundering Herd,Rutgers Scarlet Knights,Committed,0,3.0,89.0,215.0,31.0,2022,2024-12-18T11:08:00,https://on3static.com/uploads/assets/144/464/464144.jpg,https://www.on3.com/db/jacobie-henderson-52346/,portal_industry_football_2025
Tawee Walker,RB,Wisconsin Badgers,Cincinnati Bearcats,Committed,0,3.0,88.0,261.0,25.0,2019,2025-01-06T22:51:00,https://on3static.com/uploads/assets/679/264/264679.jpeg,https://www.on3.com/db/tawee-walker-110645/,portal_industry_football_2025
Jalen Smith,LB,Tennessee Volunteers,Mississippi State Bulldogs,Committed,0,3.0,88.0,264.0,17.0,2023,2024-12-19T10:16:00,https://on3static.com/uploads/assets/262/226/226262.jpeg,https://www.on3.com/db/jalen-smith-146092/,portal_industry_football_2025
Christopher Johnson,RB,Miami Hurricanes,SMU Mustangs,Committed,0,3.0,87.0,443.0,49.0,2023,2024-12-19T16:15:00,https://on3static.com/uploads/assets/507/222/222507.jpg,https://www.on3.com/db/christopher-johnson-151162/,portal_industry_football_2025
Caden Kitler,IOL,UCF Knights,Arkansas Razorbacks,Committed,0,3.0,89.0,222.0,23.0,2022,2024-12-19T10:34:00,https://on3static.com/uploads/assets/81/394/394081.jpg,https://www.on3.com/db/caden-kitler-16730/,portal_industry_football_2025
Rashod Dubinion,RB,Arkansas Razorbacks,Appalachian State Mountaineers,Committed,0,3.0,89.0,229.0,20.0,2022,2025-01-05T16:45:00,https://on3static.com/uploads/assets/217/72/72217.jpeg,https://www.on3.com/db/rashod-dubinion-98722/,portal_industry_football_2025
Landyn Watson,EDGE,Marshall Thundering Herd,Kentucky Wildcats,Committed,0,3.0,87.0,446.0,79.0,2021,2024-12-14T20:19:00,https://on3static.com/uploads/assets/894/15/15894.jpeg,https://www.on3.com/db/landyn-watson-78072/,portal_industry_football_2025
Zion Ferguson,CB,North Carolina Tar Heels,Pittsburgh Panthers,Committed,0,3.0,87.0,447.0,115.0,2024,2025-04-24T13:37:00,https://on3static.com/uploads/assets/48/297/297048.png,https://www.on3.com/db/zion-ferguson-149808/,portal_industry_football_2025
Micah Riley-Ducker,TE,Auburn Tigers,Texas A&M Aggies,Committed,0,3.0,86.0,448.0,68.0,2022,2024-12-12T17:04:00,https://on3static.com/uploads/assets/882/93/93882.jpg,https://www.on3.com/db/micah-riley-ducker-87213/,portal_industry_football_2025
Jeffrey M'Ba,DL,Purdue Boilermakers,SMU Mustangs,Committed,0,3.0,87.0,449.0,57.0,2020,2025-01-09T17:12:00,https://on3static.com/uploads/assets/858/343/343858.png,https://www.on3.com/db/jeffrey-mba-59797/,portal_industry_football_2025
Andrew Simpson,LB,Boise State Broncos,North Carolina Tar Heels,Committed,0,4.0,90.0,86.0,3.0,2021,2025-05-14T13:12:00,https://on3static.com/uploads/assets/894/470/470894.jpg,https://www.on3.com/db/andrew-simpson-5383/,portal_industry_football_2025
Michael Dansby,CB,San Jose State Spartans,Arizona Wildcats,Committed,0,3.0,87.0,451.0,93.0,2022,2024-12-16T11:06:00,https://on3static.com/uploads/assets/326/177/177326.png,https://www.on3.com/db/michael-dansby-177763/,portal_industry_football_2025
Brenen Thompson,WR,Oklahoma Sooners,Mississippi State Bulldogs,Committed,100380,3.0,86.0,452.0,208.0,2022,2024-12-13T11:42:00,https://on3static.com/uploads/assets/896/83/83896.png,https://www.on3.com/db/brenen-thompson-13844/,portal_industry_football_2025
Will Pauling,WR,Wisconsin Badgers,Notre Dame Fighting Irish,Committed,0,3.0,89.0,242.0,39.0,2021,2024-12-24T17:30:00,https://on3static.com/uploads/assets/236/137/137236.jpeg,https://www.on3.com/db/will-pauling-120969/,portal_industry_football_2025
Robert Stafford,CB,Miami Hurricanes,UCLA Bruins,Committed,0,3.0,87.0,454.0,87.0,2023,2024-12-25T12:15:00,https://on3static.com/uploads/assets/558/222/222558.jpg,https://www.on3.com/db/robert-stafford-101321/,portal_industry_football_2025
JB Nelson,IOL,Penn State Nittany Lions,Kansas State Wildcats,Committed,0,3.0,87.0,455.0,60.0,2020,2025-04-26T20:59:00,https://on3static.com/uploads/assets/124/96/96124.png,https://www.on3.com/db/jb-nelson-59304/,portal_industry_football_2025
Malachi Nelson,QB,Boise State Broncos,UTEP Miners,Committed,149840,3.0,87.0,456.0,47.0,2023,2025-01-05T17:17:00,https://on3static.com/uploads/assets/951/218/218951.png,https://www.on3.com/db/malachi-nelson-81447/,portal_industry_football_2025
Kam Shanks,WR,UAB Blazers,Arkansas Razorbacks,Committed,0,3.0,88.0,457.0,59.0,2023,2024-12-17T11:41:00,https://on3static.com/uploads/assets/470/392/392470.png,https://www.on3.com/db/kam-shanks-156378/,portal_industry_football_2025
Anthony Holmes,DL,Houston Cougars,Texas Tech Red Raiders,Committed,0,3.0,87.0,458.0,48.0,2022,2024-12-18T08:51:00,https://on3static.com/uploads/assets/631/94/94631.jpeg,https://www.on3.com/db/anthony-holmes-6221/,portal_industry_football_2025
Sabastian Harsh,EDGE,Wyoming Cowboys,NC State Wolfpack,Committed,0,3.0,89.0,248.0,25.0,2021,2025-04-07T13:18:00,https://on3static.com/uploads/assets/121/428/428121.png,https://www.on3.com/db/sabastian-harsh-156128/,portal_industry_football_2025
Walter Young Bear,IOL,Tulsa Golden Hurricane,West Virginia Mountaineers,Committed,0,3.0,87.0,460.0,107.0,2021,2024-12-23T23:14:00,https://on3static.com/uploads/assets/442/399/399442.png,https://www.on3.com/db/walter-young-bear-237208/,portal_industry_football_2025
Elijah Herring,LB,Memphis Tigers,Florida State Seminoles,Committed,0,3.0,87.0,461.0,44.0,2022,2025-01-05T13:00:00,https://on3static.com/uploads/assets/203/226/226203.jpeg,https://www.on3.com/db/elijah-herring-41217/,portal_industry_football_2025
Brayden Manley,EDGE,Mercer Bears,Georgia Tech Yellow Jackets,Committed,346156,3.0,88.0,462.0,46.0,2023,2024-12-23T18:01:00,https://on3static.com/uploads/assets/188/393/393188.png,https://www.on3.com/db/brayden-manley-246985/,portal_industry_football_2025
Stephen Daley,DL,Kent State Golden Flashes,Indiana Hoosiers,Committed,0,3.0,89.0,250.0,16.0,2022,2025-04-20T12:17:00,https://on3static.com/uploads/assets/572/441/441572.png,https://www.on3.com/db/stephen-daley-108382/,portal_industry_football_2025
AJ Hoffler,DL,Clemson Tigers,Georgia Tech Yellow Jackets,Committed,0,3.0,87.0,464.0,73.0,2023,2025-01-04T10:59:00,https://on3static.com/uploads/assets/951/399/399951.png,https://www.on3.com/db/aj-hoffler-2182/,portal_industry_football_2025
Jordan Church,IOL,Florida Atlantic Owls,Louisville Cardinals,Committed,0,3.0,87.0,465.0,83.0,2023,2024-12-19T20:41:00,https://on3static.com/uploads/assets/253/217/217253.png,https://www.on3.com/db/jordan-church-146501/,portal_industry_football_2025
Chad Lindberg,IOL,Rice Owls,North Carolina Tar Heels,Committed,0,3.0,87.0,466.0,40.0,2020,2024-12-19T23:45:00,https://on3static.com/uploads/assets/972/470/470972.jpg,https://www.on3.com/db/chad-lindberg-19598/,portal_industry_football_2025
Collins Acheampong,EDGE,UCLA Bruins,Bowling Green Falcons,Committed,0,3.0,87.0,467.0,84.0,2023,2024-12-20T09:05:00,https://on3static.com/uploads/assets/428/222/222428.jpg,https://www.on3.com/db/collins-acheampong-151071/,portal_industry_football_2025
Colin Weber,TE,Charlotte 49ers,Rutgers Scarlet Knights,Committed,137750,4.0,90.0,141.0,7.0,2021,2024-12-21T12:25:00,https://on3static.com/uploads/assets/222/464/464222.jpg,https://www.on3.com/db/colin-weber-25106/,portal_industry_football_2025
T.J. Shanahan,IOL,Texas A&M Aggies,Penn State Nittany Lions,Committed,0,3.0,88.0,469.0,33.0,2023,2025-01-10T15:18:00,https://on3static.com/uploads/assets/691/416/416691.png,https://www.on3.com/db/tj-shanahan-113148/,portal_industry_football_2025
Ka'Morreun Pimpton,TE,LSU Tigers,TCU Horned Frogs,Committed,0,3.0,88.0,470.0,24.0,2023,2024-12-21T13:00:00,https://on3static.com/uploads/assets/91/394/394091.jpg,https://www.on3.com/db/kamorreun-pimpton-155236/,portal_industry_football_2025
Keontez Lewis,WR,Southern Illinois Salukis,Oklahoma Sooners,Committed,0,3.0,88.0,471.0,55.0,2021,2024-12-18T18:26:00,https://on3static.com/uploads/assets/772/18/18772.jpeg,https://www.on3.com/db/keontez-lewis-73679/,portal_industry_football_2025
Alex Bauman,TE,Tulane Green Wave,Miami Hurricanes,Committed,0,3.0,88.0,472.0,13.0,2022,2025-01-04T12:56:00,https://on3static.com/uploads/assets/2/215/215002.jpeg,https://www.on3.com/db/alex-bauman-2817/,portal_industry_football_2025
Leshon Williams,RB,Iowa Hawkeyes,Kansas Jayhawks,Committed,0,3.0,87.0,474.0,47.0,2020,2024-12-02T12:16:00,https://on3static.com/uploads/assets/901/17/17901.jpeg,https://www.on3.com/db/leshon-williams-79217/,portal_industry_football_2025
Tristan Smith,WR,Southeast Missouri State Redhawks,Clemson Tigers,Committed,0,3.0,87.0,475.0,156.0,2022,2024-12-16T19:33:00,https://on3static.com/uploads/assets/616/393/393616.png,https://www.on3.com/db/tristan-smith-247062/,portal_industry_football_2025
Trinidad Chambliss,QB,Ferris State Bulldogs,Ole Miss Rebels,Committed,1593846,3.0,86.0,476.0,85.0,2021,2025-04-15T10:38:00,https://on3static.com/uploads/assets/763/438/438763.jpg,https://www.on3.com/db/trinidad-chambliss-250566/,portal_industry_football_2025
Rahtrel Perry,OT,Central Connecticut State Blue Devils,Maryland Terrapins,Committed,0,3.0,86.0,477.0,91.0,2022,2025-01-14T10:26:00,https://on3static.com/uploads/assets/882/393/393882.png,https://www.on3.com/db/rahtrel-perry-246997/,portal_industry_football_2025
Jay'Viar Suggs,DL,LSU Tigers,Wisconsin Badgers,Committed,0,3.0,88.0,478.0,22.0,2019,2025-01-03T13:56:00,https://on3static.com/uploads/assets/628/314/314628.jpeg,https://www.on3.com/db/jayviar-suggs-242105/,portal_industry_football_2025
Red Hibbler,DL,NC State Wolfpack,Mississippi State Bulldogs,Committed,0,3.0,87.0,479.0,50.0,2020,2024-12-11T17:43:00,https://on3static.com/uploads/assets/667/379/379667.png,https://www.on3.com/db/red-hibbler-162947/,portal_industry_football_2025
Kani Walker,CB,Oklahoma Sooners,Arkansas Razorbacks,Committed,0,3.0,88.0,274.0,34.0,2021,2024-12-14T12:49:00,https://on3static.com/uploads/assets/187/86/86187.jpeg,https://www.on3.com/db/kani-walker-71171/,portal_industry_football_2025
Amier Boyd-Matthews,CB,UTEP Miners,Texas Tech Red Raiders,Committed,0,3.0,86.0,481.0,183.0,2022,2024-12-16T19:26:00,https://on3static.com/uploads/assets/792/88/88792.jpg,https://www.on3.com/db/amier-boyd-matthews-149751/,portal_industry_football_2025
Amariyun Knighten,CB,Northern Illinois Huskies,Indiana Hoosiers,Committed,0,3.0,87.0,482.0,104.0,2022,2024-12-15T16:43:00,https://on3static.com/uploads/assets/369/393/393369.png,https://www.on3.com/db/amariyun-knighten-4227/,portal_industry_football_2025
James Durand,IOL,Wisconsin Badgers,Western Illinois Leathernecks,Committed,0,3.0,86.0,483.0,141.0,2023,2025-01-15T23:59:00,https://on3static.com/uploads/assets/156/222/222156.png,https://www.on3.com/db/james-durand-55514/,portal_industry_football_2025
Var'Keyes Gumms,TE,Arkansas Razorbacks,UNLV Rebels,Committed,0,3.0,87.0,484.0,29.0,2021,2025-01-04T16:48:00,https://on3static.com/uploads/assets/203/75/75203.jpeg,https://www.on3.com/db/varkeyes-gumms-119327/,portal_industry_football_2025
Jalen Moss,WR,Fresno State Bulldogs,Arizona State Sun Devils,Committed,0,3.0,87.0,485.0,134.0,2022,2024-12-18T22:26:00,https://on3static.com/uploads/assets/280/472/472280.jpg,https://www.on3.com/db/jalen-moss-54421/,portal_industry_football_2025
Cazeem Moore,EDGE,Elon Phoenix,Virginia Cavaliers,Committed,0,3.0,87.0,486.0,61.0,2022,2024-12-19T11:33:00,https://on3static.com/uploads/assets/692/391/391692.png,https://www.on3.com/db/cazeem-moore-246959/,portal_industry_football_2025
JJ Kohl,QB,Iowa State Cyclones,Appalachian State Mountaineers,Committed,0,3.0,88.0,487.0,39.0,2023,2025-01-08T15:25:00,https://on3static.com/uploads/assets/910/401/401910.png,https://www.on3.com/db/jj-kohl-61878/,portal_industry_football_2025
Danny O'Neil,QB,San Diego State Aztecs,Wisconsin Badgers,Committed,0,3.0,87.0,488.0,51.0,2024,2024-12-16T11:10:00,https://on3static.com/uploads/assets/776/116/116776.jpeg,https://www.on3.com/db/danny-oneil-29664/,portal_industry_football_2025
Enai White,EDGE,Texas A&M Aggies,Penn State Nittany Lions,Committed,0,3.0,87.0,489.0,96.0,2022,2024-12-20T17:25:00,https://on3static.com/uploads/assets/690/416/416690.png,https://www.on3.com/db/enai-white-41874/,portal_industry_football_2025
Melvin Jordan,LB,Oregon State Beavers,Georgia Tech Yellow Jackets,Committed,0,3.0,88.0,490.0,25.0,2022,2024-12-22T12:07:00,https://on3static.com/uploads/assets/76/22/22076.jpeg,https://www.on3.com/db/melvin-jordan-144441/,portal_industry_football_2025
Sam Phillips,WR,Chattanooga Mocs,Iowa Hawkeyes,Committed,0,3.0,88.0,491.0,52.0,2021,2025-01-09T13:36:00,https://on3static.com/uploads/assets/331/491/491331.jpg,https://www.on3.com/db/sam-phillips-247141/,portal_industry_football_2025
Trey Lathan,LB,West Virginia Mountaineers,Kansas Jayhawks,Committed,0,3.0,87.0,492.0,54.0,2022,2025-01-05T08:54:00,https://on3static.com/uploads/dev/assets/363/11/11363.jpg,https://www.on3.com/db/trey-lathan-114478/,portal_industry_football_2025
Dylan Ray,IOL,Kentucky Wildcats,Minnesota Golden Gophers,Committed,0,3.0,85.0,493.0,153.0,2021,2024-12-21T15:38:00,https://on3static.com/uploads/assets/164/189/189164.jpeg,https://www.on3.com/db/dylan-ray-164248/,portal_industry_football_2025
Devin Neal,S,Louisville Cardinals,Virginia Cavaliers,Committed,0,3.0,87.0,494.0,68.0,2020,2024-12-15T11:42:00,https://on3static.com/uploads/dev/assets/320/9/9320.jpg,https://www.on3.com/db/devin-neal-36132/,portal_industry_football_2025
Jyaire Brown,CB,LSU Tigers,UCF Knights,Committed,0,3.0,87.0,495.0,76.0,2022,2024-12-29T20:57:00,https://on3static.com/uploads/assets/663/564/564663.PNG,https://www.on3.com/db/jyaire-brown-70159/,portal_industry_football_2025
Cooper Frazier,IOL,Samford Bulldogs,Southern Miss Golden Eagles,Committed,0,3.0,87.0,497.0,101.0,2020,2024-12-22T19:07:00,https://on3static.com/uploads/assets/400/386/386400.jpg,https://www.on3.com/db/cooper-frazier-163763/,portal_industry_football_2025
Ryan Joyce,IOL,Fordham Rams,Old Dominion Monarchs,Committed,0,3.0,87.0,498.0,108.0,2019,2024-12-21T08:12:00,https://on3static.com/uploads/assets/891/386/386891.png,https://www.on3.com/db/ryan-joyce-192342/,portal_industry_football_2025
Reggie Peterson,LB,FIU Golden Panthers,,Entered,0,3.0,87.0,499.0,73.0,2020,2024-12-01T08:43:00,https://on3static.com/uploads/assets/286/76/76286.jpeg,https://www.on3.com/db/reggie-peterson-99392/,portal_industry_football_2025
Noah Robinson,WR,Robert Morris Colonials,Tennessee Tech Golden Eagles,Committed,0,3.0,87.0,500.0,115.0,2020,2024-12-23T08:15:00,https://on3static.com/uploads/assets/689/387/387689.png,https://www.on3.com/db/noah-robinson-93720/,portal_industry_football_2025
Julius Pierce,IOL,Middle Tennessee State Blue Raiders,FIU Golden Panthers,Committed,0,3.0,87.0,501.0,102.0,2019,2025-01-06T08:17:00,https://on3static.com/uploads/assets/300/76/76300.jpeg,https://www.on3.com/db/julius-pierce-68792/,portal_industry_football_2025
Ryan Davis,WR,New Mexico Lobos,Utah Utes,Committed,0,3.0,87.0,502.0,120.0,2019,2024-12-23T08:18:00,https://on3static.com/uploads/assets/456/390/390456.jpg,https://www.on3.com/db/ryan-davis-246896/,portal_industry_football_2025
Josiah Cox,S,New Mexico State Aggies,San Diego State Aztecs,Committed,0,3.0,87.0,503.0,84.0,2023,2025-01-07T08:20:00,https://on3static.com/uploads/assets/169/392/392169.jpg,https://www.on3.com/db/josiah-cox-147509/,portal_industry_football_2025
John Randle Jr.,RB,Utah Utes,Garden City Community College Broncbusters,Committed,0,3.0,87.0,504.0,50.0,2023,2025-04-04T16:40:00,https://on3static.com/uploads/assets/836/445/445836.png,https://www.on3.com/db/john-randle-jr-63546/,portal_industry_football_2025
Tyrin Smith,WR,Cincinnati Bearcats,Texas State Bobcats,Committed,0,3.0,87.0,506.0,141.0,2020,2024-12-26T11:49:00,https://on3static.com/uploads/assets/467/88/88467.jpg,https://www.on3.com/db/tyrin-smith-118703/,portal_industry_football_2025
Ikaika Ragsdale,RB,North Texas Mean Green,Stony Brook Seawolves,Committed,0,3.0,87.0,508.0,90.0,2020,2025-01-14T08:40:00,https://on3static.com/uploads/assets/144/75/75144.jpeg,https://www.on3.com/db/ikaika-ragsdale-48948/,portal_industry_football_2025
Jevon Jackson,RB,UTEP Miners,UAB Blazers,Committed,0,3.0,87.0,509.0,68.0,2021,2025-01-07T09:33:00,https://on3static.com/uploads/assets/481/267/267481.png,https://www.on3.com/db/jevon-jackson-145444/,portal_industry_football_2025
Jairus Mack,WR,Charlotte 49ers,Western Kentucky Hilltoppers,Committed,0,3.0,87.0,510.0,142.0,2021,2025-01-03T08:44:00,https://on3static.com/uploads/assets/514/91/91514.jpg,https://www.on3.com/db/jairus-mack-53202/,portal_industry_football_2025
Omari Hayes,WR,Florida Atlantic Owls,Tulane Green Wave,Committed,0,3.0,87.0,511.0,76.0,2022,2024-12-15T15:18:00,https://on3static.com/uploads/assets/112/390/390112.png,https://www.on3.com/db/omari-hayes-237245/,portal_industry_football_2025
Tailique Williams,WR,Georgia State Panthers,Western Michigan Broncos,Committed,0,3.0,87.0,513.0,147.0,2020,2025-01-10T14:23:00,https://on3static.com/uploads/assets/693/173/173693.png,https://www.on3.com/db/tailique-williams-109821/,portal_industry_football_2025
Lacota Dippre,EDGE,Charlotte 49ers,James Madison Dukes,Committed,0,3.0,87.0,514.0,64.0,2023,2024-12-21T13:30:00,https://on3static.com/uploads/assets/275/580/580275.png,https://www.on3.com/db/lacota-dippre-162020/,portal_industry_football_2025
Leke Asenuga,IOL,North Texas Mean Green,,Entered,0,3.0,87.0,515.0,97.0,2020,2024-12-20T12:38:00,https://on3static.com/uploads/assets/234/75/75234.jpeg,https://www.on3.com/db/leke-asenuga-78901/,portal_industry_football_2025
Jett Elad,S,UNLV Rebels,Rutgers Scarlet Knights,Committed,0,3.0,88.0,516.0,27.0,2019,2025-01-02T11:32:00,https://on3static.com/uploads/assets/920/463/463920.png,https://www.on3.com/db/jett-elad-61417/,portal_industry_football_2025
Bryce Damous,TE,UAB Blazers,,Entered,0,3.0,87.0,517.0,46.0,2019,2024-12-24T11:18:00,https://on3static.com/uploads/assets/789/89/89789.jpg,https://www.on3.com/db/bryce-damous-15746/,portal_industry_football_2025
Zach Greenberg,IOL,North Carolina Tar Heels,James Madison Dukes,Committed,0,3.0,87.0,518.0,87.0,0,2024-12-23T14:31:00,https://on3static.com/uploads/assets/615/314/314615.png,https://www.on3.com/db/zach-greenberg-187204/,portal_industry_football_2025
Josh Battle,S,Chattanooga Mocs,Southern Miss Golden Eagles,Committed,0,3.0,87.0,519.0,92.0,2021,2024-12-24T12:38:00,,https://www.on3.com/db/josh-battle-66830/,portal_industry_football_2025
Tre Pinkney,LB,Southern Miss Golden Eagles,,Entered,0,3.0,87.0,520.0,62.0,2019,2024-12-26T18:54:00,https://on3static.com/uploads/assets/687/75/75687.jpg,https://www.on3.com/db/tre-pinkney-116190/,portal_industry_football_2025
Jack Hasz,IOL,UNLV Rebels,,Entered,0,3.0,87.0,521.0,65.0,2019,2024-12-27T15:56:00,https://on3static.com/uploads/assets/367/133/133367.jpeg,https://www.on3.com/db/jack-hasz-175200/,portal_industry_football_2025
Kapena Gushiken,S,Washington State Cougars,Ole Miss Rebels,Committed,0,3.0,88.0,522.0,33.0,2021,2025-01-14T12:59:00,https://on3static.com/uploads/assets/93/404/404093.png,https://www.on3.com/db/kapena-gushiken-162900/,portal_industry_football_2025
Ethan Hagler,IOL,Sam Houston State Bearkats,,Entered,0,3.0,87.0,523.0,103.0,2019,2024-12-28T20:21:00,https://on3static.com/uploads/assets/202/397/397202.jpg,https://www.on3.com/db/ethan-hagler-42948/,portal_industry_football_2025
Martavius French,LB,UTSA Roadrunners,Colorado Buffaloes,Committed,0,3.0,88.0,524.0,23.0,2020,2025-01-05T15:03:00,https://on3static.com/uploads/assets/765/15/15765.jpeg,https://www.on3.com/db/martavius-french-84425/,portal_industry_football_2025
Isaiah Thomas,S,Miami Hurricanes,Kennesaw State Owls,Committed,0,3.0,87.0,525.0,76.0,2024,2025-04-18T10:27:00,https://on3static.com/uploads/assets/395/297/297395.png,https://www.on3.com/db/isaiah-thomas-163284/,portal_industry_football_2025
Michael Nwokocha,DL,Syracuse Orange,Texas State Bobcats,Committed,0,3.0,87.0,526.0,69.0,2022,2025-01-29T16:24:00,https://on3static.com/uploads/assets/14/399/399014.jpg,https://www.on3.com/db/michael-nwokocha-175747/,portal_industry_football_2025
Colton Hinton,WR,Furman Paladins,Coastal Carolina Chanticleers,Committed,0,3.0,87.0,527.0,139.0,2023,2025-01-05T08:59:00,https://on3static.com/uploads/assets/459/399/399459.jpg,https://www.on3.com/db/colton-hinton-247780/,portal_industry_football_2025
Leif Magnuson,OT,Arizona Wildcats,Cal Poly Mustangs,Committed,0,3.0,87.0,528.0,57.0,2020,2025-02-05T16:36:00,https://on3static.com/uploads/assets/376/23/23376.jpeg,https://www.on3.com/db/leif-magnuson-78880/,portal_industry_football_2025
Lawrence Hattar,IOL,Ferris State Bulldogs,Michigan Wolverines,Committed,0,3.0,87.0,529.0,58.0,2023,2025-01-05T14:50:00,https://on3static.com/uploads/assets/617/395/395617.png,https://www.on3.com/db/lawrence-hattar-247312/,portal_industry_football_2025
Chandler Rogers,QB,California Golden Bears,,Entered,0,3.0,87.0,530.0,52.0,2019,2025-01-06T13:26:00,https://on3static.com/uploads/assets/962/400/400962.png,https://www.on3.com/db/chandler-rogers-19936/,portal_industry_football_2025
Noreel White,WR,Ole Miss Rebels,East Mississippi Community College Lions,Committed,0,3.0,87.0,531.0,108.0,2024,2025-05-07T16:09:00,https://on3static.com/uploads/assets/867/152/152867.jpg,https://www.on3.com/db/noreel-white-93930/,portal_industry_football_2025
Matthew Henry,WR,Western Illinois Leathernecks,Western Kentucky Hilltoppers,Committed,0,3.0,88.0,532.0,54.0,2021,2025-01-09T12:30:00,https://on3static.com/uploads/assets/293/402/402293.png,https://www.on3.com/db/matthew-henry-246969/,portal_industry_football_2025
Micah Davey,LB,McNeese State Cowboys,UTEP Miners,Committed,0,3.0,87.0,533.0,47.0,2021,2025-01-09T14:18:00,https://on3static.com/uploads/assets/333/402/402333.png,https://www.on3.com/db/micah-davey-87146/,portal_industry_football_2025
C.J. Douglas,S,Samford Bulldogs,Houston Cougars,Committed,0,3.0,88.0,534.0,41.0,2023,2025-01-06T11:49:00,https://on3static.com/uploads/assets/87/404/404087.png,https://www.on3.com/db/cj-douglas-248476/,portal_industry_football_2025
Tyler Jones,S,Tennessee State Tigers,UTEP Miners,Committed,0,3.0,87.0,535.0,82.0,2020,2025-01-14T12:01:00,https://on3static.com/uploads/dev/assets/302/3/3302.jpg,https://www.on3.com/db/tyler-jones-144588/,portal_industry_football_2025
Calvin Simpson-Hunt,CB,Ohio State Buckeyes,Baylor Bears,Committed,0,3.0,87.0,536.0,85.0,2023,2025-01-23T12:38:00,https://on3static.com/uploads/assets/582/221/221582.jpeg,https://www.on3.com/db/calvin-simpson-hunt-148411/,portal_industry_football_2025
Dontae Lunan,LB,Albany Great Danes,Coastal Carolina Chanticleers,Committed,0,3.0,87.0,537.0,93.0,2020,2025-01-21T08:21:00,https://on3static.com/uploads/assets/990/406/406990.png,https://www.on3.com/db/dontae-lunan-38329/,portal_industry_football_2025
Malik McGowan,IOL,North Carolina Tar Heels,UNLV Rebels,Committed,0,3.0,87.0,538.0,50.0,2020,2025-01-22T13:04:00,https://on3static.com/uploads/assets/799/222/222799.png,https://www.on3.com/db/malik-mcgowan-81919/,portal_industry_football_2025
Alexander Whitmore,DL,UNLV Rebels,,Entered,0,3.0,87.0,539.0,62.0,2021,2025-01-28T19:54:00,https://on3static.com/uploads/assets/656/421/421656.png,https://www.on3.com/db/alexander-whitmore-3597/,portal_industry_football_2025
Christian Fitzpatrick,WR,Marshall Thundering Herd,Oklahoma State Cowboys,Committed,0,3.0,87.0,540.0,82.0,2020,2025-04-14T19:27:00,https://on3static.com/uploads/assets/135/235/235135.png,https://www.on3.com/db/christian-fitzpatrick-22888/,portal_industry_football_2025
Mathyus Sua,IOL,UNLV Rebels,,Entered,0,3.0,87.0,541.0,99.0,2020,2025-01-28T19:54:00,,https://www.on3.com/db/mathyus-sua-85016/,portal_industry_football_2025
Solomon Tuliaupupu,DL,USC Trojans,Montana Grizzlies,Committed,0,3.0,87.0,542.0,86.0,2018,2025-03-27T13:20:00,https://on3static.com/uploads/assets/295/96/96295.png,https://www.on3.com/db/solomon-tuliaupupu-107849/,portal_industry_football_2025
Cole Kozlowski,LB,Colgate Raiders,UCF Knights,Committed,0,3.0,88.0,543.0,34.0,2022,2025-01-13T14:12:00,https://on3static.com/uploads/assets/723/564/564723.PNG,https://www.on3.com/db/cole-kozlowski-249770/,portal_industry_football_2025
Antonio Doyle,EDGE,UNLV Rebels,,Entered,0,3.0,87.0,544.0,77.0,2020,2025-03-01T09:05:00,https://on3static.com/uploads/dev/assets/72/5/5072.jpg,https://www.on3.com/db/antonio-doyle-6927/,portal_industry_football_2025
Freddie Brock,RB,Georgia State Panthers,Oklahoma State Cowboys,Committed,0,3.0,88.0,545.0,41.0,2020,2025-04-08T19:23:00,https://on3static.com/uploads/assets/535/338/338535.png,https://www.on3.com/db/freddie-brock-44321/,portal_industry_football_2025
Jesus Machado,LB,Tulane Green Wave,Houston Cougars,Committed,0,3.0,87.0,546.0,63.0,2020,2025-04-24T12:28:00,https://on3static.com/uploads/assets/145/74/74145.jpeg,https://www.on3.com/db/jesus-machado-61396/,portal_industry_football_2025
Tim Hardiman,DL,Arkansas State Red Wolves,Tulsa Golden Hurricane,Committed,0,3.0,87.0,547.0,92.0,2020,2025-03-31T10:25:00,https://on3static.com/uploads/assets/64/435/435064.png,https://www.on3.com/db/tim-hardiman-112722/,portal_industry_football_2025
Tre Richardson,WR,Washburn Ichabods,Vanderbilt Commodores,Committed,0,3.0,86.0,548.0,264.0,2023,2025-04-05T10:27:00,https://on3static.com/uploads/assets/120/227/227120.jpg,https://www.on3.com/db/tre-richardson-153385/,portal_industry_football_2025
Bryce George,OT,Ferris State Bulldogs,Iowa Hawkeyes,Committed,0,3.0,88.0,549.0,37.0,2020,2025-04-18T08:01:00,https://on3static.com/uploads/assets/382/491/491382.jpg,https://www.on3.com/db/bryce-george-15783/,portal_industry_football_2025
Trae Davis,WR,Kansas State Wildcats,,Entered,0,3.0,87.0,550.0,158.0,2024,2025-04-09T07:47:00,https://on3static.com/uploads/assets/700/235/235700.png,https://www.on3.com/db/trae-davis-178671/,portal_industry_football_2025
Cam Abshire,WR,Emory & Henry College Wasps,Oklahoma State Cowboys,Committed,0,3.0,87.0,551.0,87.0,2022,2025-04-09T19:42:00,https://on3static.com/uploads/assets/519/438/438519.png,https://www.on3.com/db/cam-abshire-250561/,portal_industry_football_2025
Drew Lawson,IOL,Southern Miss Golden Eagles,,Entered,0,3.0,87.0,552.0,70.0,2021,2025-04-13T19:45:00,https://on3static.com/uploads/assets/17/76/76017.jpeg,https://www.on3.com/db/drew-lawson-39078/,portal_industry_football_2025
Freddie Dubose Jr.,WR,Texas Longhorns,,Entered,0,3.0,87.0,553.0,93.0,2024,2025-04-11T12:19:00,https://on3static.com/uploads/assets/971/438/438971.png,https://www.on3.com/db/freddie-dubose-jr-150105/,portal_industry_football_2025
Bob Anderson,IOL,Ferris State Bulldogs,,Entered,0,3.0,87.0,554.0,79.0,2022,2025-04-14T13:19:00,https://on3static.com/uploads/assets/317/440/440317.jpg,https://www.on3.com/db/bob-anderson-11214/,portal_industry_football_2025
Tim Anderson,OT,Ferris State Bulldogs,,Entered,0,3.0,87.0,555.0,60.0,2022,2025-04-14T13:16:00,https://on3static.com/uploads/assets/315/440/440315.jpg,https://www.on3.com/db/tim-anderson-250618/,portal_industry_football_2025
Byron Cardwell,RB,California Golden Bears,San Diego State Aztecs,Committed,0,3.0,87.0,556.0,70.0,2021,2025-05-16T19:38:00,https://on3static.com/uploads/assets/528/16/16528.jpeg,https://www.on3.com/db/byron-cardwell-16263/,portal_industry_football_2025
Mavin Anderson,WR,California Golden Bears,,Entered,0,3.0,87.0,557.0,159.0,2021,2025-04-14T19:12:00,https://on3static.com/uploads/assets/494/16/16494.jpeg,https://www.on3.com/db/mavin-anderson-86536/,portal_industry_football_2025
Isheem Young,S,North Texas Mean Green,Memphis Tigers,Committed,0,3.0,87.0,558.0,90.0,2019,2025-05-04T15:19:00,https://on3static.com/uploads/assets/769/438/438769.jpg,https://www.on3.com/db/isheem-young-49909/,portal_industry_football_2025
Makilan Thomas,IOL,Arkansas State Red Wolves,Virginia Cavaliers,Committed,0,3.0,87.0,559.0,46.0,2021,2025-04-26T13:47:00,https://on3static.com/uploads/assets/337/440/440337.png,https://www.on3.com/db/makilan-thomas-81387/,portal_industry_football_2025
Lance Mason,TE,Missouri State University Bears,Wisconsin Badgers,Committed,0,3.0,88.0,560.0,15.0,2022,2025-04-25T17:06:00,https://on3static.com/uploads/assets/415/440/440415.png,https://www.on3.com/db/lance-mason-202700/,portal_industry_football_2025
Malachi Carney,OT,South Alabama Jaguars,Georgia Tech Yellow Jackets,Committed,306255,3.0,87.0,562.0,65.0,2022,2025-04-23T22:00:00,https://on3static.com/uploads/assets/594/440/440594.png,https://www.on3.com/db/malachi-carney-149712/,portal_industry_football_2025
De'Marion Thomas,DL,Vanderbilt Commodores,Oklahoma State Cowboys,Committed,0,3.0,87.0,564.0,49.0,2023,2025-04-19T17:24:00,https://on3static.com/uploads/assets/586/304/304586.png,https://www.on3.com/db/demarion-thomas-150844/,portal_industry_football_2025
Richard Reese,RB,Baylor Bears,Stephen F. Austin Lumberjacks,Committed,0,3.0,87.0,565.0,80.0,2022,2025-04-18T10:28:00,https://on3static.com/uploads/assets/26/209/209026.jpeg,https://www.on3.com/db/richard-reese-100037/,portal_industry_football_2025
Caleb Moore,DL,Southern Miss Golden Eagles,Georgia Southern Eagles,Committed,0,3.0,87.0,566.0,98.0,2024,2025-05-22T16:46:00,https://on3static.com/uploads/assets/471/163/163471.jpg,https://www.on3.com/db/caleb-moore-176805/,portal_industry_football_2025
Joey VanWetzinga,IOL,Iowa Hawkeyes,,Entered,0,3.0,87.0,567.0,109.0,2025,2025-04-16T09:42:00,https://on3static.com/uploads/assets/851/188/188851.jpg,https://www.on3.com/db/joey-vanwetzinga-176044/,portal_industry_football_2025
Kadarius Calloway,RB,California Golden Bears,New Mexico State Aggies,Committed,0,3.0,87.0,568.0,87.0,2021,2025-04-30T10:39:00,https://on3static.com/uploads/assets/223/444/444223.png,https://www.on3.com/db/kadarius-calloway-70299/,portal_industry_football_2025
Sam Franklin,RB,Oklahoma Sooners,USF Bulls,Committed,0,3.0,87.0,569.0,72.0,2021,2025-04-28T20:20:00,https://on3static.com/uploads/assets/345/440/440345.png,https://www.on3.com/db/sam-franklin-239156/,portal_industry_football_2025
Jyron Gilmore,CB,Georgia State Panthers,Georgia Tech Yellow Jackets,Committed,0,3.0,87.0,570.0,100.0,2020,2025-04-24T11:24:00,https://on3static.com/uploads/assets/802/264/264802.jpeg,https://www.on3.com/db/jyron-gilmore-70175/,portal_industry_football_2025
Malaki Hamrick,LB,North Carolina Tar Heels,,Entered,0,3.0,87.0,571.0,89.0,2022,2025-04-16T13:31:00,https://on3static.com/uploads/assets/373/21/21373.jpeg,https://www.on3.com/db/malaki-hamrick-81492/,portal_industry_football_2025
Joshua Lair,S,Baylor Bears,,Entered,0,3.0,87.0,572.0,87.0,2024,2025-04-16T14:59:00,https://on3static.com/uploads/assets/903/183/183903.jpeg,https://www.on3.com/db/joshua-lair-151061/,portal_industry_football_2025
Julien Randolph,TE,North Carolina Tar Heels,,Entered,0,3.0,87.0,574.0,43.0,2023,2025-04-17T13:47:00,https://on3static.com/uploads/assets/804/222/222804.png,https://www.on3.com/db/julien-randolph-152354/,portal_industry_football_2025
Tyrell Green,OT,Eastern Kentucky Colonels,Purdue Boilermakers,Committed,0,3.0,86.0,576.0,80.0,2024,2025-04-22T13:16:00,https://on3static.com/uploads/assets/100/442/442100.png,https://www.on3.com/db/tyrell-green-176546/,portal_industry_football_2025
Gabriel Winowich,RB,Rutgers Scarlet Knights,Rhode Island Rams,Committed,0,3.0,87.0,578.0,81.0,2024,2025-05-01T10:35:00,https://on3static.com/uploads/assets/545/304/304545.png,https://www.on3.com/db/gabriel-winowich-151966/,portal_industry_football_2025
Tony Johnson,WR,Cincinnati Bearcats,Miami Hurricanes,Committed,0,3.0,86.0,579.0,255.0,2021,2025-04-29T14:18:00,https://on3static.com/uploads/assets/933/264/264933.jpeg,https://www.on3.com/db/tony-johnson-237220/,portal_industry_football_2025
Xavier Loyd,WR,Illinois State Redbirds,Missouri Tigers,Committed,0,3.0,87.0,580.0,152.0,2021,2025-04-19T12:20:00,https://on3static.com/uploads/assets/866/15/15866.jpeg,https://www.on3.com/db/xavier-loyd-122069/,portal_industry_football_2025
Caleb Presley,CB,Washington Huskies,San Jose State Spartans,Committed,0,3.0,87.0,581.0,84.0,2023,2025-05-02T11:04:00,https://on3static.com/uploads/assets/273/219/219273.png,https://www.on3.com/db/caleb-presley-17145/,portal_industry_football_2025
Aakil Washington,EDGE,South Alabama Jaguars,SMU Mustangs,Committed,0,3.0,87.0,582.0,63.0,2020,2025-04-26T12:48:00,https://on3static.com/uploads/assets/705/73/73705.jpg,https://www.on3.com/db/aakil-washington-259/,portal_industry_football_2025
Kody Huisman,EDGE,North Dakota State Bison,Virginia Tech Hokies,Committed,0,3.0,87.0,583.0,73.0,2021,2025-04-23T12:39:00,https://on3static.com/uploads/assets/624/441/441624.jpeg,https://www.on3.com/db/kody-huisman-145319/,portal_industry_football_2025
Kendrick Gilbert,DL,Kentucky Wildcats,Louisville Cardinals,Committed,0,3.0,87.0,584.0,79.0,2023,2025-04-29T07:44:00,https://on3static.com/uploads/assets/294/222/222294.png,https://www.on3.com/db/kendrick-gilbert-72915/,portal_industry_football_2025
Adonis Friloux,DL,Tulane Green Wave,Baylor Bears,Committed,0,3.0,87.0,585.0,91.0,2020,2025-04-28T16:52:00,https://on3static.com/uploads/assets/183/74/74183.jpeg,https://www.on3.com/db/adonis-friloux-1565/,portal_industry_football_2025
Bai Jobe,EDGE,Kansas Jayhawks,Miami (OH) RedHawks,Committed,0,3.0,87.0,586.0,89.0,2023,2025-05-06T08:52:00,https://on3static.com/uploads/assets/157/235/235157.png,https://www.on3.com/db/bai-jobe-145767/,portal_industry_football_2025
Larry Johnson,OT,Tennessee Volunteers,Colorado Buffaloes,Committed,0,3.0,87.0,587.0,75.0,2021,2025-04-30T11:18:00,https://on3static.com/uploads/assets/211/226/226211.jpeg,https://www.on3.com/db/larry-johnson-163370/,portal_industry_football_2025
Alex Bray,EDGE,Illinois Fighting Illini,,Entered,0,3.0,87.0,588.0,94.0,2023,2025-04-22T00:41:00,https://on3static.com/uploads/assets/795/304/304795.png,https://www.on3.com/db/alex-bray-151733/,portal_industry_football_2025
Jer'Michael Carter,WR,McNeese State Cowboys,Oklahoma Sooners,Committed,0,3.0,87.0,589.0,126.0,2023,2025-04-30T14:47:00,https://on3static.com/uploads/assets/435/442/442435.png,https://www.on3.com/db/jermichael-carter-250910/,portal_industry_football_2025
Shamar Easter,TE,Arkansas Razorbacks,North Carolina Tar Heels,Committed,0,3.0,88.0,590.0,17.0,2023,2025-05-07T16:12:00,https://on3static.com/uploads/assets/962/470/470962.jpg,https://www.on3.com/db/shamar-easter-106288/,portal_industry_football_2025
Julius Pope,LB,Arkansas Razorbacks,Northwest Mississippi Community College Rangers,Committed,0,3.0,87.0,592.0,61.0,2024,,https://on3static.com/uploads/assets/933/303/303933.png,https://www.on3.com/db/julius-pope-177061/,portal_industry_football_2025
Johann Cardenas,RB,Vanderbilt Commodores,Minnesota Golden Gophers,Committed,0,3.0,87.0,593.0,62.0,2024,2025-04-23T14:18:00,https://on3static.com/uploads/assets/300/332/332300.png,https://www.on3.com/db/johann-cardenas-155026/,portal_industry_football_2025
Ernest Campbell,WR,Texas A&M Aggies,Sacramento State Hornets,Committed,0,3.0,87.0,594.0,135.0,2024,2025-05-12T11:36:00,https://on3static.com/uploads/assets/978/446/446978.png,https://www.on3.com/db/ernest-campbell-155117/,portal_industry_football_2025
Naki Fahina,DL,New Mexico State Aggies,,Entered,0,3.0,87.0,595.0,94.0,2019,2025-04-23T15:07:00,https://on3static.com/uploads/assets/4/177/177004.png,https://www.on3.com/db/naki-fahina-90962/,portal_industry_football_2025
Paul Tangelo,EDGE,Saint Francis (PA) Red Flash,Colorado State Rams,Committed,0,3.0,86.0,596.0,107.0,2023,2025-04-28T10:35:00,https://on3static.com/uploads/assets/595/443/443595.png,https://www.on3.com/db/paul-tangelo-250917/,portal_industry_football_2025
Jonathan Brady,WR,California Golden Bears,Indiana Hoosiers,Committed,0,3.0,87.0,598.0,100.0,2022,2025-05-03T20:17:00,https://on3static.com/uploads/assets/616/444/444616.png,https://www.on3.com/db/jonathan-brady-64549/,portal_industry_football_2025
Larry Simmons,WR,Southern Miss Golden Eagles,Utah Utes,Committed,0,3.0,86.0,599.0,235.0,2022,2025-04-27T15:39:00,https://on3static.com/uploads/assets/810/21/21810.jpeg,https://www.on3.com/db/larry-simmons-78356/,portal_industry_football_2025
Eric Karner,TE,Texas A&M Aggies,,Entered,0,3.0,87.0,600.0,42.0,2024,2025-04-25T11:39:00,https://on3static.com/uploads/assets/819/442/442819.png,https://www.on3.com/db/eric-karner-177749/,portal_industry_football_2025
Gavin Sawchuk,RB,Oklahoma Sooners,Florida State Seminoles,Committed,0,3.0,87.0,602.0,61.0,2022,2025-05-04T11:55:00,https://on3static.com/uploads/assets/189/86/86189.jpeg,https://www.on3.com/db/gavin-sawchuk-45449/,portal_industry_football_2025
Isaiah Spencer,WR,Jackson State Tigers,Virginia Tech Hokies,Committed,0,3.0,87.0,603.0,94.0,2023,2025-05-04T18:56:00,https://on3static.com/uploads/assets/116/445/445116.png,https://www.on3.com/db/isaiah-spencer-147400/,portal_industry_football_2025
Hunter Barth,LB,California Golden Bears,Stanford Cardinal,Committed,0,3.0,87.0,604.0,45.0,2021,2025-04-28T18:23:00,https://on3static.com/uploads/assets/771/18/18771.jpeg,https://www.on3.com/db/hunter-barth-48372/,portal_industry_football_2025
Cam Williams,LB,Georgia State Panthers,Michigan State Spartans,Committed,0,3.0,87.0,605.0,41.0,2020,2025-04-29T16:22:00,https://on3static.com/uploads/assets/86/444/444086.png,https://www.on3.com/db/cam-williams-17535/,portal_industry_football_2025
Caldra Williford,CB,Tennessee Tech Golden Eagles,Baylor Bears,Committed,0,3.0,87.0,606.0,101.0,2022,2025-04-28T18:58:00,https://on3static.com/uploads/assets/817/443/443817.png,https://www.on3.com/db/caldra-williford-16856/,portal_industry_football_2025
Ian Flynt,TE,Nebraska Cornhuskers,NC State Wolfpack,Committed,0,3.0,87.0,607.0,49.0,2024,2025-05-10T14:51:00,https://on3static.com/uploads/assets/453/333/333453.png,https://www.on3.com/db/ian-flynt-48770/,portal_industry_football_2025
Jaylen Bonelli,WR,Wagner Seahawks,Arkansas State Red Wolves,Committed,0,3.0,87.0,608.0,127.0,2023,2025-04-29T20:29:00,https://on3static.com/uploads/assets/125/444/444125.png,https://www.on3.com/db/jaylen-bonelli-146419/,portal_industry_football_2025
Cameron Jones,RB,UCLA Bruins,,Entered,0,3.0,87.0,609.0,82.0,2024,2025-04-29T19:10:00,https://on3static.com/uploads/assets/949/445/445949.png,https://www.on3.com/db/cameron-jones-154308/,portal_industry_football_2025
Nolan Hay,OT,Incarnate Word Cardinals,South Carolina Gamecocks,Committed,0,3.0,87.0,610.0,46.0,2022,2025-05-01T15:18:00,https://on3static.com/uploads/assets/586/443/443586.png,https://www.on3.com/db/nolan-hay-250953/,portal_industry_football_2025
Devin Grant,EDGE,Incarnate Word Cardinals,West Virginia Mountaineers,Committed,0,3.0,87.0,611.0,85.0,2020,2025-05-05T19:57:00,https://on3static.com/uploads/dev/assets/560/6/6560.jpg,https://www.on3.com/db/devin-grant-36031/,portal_industry_football_2025
Miles Mitchell,EDGE,Monmouth Hawks,Purdue Boilermakers,Committed,0,3.0,86.0,612.0,98.0,2021,2025-05-03T18:04:00,https://on3static.com/uploads/assets/34/445/445034.png,https://www.on3.com/db/miles-mitchell-89704/,portal_industry_football_2025
Tyrecus Davis,CB,Wyoming Cowboys,Colorado Buffaloes,Committed,0,3.0,87.0,613.0,71.0,2020,2025-05-25T19:47:00,https://on3static.com/uploads/assets/570/450/450570.jpeg,https://www.on3.com/db/tyrecus-davis-174833/,portal_industry_football_2025
Whitt Newbauer,QB,Mercer Bears,Oklahoma Sooners,Committed,0,3.0,87.0,614.0,76.0,2024,2025-05-06T12:22:00,https://on3static.com/uploads/assets/744/445/445744.png,https://www.on3.com/db/whitt-newbauer-180350/,portal_industry_football_2025
Oluwaseyi Omotosho,LB,Oregon State Beavers,West Virginia Mountaineers,Committed,0,3.0,87.0,616.0,40.0,2020,,https://on3static.com/uploads/assets/691/132/132691.jpeg,https://www.on3.com/db/oluwaseyi-omotosho-94355/,portal_industry_football_2025
Jordy Lowery,CB,Western Carolina Catamounts,East Carolina Pirates,Committed,0,3.0,87.0,617.0,78.0,2022,2024-12-20T11:15:00,https://on3static.com/uploads/assets/654/405/405654.png,https://www.on3.com/db/jordy-lowery-66322/,portal_industry_football_2025
Tay Yanta,IOL,Abilene Christian Wildcats,North Texas Mean Green,Committed,0,3.0,87.0,618.0,73.0,2020,2025-01-05T15:51:00,https://on3static.com/uploads/assets/769/405/405769.png,https://www.on3.com/db/tay-yanta-248655/,portal_industry_football_2025
AJ Wilson,WR,Houston Christian Huskies,UTSA Roadrunners,Committed,0,3.0,87.0,619.0,117.0,2022,2024-12-18T09:59:00,https://on3static.com/uploads/assets/897/407/407897.png,https://www.on3.com/db/aj-wilson-248979/,portal_industry_football_2025
Jaidyn Doss,WR,Nebraska Cornhuskers,Kansas Jayhawks,Committed,0,3.0,87.0,620.0,119.0,2023,2025-07-14T12:49:00,https://on3static.com/uploads/assets/476/333/333476.png,https://www.on3.com/db/jaidyn-doss-53140/,portal_industry_football_2025
Caleb Curtain,CB,Elon Phoenix,Charlotte 49ers,Committed,0,3.0,87.0,621.0,116.0,2021,2024-12-30T09:31:00,https://on3static.com/uploads/assets/390/269/269390.png,https://www.on3.com/db/caleb-curtain-16946/,portal_industry_football_2025
Gavin Shipman,,Harvard Crimson,Charlotte 49ers,Committed,0,3.0,87.0,622.0,117.0,2021,2025-01-04T10:22:00,https://on3static.com/uploads/assets/289/386/386289.jpg,https://www.on3.com/db/gavin-shipman-45455/,portal_industry_football_2025
Devin Hightower,LB,Rhode Island Rams,UAB Blazers,Committed,0,3.0,87.0,623.0,80.0,2020,2025-01-09T15:12:00,https://on3static.com/uploads/assets/45/16/16045.jpeg,https://www.on3.com/db/devin-hightower-36059/,portal_industry_football_2025
Ronald Triplette,EDGE,UTSA Roadrunners,Georgia Tech Yellow Jackets,Committed,0,3.0,86.0,624.0,123.0,2020,2024-12-19T15:03:00,https://on3static.com/uploads/assets/906/73/73906.jpeg,https://www.on3.com/db/ronald-triplette-102224/,portal_industry_football_2025
Qua Moss,S,West Georgia Wolves,Kansas State Wildcats,Committed,0,3.0,89.0,205.0,19.0,2023,2024-12-20T17:07:00,https://on3static.com/uploads/assets/426/391/391426.png,https://www.on3.com/db/qua-moss-246949/,portal_industry_football_2025
Nick Sharpe,IOL,Wake Forest Demon Deacons,South Carolina Gamecocks,Committed,0,3.0,87.0,626.0,54.0,2021,2024-12-14T13:52:00,https://on3static.com/uploads/assets/454/16/16454.jpeg,https://www.on3.com/db/nick-sharpe-92964/,portal_industry_football_2025
Justin Okoronkwo,LB,Alabama Crimson Tide,South Carolina Gamecocks,Committed,269146,3.0,86.0,627.0,120.0,2024,2025-01-10T11:17:00,https://on3static.com/uploads/assets/670/130/130670.png,https://www.on3.com/db/justin-okoronkwo-156428/,portal_industry_football_2025
Ryan Turner,CB,Boston College Eagles,Purdue Boilermakers,Committed,0,3.0,86.0,628.0,136.0,2022,2025-01-07T23:43:00,https://on3static.com/uploads/assets/875/407/407875.png,https://www.on3.com/db/ryan-turner-103826/,portal_industry_football_2025
Martes Lewis,OT,Minnesota Golden Gophers,Northwestern Wildcats,Committed,0,3.0,86.0,629.0,85.0,2020,2025-03-09T15:10:00,https://on3static.com/uploads/dev/assets/95/7/7095.jpg,https://www.on3.com/db/martes-lewis-84452/,portal_industry_football_2025
McKenzie Agnello,OT,New Mexico Lobos,Houston Cougars,Committed,0,3.0,89.0,217.0,18.0,2021,2024-12-13T14:29:00,https://on3static.com/uploads/assets/564/392/392564.png,https://www.on3.com/db/mckenzie-agnello-86886/,portal_industry_football_2025
Jamel Johnson,CB,Temple Owls,NC State Wolfpack,Committed,0,3.0,88.0,266.0,33.0,2022,2025-01-06T20:55:00,https://on3static.com/uploads/assets/530/284/284530.png,https://www.on3.com/db/jamel-johnson-239677/,portal_industry_football_2025
Joey Aguilar,QB,UCLA Bruins,Tennessee Volunteers,Committed,0,3.0,89.0,224.0,19.0,2019,2025-04-29T16:18:00,https://on3static.com/uploads/assets/851/472/472851.png,https://www.on3.com/db/joey-aguilar-62716/,portal_industry_football_2025
CJ Christian,S,FIU Golden Panthers,Washington Huskies,Committed,0,3.0,88.0,270.0,24.0,2019,2024-12-22T09:38:00,https://on3static.com/uploads/assets/173/394/394173.png,https://www.on3.com/db/cj-christian-155130/,portal_industry_football_2025
Chrishon McCray,WR,Kent State Golden Flashes,Michigan State Spartans,Committed,0,3.0,88.0,271.0,43.0,2022,2024-12-16T18:47:00,https://on3static.com/uploads/assets/206/391/391206.png,https://www.on3.com/db/chrishon-mccray-22723/,portal_industry_football_2025
Jaden Harris,S,Miami Hurricanes,Georgia Bulldogs,Committed,0,3.0,86.0,635.0,107.0,2022,2025-01-07T08:25:00,https://on3static.com/uploads/assets/505/222/222505.jpg,https://www.on3.com/db/jaden-harris-52618/,portal_industry_football_2025
Buom Jock,LB,Colorado State Rams,California Golden Bears,Committed,0,3.0,86.0,636.0,139.0,2023,2024-12-28T16:56:00,https://on3static.com/uploads/assets/345/397/397345.png,https://www.on3.com/db/buom-jock-155173/,portal_industry_football_2025
Austin Gentle,IOL,Harvard Crimson,Memphis Tigers,Committed,0,3.0,87.0,637.0,100.0,2021,2024-12-19T12:13:00,https://on3static.com/uploads/assets/249/386/386249.jpg,https://www.on3.com/db/austin-gentle-246722/,portal_industry_football_2025
Jayden Bonsu,S,Ohio State Buckeyes,Pittsburgh Panthers,Committed,0,3.0,87.0,638.0,59.0,2023,2025-01-04T14:38:00,https://on3static.com/uploads/assets/495/221/221495.jpeg,https://www.on3.com/db/jayden-bonsu-147858/,portal_industry_football_2025
Dominique Ratcliff,DL,Texas State Bobcats,Indiana Hoosiers,Committed,0,3.0,88.0,287.0,18.0,2020,2024-12-17T14:19:00,https://on3static.com/uploads/assets/744/75/75744.jpeg,https://www.on3.com/db/dominique-ratcliff-37744/,portal_industry_football_2025
Jake Maikkula,IOL,Stanford Cardinal,Oklahoma Sooners,Committed,299874,3.0,87.0,640.0,59.0,2022,2025-04-15T18:23:00,https://on3static.com/uploads/assets/336/226/226336.png,https://www.on3.com/db/jake-maikkula-53633/,portal_industry_football_2025
Zakye Barker,LB,East Carolina Pirates,SMU Mustangs,Committed,0,3.0,87.0,641.0,48.0,2022,2024-12-17T18:13:00,https://on3static.com/uploads/assets/630/213/213630.jpeg,https://www.on3.com/db/zakye-barker-123527/,portal_industry_football_2025
Zarian McGill,IOL,Louisiana Tech Bulldogs,Colorado Buffaloes,Committed,0,3.0,89.0,244.0,26.0,2020,2025-01-05T11:08:00,https://on3static.com/uploads/assets/592/263/263592.jpeg,https://www.on3.com/db/zarian-mcgill-149942/,portal_industry_football_2025
Ben Bell,EDGE,Texas State Bobcats,Virginia Tech Hokies,Committed,0,4.0,90.0,96.0,12.0,2020,2025-01-16T17:46:00,https://on3static.com/uploads/assets/948/391/391948.png,https://www.on3.com/db/ben-bell-9612/,portal_industry_football_2025
DayDay Farmer,WR,West Virginia Mountaineers,UCF Knights,Committed,0,3.0,87.0,644.0,130.0,2024,2024-12-22T19:05:00,https://on3static.com/uploads/assets/675/564/564675.JPG,https://www.on3.com/db/dayday-farmer-150857/,portal_industry_football_2025
Jaylen Early,OT,Florida State Seminoles,Missouri Tigers,Committed,0,3.0,88.0,297.0,26.0,2022,2025-04-22T13:58:00,https://on3static.com/uploads/assets/111/242/242111.jpeg,https://www.on3.com/db/jaylen-early-58855/,portal_industry_football_2025
Arkel Anugwom,OT,Ball State Cardinals,Alabama Crimson Tide,Committed,0,3.0,86.0,646.0,104.0,2023,2025-01-03T20:49:00,https://on3static.com/uploads/assets/721/399/399721.png,https://www.on3.com/db/arkel-anugwom-247793/,portal_industry_football_2025
Isaiah Chisom,LB,Oregon State Beavers,UCLA Bruins,Committed,0,3.0,87.0,647.0,91.0,2023,2024-12-24T16:42:00,https://on3static.com/uploads/assets/321/582/582321.png,https://www.on3.com/db/isaiah-chisom-153341/,portal_industry_football_2025
A'Marion Peterson,RB,USC Trojans,UTSA Roadrunners,Committed,0,3.0,87.0,648.0,86.0,2023,2025-04-30T10:22:00,https://on3static.com/uploads/assets/955/218/218955.png,https://www.on3.com/db/amarion-peterson-13/,portal_industry_football_2025
JJ Harrell,WR,Mississippi State Bulldogs,Holmes Community College Bulldogs,Committed,0,3.0,87.0,649.0,128.0,2024,,https://on3static.com/uploads/assets/263/332/332263.png,https://www.on3.com/db/jj-harrell-154392/,portal_industry_football_2025
Luke Wysong,WR,New Mexico Lobos,Arizona Wildcats,Committed,0,3.0,88.0,650.0,66.0,2021,2024-12-13T14:02:00,https://on3static.com/uploads/assets/909/178/178909.png,https://www.on3.com/db/luke-wysong-80970/,portal_industry_football_2025
Jordan Matthews,CB,Tennessee Volunteers,Vanderbilt Commodores,Committed,0,3.0,88.0,651.0,53.0,2023,2024-12-18T20:35:00,https://on3static.com/uploads/assets/223/226/226223.jpeg,https://www.on3.com/db/jordan-matthews-65715/,portal_industry_football_2025
Carsen Ryan,TE,Utah Utes,BYU Cougars,Committed,0,3.0,88.0,652.0,22.0,2022,2024-12-16T21:11:00,https://on3static.com/uploads/assets/124/394/394124.jpg,https://www.on3.com/db/carsen-ryan-18699/,portal_industry_football_2025
Jaylin Davies,CB,UCLA Bruins,Oklahoma State Cowboys,Committed,0,3.0,88.0,653.0,62.0,2021,2025-01-06T17:28:00,https://on3static.com/uploads/assets/75/99/99075.jpeg,https://www.on3.com/db/jaylin-davies-59017/,portal_industry_football_2025
Mikey Matthews,WR,California Golden Bears,UCLA Bruins,Committed,0,3.0,88.0,654.0,48.0,2023,2024-12-28T10:49:00,https://on3static.com/uploads/assets/660/265/265660.png,https://www.on3.com/db/mikey-matthews-89564/,portal_industry_football_2025
Micheal Caraway Jr.,S,Southern Miss Golden Eagles,Florida Gators,Committed,0,3.0,87.0,655.0,70.0,2021,2025-01-17T17:12:00,https://on3static.com/uploads/assets/776/405/405776.png,https://www.on3.com/db/micheal-caraway-jr-147844/,portal_industry_football_2025
Jaren Sensabaugh,CB,Missouri Tigers,NC State Wolfpack,Committed,0,3.0,88.0,656.0,58.0,2024,2025-01-05T13:18:00,https://on3static.com/uploads/assets/698/197/197698.jpg,https://www.on3.com/db/jaren-sensabaugh-174831/,portal_industry_football_2025
Sterling Dixon,LB,Alabama Crimson Tide,NC State Wolfpack,Committed,0,3.0,88.0,657.0,37.0,2024,2025-01-10T16:21:00,https://on3static.com/uploads/assets/133/194/194133.png,https://www.on3.com/db/sterling-dixon-108609/,portal_industry_football_2025
Devin Kylany,IOL,Washington State Cougars,Wake Forest Demon Deacons,Committed,0,3.0,88.0,658.0,36.0,2020,2025-01-06T12:19:00,https://on3static.com/uploads/dev/assets/463/3/3463.jpg,https://www.on3.com/db/devin-kylany-36071/,portal_industry_football_2025
Davon Mitchell,TE,Oklahoma Sooners,Louisville Cardinals,Committed,0,3.0,88.0,659.0,16.0,2024,2025-05-04T15:29:00,https://on3static.com/uploads/assets/10/332/332010.png,https://www.on3.com/db/davon-mitchell-154217/,portal_industry_football_2025
Caleb Wheatland,LB,Maryland Terrapins,Auburn Tigers,Committed,0,3.0,87.0,660.0,50.0,2022,2025-04-20T13:24:00,https://on3static.com/uploads/assets/576/441/441576.png,https://www.on3.com/db/caleb-wheatland-17241/,portal_industry_football_2025
CharMar Brown,RB,North Dakota State Bison,Miami Hurricanes,Committed,0,3.0,88.0,661.0,28.0,2023,2025-04-30T13:34:00,https://on3static.com/uploads/assets/642/440/440642.png,https://www.on3.com/db/charmar-brown-155816/,portal_industry_football_2025
Mahamane Moussa,OT,Purdue Boilermakers,Louisville Cardinals,Committed,0,3.0,87.0,662.0,38.0,2021,2024-12-10T12:11:00,https://on3static.com/uploads/assets/854/343/343854.png,https://www.on3.com/db/mahamane-moussa-81276/,portal_industry_football_2025
Amarion Fortenberry,CB,South Alabama Jaguars,Kansas State Wildcats,Committed,0,3.0,89.0,171.0,27.0,2024,2025-01-04T12:49:00,https://on3static.com/uploads/assets/339/396/396339.jpg,https://www.on3.com/db/amarion-fortenberry-180592/,portal_industry_football_2025
Dylan Wade,TE,Maryland Terrapins,UCF Knights,Committed,580985,3.0,89.0,202.0,10.0,2023,2024-12-23T13:19:00,https://on3static.com/uploads/assets/652/564/564652.PNG,https://www.on3.com/db/dylan-wade-150733/,portal_industry_football_2025
Tahj Chambers,LB,Missouri State University Bears,Ole Miss Rebels,Committed,0,3.0,88.0,665.0,36.0,2020,2024-12-20T19:59:00,https://on3static.com/uploads/assets/412/394/394412.jpeg,https://www.on3.com/db/tahj-chambers-109756/,portal_industry_football_2025
Andrew Marshall,CB,Idaho Vandals,Nebraska Cornhuskers,Committed,0,3.0,87.0,666.0,134.0,2023,2024-12-25T09:43:00,https://on3static.com/uploads/assets/130/393/393130.png,https://www.on3.com/db/andrew-marshall-162203/,portal_industry_football_2025
Jamare Glasker,CB,Wake Forest Demon Deacons,Maryland Terrapins,Committed,0,3.0,86.0,667.0,141.0,2022,2024-12-22T13:03:00,https://on3static.com/uploads/assets/609/86/86609.jpeg,https://www.on3.com/db/jamare-glasker-149883/,portal_industry_football_2025
Will Whitson,DL,Coastal Carolina Chanticleers,Mississippi State Bulldogs,Committed,0,3.0,89.0,225.0,13.0,2020,2024-12-30T17:51:00,https://on3static.com/uploads/assets/111/394/394111.jpg,https://www.on3.com/db/will-whitson-174179/,portal_industry_football_2025
Malachi Hosley,RB,Pennsylvania Quakers,Georgia Tech Yellow Jackets,Committed,363958,3.0,88.0,669.0,32.0,2023,2024-12-24T11:11:00,https://on3static.com/uploads/assets/812/388/388812.png,https://www.on3.com/db/malachi-hosley-246770/,portal_industry_football_2025
Justin Bowick,WR,Ball State Cardinals,Illinois Fighting Illini,Committed,0,3.0,88.0,670.0,56.0,2022,2024-12-21T13:26:00,https://on3static.com/uploads/assets/955/275/275955.png,https://www.on3.com/db/justin-bowick-239664/,portal_industry_football_2025
Tausili Akana,EDGE,Texas Longhorns,BYU Cougars,Committed,0,3.0,87.0,671.0,71.0,2023,2024-12-23T12:41:00,https://on3static.com/uploads/assets/137/209/209137.jpeg,https://www.on3.com/db/tausili-akana-110486/,portal_industry_football_2025
Shelton Sampson Jr.,WR,LSU Tigers,Louisiana Ragin Cajuns,Committed,0,3.0,86.0,672.0,180.0,2023,2024-12-27T21:53:00,https://on3static.com/uploads/assets/310/23/23310.jpg,https://www.on3.com/db/shelton-sampson-jr-107155/,portal_industry_football_2025
Jaquaize Pettaway,WR,Oklahoma Sooners,East Carolina Pirates,Committed,0,3.0,87.0,673.0,154.0,2023,2024-12-20T11:14:00,https://on3static.com/uploads/assets/967/331/331967.png,https://www.on3.com/db/jaquaize-pettaway-56394/,portal_industry_football_2025
Javin Whatley,WR,Chattanooga Mocs,Arizona Wildcats,Committed,0,3.0,87.0,674.0,104.0,2021,2025-01-08T15:00:00,https://on3static.com/uploads/assets/618/392/392618.png,https://www.on3.com/db/javin-whatley-58068/,portal_industry_football_2025
Brandon Tucker,LB,West Texas A&M Buffaloes,UTSA Roadrunners,Committed,0,3.0,87.0,675.0,92.0,2021,2024-12-22T09:39:00,https://on3static.com/uploads/assets/814/395/395814.png,https://www.on3.com/db/brandon-tucker-13226/,portal_industry_football_2025
C.J. Williams,WR,Wisconsin Badgers,Stanford Cardinal,Committed,0,3.0,86.0,676.0,238.0,2022,2024-12-27T13:40:00,https://on3static.com/uploads/assets/647/94/94647.png,https://www.on3.com/db/cj-williams-16520/,portal_industry_football_2025
Kai Greer,IOL,Georgia Tech Yellow Jackets,Stanford Cardinal,Committed,0,3.0,87.0,677.0,78.0,2024,2025-01-04T09:18:00,https://on3static.com/uploads/assets/528/333/333528.png,https://www.on3.com/db/kai-greer-162343/,portal_industry_football_2025
Kahlil Benson,IOL,Colorado Buffaloes,Indiana Hoosiers,Committed,0,3.0,87.0,678.0,84.0,2020,2025-01-04T11:52:00,https://on3static.com/uploads/assets/362/399/399362.png,https://www.on3.com/db/kahlil-benson-70484/,portal_industry_football_2025
Eli Ennis,LB,Nicholls State Colonels,UAB Blazers,Committed,0,3.0,87.0,679.0,76.0,2022,,https://on3static.com/uploads/assets/400/401/401400.png,https://www.on3.com/db/eli-ennis-204332/,portal_industry_football_2025
Christo Kelly,IOL,Holy Cross Crusaders,North Carolina Tar Heels,Committed,0,3.0,87.0,680.0,89.0,2020,2024-12-16T17:00:00,https://on3static.com/uploads/assets/978/470/470978.png,https://www.on3.com/db/christo-kelly-187998/,portal_industry_football_2025
Ayden Knapik,OT,Idaho Vandals,Illinois Fighting Illini,Committed,0,3.0,87.0,681.0,49.0,2022,2025-01-09T14:25:00,https://on3static.com/uploads/assets/957/401/401957.png,https://www.on3.com/db/ayden-knapik-149568/,portal_industry_football_2025
Bryon Threats,S,UCF Knights,UCLA Bruins,Committed,0,3.0,87.0,682.0,62.0,2021,2024-12-17T13:44:00,https://on3static.com/uploads/assets/838/393/393838.png,https://www.on3.com/db/bryon-threats-16033/,portal_industry_football_2025
Emar'rion Winston,LB,Oregon Ducks,Baylor Bears,Committed,0,3.0,88.0,683.0,39.0,2022,2024-12-30T15:53:00,https://on3static.com/uploads/assets/917/93/93917.jpeg,https://www.on3.com/db/emarrion-winston-41644/,portal_industry_football_2025
Jshawn Frausto-Ramos,CB,Stanford Cardinal,Arizona Wildcats,Committed,0,3.0,86.0,684.0,188.0,2023,2024-12-18T11:56:00,https://on3static.com/uploads/assets/308/226/226308.png,https://www.on3.com/db/jshawn-frausto-ramos-68377/,portal_industry_football_2025
Christopher Thomas,DL,Marshall Thundering Herd,Syracuse Orange,Committed,0,3.0,86.0,685.0,139.0,2021,2025-01-01T09:41:00,https://on3static.com/uploads/assets/903/12/12903.jpeg,https://www.on3.com/db/christopher-thomas-23424/,portal_industry_football_2025
Aaron Williams,CB,Louisville Cardinals,UCLA Bruins,Committed,0,3.0,87.0,686.0,88.0,2023,2024-12-18T15:29:00,https://on3static.com/uploads/assets/209/223/223209.png,https://www.on3.com/db/aaron-williams-848/,portal_industry_football_2025
Matt Jung,S,Bethel University Wildcats,Wisconsin Badgers,Committed,0,3.0,85.0,687.0,171.0,2023,2024-12-19T18:59:00,https://on3static.com/uploads/assets/661/394/394661.png,https://www.on3.com/db/matt-jung-247294/,portal_industry_football_2025
J'Mari Taylor,RB,North Carolina Central Eagles,Virginia Cavaliers,Committed,0,3.0,87.0,688.0,45.0,2020,2024-12-18T09:46:00,https://on3static.com/uploads/assets/193/394/394193.png,https://www.on3.com/db/jmari-taylor-205115/,portal_industry_football_2025
RJ Jackson,DL,Tulsa Golden Hurricane,UCF Knights,Committed,0,3.0,89.0,226.0,14.0,2023,2024-12-14T15:19:00,https://on3static.com/uploads/assets/754/564/564754.PNG,https://www.on3.com/db/rj-jackson-146455/,portal_industry_football_2025
Tomiwa Durojaiye,DL,Florida State Seminoles,Illinois Fighting Illini,Committed,0,3.0,85.0,690.0,205.0,2022,2024-12-23T16:44:00,https://on3static.com/uploads/assets/889/72/72889.jpeg,https://www.on3.com/db/tomiwa-durojaiye-113511/,portal_industry_football_2025
Lee Beebe,RB,UAB Blazers,Indiana Hoosiers,Committed,0,3.0,89.0,230.0,21.0,2022,2024-12-17T15:10:00,https://on3static.com/uploads/assets/553/392/392553.png,https://www.on3.com/db/lee-beebe-215651/,portal_industry_football_2025
Davion Dozier,WR,Arkansas Razorbacks,Appalachian State Mountaineers,Committed,0,3.0,86.0,692.0,213.0,2023,2024-12-25T10:57:00,https://on3static.com/uploads/assets/977/303/303977.png,https://www.on3.com/db/davion-dozier-151107/,portal_industry_football_2025
Cole Cabana,RB,Michigan Wolverines,Western Michigan Broncos,Committed,0,3.0,87.0,693.0,57.0,2023,2024-12-29T11:19:00,https://on3static.com/uploads/assets/620/302/302620.png,https://www.on3.com/db/cole-cabana-24630/,portal_industry_football_2025
Jaxson Jones,LB,Oregon Ducks,Utah Utes,Committed,0,3.0,87.0,694.0,71.0,2024,2024-12-14T17:11:00,https://on3static.com/uploads/assets/167/304/304167.png,https://www.on3.com/db/jaxson-jones-155712/,portal_industry_football_2025
Ansel Din-Mbuh,DL,Washington State Cougars,TCU Horned Frogs,Committed,0,3.0,88.0,695.0,34.0,2023,2024-12-15T12:48:00,https://on3static.com/uploads/assets/391/219/219391.png,https://www.on3.com/db/ansel-din-mbuh-159288/,portal_industry_football_2025
Joseph Manjack,WR,Houston Cougars,TCU Horned Frogs,Committed,0,3.0,87.0,696.0,114.0,2021,2024-12-17T11:41:00,https://on3static.com/uploads/assets/572/73/73572.jpeg,https://www.on3.com/db/joseph-manjack-66597/,portal_industry_football_2025
Dalton Merryman,IOL,Texas Tech Red Raiders,Houston Cougars,Committed,0,3.0,86.0,698.0,120.0,2021,2024-12-13T11:54:00,https://on3static.com/uploads/assets/846/391/391846.png,https://www.on3.com/db/dalton-merryman-28327/,portal_industry_football_2025
Evan Wibberley,IOL,Western Kentucky Hilltoppers,Kentucky Wildcats,Committed,0,3.0,88.0,699.0,34.0,2022,2024-12-22T13:13:00,https://on3static.com/uploads/assets/404/88/88404.jpg,https://www.on3.com/db/evan-wibberley-43461/,portal_industry_football_2025
Christian Washington,RB,Coastal Carolina Chanticleers,San Diego State Aztecs,Committed,0,3.0,87.0,700.0,71.0,2022,2025-01-27T16:43:00,https://on3static.com/uploads/assets/917/178/178917.png,https://www.on3.com/db/christian-washington-23228/,portal_industry_football_2025
Cam Cook,RB,TCU Horned Frogs,Jacksonville State Gamecocks,Committed,0,3.0,87.0,701.0,77.0,2023,2025-01-13T15:15:00,https://on3static.com/uploads/assets/163/223/223163.png,https://www.on3.com/db/cam-cook-147286/,portal_industry_football_2025
Jalen St. John,OT,UNLV Rebels,Purdue Boilermakers,Committed,0,3.0,87.0,702.0,44.0,2020,2024-12-24T22:22:00,https://on3static.com/uploads/assets/867/407/407867.png,https://www.on3.com/db/jalen-st-john-54534/,portal_industry_football_2025
Kyle Sfarcioc,IOL,Southern Utah Thunderbirds,BYU Cougars,Committed,0,3.0,87.0,703.0,71.0,2021,2024-12-19T12:44:00,https://on3static.com/uploads/assets/159/396/396159.png,https://www.on3.com/db/kyle-sfarcioc-160671/,portal_industry_football_2025
Christian Ellis,S,New Mexico Lobos,Virginia Tech Hokies,Committed,0,3.0,88.0,704.0,39.0,2022,2025-01-09T13:04:00,https://on3static.com/uploads/assets/916/178/178916.png,https://www.on3.com/db/christian-ellis-22880/,portal_industry_football_2025
Caleb Francl,LB,South Dakota State Jackrabbits,Washington State Cougars,Committed,0,3.0,87.0,705.0,43.0,2020,2025-01-06T12:49:00,https://on3static.com/uploads/assets/713/404/404713.png,https://www.on3.com/db/caleb-francl-248514/,portal_industry_football_2025
Matt Durrance,S,South Dakota State Jackrabbits,Washington State Cougars,Committed,0,3.0,87.0,706.0,83.0,2021,2025-01-05T13:39:00,https://on3static.com/uploads/assets/738/404/404738.png,https://www.on3.com/db/matt-durrance-248528/,portal_industry_football_2025
David Reese,EDGE,California Golden Bears,Syracuse Orange,Committed,0,3.0,88.0,707.0,39.0,2018,2025-02-05T16:49:00,https://on3static.com/uploads/assets/763/412/412763.png,https://www.on3.com/db/david-reese-32029/,portal_industry_football_2025
Jayden Thomas,WR,Notre Dame Fighting Irish,Virginia Cavaliers,Committed,0,3.0,87.0,708.0,146.0,2021,2025-01-27T19:54:00,https://on3static.com/uploads/assets/947/235/235947.jpeg,https://www.on3.com/db/jayden-thomas-58713/,portal_industry_football_2025
Kannon Katzer,RB,Ferris State Bulldogs,West Virginia Mountaineers,Committed,0,3.0,87.0,709.0,67.0,2020,2025-05-01T20:27:00,https://on3static.com/uploads/dev/assets/300/3/3300.jpg,https://www.on3.com/db/kannon-katzer-144946/,portal_industry_football_2025
Jamier Johnson,CB,Indiana Hoosiers,UCLA Bruins,Committed,0,3.0,87.0,710.0,127.0,2021,2025-04-15T15:49:00,https://on3static.com/uploads/dev/assets/617/7/7617.jpg,https://www.on3.com/db/jamier-johnson-144412/,portal_industry_football_2025
Chavez Brown,LB,North Texas Mean Green,USF Bulls,Committed,0,3.0,87.0,711.0,55.0,2021,2025-04-14T17:16:00,https://on3static.com/uploads/assets/115/438/438115.png,https://www.on3.com/db/chavez-brown-237433/,portal_industry_football_2025
Enock Sibomana,LB,North Dakota State Bison,Wyoming Cowboys,Committed,0,3.0,87.0,712.0,78.0,2021,2025-05-06T09:10:00,https://on3static.com/uploads/assets/755/438/438755.jpg,https://www.on3.com/db/enock-sibomana-41893/,portal_industry_football_2025
Chris Victor,EDGE,Chattanooga Mocs,California Golden Bears,Committed,0,3.0,87.0,713.0,86.0,2021,2025-04-16T15:49:00,https://on3static.com/uploads/assets/472/438/438472.jpg,https://www.on3.com/db/chris-victor-22608/,portal_industry_football_2025
Grayson Barnes,TE,Northern Illinois Huskies,West Virginia Mountaineers,Committed,0,3.0,88.0,714.0,18.0,2021,2025-04-19T18:20:00,https://on3static.com/uploads/assets/616/441/441616.png,https://www.on3.com/db/grayson-barnes-175131/,portal_industry_football_2025
Gary Bryant,LB,South Dakota Coyotes,Syracuse Orange,Committed,0,3.0,88.0,715.0,29.0,2022,2025-04-23T10:14:00,https://on3static.com/uploads/assets/782/440/440782.jpg,https://www.on3.com/db/gary-bryant-250689/,portal_industry_football_2025
Isaiah Augustave,RB,Colorado Buffaloes,South Carolina Gamecocks,Committed,0,3.0,88.0,716.0,42.0,2023,2025-06-11T20:07:00,https://on3static.com/uploads/assets/936/303/303936.png,https://www.on3.com/db/isaiah-augustave-147651/,portal_industry_football_2025
Terrance Love,S,Auburn Tigers,Colorado Buffaloes,Committed,0,3.0,88.0,717.0,44.0,2023,2025-04-20T13:23:00,https://on3static.com/uploads/assets/600/303/303600.png,https://www.on3.com/db/terrance-love-111381/,portal_industry_football_2025
Savion Red,RB,Nevada Wolf Pack,Sacramento State Hornets,Committed,0,3.0,87.0,719.0,96.0,2022,2025-04-12T17:01:00,https://on3static.com/uploads/assets/901/83/83901.png,https://www.on3.com/db/savion-red-104953/,portal_industry_football_2025
Dylan Rizk,QB,UCF Knights,Stanford Cardinal,Committed,0,3.0,87.0,720.0,67.0,2023,2025-04-24T19:26:00,https://on3static.com/uploads/assets/494/438/438494.png,https://www.on3.com/db/dylan-rizk-40027/,portal_industry_football_2025
Terez Davis,OT,Maryland Terrapins,Ole Miss Rebels,Committed,0,3.0,87.0,721.0,64.0,2024,2025-04-19T14:25:00,https://on3static.com/uploads/assets/959/188/188959.png,https://www.on3.com/db/terez-davis-162388/,portal_industry_football_2025
Christian Hamilton,WR,North Carolina Tar Heels,West Virginia Mountaineers,Committed,0,3.0,87.0,723.0,125.0,2023,2025-04-20T17:30:00,https://on3static.com/uploads/assets/765/222/222765.png,https://www.on3.com/db/christian-hamilton-22931/,portal_industry_football_2025
William Spencer,DL,Louisville Cardinals,SMU Mustangs,Committed,0,3.0,86.0,724.0,137.0,2023,2025-04-23T11:13:00,https://on3static.com/uploads/assets/236/223/223236.png,https://www.on3.com/db/william-spencer-121373/,portal_industry_football_2025
Tyler McMillan,IOL,Southeast Missouri State Redhawks,Illinois Fighting Illini,Committed,0,3.0,87.0,725.0,105.0,2021,2025-04-19T11:33:00,https://on3static.com/uploads/assets/275/441/441275.png,https://www.on3.com/db/tyler-mcmillan-117844/,portal_industry_football_2025
Brody Dalton,TE,Troy Trojans,Alabama Crimson Tide,Committed,0,3.0,86.0,726.0,71.0,2021,2025-04-24T22:06:00,https://on3static.com/uploads/assets/882/89/89882.jpg,https://www.on3.com/db/brody-dalton-15189/,portal_industry_football_2025
Jaelyne Matthews,OT,Rutgers Scarlet Knights,Florida State Seminoles,Committed,0,3.0,87.0,727.0,69.0,2025,2025-04-30T09:19:00,https://on3static.com/uploads/assets/777/225/225777.png,https://www.on3.com/db/jaelyne-matthews-154312/,portal_industry_football_2025
Jalen Brown,WR,Florida State Seminoles,Arkansas Razorbacks,Committed,0,3.0,87.0,728.0,75.0,2023,2025-05-04T20:37:00,https://on3static.com/uploads/assets/461/332/332461.png,https://www.on3.com/db/jalen-brown-54171/,portal_industry_football_2025
Darrian Lewis,CB,Akron Zips,West Virginia Mountaineers,Committed,0,3.0,87.0,729.0,83.0,2021,2025-04-30T11:59:00,https://on3static.com/uploads/assets/922/441/441922.jpeg,https://www.on3.com/db/darrian-lewis-30835/,portal_industry_football_2025
Dillon Tatum,CB,Michigan State Spartans,Northwestern Wildcats,Committed,0,3.0,87.0,730.0,111.0,2022,2025-05-03T14:22:00,https://on3static.com/uploads/assets/156/235/235156.png,https://www.on3.com/db/dillon-tatum-37051/,portal_industry_football_2025
Chris Peal,CB,Georgia Bulldogs,Syracuse Orange,Committed,493862,3.0,87.0,731.0,95.0,2023,2025-05-05T13:51:00,https://on3static.com/uploads/assets/426/445/445426.png,https://www.on3.com/db/chris-peal-145862/,portal_industry_football_2025
Joseph Adedire,EDGE,Texas Tech Red Raiders,NC State Wolfpack,Committed,0,3.0,86.0,732.0,115.0,2022,2025-04-29T18:03:00,https://on3static.com/uploads/assets/355/73/73355.jpeg,https://www.on3.com/db/joseph-adedire-66440/,portal_industry_football_2025
DeKalon Taylor,RB,Incarnate Word Cardinals,Colorado Buffaloes,Committed,0,3.0,87.0,733.0,54.0,2022,2025-04-30T11:43:00,https://on3static.com/uploads/assets/571/442/442571.png,https://www.on3.com/db/dekalon-taylor-250918/,portal_industry_football_2025
Zeed Haynes,WR,Syracuse Orange,,Entered,0,3.0,87.0,734.0,85.0,2023,2025-04-24T15:17:00,https://on3static.com/uploads/assets/634/442/442634.png,https://www.on3.com/db/zeed-haynes-122346/,portal_industry_football_2025
Bear Bachmeier,QB,Stanford Cardinal,BYU Cougars,Committed,0,3.0,88.0,735.0,35.0,2025,2025-05-03T14:19:00,https://on3static.com/uploads/assets/640/285/285640.jpg,https://www.on3.com/db/bear-bachmeier-150597/,portal_industry_football_2025
Waltclaire Flynn Jr.,IOL,UCF Knights,Georgia Bulldogs,Committed,0,3.0,87.0,736.0,48.0,2024,2025-04-26T11:05:00,https://on3static.com/uploads/assets/44/443/443044.png,https://www.on3.com/db/waltclaire-flynn-jr-120067/,portal_industry_football_2025
Dilan Battle,DL,LSU Tigers,Utah Utes,Committed,0,3.0,87.0,737.0,96.0,2025,2025-05-08T11:32:00,https://on3static.com/uploads/assets/939/442/442939.png,https://www.on3.com/db/dilan-battle-177649/,portal_industry_football_2025
E'Lla Boykin,EDGE,Barton College Bulldogs,Boston College Eagles,Committed,0,3.0,86.0,738.0,150.0,2024,2025-05-02T15:35:00,https://on3static.com/uploads/assets/625/444/444625.png,https://www.on3.com/db/ella-boykin-251022/,portal_industry_football_2025
Chisom Ifeanyi,DL,Florida Atlantic Owls,Wyoming Cowboys,Committed,0,3.0,88.0,739.0,36.0,0,2025-05-08T09:09:00,https://on3static.com/uploads/assets/15/267/267015.png,https://www.on3.com/db/chisom-ifeanyi-239243/,portal_industry_football_2025
Tye Edwards,RB,Northern Iowa Panthers,West Virginia Mountaineers,Committed,0,3.0,88.0,289.0,26.0,2019,2025-01-10T12:43:00,https://on3static.com/uploads/assets/763/73/73763.jpeg,https://www.on3.com/db/tye-edwards-117191/,portal_industry_football_2025
Evan Beerntsen,IOL,South Dakota State Jackrabbits,Northwestern Wildcats,Committed,0,3.0,88.0,298.0,31.0,2019,2025-01-04T17:12:00,https://on3static.com/uploads/assets/218/400/400218.png,https://www.on3.com/db/evan-beerntsen-43189/,portal_industry_football_2025
CJ Campbell Jr.,RB,Florida Atlantic Owls,Rutgers Scarlet Knights,Committed,0,3.0,89.0,253.0,23.0,2021,2024-12-13T09:30:00,https://on3static.com/uploads/assets/67/242/242067.jpeg,https://www.on3.com/db/cj-campbell-jr-23572/,portal_industry_football_2025
Blake Gotcher,LB,Northwestern State Demons,Arizona Wildcats,Committed,0,3.0,87.0,743.0,49.0,2021,2024-12-21T17:35:00,https://on3static.com/uploads/assets/105/401/401105.png,https://www.on3.com/db/blake-gotcher-198781/,portal_industry_football_2025
Jonah Pace,EDGE,Central Michigan Chippewas,Iowa Hawkeyes,Committed,0,3.0,87.0,744.0,74.0,2021,2024-12-23T17:51:00,https://on3static.com/uploads/assets/394/491/491394.jpg,https://www.on3.com/db/jonah-pace-64462/,portal_industry_football_2025
Isaiah Sategna,WR,Arkansas Razorbacks,Oklahoma Sooners,Committed,840140,3.0,87.0,745.0,98.0,2022,2024-12-19T20:09:00,https://on3static.com/uploads/assets/925/303/303925.png,https://www.on3.com/db/isaiah-sategna-49742/,portal_industry_football_2025
Nico Davillier,DL,Arkansas Razorbacks,UCLA Bruins,Committed,0,3.0,86.0,746.0,105.0,2022,2024-12-18T12:40:00,https://on3static.com/uploads/assets/909/303/303909.png,https://www.on3.com/db/nico-davillier-93185/,portal_industry_football_2025
Malachi Singleton,QB,Arkansas Razorbacks,Purdue Boilermakers,Committed,0,3.0,87.0,747.0,48.0,2023,2024-12-19T18:06:00,https://on3static.com/uploads/assets/861/407/407861.png,https://www.on3.com/db/malachi-singleton-81457/,portal_industry_football_2025
T.J. Harden,RB,UCLA Bruins,SMU Mustangs,Committed,0,3.0,88.0,748.0,34.0,2022,2025-04-18T15:59:00,https://on3static.com/uploads/assets/785/285/285785.png,https://www.on3.com/db/tj-harden-237345/,portal_industry_football_2025
Joshua Bates,IOL,Oklahoma Sooners,SMU Mustangs,Committed,482861,3.0,87.0,749.0,77.0,2023,2024-12-18T17:20:00,https://on3static.com/uploads/assets/2/332/332002.png,https://www.on3.com/db/joshua-bates-67820/,portal_industry_football_2025
Tyler Turner,S,Oregon Ducks,Baylor Bears,Committed,0,3.0,88.0,750.0,42.0,2023,2024-12-25T10:17:00,https://on3static.com/uploads/assets/998/303/303998.png,https://www.on3.com/db/tyler-turner-118195/,portal_industry_football_2025
Maverick McIvor,QB,Abilene Christian Wildcats,Western Kentucky Hilltoppers,Committed,0,3.0,88.0,751.0,32.0,2019,2025-01-05T17:18:00,https://on3static.com/uploads/assets/208/392/392208.png,https://www.on3.com/db/maverick-mcivor-86529/,portal_industry_football_2025
Dequan Finn,QB,Baylor Bears,Miami (OH) RedHawks,Committed,0,3.0,88.0,752.0,38.0,2019,2025-01-04T21:03:00,https://on3static.com/uploads/assets/156/265/265156.png,https://www.on3.com/db/dequan-finn-34584/,portal_industry_football_2025
Isaia Glass,OT,Oklahoma State Cowboys,Vanderbilt Commodores,Committed,0,3.0,88.0,753.0,33.0,2021,2024-12-18T16:50:00,https://on3static.com/uploads/assets/765/18/18765.jpeg,https://www.on3.com/db/isaia-glass-49324/,portal_industry_football_2025
Tyler Van Dyke,QB,Wisconsin Badgers,SMU Mustangs,Committed,0,3.0,88.0,754.0,30.0,2020,2025-01-08T12:07:00,https://on3static.com/uploads/assets/563/222/222563.jpg,https://www.on3.com/db/tyler-van-dyke-118203/,portal_industry_football_2025
Sydir Mitchell,DL,Texas Longhorns,LSU Tigers,Committed,0,3.0,88.0,755.0,35.0,2023,2024-12-20T15:10:00,https://on3static.com/uploads/assets/996/201/201996.png,https://www.on3.com/db/sydir-mitchell-109307/,portal_industry_football_2025
Jerry Lawson,DL,Abilene Christian Wildcats,Louisville Cardinals,Committed,0,3.0,87.0,756.0,63.0,2023,2024-12-17T17:52:00,https://on3static.com/uploads/assets/103/394/394103.png,https://www.on3.com/db/jerry-lawson-247261/,portal_industry_football_2025
Kofi Asare,EDGE,Massachusetts Minutemen,Florida Gators,Committed,0,3.0,88.0,757.0,54.0,2022,2024-12-22T17:57:00,https://on3static.com/uploads/assets/68/26/26068.png,https://www.on3.com/db/kofi-asare-149885/,portal_industry_football_2025
Jaden Nixon,RB,Western Michigan Broncos,UCF Knights,Committed,0,3.0,88.0,758.0,29.0,2021,2025-01-07T16:02:00,https://on3static.com/uploads/assets/670/564/564670.PNG,https://www.on3.com/db/jaden-nixon-52664/,portal_industry_football_2025
Sanders Ellis,EDGE,Tennessee State Tigers,Purdue Boilermakers,Committed,0,3.0,88.0,759.0,52.0,2024,2025-03-31T11:37:00,https://on3static.com/uploads/assets/460/426/426460.png,https://www.on3.com/db/sanders-ellis-178954/,portal_industry_football_2025
Star Thomas,RB,Duke Blue Devils,Tennessee Volunteers,Committed,0,3.0,88.0,760.0,36.0,2020,2025-01-19T12:31:00,https://on3static.com/uploads/assets/731/98/98731.jpg,https://www.on3.com/db/star-thomas-108230/,portal_industry_football_2025
Carlos Hernandez,WR,Washington State Cougars,Wake Forest Demon Deacons,Committed,0,3.0,87.0,761.0,148.0,2023,2025-01-05T21:33:00,https://on3static.com/uploads/assets/331/219/219331.png,https://www.on3.com/db/carlos-hernandez-154041/,portal_industry_football_2025
Jaren Hamilton,WR,Alabama Crimson Tide,Arizona State Sun Devils,Committed,0,3.0,87.0,762.0,106.0,2023,2025-01-13T15:01:00,https://on3static.com/uploads/assets/263/472/472263.jpg,https://www.on3.com/db/jaren-hamilton-146413/,portal_industry_football_2025
Ayden Williams,WR,Ole Miss Rebels,Mississippi State Bulldogs,Committed,0,3.0,87.0,763.0,123.0,2023,2025-01-10T11:45:00,https://on3static.com/uploads/assets/516/61/61516.jpg,https://www.on3.com/db/ayden-williams-9024/,portal_industry_football_2025
Austin Collins,IOL,Louisville Cardinals,Syracuse Orange,Committed,0,3.0,88.0,764.0,40.0,2020,2025-04-19T17:10:00,https://on3static.com/uploads/assets/842/17/17842.jpeg,https://www.on3.com/db/austin-collins-8286/,portal_industry_football_2025
Dacari Collins,WR,NC State Wolfpack,Louisville Cardinals,Committed,0,3.0,87.0,765.0,110.0,2021,2025-04-19T13:31:00,https://on3static.com/uploads/dev/assets/754/10/10754.jpg,https://www.on3.com/db/dacari-collins-27796/,portal_industry_football_2025
Joel Starlings,DL,North Carolina Tar Heels,Maryland Terrapins,Committed,0,3.0,87.0,766.0,53.0,2023,2025-04-26T16:36:00,https://on3static.com/uploads/assets/31/297/297031.png,https://www.on3.com/db/joel-starlings-62688/,portal_industry_football_2025
Christian Charles,S,Tennessee Volunteers,Virginia Cavaliers,Committed,0,3.0,87.0,767.0,78.0,2021,2025-04-28T17:27:00,https://on3static.com/uploads/assets/178/226/226178.jpeg,https://www.on3.com/db/christian-charles-22828/,portal_industry_football_2025
Kendrick Raphael,RB,NC State Wolfpack,California Golden Bears,Committed,0,3.0,87.0,768.0,53.0,2023,2025-04-26T19:32:00,https://on3static.com/uploads/assets/536/225/225536.png,https://www.on3.com/db/kendrick-raphael-72957/,portal_industry_football_2025
NiJhay Burt,CB,Eastern Illinois Panthers,Michigan State Spartans,Committed,0,3.0,89.0,184.0,28.0,2022,2024-12-20T14:15:00,https://on3static.com/uploads/assets/227/484/484227.jpg,https://www.on3.com/db/nijhay-burt-247291/,portal_industry_football_2025
Isaiah Cash,S,Sam Houston State Bearkats,Virginia Tech Hokies,Committed,0,3.0,89.0,199.0,17.0,2020,2024-12-26T11:27:00,https://on3static.com/uploads/assets/345/396/396345.jpg,https://www.on3.com/db/isaiah-cash-49411/,portal_industry_football_2025
Kahlee Tafai,IOL,Washington Huskies,Minnesota Golden Gophers,Committed,0,3.0,86.0,771.0,110.0,2023,2024-12-21T09:51:00,https://on3static.com/uploads/assets/309/219/219309.png,https://www.on3.com/db/kahlee-tafai-154333/,portal_industry_football_2025
Hezekiah Masses,S,FIU Golden Panthers,California Golden Bears,Committed,0,3.0,88.0,772.0,32.0,2022,2024-12-21T14:20:00,https://on3static.com/uploads/assets/37/389/389037.png,https://www.on3.com/db/hezekiah-masses-150512/,portal_industry_football_2025
Zy Crisler,IOL,Illinois Fighting Illini,Colorado Buffaloes,Committed,0,3.0,87.0,773.0,57.0,2021,2025-01-08T22:58:00,https://on3static.com/uploads/assets/365/176/176365.jpeg,https://www.on3.com/db/zy-crisler-150207/,portal_industry_football_2025
Jaylon Glover,RB,Utah Utes,UNLV Rebels,Committed,0,3.0,87.0,774.0,48.0,2022,2024-12-16T17:59:00,https://on3static.com/uploads/assets/599/393/393599.png,https://www.on3.com/db/jaylon-glover-59105/,portal_industry_football_2025
Kojo Antwi,WR,Ohio State Buckeyes,Colorado State Rams,Committed,0,3.0,86.0,775.0,217.0,2022,2025-01-14T18:51:00,https://on3static.com/uploads/assets/493/221/221493.jpeg,https://www.on3.com/db/kojo-antwi-75707/,portal_industry_football_2025
Miles Walker,OT,Ohio State Buckeyes,Boise State Broncos,Committed,0,3.0,87.0,776.0,71.0,2023,2024-12-30T14:30:00,https://on3static.com/uploads/assets/595/221/221595.jpeg,https://www.on3.com/db/miles-walker-89744/,portal_industry_football_2025
Robby Washington,WR,Miami Hurricanes,Coastal Carolina Chanticleers,Committed,0,3.0,86.0,777.0,218.0,2023,2025-01-06T09:19:00,https://on3static.com/uploads/assets/564/222/222564.jpg,https://www.on3.com/db/robby-washington-146416/,portal_industry_football_2025
Tommy Matheson,IOL,Princeton Tigers,Boston College Eagles,Committed,0,3.0,87.0,778.0,67.0,2021,2025-01-13T12:22:00,https://on3static.com/uploads/assets/391/401/401391.png,https://www.on3.com/db/tommy-matheson-113637/,portal_industry_football_2025
Anthony Colandrea,QB,Virginia Cavaliers,UNLV Rebels,Committed,732467,3.0,89.0,237.0,21.0,2023,2024-12-21T20:28:00,https://on3static.com/uploads/assets/324/396/396324.jpg,https://www.on3.com/db/anthony-colandrea-5972/,portal_industry_football_2025
Andre Jordan Jr.,CB,Oregon State Beavers,UCLA Bruins,Committed,0,3.0,88.0,780.0,47.0,2023,2024-12-16T13:55:00,https://on3static.com/uploads/assets/755/583/583755.png,https://www.on3.com/db/andre-jordan-jr-4654/,portal_industry_football_2025
Brandon Rose,QB,Utah Utes,Massachusetts Minutemen,Committed,0,3.0,86.0,781.0,131.0,2022,2025-01-08T20:24:00,https://on3static.com/uploads/assets/14/402/402014.png,https://www.on3.com/db/brandon-rose-13028/,portal_industry_football_2025
Reginald Hughes,LB,Jacksonville State Gamecocks,Colorado Buffaloes,Committed,0,3.0,86.0,782.0,113.0,2020,2024-12-17T21:40:00,https://on3static.com/uploads/assets/816/265/265816.png,https://www.on3.com/db/reginald-hughes-146112/,portal_industry_football_2025
Trayvon Rudolph,WR,Northern Illinois Huskies,Toledo Rockets,Committed,0,3.0,87.0,783.0,99.0,2020,2025-01-18T14:16:00,https://on3static.com/uploads/assets/745/264/264745.jpeg,https://www.on3.com/db/trayvon-rudolph-114885/,portal_industry_football_2025
Jaylen Thompson,S,Michigan State Spartans,Memphis Tigers,Committed,0,3.0,87.0,784.0,66.0,2024,2024-12-21T15:00:00,https://on3static.com/uploads/assets/936/404/404936.png,https://www.on3.com/db/jaylen-thompson-147238/,portal_industry_football_2025
Avery Stuart,S,Kentucky Wildcats,Ball State Cardinals,Committed,0,3.0,87.0,785.0,79.0,2023,2025-01-05T12:49:00,https://on3static.com/uploads/assets/275/222/222275.png,https://www.on3.com/db/avery-stuart-146782/,portal_industry_football_2025
Brayden Dorman,QB,Arizona Wildcats,Mercyhurst College Lakers,Committed,0,3.0,87.0,786.0,62.0,2023,2025-01-22T16:44:00,https://on3static.com/uploads/assets/780/307/307780.png,https://www.on3.com/db/brayden-dorman-13529/,portal_industry_football_2025
Tay'Shawn Wilson,CB,Baylor Bears,Prairie View A&M Panthers,Committed,0,3.0,87.0,787.0,133.0,2023,2025-01-22T16:48:00,https://on3static.com/uploads/assets/47/209/209047.jpeg,https://www.on3.com/db/tayshawn-wilson-110966/,portal_industry_football_2025
Vysen Lang,IOL,Tennessee Volunteers,Troy Trojans,Committed,0,3.0,87.0,788.0,81.0,2023,2025-01-13T18:56:00,https://on3static.com/uploads/assets/219/226/226219.jpeg,https://www.on3.com/db/vysen-lang-119938/,portal_industry_football_2025
De'Myrion Johnson,DL,LSU Tigers,,Entered,0,3.0,87.0,789.0,97.0,2024,2024-12-09T14:22:00,https://on3static.com/uploads/assets/142/94/94142.jpeg,https://www.on3.com/db/demyrion-johnson-150846/,portal_industry_football_2025
R.J. Jones,S,UCLA Bruins,Utah Tech Trailblazers,Committed,0,3.0,87.0,790.0,73.0,2023,2024-12-25T15:16:00,https://on3static.com/uploads/dev/assets/386/10/10386.jpg,https://www.on3.com/db/rj-jones-145202/,portal_industry_football_2025
Tyler Johnson,IOL,Colorado Buffaloes,Coastal Carolina Chanticleers,Committed,0,3.0,87.0,791.0,52.0,2019,2025-01-27T16:38:00,https://on3static.com/uploads/assets/372/89/89372.jpeg,https://www.on3.com/db/tyler-johnson-141982/,portal_industry_football_2025
Cartevious Norton,RB,Charlotte 49ers,USF Bulls,Committed,0,3.0,87.0,792.0,73.0,2022,2024-12-16T12:12:00,https://on3static.com/uploads/assets/836/225/225836.png,https://www.on3.com/db/cartevious-norton-147204/,portal_industry_football_2025
Josh Baka,S,Kent State Golden Flashes,UAB Blazers,Committed,0,3.0,87.0,793.0,69.0,2022,2025-01-05T14:48:00,,https://www.on3.com/db/josh-baka-143808/,portal_industry_football_2025
Sean Sullivan,OT,Yale Bulldogs,Rice Owls,Committed,0,3.0,87.0,794.0,72.0,2021,2025-01-10T16:53:00,,https://www.on3.com/db/sean-sullivan-105665/,portal_industry_football_2025
Luke Murphy,LB,Eastern Michigan Eagles,Coastal Carolina Chanticleers,Committed,0,3.0,87.0,795.0,65.0,2020,2025-04-25T11:25:00,https://on3static.com/uploads/assets/522/220/220522.jpeg,https://www.on3.com/db/luke-murphy-80807/,portal_industry_football_2025
Brendan Sullivan,QB,Iowa Hawkeyes,Tulane Green Wave,Committed,0,3.0,87.0,796.0,58.0,2021,2025-04-24T10:58:00,https://on3static.com/uploads/assets/52/439/439052.jpg,https://www.on3.com/db/brendan-sullivan-13765/,portal_industry_football_2025
Jiquavious Marshall,CB,Kentucky Wildcats,Liberty Flames,Committed,0,3.0,87.0,797.0,119.0,2024,2025-04-27T12:05:00,https://on3static.com/uploads/assets/601/153/153601.png,https://www.on3.com/db/jiquavious-marshall-177437/,portal_industry_football_2025
Nick Fattig,IOL,Texas Tech Red Raiders,Stanford Cardinal,Committed,0,3.0,87.0,798.0,90.0,2023,2025-04-28T13:11:00,https://on3static.com/uploads/assets/899/145/145899.jpeg,https://www.on3.com/db/nick-fattig-150621/,portal_industry_football_2025
Marquise Thorpe-Taylor,IOL,UCLA Bruins,Fresno State Bulldogs,Committed,0,3.0,87.0,799.0,75.0,2024,2025-05-09T17:07:00,https://on3static.com/uploads/assets/529/446/446529.png,https://www.on3.com/db/marquise-thorpe-taylor-153187/,portal_industry_football_2025
Brendan Bett,DL,Baylor Bears,Florida Gators,Committed,0,3.0,87.0,800.0,77.0,2023,2025-04-26T22:29:00,https://on3static.com/uploads/assets/75/209/209075.jpeg,https://www.on3.com/db/brendan-bett-150277/,portal_industry_football_2025
Stefon Thompson,LB,Nebraska Cornhuskers,Florida State Seminoles,Committed,0,3.0,87.0,801.0,59.0,2020,2024-12-14T13:35:00,https://on3static.com/uploads/assets/798/342/342798.png,https://www.on3.com/db/stefon-thompson-108303/,portal_industry_football_2025
Matthew Alexander,DL,UCF Knights,Georgia Tech Yellow Jackets,Committed,0,3.0,87.0,802.0,100.0,2021,2024-12-21T14:19:00,https://on3static.com/uploads/assets/370/464/464370.jpg,https://www.on3.com/db/matthew-alexander-85955/,portal_industry_football_2025
DJ Graham,CB,Utah State Aggies,Kansas Jayhawks,Committed,0,3.0,88.0,803.0,45.0,2020,2024-12-17T15:37:00,https://on3static.com/uploads/assets/508/18/18508.jpeg,https://www.on3.com/db/dj-graham-37295/,portal_industry_football_2025
Marcos Davila,QB,Purdue Boilermakers,Nebraska Cornhuskers,Committed,0,3.0,86.0,804.0,83.0,2024,2024-12-20T19:45:00,https://on3static.com/uploads/assets/477/343/343477.png,https://www.on3.com/db/marcos-davila-82448/,portal_industry_football_2025
Cyrus Allen,WR,Texas A&M Aggies,Cincinnati Bearcats,Committed,0,3.0,87.0,805.0,88.0,2022,2024-12-16T17:21:00,https://on3static.com/uploads/assets/946/266/266946.png,https://www.on3.com/db/cyrus-allen-27260/,portal_industry_football_2025
Joseph Sipp,LB,Bowling Green Falcons,Kansas Jayhawks,Committed,0,3.0,88.0,806.0,28.0,2022,2024-12-17T14:59:00,https://on3static.com/uploads/assets/863/393/393863.png,https://www.on3.com/db/joseph-sipp-66680/,portal_industry_football_2025
Curley Reed,CB,Washington Huskies,Louisiana Ragin Cajuns,Committed,0,3.0,87.0,807.0,90.0,2023,2024-12-22T10:55:00,https://on3static.com/uploads/assets/281/219/219281.png,https://www.on3.com/db/curley-reed-27058/,portal_industry_football_2025
Khamari Anderson,TE,Kentucky Wildcats,Arizona State Sun Devils,Committed,0,3.0,87.0,808.0,44.0,2023,2024-12-22T18:41:00,https://on3static.com/uploads/assets/256/472/472256.jpg,https://www.on3.com/db/khamari-anderson-147526/,portal_industry_football_2025
Caleb Wooden,S,Auburn Tigers,Arkansas Razorbacks,Committed,0,3.0,87.0,809.0,61.0,2022,2025-01-07T17:19:00,https://on3static.com/uploads/assets/864/93/93864.jpg,https://www.on3.com/db/caleb-wooden-17257/,portal_industry_football_2025
Drue Watts,LB,Nevada Wolf Pack,Memphis Tigers,Committed,0,3.0,87.0,810.0,74.0,2021,2024-12-24T15:34:00,https://on3static.com/uploads/assets/114/396/396114.png,https://www.on3.com/db/drue-watts-39271/,portal_industry_football_2025
Kavion Broussard,OT,Ole Miss Rebels,Arkansas Razorbacks,Committed,0,3.0,87.0,811.0,76.0,2024,2024-12-23T13:20:00,https://on3static.com/uploads/assets/38/152/152038.jpeg,https://www.on3.com/db/kavion-broussard-161998/,portal_industry_football_2025
Tyler Morris,WR,Michigan Wolverines,Indiana Hoosiers,Committed,0,3.0,86.0,812.0,183.0,2022,2025-01-04T18:18:00,https://on3static.com/uploads/assets/603/302/302603.png,https://www.on3.com/db/tyler-morris-117881/,portal_industry_football_2025
Gaard Memmelaar,IOL,Washington Huskies,UCF Knights,Committed,0,3.0,88.0,813.0,37.0,2020,2024-12-19T11:00:00,https://on3static.com/uploads/assets/735/564/564735.PNG,https://www.on3.com/db/gaard-memmelaar-44458/,portal_industry_football_2025
Sherrod Covil,S,Clemson Tigers,Virginia Tech Hokies,Committed,0,3.0,87.0,814.0,58.0,2022,2024-12-18T20:40:00,https://on3static.com/uploads/assets/914/85/85914.jpg,https://www.on3.com/db/sherrod-covil-107236/,portal_industry_football_2025
Walker Howard,QB,Ole Miss Rebels,Louisiana Ragin Cajuns,Committed,0,3.0,87.0,815.0,59.0,2022,2024-12-10T09:09:00,https://on3static.com/uploads/dev/assets/252/11/11252.jpg,https://www.on3.com/db/walker-howard-144227/,portal_industry_football_2025
Mike Washington,RB,New Mexico State Aggies,Arkansas Razorbacks,Committed,0,3.0,87.0,816.0,58.0,2021,2024-12-21T16:31:00,https://on3static.com/uploads/assets/966/397/397966.png,https://www.on3.com/db/mike-washington-88522/,portal_industry_football_2025
Madden Sanker,IOL,Louisville Cardinals,Florida Atlantic Owls,Committed,0,3.0,88.0,817.0,45.0,2023,2024-12-24T11:49:00,https://on3static.com/uploads/assets/164/392/392164.jpg,https://www.on3.com/db/madden-sanker-81230/,portal_industry_football_2025
TJ Lindsey,DL,Auburn Tigers,Purdue Boilermakers,Committed,0,3.0,87.0,818.0,54.0,2024,2025-01-11T15:26:00,https://on3static.com/uploads/assets/846/407/407846.png,https://www.on3.com/db/tj-lindsey-154192/,portal_industry_football_2025
Geirean Hatchett,IOL,Oklahoma Sooners,Washington Huskies,Committed,0,3.0,87.0,819.0,88.0,2020,2024-12-09T21:25:00,https://on3static.com/uploads/dev/assets/257/4/4257.jpg,https://www.on3.com/db/geirean-hatchett-45509/,portal_industry_football_2025
CJ Blocker,CB,Utah Utes,Colorado State Rams,Committed,0,3.0,88.0,820.0,68.0,2023,2024-12-22T16:54:00,https://on3static.com/uploads/assets/163/392/392163.jpg,https://www.on3.com/db/cj-blocker-154642/,portal_industry_football_2025
Brendon Lewis,QB,Nevada Wolf Pack,Memphis Tigers,Committed,0,3.0,87.0,821.0,46.0,2020,2024-12-19T19:45:00,https://on3static.com/uploads/assets/167/392/392167.jpg,https://www.on3.com/db/brendon-lewis-13829/,portal_industry_football_2025
Bernard Causey,CB,LSU Tigers,Georgia State Panthers,Committed,0,3.0,87.0,822.0,99.0,2024,2025-01-11T17:41:00,https://on3static.com/uploads/assets/552/235/235552.jpg,https://www.on3.com/db/bernard-causey-152136/,portal_industry_football_2025
Mose Phillips III,S,Virginia Tech Hokies,Missouri Tigers,Committed,0,3.0,87.0,823.0,89.0,2023,2024-12-19T15:56:00,https://on3static.com/uploads/assets/802/162/162802.png,https://www.on3.com/db/mose-phillips-iii-154885/,portal_industry_football_2025
Justyn Rhett,CB,Georgia Bulldogs,Nebraska Cornhuskers,Committed,0,3.0,87.0,824.0,131.0,2023,2024-12-21T21:47:00,https://on3static.com/uploads/assets/999/294/294999.png,https://www.on3.com/db/justyn-rhett-70073/,portal_industry_football_2025
Blaine Spires,EDGE,Utah State Aggies,Pittsburgh Panthers,Committed,0,3.0,86.0,825.0,149.0,2019,2025-01-04T11:51:00,https://on3static.com/uploads/assets/356/76/76356.jpeg,https://www.on3.com/db/blaine-spires-10668/,portal_industry_football_2025
Daniel Kaelin,QB,Nebraska Cornhuskers,Virginia Cavaliers,Committed,0,3.0,87.0,826.0,61.0,2024,2024-12-15T10:45:00,https://on3static.com/uploads/assets/424/333/333424.png,https://www.on3.com/db/daniel-kaelin-145433/,portal_industry_football_2025
Hosea Wheeler,DL,Western Kentucky Hilltoppers,Indiana Hoosiers,Committed,0,3.0,88.0,827.0,31.0,2021,2024-12-16T09:15:00,https://on3static.com/uploads/assets/441/393/393441.png,https://www.on3.com/db/hosea-wheeler-164260/,portal_industry_football_2025
Justice Finkley,EDGE,Texas Longhorns,Kansas Jayhawks,Committed,0,3.0,87.0,828.0,81.0,2022,2025-01-13T13:03:00,https://on3static.com/uploads/assets/953/71/71953.jpeg,https://www.on3.com/db/justice-finkley-68950/,portal_industry_football_2025
Cole Martin,CB,Arizona State Sun Devils,UCLA Bruins,Committed,0,3.0,87.0,829.0,132.0,2023,2024-12-22T15:48:00,https://on3static.com/uploads/assets/873/393/393873.jpg,https://www.on3.com/db/cole-martin-24764/,portal_industry_football_2025
Taariq Al-Uqdah,LB,Washington State Cougars,Washington Huskies,Committed,0,3.0,88.0,830.0,24.0,2022,2024-12-26T13:05:00,https://on3static.com/uploads/assets/344/219/219344.png,https://www.on3.com/db/taariq-al-uqdah-109642/,portal_industry_football_2025
Shawn Murphy,LB,Florida State Seminoles,South Carolina Gamecocks,Committed,0,3.0,87.0,831.0,64.0,2022,2024-12-23T12:22:00,https://on3static.com/uploads/assets/700/225/225700.jpeg,https://www.on3.com/db/shawn-murphy-106928/,portal_industry_football_2025
AJ Swann,QB,LSU Tigers,Appalachian State Mountaineers,Committed,0,3.0,87.0,832.0,65.0,2022,2025-01-03T10:41:00,https://on3static.com/uploads/dev/assets/220/11/11220.jpg,https://www.on3.com/db/aj-swann-2236/,portal_industry_football_2025
Matthew Traynor,S,Richmond Spiders,Wisconsin Badgers,Committed,0,3.0,88.0,833.0,46.0,2023,2024-12-18T11:12:00,https://on3static.com/uploads/assets/706/394/394706.png,https://www.on3.com/db/matthew-traynor-247300/,portal_industry_football_2025
Tayven Jackson,QB,Indiana Hoosiers,UCF Knights,Committed,0,3.0,87.0,834.0,44.0,2022,2025-01-03T14:36:00,https://on3static.com/uploads/assets/661/564/564661.PNG,https://www.on3.com/db/tayven-jackson-144919/,portal_industry_football_2025
Corey Gordon,S,Baylor Bears,Louisville Cardinals,Committed,0,3.0,86.0,835.0,122.0,2022,2025-01-04T08:20:00,https://on3static.com/uploads/assets/18/209/209018.jpeg,https://www.on3.com/db/corey-gordon-26154/,portal_industry_football_2025
Keanu Tanuvasa,DL,Utah Utes,BYU Cougars,Committed,0,3.0,87.0,836.0,52.0,2020,2024-12-30T12:16:00,https://on3static.com/uploads/assets/841/397/397841.png,https://www.on3.com/db/keanu-tanuvasa-71663/,portal_industry_football_2025
Braydon Bennett,RB,Coastal Carolina Chanticleers,Virginia Tech Hokies,Committed,0,3.0,87.0,837.0,46.0,2020,2025-01-18T13:35:00,https://on3static.com/uploads/dev/assets/836/2/2836.jpg,https://www.on3.com/db/braydon-bennett-13587/,portal_industry_football_2025
Tavian Coleman,DL,Texas State Bobcats,Colorado Buffaloes,Committed,0,3.0,87.0,838.0,88.0,2021,2025-01-07T14:29:00,https://on3static.com/uploads/assets/411/401/401411.png,https://www.on3.com/db/tavian-coleman-150572/,portal_industry_football_2025
Antonio White,S,Rutgers Scarlet Knights,Georgia Southern Eagles,Committed,0,3.0,87.0,839.0,52.0,2024,2025-01-08T10:34:00,https://on3static.com/uploads/assets/540/304/304540.png,https://www.on3.com/db/antonio-white-150000/,portal_industry_football_2025
Cortez Braham,WR,Nevada Wolf Pack,Memphis Tigers,Committed,0,3.0,87.0,840.0,103.0,2019,2025-07-31T20:31:00,https://on3static.com/uploads/assets/798/85/85798.jpeg,https://www.on3.com/db/cortez-braham-26518/,portal_industry_football_2025
Jacob De Jesus,WR,UNLV Rebels,California Golden Bears,Committed,0,3.0,88.0,841.0,60.0,2020,2025-01-09T11:29:00,https://on3static.com/uploads/assets/859/397/397859.jpg,https://www.on3.com/db/jacob-de-jesus-51879/,portal_industry_football_2025
Gavin Gibson,CB,East Carolina Pirates,North Carolina Tar Heels,Committed,0,3.0,87.0,842.0,103.0,2022,2025-01-06T12:59:00,https://on3static.com/uploads/assets/28/465/465028.png,https://www.on3.com/db/gavin-gibson-45388/,portal_industry_football_2025
Gabe Kirschke,DL,Colorado State Rams,Wake Forest Demon Deacons,Committed,0,3.0,88.0,843.0,29.0,0,2025-01-07T20:28:00,https://on3static.com/uploads/assets/500/398/398500.png,https://www.on3.com/db/gabe-kirschke-242205/,portal_industry_football_2025
D'yoni Hill,CB,Miami Hurricanes,Wisconsin Badgers,Committed,0,3.0,87.0,844.0,124.0,2022,2025-01-05T16:44:00,https://on3static.com/uploads/assets/197/26/26197.png,https://www.on3.com/db/dyoni-hill-40153/,portal_industry_football_2025
Devan Boykin,CB,NC State Wolfpack,Indiana Hoosiers,Committed,0,3.0,88.0,845.0,69.0,2020,2025-01-14T15:36:00,https://on3static.com/uploads/dev/assets/230/10/10230.jpg,https://www.on3.com/db/devan-boykin-35754/,portal_industry_football_2025
Jayden Wayne,EDGE,Washington Huskies,California Golden Bears,Committed,0,3.0,87.0,846.0,75.0,2023,2025-01-06T23:32:00,https://on3static.com/uploads/assets/568/222/222568.jpg,https://www.on3.com/db/jayden-wayne-58717/,portal_industry_football_2025
Anthony Evans III,WR,Georgia Bulldogs,Mississippi State Bulldogs,Committed,421215,3.0,87.0,847.0,124.0,2023,2025-01-15T14:21:00,https://on3static.com/uploads/assets/739/400/400739.png,https://www.on3.com/db/anthony-evans-iii-6065/,portal_industry_football_2025
Rohan Jones,TE,Montana State Bobcats,Arkansas Razorbacks,Committed,0,3.0,88.0,848.0,14.0,2022,2025-01-12T14:23:00,https://on3static.com/uploads/assets/874/401/401874.png,https://www.on3.com/db/rohan-jones-248195/,portal_industry_football_2025
Caden High,WR,South Carolina State Bulldogs,Stanford Cardinal,Committed,0,3.0,87.0,849.0,90.0,2023,2025-01-05T17:40:00,https://on3static.com/uploads/assets/965/401/401965.png,https://www.on3.com/db/caden-high-248208/,portal_industry_football_2025
Karate Brenson,WR,Tennessee State Tigers,Wake Forest Demon Deacons,Committed,0,3.0,87.0,850.0,86.0,2021,2025-04-22T07:34:00,https://on3static.com/uploads/assets/584/429/429584.png,https://www.on3.com/db/karate-brenson-250190/,portal_industry_football_2025
Zach Rice,OT,North Carolina Tar Heels,Syracuse Orange,Committed,0,3.0,87.0,851.0,73.0,2022,2025-04-30T15:37:00,https://on3static.com/uploads/assets/901/87/87901.jpg,https://www.on3.com/db/zach-rice-122996/,portal_industry_football_2025
Breylon Charles,EDGE,North Texas Mean Green,Purdue Boilermakers,Committed,0,3.0,86.0,853.0,101.0,2021,2025-04-25T19:54:00,https://on3static.com/uploads/assets/959/442/442959.png,https://www.on3.com/db/breylon-charles-14289/,portal_industry_football_2025
Jordan Sanford,CB,Texas Tech Red Raiders,California Golden Bears,Committed,0,3.0,88.0,854.0,63.0,2023,2025-05-01T22:33:00,https://on3static.com/uploads/assets/264/167/167264.png,https://www.on3.com/db/jordan-sanford-150219/,portal_industry_football_2025
CJ Heard,S,Florida Atlantic Owls,Vanderbilt Commodores,Committed,0,3.0,89.0,161.0,11.0,2024,2024-12-19T19:31:00,https://on3static.com/uploads/assets/124/392/392124.jpg,https://www.on3.com/db/cj-heard-23613/,portal_industry_football_2025
Terry Webb,DL,Texas State Bobcats,SMU Mustangs,Committed,0,3.0,89.0,195.0,12.0,2021,2025-01-11T01:07:00,https://on3static.com/uploads/assets/238/397/397238.jpg,https://www.on3.com/db/terry-webb-162391/,portal_industry_football_2025
Ethan Nation,CB,Nebraska Cornhuskers,,Entered,0,3.0,86.0,858.0,184.0,2023,2024-06-22T11:17:00,https://on3static.com/uploads/assets/311/24/24311.jpg,https://www.on3.com/db/ethan-nation-42993/,portal_industry_football_2025
Willie Gaines,WR,Murray State Racers,,Entered,0,3.0,86.0,859.0,259.0,2019,2024-08-09T11:29:00,https://on3static.com/uploads/assets/296/242/242296.jpeg,https://www.on3.com/db/willie-gaines-121490/,portal_industry_football_2025
Shadrick Byrd,RB,Charlotte 49ers,,Entered,0,3.0,86.0,860.0,138.0,2019,2024-10-01T09:52:00,https://on3static.com/uploads/assets/28/17/17028.jpeg,https://www.on3.com/db/shadrick-byrd-106181/,portal_industry_football_2025
Rocco Milia,LB,Columbia Lions,Michigan Wolverines,Committed,0,3.0,86.0,861.0,95.0,2021,2025-08-08T15:42:00,https://on3static.com/uploads/assets/384/376/376384.png,https://www.on3.com/db/rocco-milia-101464/,portal_industry_football_2025
Garland Benyard,LB,Kennesaw State Owls,,Entered,0,3.0,86.0,862.0,118.0,2021,2024-11-14T07:48:00,https://on3static.com/uploads/assets/715/381/381715.jpg,https://www.on3.com/db/garland-benyard-44832/,portal_industry_football_2025
Tahj Summey,S,Virginia Military Institute Keydets,,Entered,0,3.0,86.0,863.0,144.0,2020,2024-11-19T11:59:00,https://on3static.com/uploads/assets/494/383/383494.jpg,https://www.on3.com/db/tahj-summey-246680/,portal_industry_football_2025
Jamare Benjamin,CB,South Carolina State Bulldogs,,Entered,0,3.0,86.0,864.0,180.0,2020,2024-11-18T11:00:00,https://on3static.com/uploads/assets/165/383/383165.png,https://www.on3.com/db/jamare-benjamin-55096/,portal_industry_football_2025
Q Jones,RB,Dartmouth Big Green,,Entered,0,3.0,86.0,865.0,124.0,2021,2024-11-21T10:04:00,https://on3static.com/uploads/assets/113/384/384113.jpg,https://www.on3.com/db/q-jones-246686/,portal_industry_football_2025
Micah Green,LB,Dartmouth Big Green,,Entered,0,3.0,86.0,866.0,163.0,2021,2024-11-22T11:19:00,https://on3static.com/uploads/assets/436/384/384436.jpg,https://www.on3.com/db/micah-green-87158/,portal_industry_football_2025
Jalen Newman,CB,Princeton Tigers,,Entered,0,3.0,86.0,867.0,208.0,2021,2024-11-25T08:02:00,https://on3static.com/uploads/assets/182/386/386182.png,https://www.on3.com/db/jalen-newman-54434/,portal_industry_football_2025
Joe Pesansky,QB,Holy Cross Crusaders,FIU Golden Panthers,Committed,0,3.0,86.0,868.0,86.0,2021,,https://on3static.com/uploads/assets/610/386/386610.jpg,https://www.on3.com/db/joe-pesansky-188140/,portal_industry_football_2025
Maddix Blackwell,CB,Indiana State Sycamores,,Entered,0,3.0,86.0,869.0,174.0,2021,2024-11-25T14:17:00,https://on3static.com/uploads/assets/310/386/386310.jpg,https://www.on3.com/db/maddix-blackwell-81233/,portal_industry_football_2025
Ryan Ruane,S,Holy Cross Crusaders,,Entered,0,3.0,86.0,870.0,153.0,2021,2024-11-25T14:12:00,https://on3static.com/uploads/assets/306/386/386306.jpg,https://www.on3.com/db/ryan-ruane-103673/,portal_industry_football_2025
Sam Hedrick,TE,Davidson Wildcats,,Entered,0,3.0,86.0,871.0,73.0,2021,2024-11-25T14:10:00,https://on3static.com/uploads/assets/305/386/386305.jpg,https://www.on3.com/db/sam-hedrick-188518/,portal_industry_football_2025
Seth Adams,TE,Southeastern Louisiana Lions,,Entered,0,3.0,86.0,872.0,77.0,2021,2024-11-25T14:02:00,https://on3static.com/uploads/assets/303/386/386303.jpg,https://www.on3.com/db/seth-adams-246727/,portal_industry_football_2025
Mitchell Gonser,LB,Harvard Crimson,,Entered,0,3.0,86.0,874.0,144.0,2020,2024-11-25T13:53:00,https://on3static.com/uploads/assets/296/386/386296.jpg,https://www.on3.com/db/mitchell-gonser-246726/,portal_industry_football_2025
Bryce Myers,TE,Pennsylvania Quakers,,Entered,0,3.0,86.0,875.0,87.0,2021,2024-11-25T14:35:00,https://on3static.com/uploads/assets/322/386/386322.jpg,https://www.on3.com/db/bryce-myers-15875/,portal_industry_football_2025
Semaj Cross,CB,Lafayette Leopards,,Entered,0,3.0,86.0,876.0,148.0,2020,2024-11-26T08:49:00,https://on3static.com/uploads/assets/626/386/386626.jpg,https://www.on3.com/db/semaj-cross-105867/,portal_industry_football_2025
Zuberi Mobley,RB,Florida Atlantic Owls,Tulane Green Wave,Committed,0,3.0,86.0,877.0,101.0,2021,2024-12-15T12:34:00,https://on3static.com/uploads/assets/809/386/386809.jpg,https://www.on3.com/db/zuberi-mobley-123914/,portal_industry_football_2025
Mekhi Hagens,QB,Arkansas-Pine Bluff Golden Lions,,Entered,0,3.0,86.0,878.0,96.0,2020,2024-12-02T09:13:00,https://on3static.com/uploads/assets/823/388/388823.png,https://www.on3.com/db/mekhi-hagens-86952/,portal_industry_football_2025
Micah Harper,CB,BYU Cougars,Montana Grizzlies,Committed,0,3.0,86.0,879.0,135.0,2020,2025-01-09T16:45:00,https://on3static.com/uploads/dev/assets/28/3/3028.jpg,https://www.on3.com/db/micah-harper-87162/,portal_industry_football_2025
Kody Epps,WR,BYU Cougars,,Entered,0,3.0,86.0,880.0,191.0,2020,2024-12-02T13:58:00,https://on3static.com/uploads/dev/assets/890/2/2890.jpg,https://www.on3.com/db/kody-epps-75657/,portal_industry_football_2025
Keshawn Lynch,EDGE,Norfolk State Spartans,,Entered,0,3.0,86.0,881.0,128.0,2021,2024-11-27T16:16:00,https://on3static.com/uploads/assets/687/387/387687.png,https://www.on3.com/db/keshawn-lynch-155925/,portal_industry_football_2025
Ta'Quan Roberson,QB,Kansas State Wildcats,Buffalo Bulls,Committed,0,3.0,86.0,882.0,103.0,2019,2025-01-12T10:00:00,https://on3static.com/uploads/dev/assets/782/8/8782.jpg,https://www.on3.com/db/taquan-roberson-109629/,portal_industry_football_2025
Terrence Cooks,LB,TCU Horned Frogs,,Entered,0,3.0,86.0,883.0,126.0,2021,2024-12-02T09:58:00,https://on3static.com/uploads/assets/12/72/72012.jpeg,https://www.on3.com/db/terrence-cooks-111657/,portal_industry_football_2025
Marvae Myers-Glover,,Memphis Tigers,,Entered,0,3.0,86.0,884.0,150.0,2019,,https://on3static.com/uploads/assets/46/389/389046.png,https://www.on3.com/db/marvae-myers-glover-84566/,portal_industry_football_2025
Martell Williams,LB,Norfolk State Spartans,,Entered,0,3.0,86.0,885.0,132.0,0,2024-11-27T16:14:00,https://on3static.com/uploads/assets/686/387/387686.png,https://www.on3.com/db/martell-williams-246758/,portal_industry_football_2025
Eric Ivory Jr.,S,Norfolk State Spartans,,Entered,0,3.0,86.0,887.0,132.0,2022,2024-11-27T16:06:00,https://on3static.com/uploads/assets/684/387/387684.png,https://www.on3.com/db/eric-ivory-jr-246757/,portal_industry_football_2025
Mohamed Kaba,LB,South Carolina Gamecocks,,Entered,0,3.0,86.0,888.0,157.0,2020,2024-12-02T14:18:00,https://on3static.com/uploads/assets/55/257/257055.jpg,https://www.on3.com/db/mohamed-kaba-142627/,portal_industry_football_2025
Jaylen Lewis,CB,Temple Owls,Western Kentucky Hilltoppers,Committed,0,3.0,86.0,890.0,170.0,2022,2025-01-08T15:17:00,https://on3static.com/uploads/assets/224/72/72224.jpeg,https://www.on3.com/db/jaylen-lewis-58907/,portal_industry_football_2025
Jordan Louie,RB,North Carolina Tar Heels,,Entered,0,3.0,86.0,891.0,118.0,2023,2024-12-03T11:39:00,https://on3static.com/uploads/assets/790/222/222790.png,https://www.on3.com/db/jordan-louie-151178/,portal_industry_football_2025
Grant Tucker,WR,Appalachian State Mountaineers,,Entered,0,3.0,86.0,892.0,244.0,2023,2024-12-03T08:52:00,https://on3static.com/uploads/assets/151/25/25151.jpg,https://www.on3.com/db/grant-tucker-46613/,portal_industry_football_2025
Tyson Davis,WR,Central Michigan Chippewas,,Entered,0,3.0,86.0,893.0,200.0,2021,2024-12-03T10:11:00,https://on3static.com/uploads/assets/362/389/389362.png,https://www.on3.com/db/tyson-davis-119011/,portal_industry_football_2025
Justin Houston,CB,Fresno State Bulldogs,,Entered,0,3.0,86.0,895.0,185.0,2020,2024-12-04T16:57:00,https://on3static.com/uploads/assets/110/390/390110.png,https://www.on3.com/db/justin-houston-142922/,portal_industry_football_2025
Tate Rodemaker,QB,Southern Miss Golden Eagles,Western Carolina Catamounts,Committed,0,3.0,86.0,896.0,118.0,2020,2025-05-16T14:53:00,https://on3static.com/uploads/assets/236/242/242236.jpeg,https://www.on3.com/db/tate-rodemaker-110426/,portal_industry_football_2025
John Howse IV,S,Middle Tennessee State Blue Raiders,,Entered,0,3.0,86.0,897.0,95.0,2021,2024-12-06T14:17:00,https://on3static.com/uploads/assets/984/17/17984.jpeg,https://www.on3.com/db/john-howse-iv-144807/,portal_industry_football_2025
Leland Smith,WR,Purdue Boilermakers,San Jose State Spartans,Committed,0,3.0,86.0,898.0,182.0,2022,,https://on3static.com/uploads/assets/861/342/342861.png,https://www.on3.com/db/leland-smith-78909/,portal_industry_football_2025
DJ McKinney,RB,Sam Houston State Bearkats,New Mexico Lobos,Committed,0,3.0,86.0,899.0,94.0,2023,,https://on3static.com/uploads/assets/427/390/390427.png,https://www.on3.com/db/dj-mckinney-155619/,portal_industry_football_2025
Elliot Donald,DL,Pittsburgh Panthers,,Entered,0,3.0,86.0,900.0,174.0,2021,2024-12-06T10:01:00,https://on3static.com/uploads/assets/373/16/16373.jpeg,https://www.on3.com/db/elliot-donald-41498/,portal_industry_football_2025
Eldrick Robinson II,LB,Wake Forest Demon Deacons,,Entered,0,3.0,86.0,901.0,136.0,2021,2024-12-06T12:28:00,https://on3static.com/uploads/assets/602/86/86602.jpeg,https://www.on3.com/db/eldrick-robinson-ii-40885/,portal_industry_football_2025
Nate Yarnell,QB,Pittsburgh Panthers,,Entered,0,3.0,87.0,902.0,66.0,2021,2024-12-06T15:30:00,https://on3static.com/uploads/dev/assets/912/9/9912.jpg,https://www.on3.com/db/nate-yarnell-91444/,portal_industry_football_2025
Landon Ibieta,WR,LSU Tigers,Nicholls State Colonels,Committed,0,3.0,86.0,903.0,266.0,2022,2025-02-05T13:02:00,https://on3static.com/uploads/assets/264/94/94264.png,https://www.on3.com/db/landon-ibieta-144298/,portal_industry_football_2025
Grant Leeper,TE,Iowa Hawkeyes,Miami (OH) RedHawks,Committed,0,3.0,86.0,904.0,88.0,2023,2024-12-16T13:29:00,https://on3static.com/uploads/assets/199/209/209199.JPG,https://www.on3.com/db/grant-leeper-175507/,portal_industry_football_2025
Kalen Carroll,CB,Cincinnati Bearcats,Central Michigan Chippewas,Committed,0,3.0,86.0,905.0,149.0,2022,,https://on3static.com/uploads/assets/14/583/583014.png,https://www.on3.com/db/kalen-carroll-70777/,portal_industry_football_2025
Derrick Shepard,DL,UAB Blazers,Tulane Green Wave,Committed,0,3.0,86.0,906.0,138.0,2022,2024-12-16T16:06:00,https://on3static.com/uploads/assets/420/226/226420.png,https://www.on3.com/db/derrick-shepard-35191/,portal_industry_football_2025
Jordan Knox,IOL,Northwestern Wildcats,,Entered,0,3.0,86.0,907.0,134.0,2023,2024-12-09T08:11:00,https://on3static.com/uploads/assets/633/219/219633.png,https://www.on3.com/db/jordan-knox-152760/,portal_industry_football_2025
RJ Martinez,QB,Texas State Bobcats,,Entered,0,3.0,86.0,908.0,101.0,2021,2024-12-09T09:16:00,https://on3static.com/uploads/assets/831/146/146831.jpeg,https://www.on3.com/db/rj-martinez-100673/,portal_industry_football_2025
Daniel Harris,LB,UAB Blazers,,Entered,0,3.0,86.0,909.0,154.0,2023,2024-12-09T08:20:00,https://on3static.com/uploads/assets/410/54/54410.jpg,https://www.on3.com/db/daniel-harris-29267/,portal_industry_football_2025
Ty Furnish,IOL,Virginia Cavaliers,Georgia Southern Eagles,Committed,0,3.0,86.0,910.0,115.0,2021,,https://on3static.com/uploads/assets/410/16/16410.jpeg,https://www.on3.com/db/ty-furnish-116988/,portal_industry_football_2025
David Ojiegbe,EDGE,Pittsburgh Panthers,Norfolk State Spartans,Committed,0,3.0,86.0,911.0,120.0,2023,2025-01-25T12:59:00,https://on3static.com/uploads/assets/512/308/308512.png,https://www.on3.com/db/david-ojiegbe-31943/,portal_industry_football_2025
Naejuan Barber,DL,Coastal Carolina Chanticleers,Florida Atlantic Owls,Committed,0,3.0,86.0,912.0,164.0,2021,2024-12-24T12:02:00,https://on3static.com/uploads/assets/637/275/275637.png,https://www.on3.com/db/naejuan-barber-239640/,portal_industry_football_2025
Caden Crawford,DL,Iowa Hawkeyes,South Dakota Coyotes,Committed,0,3.0,86.0,913.0,178.0,2022,2025-01-16T14:38:00,https://on3static.com/uploads/assets/346/577/577346.png,https://www.on3.com/db/caden-crawford-16707/,portal_industry_football_2025
Nick Elksnis,TE,South Carolina Gamecocks,UNLV Rebels,Committed,0,3.0,86.0,914.0,56.0,2021,2024-12-21T14:07:00,https://on3static.com/uploads/assets/90/257/257090.jpg,https://www.on3.com/db/nick-elksnis-92486/,portal_industry_football_2025
Arik Gilbert,TE,Nebraska Cornhuskers,Savannah State Tigers,Committed,0,3.0,86.0,915.0,53.0,2020,2025-04-29T17:01:00,https://on3static.com/uploads/assets/863/93/93863.jpeg,https://www.on3.com/db/arik-gilbert-7441/,portal_industry_football_2025
Korbin Hendrix,WR,Arizona State Sun Devils,,Entered,0,3.0,86.0,916.0,202.0,2023,2024-12-09T11:50:00,https://on3static.com/uploads/assets/288/312/312288.png,https://www.on3.com/db/korbin-hendrix-158631/,portal_industry_football_2025
Timmy McClain,QB,Arkansas State Red Wolves,,Entered,0,3.0,86.0,917.0,121.0,2021,2024-12-09T16:24:00,https://on3static.com/uploads/assets/62/91/91062.jpg,https://www.on3.com/db/timmy-mcclain-112918/,portal_industry_football_2025
Javance Tupouata-Johnson,QB,San Diego State Aztecs,,Entered,0,3.0,86.0,918.0,133.0,2023,2024-12-09T11:23:00,https://on3static.com/uploads/assets/476/48/48476.jpg,https://www.on3.com/db/javance-tupouata-johnson-57962/,portal_industry_football_2025
Kai Horton,QB,Tulane Green Wave,Washington Huskies,Committed,0,3.0,86.0,919.0,116.0,2021,2025-01-28T18:06:00,https://on3static.com/uploads/assets/113/74/74113.jpeg,https://www.on3.com/db/kai-horton-144809/,portal_industry_football_2025
CJ Nunnally,DL,Akron Zips,Purdue Boilermakers,Committed,0,3.0,88.0,920.0,37.0,2021,2025-01-03T15:21:00,https://on3static.com/uploads/assets/852/407/407852.png,https://www.on3.com/db/cj-nunnally-23737/,portal_industry_football_2025
Amari Smith,OT,Mississippi State Bulldogs,,Entered,0,3.0,86.0,921.0,103.0,2023,2024-12-09T12:06:00,https://on3static.com/uploads/assets/870/222/222870.png,https://www.on3.com/db/amari-smith-174963/,portal_industry_football_2025
Ky Thomas,RB,Kent State Golden Flashes,,Entered,0,3.0,86.0,923.0,111.0,2020,2024-12-09T12:49:00,https://on3static.com/uploads/assets/41/73/73041.jpeg,https://www.on3.com/db/ky-thomas-76312/,portal_industry_football_2025
Donerio Davenport,RB,Louisiana Tech Bulldogs,,Entered,0,3.0,86.0,924.0,114.0,2021,2024-12-09T12:07:00,https://on3static.com/uploads/assets/963/270/270963.png,https://www.on3.com/db/donerio-davenport-38025/,portal_industry_football_2025
Jordan Thompson,LB,Middle Tennessee State Blue Raiders,,Entered,0,3.0,86.0,925.0,140.0,2023,2024-12-09T12:37:00,https://on3static.com/uploads/assets/631/58/58631.jpg,https://www.on3.com/db/jordan-thompson-146653/,portal_industry_football_2025
Justin Benton,DL,Houston Cougars,East Carolina Pirates,Committed,0,3.0,86.0,926.0,180.0,2023,2024-12-19T09:00:00,https://on3static.com/uploads/assets/403/223/223403.png,https://www.on3.com/db/justin-benton-69062/,portal_industry_football_2025
Emmett Brown,QB,San Jose State Spartans,Coastal Carolina Chanticleers,Committed,0,3.0,86.0,927.0,79.0,2022,2025-01-09T13:06:00,https://on3static.com/uploads/assets/277/402/402277.png,https://www.on3.com/db/emmett-brown-41832/,portal_industry_football_2025
Jordan Nubin,RB,Minnesota Golden Gophers,,Entered,0,3.0,86.0,928.0,105.0,2021,2024-12-09T14:13:00,https://on3static.com/uploads/assets/138/72/72138.jpeg,https://www.on3.com/db/jordan-nubin-65843/,portal_industry_football_2025
D.J. Wesolak,EDGE,Oregon State Beavers,Missouri State University Bears,Committed,0,3.0,86.0,929.0,130.0,2022,2025-02-05T14:40:00,https://on3static.com/uploads/assets/922/222/222922.png,https://www.on3.com/db/dj-wesolak-37359/,portal_industry_football_2025
Michael Jackson III,WR,Georgia Bulldogs,Purdue Boilermakers,Committed,0,3.0,86.0,930.0,247.0,2021,2025-04-21T17:59:00,https://on3static.com/uploads/assets/166/93/93166.png,https://www.on3.com/db/michael-jackson-iii-144295/,portal_industry_football_2025
Bennett Galloway,RB,Louisiana-Monroe Warhawks,,Entered,0,3.0,86.0,931.0,134.0,2022,2024-12-09T14:00:00,https://on3static.com/uploads/assets/432/22/22432.jpeg,https://www.on3.com/db/bennett-galloway-146133/,portal_industry_football_2025
Javae Gilmore,LB,Mississippi State Bulldogs,,Entered,0,3.0,86.0,932.0,142.0,2022,2024-12-09T13:42:00,https://on3static.com/uploads/assets/855/222/222855.png,https://www.on3.com/db/javae-gilmore-57952/,portal_industry_football_2025
David Spruiells,S,North Texas Mean Green,,Entered,0,3.0,86.0,933.0,159.0,2023,2024-12-09T14:03:00,https://on3static.com/uploads/assets/355/36/36355.jpeg,https://www.on3.com/db/david-spruiells-150225/,portal_industry_football_2025
A.J. Duffy,QB,San Diego State Aztecs,New Haven Chargers,Committed,0,3.0,86.0,935.0,132.0,2022,2025-01-17T17:19:00,https://on3static.com/uploads/assets/110/242/242110.jpeg,https://www.on3.com/db/aj-duffy-2154/,portal_industry_football_2025
Morgan Pearson,LB,Colorado Buffaloes,,Entered,0,3.0,86.0,936.0,155.0,2023,2024-12-09T13:56:00,https://on3static.com/uploads/assets/348/242/242348.jpeg,https://www.on3.com/db/morgan-pearson-90390/,portal_industry_football_2025
Jayden Jones,EDGE,Arkansas State Red Wolves,,Entered,0,3.0,86.0,937.0,100.0,2021,2024-12-09T16:55:00,https://on3static.com/uploads/assets/175/219/219175.jpg,https://www.on3.com/db/jayden-jones-145177/,portal_industry_football_2025
Erik McCarty,S,Oklahoma Sooners,,Entered,0,3.0,86.0,938.0,151.0,2023,2024-12-09T17:16:00,https://on3static.com/uploads/assets/13/298/298013.png,https://www.on3.com/db/erik-mccarty-42634/,portal_industry_football_2025
Javious Bond,RB,East Carolina Pirates,Austin Peay Governors,Committed,0,3.0,86.0,939.0,144.0,2023,,https://on3static.com/uploads/assets/738/573/573738.png,https://www.on3.com/db/javious-bond-151130/,portal_industry_football_2025
Cade Conley,TE,Marshall Thundering Herd,,Entered,0,3.0,86.0,940.0,54.0,2021,2024-12-10T09:44:00,,https://www.on3.com/db/cade-conley-179675/,portal_industry_football_2025
Darren Agu,EDGE,Vanderbilt Commodores,New Mexico Lobos,Committed,0,3.0,86.0,941.0,135.0,2022,2025-01-07T21:25:00,https://on3static.com/uploads/assets/280/332/332280.png,https://www.on3.com/db/darren-agu-30714/,portal_industry_football_2025
Braden Davis,QB,Syracuse Orange,Hampton Pirates,Committed,0,3.0,86.0,942.0,123.0,2022,2025-07-27T14:37:00,https://on3static.com/uploads/assets/829/21/21829.jpeg,https://www.on3.com/db/braden-davis-11686/,portal_industry_football_2025
Phillip Roche,S,Missouri Tigers,,Entered,0,3.0,86.0,943.0,163.0,2023,2024-12-10T13:08:00,https://on3static.com/uploads/assets/937/222/222937.png,https://www.on3.com/db/phillip-roche-151310/,portal_industry_football_2025
Charles Montgomery,WR,Marshall Thundering Herd,Southern Miss Golden Eagles,Committed,0,3.0,86.0,944.0,209.0,2021,,,https://www.on3.com/db/charles-montgomery-20227/,portal_industry_football_2025
Kerry Williams,CB,North Texas Mean Green,,Entered,0,3.0,86.0,945.0,209.0,2024,2024-12-10T13:46:00,,https://www.on3.com/db/kerry-williams-157895/,portal_industry_football_2025
Ronald Jackson,CB,Montana Grizzlies,Old Dominion Monarchs,Committed,0,3.0,86.0,946.0,210.0,2020,,https://on3static.com/uploads/assets/709/132/132709.jpeg,https://www.on3.com/db/ronald-jackson-143846/,portal_industry_football_2025
Ian Conerly-Goodly,S,Troy Trojans,,Entered,0,3.0,86.0,947.0,117.0,2022,2024-12-10T15:42:00,https://on3static.com/uploads/assets/835/315/315835.jpg,https://www.on3.com/db/ian-conerly-goodly-210824/,portal_industry_football_2025
Ahmari Borden,WR,Stanford Cardinal,,Entered,0,3.0,86.0,948.0,169.0,2023,2024-12-10T19:54:00,https://on3static.com/uploads/assets/339/226/226339.png,https://www.on3.com/db/ahmari-borden-1918/,portal_industry_football_2025
David Peevy,EDGE,USC Trojans,Montana Grizzlies,Committed,0,3.0,86.0,949.0,97.0,2023,2025-02-03T13:25:00,https://on3static.com/uploads/assets/975/218/218975.png,https://www.on3.com/db/david-peevy-31975/,portal_industry_football_2025
Jimeto Obigbo,OT,Texas State Bobcats,Arizona State Sun Devils,Committed,0,3.0,86.0,950.0,79.0,2021,2025-01-12T19:09:00,https://on3static.com/uploads/assets/378/472/472378.jpg,https://www.on3.com/db/jimeto-obigbo-61630/,portal_industry_football_2025
Chase Brackney,DL,Iowa Hawkeyes,Sacramento State Hornets,Entered,0,3.0,86.0,951.0,116.0,2023,2024-12-10T21:00:00,https://on3static.com/uploads/assets/272/209/209272.JPG,https://www.on3.com/db/chase-brackney-150586/,portal_industry_football_2025
Jaylen Dotson,CB,Kent State Golden Flashes,,Entered,0,3.0,86.0,952.0,143.0,2021,2024-12-11T08:59:00,https://on3static.com/uploads/assets/953/275/275953.png,https://www.on3.com/db/jaylen-dotson-202865/,portal_industry_football_2025
Jacob Hood,OT,Nebraska Cornhuskers,Nicholls State Colonels,Committed,0,3.0,86.0,954.0,96.0,2022,2025-02-05T11:36:00,https://on3static.com/uploads/assets/251/345/345251.png,https://www.on3.com/db/jacob-hood-52012/,portal_industry_football_2025
Markus Clark,DL,Appalachian State Mountaineers,Liberty Flames,Committed,0,3.0,86.0,955.0,124.0,2022,2024-12-22T15:03:00,https://on3static.com/uploads/assets/150/170/170150.png,https://www.on3.com/db/markus-clark-83767/,portal_industry_football_2025
Jackson Lataimua,S,Washington State Cougars,North Texas Mean Green,Committed,0,3.0,86.0,956.0,113.0,2020,2025-04-30T13:38:00,https://on3static.com/uploads/dev/assets/326/3/3326.jpg,https://www.on3.com/db/jackson-lataimua-51612/,portal_industry_football_2025
Isaiah McMorris,WR,Nebraska Cornhuskers,Missouri State University Bears,Committed,0,3.0,86.0,957.0,196.0,2024,2025-01-09T12:48:00,https://on3static.com/uploads/assets/393/350/350393.png,https://www.on3.com/db/isaiah-mcmorris-154973/,portal_industry_football_2025
Jake Strong,QB,Texas Tech Red Raiders,,Entered,0,3.0,86.0,959.0,115.0,2023,2024-12-11T09:30:00,https://on3static.com/uploads/assets/266/167/167266.png,https://www.on3.com/db/jake-strong-53885/,portal_industry_football_2025
Demarion Crest-Daniels,WR,Texas Tech Red Raiders,,Entered,0,3.0,86.0,960.0,263.0,2023,2024-12-11T19:23:00,https://on3static.com/uploads/assets/270/63/63270.png,https://www.on3.com/db/demarion-crest-daniels-153355/,portal_industry_football_2025
Chase Davis,S,Utah State Aggies,,Entered,0,3.0,86.0,961.0,165.0,2023,2024-12-11T16:31:00,,https://www.on3.com/db/chase-davis-150426/,portal_industry_football_2025
Logan Pili,LB,Utah State Aggies,,Entered,0,3.0,86.0,962.0,121.0,2020,2024-12-11T16:32:00,https://on3static.com/uploads/assets/307/190/190307.jpeg,https://www.on3.com/db/logan-pili-79850/,portal_industry_football_2025
Jaden Barnes,WR,Austin Peay Governors,Appalachian State Mountaineers,Committed,0,3.0,88.0,963.0,67.0,2023,2025-01-06T11:19:00,https://on3static.com/uploads/assets/179/392/392179.png,https://www.on3.com/db/jaden-barnes-159179/,portal_industry_football_2025
Angelo Rankin,CB,Old Dominion Monarchs,,Entered,0,3.0,86.0,964.0,173.0,2021,2024-12-13T13:47:00,,https://www.on3.com/db/angelo-rankin-5742/,portal_industry_football_2025
Botros Alisandro,CB,Purdue Boilermakers,,Entered,0,3.0,86.0,965.0,192.0,0,2024-12-13T12:12:00,https://on3static.com/uploads/assets/466/343/343466.png,https://www.on3.com/db/botros-alisandro-179915/,portal_industry_football_2025
Bill Jackson,RB,Tulsa Golden Hurricane,,Entered,0,3.0,86.0,966.0,129.0,2021,2024-12-12T10:40:00,https://on3static.com/uploads/assets/3/75/75003.jpeg,https://www.on3.com/db/bill-jackson-144562/,portal_industry_football_2025
Koy Moore,WR,Western Kentucky Hilltoppers,UNLV Rebels,Committed,0,3.0,86.0,967.0,270.0,2020,2025-01-15T13:09:00,https://on3static.com/uploads/assets/515/93/93515.jpeg,https://www.on3.com/db/koy-moore-75970/,portal_industry_football_2025
Herschel Turner,RB,Utah State Aggies,Nevada Wolf Pack,Committed,0,3.0,87.0,968.0,69.0,2024,2025-01-09T18:13:00,https://on3static.com/uploads/assets/884/176/176884.png,https://www.on3.com/db/herschel-turner-158401/,portal_industry_football_2025
Riley Trujillo,QB,UCF Knights,Delaware Fightin' Blue Hens,Committed,0,3.0,86.0,969.0,100.0,2024,2025-04-29T11:01:00,https://on3static.com/uploads/assets/506/393/393506.jpg,https://www.on3.com/db/riley-trujillo-150677/,portal_industry_football_2025
Gavin Hill,DL,Florida Gators,Florida A&M Rattlers,Committed,0,3.0,86.0,970.0,144.0,2023,2025-01-10T10:09:00,https://on3static.com/uploads/assets/504/335/335504.png,https://www.on3.com/db/gavin-hill-45411/,portal_industry_football_2025
Naquari Rogers,RB,New Mexico Lobos,Utah Utes,Committed,0,3.0,86.0,971.0,107.0,2022,2024-12-20T10:16:00,https://on3static.com/uploads/assets/669/394/394669.png,https://www.on3.com/db/naquari-rogers-91007/,portal_industry_football_2025
Jaedon Foreman,EDGE,Oklahoma State Cowboys,,Entered,0,3.0,86.0,972.0,136.0,2023,2024-12-13T09:33:00,https://on3static.com/uploads/assets/636/226/226636.png,https://www.on3.com/db/jaedon-foreman-148265/,portal_industry_football_2025
Reed Jesiolowski,TE,Southern Miss Golden Eagles,,Entered,0,3.0,86.0,973.0,80.0,2024,2024-12-12T16:55:00,https://on3static.com/uploads/assets/863/553/553863.png,https://www.on3.com/db/reed-jesiolowski-174102/,portal_industry_football_2025
JoJo Earle,WR,TCU Horned Frogs,UNLV Rebels,Committed,0,3.0,86.0,974.0,221.0,2021,2024-12-26T21:56:00,https://on3static.com/uploads/assets/583/18/18583.jpeg,https://www.on3.com/db/jojo-earle-64152/,portal_industry_football_2025
Rickey Hyatt,S,South Alabama Jaguars,Ohio Bobcats,Committed,0,3.0,86.0,975.0,160.0,2020,2025-01-10T17:42:00,https://on3static.com/uploads/dev/assets/746/2/2746.jpg,https://www.on3.com/db/rickey-hyatt-144462/,portal_industry_football_2025
Bobby Arnold III,CB,New Mexico Lobos,,Entered,0,3.0,86.0,976.0,206.0,2021,2024-12-15T20:53:00,,https://www.on3.com/db/bobby-arnold-iii-11234/,portal_industry_football_2025
Rara Thomas,WR,Georgia Bulldogs,Troy Trojans,Committed,0,3.0,86.0,977.0,189.0,2021,2025-03-25T08:32:00,https://on3static.com/uploads/assets/683/15/15683.jpeg,https://www.on3.com/db/rara-thomas-101547/,portal_industry_football_2025
Josh Hunter,S,San Diego State Aztecs,,Entered,0,3.0,86.0,978.0,128.0,2022,2024-12-16T17:25:00,https://on3static.com/uploads/assets/469/178/178469.png,https://www.on3.com/db/josh-hunter-144488/,portal_industry_football_2025
Mordecai McDaniel,S,Charlotte 49ers,Oklahoma State Cowboys,Committed,0,3.0,86.0,979.0,134.0,2020,2024-12-22T20:11:00,https://on3static.com/uploads/dev/assets/363/2/2363.jpg,https://www.on3.com/db/mordecai-mcdaniel-90357/,portal_industry_football_2025
Nadame Tucker,EDGE,Houston Cougars,Western Michigan Broncos,Committed,0,3.0,84.0,980.0,191.0,2019,2025-05-13T22:02:00,https://on3static.com/uploads/assets/600/73/73600.jpeg,https://www.on3.com/db/nadame-tucker-90877/,portal_industry_football_2025
Popeye Williams,EDGE,Western Michigan Broncos,,Entered,0,3.0,86.0,981.0,152.0,2022,2024-12-17T10:55:00,https://on3static.com/uploads/assets/409/164/164409.png,https://www.on3.com/db/popeye-williams-96754/,portal_industry_football_2025
Aidan Glover,QB,Missouri Tigers,Georgia State Panthers,Committed,0,3.0,86.0,982.0,124.0,2024,2025-12-02T16:20:00,https://on3static.com/uploads/assets/938/215/215938.png,https://www.on3.com/db/aidan-glover-174776/,portal_industry_football_2025
Mitch Griffis,QB,Wake Forest Demon Deacons,Texas Tech Red Raiders,Committed,0,3.0,86.0,983.0,97.0,2020,2024-12-17T11:29:00,https://on3static.com/uploads/dev/assets/447/9/9447.jpg,https://www.on3.com/db/mitch-griffis-89861/,portal_industry_football_2025
Isaac Walker,DL,Georgia Southern Eagles,,Entered,0,3.0,86.0,984.0,165.0,2021,2024-12-17T15:55:00,https://on3static.com/uploads/assets/896/393/393896.png,https://www.on3.com/db/isaac-walker-49294/,portal_industry_football_2025
Omari Abor,DL,SMU Mustangs,,Entered,0,3.0,86.0,985.0,184.0,2022,2024-12-17T17:16:00,https://on3static.com/uploads/assets/492/221/221492.jpeg,https://www.on3.com/db/omari-abor-94434/,portal_industry_football_2025
Trevon McAlpine,DL,Texas Tech Red Raiders,Tulane Green Wave,Committed,0,3.0,87.0,986.0,66.0,2022,2024-12-22T08:52:00,https://on3static.com/uploads/assets/366/73/73366.jpeg,https://www.on3.com/db/trevon-mcalpine-115593/,portal_industry_football_2025
Mycah Pittman,WR,Utah Utes,,Entered,122752,3.0,86.0,987.0,265.0,2019,2024-12-18T21:50:00,https://on3static.com/uploads/dev/assets/156/6/6156.jpg,https://www.on3.com/db/mycah-pittman-90569/,portal_industry_football_2025
Braylon McReynolds,RB,South Alabama Jaguars,Louisiana-Monroe Warhawks,Committed,0,3.0,86.0,988.0,141.0,2022,2025-01-13T13:36:00,https://on3static.com/uploads/assets/658/403/403658.png,https://www.on3.com/db/braylon-mcreynolds-147275/,portal_industry_football_2025
Carter Guillaume,IOL,Southeast Missouri State Redhawks,Louisville Cardinals,Committed,0,3.0,88.0,989.0,38.0,2024,2024-12-19T14:06:00,https://on3static.com/uploads/assets/557/394/394557.png,https://www.on3.com/db/carter-guillaume-247289/,portal_industry_football_2025
Ahmad Brown,CB,Ole Miss Rebels,Georgia Southern Eagles,Committed,0,3.0,86.0,990.0,193.0,2023,2025-01-20T14:36:00,https://on3static.com/uploads/assets/783/331/331783.png,https://www.on3.com/db/ahmad-brown-148365/,portal_industry_football_2025
Willie Nelson,S,Oklahoma State Cowboys,,Entered,0,3.0,86.0,991.0,155.0,2024,2024-12-19T16:24:00,https://on3static.com/uploads/assets/560/394/394560.png,https://www.on3.com/db/willie-nelson-154430/,portal_industry_football_2025
Timmy Hinspeter,LB,Rutgers Scarlet Knights,Massachusetts Minutemen,Committed,0,3.0,86.0,992.0,145.0,2022,2024-12-19T08:42:00,https://on3static.com/uploads/assets/596/304/304596.png,https://www.on3.com/db/timmy-hinspeter-209635/,portal_industry_football_2025
Christian Moore,TE,UNLV Rebels,Purdue Boilermakers,Committed,0,3.0,88.0,993.0,25.0,2020,2024-12-23T14:51:00,https://on3static.com/uploads/assets/854/407/407854.png,https://www.on3.com/db/christian-moore-23057/,portal_industry_football_2025
Anton Ambuehl,OT,UNLV Rebels,,Entered,0,3.0,86.0,994.0,107.0,2021,2024-12-20T07:36:00,https://on3static.com/uploads/assets/71/177/177071.png,https://www.on3.com/db/anton-ambuehl-6831/,portal_industry_football_2025
Rodney Johnson,CB,Southern University Jaguars,Louisville Cardinals,Committed,0,3.0,87.0,995.0,82.0,2020,2024-12-20T13:17:00,https://on3static.com/uploads/assets/965/394/394965.png,https://www.on3.com/db/rodney-johnson-144110/,portal_industry_football_2025
Justyn Reid,TE,Southern Miss Golden Eagles,Tulane Green Wave,Committed,0,3.0,86.0,997.0,66.0,2023,,https://on3static.com/uploads/assets/943/394/394943.png,https://www.on3.com/db/justyn-reid-156449/,portal_industry_football_2025
Julien Simon,LB,Connecticut Huskies,,Entered,0,3.0,86.0,998.0,143.0,2021,2024-12-20T20:17:00,https://on3static.com/uploads/assets/661/94/94661.png,https://www.on3.com/db/julien-simon-68733/,portal_industry_football_2025
Weston Wallace,OT,Georgia Southern Eagles,,Entered,0,3.0,86.0,999.0,98.0,2020,2024-12-21T20:20:00,https://on3static.com/uploads/assets/603/395/395603.png,https://www.on3.com/db/weston-wallace-120553/,portal_industry_football_2025
Austin Brawley,CB,Ohio Bobcats,New Mexico Lobos,Committed,0,3.0,86.0,1000.0,165.0,2022,,https://on3static.com/uploads/assets/601/395/395601.png,https://www.on3.com/db/austin-brawley-160401/,portal_industry_football_2025
Otto Tia,WR,Utah State Aggies,Utah Utes,Committed,0,3.0,86.0,1001.0,260.0,2020,2024-12-26T12:30:00,https://on3static.com/uploads/assets/450/221/221450.jpg,https://www.on3.com/db/otto-tia-94747/,portal_industry_football_2025
Kenji Christian,RB,North Carolina A&T Aggies,Toledo Rockets,Committed,0,3.0,87.0,1002.0,76.0,2021,2024-12-24T12:10:00,https://on3static.com/uploads/assets/424/16/16424.jpeg,https://www.on3.com/db/kenji-christian-73003/,portal_industry_football_2025
Carl Chester,WR,Marshall Thundering Herd,Southern Miss Golden Eagles,Committed,0,3.0,86.0,1003.0,168.0,2021,2024-12-24T15:36:00,https://on3static.com/uploads/assets/597/216/216597.png,https://www.on3.com/db/carl-chester-18345/,portal_industry_football_2025
Tray Taylor,WR,Coastal Carolina Chanticleers,Troy Trojans,Committed,0,3.0,86.0,1004.0,253.0,2022,,https://on3static.com/uploads/assets/99/396/396099.png,https://www.on3.com/db/tray-taylor-237707/,portal_industry_football_2025
Christian Fuhrman,LB,Northern Illinois Huskies,,Entered,0,3.0,86.0,1005.0,108.0,2020,2024-12-24T18:35:00,https://on3static.com/uploads/assets/413/259/259413.jpeg,https://www.on3.com/db/christian-fuhrman-238947/,portal_industry_football_2025
Josiah Allen,S,UTEP Miners,,Entered,0,3.0,86.0,1006.0,120.0,2021,2024-12-26T15:56:00,https://on3static.com/uploads/assets/811/88/88811.jpg,https://www.on3.com/db/josiah-allen-149974/,portal_industry_football_2025
Desmyn Baker,LB,Southern Miss Golden Eagles,,Entered,0,3.0,86.0,1007.0,147.0,2019,2024-12-26T16:08:00,https://on3static.com/uploads/assets/303/88/88303.jpg,https://www.on3.com/db/desmyn-baker-35661/,portal_industry_football_2025
Jason Chambers,CB,Appalachian State Mountaineers,West Virginia Mountaineers,Committed,0,3.0,87.0,1008.0,73.0,2022,2025-01-24T16:31:00,https://on3static.com/uploads/assets/53/268/268053.png,https://www.on3.com/db/jason-chambers-204939/,portal_industry_football_2025
Will Jones,S,Old Dominion Monarchs,North Texas Mean Green,Committed,0,3.0,86.0,1010.0,137.0,2019,2025-01-08T15:25:00,https://on3static.com/uploads/assets/237/17/17237.jpeg,https://www.on3.com/db/will-jones-143686/,portal_industry_football_2025
Dre Butler,DL,Charlotte 49ers,USF Bulls,Committed,0,3.0,86.0,1011.0,160.0,2018,2025-02-05T20:23:00,https://on3static.com/uploads/assets/203/235/235203.png,https://www.on3.com/db/dre-butler-32953/,portal_industry_football_2025
Jaylan Ware,DL,Louisiana-Monroe Warhawks,,Entered,0,3.0,86.0,1012.0,161.0,2021,2024-12-27T12:26:00,,https://www.on3.com/db/jaylan-ware-175021/,portal_industry_football_2025
Michael Moore,LB,UAB Blazers,,Entered,0,3.0,87.0,1013.0,46.0,2019,2024-12-27T21:48:00,https://on3static.com/uploads/assets/899/397/397899.png,https://www.on3.com/db/michael-moore-215937/,portal_industry_football_2025
MJ Morris,QB,Maryland Terrapins,Coastal Carolina Chanticleers,Committed,0,3.0,87.0,1014.0,57.0,2022,2025-01-07T18:54:00,https://on3static.com/uploads/assets/529/225/225529.png,https://www.on3.com/db/mj-morris-90053/,portal_industry_football_2025
Khai Prean,WR,Tulane Green Wave,,Entered,0,3.0,86.0,1015.0,233.0,2023,2024-12-28T09:57:00,https://on3static.com/uploads/assets/995/338/338995.png,https://www.on3.com/db/khai-prean-146612/,portal_industry_football_2025
Brody Kosin,TE,Indiana Hoosiers,Miami (OH) RedHawks,Committed,0,3.0,86.0,1016.0,86.0,2024,2025-01-05T14:38:00,https://on3static.com/uploads/assets/742/400/400742.png,https://www.on3.com/db/brody-kosin-155069/,portal_industry_football_2025
Noah Arinze,EDGE,New Mexico State Aggies,Coastal Carolina Chanticleers,Committed,0,3.0,86.0,1017.0,154.0,2020,2024-12-27T19:37:00,https://on3static.com/uploads/assets/515/18/18515.jpeg,https://www.on3.com/db/noah-arinze-93512/,portal_industry_football_2025
Ryan Johnson,EDGE,Southern Miss Golden Eagles,,Entered,0,3.0,86.0,1018.0,109.0,2019,2024-12-28T16:50:00,https://on3static.com/uploads/assets/916/249/249916.png,https://www.on3.com/db/ryan-johnson-144000/,portal_industry_football_2025
Will Huggins,TE,Pittsburg State Gorillas,Oklahoma Sooners,Committed,0,3.0,86.0,1019.0,58.0,2020,2024-12-28T16:14:00,https://on3static.com/uploads/dev/assets/996/8/8996.jpg,https://www.on3.com/db/will-huggins-144525/,portal_industry_football_2025
Ja'Len Sims,LB,Southern Miss Golden Eagles,,Entered,0,3.0,86.0,1020.0,160.0,2019,2024-12-28T14:47:00,,https://www.on3.com/db/jalen-sims-50639/,portal_industry_football_2025
Micah Davis,WR,Ole Miss Rebels,Southern Miss Golden Eagles,Committed,0,3.0,86.0,1021.0,175.0,2021,2025-01-11T16:45:00,https://on3static.com/uploads/assets/68/397/397068.jpg,https://www.on3.com/db/micah-davis-175677/,portal_industry_football_2025
Keviyan Huddleston,DL,TCU Horned Frogs,North Texas Mean Green,Committed,0,3.0,86.0,1022.0,179.0,2023,2025-01-07T13:33:00,https://on3static.com/uploads/assets/362/398/398362.jpg,https://www.on3.com/db/keviyan-huddleston-145025/,portal_industry_football_2025
Angel Johnson,RB,South Dakota State Jackrabbits,Washington State Cougars,Committed,0,3.0,88.0,1023.0,31.0,2021,2025-01-04T15:09:00,https://on3static.com/uploads/assets/5/399/399005.jpg,https://www.on3.com/db/angel-johnson-247691/,portal_industry_football_2025
Jurriente Davis,LB,Louisville Cardinals,,Entered,0,3.0,86.0,1024.0,149.0,2019,2025-01-02T17:32:00,https://on3static.com/uploads/assets/353/173/173353.jpeg,https://www.on3.com/db/jurriente-davis-68914/,portal_industry_football_2025
Agiye Hall,WR,UCF Knights,Sacramento State Hornets,Committed,0,3.0,86.0,1025.0,224.0,2021,2025-01-05T20:47:00,https://on3static.com/uploads/assets/802/93/93802.jpeg,https://www.on3.com/db/agiye-hall-1813/,portal_industry_football_2025
Tayden Barnes,S,New Mexico State Aggies,Cincinnati Bearcats,Committed,0,3.0,86.0,1026.0,135.0,2023,2025-01-03T11:59:00,https://on3static.com/uploads/assets/543/399/399543.png,https://www.on3.com/db/tayden-barnes-154129/,portal_industry_football_2025
Kirby Vorhees,RB,South Dakota State Jackrabbits,Washington State Cougars,Committed,0,3.0,87.0,1027.0,66.0,2023,2025-01-04T14:52:00,https://on3static.com/uploads/assets/365/400/400365.png,https://www.on3.com/db/kirby-vorhees-158108/,portal_industry_football_2025
Prince Strachan,WR,Boise State Broncos,USC Trojans,Committed,0,3.0,86.0,1028.0,172.0,2022,2025-01-13T18:03:00,https://on3static.com/uploads/assets/366/400/400366.png,https://www.on3.com/db/prince-strachan-149910/,portal_industry_football_2025
Keith Conley,DL,UNLV Rebels,,Entered,0,3.0,86.0,1029.0,123.0,2018,2025-01-06T12:11:00,https://on3static.com/uploads/assets/928/400/400928.jpg,https://www.on3.com/db/keith-conley-72060/,portal_industry_football_2025
Trey Cooley,RB,Georgia Tech Yellow Jackets,Troy Trojans,Committed,0,3.0,86.0,1030.0,131.0,2021,2025-04-14T12:16:00,https://on3static.com/uploads/assets/486/333/333486.png,https://www.on3.com/db/trey-cooley-115528/,portal_industry_football_2025
Ryan Pellum,WR,Oregon Ducks,Delaware State Hornets,Committed,0,3.0,86.0,1031.0,194.0,2024,2025-08-13T17:41:00,https://on3static.com/uploads/assets/1/335/335001.png,https://www.on3.com/db/ryan-pellum-103568/,portal_industry_football_2025
Jaylan Sanchez,WR,Villanova Wildcats,James Madison Dukes,Committed,0,3.0,86.0,1032.0,171.0,2022,2025-01-06T13:54:00,https://on3static.com/uploads/assets/150/401/401150.png,https://www.on3.com/db/jaylan-sanchez-58784/,portal_industry_football_2025
Coleman Bryson,S,Minnesota Golden Gophers,North Carolina Tar Heels,Committed,0,3.0,86.0,1033.0,101.0,2022,2025-01-10T11:02:00,https://on3static.com/uploads/assets/919/470/470919.png,https://www.on3.com/db/coleman-bryson-24935/,portal_industry_football_2025
Troy Omeire,WR,Arizona State Sun Devils,UNLV Rebels,Committed,0,3.0,86.0,1034.0,249.0,2020,2025-06-11T16:55:00,https://on3static.com/uploads/dev/assets/607/7/7607.jpg,https://www.on3.com/db/troy-omeire-116686/,portal_industry_football_2025
Jayden Davis,S,Georgia Tech Yellow Jackets,Georgia Southern Eagles,Committed,0,3.0,86.0,1035.0,157.0,2023,2025-01-06T23:28:00,https://on3static.com/uploads/assets/359/226/226359.png,https://www.on3.com/db/jayden-davis-147235/,portal_industry_football_2025
Cataurus Hicks,WR,Louisville Cardinals,Pittsburgh Panthers,Committed,0,3.0,85.0,1036.0,299.0,2023,2025-01-09T21:06:00,https://on3static.com/uploads/assets/230/223/223230.png,https://www.on3.com/db/cataurus-hicks-158801/,portal_industry_football_2025
Ming Tjon,IOL,FIU Golden Panthers,,Entered,0,3.0,86.0,1037.0,142.0,2021,2025-01-07T19:28:00,https://on3static.com/uploads/assets/540/401/401540.jpg,https://www.on3.com/db/ming-tjon-163507/,portal_industry_football_2025
Hershey McLaurin,S,Houston Cougars,Purdue Boilermakers,Committed,0,3.0,86.0,1038.0,125.0,2020,2025-05-06T12:41:00,https://on3static.com/uploads/assets/803/85/85803.jpeg,https://www.on3.com/db/hershey-mclaurin-83995/,portal_industry_football_2025
CJ Ogbonna,QB,Buffalo Bulls,,Entered,0,3.0,86.0,1039.0,84.0,2019,2025-01-08T16:24:00,https://on3static.com/uploads/assets/820/129/129820.png,https://www.on3.com/db/cj-ogbonna-23643/,portal_industry_football_2025
Antonio Stevens,S,Purdue Boilermakers,,Entered,0,3.0,86.0,1040.0,123.0,2020,2025-01-08T15:04:00,https://on3static.com/uploads/assets/891/343/343891.png,https://www.on3.com/db/antonio-stevens-7103/,portal_industry_football_2025
Tanner Bailey,QB,South Carolina Gamecocks,Auburn Tigers,Committed,0,3.0,86.0,1041.0,108.0,2022,2025-01-08T14:34:00,https://on3static.com/uploads/assets/690/256/256690.png,https://www.on3.com/db/tanner-bailey-144575/,portal_industry_football_2025
David Daniel-Sisavanh,S,Georgia Bulldogs,Troy Trojans,Committed,0,3.0,86.0,1042.0,112.0,2021,2025-01-09T13:23:00,https://on3static.com/uploads/assets/729/296/296729.png,https://www.on3.com/db/david-daniel-sisavanh-31583/,portal_industry_football_2025
Rodney Bullard,WR,Valdosta State Blazers,Michigan State Spartans,Committed,0,3.0,87.0,1043.0,83.0,2022,2025-01-09T13:40:00,https://on3static.com/uploads/assets/374/402/402374.jpg,https://www.on3.com/db/rodney-bullard-248305/,portal_industry_football_2025
Onye Nwosisi,EDGE,Valparaiso Beacons,Boston College Eagles,Committed,0,3.0,87.0,1044.0,62.0,2022,2024-12-20T22:50:00,https://on3static.com/uploads/assets/862/402/402862.png,https://www.on3.com/db/onye-nwosisi-248384/,portal_industry_football_2025
Nate White,RB,Wisconsin Badgers,South Dakota State Jackrabbits,Committed,0,3.0,86.0,1045.0,98.0,2023,2025-01-12T13:19:00,https://on3static.com/uploads/assets/139/222/222139.png,https://www.on3.com/db/nate-white-151140/,portal_industry_football_2025
D'Arco Perkins-McAllister,S,Chattanooga Mocs,Louisiana-Monroe Warhawks,Committed,0,3.0,86.0,1046.0,124.0,2021,2025-01-10T14:00:00,https://on3static.com/uploads/assets/625/24/24625.jpeg,https://www.on3.com/db/darco-perkins-mcallister-27371/,portal_industry_football_2025
Eric Etienne,DL,Norfolk State Spartans,Western Kentucky Hilltoppers,Committed,0,3.0,86.0,1047.0,163.0,2024,2025-01-10T15:15:00,https://on3static.com/uploads/assets/858/402/402858.png,https://www.on3.com/db/eric-etienne-248383/,portal_industry_football_2025
Chief Borders,EDGE,Pittsburgh Panthers,UNLV Rebels,Committed,0,3.0,86.0,1048.0,142.0,2021,2025-01-13T12:43:00,https://on3static.com/uploads/assets/644/15/15644.jpeg,https://www.on3.com/db/chief-borders-21161/,portal_industry_football_2025
Kole Wilson,WR,Texas State Bobcats,Baylor Bears,Committed,0,3.0,87.0,1049.0,144.0,2022,2024-12-17T11:26:00,https://on3static.com/uploads/assets/196/174/174196.png,https://www.on3.com/db/kole-wilson-176216/,portal_industry_football_2025
Mehki Flowers,WR,Penn State Nittany Lions,Akron Zips,Committed,0,3.0,86.0,1050.0,201.0,2022,2025-02-17T16:21:00,https://on3static.com/uploads/assets/936/117/117936.png,https://www.on3.com/db/mehki-flowers-86928/,portal_industry_football_2025
Camden Overton-Howard,TE,Gardner-Webb Runnin' Bulldogs,Georgia State Panthers,Committed,0,3.0,86.0,1051.0,64.0,2022,2025-01-13T11:25:00,https://on3static.com/uploads/assets/606/403/403606.png,https://www.on3.com/db/camden-overton-howard-150840/,portal_industry_football_2025
Brody Foley,TE,Indiana Hoosiers,Tulsa Golden Hurricane,Committed,0,3.0,86.0,1052.0,93.0,2022,2025-01-15T15:03:00,https://on3static.com/uploads/assets/657/403/403657.jpg,https://www.on3.com/db/brody-foley-15192/,portal_industry_football_2025
Abdul Janneh,WR,Georgia Tech Yellow Jackets,,Entered,0,3.0,86.0,1053.0,198.0,2020,2025-01-16T15:43:00,https://on3static.com/uploads/assets/619/127/127619.jpeg,https://www.on3.com/db/abdul-janneh-174783/,portal_industry_football_2025
Cole Batson,S,Boston College Eagles,UC Davis Aggies,Committed,0,3.0,86.0,1054.0,108.0,2021,2025-01-16T23:32:00,https://on3static.com/uploads/assets/194/16/16194.jpeg,https://www.on3.com/db/cole-batson-24599/,portal_industry_football_2025
Isaiah Wadsworth,CB,Wofford Terriers,Tulane Green Wave,Committed,0,3.0,87.0,1055.0,75.0,2020,2024-12-22T15:23:00,https://on3static.com/uploads/assets/732/406/406732.png,https://www.on3.com/db/isaiah-wadsworth-49825/,portal_industry_football_2025
Aamarii Notice,DL,Idaho Vandals,Coastal Carolina Chanticleers,Committed,0,3.0,86.0,1056.0,111.0,2021,2025-01-20T20:21:00,https://on3static.com/uploads/assets/9/407/407009.jpg,https://www.on3.com/db/aamarii-notice-266/,portal_industry_football_2025
Deion Colzie,WR,Notre Dame Fighting Irish,Miami (OH) RedHawks,Committed,0,3.0,86.0,1057.0,223.0,2021,2025-01-29T21:23:00,https://on3static.com/uploads/assets/859/235/235859.jpeg,https://www.on3.com/db/deion-colzie-33338/,portal_industry_football_2025
Ty Chan,IOL,Notre Dame Fighting Irish,Connecticut Huskies,Committed,0,3.0,87.0,1058.0,104.0,2022,2025-01-27T15:38:00,https://on3static.com/uploads/assets/794/473/473794.png,https://www.on3.com/db/ty-chan-116957/,portal_industry_football_2025
Kenan Johnson,CB,Utah Utes,Virginia Cavaliers,Committed,0,3.0,87.0,1059.0,121.0,2019,2025-05-19T15:17:00,https://on3static.com/uploads/assets/807/17/17807.jpeg,https://www.on3.com/db/kenan-johnson-143658/,portal_industry_football_2025
Michael Flores,IOL,Old Dominion Monarchs,Louisville Cardinals,Committed,0,3.0,86.0,1060.0,112.0,2019,2025-01-23T15:23:00,https://on3static.com/uploads/assets/879/141/141879.jpeg,https://www.on3.com/db/michael-flores-87700/,portal_industry_football_2025
Khalib Johns,LB,Kent State Golden Flashes,,Entered,0,3.0,86.0,1061.0,105.0,2018,2025-01-28T14:03:00,https://on3static.com/uploads/assets/720/409/409720.png,https://www.on3.com/db/khalib-johns-143018/,portal_industry_football_2025
Joah Cash,EDGE,Coastal Carolina Chanticleers,Tulsa Golden Hurricane,Committed,0,3.0,86.0,1062.0,121.0,2020,2025-05-01T10:22:00,https://on3static.com/uploads/assets/680/75/75680.jpg,https://www.on3.com/db/joah-cash-61936/,portal_industry_football_2025
Nathan Mejia,IOL,Sacramento State Hornets,Stanford Cardinal,Committed,0,3.0,87.0,1063.0,61.0,2021,2025-02-05T12:13:00,,https://www.on3.com/db/nathan-mejia-91604/,portal_industry_football_2025
Beau Baker,TE,South Dakota State Jackrabbits,Washington State Cougars,Committed,0,3.0,86.0,1064.0,72.0,2024,2025-01-24T11:02:00,https://on3static.com/uploads/assets/160/423/423160.png,https://www.on3.com/db/beau-baker-240628/,portal_industry_football_2025
Jalen Stewart,LB,Massachusetts Minutemen,Temple Owls,Committed,0,3.0,87.0,1065.0,57.0,2020,2025-03-26T09:25:00,https://on3static.com/uploads/assets/188/26/26188.png,https://www.on3.com/db/jalen-stewart-54539/,portal_industry_football_2025
C.J. Brown,S,Bowling Green Falcons,Sam Houston State Bearkats,Committed,0,3.0,87.0,1066.0,77.0,2020,2025-05-05T09:33:00,https://on3static.com/uploads/assets/220/428/428220.png,https://www.on3.com/db/cj-brown-16376/,portal_industry_football_2025
Dontae Pollard,CB,Samford Bulldogs,Temple Owls,Committed,0,3.0,86.0,1067.0,169.0,2021,2025-04-25T21:13:00,https://on3static.com/uploads/assets/921/419/419921.png,https://www.on3.com/db/dontae-pollard-249693/,portal_industry_football_2025
Khafre Brown,WR,Arkansas Razorbacks,,Entered,0,3.0,86.0,1068.0,192.0,2019,2025-03-12T10:31:00,https://on3static.com/uploads/assets/64/91/91064.jpeg,https://www.on3.com/db/khafre-brown-74771/,portal_industry_football_2025
George Silva,OT,Oregon Ducks,,Entered,0,3.0,86.0,1069.0,116.0,2019,2025-02-25T13:19:00,https://on3static.com/uploads/assets/833/174/174833.jpeg,https://www.on3.com/db/george-silva-162868/,portal_industry_football_2025
Shakur Smalls,S,Maine Black Bears,Arkansas Razorbacks,Committed,0,3.0,86.0,1070.0,115.0,2020,2025-04-19T16:24:00,https://on3static.com/uploads/assets/702/431/431702.png,https://www.on3.com/db/shakur-smalls-106265/,portal_industry_football_2025
Drew Pyne,QB,Missouri Tigers,Bowling Green Falcons,Committed,0,3.0,86.0,1071.0,113.0,2020,2025-04-07T09:08:00,https://on3static.com/uploads/dev/assets/819/5/5819.jpg,https://www.on3.com/db/drew-pyne-39150/,portal_industry_football_2025
Osaro Aihie,LB,Air Force Falcons,,Entered,0,3.0,86.0,1073.0,114.0,2020,2025-04-14T18:07:00,https://on3static.com/uploads/assets/96/440/440096.jpg,https://www.on3.com/db/osaro-aihie-94630/,portal_industry_football_2025
Trenton Scott,OT,Texas State Bobcats,Nevada Wolf Pack,Committed,0,3.0,86.0,1074.0,105.0,2020,,https://on3static.com/uploads/assets/716/75/75716.jpeg,https://www.on3.com/db/trenton-scott-115421/,portal_industry_football_2025
Jack Kane,S,Oregon State Beavers,Rice Owls,Committed,0,3.0,86.0,1075.0,133.0,2021,2025-04-29T19:44:00,https://on3static.com/uploads/assets/236/23/23236.jpeg,https://www.on3.com/db/jack-kane-145684/,portal_industry_football_2025
Jordan Robinson,S,Cincinnati Bearcats,Virginia Cavaliers,Committed,0,3.0,86.0,1076.0,131.0,2021,2025-04-18T11:29:00,https://on3static.com/uploads/assets/314/334/334314.png,https://www.on3.com/db/jordan-robinson-65964/,portal_industry_football_2025
Joe Moore,EDGE,Missouri Tigers,Florida Atlantic Owls,Committed,0,3.0,86.0,1077.0,151.0,2020,2025-05-05T09:26:00,https://on3static.com/uploads/assets/976/439/439976.jpg,https://www.on3.com/db/joe-moore-62335/,portal_industry_football_2025
Al-Ma'hi Ali,S,Charlotte 49ers,Western Kentucky Hilltoppers,Committed,0,3.0,87.0,1078.0,55.0,2020,2025-06-05T10:02:00,https://on3static.com/uploads/assets/808/130/130808.png,https://www.on3.com/db/al-mahi-ali-2424/,portal_industry_football_2025
Josh Philostin,CB,Indiana Hoosiers,,Entered,0,3.0,86.0,1079.0,139.0,2024,2025-04-16T08:45:00,https://on3static.com/uploads/assets/864/68/68864.jpeg,https://www.on3.com/db/josh-philostin-154710/,portal_industry_football_2025
JoJo Stone,WR,Louisville Cardinals,FIU Golden Panthers,Committed,0,3.0,86.0,1081.0,187.0,2024,2025-05-04T10:02:00,https://on3static.com/uploads/assets/399/152/152399.png,https://www.on3.com/db/jojo-stone-147048/,portal_industry_football_2025
Javante Mackey,LB,Memphis Tigers,Arkansas State Red Wolves,Committed,0,3.0,86.0,1082.0,111.0,2022,2025-04-16T16:39:00,https://on3static.com/uploads/assets/192/265/265192.png,https://www.on3.com/db/javante-mackey-147843/,portal_industry_football_2025
Kahlil Tate,CB,Iowa Hawkeyes,Austin Peay Governors,Committed,0,3.0,86.0,1083.0,161.0,2023,2025-05-05T10:04:00,https://on3static.com/uploads/assets/96/209/209096.JPG,https://www.on3.com/db/kahlil-tate-70501/,portal_industry_football_2025
Amorion Walker,WR,Michigan Wolverines,Middle Tennessee State Blue Raiders,Committed,0,3.0,86.0,1084.0,225.0,2022,2025-04-30T16:50:00,https://on3static.com/uploads/assets/728/22/22728.jpg,https://www.on3.com/db/amorion-walker-4381/,portal_industry_football_2025
Moritz Schmoranzer,OT,Pittsburgh Panthers,Appalachian State Mountaineers,Committed,0,3.0,86.0,1085.0,101.0,2024,2025-04-23T08:11:00,https://on3static.com/uploads/assets/527/308/308527.png,https://www.on3.com/db/moritz-schmoranzer-162226/,portal_industry_football_2025
Brandon Rehmann,WR,West Virginia Mountaineers,Delaware Fightin' Blue Hens,Committed,0,3.0,86.0,1086.0,197.0,2024,2025-05-15T15:07:00,https://on3static.com/uploads/assets/920/334/334920.png,https://www.on3.com/db/brandon-rehmann-154592/,portal_industry_football_2025
Gavin Crawford,IOL,West Virginia Mountaineers,Virginia Tech Hokies,Committed,0,3.0,86.0,1087.0,130.0,2025,2025-04-24T15:15:00,https://on3static.com/uploads/assets/569/188/188569.png,https://www.on3.com/db/gavin-crawford-162882/,portal_industry_football_2025
Kalan Ellis,IOL,Syracuse Orange,San Diego State Aztecs,Committed,0,3.0,86.0,1088.0,136.0,2021,2025-04-25T14:56:00,https://on3static.com/uploads/assets/390/16/16390.jpeg,https://www.on3.com/db/kalan-ellis-70634/,portal_industry_football_2025
Tre'quon Fegans,CB,UCF Knights,Jacksonville State Gamecocks,Committed,0,3.0,86.0,1089.0,189.0,2022,2025-04-23T11:08:00,https://on3static.com/uploads/assets/976/218/218976.png,https://www.on3.com/db/trequon-fegans-115442/,portal_industry_football_2025
Amir Leonard-Jean Charles,DL,West Virginia Mountaineers,Southern Miss Golden Eagles,Committed,0,3.0,86.0,1090.0,175.0,2025,2025-06-23T16:28:00,https://on3static.com/uploads/assets/77/287/287077.png,https://www.on3.com/db/amir-leonard-jean-charles-147610/,portal_industry_football_2025
Josh Joyner,RB,Washington State Cougars,,Entered,0,3.0,86.0,1091.0,132.0,2024,2025-04-16T12:19:00,https://on3static.com/uploads/assets/684/337/337684.png,https://www.on3.com/db/josh-joyner-153199/,portal_industry_football_2025
Benjamin Hall,RB,Michigan Wolverines,North Carolina Tar Heels,Committed,0,3.0,86.0,1092.0,137.0,2023,2025-04-21T12:39:00,https://on3static.com/uploads/assets/961/470/470961.jpg,https://www.on3.com/db/benjamin-hall-150186/,portal_industry_football_2025
Quentin Murphy,S,Arkansas Razorbacks,Louisiana-Monroe Warhawks,Committed,0,3.0,86.0,1093.0,2.0,2025,2025-06-02T10:46:00,https://on3static.com/uploads/assets/510/183/183510.jpg,https://www.on3.com/db/quentin-murphy-154359/,portal_industry_football_2025
Tyler Aronson,QB,SMU Mustangs,,Entered,0,3.0,86.0,1094.0,134.0,2024,2025-04-16T10:56:00,https://on3static.com/uploads/assets/104/333/333104.png,https://www.on3.com/db/tyler-aronson-117303/,portal_industry_football_2025
Earl Kulp,CB,Purdue Boilermakers,Temple Owls,Committed,0,3.0,86.0,1095.0,152.0,2024,2025-05-06T20:52:00,https://on3static.com/uploads/assets/842/343/343842.png,https://www.on3.com/db/earl-kulp-40292/,portal_industry_football_2025
Romando Johnson,EDGE,West Virginia Mountaineers,,Entered,0,3.0,86.0,1096.0,104.0,2025,2025-04-16T14:17:00,https://on3static.com/uploads/assets/512/147/147512.png,https://www.on3.com/db/romando-johnson-176403/,portal_industry_football_2025
Deshaun Batiste,EDGE,Tulane Green Wave,Florida Atlantic Owls,Committed,0,3.0,86.0,1097.0,124.0,2023,2025-04-19T10:57:00,https://on3static.com/uploads/assets/934/272/272934.png,https://www.on3.com/db/deshaun-batiste-154450/,portal_industry_football_2025
Dylan Hampsten,DL,San Jose State Spartans,,Entered,0,3.0,86.0,1098.0,148.0,2023,2025-04-16T13:25:00,,https://www.on3.com/db/dylan-hampsten-154395/,portal_industry_football_2025
Alton McCaskill,RB,Arizona State Sun Devils,Sam Houston State Bearkats,Committed,0,3.0,86.0,1099.0,110.0,2021,2025-04-26T11:55:00,https://on3static.com/uploads/assets/301/242/242301.jpeg,https://www.on3.com/db/alton-mccaskill-4040/,portal_industry_football_2025
Lorenzo Cowan,EDGE,USC Trojans,Kentucky Wildcats,Committed,0,3.0,86.0,1102.0,99.0,2024,2025-04-17T18:28:00,https://on3static.com/uploads/assets/732/440/440732.jpg,https://www.on3.com/db/lorenzo-cowan-151849/,portal_industry_football_2025
Oryend Fisher,DL,West Virginia Mountaineers,UTEP Miners,Committed,0,3.0,86.0,1103.0,177.0,2023,2025-05-15T11:42:00,https://on3static.com/uploads/assets/107/305/305107.png,https://www.on3.com/db/oryend-fisher-147138/,portal_industry_football_2025
Michael Johnson Jr.,QB,Syracuse Orange,,Entered,0,3.0,86.0,1104.0,125.0,2019,2025-04-16T16:51:00,https://on3static.com/uploads/assets/340/18/18340.jpeg,https://www.on3.com/db/michael-johnson-jr-142107/,portal_industry_football_2025
Bear Tenney,TE,Utah Utes,Sacramento State Hornets,Committed,0,3.0,86.0,1105.0,91.0,2025,2025-04-21T21:05:00,https://on3static.com/uploads/assets/596/99/99596.jpg,https://www.on3.com/db/bear-tenney-152219/,portal_industry_football_2025
Ricky Fletcher,CB,South Alabama Jaguars,Ole Miss Rebels,Committed,0,3.0,86.0,1107.0,145.0,2022,2025-04-19T12:08:00,https://on3static.com/uploads/assets/426/441/441426.jpeg,https://www.on3.com/db/ricky-fletcher-146207/,portal_industry_football_2025
Ian Jeffries,DL,Arkansas State Red Wolves,Purdue Boilermakers,Committed,0,3.0,87.0,1108.0,95.0,2023,2025-04-19T10:21:00,https://on3static.com/uploads/assets/276/441/441276.png,https://www.on3.com/db/ian-jeffries-152325/,portal_industry_football_2025
Austyn Dendy,RB,Missouri Tigers,,Entered,0,3.0,86.0,1110.0,99.0,2024,2025-04-17T16:34:00,https://on3static.com/uploads/assets/390/162/162390.png,https://www.on3.com/db/austyn-dendy-178104/,portal_industry_football_2025
DJ McCormick,LB,UCF Knights,USF Bulls,Committed,0,3.0,86.0,1111.0,98.0,2024,2025-04-22T10:29:00,https://on3static.com/uploads/assets/17/442/442017.png,https://www.on3.com/db/dj-mccormick-154698/,portal_industry_football_2025
Derek Jensen,OT,Wisconsin Badgers,Iowa State Cyclones,Committed,0,3.0,86.0,1112.0,89.0,2024,2025-04-22T12:17:00,https://on3static.com/uploads/assets/0/146/146000.jpg,https://www.on3.com/db/derek-jensen-151587/,portal_industry_football_2025
Myles Slusher,S,Colorado Buffaloes,Purdue Boilermakers,Committed,0,3.0,86.0,1114.0,127.0,2020,2025-05-25T10:26:00,https://on3static.com/uploads/assets/293/242/242293.jpeg,https://www.on3.com/db/myles-slusher-90763/,portal_industry_football_2025
Marc Nave,IOL,Kentucky Wildcats,Purdue Boilermakers,Committed,0,3.0,86.0,1115.0,128.0,2024,2025-04-22T20:36:00,https://on3static.com/uploads/assets/440/257/257440.jpg,https://www.on3.com/db/marc-nave-155168/,portal_industry_football_2025
Ryne Shackelford,WR,Purdue Boilermakers,Baylor Bears,Committed,0,3.0,86.0,1116.0,268.0,2023,2025-05-01T17:11:00,https://on3static.com/uploads/assets/872/343/343872.png,https://www.on3.com/db/ryne-shackelford-104007/,portal_industry_football_2025
Mo Omonode,DL,Purdue Boilermakers,Minnesota Golden Gophers,Committed,0,3.0,86.0,1117.0,108.0,2022,2025-04-22T10:35:00,https://on3static.com/uploads/assets/882/343/343882.png,https://www.on3.com/db/mo-omonode-83160/,portal_industry_football_2025
Izaiah Guy,CB,Georgia State Panthers,USF Bulls,Committed,0,3.0,86.0,1118.0,171.0,2022,2025-04-27T18:10:00,https://on3static.com/uploads/assets/680/173/173680.png,https://www.on3.com/db/izaiah-guy-50186/,portal_industry_football_2025
Zavier Carter,EDGE,UCF Knights,Georgia State Panthers,Committed,0,3.0,86.0,1119.0,114.0,2021,2025-06-09T11:19:00,https://on3static.com/uploads/assets/75/396/396075.png,https://www.on3.com/db/zavier-carter-123634/,portal_industry_football_2025
David Wohlabaugh,IOL,Syracuse Orange,Virginia Cavaliers,Committed,0,3.0,87.0,1121.0,63.0,2021,2025-04-26T13:56:00,https://on3static.com/uploads/dev/assets/769/2/2769.jpg,https://www.on3.com/db/david-wohlabaugh-32231/,portal_industry_football_2025
JC Hart,CB,Auburn Tigers,Utah Utes,Committed,0,3.0,86.0,1122.0,167.0,2023,2025-04-21T09:11:00,https://on3static.com/uploads/assets/620/303/303620.png,https://www.on3.com/db/jc-hart-152236/,portal_industry_football_2025
Corey Smith,WR,Tulsa Golden Hurricane,Purdue Boilermakers,Committed,0,3.0,86.0,1123.0,228.0,2024,2025-04-18T14:25:00,https://on3static.com/uploads/assets/112/441/441112.png,https://www.on3.com/db/corey-smith-158306/,portal_industry_football_2025
Nasir Smith,DL,Georgia Southern Eagles,,Entered,0,3.0,86.0,1124.0,150.0,2024,2025-04-18T13:09:00,https://on3static.com/uploads/assets/48/340/340048.png,https://www.on3.com/db/nasir-smith-152727/,portal_industry_football_2025
Desmond Jackson,IOL,North Carolina Tar Heels,Coastal Carolina Chanticleers,Committed,0,3.0,86.0,1125.0,119.0,2024,2025-05-01T19:09:00,https://on3static.com/uploads/assets/29/297/297029.png,https://www.on3.com/db/desmond-jackson-162337/,portal_industry_football_2025
Isaiah Patterson,LB,UCLA Bruins,UNLV Rebels,Committed,0,3.0,86.0,1126.0,112.0,2024,2025-04-29T15:27:00,https://on3static.com/uploads/assets/56/444/444056.png,https://www.on3.com/db/isaiah-patterson-153244/,portal_industry_football_2025
Joey Wright,OT,Sacramento State Hornets,,Entered,0,3.0,86.0,1127.0,106.0,2020,2025-04-03T08:43:00,https://on3static.com/uploads/assets/506/178/178506.png,https://www.on3.com/db/joey-wright-62898/,portal_industry_football_2025
Ryan Yaites,S,California Golden Bears,TCU Horned Frogs,Committed,0,3.0,86.0,1128.0,139.0,2023,2025-04-28T07:44:00,https://on3static.com/uploads/assets/590/335/335590.png,https://www.on3.com/db/ryan-yaites-103927/,portal_industry_football_2025
Jason Mitchell,S,San Diego State Aztecs,,Entered,224200,3.0,86.0,1129.0,147.0,2024,2025-04-19T12:40:00,https://on3static.com/uploads/assets/519/117/117519.jpg,https://www.on3.com/db/jason-mitchell-151036/,portal_industry_football_2025
Beni Mwamba,CB,Chattanooga Mocs,Memphis Tigers,Committed,0,3.0,87.0,1131.0,129.0,2024,2025-04-21T12:32:00,https://on3static.com/uploads/assets/795/441/441795.png,https://www.on3.com/db/beni-mwamba-250727/,portal_industry_football_2025
Derek Ganter,S,Eastern Washington Eagles,Boise State Broncos,Committed,0,3.0,86.0,1132.0,98.0,2023,2025-04-21T13:50:00,https://on3static.com/uploads/assets/823/441/441823.png,https://www.on3.com/db/derek-ganter-250728/,portal_industry_football_2025
Jacob Stewart,TE,San Jose State Spartans,Louisville Cardinals,Committed,0,3.0,86.0,1133.0,51.0,2021,2025-04-26T18:01:00,https://on3static.com/uploads/assets/878/441/441878.png,https://www.on3.com/db/jacob-stewart-52247/,portal_industry_football_2025
Jack Sadowsky,LB,Iowa State Cyclones,Northwestern Wildcats,Committed,0,3.0,86.0,1134.0,99.0,2023,2025-05-06T21:36:00,https://on3static.com/uploads/assets/886/445/445886.png,https://www.on3.com/db/jack-sadowsky-148336/,portal_industry_football_2025
AJ Vaipulu,IOL,New Mexico State Aggies,Washington State Cougars,Committed,0,3.0,86.0,1135.0,126.0,2022,2025-04-28T10:27:00,https://on3static.com/uploads/assets/62/99/99062.jpg,https://www.on3.com/db/aj-vaipulu-2242/,portal_industry_football_2025
Camren Campbell,CB,USF Bulls,,Entered,0,3.0,86.0,1137.0,202.0,2024,2025-04-21T15:10:00,https://on3static.com/uploads/assets/770/338/338770.png,https://www.on3.com/db/camren-campbell-179471/,portal_industry_football_2025
Eric Fletcher,S,East Carolina Pirates,Oklahoma State Cowboys,Committed,0,3.0,86.0,1138.0,168.0,2024,2025-04-23T20:36:00,https://on3static.com/uploads/assets/482/442/442482.png,https://www.on3.com/db/eric-fletcher-236350/,portal_industry_football_2025
Maealiuaki Smith,QB,Oklahoma State Cowboys,Ole Miss Rebels,Committed,0,3.0,87.0,1140.0,45.0,2024,2025-05-06T09:02:00,https://on3static.com/uploads/assets/672/445/445672.png,https://www.on3.com/db/maealiuaki-smith-81263/,portal_industry_football_2025
Josaiah Knight,LB,Mississippi State Bulldogs,Western Kentucky Hilltoppers,Committed,0,3.0,87.0,1141.0,60.0,2024,2025-05-01T22:30:00,https://on3static.com/uploads/assets/128/172/172128.png,https://www.on3.com/db/josaiah-knight-155072/,portal_industry_football_2025
Jarvis Boatwright Jr.,S,USC Trojans,Florida State Seminoles,Committed,0,3.0,87.0,1142.0,75.0,2024,2025-05-02T09:01:00,https://on3static.com/uploads/assets/532/302/302532.png,https://www.on3.com/db/jarvis-boatwright-jr-150800/,portal_industry_football_2025
Keany Parks,CB,Wyoming Cowboys,Houston Cougars,Committed,0,3.0,87.0,1143.0,130.0,2023,2025-04-25T09:11:00,https://on3static.com/uploads/assets/146/442/442146.png,https://www.on3.com/db/keany-parks-156713/,portal_industry_football_2025
Zach Cochnauer,OT,Central Arkansas Bears,Nevada Wolf Pack,Committed,0,3.0,86.0,1144.0,90.0,2022,2025-04-22T17:28:00,https://on3static.com/uploads/assets/170/442/442170.png,https://www.on3.com/db/zach-cochnauer-122640/,portal_industry_football_2025
Zacharyus Williams,WR,Utah Utes,USC Trojans,Committed,0,3.0,86.0,1145.0,215.0,2024,2025-04-26T14:37:00,https://on3static.com/uploads/assets/81/443/443081.png,https://www.on3.com/db/zacharyus-williams-123275/,portal_industry_football_2025
Jaylan Brown,WR,Michigan State Spartans,UTEP Miners,Committed,0,3.0,86.0,1146.0,254.0,2024,2025-05-13T11:04:00,https://on3static.com/uploads/assets/925/333/333925.png,https://www.on3.com/db/jaylan-brown-174345/,portal_industry_football_2025
Joseph Mupoyi,EDGE,Penn State Nittany Lions,North Carolina Tar Heels,Committed,0,3.0,86.0,1147.0,145.0,2023,2025-04-24T15:39:00,https://on3static.com/uploads/assets/65/465/465065.png,https://www.on3.com/db/joseph-mupoyi-147062/,portal_industry_football_2025
Dillon Hipp,TE,Ole Miss Rebels,Missouri State University Bears,Committed,0,3.0,86.0,1148.0,90.0,2024,2025-05-16T15:52:00,https://on3static.com/uploads/assets/709/125/125709.jpg,https://www.on3.com/db/dillon-hipp-154645/,portal_industry_football_2025
Chauncey Logan Jr.,CB,James Madison Dukes,Memphis Tigers,Committed,0,3.0,87.0,1149.0,118.0,2022,2025-04-23T15:27:00,https://on3static.com/uploads/assets/202/178/178202.jpeg,https://www.on3.com/db/chauncey-logan-jr-145866/,portal_industry_football_2025
Isaiah Green,DL,Western Michigan Broncos,Memphis Tigers,Committed,0,3.0,87.0,1150.0,47.0,2020,2025-05-01T10:38:00,https://on3static.com/uploads/assets/432/442/442432.png,https://www.on3.com/db/isaiah-green-49517/,portal_industry_football_2025
Lardarius Webb Jr.,S,South Alabama Jaguars,Wake Forest Demon Deacons,Committed,0,3.0,87.0,1151.0,57.0,2021,2025-04-27T12:54:00,https://on3static.com/uploads/assets/572/226/226572.png,https://www.on3.com/db/lardarius-webb-jr-78164/,portal_industry_football_2025
Qua Birdsong,LB,UCF Knights,East Tennessee State Buccaneers,Committed,0,3.0,86.0,1152.0,97.0,2024,2025-05-16T07:05:00,https://on3static.com/uploads/assets/813/150/150813.png,https://www.on3.com/db/qua-birdsong-147689/,portal_industry_football_2025
Shedrick Rhodes,OT,Rutgers Scarlet Knights,Ohio Bobcats,Committed,0,3.0,86.0,1153.0,97.0,2020,2025-05-05T16:44:00,https://on3static.com/uploads/assets/659/310/310659.png,https://www.on3.com/db/shedrick-rhodes-107073/,portal_industry_football_2025
George Wilson,EDGE,Campbell Fighting Camels,South Carolina Gamecocks,Committed,0,3.0,86.0,1154.0,111.0,2021,2025-04-23T11:53:00,https://on3static.com/uploads/assets/802/17/17802.jpeg,https://www.on3.com/db/george-wilson-45800/,portal_industry_football_2025
David Washington,WR,Utah Utes,Purdue Boilermakers,Committed,0,3.0,86.0,1155.0,186.0,2024,2025-04-28T17:54:00,https://on3static.com/uploads/assets/529/120/120529.jpg,https://www.on3.com/db/david-washington-32193/,portal_industry_football_2025
Chamberlain Campbell,EDGE,Ole Miss Rebels,Toledo Rockets,Committed,0,3.0,86.0,1156.0,126.0,2023,2025-05-20T09:08:00,https://on3static.com/uploads/assets/798/331/331798.png,https://www.on3.com/db/chamberlain-campbell-173804/,portal_industry_football_2025
Breylan Thompson,CB,Yale Bulldogs,Stanford Cardinal,Committed,0,3.0,86.0,1157.0,154.0,2024,2025-04-22T20:24:00,https://on3static.com/uploads/assets/202/442/442202.jpeg,https://www.on3.com/db/breylan-thompson-176834/,portal_industry_football_2025
Jalen Harrell,CB,Massachusetts Minutemen,,Entered,0,3.0,86.0,1158.0,160.0,2020,2025-04-22T17:24:00,https://on3static.com/uploads/assets/172/442/442172.png,https://www.on3.com/db/jalen-harrell-54306/,portal_industry_football_2025
Ray'Quan Bell,IOL,Houston Cougars,,Entered,0,3.0,86.0,1159.0,132.0,2024,2025-04-23T09:10:00,https://on3static.com/uploads/assets/983/52/52983.jpeg,https://www.on3.com/db/rayquan-bell-150933/,portal_industry_football_2025
Jake Stonebraker,LB,Kansas State Wildcats,,Entered,0,3.0,86.0,1160.0,124.0,2024,2025-04-23T10:52:00,https://on3static.com/uploads/assets/561/201/201561.jpg,https://www.on3.com/db/jake-stonebraker-161985/,portal_industry_football_2025
Michael Short,LB,North Carolina Tar Heels,Virginia Tech Hokies,Committed,0,3.0,86.0,1161.0,150.0,2023,2025-05-05T19:04:00,https://on3static.com/uploads/assets/786/222/222786.png,https://www.on3.com/db/michael-short-154491/,portal_industry_football_2025
D'Nas White,DL,Florida State Seminoles,,Entered,0,3.0,86.0,1162.0,183.0,2024,2025-04-23T15:19:00,https://on3static.com/uploads/assets/345/152/152345.png,https://www.on3.com/db/dnas-white-151900/,portal_industry_football_2025
Zack Owens,OT,Colorado Buffaloes,Mississippi State Bulldogs,Committed,0,3.0,86.0,1163.0,81.0,2023,2025-04-28T14:18:00,https://on3static.com/uploads/assets/762/588/588762.jpg,https://www.on3.com/db/zack-owens-146502/,portal_industry_football_2025
Brennan Smith,IOL,UTEP Miners,Mississippi State Bulldogs,Committed,0,3.0,86.0,1164.0,114.0,2021,2025-04-27T11:13:00,https://on3static.com/uploads/assets/387/443/443387.png,https://www.on3.com/db/brennan-smith-13880/,portal_industry_football_2025
Da'Marcus Crosby,S,New Mexico State Aggies,Virginia Cavaliers,Committed,0,3.0,86.0,1165.0,109.0,2020,2025-04-30T14:05:00,https://on3static.com/uploads/assets/300/444/444300.png,https://www.on3.com/db/damarcus-crosby-27741/,portal_industry_football_2025
TaDerius Collins,EDGE,Indiana Hoosiers,Texas State Bobcats,Committed,0,3.0,86.0,1166.0,134.0,2023,2025-06-01T11:44:00,https://on3static.com/uploads/assets/634/104/104634.jpg,https://www.on3.com/db/taderius-collins-150841/,portal_industry_football_2025
Christian Ford,S,Arkansas Razorbacks,Missouri State University Bears,Committed,0,3.0,86.0,1167.0,154.0,2023,2025-05-06T11:57:00,https://on3static.com/uploads/assets/940/303/303940.png,https://www.on3.com/db/christian-ford-150305/,portal_industry_football_2025
Carlos Orr-Gillespie,WR,Illinois Fighting Illini,Utah State Aggies,Committed,0,3.0,86.0,1168.0,250.0,2024,2025-05-16T14:46:00,https://on3static.com/uploads/assets/832/304/304832.png,https://www.on3.com/db/carlos-orr-gillespie-174346/,portal_industry_football_2025
Montrel Hatten,WR,Oregon State Beavers,,Entered,0,3.0,86.0,1169.0,251.0,2023,2025-04-24T09:57:00,https://on3static.com/uploads/assets/466/225/225466.png,https://www.on3.com/db/montrel-hatten-90300/,portal_industry_football_2025
Andre Davis,WR,Kansas State Wildcats,,Entered,0,3.0,86.0,1170.0,252.0,2023,2025-04-24T10:13:00,https://on3static.com/uploads/assets/186/209/209186.jpeg,https://www.on3.com/db/andre-davis-147601/,portal_industry_football_2025
Jay Harper,CB,Wisconsin Badgers,Louisiana-Monroe Warhawks,Committed,0,3.0,86.0,1171.0,199.0,2024,2025-05-09T13:37:00,https://on3static.com/uploads/assets/50/144/144050.jpg,https://www.on3.com/db/jay-harper-158894/,portal_industry_football_2025
Evan Haynes,WR,North Carolina Tar Heels,Georgia Tech Yellow Jackets,Committed,0,3.0,86.0,1172.0,269.0,2025,2025-05-25T10:13:00,https://on3static.com/uploads/assets/884/238/238884.png,https://www.on3.com/db/evan-haynes-180729/,portal_industry_football_2025
Wydett Williams,S,Louisiana-Monroe Warhawks,Ole Miss Rebels,Committed,0,3.0,87.0,1174.0,48.0,2022,2025-04-25T13:29:00,https://on3static.com/uploads/assets/899/275/275899.png,https://www.on3.com/db/wydett-williams-239658/,portal_industry_football_2025
Dante Reno,QB,South Carolina Gamecocks,Yale Bulldogs,Committed,0,3.0,87.0,1176.0,63.0,2024,2025-06-07T11:54:00,https://on3static.com/uploads/assets/512/303/303512.png,https://www.on3.com/db/dante-reno-29811/,portal_industry_football_2025
Maurice Williams,S,Houston Cougars,Arizona State Sun Devils,Committed,0,3.0,87.0,1177.0,74.0,2024,2025-04-29T11:50:00,https://on3static.com/uploads/assets/973/443/443973.png,https://www.on3.com/db/maurice-williams-86506/,portal_industry_football_2025
George Rooks,DL,Boston College Eagles,Syracuse Orange,Committed,0,3.0,86.0,1178.0,102.0,2021,2025-04-26T18:29:00,https://on3static.com/uploads/assets/251/18/18251.jpeg,https://www.on3.com/db/george-rooks-45766/,portal_industry_football_2025
Blake Thompson,S,Louisiana Tech Bulldogs,Houston Cougars,Committed,0,3.0,86.0,1179.0,96.0,2021,2025-07-30T12:35:00,https://on3static.com/uploads/assets/864/225/225864.png,https://www.on3.com/db/blake-thompson-11052/,portal_industry_football_2025
Isaiah Crawford,EDGE,Texas Tech Red Raiders,,Entered,0,3.0,86.0,1180.0,112.0,2023,2025-04-25T15:03:00,https://on3static.com/uploads/assets/179/43/43179.jpeg,https://www.on3.com/db/isaiah-crawford-49432/,portal_industry_football_2025
Andrew Harris,LB,UCF Knights,Arkansas Razorbacks,Committed,0,3.0,86.0,1181.0,100.0,2023,2025-05-02T10:55:00,https://on3static.com/uploads/assets/773/444/444773.png,https://www.on3.com/db/andrew-harris-5072/,portal_industry_football_2025
Jaden Muskrat,OT,Auburn Tigers,Virginia Tech Hokies,Committed,0,3.0,86.0,1182.0,100.0,2020,2025-05-06T14:08:00,https://on3static.com/uploads/assets/80/75/75080.jpeg,https://www.on3.com/db/jaden-muskrat-52659/,portal_industry_football_2025
Curtis Simpson,EDGE,North Carolina Tar Heels,Charlotte 49ers,Committed,0,3.0,86.0,1183.0,127.0,2024,,https://on3static.com/uploads/assets/37/297/297037.png,https://www.on3.com/db/curtis-simpson-161986/,portal_industry_football_2025
Dasheen Jackson,S,UAB Blazers,,Entered,0,3.0,86.0,1185.0,161.0,2021,2025-04-24T17:02:00,https://on3static.com/uploads/assets/691/269/269691.png,https://www.on3.com/db/dasheen-jackson-174289/,portal_industry_football_2025
Elhadj Fall,DL,Georgia Southern Eagles,Virginia Tech Hokies,Committed,0,3.0,86.0,1186.0,110.0,2022,2025-04-27T16:41:00,https://on3static.com/uploads/assets/447/443/443447.png,https://www.on3.com/db/elhadj-fall-150518/,portal_industry_football_2025
Talan Chandler,IOL,Missouri Tigers,Northwestern Wildcats,Committed,0,3.0,86.0,1187.0,129.0,2024,2025-04-25T14:33:00,https://on3static.com/uploads/assets/78/443/443078.png,https://www.on3.com/db/talan-chandler-109927/,portal_industry_football_2025
Brandon Hood,RB,Colorado Buffaloes,Massachusetts Minutemen,Committed,0,3.0,86.0,1188.0,109.0,2024,2025-05-19T09:05:00,https://on3static.com/uploads/assets/66/152/152066.png,https://www.on3.com/db/brandon-hood-152728/,portal_industry_football_2025
Alani Makihele,IOL,UCLA Bruins,UNLV Rebels,Committed,0,3.0,86.0,1189.0,133.0,2020,,https://on3static.com/uploads/assets/68/177/177068.png,https://www.on3.com/db/alani-makihele-2503/,portal_industry_football_2025
Carter Hewitt,DL,Northern Iowa Panthers,Illinois Fighting Illini,Committed,0,3.0,86.0,1190.0,162.0,2021,2025-04-27T13:37:00,https://on3static.com/uploads/assets/392/443/443392.png,https://www.on3.com/db/carter-hewitt-18900/,portal_industry_football_2025
Justin Kirkland,DL,Oklahoma State Cowboys,BYU Cougars,Committed,0,3.0,87.0,1191.0,74.0,2022,2025-05-02T10:20:00,https://on3static.com/uploads/assets/709/139/139709.png,https://www.on3.com/db/justin-kirkland-175807/,portal_industry_football_2025
Chris Joines,S,Mercer Bears,Rutgers Scarlet Knights,Committed,0,3.0,86.0,1193.0,99.0,2022,2025-04-28T09:46:00,https://on3static.com/uploads/assets/949/475/475949.png,https://www.on3.com/db/chris-joines-250954/,portal_industry_football_2025
Corey Coley Jr.,CB,NC State Wolfpack,,Entered,0,3.0,86.0,1194.0,157.0,2021,2025-04-28T08:54:00,https://on3static.com/uploads/dev/assets/439/6/6439.jpg,https://www.on3.com/db/corey-coley-jr-26096/,portal_industry_football_2025
Dylan Tapley,TE,Arizona Wildcats,,Entered,0,3.0,86.0,1195.0,78.0,2024,2025-04-28T11:32:00,https://on3static.com/uploads/assets/769/125/125769.jpg,https://www.on3.com/db/dylan-tapley-154559/,portal_industry_football_2025
Wade Helton,OT,Iowa State Cyclones,Arizona State Sun Devils,Committed,0,3.0,86.0,1196.0,110.0,2024,2025-04-28T14:21:00,https://on3static.com/uploads/assets/388/472/472388.jpg,https://www.on3.com/db/wade-helton-174640/,portal_industry_football_2025
Julian Dugger,QB,Pittsburgh Panthers,Washington State Cougars,Committed,0,3.0,86.0,1197.0,120.0,2024,2025-05-08T11:31:00,https://on3static.com/uploads/assets/481/308/308481.png,https://www.on3.com/db/julian-dugger-154708/,portal_industry_football_2025
Jordan Larsen,IOL,South Dakota Coyotes,Duke Blue Devils,Committed,0,3.0,87.0,1198.0,74.0,2022,2025-04-28T21:38:00,https://on3static.com/uploads/assets/873/443/443873.jpg,https://www.on3.com/db/jordan-larsen-250978/,portal_industry_football_2025
Tiger Bachmeier,WR,Stanford Cardinal,BYU Cougars,Committed,0,3.0,86.0,1199.0,179.0,2023,2025-05-03T06:27:00,https://on3static.com/uploads/assets/312/226/226312.png,https://www.on3.com/db/tiger-bachmeier-112592/,portal_industry_football_2025
Mitch Hodnett,OT,TCU Horned Frogs,Tulane Green Wave,Committed,0,3.0,86.0,1201.0,114.0,2024,2025-04-30T18:04:00,https://on3static.com/uploads/assets/364/444/444364.png,https://www.on3.com/db/mitch-hodnett-156328/,portal_industry_football_2025
Dillion Williams,CB,UTEP Miners,Florida Atlantic Owls,Committed,0,3.0,86.0,1202.0,175.0,2021,2025-04-30T14:13:00,https://on3static.com/uploads/assets/132/75/75132.jpeg,https://www.on3.com/db/dillion-williams-36967/,portal_industry_football_2025
Zae Smith,DL,Houston Christian Huskies,California Golden Bears,Committed,0,3.0,87.0,1203.0,68.0,2021,2025-05-01T19:52:00,https://on3static.com/uploads/assets/102/422/422102.png,https://www.on3.com/db/zae-smith-195552/,portal_industry_football_2025
Colin Coates,DL,Charlotte 49ers,Mississippi State Bulldogs,Committed,0,3.0,86.0,1204.0,146.0,2023,2025-05-01T12:26:00,https://on3static.com/uploads/assets/520/444/444520.png,https://www.on3.com/db/colin-coates-162036/,portal_industry_football_2025
Marvin Smith,LB,Alabama A&M Bulldogs,Western Michigan Broncos,Committed,0,3.0,86.0,1205.0,138.0,2019,2025-05-02T13:34:00,https://on3static.com/uploads/assets/820/444/444820.png,https://www.on3.com/db/marvin-smith-251034/,portal_industry_football_2025
Tobias Merriweather,WR,California Golden Bears,Utah Utes,Committed,0,3.0,85.0,1206.0,280.0,2022,2025-05-05T10:59:00,https://on3static.com/uploads/assets/913/235/235913.jpeg,https://www.on3.com/db/tobias-merriweather-113220/,portal_industry_football_2025
Logan Ramper,WR,Slippery Rock The Rock,West Virginia Mountaineers,Committed,0,3.0,86.0,1208.0,256.0,2021,2025-05-04T16:03:00,https://on3static.com/uploads/assets/117/445/445117.png,https://www.on3.com/db/logan-ramper-251044/,portal_industry_football_2025
Robert McDaniel,,UCLA Bruins,San Jose State Spartans,Committed,0,3.0,87.0,1209.0,69.0,2025,2025-05-07T19:27:00,https://on3static.com/uploads/assets/984/297/297984.jpg,https://www.on3.com/db/robert-mcdaniel-236658/,portal_industry_football_2025
Ashaad Hall,EDGE,South Carolina State Bulldogs,UTEP Miners,Committed,0,3.0,87.0,1210.0,82.0,2021,2025-05-15T10:49:00,https://on3static.com/uploads/assets/900/447/447900.png,https://www.on3.com/db/ashaad-hall-258994/,portal_industry_football_2025
Eni Falayi,TE,Utah Tech Trailblazers,Wake Forest Demon Deacons,Committed,0,3.0,86.0,1211.0,57.0,2021,2025-05-08T11:14:00,https://on3static.com/uploads/assets/231/446/446231.png,https://www.on3.com/db/eni-falayi-41881/,portal_industry_football_2025
Turner Schmidt,EDGE,Robert Morris Colonials,James Madison Dukes,Committed,0,3.0,86.0,1212.0,133.0,2024,2025-05-08T21:39:00,https://on3static.com/uploads/assets/404/446/446404.png,https://www.on3.com/db/turner-schmidt-235805/,portal_industry_football_2025
Pius Odjugo,DL,Central Michigan Chippewas,Ohio Bobcats,Committed,0,3.0,86.0,1213.0,171.0,2021,2025-05-20T20:27:00,https://on3static.com/uploads/assets/419/449/449419.jpeg,https://www.on3.com/db/pius-odjugo-96714/,portal_industry_football_2025
Joe Cadette,EDGE,Houston Christian Huskies,Incarnate Word Cardinals,Committed,0,3.0,86.0,1214.0,143.0,2021,2025-05-09T07:55:00,https://on3static.com/uploads/assets/406/446/446406.png,https://www.on3.com/db/joe-cadette-66489/,portal_industry_football_2025
Jeilani Davis,S,Utah Utes,Montana Grizzlies,Committed,0,3.0,86.0,1215.0,158.0,2024,2025-06-03T10:53:00,https://on3static.com/uploads/assets/547/147/147547.jpg,https://www.on3.com/db/jeilani-davis-156010/,portal_industry_football_2025
Kason Stokes,WR,UCF Knights,Middle Tennessee State Blue Raiders,Committed,0,3.0,86.0,1216.0,267.0,2024,2025-05-03T14:49:00,https://on3static.com/uploads/assets/159/445/445159.png,https://www.on3.com/db/kason-stokes-156145/,portal_industry_football_2025
Bryce Duke,RB,Old Dominion Monarchs,Utah Utes,Committed,0,3.0,86.0,1217.0,139.0,2022,2025-05-05T21:09:00,https://on3static.com/uploads/assets/33/72/72033.jpg,https://www.on3.com/db/bryce-duke-15758/,portal_industry_football_2025
Damarius McGhee,CB,Kansas Jayhawks,Florida Atlantic Owls,Committed,0,3.0,86.0,1218.0,203.0,2021,2025-07-18T09:36:00,https://on3static.com/uploads/assets/778/165/165778.png,https://www.on3.com/db/damarius-mcghee-28451/,portal_industry_football_2025
Isaiah Johnson,WR,Western Carolina Catamounts,Cincinnati Bearcats,Committed,0,3.0,85.0,1219.0,313.0,2024,2025-04-23T08:32:00,,https://www.on3.com/db/isaiah-johnson-261337/,portal_industry_football_2025
Buddha Peleti,LB,New Mexico State Aggies,Washington State Cougars,Committed,0,3.0,86.0,1220.0,96.0,2022,2025-04-25T06:22:00,https://on3static.com/uploads/assets/183/26/26183.png,https://www.on3.com/db/buddha-peleti-149939/,portal_industry_football_2025
Caleb Irving,DL,Purdue Boilermakers,Charlotte 49ers,Committed,0,3.0,86.0,1221.0,115.0,2024,2025-05-03T20:25:00,https://on3static.com/uploads/assets/492/343/343492.png,https://www.on3.com/db/caleb-irving-17107/,portal_industry_football_2025
Avion Carter,DL,TCU Horned Frogs,North Texas Mean Green,Committed,0,3.0,86.0,1222.0,121.0,2023,2025-04-26T12:46:00,https://on3static.com/uploads/assets/205/223/223205.png,https://www.on3.com/db/avion-carter-8980/,portal_industry_football_2025
Rocco Nicholl,LB,Kent State Golden Flashes,USF Bulls,Committed,0,3.0,86.0,1223.0,123.0,2022,2025-05-06T08:13:00,,https://www.on3.com/db/rocco-nicholl-179318/,portal_industry_football_2025
Rion Roseborough,DL,Towson Tigers,East Carolina Pirates,Committed,0,3.0,86.0,1224.0,147.0,2023,2024-12-20T11:02:00,https://on3static.com/uploads/assets/644/405/405644.png,https://www.on3.com/db/rion-roseborough-248626/,portal_industry_football_2025
Micheal Garner,EDGE,Grambling State Tigers,Wisconsin Badgers,Committed,0,3.0,84.0,1225.0,196.0,2023,2024-12-21T20:06:00,https://on3static.com/uploads/assets/406/399/399406.png,https://www.on3.com/db/micheal-garner-152396/,portal_industry_football_2025
Lajuan Owens,IOL,New Mexico Lobos,California Golden Bears,Committed,0,3.0,89.0,198.0,17.0,2023,2024-12-21T22:23:00,https://on3static.com/uploads/assets/805/390/390805.jpg,https://www.on3.com/db/lajuan-owens-77549/,portal_industry_football_2025
Jaylon White,EDGE,Old Dominion Monarchs,Cincinnati Bearcats,Committed,0,3.0,86.0,1227.0,105.0,2022,2024-12-13T13:13:00,https://on3static.com/uploads/assets/289/171/171289.png,https://www.on3.com/db/jaylon-white-59162/,portal_industry_football_2025
Sam Brumfield,LB,Virginia Tech Hokies,Memphis Tigers,Committed,0,3.0,88.0,281.0,19.0,2020,2025-01-04T11:05:00,https://on3static.com/uploads/assets/491/262/262491.png,https://www.on3.com/db/sam-brumfield-162646/,portal_industry_football_2025
Phillip Dunnam,S,Florida Atlantic Owls,UCF Knights,Committed,0,3.0,88.0,282.0,25.0,2022,2024-12-25T10:17:00,https://on3static.com/uploads/assets/657/564/564657.PNG,https://www.on3.com/db/phillip-dunnam-96517/,portal_industry_football_2025
Chasen Johnson,CB,UCF Knights,USC Trojans,Committed,0,3.0,87.0,1231.0,96.0,2024,2025-05-04T12:07:00,https://on3static.com/uploads/assets/625/190/190625.png,https://www.on3.com/db/chasen-johnson-176163/,portal_industry_football_2025
Myles Norwood,CB,Ball State Cardinals,South Carolina Gamecocks,Committed,0,3.0,87.0,1232.0,94.0,2021,2024-12-26T15:46:00,https://on3static.com/uploads/assets/872/225/225872.png,https://www.on3.com/db/myles-norwood-90740/,portal_industry_football_2025
Creed Whittemore,WR,Mississippi State Bulldogs,Utah Utes,Committed,0,3.0,87.0,1233.0,105.0,2023,2024-12-15T12:43:00,https://on3static.com/uploads/assets/877/222/222877.png,https://www.on3.com/db/creed-whittemore-26965/,portal_industry_football_2025
Dre'lyn Washington,RB,Louisiana Ragin Cajuns,Alabama Crimson Tide,Committed,0,3.0,87.0,1234.0,52.0,2021,2025-01-06T22:46:00,https://on3static.com/uploads/assets/603/391/391603.png,https://www.on3.com/db/drelyn-washington-38881/,portal_industry_football_2025
Aziah Johnson,WR,Michigan State Spartans,North Carolina Tar Heels,Committed,0,3.0,87.0,1235.0,102.0,2023,2024-12-20T17:28:00,https://on3static.com/uploads/assets/964/470/470964.png,https://www.on3.com/db/aziah-johnson-162773/,portal_industry_football_2025
Charles Perkins,DL,UT Martin Skyhawks,Wisconsin Badgers,Committed,0,3.0,88.0,1236.0,33.0,2022,2024-12-16T13:38:00,https://on3static.com/uploads/assets/909/395/395909.png,https://www.on3.com/db/charles-perkins-247315/,portal_industry_football_2025
Anelu Lafaele,LB,Wisconsin Badgers,Michigan State Spartans,Committed,0,3.0,87.0,1237.0,70.0,2024,2024-12-22T21:38:00,https://on3static.com/uploads/assets/228/484/484228.jpg,https://www.on3.com/db/anelu-lafaele-154340/,portal_industry_football_2025
Kalib Perry,LB,Tennessee Volunteers,Louisville Cardinals,Committed,0,3.0,88.0,1238.0,31.0,2022,2025-01-06T12:08:00,https://on3static.com/uploads/assets/243/226/226243.jpeg,https://www.on3.com/db/kalib-perry-70808/,portal_industry_football_2025
Jacob Holmes,DL,Fresno State Bulldogs,Virginia Cavaliers,Committed,0,3.0,86.0,1240.0,136.0,2022,2024-12-16T09:48:00,https://on3static.com/uploads/assets/115/390/390115.png,https://www.on3.com/db/jacob-holmes-52010/,portal_industry_football_2025
Matthew Wykoff,IOL,California Golden Bears,Houston Cougars,Committed,0,3.0,87.0,1241.0,68.0,2021,2024-12-12T14:35:00,https://on3static.com/uploads/assets/566/15/15566.jpeg,https://www.on3.com/db/matthew-wykoff-86289/,portal_industry_football_2025
Hank Purvis,OT,UNLV Rebels,Purdue Boilermakers,Committed,0,3.0,85.0,1242.0,158.0,2024,2024-12-22T16:45:00,https://on3static.com/uploads/assets/858/407/407858.png,https://www.on3.com/db/hank-purvis-173994/,portal_industry_football_2025
Key Lawrence,S,Ole Miss Rebels,UCLA Bruins,Committed,0,3.0,87.0,1243.0,63.0,2020,2024-12-17T17:28:00,https://on3static.com/uploads/assets/92/18/18092.jpeg,https://www.on3.com/db/key-lawrence-74628/,portal_industry_football_2025
Zach Atkins,TE,Northwest Missouri State Bearcats,Colorado Buffaloes,Committed,0,3.0,87.0,1244.0,33.0,2022,2024-12-17T16:45:00,https://on3static.com/uploads/assets/114/386/386114.jpg,https://www.on3.com/db/zach-atkins-122559/,portal_industry_football_2025
Robert Dean Patterson,WR,FIU Golden Panthers,Georgia Tech Yellow Jackets,Committed,0,3.0,87.0,1245.0,89.0,2020,2024-12-20T14:23:00,https://on3static.com/uploads/assets/842/388/388842.png,https://www.on3.com/db/robert-dean-patterson-101405/,portal_industry_football_2025
Corey Walker,DL,Western Michigan Broncos,Wisconsin Badgers,Committed,0,3.0,88.0,1246.0,27.0,2021,2024-12-16T00:34:00,https://on3static.com/uploads/assets/712/229/229712.jpg,https://www.on3.com/db/corey-walker-26365/,portal_industry_football_2025
Sione Hala,S,Boston College Eagles,Weber State Wildcats,Committed,0,3.0,86.0,1247.0,106.0,2022,2024-12-25T22:02:00,https://on3static.com/uploads/assets/232/165/165232.png,https://www.on3.com/db/sione-hala-107577/,portal_industry_football_2025
Jaray Bledsoe,DL,Texas Longhorns,Mississippi State Bulldogs,Committed,0,3.0,86.0,1248.0,104.0,2022,2024-12-21T14:05:00,https://on3static.com/uploads/assets/990/71/71990.jpeg,https://www.on3.com/db/jaray-bledsoe-56521/,portal_industry_football_2025
Andrew Rosinski,OT,North Carolina Tar Heels,Georgia Tech Yellow Jackets,Committed,0,3.0,87.0,1249.0,59.0,2024,2024-12-18T18:36:00,https://on3static.com/uploads/assets/874/238/238874.png,https://www.on3.com/db/andrew-rosinski-155845/,portal_industry_football_2025
Anterio Thompson,DL,Western Michigan Broncos,Washington Huskies,Committed,0,3.0,86.0,1250.0,140.0,2021,2024-12-16T07:57:00,https://on3static.com/uploads/assets/91/171/171091.jpg,https://www.on3.com/db/anterio-thompson-154964/,portal_industry_football_2025
Tyson Ruffins,IOL,Nevada Wolf Pack,California Golden Bears,Committed,242288,3.0,88.0,1251.0,32.0,2023,2024-12-21T17:04:00,https://on3static.com/uploads/assets/135/392/392135.jpg,https://www.on3.com/db/tyson-ruffins-148227/,portal_industry_football_2025
Robby Ashford,QB,South Carolina Gamecocks,Wake Forest Demon Deacons,Committed,0,3.0,87.0,1252.0,56.0,2020,2025-01-05T10:26:00,https://on3static.com/uploads/dev/assets/159/6/6159.jpg,https://www.on3.com/db/robby-ashford-100872/,portal_industry_football_2025
Julian Armella,OT,Florida State Seminoles,UCLA Bruins,Committed,0,3.0,87.0,1253.0,54.0,2022,2024-12-15T14:08:00,https://on3static.com/uploads/assets/32/242/242032.jpeg,https://www.on3.com/db/julian-armella-68550/,portal_industry_football_2025
Noble Johnson,WR,Clemson Tigers,Arizona State Sun Devils,Committed,0,3.0,86.0,1254.0,214.0,2023,2024-12-15T14:13:00,https://on3static.com/uploads/assets/175/393/393175.png,https://www.on3.com/db/noble-johnson-145712/,portal_industry_football_2025
Don Chaney Jr.,RB,Louisville Cardinals,Charlotte 49ers,Committed,0,3.0,87.0,1255.0,60.0,2020,2025-01-09T16:46:00,https://on3static.com/uploads/assets/477/222/222477.jpg,https://www.on3.com/db/don-chaney-jr-37816/,portal_industry_football_2025
Jaden Yates,LB,Marshall Thundering Herd,Ole Miss Rebels,Committed,0,3.0,87.0,1256.0,86.0,2023,2024-12-19T16:36:00,https://on3static.com/uploads/assets/549/394/394549.png,https://www.on3.com/db/jaden-yates-146631/,portal_industry_football_2025
JK Johnson,CB,LSU Tigers,Oklahoma State Cowboys,Committed,0,3.0,87.0,1257.0,77.0,2021,2024-12-21T20:00:00,https://on3static.com/uploads/assets/818/12/12818.jpeg,https://www.on3.com/db/jk-johnson-144347/,portal_industry_football_2025
Keagan Johnson,WR,Kansas State Wildcats,New Mexico Lobos,Committed,0,3.0,87.0,1258.0,157.0,2021,2024-12-27T20:19:00,https://on3static.com/uploads/assets/906/12/12906.jpeg,https://www.on3.com/db/keagan-johnson-144947/,portal_industry_football_2025
Khurtiss Perry,DL,Virginia Tech Hokies,Jacksonville State Gamecocks,Committed,0,3.0,86.0,1259.0,157.0,2022,2025-01-03T14:51:00,https://on3static.com/uploads/assets/772/225/225772.jpeg,https://www.on3.com/db/khurtiss-perry-75074/,portal_industry_football_2025
Ethan Vasko,QB,Coastal Carolina Chanticleers,Liberty Flames,Committed,0,3.0,88.0,1260.0,37.0,2022,2024-12-22T00:28:00,https://on3static.com/uploads/assets/771/165/165771.png,https://www.on3.com/db/ethan-vasko-43069/,portal_industry_football_2025
Chas Nimrod,WR,Tennessee Volunteers,USF Bulls,Committed,0,3.0,87.0,1261.0,151.0,2022,2025-01-04T14:05:00,https://on3static.com/uploads/assets/235/226/226235.jpeg,https://www.on3.com/db/chas-nimrod-20560/,portal_industry_football_2025
Melkart Abou Jaoude,DL,Delaware Fightin' Blue Hens,North Carolina Tar Heels,Committed,601495,3.0,86.0,1262.0,117.0,2022,2024-12-17T13:35:00,https://on3static.com/uploads/assets/37/465/465037.png,https://www.on3.com/db/melkart-abou-jaoude-221258/,portal_industry_football_2025
Braedyn Locke,QB,Wisconsin Badgers,Arizona Wildcats,Committed,0,3.0,87.0,1263.0,53.0,2022,2024-12-27T10:41:00,https://on3static.com/uploads/assets/723/396/396723.png,https://www.on3.com/db/braedyn-locke-11972/,portal_industry_football_2025
Koby Keenum,IOL,Kentucky Wildcats,Mississippi State Bulldogs,Committed,0,3.0,86.0,1264.0,140.0,2023,2024-12-22T15:31:00,https://on3static.com/uploads/assets/282/222/222282.png,https://www.on3.com/db/koby-keenum-75631/,portal_industry_football_2025
William Boone,OT,Prairie View A&M Panthers,North Carolina Tar Heels,Committed,0,3.0,87.0,1265.0,53.0,2022,2025-01-05T19:13:00,https://on3static.com/uploads/assets/970/470/470970.png,https://www.on3.com/db/william-boone-247293/,portal_industry_football_2025
Zen Michalski,OT,Ohio State Buckeyes,Indiana Hoosiers,Committed,0,3.0,86.0,1266.0,102.0,2021,2025-01-03T21:03:00,https://on3static.com/uploads/assets/556/221/221556.jpeg,https://www.on3.com/db/zen-michalski-123759/,portal_industry_football_2025
Josiah Martin,WR,California Golden Bears,Oklahoma Sooners,Committed,0,3.0,86.0,1267.0,185.0,2024,2024-12-31T14:56:00,https://on3static.com/uploads/assets/287/398/398287.png,https://www.on3.com/db/josiah-martin-155856/,portal_industry_football_2025
AJ Richardson,LB,Norfolk State Spartans,NC State Wolfpack,Committed,0,3.0,87.0,1268.0,58.0,2023,2024-12-25T13:24:00,https://on3static.com/uploads/assets/289/396/396289.png,https://www.on3.com/db/aj-richardson-247414/,portal_industry_football_2025
Darron Reed,DL,Auburn Tigers,Mississippi State Bulldogs,Committed,0,3.0,86.0,1269.0,107.0,2023,2024-12-26T12:42:00,https://on3static.com/uploads/assets/644/303/303644.png,https://www.on3.com/db/darron-reed-30985/,portal_industry_football_2025
Michael Merdinger,QB,North Carolina Tar Heels,Liberty Flames,Committed,0,3.0,86.0,1270.0,130.0,2024,2025-01-10T12:21:00,https://on3static.com/uploads/assets/315/396/396315.jpg,https://www.on3.com/db/michael-merdinger-152381/,portal_industry_football_2025
Louis Moore,S,Ole Miss Rebels,Indiana Hoosiers,Committed,0,3.0,87.0,1271.0,49.0,2020,2024-12-28T09:55:00,https://on3static.com/uploads/assets/503/263/263503.png,https://www.on3.com/db/louis-moore-155537/,portal_industry_football_2025
Ashton Woods,LB,North Carolina Tar Heels,West Virginia Mountaineers,Committed,0,3.0,87.0,1272.0,90.0,2024,2025-01-05T18:29:00,https://on3static.com/uploads/assets/645/396/396645.jpg,https://www.on3.com/db/ashton-woods-152203/,portal_industry_football_2025
Flavio Gonzalez,OT,Oregon State Beavers,Arizona Wildcats,Committed,0,3.0,86.0,1273.0,77.0,2019,2025-01-08T13:17:00,https://on3static.com/uploads/assets/847/396/396847.jpg,https://www.on3.com/db/flavio-gonzalez-43843/,portal_industry_football_2025
Robert Rahimi,S,San Jose State Spartans,SMU Mustangs,Entered,0,3.0,86.0,1274.0,100.0,2019,2024-12-28T19:33:00,https://on3static.com/uploads/assets/86/397/397086.jpg,https://www.on3.com/db/robert-rahimi-101261/,portal_industry_football_2025
Owen Wafle,DL,Michigan Wolverines,Penn State Nittany Lions,Committed,0,3.0,87.0,1275.0,90.0,2024,2025-01-11T19:11:00,https://on3static.com/uploads/assets/693/416/416693.png,https://www.on3.com/db/owen-wafle-151574/,portal_industry_football_2025
Robby Martin,IOL,NC State Wolfpack,West Virginia Mountaineers,Committed,0,3.0,87.0,1276.0,76.0,2024,2025-01-11T16:47:00,https://on3static.com/uploads/assets/643/399/399643.jpg,https://www.on3.com/db/robby-martin-154216/,portal_industry_football_2025
Mickel Clay,OT,North Alabama Lions,West Virginia Mountaineers,Committed,0,3.0,87.0,1277.0,42.0,2020,2025-04-17T10:06:00,https://on3static.com/uploads/assets/339/399/399339.jpg,https://www.on3.com/db/mickel-clay-247771/,portal_industry_football_2025
Jeff Roberson,LB,Oklahoma State Cowboys,Minnesota Golden Gophers,Committed,0,3.0,87.0,1278.0,75.0,2020,2025-01-09T23:17:00,https://on3static.com/uploads/dev/assets/946/7/7946.jpg,https://www.on3.com/db/jeff-roberson-59631/,portal_industry_football_2025
Boogsie Silvera,S,McNeese State Cowboys,USF Bulls,Committed,0,3.0,87.0,1279.0,64.0,2021,2024-12-13T12:48:00,https://on3static.com/uploads/assets/726/392/392726.png,https://www.on3.com/db/boogsie-silvera-11439/,portal_industry_football_2025
Cameron Barmore,WR,Mercyhurst College Lakers,Arizona Wildcats,Committed,0,3.0,87.0,1280.0,80.0,2020,2024-12-23T09:45:00,https://on3static.com/uploads/assets/967/473/473967.jpg,https://www.on3.com/db/cameron-barmore-248160/,portal_industry_football_2025
Eyan Thomas,DL,Saint Francis (PA) Red Flash,Maryland Terrapins,Committed,0,3.0,87.0,1281.0,70.0,2023,2024-12-26T21:29:00,https://on3static.com/uploads/assets/434/402/402434.png,https://www.on3.com/db/eyan-thomas-248307/,portal_industry_football_2025
My'Keil Gardner,DL,Oregon Ducks,Arizona State Sun Devils,Committed,0,3.0,86.0,1282.0,134.0,2023,2025-01-12T19:10:00,https://on3static.com/uploads/assets/175/304/304175.png,https://www.on3.com/db/mykeil-gardner-147472/,portal_industry_football_2025
Jason Robinson,WR,Washington Huskies,North Carolina Tar Heels,Committed,0,3.0,87.0,1283.0,81.0,2024,2025-01-11T19:44:00,https://on3static.com/uploads/assets/42/465/465042.png,https://www.on3.com/db/jason-robinson-57739/,portal_industry_football_2025
Denzel Lowry,DL,Old Dominion Monarchs,Louisville Cardinals,Committed,0,3.0,87.0,1284.0,55.0,2021,2024-12-28T09:46:00,https://on3static.com/uploads/assets/177/171/171177.png,https://www.on3.com/db/denzel-lowry-34322/,portal_industry_football_2025
Malik Charles,DL,West Georgia Wolves,Oklahoma State Cowboys,Committed,0,3.0,86.0,1285.0,118.0,2022,2024-12-17T12:11:00,https://on3static.com/uploads/assets/910/392/392910.png,https://www.on3.com/db/malik-charles-246981/,portal_industry_football_2025
Jeremy Hecklinski,QB,Wake Forest Demon Deacons,Iowa Hawkeyes,Committed,0,3.0,86.0,1286.0,91.0,2024,2025-04-23T16:54:00,https://on3static.com/uploads/assets/339/491/491339.jpg,https://www.on3.com/db/jeremy-hecklinski-146095/,portal_industry_football_2025
John Slaughter,S,Tennessee Volunteers,Colorado Buffaloes,Committed,0,3.0,86.0,1287.0,167.0,2023,2025-04-30T10:12:00,https://on3static.com/uploads/assets/260/226/226260.jpeg,https://www.on3.com/db/john-slaughter-146781/,portal_industry_football_2025
Christian Burkhalter,EDGE,Georgia Tech Yellow Jackets,,Entered,0,3.0,87.0,1288.0,90.0,2021,2024-11-08T07:57:00,https://on3static.com/uploads/assets/542/86/86542.jpg,https://www.on3.com/db/christian-burkhalter-22807/,portal_industry_football_2025
Sterling Porcher,IOL,Texas Tech Red Raiders,Vanderbilt Commodores,Committed,0,3.0,86.0,1289.0,123.0,2020,2025-01-07T14:36:00,https://on3static.com/uploads/assets/495/262/262495.png,https://www.on3.com/db/sterling-porcher-150531/,portal_industry_football_2025
E.J. Williams,WR,Indiana Hoosiers,,Entered,0,3.0,87.0,1290.0,143.0,2020,2024-10-23T08:41:00,https://on3static.com/uploads/assets/748/17/17748.jpeg,https://www.on3.com/db/ej-williams-40248/,portal_industry_football_2025
Taran Tyo,OT,Ball State Cardinals,Cincinnati Bearcats,Committed,0,3.0,89.0,210.0,15.0,2022,2024-12-12T15:07:00,https://on3static.com/uploads/assets/192/386/386192.jpg,https://www.on3.com/db/taran-tyo-146247/,portal_industry_football_2025
Andre Roye,OT,Maryland Terrapins,Colorado Buffaloes,Committed,0,3.0,85.0,1292.0,119.0,2022,2025-05-12T21:03:00,https://on3static.com/uploads/assets/478/446/446478.png,https://www.on3.com/db/andre-roye-4678/,portal_industry_football_2025
David Santiago,LB,Air Force Falcons,Michigan State Spartans,Committed,0,3.0,85.0,1294.0,173.0,2023,2024-12-23T17:00:00,https://on3static.com/uploads/assets/356/581/581356.jpg,https://www.on3.com/db/david-santiago-159316/,portal_industry_football_2025
Luke Baklenko,IOL,Stanford Cardinal,Oklahoma Sooners,Committed,0,3.0,89.0,234.0,24.0,2023,2024-12-16T19:14:00,https://on3static.com/uploads/assets/393/577/577393.png,https://www.on3.com/db/luke-baklenko-148190/,portal_industry_football_2025
Nahji Logan,LB,Indiana Hoosiers,Nevada Wolf Pack,Committed,0,3.0,86.0,1296.0,115.0,2020,2025-01-01T13:50:00,https://on3static.com/uploads/assets/527/313/313527.png,https://www.on3.com/db/nahji-logan-90904/,portal_industry_football_2025
Aamaris Brown,CB,USF Bulls,UNLV Rebels,Committed,0,3.0,87.0,1297.0,112.0,2020,2025-01-09T21:42:00,https://on3static.com/uploads/dev/assets/217/8/8217.jpg,https://www.on3.com/db/aamaris-brown-267/,portal_industry_football_2025
Deuce Spann,WR,Florida State Seminoles,Pittsburgh Panthers,Committed,0,3.0,84.0,1298.0,349.0,2020,2024-12-20T09:27:00,https://on3static.com/uploads/assets/245/242/242245.jpeg,https://www.on3.com/db/deuce-spann-35732/,portal_industry_football_2025
Briceon Hayes,DL,Sam Houston State Bearkats,North Texas Mean Green,Committed,0,3.0,86.0,1299.0,145.0,2020,2024-12-23T15:59:00,https://on3static.com/uploads/assets/622/181/181622.png,https://www.on3.com/db/briceon-hayes-14905/,portal_industry_football_2025
Ben Christman,IOL,Kentucky Wildcats,UNLV Rebels,Committed,0,3.0,86.0,1300.0,144.0,2021,2024-12-27T15:37:00,https://on3static.com/uploads/dev/assets/732/8/8732.jpg,https://www.on3.com/db/ben-christman-9667/,portal_industry_football_2025
Dante Anderson,EDGE,Florida State Seminoles,FIU Golden Panthers,Committed,0,3.0,85.0,1301.0,165.0,2022,2025-01-04T09:00:00,https://on3static.com/uploads/assets/31/242/242031.jpeg,https://www.on3.com/db/dante-anderson-29740/,portal_industry_football_2025
Caden Veltkamp,QB,Western Kentucky Hilltoppers,Florida Atlantic Owls,Committed,0,3.0,88.0,1302.0,29.0,2022,2024-12-23T12:11:00,https://on3static.com/uploads/assets/304/88/88304.jpg,https://www.on3.com/db/caden-veltkamp-16763/,portal_industry_football_2025
Elijah Metcalf,WR,Marshall Thundering Herd,Southern Miss Golden Eagles,Committed,0,3.0,86.0,1303.0,271.0,2021,2024-12-20T15:26:00,https://on3static.com/uploads/assets/766/264/264766.png,https://www.on3.com/db/elijah-metcalf-41276/,portal_industry_football_2025
AJ Green,RB,Oklahoma State Cowboys,Arkansas Razorbacks,Committed,0,3.0,86.0,1304.0,128.0,2021,2025-01-10T12:41:00,https://on3static.com/uploads/assets/190/392/392190.jpg,https://www.on3.com/db/aj-green-2170/,portal_industry_football_2025
Laquan Robinson,LB,Auburn Tigers,Kansas Jayhawks,Committed,0,3.0,86.0,1305.0,135.0,2022,2025-01-10T20:43:00,https://on3static.com/uploads/assets/824/246/246824.jpg,https://www.on3.com/db/laquan-robinson-78141/,portal_industry_football_2025
Rasheed Jackson,OT,Incarnate Word Cardinals,TCU Horned Frogs,Committed,0,3.0,86.0,1306.0,86.0,2023,2024-12-19T14:08:00,https://on3static.com/uploads/assets/504/394/394504.png,https://www.on3.com/db/rasheed-jackson-155580/,portal_industry_football_2025
Marcellous Hawkins,RB,Central Missouri State Mules,Virginia Tech Hokies,Committed,316289,3.0,86.0,1307.0,92.0,2022,2024-12-20T12:43:00,https://on3static.com/uploads/assets/853/394/394853.png,https://www.on3.com/db/marcellous-hawkins-247305/,portal_industry_football_2025
Taeshaun Lyons,WR,Utah Utes,UNLV Rebels,Committed,0,3.0,86.0,1308.0,212.0,2023,2025-01-13T12:39:00,https://on3static.com/uploads/assets/279/219/219279.png,https://www.on3.com/db/taeshaun-lyons-148029/,portal_industry_football_2025
Charles Ross,WR,USC Trojans,Purdue Boilermakers,Committed,0,3.0,86.0,1309.0,240.0,2019,2025-01-02T18:24:00,https://on3static.com/uploads/assets/863/407/407863.png,https://www.on3.com/db/charles-ross-20281/,portal_industry_football_2025
Julian Knox,CB,TCU Horned Frogs,North Texas Mean Green,Committed,0,3.0,86.0,1310.0,186.0,2024,2025-01-14T14:09:00,https://on3static.com/uploads/assets/765/398/398765.png,https://www.on3.com/db/julian-knox-68619/,portal_industry_football_2025
Rayyan Buell,DL,Colorado Buffaloes,Memphis Tigers,Committed,0,3.0,86.0,1311.0,154.0,2019,2025-01-01T17:32:00,https://on3static.com/uploads/assets/156/17/17156.jpeg,https://www.on3.com/db/rayyan-buell-99105/,portal_industry_football_2025
Kendrick DuJour,DL,Sam Houston State Bearkats,East Carolina Pirates,Committed,0,3.0,86.0,1312.0,133.0,0,2025-01-05T20:07:00,https://on3static.com/uploads/assets/378/390/390378.png,https://www.on3.com/db/kendrick-dujour-204954/,portal_industry_football_2025
Sawyer Racanelli,WR,Montana Grizzlies,Wake Forest Demon Deacons,Committed,0,3.0,85.0,1313.0,286.0,2020,2025-01-09T16:26:00,https://on3static.com/uploads/dev/assets/696/3/3696.jpg,https://www.on3.com/db/sawyer-racanelli-104994/,portal_industry_football_2025
Quincy Craig,RB,Portland State Vikings,Arizona Wildcats,Committed,0,3.0,86.0,1314.0,96.0,2022,2025-01-09T13:43:00,https://on3static.com/uploads/assets/308/402/402308.png,https://www.on3.com/db/quincy-craig-97382/,portal_industry_football_2025
Dru Polidore,S,Montana State Bobcats,California Golden Bears,Committed,0,3.0,86.0,1315.0,169.0,2021,2025-01-17T19:51:00,https://on3static.com/uploads/assets/821/35/35821.jpeg,https://www.on3.com/db/dru-polidore-39261/,portal_industry_football_2025
DeAndre Boykins,CB,North Carolina Tar Heels,Oklahoma State Cowboys,Committed,0,3.0,85.0,1316.0,219.0,2021,2025-04-23T09:13:00,https://on3static.com/uploads/dev/assets/140/10/10140.jpg,https://www.on3.com/db/deandre-boykins-32941/,portal_industry_football_2025
Max Baloun,DL,South Dakota State Jackrabbits,Washington State Cougars,Committed,0,3.0,86.0,1317.0,181.0,2020,2025-01-05T13:46:00,https://on3static.com/uploads/assets/741/404/404741.png,https://www.on3.com/db/max-baloun-248529/,portal_industry_football_2025
Jayden Becks,RB,Missouri State University Bears,North Texas Mean Green,Committed,0,3.0,87.0,1318.0,83.0,2023,2024-12-17T16:05:00,https://on3static.com/uploads/assets/957/575/575957.jpeg,https://www.on3.com/db/jayden-becks-154464/,portal_industry_football_2025
Tunmise Adeleye,EDGE,Texas State Bobcats,UNLV Rebels,Committed,0,3.0,86.0,1319.0,122.0,2021,2025-04-15T11:07:00,https://on3static.com/uploads/assets/207/235/235207.png,https://www.on3.com/db/tunmise-adeleye-116872/,portal_industry_football_2025
Harrison Waylee,RB,Wyoming Cowboys,Virginia Cavaliers,Committed,0,3.0,87.0,1320.0,64.0,2020,2025-04-26T13:53:00,https://on3static.com/uploads/assets/999/136/136999.jpeg,https://www.on3.com/db/harrison-waylee-47641/,portal_industry_football_2025
Cam Rice,DL,Ohio Bobcats,Maryland Terrapins,Committed,0,3.0,85.0,1321.0,191.0,2021,2025-04-19T13:06:00,https://on3static.com/uploads/assets/103/436/436103.jpg,https://www.on3.com/db/cam-rice-17502/,portal_industry_football_2025
Malik Berry,EDGE,Pittsburg State Gorillas,Appalachian State Mountaineers,Committed,0,3.0,87.0,1322.0,87.0,2020,2025-04-15T17:04:00,https://on3static.com/uploads/assets/422/440/440422.png,https://www.on3.com/db/malik-berry-81735/,portal_industry_football_2025
Obinna Onwuka,LB,West Virginia Mountaineers,Coastal Carolina Chanticleers,Committed,0,3.0,87.0,1323.0,82.0,2024,2025-05-07T11:59:00,https://on3static.com/uploads/assets/98/305/305098.png,https://www.on3.com/db/obinna-onwuka-156383/,portal_industry_football_2025
LJ Johnson,RB,SMU Mustangs,California Golden Bears,Committed,0,3.0,86.0,1324.0,103.0,2021,2025-05-03T10:15:00,https://on3static.com/uploads/assets/172/219/219172.jpg,https://www.on3.com/db/lj-johnson-144333/,portal_industry_football_2025
Jacobe Robinson,QB,Boston College Eagles,Southern Miss Golden Eagles,Committed,0,3.0,86.0,1326.0,129.0,2023,2025-05-20T22:41:00,https://on3static.com/uploads/assets/623/309/309623.png,https://www.on3.com/db/jacobe-robinson-52327/,portal_industry_football_2025
Sammie Hunter,CB,Utah Utes,Fresno State Bulldogs,Committed,0,3.0,86.0,1327.0,201.0,2024,2025-04-26T10:29:00,https://on3static.com/uploads/assets/185/236/236185.jpeg,https://www.on3.com/db/sammie-hunter-180108/,portal_industry_football_2025
Jordan Hall,OT,UAB Blazers,North Carolina Tar Heels,Committed,0,3.0,84.0,1328.0,163.0,2023,2025-04-24T12:00:00,https://on3static.com/uploads/assets/973/470/470973.jpg,https://www.on3.com/db/jordan-hall-151239/,portal_industry_football_2025
Troy Pikes,DL,Georgia Southern Eagles,South Carolina Gamecocks,Committed,0,3.0,86.0,1329.0,113.0,2023,2025-04-29T10:31:00,https://on3static.com/uploads/assets/615/442/442615.png,https://www.on3.com/db/troy-pikes-158335/,portal_industry_football_2025
Terrence Enos,IOL,Pittsburgh Panthers,Kansas State Wildcats,Committed,0,3.0,86.0,1330.0,122.0,2021,2025-04-29T10:22:00,https://on3static.com/uploads/dev/assets/12/10/10012.jpg,https://www.on3.com/db/terrence-enos-111667/,portal_industry_football_2025
Marcus Burris,EDGE,Indiana Hoosiers,Memphis Tigers,Committed,0,3.0,86.0,1331.0,113.0,2021,2025-04-30T13:19:00,https://on3static.com/uploads/assets/561/15/15561.jpeg,https://www.on3.com/db/marcus-burris-82535/,portal_industry_football_2025
Malik Agbo,OT,Texas Longhorns,West Virginia Mountaineers,Committed,0,3.0,86.0,1332.0,108.0,2022,2025-04-27T14:39:00,https://on3static.com/uploads/assets/915/83/83915.png,https://www.on3.com/db/malik-agbo-81709/,portal_industry_football_2025
Jay Hardy,DL,Liberty Flames,Auburn Tigers,Committed,0,3.0,85.0,1334.0,190.0,2020,2025-04-20T13:53:00,https://on3static.com/uploads/assets/24/18/18024.jpeg,https://www.on3.com/db/jay-hardy-58429/,portal_industry_football_2025
Darrion Henry-Young,DL,Kentucky Wildcats,Coastal Carolina Chanticleers,Committed,0,3.0,85.0,1335.0,227.0,2020,2025-05-02T14:17:00,https://on3static.com/uploads/assets/927/72/72927.jpeg,https://www.on3.com/db/darrion-henry-young-30909/,portal_industry_football_2025
Quincy Brown,WR,Texas State Bobcats,Florida Atlantic Owls,Committed,0,3.0,85.0,1336.0,321.0,2020,2025-05-09T20:45:00,https://on3static.com/uploads/assets/116/18/18116.jpeg,https://www.on3.com/db/quincy-brown-97373/,portal_industry_football_2025
Josh Aisosa,IOL,Oklahoma Sooners,West Virginia Mountaineers,Committed,0,3.0,85.0,1337.0,166.0,2024,2025-06-02T16:57:00,https://on3static.com/uploads/assets/5/332/332005.png,https://www.on3.com/db/josh-aisosa-178188/,portal_industry_football_2025
Malik Ellis,OT,Mississippi State Bulldogs,Troy Trojans,Committed,0,3.0,85.0,1338.0,153.0,2023,2025-05-01T16:46:00,https://on3static.com/uploads/assets/928/182/182928.jpeg,https://www.on3.com/db/malik-ellis-146505/,portal_industry_football_2025
Sterling Lane,LB,Arizona Wildcats,Boise State Broncos,Committed,0,3.0,84.0,1339.0,195.0,2022,2025-05-03T16:04:00,https://on3static.com/uploads/assets/75/442/442075.png,https://www.on3.com/db/sterling-lane-108623/,portal_industry_football_2025
Ben Bogle,LB,Southern Illinois Salukis,West Virginia Mountaineers,Committed,0,3.0,86.0,1340.0,107.0,2022,2025-04-23T08:09:00,https://on3static.com/uploads/assets/311/442/442311.png,https://www.on3.com/db/ben-bogle-250870/,portal_industry_football_2025
JaMario Clements,RB,Duquesne Dukes,Wake Forest Demon Deacons,Committed,0,3.0,86.0,1341.0,93.0,2021,2025-04-28T13:24:00,https://on3static.com/uploads/assets/682/443/443682.png,https://www.on3.com/db/jamario-clements-55161/,portal_industry_football_2025
Jayden Williams,CB,Florida Atlantic Owls,UCF Knights,Committed,0,3.0,86.0,1342.0,147.0,2021,2025-04-26T12:57:00,https://on3static.com/uploads/assets/704/564/564704.PNG,https://www.on3.com/db/jayden-williams-58726/,portal_industry_football_2025
Ben Gulbranson,QB,Oregon State Beavers,Stanford Cardinal,Committed,0,3.0,85.0,1344.0,148.0,2020,2025-04-29T21:59:00,https://on3static.com/uploads/assets/822/353/353822.jpg,https://www.on3.com/db/ben-gulbranson-9773/,portal_industry_football_2025
Cooper Lovelace,IOL,Northwestern Wildcats,Colorado Buffaloes,Committed,0,3.0,86.0,1345.0,135.0,2019,2025-05-30T11:22:00,https://on3static.com/uploads/assets/298/96/96298.png,https://www.on3.com/db/cooper-lovelace-25875/,portal_industry_football_2025
Tyler Williams,WR,Minnesota Golden Gophers,USF Bulls,Committed,0,3.0,86.0,1346.0,258.0,2023,2025-05-08T07:47:00,https://on3static.com/uploads/assets/679/443/443679.png,https://www.on3.com/db/tyler-williams-147298/,portal_industry_football_2025
Chris Domercant,WR,Chattanooga Mocs,UCF Knights,Committed,0,3.0,87.0,1347.0,122.0,2021,2025-04-28T16:42:00,https://on3static.com/uploads/assets/689/564/564689.PNG,https://www.on3.com/db/chris-domercant-250971/,portal_industry_football_2025
Orion Irving,OT,Sam Houston State Bearkats,Vanderbilt Commodores,Committed,0,3.0,86.0,1348.0,87.0,2021,2025-05-01T18:49:00,https://on3static.com/uploads/assets/632/444/444632.png,https://www.on3.com/db/orion-irving-250973/,portal_industry_football_2025
Justin Flowe,LB,Arizona Wildcats,UNLV Rebels,Committed,616246,3.0,85.0,1349.0,164.0,2020,2025-05-02T14:23:00,https://on3static.com/uploads/dev/assets/168/6/6168.jpg,https://www.on3.com/db/justin-flowe-69315/,portal_industry_football_2025
Rico Walker,TE,Auburn Tigers,Purdue Boilermakers,Committed,0,3.0,86.0,1350.0,92.0,2023,2025-05-09T19:01:00,https://on3static.com/uploads/assets/616/303/303616.png,https://www.on3.com/db/rico-walker-100429/,portal_industry_football_2025
Sammy Etienne,S,West Virginia Mountaineers,Marshall Thundering Herd,Committed,0,3.0,85.0,1351.0,170.0,2025,2025-05-01T11:32:00,https://on3static.com/uploads/assets/325/151/151325.png,https://www.on3.com/db/sammy-etienne-176826/,portal_industry_football_2025
Jacob Robinson,S,Emory & Henry College Wasps,Coastal Carolina Chanticleers,Committed,0,3.0,84.0,1352.0,237.0,2022,2025-05-06T22:47:00,https://on3static.com/uploads/assets/824/444/444824.png,https://www.on3.com/db/jacob-robinson-251035/,portal_industry_football_2025
T.D. Williams,CB,Central Arkansas Bears,Purdue Boilermakers,Committed,0,3.0,87.0,1353.0,107.0,2020,2025-05-14T18:52:00,https://on3static.com/uploads/assets/820/447/447820.png,https://www.on3.com/db/td-williams-250320/,portal_industry_football_2025
John Nestor,CB,Iowa Hawkeyes,Minnesota Golden Gophers,Committed,600324,3.0,85.0,1354.0,214.0,2023,2025-04-20T13:10:00,https://on3static.com/uploads/assets/64/209/209064.JPG,https://www.on3.com/db/john-nestor-151280/,portal_industry_football_2025
Bryan McCoy,LB,Akron Zips,Oklahoma State Cowboys,Committed,0,3.0,88.0,284.0,21.0,2022,2024-12-15T08:54:00,https://on3static.com/uploads/assets/140/392/392140.jpg,https://www.on3.com/db/bryan-mccoy-15495/,portal_industry_football_2025
Makylan Pounders,OT,Mississippi State Bulldogs,Louisville Cardinals,Committed,0,3.0,88.0,296.0,25.0,2021,2024-12-14T13:30:00,https://on3static.com/uploads/assets/451/214/214451.jpeg,https://www.on3.com/db/makylan-pounders-81398/,portal_industry_football_2025
Nazeviah Burris,WR,FIU Golden Panthers,,Entered,0,3.0,86.0,1357.0,229.0,2020,2024-12-02T13:59:00,https://on3static.com/uploads/assets/126/276/276126.png,https://www.on3.com/db/nazeviah-burris-239484/,portal_industry_football_2025
Reggie Fleurima,WR,Northwestern Wildcats,,Entered,0,3.0,86.0,1358.0,234.0,2022,2024-12-02T14:07:00,https://on3static.com/uploads/assets/51/88/88051.jpeg,https://www.on3.com/db/reggie-fleurima-99326/,portal_industry_football_2025
Eli Sutton,OT,North Carolina Tar Heels,Austin Peay Governors,Committed,0,3.0,86.0,1359.0,109.0,2021,2024-12-17T10:13:00,https://on3static.com/uploads/assets/339/16/16339.jpeg,https://www.on3.com/db/eli-sutton-41000/,portal_industry_football_2025
Cade McNamara,QB,Iowa Hawkeyes,East Tennessee State Buccaneers,Committed,124001,3.0,86.0,1360.0,88.0,2019,2025-01-18T10:42:00,https://on3static.com/uploads/assets/117/171/171117.jpg,https://www.on3.com/db/cade-mcnamara-16629/,portal_industry_football_2025
J'Dan Burnett,DL,Louisiana Tech Bulldogs,Tulsa Golden Hurricane,Committed,0,3.0,86.0,1361.0,119.0,2021,2024-12-24T15:20:00,https://on3static.com/uploads/assets/99/390/390099.png,https://www.on3.com/db/jdan-burnett-50233/,portal_industry_football_2025
Bryson Taylor,S,New Mexico Lobos,,Entered,0,3.0,86.0,1362.0,121.0,2022,2024-12-08T21:47:00,https://on3static.com/uploads/assets/140/391/391140.jpg,https://www.on3.com/db/bryson-taylor-149907/,portal_industry_football_2025
Antonio Robinson,CB,Wake Forest Demon Deacons,Florida Atlantic Owls,Committed,0,3.0,86.0,1363.0,164.0,2023,2025-01-10T16:11:00,https://on3static.com/uploads/assets/625/225/225625.png,https://www.on3.com/db/antonio-robinson-7073/,portal_industry_football_2025
Anthony Brown-Stephens,WR,Kentucky Wildcats,Tulane Green Wave,Committed,0,3.0,86.0,1364.0,248.0,2023,2025-01-07T12:52:00,https://on3static.com/uploads/assets/261/222/222261.png,https://www.on3.com/db/anthony-brown-stephens-5924/,portal_industry_football_2025
Martrell Harris,LB,Texas A&M Aggies,,Entered,0,3.0,86.0,1365.0,127.0,2022,2024-12-09T12:08:00,https://on3static.com/uploads/assets/87/88/88087.jpg,https://www.on3.com/db/martrell-harris-84545/,portal_industry_football_2025
Cordale Russell,WR,Colorado Buffaloes,Miami (OH) RedHawks,Committed,0,3.0,86.0,1366.0,226.0,2023,2024-12-22T15:03:00,https://on3static.com/uploads/assets/164/223/223164.png,https://www.on3.com/db/cordale-russell-25974/,portal_industry_football_2025
T.A. Cunningham,DL,Penn State Nittany Lions,Garden City Community College Broncbusters,Committed,0,3.0,86.0,1367.0,129.0,2024,2025-04-24T13:11:00,https://on3static.com/uploads/assets/381/332/332381.png,https://www.on3.com/db/ta-cunningham-3545/,portal_industry_football_2025
Jabari Ishmael,EDGE,Marshall Thundering Herd,Southern Miss Golden Eagles,Committed,0,3.0,86.0,1368.0,103.0,2021,2024-12-20T21:37:00,https://on3static.com/uploads/assets/58/172/172058.jpg,https://www.on3.com/db/jabari-ishmael-144189/,portal_industry_football_2025
Antonio Harmon,TE,Mississippi State Bulldogs,Marshall Thundering Herd,Committed,0,3.0,86.0,1369.0,79.0,2021,2024-12-21T13:42:00,https://on3static.com/uploads/assets/679/15/15679.jpeg,https://www.on3.com/db/antonio-harmon-6971/,portal_industry_football_2025
Anthony Jones,EDGE,Michigan State Spartans,UCLA Bruins,Committed,0,3.0,86.0,1370.0,125.0,2022,2025-05-01T22:06:00,https://on3static.com/uploads/assets/894/93/93894.jpeg,https://www.on3.com/db/anthony-jones-145193/,portal_industry_football_2025
Xavier Townsend,WR,UCF Knights,Iowa State Cyclones,Committed,0,3.0,86.0,1371.0,230.0,2022,2024-12-13T10:49:00,https://on3static.com/uploads/assets/987/465/465987.PNG,https://www.on3.com/db/xavier-townsend-122188/,portal_industry_football_2025
Bryun Parham,LB,Washington Huskies,Connecticut Huskies,Committed,0,3.0,88.0,1372.0,32.0,2021,2024-12-22T15:46:00,https://on3static.com/uploads/assets/444/469/469444.png,https://www.on3.com/db/bryun-parham-16153/,portal_industry_football_2025
Kelvin Hill Jr.,CB,UAB Blazers,Georgia Tech Yellow Jackets,Committed,0,3.0,88.0,1373.0,50.0,2024,2024-12-14T13:29:00,https://on3static.com/uploads/assets/472/117/117472.jpg,https://www.on3.com/db/kelvin-hill-jr-173956/,portal_industry_football_2025
Matthew Fobbs-White,EDGE,Tulane Green Wave,Baylor Bears,Committed,0,3.0,88.0,1374.0,38.0,2023,2024-12-14T13:25:00,https://on3static.com/uploads/assets/6/339/339006.png,https://www.on3.com/db/matthew-fobbs-white-150842/,portal_industry_football_2025
Preston Howard,TE,Maryland Terrapins,Auburn Tigers,Committed,0,3.0,88.0,1375.0,23.0,2022,2024-12-20T19:32:00,https://on3static.com/uploads/assets/749/310/310749.png,https://www.on3.com/db/preston-howard-144864/,portal_industry_football_2025
Leon Lowery,LB,Wisconsin Badgers,Illinois Fighting Illini,Committed,0,3.0,86.0,1376.0,94.0,2020,2024-12-17T18:56:00,https://on3static.com/uploads/dev/assets/791/9/9791.jpg,https://www.on3.com/db/leon-lowery-79042/,portal_industry_football_2025
David Oke,DL,Abilene Christian Wildcats,Arkansas Razorbacks,Committed,0,3.0,87.0,1377.0,44.0,2022,2024-12-20T17:52:00,https://on3static.com/uploads/assets/152/395/395152.png,https://www.on3.com/db/david-oke-31944/,portal_industry_football_2025
Ty Buchanan,IOL,Texas Tech Red Raiders,Arizona Wildcats,Committed,0,3.0,87.0,1378.0,51.0,2021,2024-12-20T13:50:00,https://on3static.com/uploads/assets/246/167/167246.png,https://www.on3.com/db/ty-buchanan-116950/,portal_industry_football_2025
VJ Wilkins,WR,Campbell Fighting Camels,Boston College Eagles,Committed,0,3.0,87.0,1379.0,153.0,2022,2024-12-16T11:15:00,https://on3static.com/uploads/assets/69/396/396069.png,https://www.on3.com/db/vj-wilkins-185984/,portal_industry_football_2025
Donavon Greene,WR,Wake Forest Demon Deacons,Virginia Tech Hokies,Committed,0,3.0,88.0,1380.0,44.0,2019,2025-01-10T19:24:00,https://on3static.com/uploads/dev/assets/439/9/9439.jpg,https://www.on3.com/db/donavon-greene-37984/,portal_industry_football_2025
Chad Brown,CB,Nevada Wolf Pack,Purdue Boilermakers,Committed,0,3.0,88.0,1381.0,55.0,2018,2025-01-09T19:41:00,https://on3static.com/uploads/assets/835/407/407835.png,https://www.on3.com/db/chad-brown-19528/,portal_industry_football_2025
Jaylen Lloyd,WR,Nebraska Cornhuskers,Oklahoma State Cowboys,Committed,0,3.0,88.0,1382.0,46.0,2023,2025-01-06T11:52:00,https://on3static.com/uploads/assets/431/333/333431.png,https://www.on3.com/db/jaylen-lloyd-154954/,portal_industry_football_2025
Ryland Gandy,CB,Pittsburgh Panthers,Indiana Hoosiers,Committed,0,3.0,87.0,1383.0,120.0,2022,2025-01-06T16:52:00,https://on3static.com/uploads/assets/889/397/397889.jpg,https://www.on3.com/db/ryland-gandy-103986/,portal_industry_football_2025
Deshawn McKnight,DL,Appalachian State Mountaineers,Arizona Wildcats,Committed,0,3.0,87.0,1384.0,85.0,2021,2024-12-20T22:41:00,https://on3static.com/uploads/assets/117/170/170117.png,https://www.on3.com/db/deshawn-mcknight-35411/,portal_industry_football_2025
Mitchell Melton,EDGE,Ohio State Buckeyes,Virginia Cavaliers,Committed,0,3.0,88.0,1385.0,44.0,2020,2025-01-21T10:29:00,https://on3static.com/uploads/assets/555/221/221555.jpeg,https://www.on3.com/db/mitchell-melton-89994/,portal_industry_football_2025
Kevin Wigenton,IOL,Illinois Fighting Illini,Virginia Cavaliers,Committed,0,3.0,87.0,1386.0,69.0,2021,2025-01-06T12:15:00,https://on3static.com/uploads/assets/231/235/235231.png,https://www.on3.com/db/kevin-wigenton-74525/,portal_industry_football_2025
Reginald Vick,WR,Virginia Union Panthers,Wake Forest Demon Deacons,Committed,0,3.0,88.0,1387.0,70.0,2022,2025-01-03T11:00:00,https://on3static.com/uploads/assets/34/404/404034.png,https://www.on3.com/db/reginald-vick-248450/,portal_industry_football_2025
Blake Steen,OT,Virginia Cavaliers,Mississippi State Bulldogs,Committed,0,3.0,87.0,1388.0,45.0,2022,2025-04-24T14:36:00,https://on3static.com/uploads/assets/956/86/86956.jpeg,https://www.on3.com/db/blake-steen-150457/,portal_industry_football_2025
J.J. Hawkins,DL,Marshall Thundering Herd,Southern Miss Golden Eagles,Committed,0,3.0,84.0,1389.0,272.0,2021,2024-12-13T11:32:00,https://on3static.com/uploads/assets/449/245/245449.png,https://www.on3.com/db/jj-hawkins-61544/,portal_industry_football_2025
Holden Geriner,QB,Auburn Tigers,Texas State Bobcats,Committed,0,3.0,86.0,1390.0,92.0,2022,2025-01-14T21:30:00,https://on3static.com/uploads/assets/837/93/93837.jpg,https://www.on3.com/db/holden-geriner-48176/,portal_industry_football_2025
Tahj Ra-El,S,Memphis Tigers,Purdue Boilermakers,Committed,0,3.0,87.0,1391.0,67.0,2021,2024-12-24T20:26:00,https://on3static.com/uploads/assets/855/407/407855.png,https://www.on3.com/db/tahj-ra-el-109759/,portal_industry_football_2025
Tayvion Galloway,TE,Purdue Boilermakers,Middle Tennessee State Blue Raiders,Committed,0,3.0,86.0,1392.0,94.0,2024,2024-12-20T20:04:00,https://on3static.com/uploads/assets/503/343/343503.png,https://www.on3.com/db/tayvion-galloway-147054/,portal_industry_football_2025
Yanni Karlaftis,DL,Purdue Boilermakers,Northwestern Wildcats,Committed,0,3.0,86.0,1393.0,151.0,2021,2024-12-20T10:45:00,https://on3static.com/uploads/assets/845/343/343845.png,https://www.on3.com/db/yanni-karlaftis-143742/,portal_industry_football_2025
Gage Keys,DL,Auburn Tigers,Kansas Jayhawks,Committed,0,3.0,86.0,1394.0,153.0,2020,2024-12-20T16:29:00,https://on3static.com/uploads/assets/772/165/165772.png,https://www.on3.com/db/gage-keys-44739/,portal_industry_football_2025
Raylen Sharpe,WR,Fresno State Bulldogs,Arkansas Razorbacks,Committed,0,3.0,87.0,1395.0,118.0,2020,2024-12-15T14:40:00,https://on3static.com/uploads/dev/assets/479/8/8479.jpg,https://www.on3.com/db/raylen-sharpe-98944/,portal_industry_football_2025
Marcus Moore,DL,Akron Zips,Purdue Boilermakers,Committed,0,3.0,86.0,1396.0,130.0,2023,2025-01-25T10:42:00,https://on3static.com/uploads/assets/793/580/580793.png,https://www.on3.com/db/marcus-moore-156737/,portal_industry_football_2025
Jerry Cross,TE,Penn State Nittany Lions,Memphis Tigers,Committed,0,3.0,87.0,1397.0,30.0,2022,2024-12-21T12:55:00,https://on3static.com/uploads/assets/658/95/95658.png,https://www.on3.com/db/jerry-cross-61102/,portal_industry_football_2025
Antonio Kite,S,Auburn Tigers,Ole Miss Rebels,Committed,0,3.0,86.0,1398.0,164.0,2022,2024-12-17T19:22:00,https://on3static.com/uploads/assets/672/225/225672.jpeg,https://www.on3.com/db/antonio-kite-6994/,portal_industry_football_2025
Chip Trayanum,RB,Kentucky Wildcats,Toledo Rockets,Committed,0,3.0,87.0,1399.0,63.0,2020,2024-12-24T11:05:00,https://on3static.com/uploads/assets/590/221/221590.jpeg,https://www.on3.com/db/chip-trayanum-32892/,portal_industry_football_2025
Tevis Metcalf,CB,Arkansas Razorbacks,Michigan Wolverines,Committed,0,3.0,87.0,1400.0,91.0,2024,2024-12-16T18:46:00,https://on3static.com/uploads/assets/939/303/303939.png,https://www.on3.com/db/tevis-metcalf-151059/,portal_industry_football_2025
Khalifa Keith,RB,Tennessee Volunteers,Appalachian State Mountaineers,Committed,0,3.0,86.0,1401.0,100.0,2023,2024-12-28T10:44:00,https://on3static.com/uploads/assets/215/226/226215.jpeg,https://www.on3.com/db/khalifa-keith-74849/,portal_industry_football_2025
Laterrance Welch,CB,Arizona State Sun Devils,UNLV Rebels,Committed,0,3.0,86.0,1402.0,162.0,2022,2025-01-07T15:58:00,https://on3static.com/uploads/assets/467/401/401467.png,https://www.on3.com/db/laterrance-welch-78441/,portal_industry_football_2025
Horace Lockett,DL,Georgia Tech Yellow Jackets,UCF Knights,Committed,0,3.0,85.0,1403.0,208.0,2022,2024-12-25T11:36:00,https://on3static.com/uploads/assets/690/564/564690.PNG,https://www.on3.com/db/horace-lockett-48212/,portal_industry_football_2025
Jayden Ballard,WR,Ohio State Buckeyes,Wisconsin Badgers,Committed,0,3.0,86.0,1404.0,216.0,2021,2024-12-18T15:26:00,https://on3static.com/uploads/assets/494/221/221494.jpeg,https://www.on3.com/db/jayden-ballard-58601/,portal_industry_football_2025
Kalolo Ta'aga,OT,USC Trojans,Utah Utes,Committed,0,3.0,86.0,1405.0,112.0,2024,2024-12-18T20:39:00,https://on3static.com/uploads/assets/538/302/302538.png,https://www.on3.com/db/kalolo-taaga-237477/,portal_industry_football_2025
Raesjon Davis,LB,USC Trojans,Oregon State Beavers,Committed,0,3.0,86.0,1406.0,153.0,2021,2024-12-21T09:58:00,https://on3static.com/uploads/assets/869/92/92869.png,https://www.on3.com/db/raesjon-davis-97933/,portal_industry_football_2025
Destyn Hill,WR,Florida State Seminoles,LSU Tigers,Committed,0,3.0,87.0,1407.0,160.0,2021,2024-12-17T11:39:00,https://on3static.com/uploads/assets/133/242/242133.jpeg,https://www.on3.com/db/destyn-hill-35690/,portal_industry_football_2025
Chance Fitzgerald,WR,Virginia Tech Hokies,Vanderbilt Commodores,Committed,0,3.0,86.0,1408.0,207.0,2023,2024-12-19T12:37:00,https://on3static.com/uploads/assets/722/332/332722.png,https://www.on3.com/db/chance-fitzgerald-19773/,portal_industry_football_2025
Brock Stukes,IOL,North Carolina A&T Aggies,NC State Wolfpack,Committed,0,3.0,86.0,1409.0,117.0,2023,2024-12-18T11:01:00,https://on3static.com/uploads/assets/156/394/394156.png,https://www.on3.com/db/brock-stukes-247262/,portal_industry_football_2025
Scooter Jackson,CB,Utah Tech Trailblazers,UCLA Bruins,Committed,0,3.0,86.0,1410.0,151.0,2023,2024-12-24T19:03:00,https://on3static.com/uploads/assets/120/396/396120.jpeg,https://www.on3.com/db/scooter-jackson-151277/,portal_industry_football_2025
Xavier Williams,S,Middle Tennessee State Blue Raiders,Cincinnati Bearcats,Committed,0,3.0,86.0,1411.0,130.0,2021,2025-01-06T20:44:00,https://on3static.com/uploads/assets/555/91/91555.jpg,https://www.on3.com/db/xavier-williams-122213/,portal_industry_football_2025
Dean Connors,RB,Rice Owls,Houston Cougars,Committed,0,3.0,87.0,1412.0,65.0,2021,2025-01-06T14:44:00,https://on3static.com/uploads/assets/257/90/90257.jpg,https://www.on3.com/db/dean-connors-149947/,portal_industry_football_2025
Caleb LaVallee,LB,North Carolina Tar Heels,Florida State Seminoles,Committed,0,3.0,87.0,1413.0,83.0,2023,2025-01-03T13:06:00,https://on3static.com/uploads/assets/788/222/222788.png,https://www.on3.com/db/caleb-lavallee-17061/,portal_industry_football_2025
Mabrey Mettauer,QB,Wisconsin Badgers,Sam Houston State Bearkats,Committed,0,3.0,86.0,1414.0,90.0,2024,2024-12-29T21:43:00,https://on3static.com/uploads/assets/477/304/304477.png,https://www.on3.com/db/mabrey-mettauer-81118/,portal_industry_football_2025
Ty Howard,LB,Duquesne Dukes,Ohio State Buckeyes,Committed,0,3.0,87.0,1415.0,81.0,2022,2025-01-05T20:16:00,https://on3static.com/uploads/assets/727/400/400727.png,https://www.on3.com/db/ty-howard-189702/,portal_industry_football_2025
Maddox Marcellus,LB,Eastern Kentucky Colonels,Virginia Cavaliers,Committed,0,3.0,86.0,1416.0,102.0,2023,2024-12-20T12:40:00,https://on3static.com/uploads/assets/185/405/405185.png,https://www.on3.com/db/maddox-marcellus-248572/,portal_industry_football_2025
Naiem Simmons,WR,USF Bulls,Connecticut Huskies,Committed,0,3.0,86.0,1417.0,219.0,2019,2025-05-11T17:41:00,https://on3static.com/uploads/assets/456/469/469456.png,https://www.on3.com/db/naiem-simmons-174837/,portal_industry_football_2025
Sedrick Smith,DL,Alabama A&M Bulldogs,Maryland Terrapins,Committed,0,3.0,85.0,1418.0,189.0,2023,2025-04-26T17:21:00,https://on3static.com/uploads/assets/870/440/440870.png,https://www.on3.com/db/sedrick-smith-250692/,portal_industry_football_2025
Jakai Moore,IOL,South Carolina Gamecocks,North Carolina Tar Heels,Committed,0,3.0,85.0,1420.0,154.0,2019,2025-05-02T10:32:00,https://on3static.com/uploads/assets/976/470/470976.jpg,https://www.on3.com/db/jakai-moore-53263/,portal_industry_football_2025
Dionte Thornton,CB,Boise State Broncos,Portland State Vikings,Committed,0,3.0,83.0,1421.0,327.0,2022,,https://on3static.com/uploads/assets/956/568/568956.png,https://www.on3.com/db/dionte-thornton-37200/,portal_industry_football_2025
Jay'Vion Cole,CB,Texas Longhorns,Arizona Wildcats,Committed,0,3.0,88.0,265.0,32.0,2022,2024-12-16T14:49:00,https://on3static.com/uploads/assets/212/132/132212.jpg,https://www.on3.com/db/jayvion-cole-59267/,portal_industry_football_2025
Parker Petersen,DL,Tulane Green Wave,Wisconsin Badgers,Committed,0,3.0,81.0,1423.0,392.0,2021,2024-12-15T09:40:00,https://on3static.com/uploads/assets/184/74/74184.jpeg,https://www.on3.com/db/parker-petersen-95074/,portal_industry_football_2025
Mason Reiger,DL,Louisville Cardinals,Wisconsin Badgers,Committed,0,3.0,82.0,1424.0,343.0,2020,2024-12-13T18:10:00,https://on3static.com/uploads/assets/393/399/399393.png,https://www.on3.com/db/mason-reiger-240753/,portal_industry_football_2025
Keli Lawson,LB,Virginia Tech Hokies,UCF Knights,Committed,0,3.0,88.0,1425.0,33.0,2021,2025-01-09T20:06:00,https://on3static.com/uploads/assets/655/564/564655.PNG,https://www.on3.com/db/keli-lawson-72347/,portal_industry_football_2025
Anthony Woods,RB,Utah Utes,UCLA Bruins,Committed,0,3.0,88.0,1426.0,33.0,2022,2025-01-09T20:44:00,https://on3static.com/uploads/assets/173/267/267173.png,https://www.on3.com/db/anthony-woods-222828/,portal_industry_football_2025
Jaylen Bowden,CB,North Carolina Central Eagles,Minnesota Golden Gophers,Committed,0,3.0,88.0,1427.0,51.0,2023,2024-12-15T10:04:00,https://on3static.com/uploads/assets/474/393/393474.png,https://www.on3.com/db/jaylen-bowden-145851/,portal_industry_football_2025
Justin Agu,CB,Louisiana Ragin Cajuns,Louisville Cardinals,Committed,0,3.0,88.0,1428.0,65.0,2021,2025-01-03T16:59:00,https://on3static.com/uploads/assets/663/399/399663.png,https://www.on3.com/db/justin-agu-69000/,portal_industry_football_2025
Davi Belfort,QB,Virginia Tech Hokies,UCF Knights,Committed,172943,3.0,86.0,1429.0,128.0,2024,2025-04-24T16:04:00,https://on3static.com/uploads/assets/684/564/564684.PNG,https://www.on3.com/db/davi-belfort-31395/,portal_industry_football_2025
Jordan Norman,EDGE,South Alabama Jaguars,Tulane Green Wave,Committed,0,3.0,88.0,1430.0,47.0,2023,2025-01-16T15:10:00,https://on3static.com/uploads/assets/911/397/397911.png,https://www.on3.com/db/jordan-norman-155254/,portal_industry_football_2025
Jaheem Joseph,S,West Virginia Mountaineers,UNLV Rebels,Committed,0,3.0,88.0,1431.0,40.0,2020,,https://on3static.com/uploads/dev/assets/583/8/8583.jpg,https://www.on3.com/db/jaheem-joseph-143417/,portal_industry_football_2025
Jacob Zeno,QB,UAB Blazers,Texas A&M Aggies,Committed,0,3.0,86.0,1433.0,78.0,2019,2024-12-10T18:24:00,https://on3static.com/uploads/dev/assets/321/9/9321.jpg,https://www.on3.com/db/jacob-zeno-52318/,portal_industry_football_2025
David Pantelis,WR,Yale Bulldogs,Stanford Cardinal,Committed,0,3.0,87.0,1434.0,113.0,2021,2025-01-05T21:28:00,https://on3static.com/uploads/assets/287/386/386287.jpg,https://www.on3.com/db/david-pantelis-31965/,portal_industry_football_2025
Mikey Keene,QB,Fresno State Bulldogs,Michigan Wolverines,Committed,0,3.0,88.0,1435.0,36.0,2021,2024-12-23T12:30:00,https://on3static.com/uploads/assets/256/132/132256.jpeg,https://www.on3.com/db/mikey-keene-89563/,portal_industry_football_2025
Ashton Daniels,QB,Stanford Cardinal,Auburn Tigers,Committed,0,3.0,87.0,1436.0,50.0,2022,2024-12-16T15:48:00,https://on3static.com/uploads/assets/384/389/389384.png,https://www.on3.com/db/ashton-daniels-7869/,portal_industry_football_2025
Rushawn Lawrence,EDGE,Stony Brook Seawolves,Minnesota Golden Gophers,Committed,0,3.0,87.0,1437.0,72.0,2019,2024-12-16T10:59:00,https://on3static.com/uploads/assets/170/391/391170.jpg,https://www.on3.com/db/rushawn-lawrence-163891/,portal_industry_football_2025
Jalen Stroman,S,Virginia Tech Hokies,Notre Dame Fighting Irish,Committed,0,3.0,86.0,1438.0,94.0,2021,2025-01-12T09:59:00,https://on3static.com/uploads/dev/assets/562/9/9562.jpg,https://www.on3.com/db/jalen-stroman-54542/,portal_industry_football_2025
Gunnar Hansen,OT,Vanderbilt Commodores,Florida State Seminoles,Committed,366338,3.0,87.0,1439.0,41.0,2021,2024-12-17T18:35:00,https://on3static.com/uploads/assets/796/15/15796.jpeg,https://www.on3.com/db/gunnar-hansen-47205/,portal_industry_football_2025
Caleb Goodie,WR,Colorado State Rams,Cincinnati Bearcats,Committed,0,3.0,87.0,1440.0,131.0,2023,2024-12-15T12:43:00,https://on3static.com/uploads/assets/212/391/391212.png,https://www.on3.com/db/caleb-goodie-163220/,portal_industry_football_2025
Jerand Bradley,WR,Boston College Eagles,Kansas State Wildcats,Committed,0,3.0,87.0,1441.0,145.0,2021,2024-12-21T12:39:00,https://on3static.com/uploads/dev/assets/561/7/7561.jpg,https://www.on3.com/db/jerand-bradley-59971/,portal_industry_football_2025
Akinola Ogunbiyi,IOL,Texas A&M Aggies,Colorado Buffaloes,Committed,0,3.0,86.0,1442.0,116.0,2020,2024-12-23T14:19:00,https://on3static.com/uploads/dev/assets/689/5/5689.jpg,https://www.on3.com/db/akinola-ogunbiyi-2368/,portal_industry_football_2025
Jaylen Henderson,QB,Texas A&M Aggies,West Virginia Mountaineers,Committed,0,3.0,87.0,1443.0,43.0,2021,2025-01-04T18:31:00,https://on3static.com/uploads/assets/848/182/182848.png,https://www.on3.com/db/jaylen-henderson-58892/,portal_industry_football_2025
Bobby Golden,WR,Akron Zips,Louisville Cardinals,Committed,0,3.0,86.0,1444.0,236.0,2022,2025-01-13T11:04:00,https://on3static.com/uploads/assets/598/403/403598.png,https://www.on3.com/db/bobby-golden-11300/,portal_industry_football_2025
Tawfiq Byard,S,USF Bulls,Colorado Buffaloes,Committed,0,3.0,87.0,1445.0,60.0,2023,2024-12-24T20:31:00,https://on3static.com/uploads/assets/557/571/571557.png,https://www.on3.com/db/tawfiq-byard-150128/,portal_industry_football_2025
Trent Hudson,WR,Mississippi State Bulldogs,Vanderbilt Commodores,Committed,0,3.0,87.0,1446.0,138.0,2021,2024-12-22T20:06:00,https://on3static.com/uploads/assets/914/265/265914.jpeg,https://www.on3.com/db/trent-hudson-163517/,portal_industry_football_2025
Crew Wakley,S,BYU Cougars,Purdue Boilermakers,Committed,0,3.0,87.0,1447.0,50.0,2018,2025-01-08T21:45:00,https://on3static.com/uploads/assets/864/407/407864.png,https://www.on3.com/db/crew-wakley-26979/,portal_industry_football_2025
Khalil Laufau,DL,Washington State Cougars,Houston Cougars,Committed,0,3.0,87.0,1448.0,84.0,2023,2024-12-24T11:50:00,https://on3static.com/uploads/assets/389/219/219389.png,https://www.on3.com/db/khalil-laufau-151615/,portal_industry_football_2025
Maurice Turner,RB,Louisville Cardinals,Tulane Green Wave,Committed,0,3.0,88.0,1449.0,40.0,2022,2025-01-03T15:40:00,https://on3static.com/uploads/assets/412/164/164412.png,https://www.on3.com/db/maurice-turner-86489/,portal_industry_football_2025
Phoenix Jackson,LB,Fresno State Bulldogs,Baylor Bears,Committed,0,3.0,87.0,1450.0,85.0,2021,2024-12-17T13:57:00,https://on3static.com/uploads/assets/597/391/391597.jpg,https://www.on3.com/db/phoenix-jackson-246955/,portal_industry_football_2025
Melvin Siani,OT,Temple Owls,Wake Forest Demon Deacons,Committed,565236,3.0,87.0,1451.0,51.0,2023,2025-01-04T17:33:00,https://on3static.com/uploads/assets/977/397/397977.png,https://www.on3.com/db/melvin-siani-175124/,portal_industry_football_2025
Dallas Walker IV,DL,Western Kentucky Hilltoppers,Auburn Tigers,Committed,0,3.0,87.0,1452.0,46.0,2020,2024-12-18T10:39:00,https://on3static.com/uploads/dev/assets/697/5/5697.jpg,https://www.on3.com/db/dallas-walker-iv-28237/,portal_industry_football_2025
Kyndrich Breedlove,CB,Purdue Boilermakers,Arizona State Sun Devils,Committed,0,3.0,87.0,1453.0,80.0,2021,2025-01-13T18:03:00,https://on3static.com/uploads/assets/223/472/472223.jpg,https://www.on3.com/db/kyndrich-breedlove-77193/,portal_industry_football_2025
Will James,S,Southern Miss Golden Eagles,Houston Cougars,Committed,356186,3.0,88.0,1454.0,31.0,2023,2024-12-30T11:37:00,https://on3static.com/uploads/assets/250/397/397250.jpg,https://www.on3.com/db/will-james-151621/,portal_industry_football_2025
Gunner Maldonado,S,Arizona Wildcats,Kansas State Wildcats,Committed,0,3.0,87.0,1455.0,51.0,2020,2024-12-23T14:51:00,https://on3static.com/uploads/dev/assets/785/6/6785.jpg,https://www.on3.com/db/gunner-maldonado-47239/,portal_industry_football_2025
Arlis Boardingham,TE,Florida Gators,Bowling Green Falcons,Committed,0,3.0,87.0,1456.0,36.0,2022,2025-01-20T18:14:00,https://on3static.com/uploads/assets/933/590/590933.png,https://www.on3.com/db/arlis-boardingham-7482/,portal_industry_football_2025
Ethan Hampton,QB,Northern Illinois Huskies,Illinois Fighting Illini,Committed,0,3.0,87.0,1457.0,54.0,2021,2024-12-19T10:07:00,https://on3static.com/uploads/assets/711/392/392711.png,https://www.on3.com/db/ethan-hampton-42952/,portal_industry_football_2025
Ty'kieast Crawford,OT,Arkansas Razorbacks,West Virginia Mountaineers,Committed,0,3.0,87.0,1458.0,55.0,2020,2025-01-13T11:26:00,https://on3static.com/uploads/assets/271/72/72271.jpeg,https://www.on3.com/db/tykieast-crawford-117147/,portal_industry_football_2025
Jalen Grant,IOL,Purdue Boilermakers,NC State Wolfpack,Committed,0,3.0,87.0,1459.0,93.0,2020,2024-12-21T14:55:00,https://on3static.com/uploads/assets/502/343/343502.png,https://www.on3.com/db/jalen-grant-54288/,portal_industry_football_2025
Malcolm Bell,CB,Connecticut Huskies,Michigan State Spartans,Committed,0,3.0,87.0,1460.0,122.0,2021,2024-12-22T19:14:00,https://on3static.com/uploads/assets/711/395/395711.png,https://www.on3.com/db/malcolm-bell-88638/,portal_industry_football_2025
Markus Allen,WR,Eastern Michigan Eagles,Mississippi State Bulldogs,Committed,0,3.0,87.0,1461.0,95.0,2021,2025-01-07T14:35:00,https://on3static.com/uploads/assets/179/16/16179.jpeg,https://www.on3.com/db/markus-allen-83765/,portal_industry_football_2025
Benjamin Perry,S,Louisville Cardinals,UCLA Bruins,Committed,0,3.0,86.0,1462.0,102.0,2021,2024-12-16T16:13:00,https://on3static.com/uploads/assets/760/582/582760.png,https://www.on3.com/db/benjamin-perry-10149/,portal_industry_football_2025
Jordan Dingle,TE,Kentucky Wildcats,South Carolina Gamecocks,Committed,0,3.0,87.0,1463.0,32.0,2021,2024-12-18T13:56:00,https://on3static.com/uploads/assets/669/15/15669.jpeg,https://www.on3.com/db/jordan-dingle-65403/,portal_industry_football_2025
Jacob Dennison,OT,Ohio Bobcats,Wake Forest Demon Deacons,Committed,0,3.0,87.0,1464.0,43.0,2020,2025-01-06T20:37:00,https://on3static.com/uploads/assets/150/395/395150.png,https://www.on3.com/db/jacob-dennison-157976/,portal_industry_football_2025
Jordan Anderson,WR,Oregon State Beavers,Sacramento State Hornets,Committed,0,3.0,87.0,1465.0,129.0,2024,2024-12-25T16:44:00,https://on3static.com/uploads/assets/382/49/49382.jpg,https://www.on3.com/db/jordan-anderson-65149/,portal_industry_football_2025
Denver Harris,CB,UTSA Roadrunners,UNLV Rebels,Committed,0,3.0,87.0,1467.0,97.0,2022,2025-01-14T14:04:00,https://on3static.com/uploads/assets/744/71/71744.jpeg,https://www.on3.com/db/denver-harris-34282/,portal_industry_football_2025
Tra Thomas,LB,Temple Owls,NC State Wolfpack,Committed,0,3.0,87.0,1468.0,77.0,2020,2025-01-06T14:00:00,https://on3static.com/uploads/assets/343/399/399343.png,https://www.on3.com/db/tra-thomas-147908/,portal_industry_football_2025
George Fitzpatrick,OT,Ohio State Buckeyes,Kansas State Wildcats,Committed,0,3.0,87.0,1469.0,56.0,2022,2025-01-23T12:16:00,https://on3static.com/uploads/assets/511/221/221511.jpeg,https://www.on3.com/db/george-fitzpatrick-45683/,portal_industry_football_2025
Jamir Conn,CB,Southern Illinois Salukis,Nebraska Cornhuskers,Committed,0,3.0,87.0,1470.0,125.0,2023,2025-01-05T19:58:00,https://on3static.com/uploads/assets/743/399/399743.jpg,https://www.on3.com/db/jamir-conn-150184/,portal_industry_football_2025
Karon Prunty,CB,North Carolina A&T Aggies,Wake Forest Demon Deacons,Committed,0,3.0,87.0,1471.0,81.0,2020,2025-01-07T14:34:00,https://on3static.com/uploads/assets/828/15/15828.jpeg,https://www.on3.com/db/karon-prunty-71351/,portal_industry_football_2025
Fred Davis II,CB,Jacksonville State Gamecocks,Northwestern Wildcats,Committed,0,3.0,87.0,1472.0,106.0,2020,2025-01-08T11:27:00,https://on3static.com/uploads/assets/754/17/17754.jpeg,https://www.on3.com/db/fred-davis-ii-44201/,portal_industry_football_2025
Cameron Ross,WR,James Madison Dukes,Virginia Cavaliers,Committed,0,3.0,86.0,1473.0,210.0,2019,2025-01-13T12:59:00,https://on3static.com/uploads/assets/640/275/275640.png,https://www.on3.com/db/cameron-ross-18051/,portal_industry_football_2025
Boden Groen,TE,Rice Owls,Kansas Jayhawks,Committed,0,3.0,87.0,1474.0,39.0,2020,2025-05-12T15:54:00,https://on3static.com/uploads/assets/486/91/91486.jpg,https://www.on3.com/db/boden-groen-150543/,portal_industry_football_2025
DJ Black,WR,Limestone University Saints,UCF Knights,Committed,0,3.0,87.0,1475.0,133.0,2022,2025-01-01T16:09:00,https://on3static.com/uploads/assets/681/564/564681.PNG,https://www.on3.com/db/dj-black-152556/,portal_industry_football_2025
Maliki Crawford,CB,USC Trojans,San Jose State Spartans,Committed,0,3.0,88.0,1476.0,67.0,2023,2025-05-02T23:43:00,https://on3static.com/uploads/assets/933/218/218933.png,https://www.on3.com/db/maliki-crawford-82074/,portal_industry_football_2025
Mason Nelson,DL,Western Michigan Broncos,Vanderbilt Commodores,Committed,0,3.0,87.0,1477.0,76.0,2020,2025-04-23T17:37:00,https://on3static.com/uploads/assets/726/229/229726.jpg,https://www.on3.com/db/mason-nelson-84835/,portal_industry_football_2025
Dermaricus Davis,QB,UCLA Bruins,Hawaii Rainbow Warriors,Committed,0,3.0,87.0,1478.0,60.0,2024,2025-05-23T15:55:00,https://on3static.com/uploads/assets/412/233/233412.png,https://www.on3.com/db/dermaricus-davis-34932/,portal_industry_football_2025
Chris Parson,QB,Mississippi State Bulldogs,Austin Peay Governors,Committed,0,3.0,86.0,1479.0,98.0,2023,2024-12-18T13:30:00,https://on3static.com/uploads/assets/844/222/222844.png,https://www.on3.com/db/chris-parson-22267/,portal_industry_football_2025
Tyson Ford,DL,Notre Dame Fighting Irish,California Golden Bears,Committed,0,3.0,87.0,1480.0,56.0,2022,2024-12-13T14:10:00,https://on3static.com/uploads/assets/883/235/235883.jpeg,https://www.on3.com/db/tyson-ford-119021/,portal_industry_football_2025
Christian Leary,WR,Georgia Tech Yellow Jackets,Western Michigan Broncos,Committed,0,3.0,87.0,1481.0,111.0,2021,2024-12-04T14:35:00,https://on3static.com/uploads/assets/574/132/132574.jpeg,https://www.on3.com/db/christian-leary-22993/,portal_industry_football_2025
Barrett Maddox,,Marshall Thundering Herd,Itawamba Community College Indians,Committed,0,3.0,85.0,1482.0,142.0,2023,,https://on3static.com/uploads/assets/395/585/585395.jpg,https://www.on3.com/db/barrett-maddox-151528/,portal_industry_football_2025
Trey Harris,S,Cornell Big Red,Sam Houston State Bearkats,Committed,0,3.0,86.0,1483.0,118.0,2020,2025-01-08T13:18:00,https://on3static.com/uploads/assets/608/373/373608.png,https://www.on3.com/db/trey-harris-116058/,portal_industry_football_2025
Tyson Meiguez,LB,Murray State Racers,,Entered,0,3.0,85.0,1484.0,179.0,2020,2024-11-13T10:54:00,https://on3static.com/uploads/assets/265/16/16265.jpeg,https://www.on3.com/db/tyson-meiguez-119053/,portal_industry_football_2025
Gabriel Benyard,WR,Kennesaw State Owls,,Entered,0,3.0,85.0,1486.0,278.0,2022,2024-11-14T16:08:00,https://on3static.com/uploads/assets/802/381/381802.png,https://www.on3.com/db/gabriel-benyard-246672/,portal_industry_football_2025
Johnny Chaney,LB,Colorado Buffaloes,FIU Golden Panthers,Committed,0,3.0,85.0,1487.0,167.0,2021,2025-01-09T16:43:00,https://on3static.com/uploads/assets/118/384/384118.jpg,https://www.on3.com/db/johnny-chaney-63982/,portal_industry_football_2025
Zach Farris,CB,Dartmouth Big Green,,Entered,0,3.0,85.0,1488.0,233.0,2021,2024-11-22T10:55:00,https://on3static.com/uploads/assets/431/384/384431.jpg,https://www.on3.com/db/zach-farris-246693/,portal_industry_football_2025
Noble Cooper,CB,Brown Bears,,Entered,0,3.0,85.0,1489.0,234.0,2021,2024-11-22T10:42:00,https://on3static.com/uploads/assets/423/384/384423.jpg,https://www.on3.com/db/noble-cooper-246692/,portal_industry_football_2025
Jordan Herman,OT,Charlotte 49ers,,Entered,0,3.0,85.0,1490.0,123.0,2021,2025-01-15T15:39:00,https://on3static.com/uploads/assets/161/240/240161.png,https://www.on3.com/db/jordan-herman-154649/,portal_industry_football_2025
Luke Banbury,LB,Cornell Big Red,William & Mary Tribe,Committed,0,3.0,87.0,1491.0,66.0,2021,2025-05-13T08:48:00,https://on3static.com/uploads/assets/250/386/386250.png,https://www.on3.com/db/luke-banbury-246723/,portal_industry_football_2025
Bert Emanuel Jr.,QB,Central Michigan Chippewas,,Entered,0,3.0,85.0,1492.0,136.0,2022,2024-11-22T14:13:00,https://on3static.com/uploads/assets/511/384/384511.jpg,https://www.on3.com/db/bert-emanuel-jr-10338/,portal_industry_football_2025
Patrick Passalacqua,DL,Columbia Lions,,Entered,0,3.0,85.0,1493.0,224.0,2020,2024-11-25T07:25:00,https://on3static.com/uploads/assets/242/386/386242.png,https://www.on3.com/db/patrick-passalacqua-246720/,portal_industry_football_2025
William Reed,OT,Princeton Tigers,Georgia Tech Yellow Jackets,Committed,0,3.0,85.0,1494.0,136.0,2021,2025-05-03T14:45:00,https://on3static.com/uploads/assets/220/386/386220.png,https://www.on3.com/db/william-reed-121349/,portal_industry_football_2025
Inumidun Ayo-Durojaiye,S,Yale Bulldogs,,Entered,0,3.0,85.0,1495.0,213.0,2021,2024-11-25T07:19:00,https://on3static.com/uploads/assets/240/386/386240.png,https://www.on3.com/db/inumidun-ayo-durojaiye-49062/,portal_industry_football_2025
Tyler Riddell,QB,Gardner-Webb Runnin' Bulldogs,,Entered,0,3.0,85.0,1496.0,145.0,2019,2024-11-25T14:33:00,https://on3static.com/uploads/assets/318/386/386318.jpg,https://www.on3.com/db/tyler-riddell-118007/,portal_industry_football_2025
Ryan Merklinger,OT,Western Illinois Leathernecks,,Entered,0,3.0,85.0,1497.0,150.0,2021,2024-11-25T10:55:00,https://on3static.com/uploads/assets/263/386/386263.png,https://www.on3.com/db/ryan-merklinger-232668/,portal_industry_football_2025
Myles Wiley,CB,Harvard Crimson,,Entered,0,3.0,85.0,1498.0,257.0,2021,2024-11-25T13:50:00,https://on3static.com/uploads/assets/292/386/386292.jpg,https://www.on3.com/db/myles-wiley-246725/,portal_industry_football_2025
Curtis Harris-Lopez,S,Holy Cross Crusaders,James Madison Dukes,Committed,0,3.0,85.0,1499.0,182.0,2021,2024-12-29T16:08:00,https://on3static.com/uploads/assets/743/386/386743.jpg,https://www.on3.com/db/curtis-harris-lopez-187958/,portal_industry_football_2025
Matthew Kane,LB,Holy Cross Crusaders,,Entered,0,3.0,85.0,1500.0,172.0,2020,2024-11-26T13:19:00,https://on3static.com/uploads/assets/745/386/386745.jpg,https://www.on3.com/db/matthew-kane-187994/,portal_industry_football_2025
Ben Corniello,DL,Columbia Lions,Florida Atlantic Owls,Committed,0,3.0,85.0,1502.0,244.0,2020,2025-07-01T08:12:00,https://on3static.com/uploads/assets/737/386/386737.jpg,https://www.on3.com/db/ben-corniello-246743/,portal_industry_football_2025
Kendal Septs,IOL,Houston Christian Huskies,,Entered,0,3.0,85.0,1503.0,180.0,2020,2024-11-26T12:28:00,https://on3static.com/uploads/assets/894/386/386894.png,https://www.on3.com/db/kendal-septs-72693/,portal_industry_football_2025
JaDarious Lee,OT,FIU Golden Panthers,Kennesaw State Owls,Committed,0,3.0,85.0,1504.0,143.0,2022,2025-01-01T14:54:00,https://on3static.com/uploads/assets/865/388/388865.png,https://www.on3.com/db/jadarious-lee-52544/,portal_industry_football_2025
Raleigh Collins III,S,West Virginia Mountaineers,New Hampshire Wildcats,Committed,0,3.0,85.0,1505.0,187.0,2022,,https://on3static.com/uploads/assets/813/85/85813.jpeg,https://www.on3.com/db/raleigh-collins-iii-98082/,portal_industry_football_2025
Pat McQuaide,QB,Nicholls State Colonels,Villanova Wildcats,Committed,0,3.0,85.0,1506.0,149.0,2022,,https://on3static.com/uploads/assets/697/387/387697.png,https://www.on3.com/db/pat-mcquaide-246760/,portal_industry_football_2025
Terry Wilkins,RB,Middle Tennessee State Blue Raiders,,Entered,0,3.0,85.0,1507.0,170.0,2020,2024-12-02T16:07:00,https://on3static.com/uploads/assets/49/389/389049.png,https://www.on3.com/db/terry-wilkins-111912/,portal_industry_football_2025
Parker Jacobs,EDGE,Robert Morris Colonials,,Entered,0,3.0,85.0,1508.0,177.0,2019,2024-11-27T16:24:00,https://on3static.com/uploads/assets/691/387/387691.png,https://www.on3.com/db/parker-jacobs-144937/,portal_industry_football_2025
Christian Ruffin,CB,Norfolk State Spartans,,Entered,0,3.0,85.0,1509.0,254.0,2021,2024-11-28T12:22:00,https://on3static.com/uploads/assets/616/387/387616.png,https://www.on3.com/db/christian-ruffin-23146/,portal_industry_football_2025
Tyler Huenemann,DL,Harvard Crimson,,Entered,0,3.0,85.0,1510.0,231.0,2020,2024-11-26T12:41:00,https://on3static.com/uploads/assets/552/259/259552.jpeg,https://www.on3.com/db/tyler-huenemann-143764/,portal_industry_football_2025
Ni Mansell,IOL,South Carolina Gamecocks,South Alabama Jaguars,Committed,0,3.0,85.0,1511.0,171.0,2020,2025-01-11T17:05:00,https://on3static.com/uploads/assets/77/257/257077.jpg,https://www.on3.com/db/ni-mansell-180566/,portal_industry_football_2025
Malik Sherrod,RB,Fresno State Bulldogs,Boise State Broncos,Committed,0,3.0,87.0,1513.0,78.0,2020,2024-12-23T18:01:00,https://on3static.com/uploads/assets/97/390/390097.png,https://www.on3.com/db/malik-sherrod-81996/,portal_industry_football_2025
Kameron Wilson,DL,Cincinnati Bearcats,Miami (OH) RedHawks,Committed,0,3.0,85.0,1514.0,199.0,2020,2025-01-03T09:34:00,https://on3static.com/uploads/dev/assets/738/10/10738.jpg,https://www.on3.com/db/kameron-wilson-71076/,portal_industry_football_2025
Avante Dickerson,CB,Utah State Aggies,Arkansas State Red Wolves,Committed,0,3.0,86.0,1516.0,163.0,2021,2025-02-05T15:13:00,https://on3static.com/uploads/assets/947/12/12947.jpeg,https://www.on3.com/db/avante-dickerson-8861/,portal_industry_football_2025
Cam Burden,LB,Charlotte 49ers,Memphis Tigers,Committed,0,3.0,86.0,1517.0,117.0,2021,2024-12-26T19:41:00,https://on3static.com/uploads/assets/549/91/91549.jpg,https://www.on3.com/db/cam-burden-17442/,portal_industry_football_2025
Gabe Peterson,EDGE,Utah State Aggies,New Mexico State Aggies,Committed,0,3.0,85.0,1518.0,160.0,2022,2025-01-06T15:44:00,https://on3static.com/uploads/assets/69/99/99069.jpg,https://www.on3.com/db/gabe-peterson-150502/,portal_industry_football_2025
Simeon Harris,S,Utah State Aggies,Fresno State Bulldogs,Committed,0,3.0,85.0,1519.0,179.0,2022,2024-12-17T19:49:00,https://on3static.com/uploads/assets/145/22/22145.jpeg,https://www.on3.com/db/simeon-harris-107472/,portal_industry_football_2025
Jordyn Morgan,S,Louisiana Tech Bulldogs,,Entered,0,3.0,85.0,1521.0,184.0,2020,2024-12-05T13:50:00,https://on3static.com/uploads/dev/assets/187/9/9187.jpg,https://www.on3.com/db/jordyn-morgan-66330/,portal_industry_football_2025
Aaron Turner,WR,Cincinnati Bearcats,Rice Owls,Committed,0,3.0,85.0,1522.0,293.0,2021,2024-12-23T16:54:00,https://on3static.com/uploads/assets/353/226/226353.png,https://www.on3.com/db/aaron-turner-813/,portal_industry_football_2025
Spencer Rich,LB,Utah Tech Trailblazers,,Entered,0,3.0,85.0,1523.0,193.0,2021,2024-12-02T14:27:00,https://on3static.com/uploads/assets/414/214/214414.jpeg,https://www.on3.com/db/spencer-rich-178452/,portal_industry_football_2025
Marco Lainez,QB,Iowa Hawkeyes,Elon Phoenix,Committed,0,3.0,85.0,1524.0,147.0,2023,2025-01-06T11:16:00,https://on3static.com/uploads/assets/58/209/209058.JPG,https://www.on3.com/db/marco-lainez-82428/,portal_industry_football_2025
Dallas Fincher,IOL,Michigan State Spartans,San Diego State Aztecs,Committed,0,3.0,85.0,1525.0,172.0,2020,2024-12-13T11:09:00,https://on3static.com/uploads/assets/235/235/235235.png,https://www.on3.com/db/dallas-fincher-28184/,portal_industry_football_2025
Marcus Patterson,EDGE,Western Kentucky Hilltoppers,Kennesaw State Owls,Committed,0,3.0,85.0,1526.0,162.0,2022,2024-12-22T14:46:00,https://on3static.com/uploads/assets/430/88/88430.jpg,https://www.on3.com/db/marcus-patterson-149948/,portal_industry_football_2025
Jarvarius Sims,S,Connecticut Huskies,,Entered,0,3.0,85.0,1527.0,183.0,2022,2024-12-09T09:06:00,https://on3static.com/uploads/assets/596/264/264596.jpeg,https://www.on3.com/db/jarvarius-sims-57232/,portal_industry_football_2025
Jayland Parker,LB,NC State Wolfpack,,Entered,0,3.0,85.0,1528.0,175.0,2020,2024-12-09T08:17:00,https://on3static.com/uploads/dev/assets/252/10/10252.jpg,https://www.on3.com/db/jayland-parker-58789/,portal_industry_football_2025
Marcell Baylor,WR,Virginia Tech Hokies,,Entered,0,3.0,85.0,1529.0,302.0,2023,2024-12-09T08:39:00,https://on3static.com/uploads/assets/797/162/162797.png,https://www.on3.com/db/marcell-baylor-151122/,portal_industry_football_2025
B.J. Diakite,EDGE,Vanderbilt Commodores,,Entered,0,3.0,85.0,1530.0,159.0,2022,2024-12-09T10:46:00,https://on3static.com/uploads/assets/298/332/332298.png,https://www.on3.com/db/bj-diakite-10601/,portal_industry_football_2025
Emmett Morehead,QB,Old Dominion Monarchs,Minnesota Golden Gophers,Committed,0,3.0,85.0,1531.0,137.0,2021,2025-04-26T17:10:00,https://on3static.com/uploads/assets/198/16/16198.jpeg,https://www.on3.com/db/emmett-morehead-41837/,portal_industry_football_2025
James Stewart,DL,Middle Tennessee State Blue Raiders,,Entered,0,3.0,85.0,1532.0,198.0,2021,2024-12-09T10:26:00,,https://www.on3.com/db/james-stewart-55936/,portal_industry_football_2025
Ryan Robinson Jr.,CB,Iowa State Cyclones,McNeese State Cowboys,Committed,0,3.0,85.0,1533.0,224.0,2023,2025-01-11T11:56:00,https://on3static.com/uploads/assets/158/334/334158.png,https://www.on3.com/db/ryan-robinson-jr-103654/,portal_industry_football_2025
Malachi Riley,WR,Arizona Wildcats,San Jose State Spartans,Committed,0,3.0,85.0,1534.0,301.0,2023,,https://on3static.com/uploads/assets/775/307/307775.png,https://www.on3.com/db/malachi-riley-81454/,portal_industry_football_2025
Brandon Johnson,RB,Arizona Wildcats,,Entered,0,3.0,85.0,1535.0,174.0,2023,2024-12-09T09:54:00,https://on3static.com/uploads/assets/432/217/217432.png,https://www.on3.com/db/brandon-johnson-154291/,portal_industry_football_2025
Kyle Long,OT,Maryland Terrapins,East Carolina Pirates,Committed,0,3.0,85.0,1536.0,122.0,2021,2024-12-23T10:50:00,https://on3static.com/uploads/dev/assets/513/6/6513.jpg,https://www.on3.com/db/kyle-long-76739/,portal_industry_football_2025
Jackson Turner,QB,Louisiana Tech Bulldogs,,Entered,0,3.0,85.0,1537.0,135.0,2020,2024-12-09T16:21:00,,https://www.on3.com/db/jackson-turner-200412/,portal_industry_football_2025
William Hardrick,CB,Miami (OH) RedHawks,,Entered,0,3.0,85.0,1538.0,215.0,2021,2024-12-09T16:22:00,https://on3static.com/uploads/assets/691/15/15691.jpeg,https://www.on3.com/db/william-hardrick-121259/,portal_industry_football_2025
Bennett Walker,CB,San Diego State Aztecs,,Entered,0,3.0,85.0,1539.0,218.0,0,2024-12-09T11:20:00,https://on3static.com/uploads/assets/301/273/273301.png,https://www.on3.com/db/bennett-walker-178348/,portal_industry_football_2025
Angelo Anderson,DL,Tulane Green Wave,,Entered,0,3.0,85.0,1540.0,196.0,2020,2024-12-09T11:01:00,https://on3static.com/uploads/assets/103/74/74103.jpeg,https://www.on3.com/db/angelo-anderson-5711/,portal_industry_football_2025
Kenan Christon,RB,San Diego State Aztecs,,Entered,0,3.0,85.0,1541.0,158.0,2019,2024-12-09T11:41:00,https://on3static.com/uploads/dev/assets/914/4/4914.jpg,https://www.on3.com/db/kenan-christon-72673/,portal_industry_football_2025
Sam Adams II,RB,Washington Huskies,Sacramento State Hornets,Committed,0,3.0,85.0,1542.0,162.0,2020,2025-04-21T23:06:00,https://on3static.com/uploads/dev/assets/748/3/3748.jpg,https://www.on3.com/db/sam-adams-ii-104170/,portal_industry_football_2025
Jaylon Armstead,RB,San Diego State Aztecs,,Entered,0,3.0,85.0,1543.0,175.0,2020,2024-12-09T11:36:00,https://on3static.com/uploads/assets/448/178/178448.png,https://www.on3.com/db/jaylon-armstead-59074/,portal_industry_football_2025
Jamari Person,WR,Colorado State Rams,Liberty Flames,Committed,0,3.0,86.0,1544.0,257.0,2023,2025-01-12T14:44:00,https://on3static.com/uploads/assets/298/403/403298.png,https://www.on3.com/db/jamari-person-155373/,portal_industry_football_2025
Emeka Megwa,RB,Oklahoma Sooners,UNLV Rebels,Committed,0,3.0,85.0,1545.0,149.0,2021,2025-01-24T13:43:00,https://on3static.com/uploads/assets/73/24/24073.jpeg,https://www.on3.com/db/emeka-megwa-41660/,portal_industry_football_2025
Kyrik Mason,IOL,Georgia State Panthers,UAB Blazers,Committed,0,3.0,85.0,1546.0,160.0,2021,,https://on3static.com/uploads/assets/790/264/264790.png,https://www.on3.com/db/kyrik-mason-77252/,portal_industry_football_2025
Vili Taufatofua,EDGE,Utah Utes,San Jose State Spartans,Committed,0,3.0,85.0,1547.0,164.0,2022,,https://on3static.com/uploads/assets/792/584/584792.jpeg,https://www.on3.com/db/vili-taufatofua-178121/,portal_industry_football_2025
Walker Baty,IOL,UTSA Roadrunners,,Entered,0,3.0,85.0,1548.0,173.0,2020,2024-12-09T12:32:00,https://on3static.com/uploads/assets/957/73/73957.jpeg,https://www.on3.com/db/walker-baty-119998/,portal_industry_football_2025
Mike Williams,OT,Florida Gators,Towson Tigers,Committed,0,3.0,85.0,1549.0,152.0,2024,2025-01-10T23:12:00,https://on3static.com/uploads/assets/939/287/287939.png,https://www.on3.com/db/mike-williams-153168/,portal_industry_football_2025
Tyler Lawrence,OT,Air Force Falcons,New Mexico Lobos,Committed,0,3.0,85.0,1550.0,154.0,2022,2025-01-07T15:28:00,https://on3static.com/uploads/assets/613/401/401613.png,https://www.on3.com/db/tyler-lawrence-117765/,portal_industry_football_2025
Jalen Emery,CB,Houston Cougars,Western Kentucky Hilltoppers,Committed,0,3.0,85.0,1551.0,230.0,2021,2025-01-10T09:28:00,https://on3static.com/uploads/assets/969/24/24969.jpeg,https://www.on3.com/db/jalen-emery-54257/,portal_industry_football_2025
Ezekiel Larry,EDGE,San Diego State Aztecs,,Entered,0,3.0,85.0,1552.0,158.0,2022,2024-12-09T14:29:00,https://on3static.com/uploads/assets/495/570/570495.png,https://www.on3.com/db/ezekiel-larry-43561/,portal_industry_football_2025
Omari Porter,S,Stanford Cardinal,Rice Owls,Committed,0,3.0,85.0,1553.0,181.0,2020,,https://on3static.com/uploads/dev/assets/916/5/5916.jpg,https://www.on3.com/db/omari-porter-94458/,portal_industry_football_2025
James Jones,RB,Louisiana-Monroe Warhawks,Delaware State Hornets,Committed,0,3.0,85.0,1554.0,153.0,2022,,https://on3static.com/uploads/assets/194/576/576194.png,https://www.on3.com/db/james-jones-246943/,portal_industry_football_2025
Juwaun Price,RB,North Texas Mean Green,,Entered,0,3.0,85.0,1555.0,173.0,2019,2024-12-09T14:27:00,https://on3static.com/uploads/assets/28/87/87028.jpeg,https://www.on3.com/db/juwaun-price-70136/,portal_industry_football_2025
Kyran Bourda,DL,Arizona State Sun Devils,Texas State Bobcats,Committed,0,3.0,85.0,1556.0,200.0,2023,,https://on3static.com/uploads/assets/451/582/582451.png,https://www.on3.com/db/kyran-bourda-77200/,portal_industry_football_2025
Harrison Utley,IOL,Kansas Jayhawks,,Entered,0,3.0,85.0,1557.0,178.0,2024,2024-12-09T17:17:00,https://on3static.com/uploads/assets/637/193/193637.jpg,https://www.on3.com/db/harrison-utley-152890/,portal_industry_football_2025
Ahmere Foster,CB,Marshall Thundering Herd,Southern Miss Golden Eagles,Committed,0,3.0,86.0,1558.0,177.0,2023,2024-12-20T16:23:00,https://on3static.com/uploads/assets/264/47/47264.jpeg,https://www.on3.com/db/ahmere-foster-151456/,portal_industry_football_2025
Cam East,OT,Ole Miss Rebels,Tulsa Golden Hurricane,Committed,0,3.0,85.0,1559.0,157.0,2022,2025-04-28T10:21:00,https://on3static.com/uploads/assets/793/331/331793.png,https://www.on3.com/db/cam-east-17458/,portal_industry_football_2025
Charlie Skehan,TE,Kent State Golden Flashes,,Entered,0,3.0,85.0,1560.0,100.0,2021,2024-12-10T11:58:00,https://on3static.com/uploads/assets/526/328/328526.png,https://www.on3.com/db/charlie-skehan-243441/,portal_industry_football_2025
Noah Rosahac,OT,Syracuse Orange,Delaware Fightin' Blue Hens,Committed,0,3.0,85.0,1561.0,139.0,2024,2025-01-01T10:38:00,https://on3static.com/uploads/assets/834/157/157834.png,https://www.on3.com/db/noah-rosahac-159058/,portal_industry_football_2025
Tommy Ziesmer,DL,Kentucky Wildcats,Eastern Kentucky Colonels,Committed,0,3.0,85.0,1562.0,218.0,2023,,https://on3static.com/uploads/assets/293/222/222293.png,https://www.on3.com/db/tommy-ziesmer-113718/,portal_industry_football_2025
Chris Keys,S,Mississippi State Bulldogs,Florida Atlantic Owls,Committed,0,3.0,85.0,1563.0,198.0,2020,2025-05-01T13:46:00,https://on3static.com/uploads/dev/assets/195/6/6195.jpg,https://www.on3.com/db/chris-keys-23364/,portal_industry_football_2025
D'marius Rucker,RB,Coastal Carolina Chanticleers,,Entered,0,3.0,85.0,1564.0,171.0,2024,2024-12-10T15:08:00,https://on3static.com/uploads/assets/473/340/340473.png,https://www.on3.com/db/dmarius-rucker-37380/,portal_industry_football_2025
Bralon Brown,WR,Marshall Thundering Herd,Southern Miss Golden Eagles,Committed,0,3.0,85.0,1565.0,308.0,2021,,https://on3static.com/uploads/assets/958/266/266958.png,https://www.on3.com/db/bralon-brown-12011/,portal_industry_football_2025
Darrell Starling Jr.,S,Troy Trojans,,Entered,0,3.0,85.0,1566.0,203.0,2020,2024-12-10T14:06:00,https://on3static.com/uploads/assets/50/266/266050.png,https://www.on3.com/db/darrell-starling-jr-30686/,portal_industry_football_2025
Ja'Ryan Wallace,WR,Houston Cougars,,Entered,0,3.0,85.0,1567.0,310.0,2023,2024-12-10T15:00:00,https://on3static.com/uploads/assets/399/223/223399.png,https://www.on3.com/db/jaryan-wallace-146415/,portal_industry_football_2025
Cole Pennington,QB,Marshall Thundering Herd,,Entered,0,3.0,85.0,1568.0,152.0,2022,2024-12-10T09:45:00,https://on3static.com/uploads/assets/95/26/26095.png,https://www.on3.com/db/cole-pennington-24823/,portal_industry_football_2025
D.J. Stepney,S,Marshall Thundering Herd,Akron Zips,Committed,0,3.0,85.0,1569.0,206.0,2021,2025-05-18T16:58:00,https://on3static.com/uploads/assets/950/306/306950.png,https://www.on3.com/db/dj-stepney-27670/,portal_industry_football_2025
Donovan Spellman,LB,Charlotte 49ers,UNLV Rebels,Committed,0,3.0,85.0,1570.0,190.0,2022,2025-04-28T12:18:00,https://on3static.com/uploads/assets/147/170/170147.png,https://www.on3.com/db/donovan-spellman-38253/,portal_industry_football_2025
Uche Iloh,DL,Georgia Tech Yellow Jackets,Georgia Southern Eagles,Committed,0,3.0,86.0,1571.0,106.0,2024,2024-12-21T17:01:00,https://on3static.com/uploads/assets/537/333/333537.png,https://www.on3.com/db/uche-iloh-176401/,portal_industry_football_2025
C.J. Jacobsen,TE,Utah Utes,Louisville Cardinals,Committed,0,3.0,86.0,1572.0,84.0,2023,2025-04-23T20:45:00,https://on3static.com/uploads/assets/88/219/219088.png,https://www.on3.com/db/cj-jacobsen-145607/,portal_industry_football_2025
Jake Bostick,WR,Texas A&M Aggies,,Entered,0,3.0,85.0,1573.0,272.0,2022,2024-12-11T11:59:00,https://on3static.com/uploads/assets/593/139/139593.JPG,https://www.on3.com/db/jake-bostick-51809/,portal_industry_football_2025
Ethan Boyd,OT,Colorado Buffaloes,,Entered,0,3.0,85.0,1574.0,127.0,2021,2024-12-11T12:01:00,https://on3static.com/uploads/assets/239/235/235239.png,https://www.on3.com/db/ethan-boyd-42870/,portal_industry_football_2025
Jayven Anderson,S,North Texas Mean Green,,Entered,0,3.0,85.0,1575.0,185.0,2023,2024-12-11T14:39:00,https://on3static.com/uploads/assets/642/219/219642.png,https://www.on3.com/db/jayven-anderson-149998/,portal_industry_football_2025
Fernando Garza,TE,Sam Houston State Bearkats,,Entered,0,3.0,85.0,1576.0,111.0,2021,2024-12-11T14:49:00,https://on3static.com/uploads/assets/940/71/71940.jpeg,https://www.on3.com/db/fernando-garza-43782/,portal_industry_football_2025
Quincy Ivory,EDGE,Florida Gators,Jackson State Tigers,Committed,0,3.0,85.0,1577.0,172.0,2020,2024-12-19T14:51:00,https://on3static.com/uploads/assets/474/335/335474.png,https://www.on3.com/db/quincy-ivory-144204/,portal_industry_football_2025
Stone Earle,QB,Marshall Thundering Herd,Abilene Christian Wildcats,Committed,0,3.0,85.0,1578.0,154.0,2020,,https://on3static.com/uploads/assets/119/26/26119.png,https://www.on3.com/db/stone-earle-109179/,portal_industry_football_2025
Destin Wade,QB,Colorado Buffaloes,North Alabama Lions,Committed,0,3.0,85.0,1579.0,155.0,2022,2024-12-28T14:25:00,https://on3static.com/uploads/assets/670/16/16670.jpeg,https://www.on3.com/db/destin-wade-35679/,portal_industry_football_2025
Eddie Lee Marburger,QB,UTSA Roadrunners,,Entered,0,3.0,85.0,1580.0,158.0,2021,2024-12-10T15:47:00,https://on3static.com/uploads/assets/739/73/73739.jpeg,https://www.on3.com/db/eddie-lee-marburger-40579/,portal_industry_football_2025
Jalon Peoples,CB,Texas Tech Red Raiders,North Dakota State Bison,Committed,0,3.0,85.0,1581.0,251.0,2022,2025-01-17T09:46:00,https://on3static.com/uploads/assets/576/405/405576.jpg,https://www.on3.com/db/jalon-peoples-54685/,portal_industry_football_2025
Juwon Gaston,CB,Houston Cougars,Middle Tennessee State Blue Raiders,Committed,0,3.0,85.0,1582.0,255.0,2021,2025-01-14T17:32:00,https://on3static.com/uploads/assets/370/223/223370.png,https://www.on3.com/db/juwon-gaston-70138/,portal_industry_football_2025
Kaden Carr,IOL,Texas Tech Red Raiders,,Entered,0,3.0,85.0,1583.0,181.0,2023,2024-12-11T08:59:00,https://on3static.com/uploads/assets/255/167/167255.png,https://www.on3.com/db/kaden-carr-70360/,portal_industry_football_2025
Malik McConico,S,Utah State Aggies,Arkansas State Red Wolves,Committed,0,3.0,85.0,1584.0,207.0,2022,2025-06-15T15:57:00,,https://www.on3.com/db/malik-mcconico-81917/,portal_industry_football_2025
Tychaun Chapman,WR,Marshall Thundering Herd,Southern Miss Golden Eagles,Committed,0,3.0,85.0,1585.0,274.0,2022,2024-12-20T21:51:00,https://on3static.com/uploads/assets/777/87/87777.jpg,https://www.on3.com/db/tychaun-chapman-117177/,portal_industry_football_2025
Cyrus Durham,EDGE,Arizona Wildcats,Akron Zips,Committed,0,3.0,85.0,1586.0,156.0,0,2024-12-31T11:11:00,https://on3static.com/uploads/assets/821/307/307821.png,https://www.on3.com/db/cyrus-durham-239555/,portal_industry_football_2025
Eliyt Nairne,DL,Liberty Flames,Tulane Green Wave,Committed,0,3.0,85.0,1587.0,221.0,2023,2024-12-23T20:27:00,https://on3static.com/uploads/assets/185/392/392185.png,https://www.on3.com/db/eliyt-nairne-175304/,portal_industry_football_2025
Daytione Smith,S,Marshall Thundering Herd,,Entered,0,3.0,85.0,1588.0,202.0,2020,2024-12-12T11:54:00,,https://www.on3.com/db/daytione-smith-32695/,portal_industry_football_2025
Demick Starling,WR,Western Kentucky Hilltoppers,,Entered,0,3.0,85.0,1589.0,309.0,2020,2024-12-12T11:57:00,https://on3static.com/uploads/dev/assets/753/9/9753.jpg,https://www.on3.com/db/demick-starling-34049/,portal_industry_football_2025
Demetrius Hill,S,Illinois Fighting Illini,FIU Golden Panthers,Committed,0,3.0,85.0,1590.0,192.0,2021,2025-01-06T16:45:00,https://on3static.com/uploads/assets/279/76/76279.jpeg,https://www.on3.com/db/demetrius-hill-33967/,portal_industry_football_2025
Jaron Glover,WR,Michigan State Spartans,Mississippi State Bulldogs,Committed,0,3.0,85.0,1591.0,318.0,2022,2024-12-13T15:40:00,https://on3static.com/uploads/assets/134/235/235134.png,https://www.on3.com/db/jaron-glover-56990/,portal_industry_football_2025
Wesley Horton,IOL,Western Kentucky Hilltoppers,,Entered,0,3.0,85.0,1592.0,147.0,2020,2024-12-16T16:11:00,https://on3static.com/uploads/assets/465/76/76465.jpg,https://www.on3.com/db/wesley-horton-144542/,portal_industry_football_2025
Dominick Hill,CB,Liberty Flames,Southern Miss Golden Eagles,Committed,0,3.0,85.0,1593.0,213.0,2020,2024-12-20T21:35:00,https://on3static.com/uploads/dev/assets/639/4/4639.jpg,https://www.on3.com/db/dominick-hill-37599/,portal_industry_football_2025
Dominique Johnson,RB,TCU Horned Frogs,,Entered,0,3.0,85.0,1594.0,152.0,2020,2024-12-16T11:18:00,https://on3static.com/uploads/assets/398/393/393398.png,https://www.on3.com/db/dominique-johnson-144420/,portal_industry_football_2025
Isaiah Dunson,CB,Baylor Bears,Georgia State Panthers,Committed,0,3.0,85.0,1595.0,246.0,2020,2025-06-08T11:17:00,https://on3static.com/uploads/assets/844/17/17844.jpeg,https://www.on3.com/db/isaiah-dunson-49456/,portal_industry_football_2025
Jibreel Al-amin,LB,Jacksonville State Gamecocks,Marshall Thundering Herd,Committed,0,3.0,85.0,1596.0,188.0,2022,2024-12-24T11:51:00,https://on3static.com/uploads/assets/219/181/181219.png,https://www.on3.com/db/jibreel-al-amin-61545/,portal_industry_football_2025
Anthony Richard,CB,Marshall Thundering Herd,Southern Miss Golden Eagles,Committed,0,3.0,85.0,1598.0,253.0,2021,2025-01-15T21:28:00,https://on3static.com/uploads/assets/99/405/405099.png,https://www.on3.com/db/anthony-richard-6487/,portal_industry_football_2025
Ma'Kyi Lee,OT,North Texas Mean Green,New Mexico State Aggies,Committed,0,3.0,85.0,1599.0,124.0,2020,2025-01-15T15:43:00,https://on3static.com/uploads/assets/323/164/164323.jpeg,https://www.on3.com/db/makyi-lee-81103/,portal_industry_football_2025
Garner Langlo,IOL,Appalachian State Mountaineers,,Entered,0,3.0,85.0,1600.0,157.0,2021,2024-12-17T10:55:00,https://on3static.com/uploads/assets/995/17/17995.jpeg,https://www.on3.com/db/garner-langlo-44841/,portal_industry_football_2025
Max Lofy,CB,Wisconsin Badgers,Rice Owls,Committed,0,3.0,85.0,1601.0,216.0,2020,2025-01-24T16:52:00,https://on3static.com/uploads/assets/381/18/18381.jpeg,https://www.on3.com/db/max-lofy-86647/,portal_industry_football_2025
Louce Julien,EDGE,Massachusetts Minutemen,Toledo Rockets,Committed,0,3.0,87.0,1602.0,69.0,2021,2024-12-29T08:51:00,https://on3static.com/uploads/assets/168/394/394168.png,https://www.on3.com/db/louce-julien-145146/,portal_industry_football_2025
Martavious Collins,TE,UTEP Miners,Florida Atlantic Owls,Committed,0,3.0,86.0,1603.0,82.0,2024,2024-12-24T13:46:00,https://on3static.com/uploads/assets/652/184/184652.png,https://www.on3.com/db/martavious-collins-84413/,portal_industry_football_2025
Tanner Welch,IOL,Southern Miss Golden Eagles,,Entered,0,3.0,85.0,1604.0,174.0,2023,2024-12-18T11:28:00,https://on3static.com/uploads/assets/987/525/525987.png,https://www.on3.com/db/tanner-welch-110219/,portal_industry_football_2025
Matt Jones,RB,Ole Miss Rebels,Southern Miss Golden Eagles,Committed,0,3.0,85.0,1605.0,172.0,2021,2025-01-15T18:59:00,https://on3static.com/uploads/assets/785/331/331785.png,https://www.on3.com/db/matt-jones-145287/,portal_industry_football_2025
Aloali'i Maui,IOL,Utah State Aggies,Southern Miss Golden Eagles,Committed,0,3.0,85.0,1606.0,163.0,2022,2024-12-23T15:09:00,https://on3static.com/uploads/assets/532/396/396532.png,https://www.on3.com/db/aloalii-maui-247277/,portal_industry_football_2025
Joshua Franklin,CB,Western Michigan Broncos,,Entered,0,3.0,85.0,1607.0,244.0,2023,2024-12-19T19:40:00,,https://www.on3.com/db/joshua-franklin-151359/,portal_industry_football_2025
Curt Neal,DL,Wisconsin Badgers,Illinois Fighting Illini,Committed,0,3.0,86.0,1608.0,114.0,2022,2024-12-21T17:55:00,https://on3static.com/uploads/assets/169/222/222169.png,https://www.on3.com/db/curt-neal-27172/,portal_industry_football_2025
Mani Powell,LB,UNLV Rebels,Purdue Boilermakers,Committed,0,3.0,86.0,1609.0,146.0,2022,2025-01-03T08:11:00,https://on3static.com/uploads/assets/857/407/407857.png,https://www.on3.com/db/mani-powell-82151/,portal_industry_football_2025
Miquon Merriweather,DL,UAB Blazers,Southwest Mississippi Community College Bears,Committed,0,3.0,85.0,1610.0,188.0,2023,,https://on3static.com/uploads/assets/123/558/558123.png,https://www.on3.com/db/miquon-merriweather-175905/,portal_industry_football_2025
C.J. McCray,DL,Virginia Tech Hokies,Cincinnati Bearcats,Committed,0,3.0,85.0,1611.0,195.0,2020,2025-01-05T20:30:00,https://on3static.com/uploads/assets/55/72/72055.jpg,https://www.on3.com/db/cj-mccray-16449/,portal_industry_football_2025
Derick Hunter,DL,Memphis Tigers,,Entered,0,3.0,85.0,1613.0,229.0,2019,2024-12-20T12:20:00,https://on3static.com/uploads/assets/978/213/213978.jpeg,https://www.on3.com/db/derick-hunter-142547/,portal_industry_football_2025
Shadwel Nkuba II,CB,Louisiana Ragin Cajuns,,Entered,0,3.0,85.0,1614.0,258.0,2020,2024-12-20T09:55:00,https://on3static.com/uploads/assets/662/394/394662.jpg,https://www.on3.com/db/shadwel-nkuba-ii-106183/,portal_industry_football_2025
Tyhler Williams,IOL,Akron Zips,Georgia State Panthers,Committed,0,3.0,85.0,1615.0,164.0,2022,2025-01-10T13:06:00,https://on3static.com/uploads/assets/713/402/402713.png,https://www.on3.com/db/tyhler-williams-150333/,portal_industry_football_2025
Kyre Duplessis,WR,Coastal Carolina Chanticleers,Delaware Fightin' Blue Hens,Committed,0,3.0,85.0,1616.0,312.0,2020,,https://on3static.com/uploads/assets/453/340/340453.png,https://www.on3.com/db/kyre-duplessis-245022/,portal_industry_football_2025
Shamarr Jackson,OT,New Mexico State Aggies,Appalachian State Mountaineers,Committed,0,3.0,85.0,1617.0,144.0,2020,2025-01-11T17:32:00,https://on3static.com/uploads/assets/69/403/403069.png,https://www.on3.com/db/shamarr-jackson-175532/,portal_industry_football_2025
Jelani Davis,DL,Southern University Jaguars,Kent State Golden Flashes,Committed,0,3.0,85.0,1618.0,206.0,2020,2025-05-14T11:30:00,https://on3static.com/uploads/assets/281/143/143281.jpeg,https://www.on3.com/db/jelani-davis-158581/,portal_industry_football_2025
Antoineo Harris Jr.,EDGE,New Mexico Lobos,Utah State Aggies,Committed,0,3.0,85.0,1619.0,174.0,2020,2025-01-24T13:25:00,https://on3static.com/uploads/assets/531/469/469531.png,https://www.on3.com/db/antoineo-harris-jr-242690/,portal_industry_football_2025
La'Vell Wright,RB,Austin Peay Governors,Western Kentucky Hilltoppers,Committed,0,3.0,85.0,1621.0,145.0,2021,2024-12-25T07:34:00,https://on3static.com/uploads/assets/149/396/396149.png,https://www.on3.com/db/lavell-wright-77384/,portal_industry_football_2025
Devon Smith,OT,Louisiana-Monroe Warhawks,Western Kentucky Hilltoppers,Committed,0,3.0,85.0,1622.0,137.0,2021,,https://on3static.com/uploads/assets/953/178/178953.png,https://www.on3.com/db/devon-smith-36462/,portal_industry_football_2025
Jordin Parker,WR,Western Michigan Broncos,,Entered,0,3.0,85.0,1623.0,320.0,2020,2024-12-26T18:24:00,https://on3static.com/uploads/assets/655/265/265655.png,https://www.on3.com/db/jordin-parker-179799/,portal_industry_football_2025
Keyshawn Cobb,S,Nevada Wolf Pack,,Entered,0,3.0,85.0,1624.0,172.0,2019,2024-12-27T21:46:00,https://on3static.com/uploads/assets/921/396/396921.jpg,https://www.on3.com/db/keyshawn-cobb-147597/,portal_industry_football_2025
Venson Sneed,DL,Indiana Hoosiers,Western Kentucky Hilltoppers,Committed,0,3.0,85.0,1625.0,245.0,2022,2025-01-07T09:35:00,https://on3static.com/uploads/assets/985/396/396985.png,https://www.on3.com/db/venson-sneed-119393/,portal_industry_football_2025
Casey Cain,WR,UNLV Rebels,Liberty Flames,Committed,0,3.0,84.0,1626.0,380.0,2021,2025-01-09T19:54:00,https://on3static.com/uploads/assets/909/15/15909.jpeg,https://www.on3.com/db/casey-cain-19029/,portal_industry_football_2025
Anwar Lewis,RB,Jacksonville State Gamecocks,,Entered,0,3.0,85.0,1627.0,148.0,2019,2024-12-28T20:21:00,https://on3static.com/uploads/assets/231/181/181231.png,https://www.on3.com/db/anwar-lewis-7304/,portal_industry_football_2025
Anthony Brown,S,Purdue Boilermakers,South Alabama Jaguars,Committed,0,3.0,85.0,1629.0,190.0,2022,2025-01-12T21:16:00,https://on3static.com/uploads/assets/485/343/343485.png,https://www.on3.com/db/anthony-brown-5931/,portal_industry_football_2025
Jamari Ferrell,RB,Wyoming Cowboys,,Entered,0,3.0,85.0,1630.0,168.0,2019,2024-12-28T19:59:00,,https://www.on3.com/db/jamari-ferrell-55117/,portal_industry_football_2025
Dontavius Nash,CB,East Carolina Pirates,Michigan State Spartans,Committed,0,3.0,86.0,1631.0,204.0,2021,2025-05-06T06:05:00,https://on3static.com/uploads/dev/assets/137/10/10137.jpg,https://www.on3.com/db/dontavius-nash-38368/,portal_industry_football_2025
Jake Eichorn,OT,BYU Cougars,,Entered,0,3.0,85.0,1632.0,161.0,0,2024-12-30T19:44:00,https://on3static.com/uploads/assets/120/398/398120.png,https://www.on3.com/db/jake-eichorn-179699/,portal_industry_football_2025
Damian Henderson,RB,Colorado State Rams,Sacramento State Hornets,Committed,0,3.0,85.0,1633.0,156.0,2023,2025-01-01T10:51:00,https://on3static.com/uploads/assets/709/398/398709.png,https://www.on3.com/db/damian-henderson-152812/,portal_industry_football_2025
Ismael Smith Flores,LB,Nebraska Cornhuskers,The University of Texas Rio Grande Valley Vaqueros,Committed,0,3.0,85.0,1634.0,174.0,2023,2025-01-19T09:57:00,https://on3static.com/uploads/assets/474/333/333474.png,https://www.on3.com/db/ismael-smith-flores-157742/,portal_industry_football_2025
Jalen Lee,DL,LSU Tigers,UNLV Rebels,Committed,0,3.0,85.0,1635.0,233.0,2020,2025-01-13T17:07:00,https://on3static.com/uploads/assets/947/17/17947.jpeg,https://www.on3.com/db/jalen-lee-54357/,portal_industry_football_2025
Aaryn Parks,OT,South Carolina Gamecocks,Southern Miss Golden Eagles,Committed,0,3.0,85.0,1636.0,155.0,2020,2025-01-13T11:12:00,https://on3static.com/uploads/assets/521/18/18521.jpeg,https://www.on3.com/db/aaryn-parks-878/,portal_industry_football_2025
Khari Gee,S,Georgia Tech Yellow Jackets,Chattanooga Mocs,Committed,0,3.0,85.0,1637.0,210.0,2021,,https://on3static.com/uploads/assets/351/16/16351.jpeg,https://www.on3.com/db/khari-gee-74980/,portal_industry_football_2025
Collin Gill,CB,Georgia Bulldogs,Charlotte 49ers,Committed,0,3.0,85.0,1638.0,229.0,2023,2025-01-19T09:16:00,https://on3static.com/uploads/assets/638/401/401638.png,https://www.on3.com/db/collin-gill-150052/,portal_industry_football_2025
Poukesi Vakauta,DL,Colorado State Rams,,Entered,0,3.0,85.0,1639.0,216.0,2020,2025-01-10T09:06:00,,https://www.on3.com/db/poukesi-vakauta-96769/,portal_industry_football_2025
Joseph Reddish,CB,Wingate Bulldogs,Virginia Tech Hokies,Committed,0,3.0,85.0,1640.0,259.0,2023,2024-12-23T23:38:00,https://on3static.com/uploads/assets/458/403/403458.png,https://www.on3.com/db/joseph-reddish-248401/,portal_industry_football_2025
Kai Rapolla,CB,Cal Poly Mustangs,Washington State Cougars,Committed,0,3.0,86.0,1641.0,137.0,2022,2025-01-10T21:00:00,https://on3static.com/uploads/assets/847/402/402847.png,https://www.on3.com/db/kai-rapolla-248381/,portal_industry_football_2025
Javon Robinson,WR,Grambling State Tigers,Georgia State Panthers,Committed,0,3.0,85.0,1642.0,283.0,2023,2025-01-10T13:10:00,https://on3static.com/uploads/assets/715/402/402715.png,https://www.on3.com/db/javon-robinson-158840/,portal_industry_football_2025
Miller McCrumby,TE,Arkansas State Red Wolves,South Alabama Jaguars,Committed,0,3.0,85.0,1643.0,123.0,2022,2025-01-12T13:42:00,https://on3static.com/uploads/assets/282/403/403282.png,https://www.on3.com/db/miller-mccrumby-89768/,portal_industry_football_2025
Jordan Huff,S,East Carolina Pirates,Georgia State Panthers,Committed,0,3.0,85.0,1644.0,212.0,2019,2025-01-11T20:49:00,https://on3static.com/uploads/dev/assets/914/10/10914.jpg,https://www.on3.com/db/jordan-huff-142907/,portal_industry_football_2025
Caleb Anderson,CB,Louisiana Ragin Cajuns,Michigan Wolverines,Committed,0,3.0,85.0,1645.0,221.0,2020,2025-01-12T19:04:00,https://on3static.com/uploads/assets/788/404/404788.png,https://www.on3.com/db/caleb-anderson-16870/,portal_industry_football_2025
Caleb Dozier,LB,Georgia Tech Yellow Jackets,South Alabama Jaguars,Committed,0,3.0,85.0,1646.0,170.0,2024,2025-01-13T13:21:00,https://on3static.com/uploads/assets/522/333/333522.png,https://www.on3.com/db/caleb-dozier-151511/,portal_industry_football_2025
AJ Edwards,CB,Texas State Bobcats,Sam Houston State Bearkats,Committed,0,3.0,85.0,1647.0,225.0,2020,2025-01-12T22:21:00,https://on3static.com/uploads/assets/693/75/75693.jpeg,https://www.on3.com/db/aj-edwards-147346/,portal_industry_football_2025
Jayvon Henderson,CB,East Tennessee State Buccaneers,South Alabama Jaguars,Committed,0,3.0,85.0,1648.0,232.0,2022,2025-01-13T14:28:00,https://on3static.com/uploads/assets/150/404/404150.png,https://www.on3.com/db/jayvon-henderson-190057/,portal_industry_football_2025
Brandon Best,IOL,Georgia Tech Yellow Jackets,Kennesaw State Owls,Committed,0,3.0,85.0,1649.0,183.0,2022,2025-04-14T13:09:00,https://on3static.com/uploads/assets/583/86/86583.jpg,https://www.on3.com/db/brandon-best-12198/,portal_industry_football_2025
Kershawn Fisher,EDGE,Nicholls State Colonels,Western Michigan Broncos,Committed,0,3.0,85.0,1650.0,178.0,2020,2025-01-14T10:02:00,https://on3static.com/uploads/assets/517/132/132517.jpeg,https://www.on3.com/db/kershawn-fisher-73751/,portal_industry_football_2025
CJ Montes,QB,Fordham Rams,Kent State Golden Flashes,Committed,0,3.0,85.0,1651.0,153.0,2021,2025-01-15T07:35:00,https://on3static.com/uploads/assets/100/405/405100.png,https://www.on3.com/db/cj-montes-23637/,portal_industry_football_2025
Max Harris,LB,Texas State Bobcats,Arizona Wildcats,Committed,0,3.0,86.0,1652.0,152.0,2022,2025-01-12T13:26:00,https://on3static.com/uploads/assets/906/275/275906.png,https://www.on3.com/db/max-harris-239622/,portal_industry_football_2025
Isaiah Garcia-Castaneda,WR,Nebraska Cornhuskers,South Dakota State Jackrabbits,Committed,0,3.0,85.0,1653.0,282.0,2019,2025-02-02T18:57:00,https://on3static.com/uploads/assets/633/336/336633.png,https://www.on3.com/db/isaiah-garcia-castaneda-49493/,portal_industry_football_2025
Elijah Williams,IOL,Kent State Golden Flashes,Western Kentucky Hilltoppers,Committed,0,3.0,85.0,1654.0,156.0,2024,2025-01-20T12:01:00,https://on3static.com/uploads/assets/632/406/406632.png,https://www.on3.com/db/elijah-williams-236278/,portal_industry_football_2025
Da'Veawn Armstead,S,Sam Houston State Bearkats,North Texas Mean Green,Committed,0,3.0,86.0,1655.0,104.0,2021,2024-12-22T13:33:00,https://on3static.com/uploads/assets/584/181/181584.png,https://www.on3.com/db/daveawn-armstead-27777/,portal_industry_football_2025
Jaylen Castleberry,CB,Youngstown State Penguins,Temple Owls,Committed,0,3.0,86.0,1656.0,205.0,2021,2025-01-18T10:26:00,https://on3static.com/uploads/assets/595/406/406595.png,https://www.on3.com/db/jaylen-castleberry-58832/,portal_industry_football_2025
Izayah Cummings,TE,Louisville Cardinals,Appalachian State Mountaineers,Committed,0,3.0,86.0,1657.0,69.0,2020,2025-04-20T13:09:00,https://on3static.com/uploads/dev/assets/778/2/2778.jpg,https://www.on3.com/db/izayah-cummings-50205/,portal_industry_football_2025
Antonio Parker,S,Purdue Boilermakers,,Entered,0,3.0,85.0,1658.0,208.0,2025,2025-01-28T13:37:00,https://on3static.com/uploads/assets/239/184/184239.jpg,https://www.on3.com/db/antonio-parker-175113/,portal_industry_football_2025
Janik Ogunlade,IOL,Florida A&M Rattlers,New Mexico State Aggies,Committed,0,3.0,85.0,1659.0,155.0,2021,2025-01-29T15:40:00,https://on3static.com/uploads/assets/847/132/132847.jpeg,https://www.on3.com/db/janik-ogunlade-56371/,portal_industry_football_2025
Deven Wright,EDGE,Texas State Bobcats,Sacramento State Hornets,Committed,0,3.0,84.0,1660.0,205.0,2020,2025-04-23T10:36:00,https://on3static.com/uploads/assets/804/88/88804.jpeg,https://www.on3.com/db/deven-wright-35865/,portal_industry_football_2025
Bryant Williams,WR,Tennessee State Tigers,,Entered,0,3.0,85.0,1661.0,275.0,2019,2025-03-18T16:12:00,https://on3static.com/uploads/assets/198/428/428198.png,https://www.on3.com/db/bryant-williams-250136/,portal_industry_football_2025
Al Wooten II,RB,Duke Blue Devils,,Entered,0,3.0,85.0,1662.0,160.0,2020,2025-03-26T11:41:00,https://on3static.com/uploads/assets/356/317/317356.png,https://www.on3.com/db/al-wooten-ii-2411/,portal_industry_football_2025
Marquis Crosby,RB,Louisiana Tech Bulldogs,Oregon State Beavers,Committed,0,3.0,85.0,1663.0,161.0,2021,2025-05-05T09:37:00,https://on3static.com/uploads/assets/633/428/428633.png,https://www.on3.com/db/marquis-crosby-84133/,portal_industry_football_2025
Gerard Bullock,TE,Tennessee State Tigers,Kennesaw State Owls,Committed,0,3.0,85.0,1664.0,114.0,2020,2025-04-11T10:44:00,https://on3static.com/uploads/assets/585/429/429585.png,https://www.on3.com/db/gerard-bullock-163428/,portal_industry_football_2025
Gavin Ransaw,DL,Coastal Carolina Chanticleers,Arkansas State Red Wolves,Committed,0,3.0,87.0,1665.0,82.0,2021,2025-05-01T16:53:00,https://on3static.com/uploads/assets/306/440/440306.jpg,https://www.on3.com/db/gavin-ransaw-245036/,portal_industry_football_2025
Mason Woods,LB,Kent State Golden Flashes,,Entered,0,3.0,85.0,1666.0,168.0,2021,2025-04-14T12:39:00,https://on3static.com/uploads/assets/952/275/275952.png,https://www.on3.com/db/mason-woods-84933/,portal_industry_football_2025
Daniel Ogundipe,OT,FIU Golden Panthers,Albany Great Danes,Committed,0,3.0,85.0,1667.0,145.0,2021,2025-05-08T09:06:00,https://on3static.com/uploads/assets/931/438/438931.jpg,https://www.on3.com/db/daniel-ogundipe-29381/,portal_industry_football_2025
Khian'Dre Harris,CB,Old Dominion Monarchs,,Entered,0,3.0,85.0,1668.0,242.0,2021,2025-04-08T10:43:00,https://on3static.com/uploads/assets/890/437/437890.jpg,https://www.on3.com/db/khiandre-harris-75028/,portal_industry_football_2025
Melvin Swindle,DL,Eastern Michigan Eagles,Sacramento State Hornets,Committed,0,3.0,85.0,1669.0,236.0,2021,2025-04-23T10:39:00,https://on3static.com/uploads/assets/471/437/437471.png,https://www.on3.com/db/melvin-swindle-87051/,portal_industry_football_2025
Kolbe Cage,LB,Southern Miss Golden Eagles,,Entered,0,3.0,85.0,1671.0,189.0,2021,2025-04-14T14:59:00,https://on3static.com/uploads/assets/477/16/16477.jpeg,https://www.on3.com/db/kolbe-cage-75715/,portal_industry_football_2025
Myles Parker,DL,Tennessee Tech Golden Eagles,Houston Cougars,Committed,0,3.0,87.0,1672.0,45.0,2023,2025-04-18T15:26:00,https://on3static.com/uploads/assets/787/440/440787.jpg,https://www.on3.com/db/myles-parker-250690/,portal_industry_football_2025
Emmanuel Waller,DL,UAB Blazers,,Entered,0,3.0,85.0,1673.0,197.0,2023,2025-04-16T10:43:00,https://on3static.com/uploads/assets/742/54/54742.png,https://www.on3.com/db/emmanuel-waller-149091/,portal_industry_football_2025
Adham Abouraya,OT,Pittsburgh Panthers,,Entered,0,3.0,85.0,1674.0,146.0,2024,2025-04-16T10:24:00,https://on3static.com/uploads/assets/375/238/238375.png,https://www.on3.com/db/adham-abouraya-154372/,portal_industry_football_2025
Jacolby Spells,CB,West Virginia Mountaineers,,Entered,0,3.0,85.0,1675.0,227.0,2022,2025-04-16T09:39:00,https://on3static.com/uploads/assets/809/85/85809.jpeg,https://www.on3.com/db/jacolby-spells-52417/,portal_industry_football_2025
Austin Barrett,OT,Indiana Hoosiers,Iowa State Cyclones,Committed,0,3.0,85.0,1676.0,148.0,2023,2025-04-19T18:19:00,https://on3static.com/uploads/assets/936/465/465936.PNG,https://www.on3.com/db/austin-barrett-8172/,portal_industry_football_2025
Matthew Ogunniyi,TE,Rutgers Scarlet Knights,Massachusetts Minutemen,Committed,0,3.0,85.0,1677.0,113.0,2024,2025-05-09T16:42:00,https://on3static.com/uploads/assets/541/304/304541.png,https://www.on3.com/db/matthew-ogunniyi-163334/,portal_industry_football_2025
Traevon Dunbar,RB,West Virginia Mountaineers,South Alabama Jaguars,Committed,0,3.0,85.0,1678.0,165.0,2024,2025-05-13T14:42:00,https://on3static.com/uploads/assets/924/334/334924.png,https://www.on3.com/db/traevon-dunbar-114348/,portal_industry_football_2025
Jackson Accuardi,TE,West Virginia Mountaineers,,Entered,0,3.0,85.0,1679.0,115.0,2025,2025-04-16T10:28:00,https://on3static.com/uploads/assets/315/244/244315.png,https://www.on3.com/db/jackson-accuardi-180164/,portal_industry_football_2025
Nehemiah Chandler,S,Georgia Tech Yellow Jackets,South Alabama Jaguars,Committed,0,3.0,85.0,1681.0,200.0,2024,2025-04-23T14:21:00,https://on3static.com/uploads/assets/497/333/333497.png,https://www.on3.com/db/nehemiah-chandler-176361/,portal_industry_football_2025
Donovan Hamilton,WR,Purdue Boilermakers,Ball State Cardinals,Committed,0,3.0,85.0,1682.0,304.0,2024,2025-04-24T21:04:00,https://on3static.com/uploads/assets/498/343/343498.png,https://www.on3.com/db/donovan-hamilton-162102/,portal_industry_football_2025
Terrell Cooks Jr.,WR,Nevada Wolf Pack,,Entered,0,3.0,85.0,1683.0,306.0,2024,2025-04-16T12:11:00,https://on3static.com/uploads/assets/337/306/306337.png,https://www.on3.com/db/terrell-cooks-jr-111515/,portal_industry_football_2025
Trevell Mullen,CB,James Madison Dukes,,Entered,0,3.0,85.0,1684.0,247.0,2022,2025-04-16T09:58:00,https://on3static.com/uploads/assets/354/338/338354.png,https://www.on3.com/db/trevell-mullen-115496/,portal_industry_football_2025
Cameron Monteiro,WR,Pittsburgh Panthers,Akron Zips,Committed,0,3.0,85.0,1685.0,317.0,2024,2025-04-26T11:58:00,https://on3static.com/uploads/assets/496/308/308496.png,https://www.on3.com/db/cameron-monteiro-154369/,portal_industry_football_2025
Brent Helton,IOL,Iowa State Cyclones,Arizona State Sun Devils,Committed,0,3.0,85.0,1686.0,182.0,2024,2025-04-28T14:21:00,https://on3static.com/uploads/assets/400/472/472400.jpg,https://www.on3.com/db/brent-helton-174654/,portal_industry_football_2025
Jordan King,OT,Purdue Boilermakers,,Entered,0,3.0,85.0,1687.0,159.0,2024,2025-04-16T09:52:00,https://on3static.com/uploads/assets/844/343/343844.png,https://www.on3.com/db/jordan-king-163283/,portal_industry_football_2025
Jordan Coleman,CB,Ball State Cardinals,,Entered,0,3.0,85.0,1689.0,222.0,2022,2025-04-16T14:59:00,,https://www.on3.com/db/jordan-coleman-65333/,portal_industry_football_2025
Elijah Zollicoffer,OT,Arkansas State Red Wolves,,Entered,0,3.0,85.0,1690.0,141.0,2022,2025-04-16T16:41:00,https://on3static.com/uploads/dev/assets/721/11/11721.jpeg,https://www.on3.com/db/elijah-zollicoffer-41444/,portal_industry_football_2025
John Emery Jr.,RB,LSU Tigers,UTSA Roadrunners,Committed,0,3.0,85.0,1691.0,166.0,2019,2025-05-12T13:12:00,https://on3static.com/uploads/dev/assets/899/2/2899.jpg,https://www.on3.com/db/john-emery-jr-63140/,portal_industry_football_2025
Marcus Downs,DL,UCF Knights,Georgia Southern Eagles,Committed,0,3.0,85.0,1692.0,228.0,2024,2025-05-03T17:08:00,https://on3static.com/uploads/assets/791/157/157791.jpg,https://www.on3.com/db/marcus-downs-174554/,portal_industry_football_2025
Donterry Russell,DL,Mississippi State Bulldogs,,Entered,0,3.0,85.0,1693.0,240.0,2022,2025-04-16T14:57:00,https://on3static.com/uploads/assets/857/222/222857.png,https://www.on3.com/db/donterry-russell-38469/,portal_industry_football_2025
Myles Williams,LB,California Golden Bears,Nevada Wolf Pack,Committed,0,3.0,85.0,1694.0,166.0,2021,,https://on3static.com/uploads/assets/499/16/16499.jpeg,https://www.on3.com/db/myles-williams-90795/,portal_industry_football_2025
Markus Knight,S,Old Dominion Monarchs,,Entered,0,3.0,85.0,1695.0,176.0,2020,2025-04-02T09:00:00,https://on3static.com/uploads/assets/812/439/439812.png,https://www.on3.com/db/markus-knight-83777/,portal_industry_football_2025
Joseph Marsh,EDGE,Boise State Broncos,Ohio Bobcats,Committed,0,3.0,85.0,1696.0,167.0,2023,2025-05-22T12:24:00,,https://www.on3.com/db/joseph-marsh-238748/,portal_industry_football_2025
Najiib Anderson,WR,Western Michigan Broncos,,Entered,0,3.0,85.0,1697.0,288.0,2024,2025-04-16T08:40:00,,https://www.on3.com/db/najiib-anderson-158133/,portal_industry_football_2025
Deric English,WR,Arizona State Sun Devils,,Entered,0,3.0,85.0,1698.0,289.0,2023,2025-04-17T13:50:00,https://on3static.com/uploads/assets/434/217/217434.png,https://www.on3.com/db/deric-english-34884/,portal_industry_football_2025
Andrew Savaiinaea,TE,Nevada Wolf Pack,UNLV Rebels,Committed,0,3.0,85.0,1699.0,107.0,2022,,https://on3static.com/uploads/assets/799/93/93799.jpg,https://www.on3.com/db/andrew-savaiinaea-5371/,portal_industry_football_2025
Dylan Goffney,WR,Colorado State Rams,SMU Mustangs,Committed,0,3.0,85.0,1700.0,311.0,2021,2025-05-05T11:53:00,https://on3static.com/uploads/assets/517/44/44517.jpeg,https://www.on3.com/db/dylan-goffney-39899/,portal_industry_football_2025
John Gayer,EDGE,California Golden Bears,Utah State Aggies,Committed,0,3.0,85.0,1701.0,175.0,0,,https://on3static.com/uploads/assets/497/412/412497.png,https://www.on3.com/db/john-gayer-249306/,portal_industry_football_2025
Kamrean Johnson,TE,Vanderbilt Commodores,Wake Forest Demon Deacons,Committed,0,3.0,84.0,1702.0,143.0,2023,2025-04-22T11:54:00,https://on3static.com/uploads/assets/326/332/332326.png,https://www.on3.com/db/kamrean-johnson-156579/,portal_industry_football_2025
Jayden McDonald,CB,Virginia Tech Hokies,UCF Knights,Committed,0,3.0,84.0,1703.0,298.0,2021,2025-04-29T20:05:00,https://on3static.com/uploads/assets/720/564/564720.PNG,https://www.on3.com/db/jayden-mcdonald-58673/,portal_industry_football_2025
Rahkeem Smith,WR,Bowling Green Falcons,Georgia Tech Yellow Jackets,Committed,0,3.0,85.0,1704.0,277.0,2022,2025-05-13T09:07:00,https://on3static.com/uploads/assets/71/441/441071.jpg,https://www.on3.com/db/rahkeem-smith-250697/,portal_industry_football_2025
John Volker,RB,Princeton Tigers,Michigan Wolverines,Committed,0,3.0,85.0,1705.0,176.0,2021,2025-04-21T11:21:00,https://on3static.com/uploads/assets/136/441/441136.jpeg,https://www.on3.com/db/john-volker-63703/,portal_industry_football_2025
Enrique Cruz,OT,Syracuse Orange,Kansas Jayhawks,Committed,0,3.0,87.0,1706.0,67.0,2021,2025-04-25T16:39:00,https://on3static.com/uploads/assets/39/87/87039.jpeg,https://www.on3.com/db/enrique-cruz-41902/,portal_industry_football_2025
Armoni Goodwin,RB,UAB Blazers,UT Martin Skyhawks,Committed,0,3.0,85.0,1707.0,167.0,2021,2025-06-03T10:54:00,https://on3static.com/uploads/assets/226/453/453226.png,https://www.on3.com/db/armoni-goodwin-7578/,portal_industry_football_2025
Jarnorris Hopson,WR,Ole Miss Rebels,Lane College Dragons,Committed,0,3.0,85.0,1708.0,316.0,2022,2025-05-14T14:50:00,https://on3static.com/uploads/assets/6/73/73006.jpeg,https://www.on3.com/db/jarnorris-hopson-145574/,portal_industry_football_2025
Mike Kirch,TE,Thomas More University Saints,,Entered,0,3.0,85.0,1712.0,95.0,2022,2025-04-21T10:42:00,https://on3static.com/uploads/assets/756/441/441756.png,https://www.on3.com/db/mike-kirch-250725/,portal_industry_football_2025
Marquise Collins,RB,Duke Blue Devils,UAB Blazers,Committed,0,3.0,85.0,1713.0,163.0,2023,2025-05-06T13:11:00,https://on3static.com/uploads/assets/792/164/164792.png,https://www.on3.com/db/marquise-collins-84256/,portal_industry_football_2025
Jaylen Moson,CB,Furman Paladins,Utah Utes,Committed,0,3.0,85.0,1714.0,245.0,2023,2025-04-22T14:00:00,https://on3static.com/uploads/assets/94/442/442094.png,https://www.on3.com/db/jaylen-moson-154349/,portal_industry_football_2025
Jaden Ball,IOL,Purdue Boilermakers,Minnesota Golden Gophers,Committed,0,3.0,85.0,1715.0,150.0,2024,2025-04-26T17:07:00,https://on3static.com/uploads/assets/468/343/343468.png,https://www.on3.com/db/jaden-ball-150114/,portal_industry_football_2025
Ayden Bussell,IOL,Tennessee Volunteers,West Virginia Mountaineers,Committed,0,3.0,85.0,1716.0,151.0,2023,2025-05-04T20:30:00,https://on3static.com/uploads/assets/171/226/226171.jpeg,https://www.on3.com/db/ayden-bussell-9010/,portal_industry_football_2025
Brandon Campbell,RB,Massachusetts Minutemen,,Entered,0,3.0,85.0,1717.0,155.0,2021,2025-04-22T16:37:00,https://on3static.com/uploads/assets/641/89/89641.jpeg,https://www.on3.com/db/brandon-campbell-12290/,portal_industry_football_2025
Jayden Brown,S,Syracuse Orange,Maine Black Bears,Committed,0,3.0,85.0,1718.0,194.0,2024,2025-06-09T09:20:00,https://on3static.com/uploads/assets/548/49/49548.jpg,https://www.on3.com/db/jayden-brown-151673/,portal_industry_football_2025
David Prince,TE,Georgia Tech Yellow Jackets,,Entered,0,3.0,85.0,1719.0,117.0,2024,2025-04-22T15:24:00,https://on3static.com/uploads/assets/533/333/333533.png,https://www.on3.com/db/david-prince-162361/,portal_industry_football_2025
Elijah Brown,CB,Arizona Wildcats,Colorado State Rams,Committed,0,3.0,85.0,1720.0,241.0,2024,2025-05-22T11:31:00,https://on3static.com/uploads/assets/736/401/401736.png,https://www.on3.com/db/elijah-brown-176968/,portal_industry_football_2025
Davis Heinzen,IOL,Central Michigan Chippewas,Wisconsin Badgers,Committed,0,3.0,85.0,1721.0,165.0,2020,2025-04-26T14:06:00,https://on3static.com/uploads/assets/404/443/443404.png,https://www.on3.com/db/davis-heinzen-32373/,portal_industry_football_2025
Sam Neely,CB,Wake Forest Demon Deacons,Stanford Cardinal,Committed,0,3.0,85.0,1722.0,252.0,2024,2025-04-23T10:21:00,https://on3static.com/uploads/assets/611/316/316611.png,https://www.on3.com/db/sam-neely-176194/,portal_industry_football_2025
Jamari Farmer,LB,Indiana Hoosiers,East Tennessee State Buccaneers,Committed,0,3.0,85.0,1723.0,184.0,2025,2025-05-20T10:49:00,https://on3static.com/uploads/assets/352/325/325352.png,https://www.on3.com/db/jamari-farmer-242550/,portal_industry_football_2025
Stephen Johnson,DL,McNeese State Cowboys,South Alabama Jaguars,Committed,0,3.0,85.0,1724.0,237.0,2023,2025-04-24T09:23:00,https://on3static.com/uploads/assets/955/136/136955.png,https://www.on3.com/db/stephen-johnson-152276/,portal_industry_football_2025
Wyatt Lawson,IOL,FIU Golden Panthers,,Entered,0,3.0,85.0,1725.0,179.0,2021,2025-04-24T09:56:00,https://on3static.com/uploads/assets/298/76/76298.jpeg,https://www.on3.com/db/wyatt-lawson-121799/,portal_industry_football_2025
Cedrick Hawkins,S,UCF Knights,USF Bulls,Committed,0,3.0,86.0,1726.0,105.0,2023,2025-05-04T12:44:00,https://on3static.com/uploads/assets/525/221/221525.jpeg,https://www.on3.com/db/cedrick-hawkins-19425/,portal_industry_football_2025
Christian Abney,TE,Ball State Cardinals,Illinois Fighting Illini,Committed,0,3.0,85.0,1727.0,99.0,2023,2025-05-01T21:21:00,https://on3static.com/uploads/assets/654/444/444654.jpeg,https://www.on3.com/db/christian-abney-156100/,portal_industry_football_2025
Keveionta Spears,DL,Memphis Tigers,SMU Mustangs,Committed,0,3.0,85.0,1728.0,217.0,2020,2025-04-27T14:36:00,https://on3static.com/uploads/assets/184/189/189184.jpeg,https://www.on3.com/db/keveionta-spears-73856/,portal_industry_football_2025
Isaiah Collins,S,Texas Tech Red Raiders,North Texas Mean Green,Committed,0,3.0,85.0,1729.0,195.0,2024,0007-05-05T15:52:00,https://on3static.com/uploads/assets/712/152/152712.png,https://www.on3.com/db/isaiah-collins-177297/,portal_industry_football_2025
Lorenzo Johnson,WR,Texas Tech Red Raiders,Texas State Bobcats,Committed,0,3.0,85.0,1730.0,307.0,2024,2025-04-27T13:38:00,https://on3static.com/uploads/assets/621/236/236621.jpeg,https://www.on3.com/db/lorenzo-johnson-150775/,portal_industry_football_2025
Cedric Franklin,S,Georgia Tech Yellow Jackets,Arkansas State Red Wolves,Committed,0,3.0,85.0,1731.0,204.0,2024,2025-05-04T14:00:00,https://on3static.com/uploads/assets/506/333/333506.png,https://www.on3.com/db/cedric-franklin-175105/,portal_industry_football_2025
Cade Law,LB,North Carolina Tar Heels,Memphis Tigers,Committed,0,3.0,85.0,1732.0,191.0,2022,2025-04-25T12:11:00,https://on3static.com/uploads/assets/652/440/440652.jpg,https://www.on3.com/db/cade-law-237624/,portal_industry_football_2025
Quimari Shemwell,CB,Utah Utes,California Golden Bears,Committed,0,3.0,86.0,1734.0,200.0,2024,2025-04-25T18:07:00,https://on3static.com/uploads/assets/784/235/235784.png,https://www.on3.com/db/quimari-shemwell-237997/,portal_industry_football_2025
Ty Hudkins,S,Purdue Boilermakers,Iowa Hawkeyes,Committed,0,3.0,85.0,1736.0,177.0,2024,2025-04-29T20:16:00,https://on3static.com/uploads/assets/359/491/491359.jpg,https://www.on3.com/db/ty-hudkins-158985/,portal_industry_football_2025
Rodney Lora,DL,North Carolina Tar Heels,UCF Knights,Committed,0,3.0,85.0,1737.0,219.0,2023,2025-05-07T10:33:00,https://on3static.com/uploads/assets/753/564/564753.PNG,https://www.on3.com/db/rodney-lora-152274/,portal_industry_football_2025
Joe Strickland,DL,Purdue Boilermakers,Liberty Flames,Committed,0,3.0,85.0,1738.0,234.0,2022,2025-04-25T18:53:00,https://on3static.com/uploads/assets/888/343/343888.png,https://www.on3.com/db/joe-strickland-62484/,portal_industry_football_2025
Josh Schell,DL,Grand Valley State Lakers,Tennessee Volunteers,Committed,0,3.0,86.0,1739.0,149.0,2021,2025-04-29T19:13:00,https://on3static.com/uploads/assets/452/466/466452.png,https://www.on3.com/db/josh-schell-67560/,portal_industry_football_2025
Anfernee Crease,OT,Kentucky Wildcats,Texas State Bobcats,Committed,0,3.0,85.0,1740.0,134.0,0,2025-04-29T13:29:00,https://on3static.com/uploads/assets/729/304/304729.png,https://www.on3.com/db/anfernee-crease-241118/,portal_industry_football_2025
Timir Hickman-Collins,LB,Florida State Seminoles,North Carolina Tar Heels,Committed,0,3.0,85.0,1741.0,182.0,2024,2025-05-12T20:30:00,https://on3static.com/uploads/assets/78/465/465078.png,https://www.on3.com/db/timir-hickman-collins-236888/,portal_industry_football_2025
Evan Taylor,CB,Nebraska Cornhuskers,,Entered,0,3.0,85.0,1742.0,238.0,2024,2025-04-29T10:18:00,https://on3static.com/uploads/assets/445/333/333445.png,https://www.on3.com/db/evan-taylor-174091/,portal_industry_football_2025
Koby Gross,TE,Florida A&M Rattlers,Ball State Cardinals,Committed,0,3.0,85.0,1744.0,106.0,2019,2025-05-16T10:04:00,https://on3static.com/uploads/assets/237/16/16237.jpg,https://www.on3.com/db/koby-gross-75628/,portal_industry_football_2025
Devin Lee,DL,Vanderbilt Commodores,USF Bulls,Committed,0,3.0,85.0,1745.0,212.0,2021,2025-05-01T10:31:00,https://on3static.com/uploads/assets/791/15/15791.jpeg,https://www.on3.com/db/devin-lee-36079/,portal_industry_football_2025
Sean Dugery,IOL,Albany Great Danes,Memphis Tigers,Committed,0,3.0,85.0,1746.0,170.0,2023,2025-05-01T10:46:00,https://on3static.com/uploads/assets/483/444/444483.jpg,https://www.on3.com/db/sean-dugery-251006/,portal_industry_football_2025
Dennis Palmer,RB,Bethune-Cookman Wildcats,Troy Trojans,Committed,0,3.0,86.0,1747.0,106.0,2024,2025-05-05T06:44:00,https://on3static.com/uploads/assets/778/120/120778.jpg,https://www.on3.com/db/dennis-palmer-174314/,portal_industry_football_2025
Elijah St. John,DL,Long Island University Sharks,Purdue Boilermakers,Committed,0,3.0,87.0,1748.0,67.0,2023,2025-05-08T11:51:00,https://on3static.com/uploads/assets/123/446/446123.png,https://www.on3.com/db/elijah-st-john-251096/,portal_industry_football_2025
Donovan Haslam,IOL,Austin Peay Governors,West Virginia Mountaineers,Committed,0,3.0,86.0,1749.0,124.0,2022,2025-05-03T15:17:00,https://on3static.com/uploads/assets/164/445/445164.png,https://www.on3.com/db/donovan-haslam-251049/,portal_industry_football_2025
Carlos Moore Jr.,OT,Elon Phoenix,Maryland Terrapins,Committed,0,3.0,85.0,1750.0,120.0,2022,2025-05-13T12:41:00,https://on3static.com/uploads/assets/788/442/442788.jpg,https://www.on3.com/db/carlos-moore-jr-250937/,portal_industry_football_2025
Thomas Nance,TE,Bethune-Cookman Wildcats,Temple Owls,Committed,0,3.0,85.0,1751.0,96.0,2019,2025-05-17T09:23:00,https://on3static.com/uploads/assets/718/35/35718.jpeg,https://www.on3.com/db/thomas-nance-112403/,portal_industry_football_2025
Ty Crutcher,CB,West Florida Argonauts,West Virginia Mountaineers,Committed,0,3.0,85.0,1752.0,211.0,2022,2025-05-04T22:07:00,https://on3static.com/uploads/assets/696/445/445696.png,https://www.on3.com/db/ty-crutcher-251073/,portal_industry_football_2025
Mateo Sudipo,ATH,Western Carolina Catamounts,Bowling Green Falcons,Committed,0,3.0,85.0,1753.0,3.0,2019,2025-05-19T12:19:00,https://on3static.com/uploads/dev/assets/818/2/2818.jpg,https://www.on3.com/db/mateo-sudipo-84990/,portal_industry_football_2025
Quincy Jenkins,IOL,James Madison Dukes,Western Kentucky Hilltoppers,Committed,0,3.0,85.0,1754.0,169.0,2020,2025-05-05T12:57:00,https://on3static.com/uploads/assets/989/276/276989.png,https://www.on3.com/db/quincy-jenkins-185681/,portal_industry_football_2025
Tayshaun Burney,CB,Wake Forest Demon Deacons,Richmond Spiders,Committed,0,3.0,85.0,1755.0,237.0,2024,2025-06-27T11:35:00,https://on3static.com/uploads/assets/613/316/316613.png,https://www.on3.com/db/tayshaun-burney-152126/,portal_industry_football_2025
Chris Henry,CB,West Virginia Mountaineers,Coastal Carolina Chanticleers,Committed,0,3.0,85.0,1756.0,240.0,2024,2025-05-11T23:16:00,https://on3static.com/uploads/assets/926/334/334926.png,https://www.on3.com/db/chris-henry-174531/,portal_industry_football_2025
Justin Cesaire,OT,New Haven Chargers,Rutgers Scarlet Knights,Committed,0,3.0,85.0,1757.0,151.0,2022,2025-05-16T10:46:00,https://on3static.com/uploads/assets/965/475/475965.png,https://www.on3.com/db/justin-cesaire-69180/,portal_industry_football_2025
Jordan Jackson,CB,West Virginia Mountaineers,Gardner-Webb Runnin' Bulldogs,Committed,0,3.0,85.0,1758.0,250.0,2023,2025-05-13T14:14:00,https://on3static.com/uploads/assets/535/226/226535.jpeg,https://www.on3.com/db/jordan-jackson-151011/,portal_industry_football_2025
Hayden Schwartz,DL,Minnesota Golden Gophers,Montana Grizzlies,Committed,0,3.0,85.0,1759.0,243.0,2022,2025-05-31T08:56:00,https://on3static.com/uploads/assets/549/452/452549.png,https://www.on3.com/db/hayden-schwartz-47837/,portal_industry_football_2025
Dane Pardridge,WR,Northern Illinois Huskies,Rutgers Scarlet Knights,Committed,0,3.0,85.0,1760.0,281.0,2022,2025-08-05T15:12:00,https://on3static.com/uploads/assets/916/481/481916.png,https://www.on3.com/db/dane-pardridge-146227/,portal_industry_football_2025
Amorie Morrison,EDGE,Old Dominion Monarchs,UAB Blazers,Committed,0,3.0,85.0,1761.0,161.0,2020,2025-01-11T14:52:00,https://on3static.com/uploads/assets/172/171/171172.png,https://www.on3.com/db/amorie-morrison-4376/,portal_industry_football_2025
Carson Osmus,OT,Washington State Cougars,Florida Atlantic Owls,Committed,0,3.0,85.0,1762.0,147.0,2024,2025-04-28T14:00:00,https://on3static.com/uploads/assets/691/337/337691.png,https://www.on3.com/db/carson-osmus-153173/,portal_industry_football_2025
Jake Young,TE,Western Carolina Catamounts,Charlotte 49ers,Committed,0,3.0,85.0,1763.0,108.0,2022,2024-12-22T20:31:00,,https://www.on3.com/db/jake-young-161406/,portal_industry_football_2025
Jayden Sweeney,S,Liberty Flames,Florida Atlantic Owls,Committed,0,3.0,85.0,1764.0,186.0,2022,2025-05-01T13:50:00,https://on3static.com/uploads/assets/701/73/73701.jpg,https://www.on3.com/db/jayden-sweeney-149893/,portal_industry_football_2025
Leroy Harris,EDGE,Chattanooga Mocs,Kansas Jayhawks,Committed,424527,3.0,85.0,1765.0,169.0,2024,2025-04-22T09:39:00,https://on3static.com/uploads/assets/442/257/257442.png,https://www.on3.com/db/leroy-harris-173840/,portal_industry_football_2025
Jashad Presley,S,UCF Knights,UTSA Roadrunners,Committed,0,3.0,85.0,1766.0,201.0,2024,2025-05-06T09:52:00,https://on3static.com/uploads/assets/470/193/193470.png,https://www.on3.com/db/jashad-presley-150749/,portal_industry_football_2025
Gaston Moore,QB,Tennessee Volunteers,USF Bulls,Committed,0,3.0,85.0,1767.0,157.0,2020,2025-07-22T07:48:00,https://on3static.com/uploads/assets/231/226/226231.jpeg,https://www.on3.com/db/gaston-moore-45322/,portal_industry_football_2025
Rasheed Reason,CB,Old Dominion Monarchs,East Carolina Pirates,Committed,0,3.0,85.0,1768.0,256.0,0,2025-04-29T21:46:00,https://on3static.com/uploads/assets/576/340/340576.png,https://www.on3.com/db/rasheed-reason-245040/,portal_industry_football_2025
Cooper Trnavsky,OT,Newberry Wolves,East Carolina Pirates,Committed,0,3.0,85.0,1769.0,162.0,2020,2024-12-22T10:58:00,https://on3static.com/uploads/assets/640/405/405640.png,https://www.on3.com/db/cooper-trnavsky-248625/,portal_industry_football_2025
Tai Marks,IOL,Tulsa Golden Hurricane,UCLA Bruins,Committed,0,3.0,85.0,1770.0,167.0,2020,2025-08-13T07:14:00,https://on3static.com/uploads/assets/616/216/216616.png,https://www.on3.com/db/tai-marks-109801/,portal_industry_football_2025
Camden Brown,WR,Auburn Tigers,Georgia Southern Eagles,Committed,0,3.0,86.0,1771.0,199.0,2022,2024-12-17T15:34:00,https://on3static.com/uploads/assets/852/93/93852.jpg,https://www.on3.com/db/camden-brown-17570/,portal_industry_football_2025
Nahki Johnson,DL,Pittsburgh Panthers,Tulsa Golden Hurricane,Committed,0,3.0,86.0,1772.0,135.0,2021,2024-12-21T10:03:00,https://on3static.com/uploads/dev/assets/971/9/9971.jpg,https://www.on3.com/db/nahki-johnson-144680/,portal_industry_football_2025
E.J. Harris Jr.,OT,Auburn Tigers,Middle Tennessee State Blue Raiders,Committed,0,3.0,86.0,1773.0,113.0,2022,2024-12-20T15:38:00,https://on3static.com/uploads/assets/878/93/93878.jpg,https://www.on3.com/db/ej-harris-jr-42851/,portal_industry_football_2025
Josh Celiscar,EDGE,Texas A&M Aggies,USF Bulls,Committed,0,3.0,86.0,1774.0,108.0,2020,2024-12-17T16:05:00,https://on3static.com/uploads/assets/587/337/337587.png,https://www.on3.com/db/josh-celiscar-67870/,portal_industry_football_2025
Carson Dean,LB,Arkansas Razorbacks,Purdue Boilermakers,Committed,0,3.0,86.0,1775.0,161.0,2023,2024-12-22T13:49:00,https://on3static.com/uploads/assets/838/407/407838.png,https://www.on3.com/db/carson-dean-18743/,portal_industry_football_2025
Rayshon Luke,RB,Arizona Wildcats,Fresno State Bulldogs,Committed,0,3.0,86.0,1776.0,127.0,2022,2025-01-05T07:55:00,https://on3static.com/uploads/assets/783/307/307783.png,https://www.on3.com/db/rayshon-luke-99091/,portal_industry_football_2025
Oscar Hammond,TE,North Texas Mean Green,Oklahoma State Cowboys,Committed,0,3.0,87.0,1777.0,40.0,2022,2024-12-20T21:46:00,https://on3static.com/uploads/assets/228/276/276228.png,https://www.on3.com/db/oscar-hammond-239681/,portal_industry_football_2025
Tiaoalii Savea,DL,Texas Longhorns,Arizona Wildcats,Committed,0,3.0,86.0,1778.0,158.0,2021,2025-01-15T08:14:00,https://on3static.com/uploads/assets/566/16/16566.jpeg,https://www.on3.com/db/tiaoalii-savea-112574/,portal_industry_football_2025
Payton Kirkland,OT,Colorado Buffaloes,UAB Blazers,Committed,0,3.0,86.0,1779.0,115.0,2023,2025-08-11T13:17:00,https://on3static.com/uploads/assets/0/202/202000.png,https://www.on3.com/db/payton-kirkland-95947/,portal_industry_football_2025
Mana Taimani,OT,Ole Miss Rebels,Colorado Buffaloes,Committed,0,3.0,84.0,1780.0,190.0,2020,2025-01-11T09:57:00,https://on3static.com/uploads/assets/981/402/402981.png,https://www.on3.com/db/mana-taimani-82124/,portal_industry_football_2025
AG McGhee,S,Marshall Thundering Herd,Arkansas State Red Wolves,Committed,0,3.0,86.0,1781.0,138.0,2022,2025-02-05T15:07:00,https://on3static.com/uploads/assets/102/26/26102.png,https://www.on3.com/db/ag-mcghee-146164/,portal_industry_football_2025
Grayson Loftis,QB,Duke Blue Devils,Charlotte 49ers,Committed,0,3.0,85.0,1782.0,142.0,2023,2024-12-20T16:10:00,https://on3static.com/uploads/assets/662/304/304662.png,https://www.on3.com/db/grayson-loftis-46673/,portal_industry_football_2025
Aisea Moa,LB,BYU Cougars,Michigan State Spartans,Committed,0,3.0,85.0,1783.0,185.0,2022,2025-01-06T17:11:00,https://on3static.com/uploads/assets/870/166/166870.png,https://www.on3.com/db/aisea-moa-2112/,portal_industry_football_2025
Trey Wilson,DL,Baylor Bears,SMU Mustangs,Committed,0,3.0,85.0,1784.0,242.0,2023,2024-12-20T10:56:00,https://on3static.com/uploads/assets/76/209/209076.jpeg,https://www.on3.com/db/trey-wilson-116295/,portal_industry_football_2025
Keyon Cox,OT,UCF Knights,Oregon State Beavers,Committed,0,3.0,85.0,1785.0,156.0,2023,2024-12-18T11:58:00,https://on3static.com/uploads/assets/160/394/394160.png,https://www.on3.com/db/keyon-cox-151853/,portal_industry_football_2025
Aaron Beckwith,DL,Massachusetts Minutemen,Temple Owls,Committed,0,3.0,85.0,1786.0,214.0,2020,2025-01-15T05:43:00,https://on3static.com/uploads/assets/974/388/388974.png,https://www.on3.com/db/aaron-beckwith-329/,portal_industry_football_2025
Raheem Anderson,IOL,Michigan Wolverines,,Entered,0,3.0,85.0,1787.0,176.0,2021,2024-12-04T12:37:00,https://on3static.com/uploads/assets/247/18/18247.jpeg,https://www.on3.com/db/raheem-anderson-97969/,portal_industry_football_2025
Jaden Gibson,WR,Virginia Cavaliers,,Entered,0,3.0,85.0,1788.0,300.0,2023,2024-12-09T07:47:00,https://on3static.com/uploads/assets/59/164/164059.png,https://www.on3.com/db/jaden-gibson-156759/,portal_industry_football_2025
Khamauri Rogers,CB,Mississippi State Bulldogs,Jackson State Tigers,Committed,0,3.0,85.0,1790.0,231.0,2022,,https://on3static.com/uploads/assets/847/222/222847.png,https://www.on3.com/db/khamauri-rogers-74959/,portal_industry_football_2025
Evans Chuba,QB,Washington State Cougars,Purdue Boilermakers,Committed,0,3.0,85.0,1791.0,150.0,2024,2025-01-04T23:45:00,https://on3static.com/uploads/assets/834/407/407834.png,https://www.on3.com/db/evans-chuba-176875/,portal_industry_football_2025
Jacob Petersen,TE,Holy Cross Crusaders,Toledo Rockets,Committed,0,3.0,88.0,1792.0,26.0,2021,2024-12-18T11:24:00,https://on3static.com/uploads/assets/410/386/386410.jpg,https://www.on3.com/db/jacob-petersen-52150/,portal_industry_football_2025
Joshua Donald,DL,Appalachian State Mountaineers,Houston Cougars,Committed,0,3.0,87.0,1793.0,89.0,2021,2025-01-05T16:02:00,https://on3static.com/uploads/assets/121/390/390121.png,https://www.on3.com/db/joshua-donald-240791/,portal_industry_football_2025
Deshawn Purdie,QB,Charlotte 49ers,Wake Forest Demon Deacons,Committed,0,3.0,87.0,1794.0,49.0,2024,2025-01-17T13:06:00,https://on3static.com/uploads/assets/720/403/403720.png,https://www.on3.com/db/deshawn-purdie-156840/,portal_industry_football_2025
Grady Kelly,DL,Florida State Seminoles,Michigan State Spartans,Committed,0,3.0,87.0,1795.0,51.0,2021,2024-12-19T20:20:00,https://on3static.com/uploads/assets/274/268/268274.png,https://www.on3.com/db/grady-kelly-46332/,portal_industry_football_2025
Tyshawn Wyatt,IOL,James Madison Dukes,Virginia Cavaliers,Committed,0,3.0,87.0,1796.0,106.0,2020,2025-01-05T14:04:00,https://on3static.com/uploads/assets/715/178/178715.jpeg,https://www.on3.com/db/tyshawn-wyatt-118967/,portal_industry_football_2025
Zion Nelson,OT,Miami Hurricanes,SMU Mustangs,Committed,0,3.0,87.0,1797.0,68.0,2019,2025-01-06T19:27:00,https://on3static.com/uploads/assets/533/222/222533.jpg,https://www.on3.com/db/zion-nelson-123863/,portal_industry_football_2025
Marcus Burke,WR,Florida Gators,UCF Knights,Committed,0,3.0,86.0,1798.0,246.0,2021,2025-01-09T12:21:00,https://on3static.com/uploads/assets/667/564/564667.PNG,https://www.on3.com/db/marcus-burke-82532/,portal_industry_football_2025
Sascha Garcia,S,William & Mary Tribe,Wake Forest Demon Deacons,Committed,0,3.0,88.0,1799.0,35.0,2023,2025-01-07T21:17:00,https://on3static.com/uploads/assets/644/401/401644.png,https://www.on3.com/db/sascha-garcia-248159/,portal_industry_football_2025
Ja’Marion Kennedy,IOL,Louisiana Tech Bulldogs,Wake Forest Demon Deacons,Committed,0,3.0,81.0,1800.0,279.0,2023,2025-04-20T11:34:00,https://on3static.com/uploads/assets/605/441/441605.png,https://www.on3.com/db/jamarion-kennedy-155430/,portal_industry_football_2025
Jahari Rogers,CB,SMU Mustangs,Colorado State Rams,Committed,0,3.0,86.0,1801.0,166.0,2020,2024-12-30T11:34:00,https://on3static.com/uploads/assets/212/219/219212.jpg,https://www.on3.com/db/jahari-rogers-52912/,portal_industry_football_2025
Pooda Walker,DL,Kennesaw State Owls,Memphis Tigers,Committed,0,3.0,87.0,1802.0,58.0,2022,2024-11-26T21:40:00,https://on3static.com/uploads/assets/973/378/378973.png,https://www.on3.com/db/pooda-walker-197797/,portal_industry_football_2025
Elijah Culp,CB,Charlotte 49ers,James Madison Dukes,Committed,0,3.0,86.0,1803.0,172.0,2020,2025-05-05T10:27:00,https://on3static.com/uploads/assets/855/132/132855.jpeg,https://www.on3.com/db/elijah-culp-41141/,portal_industry_football_2025
Jordan Spasojevic-Moko,IOL,Charlotte 49ers,California Golden Bears,Committed,0,3.0,86.0,1804.0,139.0,2019,2025-01-06T23:04:00,https://on3static.com/uploads/assets/570/15/15570.jpeg,https://www.on3.com/db/jordan-spasojevic-moko-66046/,portal_industry_football_2025
Raishein Thomas,EDGE,Northern Illinois Huskies,Mississippi State Bulldogs,Committed,0,3.0,87.0,1805.0,78.0,2020,2024-12-27T10:22:00,https://on3static.com/uploads/assets/328/389/389328.png,https://www.on3.com/db/raishein-thomas-98038/,portal_industry_football_2025
Michael Diatta,DL,Virginia Cavaliers,Oklahoma State Cowboys,Committed,0,3.0,87.0,1806.0,81.0,2021,2024-12-26T21:50:00,https://on3static.com/uploads/assets/414/16/16414.jpeg,https://www.on3.com/db/michael-diatta-87609/,portal_industry_football_2025
Evan Boyd,WR,Central Michigan Chippewas,Michigan State Spartans,Committed,0,3.0,87.0,1807.0,101.0,2023,2025-01-04T20:51:00,https://on3static.com/uploads/assets/372/389/389372.png,https://www.on3.com/db/evan-boyd-43199/,portal_industry_football_2025
Xavior Gray,OT,Liberty Flames,Northwestern Wildcats,Committed,0,3.0,87.0,1808.0,48.0,2019,2024-12-14T17:10:00,https://on3static.com/uploads/assets/174/189/189174.jpeg,https://www.on3.com/db/xavior-gray-122235/,portal_industry_football_2025
Courtland Ford,OT,Kentucky Wildcats,UCLA Bruins,Committed,0,3.0,86.0,1809.0,92.0,2020,2024-12-17T12:39:00,https://on3static.com/uploads/assets/891/92/92891.png,https://www.on3.com/db/courtland-ford-26728/,portal_industry_football_2025
Gavriel Lightfoot,DL,Fresno State Bulldogs,Colorado Buffaloes,Committed,0,3.0,86.0,1810.0,156.0,2022,2024-12-18T15:13:00,https://on3static.com/uploads/assets/118/390/390118.png,https://www.on3.com/db/gavriel-lightfoot-45486/,portal_industry_football_2025
Tyree Patterson,WR,UCF Knights,Middle Tennessee State Blue Raiders,Committed,0,3.0,86.0,1811.0,243.0,2023,2024-12-16T08:26:00,https://on3static.com/uploads/assets/614/393/393614.png,https://www.on3.com/db/tyree-patterson-150817/,portal_industry_football_2025
Lyrik Rawls,S,Oklahoma State Cowboys,Kansas Jayhawks,Committed,0,3.0,85.0,1812.0,188.0,2021,2024-12-13T10:31:00,https://on3static.com/uploads/assets/575/226/226575.png,https://www.on3.com/db/lyrik-rawls-81069/,portal_industry_football_2025
Braden Siders,EDGE,Wyoming Cowboys,West Virginia Mountaineers,Committed,0,3.0,86.0,1813.0,116.0,2020,2025-01-11T12:42:00,https://on3static.com/uploads/assets/224/390/390224.png,https://www.on3.com/db/braden-siders-11720/,portal_industry_football_2025
Caleb Medford,WR,New Mexico Lobos,Kansas State Wildcats,Committed,0,3.0,86.0,1814.0,205.0,2020,2025-01-09T16:16:00,https://on3static.com/uploads/dev/assets/746/7/7746.jpg,https://www.on3.com/db/caleb-medford-17100/,portal_industry_football_2025
Jordan Allen,S,LSU Tigers,Houston Cougars,Committed,0,3.0,87.0,1815.0,81.0,2022,2024-12-14T16:25:00,https://on3static.com/uploads/assets/185/22/22185.jpg,https://www.on3.com/db/jordan-allen-65137/,portal_industry_football_2025
James Resar,QB,Iowa Hawkeyes,UNC Pembroke Braves,Committed,0,3.0,86.0,1816.0,110.0,2024,2025-06-04T11:28:00,https://on3static.com/uploads/assets/604/559/559604.jpg,https://www.on3.com/db/james-resar-152525/,portal_industry_football_2025
Samu Taumanupepe,DL,Texas A&M Aggies,Baylor Bears,Committed,0,3.0,86.0,1817.0,152.0,2023,2024-12-13T11:14:00,https://on3static.com/uploads/assets/807/39/39807.jpeg,https://www.on3.com/db/samu-taumanupepe-104740/,portal_industry_football_2025
Ken Talley,EDGE,Michigan State Spartans,Arkansas Razorbacks,Committed,0,3.0,86.0,1818.0,144.0,2022,2024-12-16T17:06:00,https://on3static.com/uploads/assets/202/235/235202.png,https://www.on3.com/db/ken-talley-72645/,portal_industry_football_2025
Kaleb Webb,WR,Tennessee Volunteers,Maryland Terrapins,Committed,0,3.0,86.0,1819.0,163.0,2022,2024-12-18T20:15:00,https://on3static.com/uploads/assets/275/226/226275.jpeg,https://www.on3.com/db/kaleb-webb-146145/,portal_industry_football_2025
Taye Seymore,S,Georgia Tech Yellow Jackets,Auburn Tigers,Committed,0,3.0,86.0,1820.0,114.0,2023,2024-12-16T14:16:00,https://on3static.com/uploads/assets/489/333/333489.png,https://www.on3.com/db/taye-seymore-156319/,portal_industry_football_2025
Kade Eldridge,TE,USC Trojans,Washington Huskies,Committed,0,3.0,86.0,1821.0,61.0,2023,2024-12-20T09:56:00,https://on3static.com/uploads/assets/937/218/218937.png,https://www.on3.com/db/kade-eldridge-151217/,portal_industry_football_2025
Naquil Betrand,OT,Alabama Crimson Tide,Syracuse Orange,Committed,0,3.0,86.0,1822.0,111.0,2023,2024-12-17T14:40:00,https://on3static.com/uploads/assets/994/55/55994.jpeg,https://www.on3.com/db/naquil-betrand-91009/,portal_industry_football_2025
Quentavius Scandrett,S,Eastern Michigan Eagles,Arkansas Razorbacks,Committed,0,3.0,88.0,1823.0,37.0,2021,2024-12-21T14:12:00,https://on3static.com/uploads/assets/157/392/392157.jpg,https://www.on3.com/db/quentavius-scandrett-97216/,portal_industry_football_2025
Micah Tease,ATH,Texas A&M Aggies,Tulsa Golden Hurricane,Committed,0,3.0,86.0,1824.0,1.0,2023,2024-12-16T13:15:00,https://on3static.com/uploads/assets/642/44/44642.jpeg,https://www.on3.com/db/micah-tease-87232/,portal_industry_football_2025
Nuer Gatkuoth,DL,Colorado State Rams,Wake Forest Demon Deacons,Committed,379547,3.0,86.0,1825.0,185.0,2022,2025-01-03T15:13:00,https://on3static.com/uploads/assets/634/399/399634.png,https://www.on3.com/db/nuer-gatkuoth-150442/,portal_industry_football_2025
Lamont Green Jr.,EDGE,Florida State Seminoles,FIU Golden Panthers,Committed,0,3.0,87.0,1826.0,92.0,2023,2024-12-23T16:43:00,https://on3static.com/uploads/assets/130/242/242130.jpeg,https://www.on3.com/db/lamont-green-jr-77750/,portal_industry_football_2025
C.J. Mims,DL,East Carolina Pirates,North Carolina Tar Heels,Committed,0,3.0,87.0,1827.0,61.0,2022,2024-12-19T15:08:00,https://on3static.com/uploads/assets/948/470/470948.jpg,https://www.on3.com/db/cj-mims-16456/,portal_industry_football_2025
Kevorian Barnes,RB,UTSA Roadrunners,TCU Horned Frogs,Committed,0,3.0,87.0,1828.0,74.0,2021,2024-12-19T12:18:00,https://on3static.com/uploads/assets/786/73/73786.jpeg,https://www.on3.com/db/kevorian-barnes-74615/,portal_industry_football_2025
Daiquan White,CB,Eastern Michigan Eagles,Georgia Tech Yellow Jackets,Committed,0,3.0,87.0,1829.0,109.0,2023,2024-12-13T17:36:00,https://on3static.com/uploads/dev/assets/611/11/11611.jpeg,https://www.on3.com/db/daiquan-white-27936/,portal_industry_football_2025
Cameron Davis,RB,Washington Huskies,Minnesota Golden Gophers,Committed,0,3.0,86.0,1830.0,95.0,2019,2024-12-15T14:30:00,https://on3static.com/uploads/dev/assets/699/3/3699.jpg,https://www.on3.com/db/cameron-davis-17748/,portal_industry_football_2025
Kadin Semonza,QB,Ball State Cardinals,Tulane Green Wave,Committed,0,3.0,87.0,1831.0,74.0,2023,2025-01-05T17:29:00,https://on3static.com/uploads/assets/423/391/391423.png,https://www.on3.com/db/kadin-semonza-70415/,portal_industry_football_2025
JJ Hester,WR,Oklahoma Sooners,Kentucky Wildcats,Committed,0,3.0,86.0,1832.0,166.0,2020,2024-12-19T09:05:00,https://on3static.com/uploads/dev/assets/140/3/3140.jpg,https://www.on3.com/db/jj-hester-58024/,portal_industry_football_2025
Kevis Thomas,CB,Maryland Terrapins,Kentucky Wildcats,Committed,0,3.0,86.0,1833.0,181.0,2023,2024-12-21T16:22:00,https://on3static.com/uploads/assets/717/310/310717.png,https://www.on3.com/db/kevis-thomas-147646/,portal_industry_football_2025
Malachi Thomas,RB,Virginia Tech Hokies,Purdue Boilermakers,Committed,0,3.0,87.0,1834.0,84.0,2021,2025-01-05T17:05:00,https://on3static.com/uploads/assets/870/407/407870.png,https://www.on3.com/db/malachi-thomas-81461/,portal_industry_football_2025
Nate Boerkircher,TE,Nebraska Cornhuskers,Texas A&M Aggies,Committed,0,3.0,86.0,1835.0,60.0,2020,2024-12-19T16:37:00,https://on3static.com/uploads/assets/386/350/350386.png,https://www.on3.com/db/nate-boerkircher-159029/,portal_industry_football_2025
Simote Pepa,DL,Utah Utes,Washington Huskies,Committed,0,3.0,86.0,1836.0,142.0,2019,2024-12-16T17:31:00,https://on3static.com/uploads/dev/assets/660/4/4660.jpg,https://www.on3.com/db/simote-pepa-107532/,portal_industry_football_2025
Chancellor Owens,EDGE,Northwestern State Demons,Arizona Wildcats,Committed,0,3.0,88.0,1837.0,49.0,2023,2024-12-14T08:41:00,https://on3static.com/uploads/assets/363/393/393363.png,https://www.on3.com/db/chancellor-owens-246998/,portal_industry_football_2025
Connor McLaughlin,OT,Stanford Cardinal,USF Bulls,Committed,0,3.0,87.0,1838.0,62.0,2020,2024-12-16T09:08:00,https://on3static.com/uploads/dev/assets/990/5/5990.jpg,https://www.on3.com/db/connor-mclaughlin-25633/,portal_industry_football_2025
Donovan Saunders,S,Texas A&M Aggies,Utah Utes,Committed,0,3.0,87.0,1839.0,86.0,2022,2024-12-16T16:16:00,https://on3static.com/uploads/assets/977/264/264977.jpeg,https://www.on3.com/db/donovan-saunders-38246/,portal_industry_football_2025
DJ Bell,S,Memphis Tigers,UCF Knights,Committed,0,3.0,86.0,1840.0,162.0,2022,2024-12-21T20:29:00,https://on3static.com/uploads/assets/671/564/564671.PNG,https://www.on3.com/db/dj-bell-38890/,portal_industry_football_2025
E.J. Warner,QB,Rice Owls,Fresno State Bulldogs,Committed,0,3.0,87.0,1841.0,68.0,2022,2025-01-10T15:04:00,https://on3static.com/uploads/assets/677/262/262677.png,https://www.on3.com/db/ej-warner-41414/,portal_industry_football_2025
Amir Johnson,OT,Merrimack Warriors,Boston College Eagles,Committed,0,3.0,86.0,1842.0,83.0,2023,2024-12-18T11:34:00,https://on3static.com/uploads/assets/191/394/394191.png,https://www.on3.com/db/amir-johnson-247267/,portal_industry_football_2025
Riley Nowakowski,RB,Wisconsin Badgers,Indiana Hoosiers,Committed,0,3.0,87.0,1843.0,51.0,2020,2024-12-18T08:38:00,https://on3static.com/uploads/assets/487/304/304487.png,https://www.on3.com/db/riley-nowakowski-100547/,portal_industry_football_2025
Ayden Garnes,CB,West Virginia Mountaineers,Arizona Wildcats,Committed,0,3.0,87.0,1844.0,79.0,2021,2025-01-06T11:36:00,https://on3static.com/uploads/assets/716/264/264716.png,https://www.on3.com/db/ayden-garnes-9015/,portal_industry_football_2025
Marcus Dumervil,OT,Maryland Terrapins,Arkansas Razorbacks,Committed,0,3.0,85.0,1845.0,128.0,2020,2025-01-04T17:32:00,https://on3static.com/uploads/assets/212/400/400212.png,https://www.on3.com/db/marcus-dumervil-82627/,portal_industry_football_2025
Jaden Williams,DL,Wyoming Cowboys,Kentucky Wildcats,Committed,0,3.0,86.0,1846.0,109.0,2022,2024-12-20T19:35:00,https://on3static.com/uploads/assets/999/394/394999.png,https://www.on3.com/db/jaden-williams-149917/,portal_industry_football_2025
Jordan Washington,CB,Dartmouth Big Green,Stanford Cardinal,Committed,0,3.0,87.0,1847.0,102.0,2021,2024-12-20T12:34:00,https://on3static.com/uploads/assets/846/394/394846.png,https://www.on3.com/db/jordan-washington-247304/,portal_industry_football_2025
Jordan Bass,LB,Pittsburgh Panthers,Virginia Tech Hokies,Committed,0,3.0,87.0,1848.0,84.0,2023,2025-01-07T18:54:00,https://on3static.com/uploads/assets/489/308/308489.png,https://www.on3.com/db/jordan-bass-150181/,portal_industry_football_2025
Shamar Rigby,WR,Purdue Boilermakers,Oklahoma State Cowboys,Committed,0,3.0,87.0,1849.0,161.0,2024,2024-12-23T17:00:00,https://on3static.com/uploads/assets/465/343/343465.png,https://www.on3.com/db/shamar-rigby-163301/,portal_industry_football_2025
Louie Canepa,OT,New Mexico State Aggies,Oklahoma State Cowboys,Committed,0,3.0,86.0,1850.0,93.0,2022,2024-12-22T12:00:00,https://on3static.com/uploads/assets/191/99/99191.jpg,https://www.on3.com/db/louie-canepa-80172/,portal_industry_football_2025
Nikolas Prongos,OT,UCLA Bruins,Stanford Cardinal,Committed,0,3.0,86.0,1851.0,94.0,2022,2024-12-20T21:19:00,https://on3static.com/uploads/assets/742/376/376742.JPG,https://www.on3.com/db/nikolas-prongos-161016/,portal_industry_football_2025
Marc Stampley,S,Georgia Southern Eagles,Houston Cougars,Committed,0,3.0,88.0,1852.0,36.0,2022,2025-01-09T10:34:00,https://on3static.com/uploads/assets/512/85/85512.jpeg,https://www.on3.com/db/marc-stampley-82283/,portal_industry_football_2025
Langston Hardy,EDGE,Connecticut Huskies,Wake Forest Demon Deacons,Committed,362467,3.0,87.0,1853.0,67.0,2021,2025-01-05T19:06:00,https://on3static.com/uploads/assets/752/400/400752.png,https://www.on3.com/db/langston-hardy-78107/,portal_industry_football_2025
Christian Harrison,S,Tennessee Volunteers,Cincinnati Bearcats,Committed,0,3.0,86.0,1854.0,119.0,2022,2025-01-09T18:11:00,https://on3static.com/uploads/assets/199/226/226199.jpeg,https://www.on3.com/db/christian-harrison-22945/,portal_industry_football_2025
Lamar Robinson,OT,Georgia State Panthers,California Golden Bears,Committed,0,3.0,87.0,1855.0,70.0,2022,2024-12-22T17:00:00,https://on3static.com/uploads/assets/736/173/173736.png,https://www.on3.com/db/lamar-robinson-175628/,portal_industry_football_2025
Hank Zilinskas,IOL,Colorado Buffaloes,Rutgers Scarlet Knights,Committed,0,3.0,87.0,1856.0,92.0,2023,2025-01-01T09:09:00,https://on3static.com/uploads/assets/912/463/463912.png,https://www.on3.com/db/hank-zilinskas-148275/,portal_industry_football_2025
Cam Thompson,WR,Northern Illinois Huskies,Mississippi State Bulldogs,Committed,0,3.0,86.0,1857.0,174.0,2022,2025-01-06T15:23:00,https://on3static.com/uploads/assets/99/398/398099.jpg,https://www.on3.com/db/cam-thompson-236980/,portal_industry_football_2025
Vince Brown,TE,Colorado State Rams,Missouri Tigers,Committed,0,3.0,87.0,1858.0,38.0,2021,2025-01-11T12:02:00,https://on3static.com/uploads/assets/512/399/399512.png,https://www.on3.com/db/vince-brown-174993/,portal_industry_football_2025
Kimo Makaneole,DL,LSU Tigers,West Virginia Mountaineers,Committed,0,3.0,86.0,1859.0,169.0,2021,2025-01-10T11:45:00,https://on3static.com/uploads/assets/964/17/17964.jpeg,https://www.on3.com/db/kimo-makaneole-75222/,portal_industry_football_2025
Zion Booker,WR,Western Carolina Catamounts,Tulsa Golden Hurricane,Committed,0,3.0,87.0,1860.0,140.0,2023,2025-01-04T14:21:00,https://on3static.com/uploads/assets/169/400/400169.png,https://www.on3.com/db/zion-booker-145849/,portal_industry_football_2025
Jeremiah Johnson,CB,Georgia State Panthers,NC State Wolfpack,Committed,0,3.0,86.0,1861.0,146.0,2020,2025-01-10T17:58:00,https://on3static.com/uploads/assets/616/400/400616.png,https://www.on3.com/db/jeremiah-johnson-149771/,portal_industry_football_2025
Chase Wilson,LB,Colorado State Rams,West Virginia Mountaineers,Committed,0,3.0,87.0,1862.0,52.0,2020,2025-01-10T19:41:00,https://on3static.com/uploads/assets/263/401/401263.jpg,https://www.on3.com/db/chase-wilson-20881/,portal_industry_football_2025
Jordan Walker,S,Chattanooga Mocs,West Virginia Mountaineers,Committed,0,3.0,87.0,1863.0,71.0,2020,2025-01-08T16:15:00,https://on3static.com/uploads/assets/933/401/401933.png,https://www.on3.com/db/jordan-walker-66148/,portal_industry_football_2025
LJ Turner,RB,Catawba,West Virginia Mountaineers,Committed,0,3.0,87.0,1864.0,59.0,2022,2025-01-05T13:52:00,https://on3static.com/uploads/assets/132/404/404132.png,https://www.on3.com/db/lj-turner-248486/,portal_industry_football_2025
Kenny Soares,LB,Northwestern Wildcats,NC State Wolfpack,Committed,0,3.0,87.0,1865.0,56.0,2022,2025-04-07T08:23:00,https://on3static.com/uploads/assets/100/88/88100.jpeg,https://www.on3.com/db/kenny-soares-73393/,portal_industry_football_2025
Syeed Gibbs,CB,Georgia Tech Yellow Jackets,Kansas Jayhawks,Committed,0,3.0,86.0,1867.0,138.0,2022,2025-04-25T10:08:00,https://on3static.com/uploads/assets/160/265/265160.png,https://www.on3.com/db/syeed-gibbs-228799/,portal_industry_football_2025
Jason Hewlett,LB,Michigan Wolverines,Boston College Eagles,Committed,0,3.0,86.0,1868.0,130.0,2023,2025-04-23T11:42:00,https://on3static.com/uploads/assets/616/302/302616.png,https://www.on3.com/db/jason-hewlett-147518/,portal_industry_football_2025
Trever Jackson,QB,Florida State Seminoles,Arkansas Razorbacks,Committed,0,3.0,87.0,1869.0,64.0,2024,2025-04-24T10:30:00,https://on3static.com/uploads/assets/507/198/198507.png,https://www.on3.com/db/trever-jackson-156279/,portal_industry_football_2025
Jordan Scott,WR,Florida State Seminoles,Maryland Terrapins,Committed,0,3.0,86.0,1870.0,188.0,2023,2025-05-06T15:16:00,https://on3static.com/uploads/assets/594/367/367594.png,https://www.on3.com/db/jordan-scott-245881/,portal_industry_football_2025
Dekel Crowdus,WR,Hawaii Rainbow Warriors,Wisconsin Badgers,Committed,0,3.0,86.0,1871.0,173.0,2021,2025-05-07T15:01:00,https://on3static.com/uploads/assets/663/15/15663.jpeg,https://www.on3.com/db/dekel-crowdus-33482/,portal_industry_football_2025
Wrook Brown,S,Wyoming Cowboys,Houston Cougars,Committed,0,3.0,87.0,1872.0,80.0,2021,2025-04-30T12:46:00,https://on3static.com/uploads/assets/247/444/444247.png,https://www.on3.com/db/wrook-brown-121755/,portal_industry_football_2025
Donavon Platt,S,Army Black Knights,Virginia Cavaliers,Committed,0,3.0,86.0,1873.0,103.0,2021,2025-05-15T08:46:00,https://on3static.com/uploads/assets/629/446/446629.png,https://www.on3.com/db/donavon-platt-37987/,portal_industry_football_2025
Kasen Carpenter,IOL,Tulsa Golden Hurricane,Oklahoma State Cowboys,Committed,0,3.0,87.0,1874.0,80.0,2023,2024-12-02T14:30:00,https://on3static.com/uploads/assets/617/216/216617.png,https://www.on3.com/db/kasen-carpenter-153336/,portal_industry_football_2025
Grant Jordan,QB,Yale Bulldogs,Massachusetts Minutemen,Committed,0,3.0,86.0,1875.0,99.0,2020,,https://on3static.com/uploads/assets/390/386/386390.jpg,https://www.on3.com/db/grant-jordan-144613/,portal_industry_football_2025
Derrick Rogers,CB,Purdue Boilermakers,Florida Atlantic Owls,Committed,0,3.0,86.0,1876.0,176.0,2023,2024-12-22T12:04:00,https://on3static.com/uploads/assets/875/343/343875.png,https://www.on3.com/db/derrick-rogers-153767/,portal_industry_football_2025
Lloyd Avant,RB,Tulsa Golden Hurricane,Colorado State Rams,Committed,0,3.0,86.0,1877.0,102.0,2024,2025-01-01T20:27:00,https://on3static.com/uploads/assets/966/395/395966.png,https://www.on3.com/db/lloyd-avant-152189/,portal_industry_football_2025
Trey Fields,LB,Sam Houston State Bearkats,North Texas Mean Green,Committed,0,3.0,86.0,1879.0,159.0,2020,2024-12-15T08:20:00,https://on3static.com/uploads/assets/588/181/181588.png,https://www.on3.com/db/trey-fields-116009/,portal_industry_football_2025
Grant Page,WR,Utah State Aggies,Southern Miss Golden Eagles,Committed,0,3.0,85.0,1880.0,276.0,2022,2024-12-29T17:49:00,https://on3static.com/uploads/assets/874/181/181874.jpeg,https://www.on3.com/db/grant-page-46553/,portal_industry_football_2025
Parker Jenkins,RB,Houston Cougars,East Carolina Pirates,Committed,0,3.0,86.0,1881.0,117.0,2023,2025-01-04T10:29:00,https://on3static.com/uploads/assets/372/223/223372.png,https://www.on3.com/db/parker-jenkins-145593/,portal_industry_football_2025
Everett Roussaw,LB,UAB Blazers,Memphis Tigers,Committed,0,3.0,85.0,1882.0,177.0,2023,2024-12-20T13:38:00,https://on3static.com/uploads/assets/860/34/34860.jpg,https://www.on3.com/db/everett-roussaw-43501/,portal_industry_football_2025
Joshua Rudolph,LB,Indiana Hoosiers,UTEP Miners,Committed,0,3.0,86.0,1883.0,128.0,2021,2024-12-17T11:56:00,https://on3static.com/uploads/assets/105/144/144105.jpeg,https://www.on3.com/db/joshua-rudolph-68073/,portal_industry_football_2025
Kenyon Clay,RB,Southern Miss Golden Eagles,Arkansas State Red Wolves,Committed,0,3.0,86.0,1884.0,119.0,2022,2025-01-01T16:11:00,,https://www.on3.com/db/kenyon-clay-73553/,portal_industry_football_2025
Kelby Williams,WR,Old Dominion Monarchs,Western Kentucky Hilltoppers,Committed,0,3.0,85.0,1885.0,294.0,2022,2025-01-10T15:14:00,https://on3static.com/uploads/assets/232/192/192232.jpeg,https://www.on3.com/db/kelby-williams-180082/,portal_industry_football_2025
Marcus Ross,LB,Mississippi State Bulldogs,Louisiana-Monroe Warhawks,Committed,0,3.0,86.0,1886.0,151.0,2022,2025-01-11T11:45:00,https://on3static.com/uploads/assets/492/234/234492.png,https://www.on3.com/db/marcus-ross-238090/,portal_industry_football_2025
Gabe Jones,DL,New Mexico State Aggies,Colorado State Rams,Committed,0,3.0,86.0,1887.0,186.0,2023,2024-12-23T10:27:00,,https://www.on3.com/db/gabe-jones-158632/,portal_industry_football_2025
Jayden Rowe,CB,Oklahoma Sooners,Kansas State Wildcats,Committed,0,3.0,85.0,1888.0,217.0,2022,2024-12-12T20:00:00,https://on3static.com/uploads/assets/188/86/86188.jpeg,https://www.on3.com/db/jayden-rowe-58697/,portal_industry_football_2025
Jaeden Gould,S,Syracuse Orange,UCF Knights,Committed,0,3.0,86.0,1889.0,129.0,2022,2024-12-26T13:10:00,https://on3static.com/uploads/assets/685/564/564685.PNG,https://www.on3.com/db/jaeden-gould-52788/,portal_industry_football_2025
Jadon Pearson,LB,Utah State Aggies,Fresno State Bulldogs,Committed,0,3.0,86.0,1890.0,148.0,2019,2024-12-17T12:48:00,https://on3static.com/uploads/assets/754/175/175754.jpeg,https://www.on3.com/db/jadon-pearson-52752/,portal_industry_football_2025
Elijah Green,RB,Indiana Hoosiers,Sam Houston State Bearkats,Committed,0,3.0,86.0,1891.0,140.0,2020,2025-01-13T13:21:00,https://on3static.com/uploads/assets/783/222/222783.png,https://www.on3.com/db/elijah-green-41199/,portal_industry_football_2025
Phil Picciotti,LB,Oklahoma Sooners,UCF Knights,Committed,0,3.0,86.0,1892.0,122.0,2023,2024-12-23T21:22:00,https://on3static.com/uploads/assets/717/564/564717.PNG,https://www.on3.com/db/phil-picciotti-96408/,portal_industry_football_2025
Brendan Zurbrugg,QB,Oklahoma Sooners,Utah Utes,Committed,0,3.0,85.0,1893.0,146.0,2024,2024-12-21T11:59:00,https://on3static.com/uploads/assets/961/331/331961.png,https://www.on3.com/db/brendan-zurbrugg-155040/,portal_industry_football_2025
Braxton Myers,CB,Southern Miss Golden Eagles,Western Kentucky Hilltoppers,Committed,0,3.0,86.0,1894.0,159.0,2023,2025-01-08T15:14:00,https://on3static.com/uploads/assets/41/217/217041.png,https://www.on3.com/db/braxton-myers-13490/,portal_industry_football_2025
Oran Singleton,WR,Eastern Michigan Eagles,West Virginia Mountaineers,Committed,0,3.0,83.0,1895.0,408.0,2021,2024-12-22T21:50:00,https://on3static.com/uploads/assets/819/395/395819.png,https://www.on3.com/db/oran-singleton-94535/,portal_industry_football_2025
Chris Parker,WR,Central Michigan Chippewas,Connecticut Huskies,Committed,0,3.0,86.0,1896.0,232.0,2021,2025-01-11T15:39:00,https://on3static.com/uploads/assets/482/469/469482.png,https://www.on3.com/db/chris-parker-22263/,portal_industry_football_2025
Jack Layne,QB,Idaho Vandals,New Mexico Lobos,Committed,0,3.0,86.0,1897.0,102.0,2022,2024-12-26T16:13:00,https://on3static.com/uploads/assets/575/396/396575.png,https://www.on3.com/db/jack-layne-51176/,portal_industry_football_2025
Connor Vaughn,TE,Tulsa Golden Hurricane,North Texas Mean Green,Committed,0,3.0,85.0,1898.0,122.0,2022,2024-12-20T12:52:00,https://on3static.com/uploads/assets/635/216/216635.png,https://www.on3.com/db/connor-vaughn-150498/,portal_industry_football_2025
Devin Green,RB,UNLV Rebels,Utah Utes,Committed,0,3.0,85.0,1899.0,150.0,2024,2024-12-22T20:20:00,https://on3static.com/uploads/assets/803/114/114803.jpg,https://www.on3.com/db/devin-green-153211/,portal_industry_football_2025
Justin Harrington,S,Washington Huskies,West Virginia Mountaineers,Committed,0,3.0,84.0,1900.0,221.0,2018,2025-01-10T14:57:00,https://on3static.com/uploads/assets/513/18/18513.jpeg,https://www.on3.com/db/justin-harrington-69413/,portal_industry_football_2025
Keyvone Lee,RB,Mississippi State Bulldogs,UNLV Rebels,Committed,0,3.0,86.0,1901.0,123.0,2020,2025-01-21T17:23:00,https://on3static.com/uploads/assets/321/18/18321.jpeg,https://www.on3.com/db/keyvone-lee-74749/,portal_industry_football_2025
Tray Franklin,OT,South Carolina State Bulldogs,Coastal Carolina Chanticleers,Committed,0,3.0,87.0,1902.0,66.0,2022,2024-12-30T11:17:00,https://on3static.com/uploads/assets/956/397/397956.png,https://www.on3.com/db/tray-franklin-114843/,portal_industry_football_2025
Andrew Wilson-Lamp,WR,East Carolina Pirates,Toledo Rockets,Committed,0,3.0,85.0,1903.0,314.0,2021,2025-02-05T14:25:00,https://on3static.com/uploads/dev/assets/279/7/7279.jpg,https://www.on3.com/db/andrew-wilson-lamp-5504/,portal_industry_football_2025
Dallas Winner-Johnson,LB,Missouri State University Bears,Tulane Green Wave,Committed,0,3.0,86.0,1904.0,162.0,2023,2025-01-05T17:45:00,https://on3static.com/uploads/assets/738/400/400738.png,https://www.on3.com/db/dallas-winner-johnson-151420/,portal_industry_football_2025
Jaymon Lamb,IOL,Stephen F. Austin Lumberjacks,North Texas Mean Green,Committed,0,3.0,85.0,1905.0,148.0,2023,2025-01-05T08:31:00,https://on3static.com/uploads/assets/833/400/400833.png,https://www.on3.com/db/jaymon-lamb-154256/,portal_industry_football_2025
Avery Powell,CB,Missouri State University Bears,Temple Owls,Committed,0,3.0,86.0,1906.0,179.0,2022,2025-01-16T08:50:00,https://on3static.com/uploads/assets/388/405/405388.png,https://www.on3.com/db/avery-powell-8933/,portal_industry_football_2025
Jacolby Criswell,QB,North Carolina Tar Heels,East Tennessee State Buccaneers,Committed,0,3.0,86.0,1907.0,89.0,2020,2025-01-21T21:29:00,https://on3static.com/uploads/dev/assets/112/10/10112.jpg,https://www.on3.com/db/jacolby-criswell-52407/,portal_industry_football_2025
Colby Humphrey,CB,South Dakota State Jackrabbits,Washington State Cougars,Committed,0,3.0,87.0,1908.0,74.0,2020,2025-01-07T12:29:00,https://on3static.com/uploads/assets/711/404/404711.png,https://www.on3.com/db/colby-humphrey-144723/,portal_industry_football_2025
Cale Reeder,S,South Dakota State Jackrabbits,Washington State Cougars,Committed,0,3.0,86.0,1909.0,136.0,2020,2025-01-04T13:07:00,https://on3static.com/uploads/assets/724/404/404724.png,https://www.on3.com/db/cale-reeder-248522/,portal_industry_football_2025
Isaac Perez,IOL,Portland State Vikings,Arizona Wildcats,Committed,0,3.0,85.0,1910.0,159.0,2023,2025-01-09T11:10:00,https://on3static.com/uploads/assets/46/404/404046.png,https://www.on3.com/db/isaac-perez-175160/,portal_industry_football_2025
Maxwell Woods,RB,South Dakota State Jackrabbits,Washington State Cougars,Committed,0,3.0,86.0,1911.0,120.0,2024,2025-01-07T07:19:00,https://on3static.com/uploads/assets/749/401/401749.png,https://www.on3.com/db/maxwell-woods-178890/,portal_industry_football_2025
Peter Knudson,TE,Weber State Wildcats,Alabama Crimson Tide,Committed,0,3.0,85.0,1912.0,120.0,2020,2025-01-06T14:51:00,https://on3static.com/uploads/assets/343/402/402343.png,https://www.on3.com/db/peter-knudson-96185/,portal_industry_football_2025
James Pogorelc,OT,Duke Blue Devils,James Madison Dukes,Committed,0,3.0,84.0,1913.0,181.0,2020,2025-04-30T16:19:00,https://on3static.com/uploads/dev/assets/997/5/5997.jpg,https://www.on3.com/db/james-pogorelc-55824/,portal_industry_football_2025
Jaden McGill,RB,Tennessee State Tigers,Western Kentucky Hilltoppers,Committed,0,3.0,85.0,1914.0,159.0,2021,2025-05-23T13:17:00,https://on3static.com/uploads/assets/131/433/433131.png,https://www.on3.com/db/jaden-mcgill-52647/,portal_industry_football_2025
Dennard Flowers,EDGE,Murray State Racers,USF Bulls,Committed,0,3.0,85.0,1915.0,157.0,2021,2025-05-01T17:41:00,https://on3static.com/uploads/assets/400/438/438400.jpg,https://www.on3.com/db/dennard-flowers-34192/,portal_industry_football_2025
Kobe Williams,IOL,Memphis Tigers,Arkansas State Red Wolves,Committed,0,3.0,85.0,1916.0,168.0,2024,2025-04-28T16:39:00,https://on3static.com/uploads/assets/938/104/104938.jpg,https://www.on3.com/db/kobe-williams-162147/,portal_industry_football_2025
Cale Breslin,RB,BYU Cougars,Montana State Bobcats,Committed,0,3.0,84.0,1917.0,203.0,2025,2025-05-14T12:48:00,https://on3static.com/uploads/assets/434/304/304434.png,https://www.on3.com/db/cale-breslin-162865/,portal_industry_football_2025
Justin Beadles,DL,New Mexico State Aggies,Louisville Cardinals,Committed,0,3.0,84.0,1918.0,299.0,2020,2025-04-23T16:38:00,https://on3static.com/uploads/assets/14/25/25014.jpeg,https://www.on3.com/db/justin-beadles-69049/,portal_industry_football_2025
Daveion Harley,IOL,Jacksonville State Gamecocks,California Golden Bears,Committed,0,3.0,85.0,1919.0,158.0,2023,2025-04-28T12:56:00,https://on3static.com/uploads/assets/245/181/181245.png,https://www.on3.com/db/daveion-harley-152579/,portal_industry_football_2025
Jaylin Jones,EDGE,UTEP Miners,Baylor Bears,Committed,0,3.0,85.0,1920.0,179.0,2024,2025-05-24T10:18:00,https://on3static.com/uploads/assets/978/182/182978.jpg,https://www.on3.com/db/jaylin-jones-154882/,portal_industry_football_2025
Matthew Caldwell,QB,Troy Trojans,Texas Longhorns,Committed,0,3.0,85.0,1921.0,159.0,2021,2025-05-04T13:35:00,https://on3static.com/uploads/assets/900/441/441900.png,https://www.on3.com/db/matthew-caldwell-86009/,portal_industry_football_2025
Chris Marable,DL,Wake Forest Demon Deacons,Boston College Eagles,Committed,0,3.0,86.0,1922.0,176.0,2023,2025-04-22T13:10:00,https://on3static.com/uploads/assets/635/316/316635.png,https://www.on3.com/db/chris-marable-150508/,portal_industry_football_2025
Zuri Madison,IOL,Arkansas Razorbacks,Arkansas State Red Wolves,Committed,0,3.0,85.0,1923.0,149.0,2024,2025-05-06T16:34:00,https://on3static.com/uploads/assets/962/303/303962.png,https://www.on3.com/db/zuri-madison-158263/,portal_industry_football_2025
Joshua Raymond,OT,Vanderbilt Commodores,Florida State Seminoles,Committed,0,3.0,84.0,1924.0,171.0,2024,2025-05-01T10:32:00,https://on3static.com/uploads/assets/338/176/176338.png,https://www.on3.com/db/joshua-raymond-177133/,portal_industry_football_2025
Garret Rangel,QB,Oklahoma State Cowboys,Virginia Tech Hokies,Committed,0,3.0,85.0,1925.0,144.0,2022,2025-05-07T10:52:00,https://on3static.com/uploads/assets/582/226/226582.png,https://www.on3.com/db/garret-rangel-44868/,portal_industry_football_2025
Chase Pinkston,WR,Oklahoma State Cowboys,Memphis Tigers,Committed,0,3.0,85.0,1926.0,291.0,2024,2025-05-14T19:49:00,https://on3static.com/uploads/assets/819/447/447819.png,https://www.on3.com/db/chase-pinkston-174330/,portal_industry_football_2025
Landen King,TE,Utah Utes,Duke Blue Devils,Committed,0,3.0,85.0,1928.0,97.0,2021,2025-05-05T15:15:00,https://on3static.com/uploads/assets/989/17/17989.jpeg,https://www.on3.com/db/landen-king-77940/,portal_industry_football_2025
Ryan Ward,TE,North Carolina Tar Heels,West Virginia Mountaineers,Committed,0,3.0,85.0,1929.0,119.0,2024,2025-05-07T17:13:00,https://on3static.com/uploads/assets/45/297/297045.png,https://www.on3.com/db/ryan-ward-175148/,portal_industry_football_2025
Brandon Smiley,DL,Elon Phoenix,Wake Forest Demon Deacons,Committed,0,3.0,83.0,1930.0,313.0,2021,2025-04-26T14:08:00,https://on3static.com/uploads/assets/405/443/443405.png,https://www.on3.com/db/brandon-smiley-13104/,portal_industry_football_2025
Owen Ostroski,DL,Tulsa Golden Hurricane,Northern Iowa Panthers,Committed,0,3.0,87.0,1932.0,42.0,2021,2025-01-08T20:15:00,https://on3static.com/uploads/assets/51/75/75051.jpeg,https://www.on3.com/db/owen-ostroski-94816/,portal_industry_football_2025
Kendall Karr,TE,Coastal Carolina Chanticleers,,Entered,0,3.0,87.0,1933.0,50.0,2020,2024-12-02T11:46:00,https://on3static.com/uploads/dev/assets/187/10/10187.jpg,https://www.on3.com/db/kendall-karr-143886/,portal_industry_football_2025
Jay Ducker,RB,Sam Houston State Bearkats,Temple Owls,Committed,0,3.0,87.0,1934.0,75.0,2020,2025-01-17T14:22:00,https://on3static.com/uploads/assets/636/35/35636.jpeg,https://www.on3.com/db/jay-ducker-61480/,portal_industry_football_2025
Perry Fisher,CB,Maryland Terrapins,UAB Blazers,Committed,0,3.0,87.0,1935.0,128.0,2022,2025-01-08T16:24:00,https://on3static.com/uploads/assets/710/310/310710.png,https://www.on3.com/db/perry-fisher-146121/,portal_industry_football_2025
Adrian Norton,WR,Akron Zips,Marshall Thundering Herd,Committed,0,3.0,87.0,1936.0,79.0,2023,2025-06-10T16:04:00,https://on3static.com/uploads/assets/158/392/392158.jpg,https://www.on3.com/db/adrian-norton-146008/,portal_industry_football_2025
Djay Braswell,RB,South Carolina Gamecocks,Georgia State Panthers,Committed,0,3.0,87.0,1937.0,56.0,2023,2024-12-19T14:02:00,https://on3static.com/uploads/assets/42/257/257042.jpg,https://www.on3.com/db/djay-braswell-150367/,portal_industry_football_2025
Nolan Ziegler,LB,Central Michigan Chippewas,,Entered,0,3.0,87.0,1938.0,88.0,2022,2024-12-09T10:08:00,https://on3static.com/uploads/assets/959/235/235959.jpeg,https://www.on3.com/db/nolan-ziegler-93917/,portal_industry_football_2025
Tabias Hinton,LB,Mississippi State Bulldogs,,Entered,0,3.0,87.0,1939.0,68.0,2023,2024-12-09T11:39:00,https://on3static.com/uploads/assets/865/222/222865.png,https://www.on3.com/db/tabias-hinton-109655/,portal_industry_football_2025
J'mond Tapp,EDGE,Arizona State Sun Devils,Southern Miss Golden Eagles,Committed,0,3.0,87.0,1940.0,91.0,2022,2025-01-13T11:13:00,https://on3static.com/uploads/assets/902/83/83902.png,https://www.on3.com/db/jmond-tapp-50253/,portal_industry_football_2025
Simeon Evans,WR,Sam Houston State Bearkats,North Texas Mean Green,Committed,0,3.0,87.0,1941.0,132.0,2021,2025-01-05T15:13:00,https://on3static.com/uploads/assets/585/181/181585.png,https://www.on3.com/db/simeon-evans-107470/,portal_industry_football_2025
Kenard Snyder,EDGE,Iowa State Cyclones,Texas State Bobcats,Committed,0,3.0,87.0,1942.0,70.0,2021,2024-12-16T14:17:00,https://on3static.com/uploads/assets/577/263/263577.png,https://www.on3.com/db/kenard-snyder-72681/,portal_industry_football_2025
Brooklyn Cheek,S,California Golden Bears,Wyoming Cowboys,Committed,0,3.0,87.0,1943.0,88.0,2024,2024-12-22T17:22:00,https://on3static.com/uploads/assets/606/335/335606.png,https://www.on3.com/db/brooklyn-cheek-153162/,portal_industry_football_2025
Thomas Shrader,OT,Appalachian State Mountaineers,USF Bulls,Committed,0,3.0,87.0,1944.0,58.0,2020,2024-12-16T10:46:00,https://on3static.com/uploads/assets/240/242/242240.jpeg,https://www.on3.com/db/thomas-shrader-112458/,portal_industry_football_2025
CJ Hester,RB,Massachusetts Minutemen,Michigan Wolverines,Committed,0,3.0,87.0,1945.0,89.0,2023,2025-04-19T18:46:00,https://on3static.com/uploads/assets/958/306/306958.png,https://www.on3.com/db/cj-hester-147155/,portal_industry_football_2025
Crews Law,LB,North Carolina Tar Heels,Memphis Tigers,Committed,0,3.0,87.0,1946.0,67.0,2024,2025-04-25T12:20:00,https://on3static.com/uploads/assets/651/440/440651.jpg,https://www.on3.com/db/crews-law-150802/,portal_industry_football_2025
Ja'Maric Morris,S,Georgia State Panthers,Virginia Cavaliers,Committed,0,3.0,87.0,1947.0,91.0,2021,2025-05-06T16:41:00,https://on3static.com/uploads/assets/531/338/338531.png,https://www.on3.com/db/jamaric-morris-158962/,portal_industry_football_2025
Ashton Cozart,WR,SMU Mustangs,Kentucky Wildcats,Committed,0,3.0,87.0,1948.0,155.0,2023,2025-05-06T11:57:00,https://on3static.com/uploads/assets/849/174/174849.jpeg,https://www.on3.com/db/ashton-cozart-7865/,portal_industry_football_2025
Yamir Knight,WR,James Madison Dukes,SMU Mustangs,Committed,0,3.0,87.0,1949.0,121.0,2023,2025-05-02T13:08:00,https://on3static.com/uploads/assets/805/444/444805.png,https://www.on3.com/db/yamir-knight-159102/,portal_industry_football_2025
Jacob Norcross,IOL,Kennesaw State Owls,Memphis Tigers,Committed,0,3.0,87.0,1950.0,86.0,2024,2024-12-24T15:20:00,https://on3static.com/uploads/assets/717/381/381717.jpg,https://www.on3.com/db/jacob-norcross-240675/,portal_industry_football_2025
Naeer Jackson,OT,FIU Golden Panthers,Louisville Cardinals,Committed,0,3.0,87.0,1951.0,74.0,2022,2024-12-13T11:31:00,https://on3static.com/uploads/assets/838/388/388838.png,https://www.on3.com/db/naeer-jackson-150132/,portal_industry_football_2025
Reese Poffenbarger,QB,Miami Hurricanes,North Texas Mean Green,Committed,0,3.0,87.0,1952.0,55.0,2020,2024-12-16T20:05:00,https://on3static.com/uploads/assets/787/269/269787.png,https://www.on3.com/db/reese-poffenbarger-99237/,portal_industry_football_2025
Shadrach Banks,LB,TCU Horned Frogs,UTSA Roadrunners,Committed,0,3.0,87.0,1953.0,72.0,2021,2024-12-22T21:20:00,https://on3static.com/uploads/assets/626/24/24626.jpeg,https://www.on3.com/db/shadrach-banks-106179/,portal_industry_football_2025
Drew Biber,TE,Purdue Boilermakers,Minnesota Golden Gophers,Committed,0,3.0,85.0,1954.0,110.0,2021,2024-12-12T11:57:00,https://on3static.com/uploads/assets/471/343/343471.png,https://www.on3.com/db/drew-biber-38941/,portal_industry_football_2025
Doug Blue-Eli,DL,USF Bulls,Rutgers Scarlet Knights,Committed,0,3.0,87.0,1955.0,59.0,2019,2024-12-13T09:35:00,https://on3static.com/uploads/assets/243/463/463243.jpg,https://www.on3.com/db/doug-blue-eli-150073/,portal_industry_football_2025
Markeston Douglas,TE,Arizona State Sun Devils,Florida State Seminoles,Committed,0,3.0,86.0,1956.0,63.0,2020,2024-12-12T08:01:00,https://on3static.com/uploads/assets/108/242/242108.jpeg,https://www.on3.com/db/markeston-douglas-83729/,portal_industry_football_2025
PJ Wilkins,OT,Charlotte 49ers,Ole Miss Rebels,Committed,0,3.0,86.0,1957.0,82.0,2023,2024-12-12T17:05:00,https://on3static.com/uploads/assets/394/213/213394.jpeg,https://www.on3.com/db/pj-wilkins-155545/,portal_industry_football_2025
Tavake Tuikolovatu,IOL,UCLA Bruins,Kansas Jayhawks,Committed,0,3.0,86.0,1958.0,146.0,2023,2024-12-24T21:01:00,https://on3static.com/uploads/assets/985/218/218985.png,https://www.on3.com/db/tavake-tuikolovatu-157120/,portal_industry_football_2025
Henry Boyer,TE,Illinois Fighting Illini,Kentucky Wildcats,Committed,0,3.0,86.0,1959.0,70.0,2022,2024-12-19T13:36:00,https://on3static.com/uploads/assets/467/394/394467.png,https://www.on3.com/db/henry-boyer-47954/,portal_industry_football_2025
Levi Wentz,WR,Albany Great Danes,Kansas Jayhawks,Committed,0,3.0,86.0,1960.0,222.0,2020,2024-12-20T12:45:00,https://on3static.com/uploads/assets/390/132/132390.jpeg,https://www.on3.com/db/levi-wentz-79343/,portal_industry_football_2025
Jordan Brown,OT,Georgia Tech Yellow Jackets,Arizona Wildcats,Committed,0,3.0,86.0,1961.0,84.0,0,2024-12-20T13:21:00,https://on3static.com/uploads/assets/479/164/164479.png,https://www.on3.com/db/jordan-brown-175214/,portal_industry_football_2025
Justin Royes,OT,Virginia Union Panthers,UCF Knights,Committed,0,3.0,87.0,1962.0,63.0,2023,2024-12-23T10:40:00,https://on3static.com/uploads/assets/742/564/564742.PNG,https://www.on3.com/db/justin-royes-247320/,portal_industry_football_2025
Cyrus Traugh,WR,Youngstown State Penguins,West Virginia Mountaineers,Committed,0,3.0,85.0,1963.0,284.0,2023,2025-01-05T17:27:00,https://on3static.com/uploads/assets/961/401/401961.png,https://www.on3.com/db/cyrus-traugh-248207/,portal_industry_football_2025
Trevor Mayberry,IOL,Stanford Cardinal,Mississippi State Bulldogs,Committed,0,3.0,86.0,1964.0,127.0,2020,2025-01-20T22:26:00,https://on3static.com/uploads/assets/772/217/217772.png,https://www.on3.com/db/trevor-mayberry-115776/,portal_industry_football_2025
Bralen Henderson,DL,Ohio Bobcats,Missouri Tigers,Committed,0,3.0,87.0,1965.0,75.0,2021,2025-05-03T08:36:00,https://on3static.com/uploads/assets/278/440/440278.png,https://www.on3.com/db/bralen-henderson-12006/,portal_industry_football_2025
Jason Brooks,IOL,Oklahoma State Cowboys,Houston Cougars,Committed,0,3.0,86.0,1966.0,131.0,2020,2024-12-12T15:13:00,https://on3static.com/uploads/dev/assets/755/5/5755.jpg,https://www.on3.com/db/jason-brooks-57433/,portal_industry_football_2025
Tamatoa McDonough,EDGE,Yale Bulldogs,Iowa State Cyclones,Committed,0,3.0,87.0,1967.0,88.0,2021,2025-01-09T18:42:00,https://on3static.com/uploads/assets/994/465/465994.PNG,https://www.on3.com/db/tamatoa-mcdonough-246719/,portal_industry_football_2025
Travis Burke,OT,FIU Golden Panthers,Memphis Tigers,Committed,0,3.0,87.0,1968.0,50.0,2021,2025-01-03T12:02:00,https://on3static.com/uploads/assets/840/388/388840.png,https://www.on3.com/db/travis-burke-114514/,portal_industry_football_2025
Conner Harrell,QB,North Carolina Tar Heels,Charlotte 49ers,Committed,0,3.0,86.0,1969.0,80.0,2022,2025-01-05T15:29:00,https://on3static.com/uploads/assets/772/222/222772.png,https://www.on3.com/db/conner-harrell-25422/,portal_industry_football_2025
Demerick Morris,DL,Temple Owls,Oklahoma State Cowboys,Committed,0,3.0,85.0,1970.0,215.0,2020,2024-12-23T16:56:00,https://on3static.com/uploads/assets/96/74/74096.jpeg,https://www.on3.com/db/demerick-morris-33862/,portal_industry_football_2025
Cameron Pickett,WR,Ball State Cardinals,Kansas Jayhawks,Committed,0,3.0,86.0,1971.0,220.0,2022,2024-12-15T12:41:00,https://on3static.com/uploads/assets/355/390/390355.png,https://www.on3.com/db/cameron-pickett-18023/,portal_industry_football_2025
Jaron Tibbs,WR,Purdue Boilermakers,Kansas State Wildcats,Committed,0,3.0,86.0,1972.0,204.0,2023,2024-12-18T20:59:00,https://on3static.com/uploads/assets/896/343/343896.png,https://www.on3.com/db/jaron-tibbs-151386/,portal_industry_football_2025
Damien Alford,WR,Utah Utes,Florida Atlantic Owls,Committed,0,3.0,86.0,1973.0,206.0,2020,2024-12-22T12:02:00,https://on3static.com/uploads/dev/assets/829/9/9829.jpg,https://www.on3.com/db/damien-alford-28544/,portal_industry_football_2025
Trace Bruckler,TE,New Mexico Lobos,Ole Miss Rebels,Committed,0,3.0,86.0,1974.0,55.0,2021,2025-01-09T18:22:00,https://on3static.com/uploads/assets/967/178/178967.png,https://www.on3.com/db/trace-bruckler-114253/,portal_industry_football_2025
Hank Brown,QB,Auburn Tigers,Iowa Hawkeyes,Committed,0,3.0,86.0,1975.0,81.0,2023,2024-12-13T15:34:00,https://on3static.com/uploads/assets/335/491/491335.jpg,https://www.on3.com/db/hank-brown-152486/,portal_industry_football_2025
Connor Cox,TE,South Carolina Gamecocks,North Carolina Tar Heels,Committed,0,3.0,86.0,1977.0,85.0,2023,2024-12-18T17:12:00,https://on3static.com/uploads/assets/915/470/470915.png,https://www.on3.com/db/connor-cox-150699/,portal_industry_football_2025
Lance Holtzclaw,EDGE,Washington Huskies,Utah Utes,Committed,0,3.0,85.0,1978.0,163.0,2022,2024-12-22T12:31:00,https://on3static.com/uploads/assets/295/219/219295.png,https://www.on3.com/db/lance-holtzclaw-77849/,portal_industry_football_2025
Amos Talalele,IOL,USC Trojans,Kansas State Wildcats,Committed,0,3.0,86.0,1979.0,137.0,2023,2024-12-21T23:02:00,https://on3static.com/uploads/assets/981/218/218981.png,https://www.on3.com/db/amos-talalele-151312/,portal_industry_football_2025
Alex Sanford,LB,Arkansas Razorbacks,Purdue Boilermakers,Committed,0,3.0,86.0,1980.0,131.0,2023,2024-12-22T14:09:00,https://on3static.com/uploads/assets/862/407/407862.png,https://www.on3.com/db/alex-sanford-3371/,portal_industry_football_2025
Debron Gatling,WR,South Carolina Gamecocks,Georgia Tech Yellow Jackets,Committed,0,3.0,86.0,1981.0,242.0,2024,2024-12-16T14:33:00,https://on3static.com/uploads/assets/515/303/303515.png,https://www.on3.com/db/debron-gatling-33191/,portal_industry_football_2025
Sione Fotu,LB,Utah Utes,Houston Cougars,Committed,0,3.0,86.0,1982.0,141.0,2020,2024-12-20T11:52:00,https://on3static.com/uploads/assets/53/219/219053.png,https://www.on3.com/db/sione-fotu-107575/,portal_industry_football_2025
Tré Spivey,WR,Kansas State Wildcats,Arizona Wildcats,Committed,0,3.0,84.0,1983.0,374.0,2023,2024-12-23T07:52:00,https://on3static.com/uploads/assets/175/209/209175.jpeg,https://www.on3.com/db/tr-spivey-147517/,portal_industry_football_2025
Aaron Bryant,DL,Texas Longhorns,Vanderbilt Commodores,Committed,0,3.0,86.0,1984.0,131.0,2022,2024-12-17T19:29:00,https://on3static.com/uploads/assets/986/71/71986.jpeg,https://www.on3.com/db/aaron-bryant-374/,portal_industry_football_2025
Mekhi Miller,WR,Missouri Tigers,Tulsa Golden Hurricane,Committed,0,3.0,86.0,1985.0,261.0,2022,2025-01-03T15:18:00,https://on3static.com/uploads/assets/667/399/399667.png,https://www.on3.com/db/mekhi-miller-86961/,portal_industry_football_2025
Kalib Hicks,RB,Oklahoma Sooners,Oklahoma State Cowboys,Committed,0,3.0,86.0,1986.0,108.0,2023,2024-12-15T14:48:00,https://on3static.com/uploads/assets/241/209/209241.jpeg,https://www.on3.com/db/kalib-hicks-70807/,portal_industry_football_2025
Harvey Broussard,WR,Louisiana Ragin Cajuns,Houston Cougars,Committed,0,3.0,87.0,1987.0,149.0,2023,2024-12-15T07:56:00,https://on3static.com/uploads/assets/11/53/53011.jpg,https://www.on3.com/db/harvey-broussard-47680/,portal_industry_football_2025
Darold DeNgohe,DL,James Madison Dukes,Rutgers Scarlet Knights,Committed,0,3.0,87.0,1988.0,93.0,2023,2024-12-12T13:23:00,https://on3static.com/uploads/assets/401/465/465401.png,https://www.on3.com/db/darold-dengohe-150201/,portal_industry_football_2025
Jaeden Moore,LB,Oregon Ducks,Pittsburgh Panthers,Committed,0,3.0,85.0,1989.0,165.0,2023,2025-01-07T15:55:00,https://on3static.com/uploads/assets/619/393/393619.png,https://www.on3.com/db/jaeden-moore-52793/,portal_industry_football_2025
Carson Kent,TE,Kennesaw State Owls,Oklahoma Sooners,Committed,0,3.0,87.0,1990.0,41.0,2022,2024-12-23T10:08:00,https://on3static.com/uploads/assets/839/393/393839.png,https://www.on3.com/db/carson-kent-197604/,portal_industry_football_2025
Champ Sanders,DL,Oklahoma Sooners,UCLA Bruins,Committed,0,3.0,85.0,1991.0,239.0,2023,2024-12-22T12:01:00,https://on3static.com/uploads/assets/998/331/331998.png,https://www.on3.com/db/champ-sanders-147288/,portal_industry_football_2025
Cannon Butler,EDGE,Northern Iowa Panthers,Iowa State Cyclones,Committed,0,3.0,86.0,1992.0,110.0,2020,2024-12-13T11:19:00,https://on3static.com/uploads/assets/996/465/465996.PNG,https://www.on3.com/db/cannon-butler-18284/,portal_industry_football_2025
Alex Orji,QB,Michigan Wolverines,UNLV Rebels,Committed,136545,3.0,86.0,1993.0,77.0,2022,2025-01-11T17:53:00,https://on3static.com/uploads/assets/983/274/274983.png,https://www.on3.com/db/alex-orji-3283/,portal_industry_football_2025
Jaiden Francois,CB,Utah State Aggies,Duke Blue Devils,Committed,0,3.0,86.0,1994.0,207.0,2020,2024-12-23T23:36:00,https://on3static.com/uploads/assets/782/18/18782.jpeg,https://www.on3.com/db/jaiden-francois-53125/,portal_industry_football_2025
Brandon Rawls,LB,Saginaw Valley State Cardinals,Oklahoma State Cowboys,Committed,0,3.0,85.0,1995.0,169.0,2021,2024-12-18T14:52:00,https://on3static.com/uploads/assets/183/396/396183.png,https://www.on3.com/db/brandon-rawls-247337/,portal_industry_football_2025
Sam Jackson,WR,Auburn Tigers,Oklahoma State Cowboys,Committed,0,3.0,86.0,1996.0,239.0,2021,2025-01-04T18:27:00,https://on3static.com/uploads/assets/360/400/400360.png,https://www.on3.com/db/sam-jackson-144064/,portal_industry_football_2025
Tycoolhill Luman,DL,Rutgers Scarlet Knights,Florida Atlantic Owls,Committed,0,3.0,86.0,1997.0,172.0,2024,2025-01-10T15:36:00,https://on3static.com/uploads/assets/386/238/238386.png,https://www.on3.com/db/tycoolhill-luman-155042/,portal_industry_football_2025
Ismael Cisse,WR,Stanford Cardinal,Arkansas Razorbacks,Committed,0,3.0,85.0,1998.0,298.0,2023,2025-01-06T19:50:00,https://on3static.com/uploads/assets/35/397/397035.jpg,https://www.on3.com/db/ismael-cisse-147980/,portal_industry_football_2025
Luca Puccinelli,TE,Wake Forest Demon Deacons,Purdue Boilermakers,Committed,0,3.0,85.0,1999.0,116.0,2024,2025-01-04T13:47:00,https://on3static.com/uploads/assets/856/407/407856.png,https://www.on3.com/db/luca-puccinelli-150194/,portal_industry_football_2025
Jayden Loving,DL,Western Kentucky Hilltoppers,Wake Forest Demon Deacons,Committed,0,3.0,85.0,2000.0,210.0,2021,2025-01-05T15:49:00,https://on3static.com/uploads/assets/764/400/400764.png,https://www.on3.com/db/jayden-loving-235039/,portal_industry_football_2025
Joey Zelinsky,DL,Eastern Michigan Eagles,Pittsburgh Panthers,Committed,0,3.0,86.0,2001.0,101.0,0,2025-01-04T17:25:00,https://on3static.com/uploads/assets/705/400/400705.png,https://www.on3.com/db/joey-zelinsky-156200/,portal_industry_football_2025
Simon Wilson,IOL,Middle Tennessee State Blue Raiders,Tulsa Golden Hurricane,Committed,0,3.0,87.0,2002.0,94.0,0,2025-01-08T11:29:00,https://on3static.com/uploads/assets/231/391/391231.png,https://www.on3.com/db/simon-wilson-176553/,portal_industry_football_2025
Jabari Mack,CB,Jacksonville State Gamecocks,Louisville Cardinals,Committed,0,3.0,87.0,2003.0,126.0,2021,2024-12-20T00:37:00,https://on3static.com/uploads/assets/485/393/393485.png,https://www.on3.com/db/jabari-mack-196671/,portal_industry_football_2025
Devonte Golden-Nelson,CB,Akron Zips,West Virginia Mountaineers,Committed,0,3.0,86.0,2004.0,142.0,2020,2025-01-12T14:43:00,https://on3static.com/uploads/assets/645/35/35645.jpeg,https://www.on3.com/db/devonte-golden-nelson-36607/,portal_industry_football_2025
Sterling Berkhalter,WR,Cincinnati Bearcats,Wake Forest Demon Deacons,Committed,0,3.0,86.0,2005.0,231.0,2020,2025-01-02T10:49:00,https://on3static.com/uploads/assets/554/139/139554.jpg,https://www.on3.com/db/sterling-berkhalter-108597/,portal_industry_football_2025
Jeffrey Persi,OT,Michigan Wolverines,Pittsburgh Panthers,Committed,0,3.0,86.0,2006.0,88.0,2020,2025-01-27T09:19:00,https://on3static.com/uploads/dev/assets/979/6/6979.jpg,https://www.on3.com/db/jeffrey-persi-59816/,portal_industry_football_2025
Cayman Spaulding,LB,Tennessee Tech Golden Eagles,Georgia Tech Yellow Jackets,Committed,0,3.0,86.0,2007.0,125.0,2023,2024-12-20T23:50:00,https://on3static.com/uploads/assets/870/402/402870.png,https://www.on3.com/db/cayman-spaulding-248387/,portal_industry_football_2025
Rodrick Tialavea,OT,Washington State Cougars,Wake Forest Demon Deacons,Committed,0,3.0,86.0,2008.0,78.0,2020,2025-01-27T15:42:00,https://on3static.com/uploads/dev/assets/440/3/3440.jpg,https://www.on3.com/db/rodrick-tialavea-101801/,portal_industry_football_2025
Jaylan Knighton,RB,SMU Mustangs,West Virginia Mountaineers,Committed,0,3.0,86.0,2009.0,116.0,2020,2025-04-28T10:55:00,https://on3static.com/uploads/assets/178/219/219178.jpg,https://www.on3.com/db/jaylan-knighton-58777/,portal_industry_football_2025
Max Reese,TE,Eastern Michigan Eagles,Mississippi State Bulldogs,Committed,0,3.0,85.0,2010.0,103.0,2022,2025-04-25T12:19:00,https://on3static.com/uploads/assets/834/442/442834.png,https://www.on3.com/db/max-reese-86712/,portal_industry_football_2025
Brandon Svets,EDGE,Harvard Crimson,,Entered,0,3.0,84.0,2012.0,193.0,2021,2024-11-26T08:45:00,https://on3static.com/uploads/assets/615/386/386615.jpg,https://www.on3.com/db/brandon-svets-13165/,portal_industry_football_2025
Gino Quinones,IOL,USC Trojans,Fresno State Bulldogs,Committed,0,3.0,84.0,2013.0,191.0,2019,2024-12-23T22:03:00,https://on3static.com/uploads/assets/297/96/96297.png,https://www.on3.com/db/gino-quinones-46124/,portal_industry_football_2025
Enyce Sledge,DL,Illinois Fighting Illini,Florida Atlantic Owls,Committed,0,3.0,84.0,2014.0,275.0,2022,2024-12-20T15:18:00,https://on3static.com/uploads/assets/697/162/162697.jpeg,https://www.on3.com/db/enyce-sledge-41910/,portal_industry_football_2025
Nate Spillman,WR,Tennessee Volunteers,Charlotte 49ers,Committed,0,3.0,84.0,2015.0,339.0,2023,2025-01-27T10:34:00,https://on3static.com/uploads/assets/263/226/226263.jpeg,https://www.on3.com/db/nate-spillman-91386/,portal_industry_football_2025
Trent Ramsey,OT,California Golden Bears,Appalachian State Mountaineers,Committed,0,3.0,84.0,2016.0,187.0,2022,2025-05-09T14:38:00,https://on3static.com/uploads/assets/880/439/439880.png,https://www.on3.com/db/trent-ramsey-115327/,portal_industry_football_2025
Nicholas Hilliard,IOL,Princeton Tigers,,Entered,0,3.0,86.0,2017.0,113.0,2020,2024-10-31T10:14:00,https://on3static.com/uploads/assets/857/373/373857.png,https://www.on3.com/db/nicholas-hilliard-92145/,portal_industry_football_2025
Dijon Stanley,RB,Utah Utes,New Mexico State Aggies,Committed,0,3.0,84.0,2018.0,192.0,2023,2024-12-20T15:46:00,https://on3static.com/uploads/assets/59/219/219059.png,https://www.on3.com/db/dijon-stanley-146052/,portal_industry_football_2025
Wyatt Draeger,DL,San Diego State Aztecs,,Entered,0,3.0,86.0,2019.0,166.0,2019,2024-10-17T14:08:00,https://on3static.com/uploads/assets/490/178/178490.png,https://www.on3.com/db/wyatt-draeger-121776/,portal_industry_football_2025
Zukudo Igwenagu,EDGE,Massachusetts Minutemen,,Entered,0,3.0,85.0,2020.0,170.0,2019,2024-10-21T10:38:00,https://on3static.com/uploads/dev/assets/297/9/9297.jpg,https://www.on3.com/db/zukudo-igwenagu-143767/,portal_industry_football_2025
Dean Abdullah,IOL,San Diego State Aztecs,,Entered,0,3.0,84.0,2021.0,190.0,2021,2024-10-14T14:22:00,https://on3static.com/uploads/assets/505/178/178505.png,https://www.on3.com/db/dean-abdullah-32893/,portal_industry_football_2025
Kaedyn Odermann,WR,Harvard Crimson,,Entered,0,3.0,84.0,2022.0,348.0,2020,2024-11-12T16:24:00,https://on3static.com/uploads/assets/506/381/381506.jpg,https://www.on3.com/db/kaedyn-odermann-246662/,portal_industry_football_2025
Maguire Neal,LB,Charlotte 49ers,Missouri State University Bears,Committed,0,3.0,84.0,2023.0,201.0,2022,2025-02-05T14:37:00,https://on3static.com/uploads/assets/707/91/91707.jpg,https://www.on3.com/db/maguire-neal-146157/,portal_industry_football_2025
Danny Royster,LB,Ball State Cardinals,Indianapolis Greyhounds,Committed,0,3.0,84.0,2024.0,206.0,2022,,https://on3static.com/uploads/assets/161/383/383161.png,https://www.on3.com/db/danny-royster-29681/,portal_industry_football_2025
Jeffrey Bowie,DL,Iowa Hawkeyes,South Dakota Coyotes,Committed,0,3.0,84.0,2025.0,271.0,2021,2025-01-13T19:55:00,https://on3static.com/uploads/assets/998/15/15998.jpeg,https://www.on3.com/db/jeffrey-bowie-59765/,portal_industry_football_2025
Jordan Fuller,RB,Holy Cross Crusaders,James Madison Dukes,Committed,0,3.0,86.0,2026.0,125.0,2021,2025-05-02T16:55:00,https://on3static.com/uploads/assets/614/386/386614.jpg,https://www.on3.com/db/jordan-fuller-187921/,portal_industry_football_2025
Mason Taylor,S,Bucknell Bison,,Entered,0,3.0,84.0,2027.0,230.0,2021,2024-11-26T08:26:00,https://on3static.com/uploads/assets/600/386/386600.jpg,https://www.on3.com/db/mason-taylor-84897/,portal_industry_football_2025
Tyler Picinic,TE,Princeton Tigers,,Entered,0,3.0,84.0,2028.0,147.0,2020,2024-11-25T09:20:00,https://on3static.com/uploads/assets/161/386/386161.png,https://www.on3.com/db/tyler-picinic-117957/,portal_industry_football_2025
Joe Ward Jr.,CB,McNeese State Cowboys,,Entered,0,3.0,84.0,2029.0,303.0,2022,2024-11-25T16:32:00,https://on3static.com/uploads/assets/387/386/386387.jpg,https://www.on3.com/db/joe-ward-jr-201834/,portal_industry_football_2025
Jamori Evans,CB,McNeese State Cowboys,,Entered,0,3.0,84.0,2030.0,304.0,2022,2024-11-25T16:37:00,https://on3static.com/uploads/assets/389/386/386389.jpg,https://www.on3.com/db/jamori-evans-246732/,portal_industry_football_2025
Dean Shaffer,LB,Yale Bulldogs,,Entered,0,3.0,84.0,2031.0,232.0,2021,2024-11-25T17:27:00,https://on3static.com/uploads/assets/417/386/386417.jpg,https://www.on3.com/db/dean-shaffer-246733/,portal_industry_football_2025
Justin Lohrenz,DL,Tulsa Golden Hurricane,,Entered,0,3.0,84.0,2032.0,269.0,2020,2024-11-26T15:28:00,https://on3static.com/uploads/dev/assets/526/3/3526.jpg,https://www.on3.com/db/justin-lohrenz-69514/,portal_industry_football_2025
Quincy Eutsay,EDGE,Brown Bears,,Entered,0,3.0,84.0,2033.0,194.0,2021,2024-11-26T13:08:00,https://on3static.com/uploads/assets/740/386/386740.jpg,https://www.on3.com/db/quincy-eutsay-246744/,portal_industry_football_2025
Eric Little Jr.,LB,Harvard Crimson,,Entered,0,3.0,84.0,2034.0,208.0,2021,2024-11-26T12:56:00,https://on3static.com/uploads/assets/735/386/386735.jpg,https://www.on3.com/db/eric-little-jr-42209/,portal_industry_football_2025
Painter Richards-Baker,WR,Dartmouth Big Green,,Entered,0,3.0,84.0,2035.0,366.0,2021,2024-11-26T12:37:00,https://on3static.com/uploads/assets/898/386/386898.png,https://www.on3.com/db/painter-richards-baker-246749/,portal_industry_football_2025
Keion Mitchell,DL,San Diego State Aztecs,,Entered,0,3.0,84.0,2036.0,261.0,2022,2024-12-02T17:17:00,https://on3static.com/uploads/assets/67/389/389067.png,https://www.on3.com/db/keion-mitchell-246776/,portal_industry_football_2025
Chase Nenad,WR,Yale Bulldogs,,Entered,0,3.0,84.0,2037.0,346.0,2020,2024-11-27T14:44:00,https://on3static.com/uploads/assets/669/387/387669.png,https://www.on3.com/db/chase-nenad-20780/,portal_industry_football_2025
Shad Dabney,CB,Northern Illinois Huskies,,Entered,0,3.0,84.0,2038.0,293.0,2021,2024-11-29T14:02:00,https://on3static.com/uploads/assets/52/73/73052.jpeg,https://www.on3.com/db/shad-dabney-17540/,portal_industry_football_2025
Miles Davis,RB,BYU Cougars,,Entered,0,3.0,84.0,2039.0,183.0,2020,2024-12-02T16:00:00,https://on3static.com/uploads/dev/assets/887/2/2887.jpg,https://www.on3.com/db/miles-davis-89660/,portal_industry_football_2025
Jase Bauer,QB,Sam Houston State Bearkats,,Entered,0,3.0,84.0,2040.0,161.0,2021,2024-12-03T14:40:00,https://on3static.com/uploads/assets/376/389/389376.jpg,https://www.on3.com/db/jase-bauer-57320/,portal_industry_football_2025
Tyler Jefferson,QB,Central Michigan Chippewas,,Entered,0,3.0,84.0,2041.0,165.0,2023,2024-12-03T11:17:00,https://on3static.com/uploads/assets/923/214/214923.png,https://www.on3.com/db/tyler-jefferson-145418/,portal_industry_football_2025
Kortlin Rausaw,EDGE,North Texas Mean Green,,Entered,0,3.0,84.0,2042.0,186.0,2020,2024-12-03T08:15:00,https://on3static.com/uploads/assets/257/75/75257.jpeg,https://www.on3.com/db/kortlin-rausaw-75919/,portal_industry_football_2025
Viron Ellison,RB,Tulsa Golden Hurricane,Delaware Fightin' Blue Hens,Committed,0,3.0,84.0,2043.0,195.0,2024,,https://on3static.com/uploads/assets/165/392/392165.jpg,https://www.on3.com/db/viron-ellison-150387/,portal_industry_football_2025
Jalen McGaughy,WR,Louisiana Tech Bulldogs,,Entered,0,3.0,84.0,2044.0,341.0,2019,2024-12-05T16:47:00,https://on3static.com/uploads/assets/642/35/35642.jpeg,https://www.on3.com/db/jalen-mcgaughy-54392/,portal_industry_football_2025
Jaylen Anderson,RB,West Virginia Mountaineers,South Dakota Coyotes,Committed,0,3.0,84.0,2045.0,179.0,2021,2025-04-15T08:32:00,https://on3static.com/uploads/assets/263/24/24263.jpeg,https://www.on3.com/db/jaylen-anderson-58798/,portal_industry_football_2025
Nigel Williams,CB,New Mexico Lobos,Louisville Cardinals,Committed,0,3.0,84.0,2046.0,300.0,2020,2025-07-03T13:43:00,https://on3static.com/uploads/assets/18/463/463018.png,https://www.on3.com/db/nigel-williams-93306/,portal_industry_football_2025
John Gentry,RB,Sam Houston State Bearkats,,Entered,0,3.0,84.0,2047.0,187.0,2020,2024-12-06T12:28:00,https://on3static.com/uploads/assets/290/132/132290.jpeg,https://www.on3.com/db/john-gentry-63203/,portal_industry_football_2025
Zach Vaughan,OT,Wake Forest Demon Deacons,,Entered,0,3.0,84.0,2049.0,174.0,2020,2024-12-06T14:20:00,https://on3static.com/uploads/dev/assets/515/9/9515.jpg,https://www.on3.com/db/zach-vaughan-123120/,portal_industry_football_2025
Walker Merrill,WR,Wake Forest Demon Deacons,Austin Peay Governors,Committed,0,3.0,84.0,2050.0,331.0,2021,2025-01-14T12:13:00,https://on3static.com/uploads/assets/750/15/15750.jpeg,https://www.on3.com/db/walker-merrill-120020/,portal_industry_football_2025
Joe Labas,QB,Central Michigan Chippewas,,Entered,0,3.0,84.0,2051.0,167.0,2021,2024-12-05T14:30:00,https://on3static.com/uploads/assets/1/16/16001.jpeg,https://www.on3.com/db/joe-labas-62812/,portal_industry_football_2025
Camden Orth,QB,Bowling Green Falcons,,Entered,0,3.0,84.0,2052.0,171.0,2019,2024-12-05T14:08:00,https://on3static.com/uploads/assets/375/76/76375.jpeg,https://www.on3.com/db/camden-orth-17585/,portal_industry_football_2025
Justin Fisher,DL,Bucknell Bison,,Entered,0,3.0,84.0,2053.0,270.0,2021,2024-12-02T10:13:00,https://on3static.com/uploads/assets/850/388/388850.png,https://www.on3.com/db/justin-fisher-246771/,portal_industry_football_2025
Jayden Wilson,LB,New Mexico Lobos,UTEP Miners,Committed,0,3.0,84.0,2055.0,220.0,2023,2025-01-01T11:50:00,https://on3static.com/uploads/assets/780/390/390780.jpg,https://www.on3.com/db/jayden-wilson-156730/,portal_industry_football_2025
Jalen Burton,CB,Bowling Green Falcons,,Entered,0,3.0,84.0,2056.0,267.0,2021,2024-12-08T10:06:00,https://on3static.com/uploads/assets/382/76/76382.jpeg,https://www.on3.com/db/jalen-burton-54176/,portal_industry_football_2025
DJ Justice,CB,UCLA Bruins,,Entered,0,3.0,84.0,2057.0,286.0,2021,2024-12-08T10:05:00,https://on3static.com/uploads/assets/570/16/16570.jpeg,https://www.on3.com/db/dj-justice-144936/,portal_industry_football_2025
Cameron Edge,QB,Maryland Terrapins,,Entered,0,3.0,86.0,2058.0,119.0,2022,2024-12-09T07:21:00,https://on3static.com/uploads/assets/700/310/310700.png,https://www.on3.com/db/cameron-edge-17773/,portal_industry_football_2025
Tae Woody,DL,UAB Blazers,Louisiana-Monroe Warhawks,Committed,0,3.0,84.0,2059.0,255.0,2022,2025-01-21T11:46:00,https://on3static.com/uploads/assets/224/86/86224.jpg,https://www.on3.com/db/tae-woody-5798/,portal_industry_football_2025
Charles Kellom,RB,Akron Zips,,Entered,0,3.0,84.0,2060.0,200.0,2022,2024-12-09T06:31:00,,https://www.on3.com/db/charles-kellom-20188/,portal_industry_football_2025
Taleeq Robbins,DL,Houston Cougars,,Entered,0,3.0,84.0,2061.0,246.0,2021,2024-12-09T08:00:00,https://on3static.com/uploads/assets/719/15/15719.jpeg,https://www.on3.com/db/taleeq-robbins-109931/,portal_industry_football_2025
Bryce Carter,DL,Virginia Cavaliers,,Entered,0,3.0,84.0,2062.0,247.0,2021,2024-12-09T08:00:00,https://on3static.com/uploads/assets/892/12/12892.jpeg,https://www.on3.com/db/bryce-carter-15721/,portal_industry_football_2025
Obadiah Obasuyi,OT,NC State Wolfpack,Georgia State Panthers,Committed,0,3.0,84.0,2063.0,167.0,2023,2025-01-10T13:03:00,https://on3static.com/uploads/assets/578/225/225578.png,https://www.on3.com/db/obadiah-obasuyi-154433/,portal_industry_football_2025
Jason Duclona,CB,Liberty Flames,East Tennessee State Buccaneers,Committed,0,3.0,84.0,2064.0,264.0,2023,,https://on3static.com/uploads/assets/327/572/572327.png,https://www.on3.com/db/jason-duclona-57515/,portal_industry_football_2025
Simeon Price,RB,Coastal Carolina Chanticleers,Colorado Buffaloes,Committed,0,3.0,84.0,2065.0,185.0,2021,2025-06-12T12:46:00,https://on3static.com/uploads/assets/459/586/586459.png,https://www.on3.com/db/simeon-price-107482/,portal_industry_football_2025
Devaughn Mortimer,WR,Western Michigan Broncos,,Entered,0,3.0,84.0,2066.0,330.0,2022,2024-12-09T08:13:00,https://on3static.com/uploads/assets/331/22/22331.jpeg,https://www.on3.com/db/devaughn-mortimer-35834/,portal_industry_football_2025
Lamar Seymore,WR,Pittsburgh Panthers,,Entered,0,3.0,84.0,2067.0,332.0,2023,2024-12-09T08:55:00,https://on3static.com/uploads/assets/539/308/308539.png,https://www.on3.com/db/lamar-seymore-77652/,portal_industry_football_2025
Ricky Lee,CB,UAB Blazers,Sacramento State Hornets,Committed,0,3.0,84.0,2068.0,269.0,2023,,https://on3static.com/uploads/assets/178/391/391178.png,https://www.on3.com/db/ricky-lee-150814/,portal_industry_football_2025
James Monds III,CB,Middle Tennessee State Blue Raiders,Eastern Michigan Eagles,Committed,0,3.0,84.0,2069.0,287.0,2022,,https://on3static.com/uploads/assets/549/587/587549.png,https://www.on3.com/db/james-monds-iii-55759/,portal_industry_football_2025
Jayvant Brown,LB,Kentucky Wildcats,Temple Owls,Committed,0,3.0,86.0,2070.0,129.0,2023,2025-01-09T18:43:00,https://on3static.com/uploads/assets/277/222/222277.png,https://www.on3.com/db/jayvant-brown-59257/,portal_industry_football_2025
Avery Dunn,DL,Michigan State Spartans,Toledo Rockets,Committed,0,3.0,85.0,2071.0,222.0,2020,2025-01-08T20:00:00,https://on3static.com/uploads/assets/260/235/235260.png,https://www.on3.com/db/avery-dunn-8896/,portal_industry_football_2025
Kaleb Purdy,S,Kansas Jayhawks,Tennessee Tech Golden Eagles,Committed,0,3.0,84.0,2072.0,224.0,2022,2024-12-21T10:38:00,https://on3static.com/uploads/assets/923/21/21923.jpeg,https://www.on3.com/db/kaleb-purdy-70740/,portal_industry_football_2025
Adonis Forrest,S,Colorado Buffaloes,,Entered,0,3.0,84.0,2073.0,228.0,2018,2024-12-09T09:50:00,https://on3static.com/uploads/assets/372/304/304372.png,https://www.on3.com/db/adonis-forrest-1564/,portal_industry_football_2025
Demoris Jenkins,EDGE,East Carolina Pirates,Austin Peay Governors,Committed,0,3.0,84.0,2074.0,189.0,2023,2024-12-14T14:15:00,https://on3static.com/uploads/assets/777/213/213777.jpeg,https://www.on3.com/db/demoris-jenkins-156683/,portal_industry_football_2025
Hunter Whitenack,IOL,Illinois Fighting Illini,,Entered,0,3.0,84.0,2075.0,197.0,2022,2024-12-09T10:49:00,https://on3static.com/uploads/assets/823/304/304823.png,https://www.on3.com/db/hunter-whitenack-48668/,portal_industry_football_2025
Alvin Williamson,S,Vanderbilt Commodores,Houston Cougars,Committed,0,3.0,84.0,2076.0,233.0,2024,2025-02-05T12:45:00,https://on3static.com/uploads/assets/293/332/332293.png,https://www.on3.com/db/alvin-williamson-177519/,portal_industry_football_2025
Taharin Sudderth,TE,Middle Tennessee State Blue Raiders,,Entered,0,3.0,84.0,2077.0,145.0,2021,2024-12-09T09:23:00,https://on3static.com/uploads/assets/228/391/391228.png,https://www.on3.com/db/taharin-sudderth-145259/,portal_industry_football_2025
Jalik Thomas,ATH,Appalachian State Mountaineers,,Entered,0,3.0,84.0,2078.0,6.0,2021,2024-12-09T10:56:00,https://on3static.com/uploads/assets/62/170/170062.png,https://www.on3.com/db/jalik-thomas-54627/,portal_industry_football_2025
Jeffery Pittman,RB,Mississippi State Bulldogs,Southern Miss Golden Eagles,Committed,0,3.0,86.0,2079.0,143.0,2021,2024-12-23T09:00:00,https://on3static.com/uploads/assets/957/182/182957.jpeg,https://www.on3.com/db/jeffery-pittman-59749/,portal_industry_football_2025
Donovan Rieman,EDGE,Kansas State Wildcats,Louisiana Tech Bulldogs,Committed,0,3.0,84.0,2080.0,184.0,2022,2024-12-13T13:27:00,https://on3static.com/uploads/assets/549/86/86549.jpeg,https://www.on3.com/db/donovan-rieman-149819/,portal_industry_football_2025
Victor Venn,RB,Liberty Flames,,Entered,0,3.0,84.0,2081.0,189.0,2022,2024-12-09T15:50:00,https://on3static.com/uploads/dev/assets/204/12/12204.jpeg,https://www.on3.com/db/victor-venn-119589/,portal_industry_football_2025
Tar'varish Dawson,WR,Jacksonville State Gamecocks,FIU Golden Panthers,Committed,0,3.0,84.0,2082.0,347.0,2021,,https://on3static.com/uploads/assets/276/242/242276.jpeg,https://www.on3.com/db/tarvarish-dawson-110253/,portal_industry_football_2025
Kameron Sallis,LB,Kansas State Wildcats,Jackson State Tigers,Committed,0,3.0,84.0,2083.0,216.0,2023,2025-01-19T15:18:00,https://on3static.com/uploads/assets/172/209/209172.jpeg,https://www.on3.com/db/kameron-sallis-155312/,portal_industry_football_2025
Philipp Davis,CB,Michigan State Spartans,,Entered,0,3.0,84.0,2084.0,284.0,2023,2024-12-09T11:38:00,https://on3static.com/uploads/assets/172/235/235172.png,https://www.on3.com/db/philipp-davis-175864/,portal_industry_football_2025
Jaden Pettway,S,North Texas Mean Green,The University of Texas Rio Grande Valley Vaqueros,Committed,137938,3.0,84.0,2085.0,234.0,2024,2025-01-10T17:01:00,https://on3static.com/uploads/assets/911/235/235911.jpeg,https://www.on3.com/db/jaden-pettway-178149/,portal_industry_football_2025
Ryan Butler,RB,Stanford Cardinal,Rice Owls,Committed,0,3.0,84.0,2086.0,199.0,2022,2025-07-27T19:31:00,https://on3static.com/uploads/assets/611/129/129611.jpg,https://www.on3.com/db/ryan-butler-102986/,portal_industry_football_2025
Tee Denson,S,Jacksonville State Gamecocks,,Entered,0,3.0,84.0,2087.0,240.0,2020,2024-12-09T15:25:00,https://on3static.com/uploads/dev/assets/229/8/8229.jpg,https://www.on3.com/db/tee-denson-111111/,portal_industry_football_2025
Jackson Harris,WR,Stanford Cardinal,Hawaii Rainbow Warriors,Committed,0,3.0,85.0,2088.0,296.0,2023,2024-12-22T21:28:00,https://on3static.com/uploads/assets/816/579/579816.png,https://www.on3.com/db/jackson-harris-174081/,portal_industry_football_2025
Ezell Jolly,RB,UTEP Miners,,Entered,0,3.0,84.0,2089.0,184.0,2023,2024-12-09T12:44:00,https://on3static.com/uploads/assets/411/571/571411.png,https://www.on3.com/db/ezell-jolly-145644/,portal_industry_football_2025
Derek Burns,EDGE,New Mexico State Aggies,UTEP Miners,Committed,0,3.0,84.0,2090.0,185.0,2023,2025-01-16T11:49:00,https://on3static.com/uploads/assets/531/234/234531.png,https://www.on3.com/db/derek-burns-238098/,portal_industry_football_2025
Christian Williams,IOL,Florida Gators,Liberty Flames,Committed,0,3.0,84.0,2091.0,196.0,2022,2025-01-16T15:17:00,https://on3static.com/uploads/assets/607/335/335607.png,https://www.on3.com/db/christian-williams-146198/,portal_industry_football_2025
Raydarious Jones,CB,Mississippi State Bulldogs,,Entered,0,3.0,84.0,2092.0,274.0,2019,2024-12-09T12:20:00,https://on3static.com/uploads/assets/685/18/18685.png,https://www.on3.com/db/raydarious-jones-143414/,portal_industry_football_2025
Keontez Bradley,CB,Arizona State Sun Devils,,Entered,0,3.0,84.0,2093.0,280.0,2023,2024-12-09T13:04:00,https://on3static.com/uploads/assets/301/217/217301.png,https://www.on3.com/db/keontez-bradley-155943/,portal_industry_football_2025
Jonah Lewis,CB,Nevada Wolf Pack,,Entered,0,3.0,84.0,2094.0,283.0,2023,2024-12-09T13:23:00,https://on3static.com/uploads/assets/492/402/402492.png,https://www.on3.com/db/jonah-lewis-64452/,portal_industry_football_2025
Darion Williamson,WR,Florida State Seminoles,Miami (OH) RedHawks,Committed,0,3.0,84.0,2095.0,361.0,2020,2025-01-08T09:30:00,https://on3static.com/uploads/assets/265/242/242265.jpeg,https://www.on3.com/db/darion-williamson-30129/,portal_industry_football_2025
Brian Dilworth,CB,Kansas Jayhawks,,Entered,0,3.0,84.0,2096.0,288.0,2022,2024-12-09T11:59:00,https://on3static.com/uploads/assets/776/165/165776.png,https://www.on3.com/db/brian-dilworth-14460/,portal_industry_football_2025
Drew Viotto,QB,Eastern Michigan Eagles,Missouri State University Bears,Committed,0,3.0,84.0,2097.0,178.0,2023,2024-12-23T10:40:00,https://on3static.com/uploads/assets/912/31/31912.jpg,https://www.on3.com/db/drew-viotto-39218/,portal_industry_football_2025
Cristian Conyer,CB,Coastal Carolina Chanticleers,Appalachian State Mountaineers,Committed,0,3.0,86.0,2098.0,178.0,2023,2025-01-08T12:37:00,https://on3static.com/uploads/assets/180/226/226180.jpeg,https://www.on3.com/db/cristian-conyer-26992/,portal_industry_football_2025
Brian Courtney,TE,Florida State Seminoles,Tennessee Tech Golden Eagles,Committed,0,3.0,84.0,2099.0,130.0,2022,2025-01-15T12:07:00,https://on3static.com/uploads/assets/99/242/242099.jpeg,https://www.on3.com/db/brian-courtney-14430/,portal_industry_football_2025
Alex Perry,WR,Hawaii Rainbow Warriors,FIU Golden Panthers,Committed,0,3.0,84.0,2100.0,328.0,2022,2025-01-09T16:00:00,https://on3static.com/uploads/assets/303/408/408303.png,https://www.on3.com/db/alex-perry-147208/,portal_industry_football_2025
Micheal Devereaux,LB,Old Dominion Monarchs,,Entered,0,3.0,84.0,2101.0,202.0,0,2024-12-09T14:28:00,https://on3static.com/uploads/assets/606/340/340606.png,https://www.on3.com/db/micheal-devereaux-242347/,portal_industry_football_2025
Jerrod Burrell,IOL,Akron Zips,,Entered,0,3.0,84.0,2102.0,193.0,2022,2024-12-09T13:48:00,,https://www.on3.com/db/jerrod-burrell-239618/,portal_industry_football_2025
Jarred Sample,WR,Kansas Jayhawks,,Entered,0,3.0,84.0,2103.0,336.0,2023,2024-12-09T14:33:00,https://on3static.com/uploads/assets/271/308/308271.png,https://www.on3.com/db/jarred-sample-57048/,portal_industry_football_2025
Kamuela Kaaihue,LB,Arizona Wildcats,UNLV Rebels,Committed,0,3.0,84.0,2104.0,209.0,2023,2025-01-13T12:41:00,https://on3static.com/uploads/assets/425/217/217425.png,https://www.on3.com/db/kamuela-kaaihue-153910/,portal_industry_football_2025
Deuce Hogan,QB,New Mexico State Aggies,Nicholls State Colonels,Committed,0,3.0,84.0,2105.0,184.0,2020,2025-02-05T11:00:00,https://on3static.com/uploads/assets/879/72/72879.jpeg,https://www.on3.com/db/deuce-hogan-35725/,portal_industry_football_2025
Quinton Price,CB,Cincinnati Bearcats,,Entered,0,3.0,84.0,2106.0,266.0,2024,2024-12-09T14:56:00,https://on3static.com/uploads/assets/316/334/334316.png,https://www.on3.com/db/quinton-price-151644/,portal_industry_football_2025
Braden Pegan,WR,UCLA Bruins,,Entered,0,3.0,84.0,2107.0,351.0,2022,2024-12-09T14:53:00,https://on3static.com/uploads/assets/568/571/571568.png,https://www.on3.com/db/braden-pegan-11711/,portal_industry_football_2025
Tylan Hines,RB,Hawaii Rainbow Warriors,,Entered,0,3.0,84.0,2108.0,204.0,2021,2024-12-09T14:43:00,,https://www.on3.com/db/tylan-hines-117258/,portal_industry_football_2025
Langston Anderson,WR,Texas State Bobcats,,Entered,0,3.0,84.0,2109.0,383.0,2019,2024-12-09T14:46:00,https://on3static.com/uploads/dev/assets/970/7/7970.jpg,https://www.on3.com/db/langston-anderson-78103/,portal_industry_football_2025
K'Vion Thunderbird,LB,Arizona State Sun Devils,Fresno State Bulldogs,Committed,0,3.0,84.0,2110.0,210.0,2023,2025-01-08T11:18:00,https://on3static.com/uploads/assets/271/312/312271.png,https://www.on3.com/db/kvion-thunderbird-150358/,portal_industry_football_2025
Jamal Hailey,RB,Western Michigan Broncos,,Entered,0,3.0,84.0,2111.0,190.0,2022,2024-12-09T17:18:00,,https://www.on3.com/db/jamal-hailey-148044/,portal_industry_football_2025
AJ Burton,IOL,Iowa State Cyclones,Northern Colorado Bears,Committed,0,3.0,84.0,2112.0,200.0,2024,2025-01-11T13:59:00,https://on3static.com/uploads/assets/731/313/313731.png,https://www.on3.com/db/aj-burton-152258/,portal_industry_football_2025
Koali Nishigaya,WR,Hawaii Rainbow Warriors,,Entered,0,3.0,84.0,2113.0,365.0,2020,2024-12-09T15:12:00,,https://www.on3.com/db/koali-nishigaya-75508/,portal_industry_football_2025
Rowdy Beers,TE,FIU Golden Panthers,,Entered,0,3.0,84.0,2114.0,127.0,2023,2024-12-12T11:18:00,https://on3static.com/uploads/assets/123/137/137123.jpeg,https://www.on3.com/db/rowdy-beers-175521/,portal_industry_football_2025
Faybian Marks,CB,Rice Owls,,Entered,0,3.0,84.0,2115.0,272.0,2020,2024-12-10T10:52:00,https://on3static.com/uploads/dev/assets/634/4/4634.jpg,https://www.on3.com/db/faybian-marks-43719/,portal_industry_football_2025
De'jon Benton,DL,New Mexico Lobos,Hawaii Rainbow Warriors,Committed,0,3.0,84.0,2116.0,268.0,2019,2025-01-14T11:39:00,https://on3static.com/uploads/assets/646/92/92646.png,https://www.on3.com/db/dejon-benton-33428/,portal_industry_football_2025
Tariq Montgomery,OT,Marshall Thundering Herd,,Entered,0,3.0,84.0,2117.0,176.0,2022,2024-12-10T09:46:00,https://on3static.com/uploads/assets/105/26/26105.png,https://www.on3.com/db/tariq-montgomery-146166/,portal_industry_football_2025
CJ Adams,WR,South Carolina Gamecocks,,Entered,0,3.0,84.0,2118.0,352.0,2023,2024-12-10T12:26:00,https://on3static.com/uploads/assets/91/257/257091.jpg,https://www.on3.com/db/cj-adams-151147/,portal_industry_football_2025
Tanner Williams,LB,Utah State Aggies,,Entered,0,3.0,84.0,2119.0,215.0,2024,2024-12-10T10:51:00,https://on3static.com/uploads/assets/710/119/119710.jpg,https://www.on3.com/db/tanner-williams-153241/,portal_industry_football_2025
Callahan Blair,EDGE,Vanderbilt Commodores,,Entered,0,3.0,84.0,2120.0,199.0,2024,2024-12-10T12:01:00,https://on3static.com/uploads/assets/306/332/332306.png,https://www.on3.com/db/callahan-blair-153153/,portal_industry_football_2025
Carmello Jones,LB,Baylor Bears,,Entered,0,3.0,84.0,2121.0,217.0,2022,2024-12-10T12:03:00,https://on3static.com/uploads/assets/41/209/209041.jpeg,https://www.on3.com/db/carmello-jones-145563/,portal_industry_football_2025
Evan Herrmann,EDGE,Vanderbilt Commodores,Ohio Bobcats,Committed,0,3.0,84.0,2122.0,200.0,2023,2025-01-11T17:47:00,https://on3static.com/uploads/assets/335/332/332335.png,https://www.on3.com/db/evan-herrmann-159247/,portal_industry_football_2025
Jonathan Odom,TE,Eastern Michigan Eagles,,Entered,0,3.0,84.0,2123.0,142.0,2020,2024-12-10T12:24:00,https://on3static.com/uploads/dev/assets/412/2/2412.jpg,https://www.on3.com/db/jonathan-odom-64835/,portal_industry_football_2025
Mike Moment,IOL,Western Kentucky Hilltoppers,,Entered,0,3.0,84.0,2124.0,205.0,2020,2024-12-10T14:29:00,https://on3static.com/uploads/assets/284/143/143284.jpeg,https://www.on3.com/db/mike-moment-175850/,portal_industry_football_2025
Cohen Fuller,DL,Coastal Carolina Chanticleers,UNLV Rebels,Committed,0,3.0,84.0,2125.0,285.0,2022,,https://on3static.com/uploads/assets/528/340/340528.png,https://www.on3.com/db/cohen-fuller-240698/,portal_industry_football_2025
Claude Larkins,DL,FIU Golden Panthers,,Entered,0,3.0,84.0,2126.0,291.0,2020,2024-12-10T10:56:00,https://on3static.com/uploads/dev/assets/339/10/10339.jpg,https://www.on3.com/db/claude-larkins-23797/,portal_industry_football_2025
Austin Ambush,S,Jacksonville State Gamecocks,Nevada Wolf Pack,Committed,0,3.0,84.0,2127.0,229.0,2020,,https://on3static.com/uploads/assets/233/181/181233.png,https://www.on3.com/db/austin-ambush-177269/,portal_industry_football_2025
Rodney Groce Jr.,LB,Ole Miss Rebels,,Entered,0,3.0,84.0,2128.0,229.0,2020,2024-12-10T15:30:00,https://on3static.com/uploads/dev/assets/65/3/3065.jpg,https://www.on3.com/db/rodney-groce-jr-101703/,portal_industry_football_2025
Darrell Johnson,OT,Western Kentucky Hilltoppers,Akron Zips,Committed,0,3.0,84.0,2129.0,189.0,2021,2024-12-17T11:15:00,https://on3static.com/uploads/assets/946/340/340946.png,https://www.on3.com/db/darrell-johnson-162268/,portal_industry_football_2025
Chantz Harley,CB,Maryland Terrapins,James Madison Dukes,Committed,0,3.0,84.0,2130.0,302.0,2021,2024-12-23T16:33:00,https://on3static.com/uploads/assets/445/164/164445.jpeg,https://www.on3.com/db/chantz-harley-157696/,portal_industry_football_2025
Nickendre Stiger,S,Kansas State Wildcats,Old Dominion Monarchs,Committed,0,3.0,84.0,2132.0,241.0,2020,2025-01-08T22:44:00,https://on3static.com/uploads/assets/58/402/402058.png,https://www.on3.com/db/nickendre-stiger-246965/,portal_industry_football_2025
Quan Peterson,CB,Coastal Carolina Chanticleers,,Entered,0,3.0,84.0,2133.0,305.0,2022,2024-12-11T16:29:00,https://on3static.com/uploads/assets/27/87/87027.jpeg,https://www.on3.com/db/quan-peterson-97088/,portal_industry_football_2025
Dawaiian McNeely,RB,Wyoming Cowboys,,Entered,0,3.0,84.0,2134.0,181.0,2019,2024-12-13T15:36:00,,https://www.on3.com/db/dawaiian-mcneely-32530/,portal_industry_football_2025
Marlin Dean,EDGE,Utah State Aggies,Georgia State Panthers,Committed,0,3.0,84.0,2135.0,181.0,2021,2025-01-10T13:05:00,https://on3static.com/uploads/dev/assets/622/2/2622.jpg,https://www.on3.com/db/marlin-dean-83813/,portal_industry_football_2025
Cedrick Nicely,IOL,Marshall Thundering Herd,,Entered,0,3.0,84.0,2136.0,187.0,2021,2024-12-13T11:24:00,https://on3static.com/uploads/assets/723/15/15723.jpeg,https://www.on3.com/db/cedrick-nicely-19432/,portal_industry_football_2025
Brian Alston,DL,Arkansas State Red Wolves,East Tennessee State Buccaneers,Committed,0,3.0,84.0,2137.0,278.0,2023,2025-01-24T13:29:00,https://on3static.com/uploads/assets/387/571/571387.png,https://www.on3.com/db/brian-alston-151202/,portal_industry_football_2025
Olasunkonmi Agunloye,EDGE,Marshall Thundering Herd,FIU Golden Panthers,Committed,0,3.0,84.0,2138.0,203.0,2020,2025-01-10T16:47:00,https://on3static.com/uploads/dev/assets/619/9/9619.jpg,https://www.on3.com/db/olasunkonmi-agunloye-94286/,portal_industry_football_2025
Frank Peasant,RB,Middle Tennessee State Blue Raiders,Memphis Tigers,Committed,0,3.0,86.0,2139.0,112.0,2020,2025-06-07T10:34:00,https://on3static.com/uploads/assets/73/263/263073.png,https://www.on3.com/db/frank-peasant-44073/,portal_industry_football_2025
Tyrin Taylor,S,Memphis Tigers,Jacksonville State Gamecocks,Committed,0,3.0,84.0,2140.0,216.0,2021,2025-01-09T17:38:00,https://on3static.com/uploads/dev/assets/552/6/6552.jpg,https://www.on3.com/db/tyrin-taylor-118706/,portal_industry_football_2025
Malachi Finau,DL,Hawaii Rainbow Warriors,San Diego State Aztecs,Committed,0,3.0,84.0,2141.0,283.0,2022,2024-12-22T19:15:00,https://on3static.com/uploads/assets/861/394/394861.jpg,https://www.on3.com/db/malachi-finau-81420/,portal_industry_football_2025
Joey Hunter,CB,Akron Zips,Memphis Tigers,Committed,0,3.0,85.0,2142.0,235.0,2020,2025-01-17T19:20:00,https://on3static.com/uploads/assets/500/132/132500.jpeg,https://www.on3.com/db/joey-hunter-144511/,portal_industry_football_2025
Elijah Hall,CB,Troy Trojans,,Entered,0,3.0,84.0,2143.0,282.0,2024,2024-12-17T10:54:00,https://on3static.com/uploads/assets/948/167/167948.png,https://www.on3.com/db/elijah-hall-176195/,portal_industry_football_2025
Luis Cordova,IOL,Arizona State Sun Devils,,Entered,0,3.0,84.0,2144.0,194.0,2024,2024-12-18T17:16:00,https://on3static.com/uploads/assets/422/114/114422.jpg,https://www.on3.com/db/luis-cordova-147081/,portal_industry_football_2025
Sullivan Weidman,IOL,West Virginia Mountaineers,Massachusetts Minutemen,Committed,0,3.0,84.0,2146.0,198.0,2022,2024-12-28T21:10:00,https://on3static.com/uploads/assets/835/85/85835.jpeg,https://www.on3.com/db/sullivan-weidman-109264/,portal_industry_football_2025
Ja'koby Banks,WR,Memphis Tigers,,Entered,0,3.0,84.0,2147.0,350.0,2023,2024-12-18T13:59:00,https://on3static.com/uploads/assets/396/223/223396.png,https://www.on3.com/db/jakoby-banks-50630/,portal_industry_football_2025
RJ Edwards,LB,Massachusetts Minutemen,,Entered,0,3.0,84.0,2148.0,231.0,2020,2024-12-18T17:10:00,https://on3static.com/uploads/assets/303/394/394303.png,https://www.on3.com/db/rj-edwards-157490/,portal_industry_football_2025
Damien McDaniel,WR,UNLV Rebels,Sacramento State Hornets,Committed,0,3.0,84.0,2149.0,338.0,2024,2024-12-28T09:37:00,https://on3static.com/uploads/assets/614/83/83614.jpg,https://www.on3.com/db/damien-mcdaniel-147083/,portal_industry_football_2025
Jerrod Cameron,CB,Massachusetts Minutemen,,Entered,0,3.0,84.0,2150.0,281.0,2022,2024-12-19T16:28:00,https://on3static.com/uploads/assets/904/171/171904.png,https://www.on3.com/db/jerrod-cameron-61058/,portal_industry_football_2025
EJ Horton,WR,Florida Atlantic Owls,Purdue Boilermakers,Committed,0,3.0,84.0,2152.0,362.0,2020,2025-01-07T14:12:00,https://on3static.com/uploads/assets/841/407/407841.png,https://www.on3.com/db/ej-horton-145044/,portal_industry_football_2025
Keith Reynolds,WR,Washington Huskies,Miami (OH) RedHawks,Committed,0,3.0,84.0,2153.0,369.0,2023,2025-01-13T13:00:00,https://on3static.com/uploads/assets/318/219/219318.png,https://www.on3.com/db/keith-reynolds-151850/,portal_industry_football_2025
Matthew Greene,TE,UNLV Rebels,Missouri State University Bears,Committed,0,3.0,84.0,2154.0,149.0,2023,2025-02-05T14:35:00,,https://www.on3.com/db/matthew-greene-175622/,portal_industry_football_2025
Adarious Jones,DL,Memphis Tigers,,Entered,0,3.0,84.0,2155.0,295.0,2019,2024-12-19T13:39:00,https://on3static.com/uploads/dev/assets/947/4/4947.jpg,https://www.on3.com/db/adarious-jones-142525/,portal_industry_football_2025
Jacob Barrick,TE,Jacksonville State Gamecocks,West Virginia Mountaineers,Committed,0,3.0,84.0,2156.0,128.0,2022,2024-12-23T16:34:00,https://on3static.com/uploads/assets/146/395/395146.png,https://www.on3.com/db/jacob-barrick-179726/,portal_industry_football_2025
David Conner,OT,Texas State Bobcats,,Entered,0,3.0,84.0,2157.0,180.0,2022,2024-12-20T09:48:00,https://on3static.com/uploads/assets/388/242/242388.jpeg,https://www.on3.com/db/david-conner-31557/,portal_industry_football_2025
Khris Walton,EDGE,Tiffin University Dragons,,Entered,0,3.0,84.0,2158.0,202.0,2022,2024-12-20T09:16:00,https://on3static.com/uploads/assets/642/394/394642.jpg,https://www.on3.com/db/khris-walton-247292/,portal_industry_football_2025
Alex Geraci,TE,Dartmouth Big Green,Massachusetts Minutemen,Committed,0,3.0,84.0,2159.0,134.0,2021,2024-12-22T08:43:00,https://on3static.com/uploads/assets/732/397/397732.png,https://www.on3.com/db/alex-geraci-3036/,portal_industry_football_2025
Antonio Ferguson,TE,FIU Golden Panthers,UAB Blazers,Committed,0,3.0,86.0,2160.0,62.0,2023,2024-12-23T13:25:00,https://on3static.com/uploads/assets/894/213/213894.jpeg,https://www.on3.com/db/antonio-ferguson-153865/,portal_industry_football_2025
Tyrane Stewart,CB,North Carolina Tar Heels,North Texas Mean Green,Committed,0,3.0,84.0,2161.0,271.0,2022,2025-05-06T09:59:00,https://on3static.com/uploads/assets/432/269/269432.png,https://www.on3.com/db/tyrane-stewart-179921/,portal_industry_football_2025
Brennon Scott,LB,UNLV Rebels,,Entered,0,3.0,84.0,2162.0,211.0,2020,2024-12-23T17:37:00,https://on3static.com/uploads/assets/29/177/177029.png,https://www.on3.com/db/brennon-scott-13906/,portal_industry_football_2025
Clinton Anokwuru,LB,Coastal Carolina Chanticleers,,Entered,0,3.0,84.0,2163.0,213.0,2020,2024-12-24T14:20:00,https://on3static.com/uploads/assets/487/340/340487.png,https://www.on3.com/db/clinton-anokwuru-24136/,portal_industry_football_2025
Dominic Oliver,EDGE,San Diego State Aztecs,Western Kentucky Hilltoppers,Committed,0,3.0,84.0,2164.0,180.0,2021,2024-12-23T21:04:00,https://on3static.com/uploads/assets/477/178/178477.png,https://www.on3.com/db/dominic-oliver-37519/,portal_industry_football_2025
Malcolm Gillie,WR,Ball State Cardinals,Coastal Carolina Chanticleers,Committed,0,3.0,84.0,2165.0,360.0,2020,2025-01-09T13:15:00,https://on3static.com/uploads/assets/546/396/396546.png,https://www.on3.com/db/malcolm-gillie-175608/,portal_industry_football_2025
Sincere Jackson,LB,Sam Houston State Bearkats,,Entered,0,3.0,84.0,2166.0,219.0,2021,2024-12-27T11:24:00,https://on3static.com/uploads/assets/593/181/181593.png,https://www.on3.com/db/sincere-jackson-145492/,portal_industry_football_2025
Javieon Butler,WR,Southern Miss Golden Eagles,,Entered,0,3.0,84.0,2167.0,340.0,2023,2024-12-28T11:14:00,,https://www.on3.com/db/javieon-butler-156285/,portal_industry_football_2025
Kitione Tau,DL,Nevada Wolf Pack,,Entered,0,3.0,84.0,2168.0,294.0,2019,2024-12-27T15:46:00,https://on3static.com/uploads/assets/596/179/179596.png,https://www.on3.com/db/kitione-tau-75399/,portal_industry_football_2025
JoJo Johnson,CB,Indiana Hoosiers,Bowling Green Falcons,Committed,0,3.0,84.0,2169.0,262.0,2021,2025-02-01T13:08:00,https://on3static.com/uploads/assets/348/16/16348.jpeg,https://www.on3.com/db/jojo-johnson-143737/,portal_industry_football_2025
Jeffrey Ugochukwu,S,Vanderbilt Commodores,Coastal Carolina Chanticleers,Committed,0,3.0,85.0,2170.0,211.0,2022,2024-12-28T21:25:00,https://on3static.com/uploads/assets/282/332/332282.png,https://www.on3.com/db/jeffrey-ugochukwu-59831/,portal_industry_football_2025
Charlie Gilliam,QB,Wake Forest Demon Deacons,,Entered,0,3.0,84.0,2171.0,160.0,2023,2024-12-28T19:47:00,https://on3static.com/uploads/assets/178/397/397178.jpg,https://www.on3.com/db/charlie-gilliam-156221/,portal_industry_football_2025
Malik Willis,CB,Campbell Fighting Camels,Texas State Bobcats,Committed,0,3.0,84.0,2172.0,291.0,2023,2024-12-29T16:25:00,https://on3static.com/uploads/assets/961/397/397961.png,https://www.on3.com/db/malik-willis-176984/,portal_industry_football_2025
Charlie Leota,DL,West Texas A&M Buffaloes,Texas State Bobcats,Committed,0,3.0,84.0,2173.0,298.0,0,2024-12-29T16:33:00,,https://www.on3.com/db/charlie-leota-236969/,portal_industry_football_2025
Bryce Childress,WR,Western Kentucky Hilltoppers,,Entered,0,3.0,84.0,2174.0,379.0,2019,2024-12-31T21:40:00,https://on3static.com/uploads/assets/242/99/99242.jpg,https://www.on3.com/db/bryce-childress-15729/,portal_industry_football_2025
Narado Stoker,IOL,TCU Horned Frogs,,Entered,0,3.0,84.0,2175.0,199.0,2023,2025-01-02T09:40:00,https://on3static.com/uploads/assets/13/399/399013.jpg,https://www.on3.com/db/narado-stoker-151497/,portal_industry_football_2025
Guylijah Theodule,CB,Marshall Thundering Herd,Southern Miss Golden Eagles,Committed,0,3.0,84.0,2176.0,273.0,2024,2025-01-04T15:29:00,https://on3static.com/uploads/assets/714/271/271714.png,https://www.on3.com/db/guylijah-theodule-158006/,portal_industry_football_2025
Earl Woods,QB,Kennesaw State Owls,,Entered,0,3.0,84.0,2177.0,183.0,2023,2025-01-03T07:47:00,https://on3static.com/uploads/assets/472/179/179472.png,https://www.on3.com/db/earl-woods-40314/,portal_industry_football_2025
Rykem Laney,TE,Georgia State Panthers,,Entered,0,3.0,84.0,2178.0,148.0,2020,2025-01-02T17:34:00,https://on3static.com/uploads/assets/679/173/173679.png,https://www.on3.com/db/rykem-laney-149862/,portal_industry_football_2025
Lance Williams,IOL,Virginia Tech Hokies,Appalachian State Mountaineers,Committed,0,3.0,84.0,2179.0,195.0,2023,2025-01-05T15:47:00,https://on3static.com/uploads/assets/818/162/162818.png,https://www.on3.com/db/lance-williams-77915/,portal_industry_football_2025
Zion Turner,QB,Jacksonville State Gamecocks,Marshall Thundering Herd,Committed,0,3.0,84.0,2180.0,172.0,2022,2025-01-06T09:38:00,https://on3static.com/uploads/assets/26/15/15026.jpeg,https://www.on3.com/db/zion-turner-123876/,portal_industry_football_2025
Eli Fields,OT,Akron Zips,,Entered,0,3.0,84.0,2181.0,166.0,2017,2025-01-06T10:08:00,https://on3static.com/uploads/assets/887/400/400887.png,https://www.on3.com/db/eli-fields-40941/,portal_industry_football_2025
Dorian Thomas,TE,Arizona Wildcats,New Mexico Lobos,Committed,0,3.0,84.0,2182.0,135.0,2023,2025-01-06T14:18:00,https://on3static.com/uploads/assets/986/400/400986.png,https://www.on3.com/db/dorian-thomas-38595/,portal_industry_football_2025
Xavion Brice,CB,North Texas Mean Green,,Entered,0,3.0,84.0,2183.0,278.0,2022,2025-01-06T19:16:00,https://on3static.com/uploads/assets/898/83/83898.png,https://www.on3.com/db/xavion-brice-122229/,portal_industry_football_2025
Ahmon Green,TE,Georgia State Panthers,Georgia Southern Eagles,Committed,0,3.0,84.0,2184.0,132.0,2020,2025-01-18T10:28:00,https://on3static.com/uploads/assets/740/173/173740.png,https://www.on3.com/db/ahmon-green-1956/,portal_industry_football_2025
Jadarrius Perkins,CB,Toledo Rockets,,Entered,0,3.0,84.0,2185.0,277.0,2019,2025-01-08T13:53:00,https://on3static.com/uploads/assets/173/240/240173.png,https://www.on3.com/db/jadarrius-perkins-52553/,portal_industry_football_2025
Jamison Kelly,S,Indiana Hoosiers,,Entered,0,3.0,84.0,2186.0,236.0,2020,2025-01-10T13:26:00,https://on3static.com/uploads/assets/691/402/402691.png,https://www.on3.com/db/jamison-kelly-56282/,portal_industry_football_2025
Pierre Royster,S,Saint Francis (PA) Red Flash,UAB Blazers,Committed,0,3.0,86.0,2187.0,116.0,2021,2025-01-10T10:22:00,https://on3static.com/uploads/assets/859/402/402859.png,https://www.on3.com/db/pierre-royster-204804/,portal_industry_football_2025
Jonathan Denis,IOL,Central Missouri State Mules,Louisiana Tech Bulldogs,Committed,0,3.0,84.0,2188.0,207.0,2020,2025-01-12T20:24:00,https://on3static.com/uploads/assets/453/222/222453.jpg,https://www.on3.com/db/jonathan-denis-64617/,portal_industry_football_2025
Gabe Brown,LB,Oklahoma State Cowboys,,Entered,0,3.0,84.0,2189.0,228.0,2022,2025-01-13T15:40:00,https://on3static.com/uploads/assets/306/73/73306.jpeg,https://www.on3.com/db/gabe-brown-44480/,portal_industry_football_2025
Michael Brescia,QB,Colgate Raiders,Western Michigan Broncos,Committed,0,3.0,84.0,2190.0,180.0,2021,2025-01-14T09:59:00,https://on3static.com/uploads/assets/616/404/404616.png,https://www.on3.com/db/michael-brescia-87421/,portal_industry_football_2025
Drew Tuazama,EDGE,UCLA Bruins,,Entered,0,3.0,84.0,2191.0,192.0,2018,2025-01-16T13:52:00,https://on3static.com/uploads/assets/10/257/257010.png,https://www.on3.com/db/drew-tuazama-39207/,portal_industry_football_2025
Calvin McMillian,OT,Memphis Tigers,,Entered,0,3.0,84.0,2192.0,183.0,2020,2025-01-16T14:37:00,https://on3static.com/uploads/dev/assets/76/3/3076.jpg,https://www.on3.com/db/calvin-mcmillian-17366/,portal_industry_football_2025
Brendan Harrington,LB,Appalachian State Mountaineers,Georgia Southern Eagles,Committed,0,3.0,85.0,2193.0,186.0,2019,2025-02-05T15:30:00,https://on3static.com/uploads/assets/611/405/405611.jpg,https://www.on3.com/db/brendan-harrington-13721/,portal_industry_football_2025
David Latu,DL,BYU Cougars,Boise State Broncos,Committed,0,3.0,84.0,2194.0,289.0,2021,2025-01-20T10:28:00,https://on3static.com/uploads/assets/478/226/226478.png,https://www.on3.com/db/david-latu-175367/,portal_industry_football_2025
Chavon McEachern,RB,Charlotte 49ers,,Entered,0,3.0,84.0,2195.0,182.0,2020,2025-01-22T14:00:00,https://on3static.com/uploads/assets/534/91/91534.jpg,https://www.on3.com/db/chavon-mceachern-20972/,portal_industry_football_2025
Brandon McElroy,DL,Massachusetts Minutemen,,Entered,0,3.0,84.0,2196.0,252.0,0,2025-01-22T10:59:00,https://on3static.com/uploads/assets/210/266/266210.png,https://www.on3.com/db/brandon-mcelroy-179707/,portal_industry_football_2025
Nick Thomas,IOL,Boston College Eagles,,Entered,0,3.0,84.0,2197.0,192.0,2021,2025-01-23T09:42:00,https://on3static.com/uploads/assets/573/335/335573.png,https://www.on3.com/db/nick-thomas-244821/,portal_industry_football_2025
Nick Harris,TE,Connecticut Huskies,,Entered,0,3.0,84.0,2198.0,151.0,2020,2025-01-22T10:02:00,https://on3static.com/uploads/assets/725/409/409725.png,https://www.on3.com/db/nick-harris-92598/,portal_industry_football_2025
Maddox Kopp,QB,Miami (OH) RedHawks,Houston Christian Huskies,Committed,0,3.0,84.0,2199.0,186.0,2021,2025-02-05T13:26:00,https://on3static.com/uploads/dev/assets/467/8/8467.jpg,https://www.on3.com/db/maddox-kopp-81237/,portal_industry_football_2025
Christian Berry,TE,Davidson Wildcats,Kent State Golden Flashes,Committed,0,3.0,85.0,2200.0,125.0,2022,2024-12-14T13:23:00,,https://www.on3.com/db/christian-berry-188387/,portal_industry_football_2025
Migo Jackson,DL,Utah State Aggies,Northwestern Wildcats,Committed,0,3.0,85.0,2201.0,211.0,2021,2025-03-12T16:34:00,https://on3static.com/uploads/assets/876/91/91876.jpg,https://www.on3.com/db/migo-jackson-144404/,portal_industry_football_2025
Jalen Bell,DL,Tennessee State Tigers,Memphis Tigers,Committed,0,3.0,87.0,2202.0,43.0,2019,2025-05-16T10:59:00,https://on3static.com/uploads/assets/40/426/426040.png,https://www.on3.com/db/jalen-bell-54149/,portal_industry_football_2025
Zach Gibson,QB,Georgia State Panthers,Florida Atlantic Owls,Committed,0,3.0,85.0,2203.0,156.0,2019,2025-04-23T17:14:00,https://on3static.com/uploads/assets/423/86/86423.jpg,https://www.on3.com/db/zach-gibson-122734/,portal_industry_football_2025
Darrian King,IOL,Samford Bulldogs,,Entered,0,3.0,84.0,2204.0,184.0,2021,2025-03-04T14:52:00,https://on3static.com/uploads/assets/875/421/421875.png,https://www.on3.com/db/darrian-king-249791/,portal_industry_football_2025
Nathan Jones,TE,Minnesota Golden Gophers,,Entered,0,3.0,84.0,2205.0,131.0,2022,2025-02-04T09:47:00,https://on3static.com/uploads/assets/219/415/415219.png,https://www.on3.com/db/nathan-jones-145586/,portal_industry_football_2025
Jalen Jackson,CB,Middle Tennessee State Blue Raiders,,Entered,0,3.0,84.0,2206.0,294.0,2019,2025-02-18T17:49:00,https://on3static.com/uploads/assets/221/428/428221.png,https://www.on3.com/db/jalen-jackson-144394/,portal_industry_football_2025
Vinny Fiacable,IOL,Indiana Hoosiers,Florida Atlantic Owls,Committed,0,3.0,84.0,2207.0,208.0,2021,2025-04-25T14:02:00,https://on3static.com/uploads/dev/assets/243/6/6243.jpg,https://www.on3.com/db/vinny-fiacable-119829/,portal_industry_football_2025
Eriq George,DL,Tennessee State Tigers,Bowling Green Falcons,Committed,0,3.0,86.0,2208.0,126.0,2023,2025-04-23T17:52:00,https://on3static.com/uploads/assets/377/428/428377.png,https://www.on3.com/db/eriq-george-250149/,portal_industry_football_2025
J.T. Anderson,S,FIU Golden Panthers,,Entered,0,3.0,84.0,2209.0,226.0,2021,2025-03-17T11:39:00,https://on3static.com/uploads/assets/219/428/428219.png,https://www.on3.com/db/jt-anderson-175612/,portal_industry_football_2025
Santino Marucci,QB,New Mexico State Aggies,,Entered,0,3.0,84.0,2210.0,173.0,2021,2025-04-01T17:40:00,https://on3static.com/uploads/assets/441/16/16441.jpeg,https://www.on3.com/db/santino-marucci-104882/,portal_industry_football_2025
Patrick Matan,OT,NC State Wolfpack,,Entered,0,3.0,84.0,2211.0,185.0,2020,2025-03-17T09:31:00,https://on3static.com/uploads/assets/545/427/427545.jpg,https://www.on3.com/db/patrick-matan-95462/,portal_industry_football_2025
Macyo Williams,DL,Utah State Aggies,Charlotte 49ers,Committed,0,3.0,84.0,2212.0,287.0,2021,,https://on3static.com/uploads/assets/958/349/349958.jpg,https://www.on3.com/db/macyo-williams-81226/,portal_industry_football_2025
Mudia Reuben,WR,Stanford Cardinal,USF Bulls,Committed,0,3.0,84.0,2213.0,378.0,2022,2025-04-15T10:04:00,https://on3static.com/uploads/assets/466/433/433466.png,https://www.on3.com/db/mudia-reuben-90511/,portal_industry_football_2025
Keontae Jenkins,CB,Coastal Carolina Chanticleers,Delaware Fightin' Blue Hens,Committed,0,3.0,84.0,2214.0,301.0,2020,,https://on3static.com/uploads/dev/assets/743/7/7743.jpg,https://www.on3.com/db/keontae-jenkins-142496/,portal_industry_football_2025
Brett Griffis,QB,James Madison Dukes,,Entered,0,3.0,84.0,2215.0,162.0,2022,2025-04-15T08:18:00,https://on3static.com/uploads/assets/592/86/86592.jpeg,https://www.on3.com/db/brett-griffis-14127/,portal_industry_football_2025
Zaire Flournoy,IOL,UAB Blazers,FIU Golden Panthers,Committed,0,3.0,84.0,2216.0,189.0,2020,2025-05-08T20:51:00,https://on3static.com/uploads/assets/798/89/89798.JPG,https://www.on3.com/db/zaire-flournoy-123475/,portal_industry_football_2025
Marcellus Nash,DL,James Madison Dukes,,Entered,0,3.0,84.0,2217.0,259.0,2024,2025-04-15T08:15:00,https://on3static.com/uploads/assets/353/321/321353.png,https://www.on3.com/db/marcellus-nash-158994/,portal_industry_football_2025
Solomon Lewis,WR,Louisiana Tech Bulldogs,,Entered,0,3.0,84.0,2218.0,359.0,2021,2025-04-09T11:23:00,https://on3static.com/uploads/assets/352/438/438352.jpg,https://www.on3.com/db/solomon-lewis-107821/,portal_industry_football_2025
Marcus Jones Jr.,LB,Arkansas-Pine Bluff Golden Lions,,Entered,0,3.0,84.0,2219.0,227.0,2020,2025-04-11T16:44:00,https://on3static.com/uploads/assets/15/439/439015.jpg,https://www.on3.com/db/marcus-jones-jr-144487/,portal_industry_football_2025
Armondous Cooley,DL,Southern Miss Golden Eagles,Tulane Green Wave,Committed,0,3.0,84.0,2220.0,297.0,2020,,https://on3static.com/uploads/dev/assets/87/3/3087.jpg,https://www.on3.com/db/armondous-cooley-7573/,portal_industry_football_2025
Mike Wright,QB,Northwestern Wildcats,East Carolina Pirates,Committed,0,3.0,86.0,2221.0,104.0,2020,2025-05-11T17:31:00,https://on3static.com/uploads/assets/83/148/148083.png,https://www.on3.com/db/mike-wright-89517/,portal_industry_football_2025
Dominic Rivera,OT,Rutgers Scarlet Knights,Toledo Rockets,Committed,0,3.0,85.0,2222.0,160.0,2023,2025-05-01T16:38:00,https://on3static.com/uploads/assets/763/225/225763.jpeg,https://www.on3.com/db/dominic-rivera-151203/,portal_industry_football_2025
Jack Hestera,WR,Utah State Aggies,Colorado Buffaloes,Committed,0,3.0,84.0,2223.0,322.0,2021,,https://on3static.com/uploads/assets/79/137/137079.png,https://www.on3.com/db/jack-hestera-175526/,portal_industry_football_2025
Jordan Johnson,S,Southern Miss Golden Eagles,,Entered,0,3.0,84.0,2224.0,214.0,2022,2025-04-16T10:08:00,https://on3static.com/uploads/assets/504/263/263504.png,https://www.on3.com/db/jordan-johnson-239037/,portal_industry_football_2025
Tyjai Hopper,S,James Madison Dukes,Oregon State Beavers,Committed,0,3.0,84.0,2225.0,217.0,2024,2025-05-01T14:35:00,https://on3static.com/uploads/assets/562/444/444562.png,https://www.on3.com/db/tyjai-hopper-152987/,portal_industry_football_2025
Derick Mourning,LB,Texas State Bobcats,,Entered,0,3.0,84.0,2226.0,196.0,2020,2025-04-16T08:49:00,https://on3static.com/uploads/dev/assets/797/6/6797.jpg,https://www.on3.com/db/derick-mourning-34899/,portal_industry_football_2025
Isaiah Atchison,WR,Central Michigan Chippewas,,Entered,0,3.0,84.0,2227.0,334.0,2024,2025-04-16T09:20:00,https://on3static.com/uploads/assets/653/232/232653.png,https://www.on3.com/db/isaiah-atchison-237543/,portal_industry_football_2025
Zach Smith,LB,SMU Mustangs,Western Kentucky Hilltoppers,Committed,0,3.0,84.0,2228.0,203.0,2024,2025-05-12T13:04:00,https://on3static.com/uploads/assets/108/333/333108.png,https://www.on3.com/db/zach-smith-176809/,portal_industry_football_2025
Cole Welliver,QB,Connecticut Huskies,New Mexico Lobos,Committed,0,3.0,84.0,2229.0,169.0,2024,,https://on3static.com/uploads/assets/918/231/231918.png,https://www.on3.com/db/cole-welliver-24913/,portal_industry_football_2025
Elijah Kinsler,DL,West Virginia Mountaineers,Southern Miss Golden Eagles,Committed,0,3.0,84.0,2230.0,263.0,2024,2025-04-23T10:38:00,https://on3static.com/uploads/assets/128/305/305128.png,https://www.on3.com/db/elijah-kinsler-154851/,portal_industry_football_2025
Zah Jackson,CB,West Virginia Mountaineers,,Entered,0,3.0,84.0,2231.0,4.0,2025,2025-04-16T10:20:00,https://on3static.com/uploads/assets/991/147/147991.png,https://www.on3.com/db/zah-jackson-154613/,portal_industry_football_2025
Dominick Collins,WR,West Virginia Mountaineers,Concord University Mountain Lions,Committed,0,3.0,84.0,2232.0,337.0,2024,,https://on3static.com/uploads/assets/936/334/334936.png,https://www.on3.com/db/dominick-collins-239354/,portal_industry_football_2025
Jasaiah Gathings,WR,Connecticut Huskies,,Entered,0,3.0,84.0,2233.0,342.0,2021,2025-04-16T12:34:00,https://on3static.com/uploads/assets/365/265/265365.png,https://www.on3.com/db/jasaiah-gathings-57318/,portal_industry_football_2025
Cole Snodgrass,TE,TCU Horned Frogs,,Entered,0,3.0,84.0,2234.0,139.0,2024,2025-04-16T11:12:00,https://on3static.com/uploads/assets/587/236/236587.jpeg,https://www.on3.com/db/cole-snodgrass-180440/,portal_industry_football_2025
Kadin Schmitz,LB,Ohio Bobcats,Charlotte 49ers,Committed,0,3.0,84.0,2235.0,212.0,2022,,,https://www.on3.com/db/kadin-schmitz-146152/,portal_industry_football_2025
Sean Embree,WR,Washington State Cougars,,Entered,0,3.0,84.0,2236.0,354.0,2025,2025-04-16T11:40:00,https://on3static.com/uploads/assets/406/254/254406.png,https://www.on3.com/db/sean-embree-235796/,portal_industry_football_2025
Jackson Bussey,EDGE,Appalachian State Mountaineers,,Entered,0,3.0,84.0,2237.0,198.0,2024,2025-04-16T11:34:00,https://on3static.com/uploads/assets/174/161/161174.jpeg,https://www.on3.com/db/jackson-bussey-155675/,portal_industry_football_2025
Hunter Haines,S,Washington State Cougars,,Entered,0,3.0,84.0,2238.0,232.0,2024,2025-04-16T11:37:00,https://on3static.com/uploads/assets/687/337/337687.png,https://www.on3.com/db/hunter-haines-178801/,portal_industry_football_2025
Jamarion Carroll,WR,SMU Mustangs,,Entered,0,3.0,84.0,2239.0,357.0,2023,2025-04-16T11:13:00,https://on3static.com/uploads/assets/146/219/219146.jpg,https://www.on3.com/db/jamarion-carroll-152100/,portal_industry_football_2025
Emory Floyd,CB,South Carolina Gamecocks,Appalachian State Mountaineers,Committed,0,3.0,84.0,2240.0,289.0,2022,2025-04-27T11:23:00,https://on3static.com/uploads/assets/980/256/256980.png,https://www.on3.com/db/emory-floyd-41869/,portal_industry_football_2025
Mason Clinton,DL,Mississippi State Bulldogs,Southern Miss Golden Eagles,Committed,0,3.0,84.0,2241.0,282.0,2023,2025-04-16T12:27:00,https://on3static.com/uploads/assets/483/370/370483.png,https://www.on3.com/db/mason-clinton-175643/,portal_industry_football_2025
Djouvensky Schlenbaker,RB,Washington State Cougars,The University of Texas Rio Grande Valley Vaqueros,Committed,0,3.0,84.0,2242.0,198.0,2022,2025-04-28T10:23:00,https://on3static.com/uploads/assets/424/73/73424.jpeg,https://www.on3.com/db/djouvensky-schlenbaker-37373/,portal_industry_football_2025
Jayden Childers,DL,Western Michigan Broncos,,Entered,0,3.0,84.0,2243.0,286.0,2022,2025-04-16T09:24:00,,https://www.on3.com/db/jayden-childers-58620/,portal_industry_football_2025
Chalil Cummings,CB,Memphis Tigers,Purdue Boilermakers,Committed,0,3.0,84.0,2244.0,295.0,2024,2025-04-18T14:46:00,https://on3static.com/uploads/assets/666/173/173666.jpeg,https://www.on3.com/db/chalil-cummings-19719/,portal_industry_football_2025
Cameron Powell,CB,Western Michigan Broncos,,Entered,0,3.0,84.0,2245.0,296.0,2024,2025-04-16T09:15:00,,https://www.on3.com/db/cameron-powell-152107/,portal_industry_football_2025
Jackson Cowgill,DL,Washington State Cougars,,Entered,0,3.0,84.0,2246.0,290.0,2024,2025-04-16T11:44:00,https://on3static.com/uploads/assets/696/337/337696.png,https://www.on3.com/db/jackson-cowgill-153188/,portal_industry_football_2025
Elijah Lee,CB,Coastal Carolina Chanticleers,,Entered,0,3.0,84.0,2247.0,297.0,2024,2025-04-16T12:08:00,https://on3static.com/uploads/assets/423/147/147423.png,https://www.on3.com/db/elijah-lee-176464/,portal_industry_football_2025
Otto Hess,OT,Boston College Eagles,,Entered,0,3.0,84.0,2248.0,188.0,2021,2025-04-15T16:50:00,https://on3static.com/uploads/assets/202/16/16202.jpeg,https://www.on3.com/db/otto-hess-94742/,portal_industry_football_2025
Cheick Kaba,DL,Troy Trojans,Charlotte 49ers,Committed,0,3.0,84.0,2249.0,292.0,2021,2025-05-05T09:25:00,https://on3static.com/uploads/assets/276/445/445276.png,https://www.on3.com/db/cheick-kaba-145246/,portal_industry_football_2025
Jalen Washington,RB,Southern Miss Golden Eagles,,Entered,0,3.0,84.0,2250.0,205.0,2024,2025-04-16T10:44:00,,https://www.on3.com/db/jalen-washington-54577/,portal_industry_football_2025
Aidan Steinfeldt,TE,Marshall Thundering Herd,Richmond Spiders,Committed,0,3.0,84.0,2251.0,133.0,2024,2025-05-07T09:01:00,https://on3static.com/uploads/assets/142/57/57142.jpg,https://www.on3.com/db/aidan-steinfeldt-2052/,portal_industry_football_2025
Mike Sandjo-Nijiki,DL,SMU Mustangs,Washington State Cougars,Committed,0,3.0,84.0,2252.0,274.0,2021,2025-04-28T19:10:00,https://on3static.com/uploads/assets/215/219/219215.jpg,https://www.on3.com/db/mike-sandjo-nijiki-154573/,portal_industry_football_2025
Tamarcus Gray,WR,Louisiana Tech Bulldogs,Houston Christian Huskies,Committed,0,3.0,84.0,2254.0,355.0,2024,2025-06-08T11:08:00,https://on3static.com/uploads/assets/645/440/440645.jpg,https://www.on3.com/db/tamarcus-gray-152111/,portal_industry_football_2025
Robert Long,QB,Maryland Terrapins,,Entered,0,3.0,84.0,2255.0,174.0,2023,2025-04-16T14:04:00,https://on3static.com/uploads/assets/35/23/23035.jpeg,https://www.on3.com/db/robert-long-101158/,portal_industry_football_2025
Marvin Alexander,WR,Florida Atlantic Owls,,Entered,0,3.0,84.0,2256.0,367.0,2018,2025-04-16T19:05:00,https://on3static.com/uploads/assets/584/17/17584.jpeg,https://www.on3.com/db/marvin-alexander-84578/,portal_industry_football_2025
Jayquan Reid,WR,Western Michigan Broncos,,Entered,0,3.0,84.0,2258.0,370.0,2024,2025-04-16T19:12:00,https://on3static.com/uploads/assets/407/135/135407.png,https://www.on3.com/db/jayquan-reid-157834/,portal_industry_football_2025
Qae'shon Sapp,IOL,SMU Mustangs,Florida Atlantic Owls,Committed,0,3.0,84.0,2259.0,204.0,2022,2025-04-26T11:04:00,https://on3static.com/uploads/assets/238/242/242238.jpeg,https://www.on3.com/db/qaeshon-sapp-97010/,portal_industry_football_2025
Jamison Kitna,QB,Bowling Green Falcons,Stephen F. Austin Lumberjacks,Committed,0,3.0,84.0,2260.0,181.0,2025,2025-05-13T22:01:00,https://on3static.com/uploads/assets/425/188/188425.jpg,https://www.on3.com/db/jamison-kitna-155646/,portal_industry_football_2025
Antonio Gates Jr.,WR,Michigan State Spartans,,Entered,0,3.0,84.0,2261.0,376.0,2022,2025-04-16T13:19:00,https://on3static.com/uploads/assets/102/235/235102.png,https://www.on3.com/db/antonio-gates-jr-6947/,portal_industry_football_2025
Joshua Sales,OT,Purdue Boilermakers,Austin Peay Governors,Committed,0,3.0,84.0,2262.0,192.0,2021,2025-07-20T15:12:00,https://on3static.com/uploads/assets/874/343/343874.png,https://www.on3.com/db/joshua-sales-68075/,portal_industry_football_2025
Miles Campbell,TE,North Carolina Central Eagles,Florida A&M Rattlers,Committed,0,3.0,84.0,2263.0,152.0,2021,,https://on3static.com/uploads/assets/753/15/15753.jpeg,https://www.on3.com/db/miles-campbell-89651/,portal_industry_football_2025
Nuuletau Sellesin,EDGE,BYU Cougars,,Entered,0,3.0,84.0,2264.0,207.0,2021,2025-04-16T15:46:00,https://on3static.com/uploads/assets/463/226/226463.png,https://www.on3.com/db/nuuletau-sellesin-234595/,portal_industry_football_2025
Joshua Wood,QB,Fresno State Bulldogs,Idaho Vandals,Committed,0,3.0,84.0,2265.0,185.0,2022,2025-04-19T16:35:00,https://on3static.com/uploads/assets/606/441/441606.png,https://www.on3.com/db/joshua-wood-68165/,portal_industry_football_2025
Ja'Marion Wayne,CB,Missouri Tigers,Coastal Carolina Chanticleers,Committed,0,3.0,86.0,2266.0,190.0,2022,2025-04-28T13:31:00,https://on3static.com/uploads/assets/935/222/222935.png,https://www.on3.com/db/jamarion-wayne-50649/,portal_industry_football_2025
Ameir Glenn,DL,Wake Forest Demon Deacons,Ball State Cardinals,Committed,0,3.0,84.0,2267.0,256.0,2024,2025-04-30T21:27:00,https://on3static.com/uploads/assets/620/316/316620.png,https://www.on3.com/db/ameir-glenn-152726/,portal_industry_football_2025
Camden Degraw,EDGE,Washington State Cougars,,Entered,0,3.0,84.0,2268.0,197.0,2024,2025-04-17T13:20:00,https://on3static.com/uploads/assets/810/182/182810.png,https://www.on3.com/db/camden-degraw-178287/,portal_industry_football_2025
J.B. Mitchell,WR,Eastern Michigan Eagles,,Entered,0,3.0,84.0,2269.0,373.0,2021,2025-04-17T09:54:00,,https://www.on3.com/db/jb-mitchell-50289/,portal_industry_football_2025
Jorden McDonald,CB,Virginia Tech Hokies,William & Mary Tribe,Committed,0,3.0,84.0,2270.0,299.0,2021,2025-05-13T08:47:00,https://on3static.com/uploads/assets/438/16/16438.jpeg,https://www.on3.com/db/jorden-mcdonald-66273/,portal_industry_football_2025
Rod Orr,OT,Toledo Rockets,UAB Blazers,Committed,0,3.0,84.0,2271.0,191.0,2021,2025-05-31T11:53:00,https://on3static.com/uploads/assets/797/17/17797.jpeg,https://www.on3.com/db/rod-orr-101529/,portal_industry_football_2025
Garfield Lawrence,DL,Houston Cougars,,Entered,0,3.0,84.0,2272.0,300.0,2021,2025-04-17T13:34:00,https://on3static.com/uploads/assets/12/25/25012.jpeg,https://www.on3.com/db/garfield-lawrence-44828/,portal_industry_football_2025
William Larkins,IOL,Georgia State Panthers,Oregon State Beavers,Committed,0,3.0,84.0,2273.0,206.0,2023,2025-04-20T10:34:00,https://on3static.com/uploads/assets/574/338/338574.png,https://www.on3.com/db/william-larkins-147112/,portal_industry_football_2025
Jayden Sauray,QB,Maryland Terrapins,,Entered,0,3.0,84.0,2274.0,176.0,2022,2025-04-17T20:29:00,https://on3static.com/uploads/assets/701/310/310701.png,https://www.on3.com/db/jayden-sauray-58700/,portal_industry_football_2025
Ricky Lolohea,DL,Utah State Aggies,Oklahoma Sooners,Committed,0,3.0,84.0,2275.0,267.0,2023,2025-04-22T20:15:00,https://on3static.com/uploads/assets/978/264/264978.png,https://www.on3.com/db/ricky-lolohea-151604/,portal_industry_football_2025
Demontrae Gaston,LB,Toledo Rockets,,Entered,0,3.0,84.0,2276.0,235.0,2024,2025-04-18T06:25:00,,https://www.on3.com/db/demontrae-gaston-152312/,portal_industry_football_2025
Braylon Johnson,CB,Virginia Tech Hokies,Wake Forest Demon Deacons,Committed,0,3.0,85.0,2277.0,220.0,2023,2025-04-27T17:32:00,https://on3static.com/uploads/assets/725/332/332725.png,https://www.on3.com/db/braylon-johnson-145622/,portal_industry_football_2025
Jaheim Jenkins,CB,Eastern Michigan Eagles,,Entered,0,3.0,84.0,2278.0,285.0,2020,2025-04-18T13:02:00,,https://www.on3.com/db/jaheim-jenkins-175611/,portal_industry_football_2025
Jaylin Caldwell,OT,Grand Valley State Lakers,Washington State Cougars,Committed,0,3.0,84.0,2279.0,168.0,2022,2025-05-12T18:17:00,https://on3static.com/uploads/assets/274/441/441274.png,https://www.on3.com/db/jaylin-caldwell-194668/,portal_industry_football_2025
Terry Nwabuisi-Ezeala,DL,North Carolina Tar Heels,Vanderbilt Commodores,Committed,0,3.0,84.0,2281.0,258.0,2025,2025-04-25T16:16:00,https://on3static.com/uploads/assets/697/304/304697.png,https://www.on3.com/db/terry-nwabuisi-ezeala-161886/,portal_industry_football_2025
Kainoa Davis,DL,Charlotte 49ers,,Entered,0,3.0,84.0,2282.0,264.0,2024,2025-04-19T12:46:00,https://on3static.com/uploads/assets/897/337/337897.png,https://www.on3.com/db/kainoa-davis-176742/,portal_industry_football_2025
Jordan Smart,WR,Ole Miss Rebels,Arkansas State Red Wolves,Committed,0,3.0,84.0,2283.0,324.0,2020,2025-05-07T10:43:00,https://on3static.com/uploads/assets/643/219/219643.png,https://www.on3.com/db/jordan-smart-66024/,portal_industry_football_2025
Sone Falealo,OT,Idaho Vandals,Washington State Cougars,Committed,0,3.0,84.0,2284.0,175.0,2024,2025-04-21T14:03:00,https://on3static.com/uploads/assets/808/441/441808.png,https://www.on3.com/db/sone-falealo-236706/,portal_industry_football_2025
Ahmarian Granger,WR,Akron Zips,,Entered,0,3.0,84.0,2285.0,356.0,2022,2025-04-21T12:04:00,https://on3static.com/uploads/assets/176/171/171176.png,https://www.on3.com/db/ahmarian-granger-1924/,portal_industry_football_2025
David Amaliri,LB,Minnesota Golden Gophers,,Entered,0,3.0,84.0,2286.0,234.0,2024,2025-04-21T12:02:00,https://on3static.com/uploads/assets/94/325/325094.png,https://www.on3.com/db/david-amaliri-243580/,portal_industry_football_2025
Jaydon Wright,RB,Minnesota Golden Gophers,Louisiana-Monroe Warhawks,Committed,0,3.0,84.0,2287.0,206.0,2024,2025-05-10T09:07:00,https://on3static.com/uploads/assets/915/446/446915.png,https://www.on3.com/db/jaydon-wright-151729/,portal_industry_football_2025
Aaron Hester,EDGE,Florida State Seminoles,Liberty Flames,Committed,0,3.0,84.0,2289.0,182.0,2022,2025-04-27T10:27:00,https://on3static.com/uploads/assets/132/242/242132.jpeg,https://www.on3.com/db/aaron-hester-556/,portal_industry_football_2025
Ajani Sheppard,QB,Rutgers Scarlet Knights,Washington State Cougars,Committed,0,3.0,84.0,2290.0,177.0,2023,2025-05-07T10:48:00,https://on3static.com/uploads/assets/583/176/176583.jpeg,https://www.on3.com/db/ajani-sheppard-151083/,portal_industry_football_2025
Cam Davis,RB,San Diego State Aztecs,,Entered,0,3.0,84.0,2291.0,180.0,2021,2025-04-23T15:12:00,https://on3static.com/uploads/assets/471/178/178471.png,https://www.on3.com/db/cam-davis-17450/,portal_industry_football_2025
Skylar Cook,S,New Mexico Lobos,,Entered,0,3.0,84.0,2292.0,218.0,2023,2025-04-23T15:18:00,,https://www.on3.com/db/skylar-cook-175672/,portal_industry_football_2025
Kechaun Bennett,EDGE,Michigan Wolverines,UCLA Bruins,Committed,0,3.0,84.0,2293.0,190.0,2021,2025-04-30T18:57:00,https://on3static.com/uploads/assets/255/18/18255.jpeg,https://www.on3.com/db/kechaun-bennett-71727/,portal_industry_football_2025
Fabian Ross,CB,Hawaii Rainbow Warriors,,Entered,0,3.0,84.0,2294.0,276.0,2022,2025-04-23T15:10:00,https://on3static.com/uploads/assets/663/94/94663.png,https://www.on3.com/db/fabian-ross-43636/,portal_industry_football_2025
Kai Holec,OT,San Diego State Aztecs,Indiana State Sycamores,Committed,0,3.0,84.0,2295.0,194.0,2024,2025-01-13T18:30:00,https://on3static.com/uploads/assets/737/161/161737.png,https://www.on3.com/db/kai-holec-178058/,portal_industry_football_2025
Kwon McGinney,DL,Arkansas State Red Wolves,Georgia Southern Eagles,Committed,0,3.0,84.0,2296.0,281.0,0,2025-05-25T09:14:00,https://on3static.com/uploads/assets/554/367/367554.png,https://www.on3.com/db/kwon-mcginney-238478/,portal_industry_football_2025
Jonathan Agumadu,LB,Oklahoma State Cowboys,North Carolina Tar Heels,Committed,0,3.0,84.0,2298.0,214.0,2024,2025-05-08T09:06:00,https://on3static.com/uploads/assets/70/465/465070.png,https://www.on3.com/db/jonathan-agumadu-179408/,portal_industry_football_2025
James Schott,EDGE,Michigan State Spartans,,Entered,0,3.0,84.0,2299.0,204.0,2022,2025-04-23T17:42:00,https://on3static.com/uploads/assets/179/235/235179.png,https://www.on3.com/db/james-schott-55891/,portal_industry_football_2025
Antwone Santiago,LB,Temple Owls,Virginia Tech Hokies,Committed,0,3.0,84.0,2300.0,230.0,2022,2025-05-02T13:24:00,https://on3static.com/uploads/assets/817/444/444817.png,https://www.on3.com/db/antwone-santiago-150532/,portal_industry_football_2025
Daniel Demery,S,Ole Miss Rebels,Arkansas State Red Wolves,Committed,0,3.0,86.0,2301.0,126.0,2023,2025-05-07T16:23:00,https://on3static.com/uploads/assets/760/331/331760.png,https://www.on3.com/db/daniel-demery-29172/,portal_industry_football_2025
Blake Hogshooter,WR,Houston Cougars,,Entered,0,3.0,84.0,2302.0,326.0,2025,2025-04-25T15:05:00,https://on3static.com/uploads/assets/86/326/326086.jpg,https://www.on3.com/db/blake-hogshooter-243263/,portal_industry_football_2025
Gabriel Fortson,IOL,Tulane Green Wave,Arkansas State Red Wolves,Committed,0,3.0,84.0,2303.0,186.0,2023,2025-05-11T14:43:00,https://on3static.com/uploads/assets/18/339/339018.png,https://www.on3.com/db/gabriel-fortson-154583/,portal_industry_football_2025
Ryan Boultwood,TE,Boston College Eagles,San Jose State Spartans,Committed,0,3.0,84.0,2305.0,138.0,2023,,,https://www.on3.com/db/ryan-boultwood-238433/,portal_industry_football_2025
Keldric Luster,QB,SMU Mustangs,Texas State Bobcats,Committed,0,3.0,84.0,2306.0,175.0,2023,2025-04-27T16:57:00,https://on3static.com/uploads/assets/184/219/219184.jpg,https://www.on3.com/db/keldric-luster-72327/,portal_industry_football_2025
Jariel Cobb,RB,North Carolina Tar Heels,Charlotte 49ers,Committed,0,3.0,84.0,2307.0,5.0,2025,2025-05-11T23:27:00,https://on3static.com/uploads/assets/980/446/446980.png,https://www.on3.com/db/jariel-cobb-242323/,portal_industry_football_2025
BJ Harris,RB,Central Michigan Chippewas,,Entered,0,3.0,84.0,2308.0,196.0,2021,2025-04-25T15:44:00,https://on3static.com/uploads/dev/assets/773/3/3773.jpg,https://www.on3.com/db/bj-harris-10609/,portal_industry_football_2025
Jeremiah Noga,WR,Oregon State Beavers,Washington State Cougars,Committed,0,3.0,84.0,2309.0,375.0,2021,2025-05-03T17:06:00,https://on3static.com/uploads/assets/246/23/23246.jpeg,https://www.on3.com/db/jeremiah-noga-60170/,portal_industry_football_2025
Jax Brown,QB,Sam Houston State Bearkats,Arkansas State Red Wolves,Committed,0,3.0,84.0,2310.0,187.0,2025,2025-05-22T09:01:00,https://on3static.com/uploads/assets/917/253/253917.png,https://www.on3.com/db/jax-brown-155252/,portal_industry_football_2025
Codie Hornsby,IOL,Syracuse Orange,Tulsa Golden Hurricane,Committed,0,3.0,84.0,2311.0,185.0,2021,2025-04-26T14:53:00,https://on3static.com/uploads/assets/749/315/315749.png,https://www.on3.com/db/codie-hornsby-194410/,portal_industry_football_2025
Jaylen King,QB,East Tennessee State Buccaneers,Florida State Seminoles,Committed,0,3.0,84.0,2312.0,166.0,2023,2025-04-26T19:50:00,https://on3static.com/uploads/assets/395/443/443395.png,https://www.on3.com/db/jaylen-king-250948/,portal_industry_football_2025
Kahekili Pa'ao'ao,LB,UNLV Rebels,,Entered,0,3.0,84.0,2313.0,223.0,2024,2025-04-26T11:40:00,,https://www.on3.com/db/kahekili-paaoao-154437/,portal_industry_football_2025
Jeremiah Vessel,CB,UNLV Rebels,UAB Blazers,Committed,0,3.0,84.0,2314.0,290.0,2023,,,https://www.on3.com/db/jeremiah-vessel-60230/,portal_industry_football_2025
David Abiara,EDGE,SMU Mustangs,Texas State Bobcats,Committed,0,3.0,84.0,2315.0,201.0,2021,2025-04-30T11:07:00,https://on3static.com/uploads/assets/136/219/219136.jpg,https://www.on3.com/db/david-abiara-31405/,portal_industry_football_2025
Cam'Ron Valdez,RB,Texas Tech Red Raiders,,Entered,0,3.0,84.0,2316.0,202.0,2021,2025-04-26T11:45:00,https://on3static.com/uploads/assets/415/18/18415.jpeg,https://www.on3.com/db/camron-valdez-17550/,portal_industry_football_2025
Josh Burney,DL,Fort Valley State Wildcats,Purdue Boilermakers,Committed,0,3.0,84.0,2317.0,265.0,2020,2025-04-30T10:26:00,https://on3static.com/uploads/assets/119/444/444119.png,https://www.on3.com/db/josh-burney-250989/,portal_industry_football_2025
Ken Willis,CB,Cincinnati Bearcats,James Madison Dukes,Committed,0,3.0,84.0,2319.0,263.0,2022,2025-04-29T13:31:00,https://on3static.com/uploads/assets/9/444/444009.png,https://www.on3.com/db/ken-willis-72663/,portal_industry_football_2025
Traevon Mitchell,DL,West Florida Argonauts,USF Bulls,Committed,0,3.0,84.0,2320.0,266.0,2022,2025-04-29T13:37:00,https://on3static.com/uploads/assets/515/442/442515.png,https://www.on3.com/db/traevon-mitchell-250915/,portal_industry_football_2025
Tahj Bullock,QB,Akron Zips,Colorado State Rams,Committed,0,3.0,84.0,2321.0,179.0,2021,2025-05-03T18:01:00,https://on3static.com/uploads/assets/423/16/16423.jpeg,https://www.on3.com/db/tahj-bullock-109754/,portal_industry_football_2025
Ezekiel Durham-Campbell,DL,Louisiana Tech Bulldogs,Coastal Carolina Chanticleers,Committed,0,3.0,84.0,2322.0,288.0,2022,2025-05-03T12:32:00,https://on3static.com/uploads/assets/530/440/440530.jpg,https://www.on3.com/db/ezekiel-durham-campbell-200231/,portal_industry_football_2025
Tony Mathis,RB,Houston Cougars,Marshall Thundering Herd,Committed,0,3.0,84.0,2323.0,177.0,2019,2025-05-07T17:46:00,https://on3static.com/uploads/dev/assets/283/7/7283.jpg,https://www.on3.com/db/tony-mathis-113910/,portal_industry_football_2025
Devin Kargman,QB,Kent State Golden Flashes,,Entered,0,3.0,84.0,2325.0,163.0,2022,2025-05-09T12:51:00,https://on3static.com/uploads/assets/400/446/446400.png,https://www.on3.com/db/devin-kargman-144715/,portal_industry_football_2025
Ravon Johnson,EDGE,Alabama A&M Bulldogs,Tennessee State Tigers,Committed,0,3.0,84.0,2326.0,183.0,2023,2025-05-09T09:34:00,https://on3static.com/uploads/assets/488/446/446488.png,https://www.on3.com/db/ravon-johnson-151137/,portal_industry_football_2025
Dru McClough,IOL,Presbyterian Blue Hose,East Carolina Pirates,Committed,0,3.0,84.0,2327.0,188.0,2022,2025-05-11T09:01:00,https://on3static.com/uploads/assets/911/446/446911.png,https://www.on3.com/db/dru-mcclough-39259/,portal_industry_football_2025
KJ Makins,CB,Houston Christian Huskies,Baylor Bears,Committed,0,3.0,84.0,2328.0,265.0,2021,2025-05-12T21:02:00,https://on3static.com/uploads/assets/322/447/447322.png,https://www.on3.com/db/kj-makins-72936/,portal_industry_football_2025
Shaun Myers,LB,North Alabama Lions,Colorado Buffaloes,Committed,0,3.0,84.0,2329.0,207.0,2020,2025-05-30T11:33:00,https://on3static.com/uploads/assets/542/452/452542.png,https://www.on3.com/db/shaun-myers-259526/,portal_industry_football_2025
Arrion Concepcion,WR,Kansas State Wildcats,James Madison Dukes,Committed,0,3.0,84.0,2330.0,344.0,2025,2025-05-18T16:56:00,https://on3static.com/uploads/assets/3/77/77003.jpg,https://www.on3.com/db/arrion-concepcion-156265/,portal_industry_football_2025
AJ Barber,WR,Princeton Tigers,,Entered,0,3.0,84.0,2331.0,353.0,2021,2025-05-30T09:43:00,https://on3static.com/uploads/assets/623/451/451623.jpg,https://www.on3.com/db/aj-barber-259448/,portal_industry_football_2025
Dante Kelly,LB,Southern Miss Golden Eagles,Mississippi Valley State Delta Devils,Committed,0,3.0,84.0,2332.0,221.0,2023,2025-05-14T20:40:00,https://on3static.com/uploads/assets/977/306/306977.png,https://www.on3.com/db/dante-kelly-151352/,portal_industry_football_2025
Tyrell Reed,RB,Arkansas Razorbacks,Louisiana-Monroe Warhawks,Committed,0,3.0,84.0,2333.0,201.0,2023,2025-05-06T14:13:00,https://on3static.com/uploads/assets/796/445/445796.png,https://www.on3.com/db/tyrell-reed-238637/,portal_industry_football_2025
Alijah Alexander,DL,Stetson Hatters,Eastern Michigan Eagles,Committed,0,3.0,84.0,2334.0,293.0,2023,2025-05-21T12:01:00,https://on3static.com/uploads/assets/646/449/449646.png,https://www.on3.com/db/alijah-alexander-259147/,portal_industry_football_2025
Eli Brickhandler,QB,Houston Christian Huskies,Ohio State Buckeyes,Committed,0,3.0,84.0,2335.0,182.0,2021,2025-05-20T13:06:00,https://on3static.com/uploads/assets/265/449/449265.png,https://www.on3.com/db/eli-brickhandler-40925/,portal_industry_football_2025
Akim Lanieux,WR,Northern Illinois Huskies,Arizona State Sun Devils,Committed,0,3.0,84.0,2336.0,381.0,2022,2025-05-06T22:30:00,https://on3static.com/uploads/assets/966/445/445966.png,https://www.on3.com/db/akim-lanieux-251083/,portal_industry_football_2025
Alex Elliott,LB,Minnesota Golden Gophers,North Dakota State Bison,Committed,0,3.0,84.0,2337.0,233.0,2023,2025-05-03T14:36:00,https://on3static.com/uploads/assets/154/445/445154.png,https://www.on3.com/db/alex-elliott-151404/,portal_industry_football_2025
Tyler Kirkwood,WR,Southern University Jaguars,Baylor Bears,Committed,0,3.0,84.0,2338.0,384.0,2020,2025-05-30T11:28:00,https://on3static.com/uploads/assets/539/452/452539.png,https://www.on3.com/db/tyler-kirkwood-117726/,portal_industry_football_2025
Tyrone Fowler,EDGE,Ferris State Bulldogs,,Entered,0,3.0,84.0,2339.0,208.0,2020,2025-05-13T10:16:00,https://on3static.com/uploads/assets/343/447/447343.png,https://www.on3.com/db/tyrone-fowler-118808/,portal_industry_football_2025
Quinton Williams,OT,Louisiana Ragin Cajuns,Sam Houston State Bearkats,Committed,0,3.0,84.0,2340.0,193.0,2021,2025-05-03T10:13:00,https://on3static.com/uploads/assets/699/445/445699.png,https://www.on3.com/db/quinton-williams-97733/,portal_industry_football_2025
Darrion Dalton,DL,San Diego State Aztecs,Washington State Cougars,Committed,0,3.0,84.0,2341.0,251.0,2021,2025-04-25T06:56:00,https://on3static.com/uploads/assets/519/178/178519.png,https://www.on3.com/db/darrion-dalton-30906/,portal_industry_football_2025
Demetrie Morgan,EDGE,Alabama A&M Bulldogs,North Texas Mean Green,Committed,0,3.0,84.0,2342.0,187.0,2022,2024-12-15T16:17:00,https://on3static.com/uploads/assets/778/405/405778.png,https://www.on3.com/db/demetrie-morgan-248656/,portal_industry_football_2025
Patrick Methlie,IOL,West Chester,Delaware Fightin' Blue Hens,Committed,0,3.0,84.0,2343.0,202.0,2021,2025-01-01T09:26:00,,https://www.on3.com/db/patrick-methlie-248988/,portal_industry_football_2025
Jack Tanner,OT,Tulsa Golden Hurricane,Kansas Jayhawks,Committed,0,3.0,85.0,2344.0,130.0,2024,2024-12-16T20:21:00,https://on3static.com/uploads/assets/876/226/226876.png,https://www.on3.com/db/jack-tanner-157905/,portal_industry_football_2025
Jackson Bowers,TE,BYU Cougars,Oregon State Beavers,Committed,0,3.0,87.0,2345.0,47.0,2023,2024-12-19T15:39:00,https://on3static.com/uploads/assets/941/397/397941.png,https://www.on3.com/db/jackson-bowers-51503/,portal_industry_football_2025
Yakiri Walker,IOL,Colorado Buffaloes,Memphis Tigers,Committed,0,3.0,87.0,2346.0,95.0,2021,2024-12-20T15:38:00,https://on3static.com/uploads/assets/641/264/264641.png,https://www.on3.com/db/yakiri-walker-122290/,portal_industry_football_2025
Nevaeh Sanders,EDGE,Northern Illinois Huskies,Mississippi State Bulldogs,Committed,0,3.0,86.0,2347.0,147.0,2021,2024-12-13T10:48:00,https://on3static.com/uploads/assets/493/392/392493.png,https://www.on3.com/db/nevaeh-sanders-175626/,portal_industry_football_2025
Leon Bell,OT,Mississippi State Bulldogs,California Golden Bears,Committed,0,3.0,85.0,2348.0,129.0,2021,2024-12-24T15:40:00,https://on3static.com/uploads/assets/535/131/131535.jpeg,https://www.on3.com/db/leon-bell-79016/,portal_industry_football_2025
Wesley Bailey,EDGE,Rutgers Scarlet Knights,Louisville Cardinals,Committed,0,3.0,86.0,2349.0,117.0,2020,2024-12-14T14:52:00,https://on3static.com/uploads/dev/assets/975/9/9975.jpg,https://www.on3.com/db/wesley-bailey-143857/,portal_industry_football_2025
Myles Pollard,CB,Michigan Wolverines,Memphis Tigers,Committed,0,3.0,86.0,2350.0,196.0,2022,2024-12-25T15:01:00,https://on3static.com/uploads/assets/621/302/302621.png,https://www.on3.com/db/myles-pollard-90748/,portal_industry_football_2025
Cam Fancher,QB,Florida Atlantic Owls,UCF Knights,Committed,0,3.0,86.0,2351.0,112.0,2021,2024-12-20T13:14:00,https://on3static.com/uploads/assets/693/564/564693.PNG,https://www.on3.com/db/cam-fancher-17459/,portal_industry_football_2025
Antwain Littleton II,RB,Temple Owls,Rhode Island Rams,Committed,0,3.0,86.0,2352.0,130.0,2021,2025-01-20T10:39:00,https://on3static.com/uploads/assets/16/16/16016.jpeg,https://www.on3.com/db/antwain-littleton-ii-7182/,portal_industry_football_2025
Carmycah Glass,LB,Louisiana Ragin Cajuns,Houston Cougars,Committed,0,3.0,86.0,2353.0,103.0,2022,2024-12-21T11:53:00,https://on3static.com/uploads/assets/809/264/264809.jpeg,https://www.on3.com/db/carmycah-glass-150415/,portal_industry_football_2025
Chase Carter,EDGE,Incarnate Word Cardinals,Memphis Tigers,Committed,0,3.0,86.0,2354.0,140.0,2022,2024-12-25T17:39:00,https://on3static.com/uploads/assets/956/87/87956.jpeg,https://www.on3.com/db/chase-carter-20608/,portal_industry_football_2025
Jahzari Priester,DL,Hampton Pirates,Virginia Tech Hokies,Committed,0,3.0,86.0,2355.0,159.0,2023,2024-12-20T23:34:00,https://on3static.com/uploads/assets/456/403/403456.png,https://www.on3.com/db/jahzari-priester-248400/,portal_industry_football_2025
Stephon Wright,DL,Texas Southern Tigers,Connecticut Huskies,Committed,0,3.0,86.0,2356.0,167.0,2019,2024-12-15T15:10:00,https://on3static.com/uploads/assets/540/469/469540.png,https://www.on3.com/db/stephon-wright-108585/,portal_industry_football_2025
Nick Taylor,CB,Appalachian State Mountaineers,West Virginia Mountaineers,Committed,0,3.0,86.0,2357.0,194.0,2024,2025-04-18T09:22:00,https://on3static.com/uploads/assets/993/182/182993.png,https://www.on3.com/db/nick-taylor-177454/,portal_industry_football_2025
Ethan Newman,IOL,Kennesaw State Owls,Memphis Tigers,Committed,0,3.0,87.0,2358.0,62.0,2023,2024-12-11T14:37:00,https://on3static.com/uploads/assets/722/381/381722.jpg,https://www.on3.com/db/ethan-newman-246667/,portal_industry_football_2025
Trey Williams,CB,Air Force Falcons,,Entered,0,3.0,87.0,2359.0,92.0,2020,2024-12-02T15:23:00,https://on3static.com/uploads/assets/70/389/389070.png,https://www.on3.com/db/trey-williams-115627/,portal_industry_football_2025
Vontroy Malone,EDGE,Tulsa Golden Hurricane,Iowa State Cyclones,Committed,0,3.0,87.0,2360.0,76.0,2022,2024-12-21T15:16:00,https://on3static.com/uploads/assets/998/465/465998.PNG,https://www.on3.com/db/vontroy-malone-150501/,portal_industry_football_2025
Landon Morris,TE,Temple Owls,California Golden Bears,Committed,0,3.0,87.0,2361.0,45.0,2021,2025-05-10T10:14:00,https://on3static.com/uploads/assets/865/17/17865.jpeg,https://www.on3.com/db/landon-morris-78009/,portal_industry_football_2025
Alec Marenco,LB,Kansas State Wildcats,Wake Forest Demon Deacons,Committed,0,3.0,87.0,2362.0,79.0,2021,2025-05-10T21:23:00,https://on3static.com/uploads/assets/913/178/178913.png,https://www.on3.com/db/alec-marenco-2665/,portal_industry_football_2025
Trevor Woods,S,Colorado Buffaloes,Jacksonville State Gamecocks,Committed,0,3.0,87.0,2363.0,56.0,2021,2025-05-02T13:19:00,https://on3static.com/uploads/assets/357/242/242357.jpeg,https://www.on3.com/db/trevor-woods-115884/,portal_industry_football_2025
Jimto Obidegwu,IOL,Kent State Golden Flashes,North Texas Mean Green,Committed,0,3.0,87.0,2364.0,85.0,2021,2024-12-22T13:35:00,https://on3static.com/uploads/assets/56/74/74056.jpeg,https://www.on3.com/db/jimto-obidegwu-61844/,portal_industry_football_2025
Jaedon Wilson,WR,Arkansas Razorbacks,UCLA Bruins,Committed,0,3.0,87.0,2365.0,136.0,2021,2024-12-01T13:00:00,https://on3static.com/uploads/assets/860/12/12860.jpeg,https://www.on3.com/db/jaedon-wilson-52807/,portal_industry_football_2025
Jayven Williams,S,Kennesaw State Owls,Mississippi State Bulldogs,Committed,0,3.0,86.0,2366.0,141.0,2022,2024-11-24T15:56:00,https://on3static.com/uploads/assets/707/381/381707.jpg,https://www.on3.com/db/jayven-williams-197814/,portal_industry_football_2025
Isaiah Reed,CB,Brown Bears,UCF Knights,Committed,0,3.0,87.0,2367.0,110.0,2021,2024-12-22T19:06:00,https://on3static.com/uploads/assets/694/564/564694.PNG,https://www.on3.com/db/isaiah-reed-246691/,portal_industry_football_2025
Josiah Green,DL,Dartmouth Big Green,Duke Blue Devils,Committed,0,3.0,86.0,2368.0,143.0,2021,2024-12-18T18:47:00,https://on3static.com/uploads/assets/162/384/384162.jpg,https://www.on3.com/db/josiah-green-246689/,portal_industry_football_2025
Terrence Moore,IOL,Pittsburgh Panthers,Toledo Rockets,Committed,0,3.0,87.0,2369.0,82.0,2021,2024-12-12T15:19:00,https://on3static.com/uploads/dev/assets/988/9/9988.jpg,https://www.on3.com/db/terrence-moore-111710/,portal_industry_football_2025
Grant Wilson,QB,Old Dominion Monarchs,Indiana Hoosiers,Committed,0,3.0,86.0,2370.0,111.0,2020,2025-01-03T21:57:00,https://on3static.com/uploads/assets/736/399/399736.png,https://www.on3.com/db/grant-wilson-46629/,portal_industry_football_2025
Langden Kitchen,DL,Northwest Missouri State Bearcats,Missouri Tigers,Committed,0,3.0,85.0,2371.0,201.0,2023,2024-12-17T19:42:00,https://on3static.com/uploads/assets/158/390/390158.jpg,https://www.on3.com/db/langden-kitchen-246885/,portal_industry_football_2025
Juice Vereen,TE,NC State Wolfpack,Connecticut Huskies,Committed,0,3.0,87.0,2372.0,35.0,2023,2024-12-31T19:18:00,https://on3static.com/uploads/assets/473/469/469473.png,https://www.on3.com/db/juice-vereen-147127/,portal_industry_football_2025
Caleb Burton,WR,Auburn Tigers,Connecticut Huskies,Committed,336845,3.0,86.0,2373.0,167.0,2022,2025-01-08T12:23:00,https://on3static.com/uploads/assets/604/303/303604.png,https://www.on3.com/db/caleb-burton-16910/,portal_industry_football_2025
Gavin Wimsatt,QB,Kentucky Wildcats,Jacksonville State Gamecocks,Committed,0,3.0,86.0,2374.0,95.0,2021,2025-01-05T16:45:00,https://on3static.com/uploads/assets/533/304/304533.png,https://www.on3.com/db/gavin-wimsatt-45482/,portal_industry_football_2025
Caleb Redd,EDGE,Kentucky Wildcats,Kansas Jayhawks,Committed,0,3.0,86.0,2375.0,139.0,2024,2024-12-20T16:04:00,https://on3static.com/uploads/assets/410/182/182410.jpg,https://www.on3.com/db/caleb-redd-158303/,portal_industry_football_2025
Ty Washington,TE,Arkansas Razorbacks,Notre Dame Fighting Irish,Committed,0,3.0,86.0,2376.0,83.0,2022,2024-12-25T12:36:00,https://on3static.com/uploads/assets/219/72/72219.jpeg,https://www.on3.com/db/ty-washington-118935/,portal_industry_football_2025
Kaleb Brown,WR,Iowa Hawkeyes,UAB Blazers,Committed,0,3.0,86.0,2377.0,245.0,2022,2024-12-17T12:08:00,https://on3static.com/uploads/assets/625/207/207625.JPG,https://www.on3.com/db/kaleb-brown-70676/,portal_industry_football_2025
Tristan Dunn,S,Washington Huskies,California Golden Bears,Committed,0,3.0,86.0,2378.0,156.0,2022,2024-12-22T15:46:00,https://on3static.com/uploads/assets/277/219/219277.png,https://www.on3.com/db/tristan-dunn-116412/,portal_industry_football_2025
Jahlil McClain,WR,Louisville Cardinals,Fresno State Bulldogs,Committed,0,3.0,86.0,2379.0,262.0,2023,2025-01-17T11:26:00,https://on3static.com/uploads/assets/231/223/223231.png,https://www.on3.com/db/jahlil-mcclain-52974/,portal_industry_football_2025
Luka Vincic,OT,Oregon State Beavers,Michigan State Spartans,Committed,0,3.0,85.0,2380.0,131.0,2022,2024-12-15T15:09:00,https://on3static.com/uploads/assets/471/393/393471.png,https://www.on3.com/db/luka-vincic-80504/,portal_industry_football_2025
Michael Allen,RB,UNLV Rebels,Marshall Thundering Herd,Committed,0,3.0,86.0,2381.0,115.0,2022,2024-12-14T13:26:00,https://on3static.com/uploads/assets/526/225/225526.png,https://www.on3.com/db/michael-allen-87292/,portal_industry_football_2025
DeMarco Ward,LB,Florida State Seminoles,Memphis Tigers,Committed,0,3.0,86.0,2382.0,156.0,2023,2024-12-23T20:06:00,https://on3static.com/uploads/assets/258/242/242258.jpeg,https://www.on3.com/db/demarco-ward-151956/,portal_industry_football_2025
Lavaka Taukeiaho,IOL,Weber State Wildcats,Oklahoma State Cowboys,Committed,0,3.0,85.0,2383.0,177.0,2021,2024-12-12T08:28:00,https://on3static.com/uploads/assets/362/393/393362.png,https://www.on3.com/db/lavaka-taukeiaho-234628/,portal_industry_football_2025
Damarjhe Lewis,DL,Purdue Boilermakers,SMU Mustangs,Committed,0,3.0,85.0,2384.0,235.0,2020,2025-01-04T10:01:00,https://on3static.com/uploads/assets/540/343/343540.png,https://www.on3.com/db/damarjhe-lewis-28454/,portal_industry_football_2025
Byron Turner Jr.,EDGE,Florida State Seminoles,Tulsa Golden Hurricane,Committed,0,3.0,86.0,2385.0,153.0,2021,2025-01-08T15:52:00,https://on3static.com/uploads/assets/255/242/242255.jpeg,https://www.on3.com/db/byron-turner-jr-16317/,portal_industry_football_2025
Derek Carter,CB,Jacksonville State Gamecocks,West Virginia Mountaineers,Committed,0,3.0,85.0,2386.0,239.0,2021,2025-01-08T17:47:00,https://on3static.com/uploads/assets/57/402/402057.png,https://www.on3.com/db/derek-carter-34664/,portal_industry_football_2025
Jaylen George,DL,East Tennessee State Buccaneers,Nebraska Cornhuskers,Committed,0,3.0,86.0,2387.0,120.0,2022,2024-12-17T11:14:00,https://on3static.com/uploads/assets/68/393/393068.jpg,https://www.on3.com/db/jaylen-george-246982/,portal_industry_football_2025
Xander Ruggeroli,OT,Nebraska Cornhuskers,Arizona State Sun Devils,Committed,0,3.0,86.0,2388.0,99.0,2024,2025-01-12T19:09:00,https://on3static.com/uploads/assets/385/472/472385.jpg,https://www.on3.com/db/xander-ruggeroli-152541/,portal_industry_football_2025
Sitiveni Kaufusi,DL,UCLA Bruins,Oklahoma State Cowboys,Committed,0,3.0,84.0,2389.0,250.0,2019,2025-01-03T11:30:00,https://on3static.com/uploads/dev/assets/465/5/5465.jpg,https://www.on3.com/db/sitiveni-kaufusi-107654/,portal_industry_football_2025
Michael Mitchell,RB,Utah Utes,Arizona Wildcats,Committed,0,3.0,85.0,2390.0,147.0,2023,2024-12-28T10:08:00,https://on3static.com/uploads/assets/311/397/397311.png,https://www.on3.com/db/michael-mitchell-151157/,portal_industry_football_2025
Justin Stevenson,WR,Wyoming Cowboys,Utah Utes,Committed,0,3.0,85.0,2391.0,285.0,2023,2025-01-03T14:22:00,https://on3static.com/uploads/assets/309/75/75309.jpg,https://www.on3.com/db/justin-stevenson-154844/,portal_industry_football_2025
Breeon Ishmail,EDGE,Michigan Wolverines,Purdue Boilermakers,Committed,0,3.0,84.0,2392.0,188.0,2023,2025-01-06T15:29:00,https://on3static.com/uploads/assets/848/407/407848.png,https://www.on3.com/db/breeon-ishmail-145490/,portal_industry_football_2025
Preston Cushman,OT,Ole Miss Rebels,UCF Knights,Committed,0,3.0,84.0,2393.0,164.0,2022,2024-12-23T09:47:00,https://on3static.com/uploads/assets/745/564/564745.PNG,https://www.on3.com/db/preston-cushman-96819/,portal_industry_football_2025
DeAndre Harper,OT,Northwest Missouri State Bearcats,Kansas Jayhawks,Committed,0,3.0,84.0,2394.0,165.0,2024,2024-12-13T17:39:00,https://on3static.com/uploads/assets/773/153/153773.jpg,https://www.on3.com/db/deandre-harper-177457/,portal_industry_football_2025
Mason Mini,TE,Idaho Vandals,California Golden Bears,Committed,0,3.0,85.0,2395.0,124.0,2023,2025-01-08T13:31:00,https://on3static.com/uploads/assets/107/401/401107.png,https://www.on3.com/db/mason-mini-156996/,portal_industry_football_2025
Chauncey Magwood,WR,UCF Knights,Purdue Boilermakers,Committed,0,3.0,85.0,2396.0,290.0,2021,2025-01-04T22:05:00,https://on3static.com/uploads/assets/845/407/407845.png,https://www.on3.com/db/chauncey-magwood-20930/,portal_industry_football_2025
Richard Toney,S,TCU Horned Frogs,Purdue Boilermakers,Committed,0,3.0,85.0,2397.0,189.0,2021,2025-01-06T08:40:00,https://on3static.com/uploads/assets/876/407/407876.png,https://www.on3.com/db/richard-toney-100069/,portal_industry_football_2025
Dallas Afalava,DL,Idaho Vandals,Wake Forest Demon Deacons,Committed,551370,3.0,87.0,2398.0,78.0,2023,2025-01-06T17:18:00,https://on3static.com/uploads/assets/88/401/401088.png,https://www.on3.com/db/dallas-afalava-153874/,portal_industry_football_2025
Harrison Bailey,QB,Louisville Cardinals,Florida Gators,Committed,0,3.0,86.0,2399.0,127.0,2020,2025-01-20T14:34:00,https://on3static.com/uploads/dev/assets/807/4/4807.jpg,https://www.on3.com/db/harrison-bailey-141634/,portal_industry_football_2025
Hunter Erb,IOL,Texas A&M Aggies,Tulsa Golden Hurricane,Committed,0,3.0,87.0,2400.0,72.0,2022,2025-01-08T11:32:00,https://on3static.com/uploads/assets/832/401/401832.png,https://www.on3.com/db/hunter-erb-48437/,portal_industry_football_2025
Davin Stoffel,TE,South Dakota State Jackrabbits,Illinois Fighting Illini,Committed,0,3.0,85.0,2401.0,126.0,2023,2025-01-09T17:50:00,https://on3static.com/uploads/assets/429/402/402429.png,https://www.on3.com/db/davin-stoffel-248306/,portal_industry_football_2025
Tuna Altahir,RB,Eastern Washington Eagles,Stanford Cardinal,Committed,0,3.0,85.0,2402.0,146.0,2021,2025-01-12T19:18:00,https://on3static.com/uploads/assets/424/403/403424.png,https://www.on3.com/db/tuna-altahir-116865/,portal_industry_football_2025
Antarron Turner,LB,Western Carolina Catamounts,Wisconsin Badgers,Committed,0,3.0,85.0,2403.0,180.0,2022,2024-12-18T08:35:00,https://on3static.com/uploads/assets/408/394/394408.png,https://www.on3.com/db/antarron-turner-247280/,portal_industry_football_2025
Sam West,TE,Indiana Hoosiers,Mississippi State Bulldogs,Committed,0,3.0,86.0,2404.0,74.0,2023,2025-04-24T14:56:00,https://on3static.com/uploads/assets/629/442/442629.png,https://www.on3.com/db/sam-west-146437/,portal_industry_football_2025
Savion Riley,S,Colorado Buffaloes,Georgia Tech Yellow Jackets,Committed,0,3.0,86.0,2405.0,166.0,2022,2025-04-19T14:03:00,https://on3static.com/uploads/assets/374/39/39374.jpeg,https://www.on3.com/db/savion-riley-146048/,portal_industry_football_2025
Rickey Williams,LB,West Virginia Mountaineers,Toledo Rockets,Committed,0,3.0,86.0,2407.0,134.0,2024,2025-04-28T14:30:00,https://on3static.com/uploads/assets/927/334/334927.png,https://www.on3.com/db/rickey-williams-175889/,portal_industry_football_2025
DD Snyder,CB,Ball State Cardinals,Massachusetts Minutemen,Committed,0,3.0,86.0,2408.0,140.0,2021,2025-01-08T16:10:00,https://on3static.com/uploads/assets/946/15/15946.jpeg,https://www.on3.com/db/dd-snyder-32736/,portal_industry_football_2025
Leo Blackburn,TE,Georgia Tech Yellow Jackets,Georgia State Panthers,Committed,0,3.0,86.0,2409.0,65.0,2021,2025-01-10T13:10:00,https://on3static.com/uploads/assets/494/164/164494.png,https://www.on3.com/db/leo-blackburn-78977/,portal_industry_football_2025
Andrew Kilfoyl,IOL,USF Bulls,Bowling Green Falcons,Committed,0,3.0,86.0,2410.0,145.0,2021,2025-01-07T12:12:00,https://on3static.com/uploads/assets/136/216/216136.png,https://www.on3.com/db/andrew-kilfoyl-5117/,portal_industry_football_2025
Clint Stephens,S,UCLA Bruins,New Mexico Lobos,Committed,0,3.0,86.0,2411.0,145.0,2022,2025-01-13T17:07:00,https://on3static.com/uploads/assets/58/22/22058.jpeg,https://www.on3.com/db/clint-stephens-24124/,portal_industry_football_2025
Dallas Young,CB,Arkansas Razorbacks,South Alabama Jaguars,Committed,0,3.0,86.0,2412.0,195.0,2023,2025-01-01T08:35:00,https://on3static.com/uploads/assets/930/303/303930.png,https://www.on3.com/db/dallas-young-28242/,portal_industry_football_2025
Kamari Wilson,S,Arizona State Sun Devils,Memphis Tigers,Committed,0,3.0,86.0,2413.0,111.0,2022,2025-01-04T20:23:00,https://on3static.com/uploads/assets/66/183/183066.png,https://www.on3.com/db/kamari-wilson-70954/,portal_industry_football_2025
Laurance Seymore,IOL,Akron Zips,Western Kentucky Hilltoppers,Committed,0,3.0,86.0,2414.0,118.0,2021,2025-01-07T12:13:00,https://on3static.com/uploads/assets/59/172/172059.jpg,https://www.on3.com/db/laurance-seymore-78497/,portal_industry_football_2025
Jalen John,RB,Massachusetts Minutemen,Coastal Carolina Chanticleers,Committed,0,3.0,86.0,2415.0,91.0,2020,2025-01-17T10:36:00,https://on3static.com/uploads/assets/142/18/18142.jpeg,https://www.on3.com/db/jalen-john-142979/,portal_industry_football_2025
Elijha Payne,IOL,Arizona Wildcats,Delaware State Hornets,Committed,0,3.0,86.0,2416.0,143.0,2023,2024-12-30T22:39:00,https://on3static.com/uploads/assets/124/398/398124.png,https://www.on3.com/db/elijha-payne-148188/,portal_industry_football_2025
Carlos Del Rio-Wilson,QB,Syracuse Orange,Marshall Thundering Herd,Committed,0,3.0,86.0,2417.0,117.0,2021,2025-01-12T13:18:00,https://on3static.com/uploads/assets/652/15/15652.jpeg,https://www.on3.com/db/carlos-del-rio-wilson-18499/,portal_industry_football_2025
Jamaal Whyce,DL,South Carolina Gamecocks,Marshall Thundering Herd,Committed,0,3.0,86.0,2418.0,168.0,2022,2025-01-20T09:57:00,https://on3static.com/uploads/assets/73/257/257073.jpg,https://www.on3.com/db/jamaal-whyce-54775/,portal_industry_football_2025
Jake Pope,S,Georgia Bulldogs,UNLV Rebels,Committed,0,3.0,86.0,2419.0,110.0,2022,2025-01-06T19:27:00,https://on3static.com/uploads/assets/774/225/225774.jpeg,https://www.on3.com/db/jake-pope-53752/,portal_industry_football_2025
Harvey Dyson,EDGE,Texas Tech Red Raiders,Tulane Green Wave,Committed,0,3.0,86.0,2420.0,132.0,2022,2025-01-10T11:44:00,https://on3static.com/uploads/assets/619/402/402619.png,https://www.on3.com/db/harvey-dyson-47683/,portal_industry_football_2025
Rodney Hammond,RB,Pittsburgh Panthers,Sacramento State Hornets,Committed,0,3.0,86.0,2421.0,126.0,2021,2024-12-23T08:15:00,https://on3static.com/uploads/assets/364/16/16364.jpeg,https://www.on3.com/db/rodney-hammond-101708/,portal_industry_football_2025
JaSire Peterson,DL,Rutgers Scarlet Knights,UAB Blazers,Committed,0,3.0,86.0,2422.0,170.0,2023,2025-01-10T12:51:00,https://on3static.com/uploads/assets/618/304/304618.png,https://www.on3.com/db/jasire-peterson-57377/,portal_industry_football_2025
Aaris Bethea,DL,Rutgers Scarlet Knights,Rhode Island Rams,Committed,0,3.0,86.0,2423.0,173.0,2024,2025-01-20T10:38:00,https://on3static.com/uploads/assets/612/304/304612.png,https://www.on3.com/db/aaris-bethea-284/,portal_industry_football_2025
Immanuel Hickman,EDGE,USF Bulls,Virginia Tech Hokies,Committed,0,3.0,86.0,2424.0,129.0,2019,2025-05-05T21:07:00,https://on3static.com/uploads/assets/446/145/145446.jpeg,https://www.on3.com/db/immanuel-hickman-49030/,portal_industry_football_2025
Abdur-Rahmaan Yaseen,WR,USF Bulls,James Madison Dukes,Entered,0,3.0,86.0,2425.0,193.0,2020,2025-01-07T15:11:00,https://on3static.com/uploads/assets/177/168/168177.png,https://www.on3.com/db/abdur-rahmaan-yaseen-941/,portal_industry_football_2025
Jordan Poole,RB,NC State Wolfpack,Nicholls State Colonels,Committed,0,3.0,86.0,2426.0,136.0,2021,2025-05-12T11:52:00,https://on3static.com/uploads/assets/2/447/447002.png,https://www.on3.com/db/jordan-poole-65898/,portal_industry_football_2025
Justin Williams-Thomas,RB,California Golden Bears,Marshall Thundering Herd,Committed,0,3.0,86.0,2427.0,122.0,2022,2025-04-28T14:46:00,https://on3static.com/uploads/assets/863/439/439863.jpg,https://www.on3.com/db/justin-williams-thomas-69984/,portal_industry_football_2025
Jake Garcia,QB,East Carolina Pirates,Michigan Wolverines,Committed,0,3.0,86.0,2428.0,87.0,2021,2025-06-16T17:58:00,https://on3static.com/uploads/assets/829/12/12829.jpeg,https://www.on3.com/db/jake-garcia-53483/,portal_industry_football_2025
Brandon High,RB,UTSA Roadrunners,California Golden Bears,Committed,0,3.0,86.0,2429.0,104.0,2023,2025-04-25T14:26:00,https://on3static.com/uploads/assets/638/440/440638.jpg,https://www.on3.com/db/brandon-high-150026/,portal_industry_football_2025
Gavin Blackwell,WR,North Carolina Tar Heels,Florida State Seminoles,Committed,0,3.0,86.0,2430.0,203.0,2021,2025-05-04T11:57:00,https://on3static.com/uploads/dev/assets/104/10/10104.jpg,https://www.on3.com/db/gavin-blackwell-45353/,portal_industry_football_2025
Isaac Smith,EDGE,Texas Tech Red Raiders,Michigan State Spartans,Committed,0,3.0,86.0,2431.0,106.0,2021,2025-04-28T18:16:00,https://on3static.com/uploads/assets/922/15/15922.jpeg,https://www.on3.com/db/isaac-smith-49264/,portal_industry_football_2025
Shahid Barros,CB,South Dakota Coyotes,Iowa Hawkeyes,Committed,0,3.0,86.0,2432.0,168.0,2020,2025-04-25T14:57:00,https://on3static.com/uploads/assets/334/491/491334.jpg,https://www.on3.com/db/shahid-barros-106205/,portal_industry_football_2025
Makai Byerson,DL,West Virginia Mountaineers,Boston College Eagles,Committed,0,3.0,86.0,2433.0,182.0,2024,2025-05-01T14:11:00,https://on3static.com/uploads/assets/546/444/444546.png,https://www.on3.com/db/makai-byerson-151902/,portal_industry_football_2025
Anthony Simpson,WR,Massachusetts Minutemen,Michigan Wolverines,Committed,0,3.0,87.0,2434.0,97.0,2020,2025-01-12T17:27:00,https://on3static.com/uploads/assets/466/16/16466.jpeg,https://www.on3.com/db/anthony-simpson-6562/,portal_industry_football_2025
Sieh Bangura,RB,Minnesota Golden Gophers,Ohio Bobcats,Committed,0,3.0,87.0,2435.0,79.0,2021,2024-12-31T09:30:00,https://on3static.com/uploads/assets/738/264/264738.jpeg,https://www.on3.com/db/sieh-bangura-107422/,portal_industry_football_2025
Reymello Murphy,WR,Arizona Wildcats,Connecticut Huskies,Committed,0,3.0,87.0,2436.0,137.0,2021,2024-12-26T11:58:00,https://on3static.com/uploads/assets/442/469/469442.png,https://www.on3.com/db/reymello-murphy-99735/,portal_industry_football_2025
Alvin Ebosele,OT,Baylor Bears,Houston Cougars,Committed,0,3.0,85.0,2437.0,121.0,2022,2024-12-15T09:05:00,https://on3static.com/uploads/assets/77/174/174077.jpeg,https://www.on3.com/db/alvin-ebosele-4081/,portal_industry_football_2025
Trevor Timmons,IOL,Georgia State Panthers,UTSA Roadrunners,Committed,0,3.0,86.0,2438.0,121.0,2021,2024-12-25T12:55:00,https://on3static.com/uploads/assets/801/91/91801.jpg,https://www.on3.com/db/trevor-timmons-115863/,portal_industry_football_2025
Chase Farrell,WR,Stanford Cardinal,Northwestern Wildcats,Committed,0,3.0,85.0,2439.0,303.0,2024,2024-12-19T10:20:00,https://on3static.com/uploads/assets/420/394/394420.png,https://www.on3.com/db/chase-farrell-153225/,portal_industry_football_2025
Trent Jones II,EDGE,Iowa State Cyclones,Connecticut Huskies,Committed,0,3.0,85.0,2440.0,173.0,2021,2024-12-22T14:19:00,https://on3static.com/uploads/assets/14/474/474014.png,https://www.on3.com/db/trent-jones-ii-145556/,portal_industry_football_2025
Anderson Castle,RB,Appalachian State Mountaineers,Duke Blue Devils,Committed,0,3.0,85.0,2441.0,151.0,2020,2024-12-24T18:44:00,https://on3static.com/uploads/assets/47/170/170047.png,https://www.on3.com/db/anderson-castle-4424/,portal_industry_football_2025
Ja'son Prevard,CB,Morgan State Bears,Virginia Cavaliers,Committed,0,3.0,86.0,2442.0,182.0,0,2024-12-15T11:35:00,https://on3static.com/uploads/assets/140/393/393140.png,https://www.on3.com/db/jason-prevard-203546/,portal_industry_football_2025
Davonte Miles,DL,Bowling Green Falcons,South Carolina Gamecocks,Committed,0,3.0,84.0,2443.0,254.0,2022,2025-01-11T11:07:00,https://on3static.com/uploads/assets/763/404/404763.png,https://www.on3.com/db/davonte-miles-32508/,portal_industry_football_2025
Nolan Latulippe,OT,Albany Great Danes,Cincinnati Bearcats,Committed,0,3.0,85.0,2444.0,138.0,0,2024-12-17T11:54:00,https://on3static.com/uploads/assets/852/393/393852.png,https://www.on3.com/db/nolan-latulippe-218899/,portal_industry_football_2025
T.J. Crandall,CB,West Virginia Mountaineers,Oregon State Beavers,Committed,0,3.0,85.0,2445.0,223.0,2023,2024-12-20T14:22:00,https://on3static.com/uploads/assets/95/305/305095.png,https://www.on3.com/db/tj-crandall-113084/,portal_industry_football_2025
Cody Hardy,TE,Elon Phoenix,NC State Wolfpack,Committed,0,3.0,85.0,2446.0,121.0,2022,2024-12-20T16:34:00,https://on3static.com/uploads/assets/781/392/392781.png,https://www.on3.com/db/cody-hardy-246980/,portal_industry_football_2025
Lucas Austin,OT,West Virginia Mountaineers,Virginia Tech Hokies,Committed,0,3.0,85.0,2447.0,149.0,2024,2025-01-06T15:55:00,https://on3static.com/uploads/assets/666/396/396666.jpg,https://www.on3.com/db/lucas-austin-179779/,portal_industry_football_2025
Favor Bate,LB,Merrimack Warriors,Boston College Eagles,Committed,0,3.0,86.0,2448.0,116.0,2024,2024-12-24T22:42:00,https://on3static.com/uploads/assets/563/188/188563.png,https://www.on3.com/db/favor-bate-178108/,portal_industry_football_2025
Tyrik McDaniel,S,Indiana Hoosiers,,Entered,0,3.0,85.0,2449.0,191.0,2020,2024-10-01T07:58:00,https://on3static.com/uploads/assets/761/35/35761.jpeg,https://www.on3.com/db/tyrik-mcdaniel-118694/,portal_industry_football_2025
John Bock,IOL,FIU Golden Panthers,Tulane Green Wave,Committed,0,3.0,85.0,2450.0,162.0,2022,2024-12-12T16:19:00,https://on3static.com/uploads/assets/80/26/26080.png,https://www.on3.com/db/john-bock-149914/,portal_industry_football_2025
Gabe Ervin Jr.,RB,Nebraska Cornhuskers,Kansas State Wildcats,Committed,0,3.0,85.0,2451.0,157.0,2021,2025-01-03T16:36:00,https://on3static.com/uploads/assets/942/339/339942.png,https://www.on3.com/db/gabe-ervin-jr-44498/,portal_industry_football_2025
Justin Wolf,TE,Kansas State Wildcats,Western Kentucky Hilltoppers,Committed,0,3.0,85.0,2452.0,109.0,2020,2025-01-08T13:30:00,https://on3static.com/uploads/assets/72/389/389072.png,https://www.on3.com/db/justin-wolf-246777/,portal_industry_football_2025
David Fisher,CB,Sam Houston State Bearkats,North Texas Mean Green,Committed,0,3.0,87.0,2453.0,108.0,2021,2024-12-21T15:29:00,https://on3static.com/uploads/assets/605/181/181605.png,https://www.on3.com/db/david-fisher-31660/,portal_industry_football_2025
Gavin Harris,TE,Central Michigan Chippewas,New Mexico State Aggies,Committed,0,3.0,85.0,2454.0,104.0,2023,2024-12-04T17:19:00,https://on3static.com/uploads/assets/174/390/390174.png,https://www.on3.com/db/gavin-harris-246882/,portal_industry_football_2025
S'Maje Burrell,LB,Sam Houston State Bearkats,North Texas Mean Green,Committed,0,3.0,86.0,2455.0,158.0,2023,2024-12-23T15:55:00,https://on3static.com/uploads/assets/835/207/207835.jpeg,https://www.on3.com/db/smaje-burrell-147215/,portal_industry_football_2025
Terron Kellman,RB,Charlotte 49ers,Wyoming Cowboys,Committed,0,3.0,85.0,2456.0,154.0,2022,2025-01-06T20:41:00,https://on3static.com/uploads/assets/308/319/319308.png,https://www.on3.com/db/terron-kellman-111790/,portal_industry_football_2025
Richard Outland,DL,Sam Houston State Bearkats,North Texas Mean Green,Committed,0,3.0,84.0,2457.0,260.0,2020,2024-12-23T15:57:00,https://on3static.com/uploads/assets/643/181/181643.png,https://www.on3.com/db/richard-outland-100025/,portal_industry_football_2025
Noah Biglow,CB,Pittsburgh Panthers,Louisiana Tech Bulldogs,Committed,0,3.0,83.0,2458.0,312.0,2021,2024-12-15T11:51:00,https://on3static.com/uploads/assets/367/16/16367.jpeg,https://www.on3.com/db/noah-biglow-93534/,portal_industry_football_2025
Sam Huard,QB,Utah Utes,USC Trojans,Committed,0,3.0,85.0,2459.0,139.0,2021,2025-01-06T16:44:00,https://on3static.com/uploads/assets/137/391/391137.jpg,https://www.on3.com/db/sam-huard-143482/,portal_industry_football_2025
Evan Dickens,RB,Georgia Tech Yellow Jackets,Liberty Flames,Committed,0,3.0,84.0,2460.0,191.0,2023,2025-01-01T11:31:00,https://on3static.com/uploads/assets/507/333/333507.png,https://www.on3.com/db/evan-dickens-43236/,portal_industry_football_2025
Tristan Bounds,IOL,Michigan Wolverines,Arizona Wildcats,Committed,614938,3.0,85.0,2461.0,161.0,2021,2024-12-22T19:15:00,https://on3static.com/uploads/assets/256/18/18256.jpeg,https://www.on3.com/db/tristan-bounds-116397/,portal_industry_football_2025
Gabe Moore,DL,Mississippi State Bulldogs,Nebraska Cornhuskers,Committed,0,3.0,85.0,2462.0,202.0,2023,2024-12-19T10:46:00,https://on3static.com/uploads/assets/882/222/222882.png,https://www.on3.com/db/gabe-moore-156798/,portal_industry_football_2025
Micah Bell,WR,Vanderbilt Commodores,Georgia Bulldogs,Committed,0,3.0,86.0,2463.0,211.0,2023,2025-01-08T12:33:00,https://on3static.com/uploads/assets/847/235/235847.jpeg,https://www.on3.com/db/micah-bell-87130/,portal_industry_football_2025
Mackavelli Malotumau,DL,Nevada Wolf Pack,Western Kentucky Hilltoppers,Committed,0,3.0,86.0,2464.0,141.0,2022,2025-01-11T15:56:00,,https://www.on3.com/db/mackavelli-malotumau-81198/,portal_industry_football_2025
Jadon Thompson,WR,Louisville Cardinals,Memphis Tigers,Committed,0,3.0,86.0,2465.0,164.0,2020,2025-01-07T15:03:00,https://on3static.com/uploads/dev/assets/419/10/10419.jpg,https://www.on3.com/db/jadon-thompson-52757/,portal_industry_football_2025
Jimmy Calloway,WR,Louisville Cardinals,Tulane Green Wave,Committed,0,3.0,85.0,2466.0,292.0,2020,2024-12-21T20:59:00,https://on3static.com/uploads/dev/assets/803/4/4803.jpg,https://www.on3.com/db/jimmy-calloway-61689/,portal_industry_football_2025
Jaelen Smith,WR,Michigan State Spartans,UTSA Roadrunners,Committed,0,3.0,84.0,2468.0,343.0,2023,2024-12-18T16:52:00,https://on3static.com/uploads/assets/108/235/235108.png,https://www.on3.com/db/jaelen-smith-158597/,portal_industry_football_2025
Wyatt Sullivan,TE,Florida Atlantic Owls,USF Bulls,Committed,0,3.0,86.0,2469.0,75.0,2022,2024-12-11T17:45:00,https://on3static.com/uploads/assets/125/26/26125.png,https://www.on3.com/db/wyatt-sullivan-121843/,portal_industry_football_2025
Gunner Givens,DL,Virginia Tech Hokies,Vanderbilt Commodores,Committed,0,3.0,85.0,2470.0,241.0,2022,2024-12-17T13:23:00,https://on3static.com/uploads/assets/46/72/72046.jpg,https://www.on3.com/db/gunner-givens-47233/,portal_industry_football_2025
Brandon White,WR,Kentucky Wildcats,Hawaii Rainbow Warriors,Committed,0,3.0,85.0,2471.0,279.0,2022,2024-12-28T12:14:00,https://on3static.com/uploads/assets/268/222/222268.png,https://www.on3.com/db/brandon-white-13301/,portal_industry_football_2025
Max Alford,LB,Utah State Aggies,BYU Cougars,Committed,0,3.0,84.0,2472.0,197.0,2022,2025-01-01T09:39:00,https://on3static.com/uploads/assets/471/221/221471.jpg,https://www.on3.com/db/max-alford-86545/,portal_industry_football_2025
Kam Franklin,S,Oklahoma State Cowboys,Louisiana Tech Bulldogs,Committed,0,3.0,86.0,2473.0,152.0,2023,2024-12-21T10:11:00,https://on3static.com/uploads/assets/580/226/226580.png,https://www.on3.com/db/kam-franklin-70875/,portal_industry_football_2025
Christopher Bracy,S,UAB Blazers,Memphis Tigers,Committed,0,3.0,84.0,2474.0,215.0,2023,2025-01-01T10:32:00,https://on3static.com/uploads/assets/776/392/392776.png,https://www.on3.com/db/christopher-bracy-151300/,portal_industry_football_2025
Jonas Duclona,CB,Wisconsin Badgers,USF Bulls,Committed,0,3.0,85.0,2475.0,243.0,2023,2024-12-17T12:11:00,https://on3static.com/uploads/assets/138/222/222138.png,https://www.on3.com/db/jonas-duclona-64489/,portal_industry_football_2025
Vincent Carroll-Jackson,DL,Nebraska Cornhuskers,Connecticut Huskies,Committed,0,3.0,85.0,2476.0,230.0,2023,2024-12-17T21:53:00,https://on3static.com/uploads/assets/553/473/473553.png,https://www.on3.com/db/vincent-carroll-jackson-162647/,portal_industry_football_2025
CJ Doggette Jr.,DL,Ohio Bobcats,Florida Atlantic Owls,Committed,0,3.0,86.0,2477.0,155.0,2022,2025-01-10T16:20:00,https://on3static.com/uploads/assets/381/226/226381.png,https://www.on3.com/db/cj-doggette-jr-23593/,portal_industry_football_2025
Frank Cusano,LB,Washington State Cougars,Wake Forest Demon Deacons,Committed,0,3.0,84.0,2478.0,218.0,2024,2025-01-07T09:14:00,https://on3static.com/uploads/assets/261/401/401261.jpg,https://www.on3.com/db/frank-cusano-156668/,portal_industry_football_2025
Key Crowell,CB,Indianapolis Greyhounds,East Carolina Pirates,Committed,0,3.0,84.0,2479.0,336.0,2024,2025-01-05T16:42:00,https://on3static.com/uploads/assets/760/397/397760.png,https://www.on3.com/db/key-crowell-178690/,portal_industry_football_2025
Michael Bumpus,DL,Brown Bears,Boston College Eagles,Committed,0,3.0,85.0,2480.0,207.0,2021,2024-12-30T12:03:00,https://on3static.com/uploads/assets/950/397/397950.png,https://www.on3.com/db/michael-bumpus-247683/,portal_industry_football_2025
Kylan Salter,LB,TCU Horned Frogs,Colorado Buffaloes,Committed,0,3.0,85.0,2481.0,171.0,2023,2025-01-06T16:07:00,https://on3static.com/uploads/assets/774/398/398774.png,https://www.on3.com/db/kylan-salter-76354/,portal_industry_football_2025
Trip White,LB,Ole Miss Rebels,Oklahoma State Cowboys,Committed,0,3.0,84.0,2482.0,225.0,2022,2025-01-09T14:14:00,https://on3static.com/uploads/assets/815/21/21815.jpeg,https://www.on3.com/db/trip-white-59163/,portal_industry_football_2025
Chuck Nnaeto,DL,Elon Phoenix,Boston College Eagles,Committed,0,3.0,86.0,2483.0,103.0,2022,2024-12-20T22:55:00,https://on3static.com/uploads/assets/863/402/402863.png,https://www.on3.com/db/chuck-nnaeto-248385/,portal_industry_football_2025
Martin Owusu,DL,Minnesota Golden Gophers,Fresno State Bulldogs,Committed,0,3.0,84.0,2484.0,276.0,2023,2025-01-12T14:46:00,https://on3static.com/uploads/assets/300/403/403300.png,https://www.on3.com/db/martin-owusu-84513/,portal_industry_football_2025
Fran Brown Jr.,LB,Saint Francis (PA) Red Flash,Syracuse Orange,Committed,0,3.0,85.0,2485.0,181.0,2023,2024-12-19T10:41:00,https://on3static.com/uploads/assets/30/404/404030.png,https://www.on3.com/db/fran-brown-jr-162878/,portal_industry_football_2025
Tyrece Mills,S,Penn State Nittany Lions,Connecticut Huskies,Committed,0,3.0,85.0,2487.0,175.0,2020,2025-01-28T15:14:00,https://on3static.com/uploads/assets/485/469/469485.png,https://www.on3.com/db/tyrece-mills-118397/,portal_industry_football_2025
Soni Finau,DL,Cal Poly Mustangs,Washington State Cougars,Committed,0,3.0,85.0,2488.0,238.0,2022,2025-01-08T12:13:00,https://on3static.com/uploads/assets/703/404/404703.png,https://www.on3.com/db/soni-finau-147381/,portal_industry_football_2025
JR Lecuona,DL,South Dakota State Jackrabbits,Washington State Cougars,Committed,0,3.0,83.0,2489.0,304.0,2024,2025-01-06T13:20:00,https://on3static.com/uploads/assets/731/404/404731.png,https://www.on3.com/db/jr-lecuona-177586/,portal_industry_football_2025
Nick Bakken,OT,South Dakota State Jackrabbits,Washington State Cougars,Committed,0,3.0,84.0,2490.0,184.0,2024,2025-01-08T12:20:00,https://on3static.com/uploads/assets/706/404/404706.png,https://www.on3.com/db/nick-bakken-248513/,portal_industry_football_2025
Darrell Jones,IOL,Bowie State Bulldogs,UTSA Roadrunners,Committed,0,3.0,84.0,2491.0,201.0,2022,2024-12-15T16:59:00,,https://www.on3.com/db/darrell-jones-248819/,portal_industry_football_2025
Justin Holmes,TE,Marshall Thundering Herd,Pittsburgh Panthers,Committed,0,3.0,84.0,2492.0,144.0,2022,2025-04-24T16:02:00,https://on3static.com/uploads/assets/535/435/435535.jpg,https://www.on3.com/db/justin-holmes-149972/,portal_industry_football_2025
Bailey Benson,LB,Wake Forest Demon Deacons,NC State Wolfpack,Committed,0,3.0,84.0,2493.0,199.0,2025,2025-05-11T14:27:00,https://on3static.com/uploads/assets/655/306/306655.jpg,https://www.on3.com/db/bailey-benson-158152/,portal_industry_football_2025
Zachariah Keith,DL,West Virginia Mountaineers,Southern Miss Golden Eagles,Committed,0,3.0,84.0,2494.0,262.0,2023,2025-04-17T16:16:00,https://on3static.com/uploads/assets/127/305/305127.png,https://www.on3.com/db/zachariah-keith-146257/,portal_industry_football_2025
Ja'Den McBurrows,CB,Michigan Wolverines,Appalachian State Mountaineers,Committed,0,3.0,84.0,2495.0,292.0,2021,2025-05-13T09:05:00,https://on3static.com/uploads/assets/250/18/18250.jpeg,https://www.on3.com/db/jaden-mcburrows-50610/,portal_industry_football_2025
Cameren Fleming,S,Virginia Tech Hokies,Appalachian State Mountaineers,Committed,0,3.0,85.0,2497.0,209.0,2023,2025-04-27T09:24:00,https://on3static.com/uploads/assets/682/221/221682.png,https://www.on3.com/db/cameren-fleming-151655/,portal_industry_football_2025
Joshua Singh,DL,BYU Cougars,Vanderbilt Commodores,Committed,0,3.0,83.0,2498.0,312.0,2021,2025-04-30T18:21:00,https://on3static.com/uploads/assets/911/73/73911.jpg,https://www.on3.com/db/joshua-singh-68091/,portal_industry_football_2025
Richie Munoz,QB,Incarnate Word Cardinals,Tennessee Tech Golden Eagles,Committed,0,3.0,85.0,2500.0,140.0,2023,2025-05-13T15:21:00,https://on3static.com/uploads/assets/610/442/442610.png,https://www.on3.com/db/richie-munoz-100127/,portal_industry_football_2025
Diondre Glover,CB,Gardner-Webb Runnin' Bulldogs,Connecticut Huskies,Committed,0,3.0,85.0,2503.0,212.0,2020,2025-05-02T17:52:00,https://on3static.com/uploads/assets/514/469/469514.png,https://www.on3.com/db/diondre-glover-37167/,portal_industry_football_2025
Jayden Studio,LB,Kent State Golden Flashes,James Madison Dukes,Committed,0,3.0,82.0,2504.0,285.0,2024,2025-05-05T09:35:00,https://on3static.com/uploads/assets/685/445/445685.png,https://www.on3.com/db/jayden-studio-236304/,portal_industry_football_2025
Tristan Monday,DL,Arizona State Sun Devils,,Entered,0,3.0,85.0,2505.0,220.0,2022,2024-12-10T13:45:00,https://on3static.com/uploads/assets/703/373/373703.png,https://www.on3.com/db/tristan-monday-116439/,portal_industry_football_2025
Aiden Gobaira,EDGE,Notre Dame Fighting Irish,James Madison Dukes,Committed,0,3.0,86.0,2506.0,118.0,2022,2025-01-04T15:15:00,https://on3static.com/uploads/assets/887/235/235887.jpeg,https://www.on3.com/db/aiden-gobaira-2072/,portal_industry_football_2025
Tim Malo,S,Brown Bears,Hawaii Rainbow Warriors,Committed,0,3.0,85.0,2507.0,193.0,2021,2025-01-03T13:28:00,https://on3static.com/uploads/assets/386/376/376386.png,https://www.on3.com/db/tim-malo-112757/,portal_industry_football_2025
Kaven Call,EDGE,UCF Knights,East Tennessee State Buccaneers,Committed,0,3.0,86.0,2508.0,137.0,2023,2024-12-29T15:49:00,https://on3static.com/uploads/assets/856/370/370856.jpg,https://www.on3.com/db/kaven-call-71486/,portal_industry_football_2025
Jonathan Harder,OT,Cincinnati Bearcats,Toledo Rockets,Committed,0,3.0,84.0,2509.0,172.0,2022,2024-12-28T11:16:00,https://on3static.com/uploads/assets/408/226/226408.png,https://www.on3.com/db/jonathan-harder-64696/,portal_industry_football_2025
Josiah Jackson,CB,West Virginia Mountaineers,,Entered,0,3.0,86.0,2510.0,153.0,2023,2024-12-02T15:20:00,https://on3static.com/uploads/assets/93/305/305093.png,https://www.on3.com/db/josiah-jackson-151281/,portal_industry_football_2025
Noah Kim,QB,Coastal Carolina Chanticleers,Eastern Michigan Eagles,Committed,0,3.0,86.0,2511.0,114.0,2020,2025-01-05T20:19:00,https://on3static.com/uploads/assets/115/235/235115.png,https://www.on3.com/db/noah-kim-93639/,portal_industry_football_2025
Cardell Williams,QB,Tulsa Golden Hurricane,Sacramento State Hornets,Committed,0,3.0,86.0,2512.0,106.0,2022,2024-12-22T22:18:00,https://on3static.com/uploads/assets/813/571/571813.png,https://www.on3.com/db/cardell-williams-18320/,portal_industry_football_2025
Rocky Beers,TE,FIU Golden Panthers,Colorado State Rams,Committed,0,3.0,86.0,2513.0,89.0,2022,2024-12-12T16:59:00,https://on3static.com/uploads/assets/90/347/347090.png,https://www.on3.com/db/rocky-beers-245343/,portal_industry_football_2025
AJ Odums,CB,UTEP Miners,Nevada Wolf Pack,Committed,0,3.0,86.0,2514.0,155.0,2020,,https://on3static.com/uploads/assets/316/389/389316.png,https://www.on3.com/db/aj-odums-2207/,portal_industry_football_2025
Jacob Merrifield,EDGE,Florida Atlantic Owls,USF Bulls,Committed,0,3.0,86.0,2515.0,141.0,2021,2024-12-14T18:53:00,https://on3static.com/uploads/assets/246/217/217246.png,https://www.on3.com/db/jacob-merrifield-52090/,portal_industry_football_2025
Thai Baldwin,CB,Ball State Cardinals,Charlotte 49ers,Committed,0,3.0,86.0,2516.0,191.0,2021,2025-01-11T14:17:00,https://on3static.com/uploads/assets/119/390/390119.png,https://www.on3.com/db/thai-baldwin-112111/,portal_industry_football_2025
Brady Drogosh,QB,Cincinnati Bearcats,Grand Valley State Lakers,Committed,0,3.0,86.0,2517.0,109.0,2023,2024-12-20T12:37:00,https://on3static.com/uploads/assets/360/226/226360.png,https://www.on3.com/db/brady-drogosh-151082/,portal_industry_football_2025
Kaian Roberts-Day,EDGE,Baylor Bears,UTSA Roadrunners,Committed,0,3.0,86.0,2518.0,148.0,2022,2024-12-17T07:53:00,https://on3static.com/uploads/assets/62/174/174062.jpeg,https://www.on3.com/db/kaian-roberts-day-70563/,portal_industry_football_2025
Jonah Wilson,WR,Houston Cougars,Texas A&M Aggies,Committed,0,3.0,86.0,2519.0,177.0,2023,2025-01-14T16:09:00,https://on3static.com/uploads/assets/364/223/223364.png,https://www.on3.com/db/jonah-wilson-64480/,portal_industry_football_2025
Ethan Day,EDGE,Wyoming Cowboys,North Texas Mean Green,Committed,0,3.0,86.0,2520.0,155.0,2022,2025-01-06T19:37:00,https://on3static.com/uploads/assets/145/401/401145.png,https://www.on3.com/db/ethan-day-175912/,portal_industry_football_2025
Brendan Doyle,TE,Memphis Tigers,Stanford Cardinal,Committed,0,3.0,86.0,2521.0,67.0,2021,2025-01-07T12:54:00,https://on3static.com/uploads/assets/581/214/214581.jpeg,https://www.on3.com/db/brendan-doyle-177211/,portal_industry_football_2025
Jayden McGowan,WR,Boston College Eagles,Charlotte 49ers,Committed,0,3.0,86.0,2522.0,195.0,2022,2025-01-09T20:28:00,https://on3static.com/uploads/assets/664/267/267664.jpg,https://www.on3.com/db/jayden-mcgowan-58675/,portal_industry_football_2025
Walker Harris,DL,Southern Utah Thunderbirds,Oregon State Beavers,Committed,0,3.0,86.0,2523.0,128.0,2020,2024-12-19T14:51:00,https://on3static.com/uploads/assets/152/404/404152.png,https://www.on3.com/db/walker-harris-248487/,portal_industry_football_2025
Oliver Billotte,DL,Kent State Golden Flashes,Rutgers Scarlet Knights,Committed,0,3.0,86.0,2524.0,112.0,2022,2025-04-26T11:24:00,https://on3static.com/uploads/assets/859/495/495859.png,https://www.on3.com/db/oliver-billotte-147356/,portal_industry_football_2025
Isaiah Alston,WR,Iowa State Cyclones,James Madison Dukes,Committed,0,3.0,86.0,2525.0,181.0,2019,2025-04-28T15:18:00,https://on3static.com/uploads/assets/72/268/268072.png,https://www.on3.com/db/isaiah-alston-179989/,portal_industry_football_2025
Qua Ashley,RB,Kennesaw State Owls,Ball State Cardinals,Committed,0,3.0,85.0,2527.0,169.0,2022,2024-12-15T12:32:00,https://on3static.com/uploads/assets/459/381/381459.png,https://www.on3.com/db/qua-ashley-246660/,portal_industry_football_2025
Alvin Gulley,DL,Yale Bulldogs,Northern Illinois Huskies,Committed,0,3.0,85.0,2528.0,204.0,2021,2024-12-01T14:32:00,https://on3static.com/uploads/assets/230/386/386230.png,https://www.on3.com/db/alvin-gulley-4085/,portal_industry_football_2025
Daejon Reynolds,WR,Pittsburgh Panthers,UNLV Rebels,Committed,0,3.0,85.0,2529.0,287.0,2021,2025-01-13T12:40:00,https://on3static.com/uploads/assets/643/15/15643.jpeg,https://www.on3.com/db/daejon-reynolds-27830/,portal_industry_football_2025
Jayden Gray,DL,Louisiana Tech Bulldogs,Western Kentucky Hilltoppers,Committed,0,3.0,85.0,2530.0,209.0,2021,2024-12-24T16:10:00,https://on3static.com/uploads/assets/824/15/15824.jpeg,https://www.on3.com/db/jayden-gray-58651/,portal_industry_football_2025
Ashton Whitner,S,Old Dominion Monarchs,Ball State Cardinals,Committed,0,3.0,85.0,2531.0,199.0,2022,2024-12-20T14:14:00,https://on3static.com/uploads/assets/589/340/340589.png,https://www.on3.com/db/ashton-whitner-7943/,portal_industry_football_2025
Reid Mikeska,TE,South Carolina Gamecocks,Florida Atlantic Owls,Committed,0,3.0,85.0,2532.0,118.0,2023,2024-12-18T21:00:00,https://on3static.com/uploads/assets/92/257/257092.jpg,https://www.on3.com/db/reid-mikeska-149708/,portal_industry_football_2025
Kaden Beatty,DL,Kent State Golden Flashes,Washington State Cougars,Committed,0,3.0,85.0,2533.0,213.0,2023,2025-01-25T13:21:00,https://on3static.com/uploads/assets/818/72/72818.png,https://www.on3.com/db/kaden-beatty-154197/,portal_industry_football_2025
Ishmael Ibraheem,CB,Marshall Thundering Herd,Southern Miss Golden Eagles,Committed,0,3.0,85.0,2534.0,248.0,2021,2024-12-20T21:35:00,https://on3static.com/uploads/assets/904/15/15904.jpeg,https://www.on3.com/db/ishmael-ibraheem-144282/,portal_industry_football_2025
James Faminu,OT,Temple Owls,UNLV Rebels,Committed,0,3.0,85.0,2535.0,132.0,2020,2025-01-10T15:05:00,https://on3static.com/uploads/assets/3/25/25003.jpeg,https://www.on3.com/db/james-faminu-55535/,portal_industry_football_2025
Elijah Davis,DL,South Carolina Gamecocks,Troy Trojans,Committed,0,3.0,85.0,2536.0,232.0,2021,2025-01-19T17:22:00,https://on3static.com/uploads/assets/987/256/256987.png,https://www.on3.com/db/elijah-davis-41147/,portal_industry_football_2025
Khamari Terrell,CB,Oregon Ducks,Texas State Bobcats,Committed,0,3.0,85.0,2537.0,249.0,2022,2025-01-09T08:19:00,https://on3static.com/uploads/assets/897/93/93897.jpeg,https://www.on3.com/db/khamari-terrell-147704/,portal_industry_football_2025
Kai Wallin,EDGE,Nebraska Cornhuskers,Oregon State Beavers,Committed,0,3.0,85.0,2538.0,171.0,2022,2024-12-22T15:46:00,https://on3static.com/uploads/assets/405/350/350405.png,https://www.on3.com/db/kai-wallin-162694/,portal_industry_football_2025
Frankie Tinilau,IOL,Miami Hurricanes,East Tennessee State Buccaneers,Committed,0,3.0,85.0,2539.0,152.0,2023,2025-05-21T12:19:00,https://on3static.com/uploads/assets/561/222/222561.jpg,https://www.on3.com/db/frankie-tinilau-44138/,portal_industry_football_2025
Garrison Butler,DL,Cincinnati Bearcats,Appalachian State Mountaineers,Committed,0,3.0,85.0,2540.0,203.0,2024,2025-01-07T15:06:00,https://on3static.com/uploads/assets/587/401/401587.png,https://www.on3.com/db/garrison-butler-150702/,portal_industry_football_2025
Dylan Shaw,OT,Texas Tech Red Raiders,North Texas Mean Green,Committed,0,3.0,85.0,2541.0,117.0,2023,2025-04-29T13:29:00,https://on3static.com/uploads/assets/919/51/51919.jpg,https://www.on3.com/db/dylan-shaw-151161/,portal_industry_football_2025
Keyon Washington,CB,West Virginia Mountaineers,Bowling Green Falcons,Committed,0,3.0,85.0,2542.0,236.0,2024,2025-04-25T09:12:00,https://on3static.com/uploads/assets/921/334/334921.png,https://www.on3.com/db/keyon-washington-163389/,portal_industry_football_2025
Saadiq Clements,DL,Louisville Cardinals,North Texas Mean Green,Committed,0,3.0,85.0,2543.0,223.0,2023,2025-05-05T11:40:00,https://on3static.com/uploads/assets/225/223/223225.png,https://www.on3.com/db/saadiq-clements-147168/,portal_industry_football_2025
Justin Lamson,QB,Stanford Cardinal,Bowling Green Falcons,Committed,0,3.0,85.0,2545.0,141.0,2021,2025-01-15T07:52:00,https://on3static.com/uploads/assets/866/17/17866.jpeg,https://www.on3.com/db/justin-lamson-69493/,portal_industry_football_2025
Jayden Denegal,QB,Michigan Wolverines,San Diego State Aztecs,Committed,0,3.0,86.0,2546.0,105.0,2022,2024-12-19T08:48:00,https://on3static.com/uploads/assets/199/23/23199.JPG,https://www.on3.com/db/jayden-denegal-58638/,portal_industry_football_2025
Kaiden Arnold,OT,Jacksonville State Gamecocks,UCLA Bruins,Committed,0,3.0,84.0,2547.0,179.0,2023,2025-01-07T20:27:00,https://on3static.com/uploads/assets/568/401/401568.png,https://www.on3.com/db/kaiden-arnold-154881/,portal_industry_football_2025
Joe Crocker,OT,Louisville Cardinals,Baylor Bears,Committed,0,3.0,85.0,2548.0,140.0,2023,2024-12-18T11:57:00,https://on3static.com/uploads/assets/228/223/223228.png,https://www.on3.com/db/joe-crocker-62101/,portal_industry_football_2025
Elijah Hughes,DL,USC Trojans,Notre Dame Fighting Irish,Committed,0,3.0,85.0,2549.0,193.0,2023,2025-01-11T16:52:00,https://on3static.com/uploads/assets/939/218/218939.png,https://www.on3.com/db/elijah-hughes-152945/,portal_industry_football_2025
Jarod Bowie,WR,Jacksonville State Gamecocks,West Virginia Mountaineers,Committed,0,3.0,83.0,2550.0,406.0,2021,2024-12-23T14:00:00,https://on3static.com/uploads/assets/226/395/395226.png,https://www.on3.com/db/jarod-bowie-247308/,portal_industry_football_2025
C.J. Smith,WR,Purdue Boilermakers,Memphis Tigers,Committed,0,3.0,85.0,2551.0,297.0,2022,2025-01-08T14:27:00,https://on3static.com/uploads/assets/889/343/343889.png,https://www.on3.com/db/cj-smith-19941/,portal_industry_football_2025
J.T. Byrne,TE,California Golden Bears,Georgia Tech Yellow Jackets,Committed,0,3.0,84.0,2552.0,146.0,2021,2024-12-20T23:42:00,https://on3static.com/uploads/assets/349/168/168349.png,https://www.on3.com/db/jt-byrne-50529/,portal_industry_football_2025
Zeke Moore,TE,Florida Atlantic Owls,Boston College Eagles,Committed,0,3.0,85.0,2553.0,98.0,2023,2024-12-16T22:45:00,https://on3static.com/uploads/assets/243/217/217243.png,https://www.on3.com/db/zeke-moore-153397/,portal_industry_football_2025
Jaekwon Bouldin,OT,Purdue Boilermakers,Mississippi State Bulldogs,Committed,0,3.0,84.0,2554.0,182.0,2022,2025-04-22T12:17:00,https://on3static.com/uploads/assets/489/343/343489.png,https://www.on3.com/db/jaekwon-bouldin-238533/,portal_industry_football_2025
Malcolm Greene,CB,Virginia Cavaliers,,Entered,0,3.0,86.0,2555.0,144.0,2020,2024-12-03T14:36:00,https://on3static.com/uploads/assets/752/17/17752.jpeg,https://www.on3.com/db/malcolm-greene-81562/,portal_industry_football_2025
Antonio Tripp,IOL,Miami Hurricanes,FIU Golden Panthers,Committed,0,3.0,86.0,2556.0,138.0,2023,2025-01-06T12:53:00,https://on3static.com/uploads/assets/562/222/222562.jpg,https://www.on3.com/db/antonio-tripp-7114/,portal_industry_football_2025
Jack Nickel,TE,UAB Blazers,Miami Hurricanes,Committed,0,3.0,85.0,2557.0,102.0,2022,2025-01-10T12:38:00,https://on3static.com/uploads/assets/250/235/235250.png,https://www.on3.com/db/jack-nickel-51251/,portal_industry_football_2025
Jay'Quan Bostic,S,Toledo Rockets,Bowling Green Falcons,Committed,0,3.0,84.0,2558.0,220.0,2024,2024-12-25T10:26:00,https://on3static.com/uploads/assets/340/147/147340.png,https://www.on3.com/db/jayquan-bostic-156850/,portal_industry_football_2025
Noah Lugo,QB,BYU Cougars,UTSA Roadrunners,Committed,0,3.0,84.0,2559.0,170.0,2024,2025-01-09T17:43:00,https://on3static.com/uploads/assets/101/334/334101.png,https://www.on3.com/db/noah-lugo-175650/,portal_industry_football_2025
AJ Hasson,IOL,Washington State Cougars,Wake Forest Demon Deacons,Committed,0,3.0,83.0,2560.0,216.0,2024,2025-01-02T12:23:00,https://on3static.com/uploads/assets/296/399/399296.png,https://www.on3.com/db/aj-hasson-174753/,portal_industry_football_2025
TJ McWilliams,WR,Minnesota Golden Gophers,Louisville Cardinals,Committed,0,3.0,84.0,2561.0,323.0,2023,2025-01-01T11:32:00,https://on3static.com/uploads/assets/735/397/397735.jpg,https://www.on3.com/db/tj-mcwilliams-151356/,portal_industry_football_2025
Tyclean Luman,EDGE,Rutgers Scarlet Knights,Florida Atlantic Owls,Committed,0,3.0,86.0,2562.0,146.0,2024,2025-01-10T15:38:00,https://on3static.com/uploads/assets/100/78/78100.jpg,https://www.on3.com/db/tyclean-luman-152399/,portal_industry_football_2025
Rocko Griffin,RB,UTSA Roadrunners,,Entered,0,3.0,86.0,2563.0,133.0,2020,2024-10-14T14:22:00,https://on3static.com/uploads/assets/771/15/15771.jpeg,https://www.on3.com/db/rocko-griffin-101487/,portal_industry_football_2025
Damion Miller,S,Southern Miss Golden Eagles,,Entered,0,3.0,84.0,2564.0,227.0,2024,2024-10-23T15:12:00,https://on3static.com/uploads/assets/27/371/371027.png,https://www.on3.com/db/damion-miller-155985/,portal_industry_football_2025
J’Shun Bodiford,OT,Middle Tennessee State Blue Raiders,,Entered,0,3.0,83.0,2565.0,197.0,2019,2024-11-13T15:32:00,https://on3static.com/uploads/assets/101/381/381101.png,https://www.on3.com/db/jshun-bodiford-70183/,portal_industry_football_2025
Braden Bohannon,QB,Kennesaw State Owls,,Entered,0,3.0,83.0,2566.0,189.0,2022,2024-11-13T16:27:00,https://on3static.com/uploads/assets/503/381/381503.jpg,https://www.on3.com/db/braden-bohannon-197426/,portal_industry_football_2025
Marcus Williams,OT,TCU Horned Frogs,,Entered,0,3.0,83.0,2567.0,200.0,2019,2024-11-12T16:29:00,https://on3static.com/uploads/assets/823/379/379823.png,https://www.on3.com/db/marcus-williams-83101/,portal_industry_football_2025
Tamatoa Falatea,WR,Princeton Tigers,,Entered,0,3.0,83.0,2568.0,432.0,2019,2024-11-11T15:08:00,https://on3static.com/uploads/assets/81/379/379081.png,https://www.on3.com/db/tamatoa-falatea-109980/,portal_industry_football_2025
Five Hamilton,CB,Kennesaw State Owls,,Entered,0,3.0,83.0,2569.0,310.0,2023,2024-11-15T12:45:00,https://on3static.com/uploads/assets/701/381/381701.jpg,https://www.on3.com/db/five-hamilton-246665/,portal_industry_football_2025
Bralyn Oliver,S,Florida A&M Rattlers,,Entered,0,3.0,83.0,2570.0,252.0,2021,2024-11-22T10:36:00,https://on3static.com/uploads/assets/422/384/384422.jpg,https://www.on3.com/db/bralyn-oliver-12012/,portal_industry_football_2025
Jordan Jefferson,RB,Southern Utah Thunderbirds,,Entered,0,3.0,83.0,2571.0,218.0,2020,2024-11-21T12:33:00,https://on3static.com/uploads/assets/158/384/384158.jpg,https://www.on3.com/db/jordan-jefferson-160623/,portal_industry_football_2025
Devin Gandy,WR,Sacramento State Hornets,Louisiana Tech Bulldogs,Committed,0,3.0,84.0,2572.0,345.0,2020,2025-01-23T10:04:00,https://on3static.com/uploads/assets/392/386/386392.jpg,https://www.on3.com/db/devin-gandy-36015/,portal_industry_football_2025
Michael Appel,QB,Valparaiso Beacons,Duke Blue Devils,Committed,0,3.0,83.0,2574.0,195.0,2021,,https://on3static.com/uploads/assets/602/386/386602.jpg,https://www.on3.com/db/michael-appel-232501/,portal_industry_football_2025
Jonah Chong,QB,Northern Colorado Bears,,Entered,0,3.0,83.0,2575.0,196.0,2020,2024-11-25T16:46:00,https://on3static.com/uploads/assets/393/386/386393.jpg,https://www.on3.com/db/jonah-chong-64433/,portal_industry_football_2025
Connor Hulstein,TE,Princeton Tigers,,Entered,0,3.0,83.0,2576.0,170.0,2021,2024-11-25T08:42:00,https://on3static.com/uploads/assets/211/386/386211.png,https://www.on3.com/db/connor-hulstein-145309/,portal_industry_football_2025
Morgan Scott,OT,Middle Tennessee State Blue Raiders,,Entered,0,3.0,83.0,2577.0,198.0,2021,2024-11-25T17:22:00,https://on3static.com/uploads/assets/416/386/386416.jpg,https://www.on3.com/db/morgan-scott-202491/,portal_industry_football_2025
Chad Martini,WR,Cornell Big Red,,Entered,0,3.0,83.0,2578.0,433.0,2021,2024-11-25T13:57:00,https://on3static.com/uploads/assets/297/386/386297.jpg,https://www.on3.com/db/chad-martini-19613/,portal_industry_football_2025
Caleb Canada,CB,Utah Tech Trailblazers,,Entered,0,3.0,83.0,2579.0,342.0,2021,2024-11-26T08:36:00,https://on3static.com/uploads/assets/606/386/386606.jpg,https://www.on3.com/db/caleb-canada-246738/,portal_industry_football_2025
Kamden Sixkiller,QB,McNeese State Cowboys,,Entered,0,3.0,83.0,2580.0,190.0,2023,2024-11-26T12:46:00,https://on3static.com/uploads/assets/903/386/386903.png,https://www.on3.com/db/kamden-sixkiller-246750/,portal_industry_football_2025
Zach Switzer,RB,Presbyterian Blue Hose,,Entered,0,3.0,83.0,2581.0,213.0,2021,2024-11-26T08:57:00,https://on3static.com/uploads/assets/631/386/386631.jpg,https://www.on3.com/db/zach-switzer-178440/,portal_industry_football_2025
Lamont Narcisse,CB,Rice Owls,,Entered,0,3.0,83.0,2582.0,315.0,2020,2024-12-02T09:00:00,https://on3static.com/uploads/assets/300/75/75300.jpeg,https://www.on3.com/db/lamont-narcisse-77758/,portal_industry_football_2025
Tyler Lepolo,LB,Temple Owls,Eastern Washington Eagles,Committed,0,3.0,83.0,2583.0,246.0,2021,2025-05-23T10:18:00,https://on3static.com/uploads/assets/623/387/387623.png,https://www.on3.com/db/tyler-lepolo-117772/,portal_industry_football_2025
Luther McCoy,DL,Minnesota Golden Gophers,Hawaii Rainbow Warriors,Committed,0,3.0,83.0,2585.0,317.0,2021,2025-01-12T11:44:00,https://on3static.com/uploads/assets/84/16/16084.jpeg,https://www.on3.com/db/luther-mccoy-81002/,portal_industry_football_2025
Tyson Watson,DL,Massachusetts Minutemen,,Entered,0,3.0,83.0,2586.0,322.0,2021,2024-12-02T14:05:00,https://on3static.com/uploads/assets/57/16/16057.jpeg,https://www.on3.com/db/tyson-watson-119087/,portal_industry_football_2025
Chris Dietrich,QB,Temple Owls,Bucknell Bison,Committed,0,3.0,83.0,2587.0,188.0,2024,2024-12-12T20:21:00,https://on3static.com/uploads/assets/500/133/133500.png,https://www.on3.com/db/chris-dietrich-175237/,portal_industry_football_2025
Sean Hill,OT,NC State Wolfpack,Tulsa Golden Hurricane,Committed,0,3.0,83.0,2588.0,201.0,2020,2025-01-01T14:04:00,https://on3static.com/uploads/dev/assets/310/10/10310.jpg,https://www.on3.com/db/sean-hill-105468/,portal_industry_football_2025
Jermarques Bailey,OT,New Mexico Lobos,,Entered,0,3.0,83.0,2589.0,205.0,2020,2024-12-03T07:09:00,https://on3static.com/uploads/assets/961/178/178961.png,https://www.on3.com/db/jermarques-bailey-143496/,portal_industry_football_2025
Read Sunn,LB,Wyoming Cowboys,,Entered,0,3.0,83.0,2590.0,247.0,2020,2024-12-03T07:48:00,https://on3static.com/uploads/assets/347/389/389347.png,https://www.on3.com/db/read-sunn-99118/,portal_industry_football_2025
Evan Jackson,CB,Stanford Cardinal,,Entered,0,3.0,83.0,2592.0,328.0,2021,2024-12-05T16:22:00,https://on3static.com/uploads/assets/19/24/24019.jpeg,https://www.on3.com/db/evan-jackson-145591/,portal_industry_football_2025
Kylen Austin,WR,Liberty Flames,,Entered,0,3.0,83.0,2593.0,420.0,2021,2024-12-04T14:47:00,https://on3static.com/uploads/assets/400/88/88400.jpeg,https://www.on3.com/db/kylen-austin-77119/,portal_industry_football_2025
Tim Grear,WR,Fresno State Bulldogs,Akron Zips,Committed,0,3.0,83.0,2594.0,422.0,2021,2025-01-07T11:09:00,https://on3static.com/uploads/assets/106/390/390106.png,https://www.on3.com/db/tim-grear-174313/,portal_industry_football_2025
Jaydon Collins,OT,Wake Forest Demon Deacons,,Entered,0,3.0,83.0,2595.0,195.0,2021,2024-12-06T15:26:00,https://on3static.com/uploads/assets/448/16/16448.jpeg,https://www.on3.com/db/jaydon-collins-58739/,portal_industry_football_2025
Sol-Jay Maiava,RB,New Mexico Lobos,,Entered,0,3.0,83.0,2596.0,209.0,2020,2024-12-06T15:25:00,https://on3static.com/uploads/dev/assets/53/3/3053.jpg,https://www.on3.com/db/sol-jay-maiava-107783/,portal_industry_football_2025
Yusuf Terry,WR,UAB Blazers,,Entered,0,3.0,83.0,2597.0,400.0,2019,2024-12-06T12:26:00,https://on3static.com/uploads/assets/171/17/17171.jpeg,https://www.on3.com/db/yusuf-terry-122422/,portal_industry_football_2025
Charlie Patterson,IOL,Virginia Cavaliers,Georgia State Panthers,Committed,0,3.0,83.0,2598.0,215.0,2021,2025-01-10T13:04:00,https://on3static.com/uploads/assets/407/16/16407.jpeg,https://www.on3.com/db/charlie-patterson-20478/,portal_industry_football_2025
Denver Warren,DL,Sam Houston State Bearkats,UAB Blazers,Committed,0,3.0,83.0,2599.0,316.0,2020,,https://on3static.com/uploads/assets/453/76/76453.jpeg,https://www.on3.com/db/denver-warren-34288/,portal_industry_football_2025
Malakai Menzer,DL,Florida State Seminoles,,Entered,0,3.0,83.0,2600.0,318.0,2020,2024-12-06T10:12:00,https://on3static.com/uploads/assets/222/242/242222.jpeg,https://www.on3.com/db/malakai-menzer-81484/,portal_industry_football_2025
Matt Smith,TE,Massachusetts Minutemen,,Entered,0,3.0,83.0,2601.0,159.0,2019,2024-12-06T12:00:00,https://on3static.com/uploads/dev/assets/54/11/11054.jpg,https://www.on3.com/db/matt-smith-85793/,portal_industry_football_2025
Dakari Frazier,DL,Ball State Cardinals,,Entered,0,3.0,83.0,2602.0,333.0,2022,2024-12-07T10:26:00,https://on3static.com/uploads/dev/assets/547/8/8547.jpg,https://www.on3.com/db/dakari-frazier-28017/,portal_industry_football_2025
Javen Jacobs,RB,New Mexico Lobos,,Entered,0,3.0,83.0,2603.0,211.0,2022,2024-12-08T10:04:00,https://on3static.com/uploads/dev/assets/306/11/11306.jpg,https://www.on3.com/db/javen-jacobs-144690/,portal_industry_football_2025
Anthony Patt,OT,Old Dominion Monarchs,,Entered,0,3.0,83.0,2604.0,208.0,2020,2024-12-08T21:48:00,https://on3static.com/uploads/assets/152/18/18152.jpeg,https://www.on3.com/db/anthony-patt-6438/,portal_industry_football_2025
Jarvis Rush,WR,Akron Zips,,Entered,0,3.0,83.0,2606.0,419.0,2022,2024-12-09T06:30:00,https://on3static.com/uploads/assets/399/228/228399.png,https://www.on3.com/db/jarvis-rush-236202/,portal_industry_football_2025
Jacob Katauskas,IOL,Coastal Carolina Chanticleers,,Entered,0,3.0,83.0,2607.0,214.0,2024,2024-12-09T07:32:00,https://on3static.com/uploads/assets/513/340/340513.png,https://www.on3.com/db/jacob-katauskas-177083/,portal_industry_football_2025
Alijah Williams,LB,Bowling Green Falcons,,Entered,0,3.0,83.0,2608.0,250.0,2023,2024-12-09T07:45:00,https://on3static.com/uploads/assets/183/391/391183.png,https://www.on3.com/db/alijah-williams-152675/,portal_industry_football_2025
Trent Baker-Booker,CB,Virginia Cavaliers,,Entered,0,3.0,83.0,2609.0,325.0,2023,2024-12-09T08:03:00,https://on3static.com/uploads/assets/187/222/222187.png,https://www.on3.com/db/trent-baker-booker-161950/,portal_industry_football_2025
Curtis Douglas,RB,Kent State Golden Flashes,,Entered,0,3.0,83.0,2610.0,208.0,2023,2024-12-09T09:02:00,https://on3static.com/uploads/assets/218/391/391218.png,https://www.on3.com/db/curtis-douglas-157020/,portal_industry_football_2025
Alexander Ford,CB,Western Kentucky Hilltoppers,Kennesaw State Owls,Committed,0,3.0,83.0,2611.0,311.0,2022,2025-01-01T14:53:00,,https://www.on3.com/db/alexander-ford-150458/,portal_industry_football_2025
Logologo Va'a,DL,UTEP Miners,Nevada Wolf Pack,Committed,0,3.0,83.0,2612.0,310.0,2022,2024-12-26T07:58:00,https://on3static.com/uploads/assets/338/89/89338.jpg,https://www.on3.com/db/logologo-vaa-79944/,portal_industry_football_2025
DJ Jones,EDGE,Virginia Cavaliers,,Entered,0,3.0,83.0,2613.0,214.0,2023,2024-12-09T08:05:00,https://on3static.com/uploads/assets/215/222/222215.png,https://www.on3.com/db/dj-jones-151590/,portal_industry_football_2025
Jaylen Hampton,WR,Western Kentucky Hilltoppers,Charlotte 49ers,Committed,0,3.0,83.0,2614.0,415.0,2024,,https://on3static.com/uploads/assets/956/340/340956.png,https://www.on3.com/db/jaylen-hampton-178321/,portal_industry_football_2025
Malachi Madison,DL,Virginia Tech Hokies,Massachusetts Minutemen,Committed,0,3.0,83.0,2615.0,325.0,2022,,https://on3static.com/uploads/assets/867/86/86867.jpeg,https://www.on3.com/db/malachi-madison-81432/,portal_industry_football_2025
Carter Wyatt,LB,Duke Blue Devils,,Entered,0,3.0,83.0,2616.0,253.0,2022,2024-12-09T09:12:00,https://on3static.com/uploads/assets/274/22/22274.jpeg,https://www.on3.com/db/carter-wyatt-18966/,portal_industry_football_2025
Bryan Domino,WR,Connecticut Huskies,,Entered,0,3.0,83.0,2617.0,427.0,2023,2024-12-09T09:17:00,https://on3static.com/uploads/assets/566/577/577566.PNG,https://www.on3.com/db/bryan-domino-15431/,portal_industry_football_2025
Obinna Okeke,EDGE,Louisiana Tech Bulldogs,,Entered,0,3.0,83.0,2618.0,221.0,2023,2024-12-09T09:17:00,,https://www.on3.com/db/obinna-okeke-153077/,portal_industry_football_2025
Jackson Holman,WR,Arizona Wildcats,Wyoming Cowboys,Committed,0,3.0,84.0,2619.0,327.0,2023,2025-01-09T15:41:00,https://on3static.com/uploads/assets/774/307/307774.png,https://www.on3.com/db/jackson-holman-147502/,portal_industry_football_2025
Isaiah Gibson,DL,Marshall Thundering Herd,Southern Miss Golden Eagles,Committed,0,3.0,83.0,2620.0,309.0,2019,2024-12-25T17:51:00,https://on3static.com/uploads/dev/assets/785/2/2785.jpg,https://www.on3.com/db/isaiah-gibson-49501/,portal_industry_football_2025
Demetrius Freeney,CB,Arizona Wildcats,Boise State Broncos,Committed,0,3.0,83.0,2621.0,316.0,2022,2024-12-17T11:46:00,https://on3static.com/uploads/assets/456/222/222456.jpg,https://www.on3.com/db/demetrius-freeney-33954/,portal_industry_football_2025
Kenny Walz,OT,East Carolina Pirates,,Entered,0,3.0,83.0,2622.0,202.0,2024,2024-12-09T10:45:00,https://on3static.com/uploads/assets/333/229/229333.png,https://www.on3.com/db/kenny-walz-158192/,portal_industry_football_2025
Taven Curry,RB,Louisiana-Monroe Warhawks,,Entered,0,3.0,83.0,2623.0,212.0,2022,2024-12-09T10:33:00,https://on3static.com/uploads/assets/223/26/26223.png,https://www.on3.com/db/taven-curry-149949/,portal_industry_football_2025
Luther Richesson,QB,Middle Tennessee State Blue Raiders,Central Arkansas Bears,Committed,0,3.0,83.0,2624.0,193.0,2022,2025-02-05T11:21:00,https://on3static.com/uploads/dev/assets/238/11/11238.jpg,https://www.on3.com/db/luther-richesson-81004/,portal_industry_football_2025
Caeleb Schlachter,WR,Miami (OH) RedHawks,,Entered,0,3.0,83.0,2625.0,409.0,2022,2024-12-09T09:38:00,https://on3static.com/uploads/assets/625/310/310625.png,https://www.on3.com/db/caeleb-schlachter-148141/,portal_industry_football_2025
Adam Lamar,DL,Louisiana Tech Bulldogs,,Entered,0,3.0,83.0,2626.0,323.0,2021,2024-12-09T10:56:00,,https://www.on3.com/db/adam-lamar-1224/,portal_industry_football_2025
Tristan Davis,EDGE,Arizona Wildcats,,Entered,0,3.0,83.0,2627.0,219.0,2023,2024-12-09T09:24:00,https://on3static.com/uploads/assets/819/307/307819.png,https://www.on3.com/db/tristan-davis-151123/,portal_industry_football_2025
Miles Thompson,CB,Texas Tech Red Raiders,Northern Illinois Huskies,Committed,0,3.0,83.0,2628.0,339.0,2023,2025-01-01T14:25:00,https://on3static.com/uploads/assets/157/226/226157.png,https://www.on3.com/db/miles-thompson-155828/,portal_industry_football_2025
Brandon Hills,WR,Washington State Cougars,Akron Zips,Committed,0,3.0,83.0,2629.0,431.0,2023,2025-01-07T11:08:00,https://on3static.com/uploads/assets/342/219/219342.png,https://www.on3.com/db/brandon-hills-148028/,portal_industry_football_2025
Baylin Brooks,WR,San Diego State Aztecs,,Entered,0,3.0,84.0,2630.0,363.0,2023,2024-12-09T11:41:00,https://on3static.com/uploads/assets/675/379/379675.png,https://www.on3.com/db/baylin-brooks-9437/,portal_industry_football_2025
Maurice Heims,EDGE,Washington Huskies,Idaho Vandals,Committed,0,3.0,83.0,2631.0,209.0,2021,2025-01-09T22:41:00,https://on3static.com/uploads/assets/615/16/16615.jpeg,https://www.on3.com/db/maurice-heims-86400/,portal_industry_football_2025
Brett Karhu,LB,Memphis Tigers,New Mexico Lobos,Committed,0,3.0,83.0,2632.0,241.0,2022,2025-06-11T13:13:00,,https://www.on3.com/db/brett-karhu-207204/,portal_industry_football_2025
Jalen Johnson,WR,Northern Illinois Huskies,,Entered,0,3.0,83.0,2633.0,401.0,2022,2024-12-09T11:22:00,,https://www.on3.com/db/jalen-johnson-145549/,portal_industry_football_2025
Alan Wright,CB,Vanderbilt Commodores,,Entered,0,3.0,83.0,2634.0,322.0,2021,2024-12-09T11:10:00,https://on3static.com/uploads/assets/778/15/15778.jpeg,https://www.on3.com/db/alan-wright-2493/,portal_industry_football_2025
Eli Wallace,LB,Sam Houston State Bearkats,,Entered,0,3.0,83.0,2635.0,258.0,2023,2024-12-09T15:53:00,,https://www.on3.com/db/eli-wallace-154680/,portal_industry_football_2025
Bryce Capers,EDGE,Florida Gators,,Entered,0,3.0,83.0,2636.0,218.0,2022,2024-12-09T11:11:00,https://on3static.com/uploads/assets/465/335/335465.png,https://www.on3.com/db/bryce-capers-15719/,portal_industry_football_2025
DaMarco Moorer,S,New Mexico State Aggies,,Entered,0,3.0,83.0,2637.0,261.0,2022,2024-12-09T16:41:00,,https://www.on3.com/db/damarco-moorer-176589/,portal_industry_football_2025
Jaitlin Hampton,CB,Coastal Carolina Chanticleers,Louisiana Tech Bulldogs,Committed,0,3.0,83.0,2638.0,340.0,2023,,https://on3static.com/uploads/assets/450/340/340450.png,https://www.on3.com/db/jaitlin-hampton-53225/,portal_industry_football_2025
Kaden Henley,LB,Arkansas Razorbacks,,Entered,0,3.0,83.0,2639.0,261.0,2022,2024-12-09T11:25:00,https://on3static.com/uploads/assets/267/72/72267.jpeg,https://www.on3.com/db/kaden-henley-70375/,portal_industry_football_2025
Deuce Spurlock,LB,Florida Gators,Liberty Flames,Committed,0,3.0,83.0,2640.0,238.0,2022,2024-12-18T17:42:00,https://on3static.com/uploads/assets/446/335/335446.png,https://www.on3.com/db/deuce-spurlock-35733/,portal_industry_football_2025
Jaden Slocum,CB,Stanford Cardinal,,Entered,0,3.0,83.0,2641.0,329.0,2021,2024-12-09T13:04:00,https://on3static.com/uploads/assets/240/18/18240.jpeg,https://www.on3.com/db/jaden-slocum-52700/,portal_industry_football_2025
Keenan Landry,DL,Kent State Golden Flashes,,Entered,0,3.0,83.0,2642.0,326.0,2021,2024-12-09T12:46:00,https://on3static.com/uploads/assets/428/265/265428.png,https://www.on3.com/db/keenan-landry-71865/,portal_industry_football_2025
Camerin Marshall,S,Georgia State Panthers,,Entered,0,3.0,83.0,2643.0,262.0,2023,2024-12-09T12:03:00,https://on3static.com/uploads/assets/522/338/338522.png,https://www.on3.com/db/camerin-marshall-151768/,portal_industry_football_2025
John-Keawe Sagapolutele,QB,Hawaii Rainbow Warriors,,Entered,0,3.0,83.0,2644.0,198.0,2023,2024-12-09T13:21:00,,https://www.on3.com/db/john-keawe-sagapolutele-63818/,portal_industry_football_2025
Nic Trujillo,WR,New Mexico Lobos,Louisiana-Monroe Warhawks,Committed,0,3.0,81.0,2645.0,551.0,2023,2025-01-01T11:48:00,,https://www.on3.com/db/nic-trujillo-175674/,portal_industry_football_2025
Asaad Waseem,WR,Colorado Buffaloes,Florida Atlantic Owls,Committed,0,3.0,83.0,2646.0,407.0,2023,2024-12-20T10:15:00,https://on3static.com/uploads/assets/308/242/242308.jpeg,https://www.on3.com/db/asaad-waseem-7792/,portal_industry_football_2025
Logan Tanner,TE,San Diego State Aztecs,,Entered,0,3.0,83.0,2647.0,161.0,2022,2024-12-09T14:26:00,https://on3static.com/uploads/assets/514/178/178514.png,https://www.on3.com/db/logan-tanner-79903/,portal_industry_football_2025
Jacob Coleman,WR,Middle Tennessee State Blue Raiders,,Entered,0,3.0,83.0,2648.0,424.0,2021,2024-12-09T14:01:00,,https://www.on3.com/db/jacob-coleman-51857/,portal_industry_football_2025
Artis Cole,WR,Louisiana-Monroe Warhawks,Rice Owls,Committed,0,3.0,83.0,2649.0,429.0,2021,2025-05-03T14:47:00,https://on3static.com/uploads/assets/157/445/445157.png,https://www.on3.com/db/artis-cole-176190/,portal_industry_football_2025
Gabe Tahir,S,Boise State Broncos,,Entered,0,3.0,83.0,2650.0,263.0,2023,2024-12-09T15:11:00,,https://www.on3.com/db/gabe-tahir-44612/,portal_industry_football_2025
Isaiah Newcombe,S,UCLA Bruins,,Entered,0,3.0,83.0,2651.0,257.0,2021,2024-12-09T16:55:00,https://on3static.com/uploads/assets/575/16/16575.jpeg,https://www.on3.com/db/isaiah-newcombe-49663/,portal_industry_football_2025
Ethan Crawford,QB,Southern Miss Golden Eagles,Arkansas State Red Wolves,Committed,0,3.0,85.0,2652.0,151.0,2023,2025-02-05T15:04:00,https://on3static.com/uploads/assets/687/47/47687.jpeg,https://www.on3.com/db/ethan-crawford-42899/,portal_industry_football_2025
Tysen Smith,TE,Toledo Rockets,,Entered,0,3.0,83.0,2653.0,154.0,2024,2024-12-10T12:23:00,https://on3static.com/uploads/assets/143/37/37143.jpg,https://www.on3.com/db/tysen-smith-118945/,portal_industry_football_2025
Xayvion Bradshaw,WR,Virginia Tech Hokies,,Entered,0,3.0,83.0,2654.0,388.0,2022,2024-12-10T07:55:00,https://on3static.com/uploads/assets/821/86/86821.jpeg,https://www.on3.com/db/xayvion-bradshaw-122242/,portal_industry_football_2025
Jordan Smith,WR,New Mexico State Aggies,,Entered,0,3.0,83.0,2655.0,391.0,2022,2024-12-10T10:28:00,https://on3static.com/uploads/assets/910/137/137910.jpg,https://www.on3.com/db/jordan-smith-175702/,portal_industry_football_2025
Xavier Cokley,CB,Kent State Golden Flashes,,Entered,0,3.0,83.0,2656.0,313.0,2020,2024-12-10T11:59:00,https://on3static.com/uploads/assets/434/178/178434.jpeg,https://www.on3.com/db/xavier-cokley-121967/,portal_industry_football_2025
Nicholas Fernandez,DL,Arizona Wildcats,,Entered,0,3.0,83.0,2657.0,321.0,2023,2024-12-10T10:54:00,https://on3static.com/uploads/assets/459/217/217459.png,https://www.on3.com/db/nicholas-fernandez-155011/,portal_industry_football_2025
Keyshawn Buckley,WR,Southern Miss Golden Eagles,,Entered,0,3.0,83.0,2658.0,417.0,2021,2024-12-10T13:44:00,,https://www.on3.com/db/keyshawn-buckley-240001/,portal_industry_football_2025
Kevin Norwood,DL,Troy Trojans,,Entered,0,3.0,83.0,2659.0,330.0,2024,2024-12-10T10:58:00,,https://www.on3.com/db/kevin-norwood-177903/,portal_industry_football_2025
AJ Rollins,EDGE,Nebraska Cornhuskers,,Entered,0,3.0,83.0,2660.0,220.0,2021,2024-12-10T12:15:00,https://on3static.com/uploads/assets/381/350/350381.png,https://www.on3.com/db/aj-rollins-2216/,portal_industry_football_2025
Emanuel Brown,CB,Northwestern State Demons,,Entered,0,3.0,83.0,2661.0,341.0,2021,2024-12-10T08:15:00,,https://www.on3.com/db/emanuel-brown-246952/,portal_industry_football_2025
Ty Stamey,TE,Louisiana Ragin Cajuns,Texas State Bobcats,Committed,0,3.0,83.0,2662.0,155.0,2023,2024-12-29T16:31:00,,https://www.on3.com/db/ty-stamey-152145/,portal_industry_football_2025
De'Andre Coleman,WR,Coastal Carolina Chanticleers,,Entered,0,3.0,83.0,2663.0,394.0,2022,2024-12-11T12:24:00,https://on3static.com/uploads/assets/899/171/171899.png,https://www.on3.com/db/deandre-coleman-32746/,portal_industry_football_2025
Brady Boyd,WR,Texas Tech Red Raiders,,Entered,0,3.0,83.0,2664.0,402.0,2021,2024-12-11T09:30:00,https://on3static.com/uploads/assets/214/167/167214.png,https://www.on3.com/db/brady-boyd-11838/,portal_industry_football_2025
Luke Carter,TE,North Texas Mean Green,,Entered,0,3.0,83.0,2665.0,162.0,2024,2024-12-10T16:57:00,https://on3static.com/uploads/assets/143/168/168143.png,https://www.on3.com/db/luke-carter-152761/,portal_industry_football_2025
Roderick Daniels,EDGE,Liberty Flames,Kennesaw State Owls,Committed,0,3.0,83.0,2666.0,215.0,2020,2025-01-01T14:52:00,,https://www.on3.com/db/roderick-daniels-101582/,portal_industry_football_2025
Javien Cuff,WR,Buffalo Bulls,,Entered,0,3.0,83.0,2667.0,430.0,2019,2024-12-11T13:50:00,https://on3static.com/uploads/assets/231/179/179231.png,https://www.on3.com/db/javien-cuff-58035/,portal_industry_football_2025
James Shellman,S,Middle Tennessee State Blue Raiders,,Entered,0,3.0,83.0,2668.0,253.0,2020,2024-12-13T13:50:00,,https://www.on3.com/db/james-shellman-55900/,portal_industry_football_2025
Udoka Ezeani,LB,Boise State Broncos,UTEP Miners,Committed,0,3.0,83.0,2669.0,237.0,2021,2025-02-05T11:47:00,,https://www.on3.com/db/udoka-ezeani-119150/,portal_industry_football_2025
Keanu Mailoto,DL,Arizona Wildcats,Boise State Broncos,Committed,0,3.0,83.0,2670.0,303.0,2021,2024-12-25T09:57:00,https://on3static.com/uploads/assets/625/392/392625.png,https://www.on3.com/db/keanu-mailoto-71654/,portal_industry_football_2025
Marquis Bell,CB,Liberty Flames,,Entered,0,3.0,83.0,2671.0,318.0,2022,2024-12-12T18:05:00,,https://www.on3.com/db/marquis-bell-177249/,portal_industry_football_2025
Ty Dieffenbach,QB,Pittsburgh Panthers,,Entered,0,3.0,83.0,2672.0,197.0,2023,2024-12-13T09:14:00,https://on3static.com/uploads/assets/482/308/308482.png,https://www.on3.com/db/ty-dieffenbach-147995/,portal_industry_football_2025
De'Kelvion Beamon,CB,Oklahoma State Cowboys,Lamar Cardinals,Committed,0,3.0,83.0,2673.0,338.0,2021,2025-06-01T10:44:00,https://on3static.com/uploads/assets/883/15/15883.jpeg,https://www.on3.com/db/dekelvion-beamon-32803/,portal_industry_football_2025
Josh Richards,WR,Maryland Terrapins,,Entered,0,3.0,83.0,2674.0,413.0,2023,2024-12-16T16:38:00,https://on3static.com/uploads/assets/750/310/310750.png,https://www.on3.com/db/josh-richards-151156/,portal_industry_football_2025
Gavin Barthiel,LB,Utah State Aggies,Washington State Cougars,Committed,0,3.0,83.0,2675.0,254.0,2021,2025-01-12T13:20:00,https://on3static.com/uploads/assets/633/16/16633.jpeg,https://www.on3.com/db/gavin-barthiel-45345/,portal_industry_football_2025
Tyson Clawson,EDGE,Charlotte 49ers,,Entered,0,3.0,83.0,2676.0,211.0,2021,2024-12-18T11:31:00,https://on3static.com/uploads/assets/628/91/91628.jpg,https://www.on3.com/db/tyson-clawson-119005/,portal_industry_football_2025
Deandre Duffus,IOL,Maryland Terrapins,Georgia State Panthers,Committed,0,3.0,83.0,2677.0,213.0,2023,2025-01-10T13:02:00,https://on3static.com/uploads/assets/733/310/310733.png,https://www.on3.com/db/deandre-duffus-32973/,portal_industry_football_2025
Dallin Johnson,DL,BYU Cougars,,Entered,0,3.0,83.0,2678.0,324.0,2024,2024-12-18T14:59:00,https://on3static.com/uploads/assets/476/310/310476.png,https://www.on3.com/db/dallin-johnson-153180/,portal_industry_football_2025
Corey Thompson,WR,UNLV Rebels,,Entered,0,3.0,83.0,2679.0,392.0,2023,2024-12-19T19:44:00,https://on3static.com/uploads/assets/905/94/94905.jpg,https://www.on3.com/db/corey-thompson-158634/,portal_industry_football_2025
Wyatt Milkovic,LB,Boise State Broncos,,Entered,0,3.0,83.0,2680.0,245.0,2023,2024-12-19T12:09:00,https://on3static.com/uploads/assets/662/86/86662.jpg,https://www.on3.com/db/wyatt-milkovic-121807/,portal_industry_football_2025
Wyatt Wright,LB,NC State Wolfpack,Arkansas State Red Wolves,Committed,0,3.0,83.0,2681.0,260.0,2022,2025-01-06T16:20:00,https://on3static.com/uploads/assets/169/333/333169.png,https://www.on3.com/db/wyatt-wright-238358/,portal_industry_football_2025
Corey Myrick,S,Marshall Thundering Herd,Southern Miss Golden Eagles,Committed,0,3.0,83.0,2682.0,249.0,2024,2024-12-22T20:24:00,https://on3static.com/uploads/assets/809/395/395809.png,https://www.on3.com/db/corey-myrick-153163/,portal_industry_football_2025
Devin Gunter,CB,Nevada Wolf Pack,,Entered,0,3.0,83.0,2683.0,333.0,2020,2024-12-23T15:32:00,,https://www.on3.com/db/devin-gunter-36037/,portal_industry_football_2025
Anthony Crowell,WR,Indianapolis Greyhounds,,Entered,0,3.0,83.0,2684.0,426.0,2023,2024-12-23T19:28:00,https://on3static.com/uploads/assets/761/397/397761.png,https://www.on3.com/db/anthony-crowell-150664/,portal_industry_football_2025
Emmanuel Oyebadejo,DL,Jacksonville State Gamecocks,,Entered,0,3.0,83.0,2685.0,320.0,2022,2024-12-30T13:10:00,https://on3static.com/uploads/assets/854/397/397854.jpg,https://www.on3.com/db/emmanuel-oyebadejo-239636/,portal_industry_football_2025
Jacob Cruz,LB,Georgia Tech Yellow Jackets,Jacksonville State Gamecocks,Committed,0,3.0,83.0,2686.0,255.0,2023,2025-01-08T17:36:00,https://on3static.com/uploads/assets/513/333/333513.png,https://www.on3.com/db/jacob-cruz-154900/,portal_industry_football_2025
Pierre Kemeni,CB,New Mexico Lobos,Ohio Bobcats,Committed,0,3.0,83.0,2687.0,321.0,2020,2025-01-11T14:56:00,https://on3static.com/uploads/assets/364/399/399364.png,https://www.on3.com/db/pierre-kemeni-214650/,portal_industry_football_2025
Trey Henry,LB,Southern Miss Golden Eagles,South Alabama Jaguars,Committed,0,3.0,83.0,2688.0,240.0,2023,2025-01-04T15:46:00,https://on3static.com/uploads/assets/78/13/13078.jpeg,https://www.on3.com/db/trey-henry-146296/,portal_industry_football_2025
Xavier McIver,DL,UT Martin Skyhawks,East Carolina Pirates,Committed,0,3.0,84.0,2689.0,280.0,2020,2025-01-05T17:27:00,https://on3static.com/uploads/assets/771/213/213771.jpeg,https://www.on3.com/db/xavier-mciver-122090/,portal_industry_football_2025
Zeiqui Lawton,EDGE,West Virginia Mountaineers,,Entered,0,3.0,83.0,2690.0,210.0,2021,2025-01-06T10:08:00,https://on3static.com/uploads/assets/639/35/35639.jpeg,https://www.on3.com/db/zeiqui-lawton-123715/,portal_industry_football_2025
Ethan Tierney,S,Northern Illinois Huskies,Fresno State Bulldogs,Committed,0,3.0,83.0,2691.0,242.0,2023,2025-01-06T15:27:00,https://on3static.com/uploads/assets/195/397/397195.jpg,https://www.on3.com/db/ethan-tierney-236977/,portal_industry_football_2025
Trey Ridley,S,South Dakota State Jackrabbits,Washington State Cougars,Committed,0,3.0,83.0,2692.0,246.0,2024,2025-01-07T18:10:00,https://on3static.com/uploads/assets/754/161/161754.jpeg,https://www.on3.com/db/trey-ridley-155860/,portal_industry_football_2025
Timothy Passmore,DL,Connecticut Huskies,Massachusetts Minutemen,Committed,0,3.0,83.0,2693.0,311.0,2022,2025-01-12T17:07:00,https://on3static.com/uploads/assets/404/403/403404.png,https://www.on3.com/db/timothy-passmore-149859/,portal_industry_football_2025
Will Rogers,DL,Coastal Carolina Chanticleers,,Entered,0,3.0,83.0,2694.0,306.0,2019,2025-01-13T12:49:00,https://on3static.com/uploads/dev/assets/694/4/4694.jpg,https://www.on3.com/db/will-rogers-121360/,portal_industry_football_2025
Michael Hetzel,WR,Appalachian State Mountaineers,,Entered,0,3.0,83.0,2695.0,405.0,2020,2025-01-13T11:54:00,https://on3static.com/uploads/assets/55/170/170055.png,https://www.on3.com/db/michael-hetzel-156059/,portal_industry_football_2025
Carsten Reynolds,LB,South Dakota State Jackrabbits,Washington State Cougars,Committed,0,3.0,82.0,2696.0,280.0,2024,2025-01-07T13:13:00,https://on3static.com/uploads/assets/728/404/404728.png,https://www.on3.com/db/carsten-reynolds-248526/,portal_industry_football_2025
Reece Sylvester,RB,Washington State Cougars,Incarnate Word Cardinals,Committed,0,3.0,83.0,2697.0,216.0,2022,2025-01-13T08:48:00,https://on3static.com/uploads/assets/355/219/219355.png,https://www.on3.com/db/reece-sylvester-146172/,portal_industry_football_2025
Anisi Purcell,DL,Southern Utah Thunderbirds,BYU Cougars,Committed,0,3.0,86.0,2698.0,125.0,2022,2024-12-22T11:37:00,https://on3static.com/uploads/assets/74/404/404074.png,https://www.on3.com/db/anisi-purcell-160661/,portal_industry_football_2025
Reise Collier,LB,Ohio Bobcats,,Entered,0,3.0,83.0,2699.0,249.0,2020,2025-01-16T20:55:00,https://on3static.com/uploads/assets/650/89/89650.jpg,https://www.on3.com/db/reise-collier-99578/,portal_industry_football_2025
Payton Mangrum,WR,South Carolina Gamecocks,East Carolina Pirates,Committed,0,3.0,84.0,2700.0,372.0,2020,2025-01-18T12:23:00,https://on3static.com/uploads/assets/996/256/256996.png,https://www.on3.com/db/payton-mangrum-95951/,portal_industry_football_2025
Khristian Zachary,DL,Alabama A&M Bulldogs,Texas Southern Tigers,Committed,0,3.0,83.0,2701.0,315.0,2021,2025-01-20T10:21:00,https://on3static.com/uploads/assets/431/88/88431.jpeg,https://www.on3.com/db/khristian-zachary-75066/,portal_industry_football_2025
Daego Albert,S,UNLV Rebels,,Entered,0,3.0,83.0,2702.0,254.0,2019,2025-01-27T18:24:00,https://on3static.com/uploads/assets/48/177/177048.png,https://www.on3.com/db/daego-albert-27826/,portal_industry_football_2025
Jalon Williams,CB,Boston College Eagles,,Entered,0,3.0,83.0,2703.0,306.0,2021,2025-04-01T16:04:00,https://on3static.com/uploads/assets/197/16/16197.jpeg,https://www.on3.com/db/jalon-williams-54692/,portal_industry_football_2025
Caleb Coley,CB,Michigan State Spartans,,Entered,0,3.0,83.0,2704.0,307.0,2022,2025-04-01T17:16:00,https://on3static.com/uploads/assets/70/235/235070.png,https://www.on3.com/db/caleb-coley-16937/,portal_industry_football_2025
Hudson Miller,LB,Purdue Boilermakers,Toledo Rockets,Committed,0,3.0,86.0,2705.0,106.0,2023,2025-04-30T15:57:00,https://on3static.com/uploads/assets/877/439/439877.jpg,https://www.on3.com/db/hudson-miller-208717/,portal_industry_football_2025
Kenny Seymour,LB,Rice Owls,,Entered,0,3.0,83.0,2706.0,242.0,2021,2025-04-14T10:07:00,https://on3static.com/uploads/assets/456/75/75456.jpeg,https://www.on3.com/db/kenny-seymour-73385/,portal_industry_football_2025
Rishi Rattan,CB,Tulane Green Wave,,Entered,0,3.0,83.0,2707.0,319.0,2021,2025-04-08T17:26:00,https://on3static.com/uploads/assets/823/214/214823.jpeg,https://www.on3.com/db/rishi-rattan-160963/,portal_industry_football_2025
Jaquez Smith,WR,Missouri State University Bears,,Entered,0,3.0,83.0,2708.0,412.0,2021,2025-04-09T15:26:00,https://on3static.com/uploads/assets/972/15/15972.jpeg,https://www.on3.com/db/jaquez-smith-56483/,portal_industry_football_2025
Kaevion Mack,WR,Western Michigan Broncos,,Entered,0,3.0,83.0,2709.0,423.0,2020,2025-04-11T15:53:00,https://on3static.com/uploads/assets/3/439/439003.jpg,https://www.on3.com/db/kaevion-mack-70455/,portal_industry_football_2025
Colin Parachek,QB,Marshall Thundering Herd,,Entered,0,3.0,83.0,2710.0,191.0,2022,2025-04-15T14:22:00,https://on3static.com/uploads/assets/392/131/131392.png,https://www.on3.com/db/colin-parachek-175034/,portal_industry_football_2025
Austin Samaha,TE,Texas State Bobcats,,Entered,0,3.0,83.0,2711.0,156.0,2021,2025-04-16T10:41:00,,https://www.on3.com/db/austin-samaha-8682/,portal_industry_football_2025
Ky Montgomery,DL,Ball State Cardinals,,Entered,0,3.0,83.0,2712.0,302.0,2021,2025-04-16T09:34:00,https://on3static.com/uploads/assets/569/440/440569.png,https://www.on3.com/db/ky-montgomery-77204/,portal_industry_football_2025
Kadinn Morris,TE,Western Michigan Broncos,Southern Miss Golden Eagles,Committed,0,3.0,83.0,2714.0,157.0,2021,2025-04-19T09:55:00,,https://www.on3.com/db/kadinn-morris-70418/,portal_industry_football_2025
Jaydn Girard,WR,Wake Forest Demon Deacons,,Entered,0,3.0,83.0,2715.0,393.0,2022,2025-04-16T10:39:00,https://on3static.com/uploads/assets/627/86/86627.jpeg,https://www.on3.com/db/jaydn-girard-58733/,portal_industry_football_2025
Antonio Smith,S,Florida Atlantic Owls,Missouri State University Bears,Committed,0,3.0,83.0,2716.0,248.0,2023,2025-05-04T17:22:00,https://on3static.com/uploads/assets/231/217/217231.png,https://www.on3.com/db/antonio-smith-7092/,portal_industry_football_2025
Caleb McMickle,QB,Houston Cougars,Western Kentucky Hilltoppers,Committed,0,3.0,83.0,2717.0,192.0,2023,2025-05-01T13:34:00,https://on3static.com/uploads/assets/368/223/223368.png,https://www.on3.com/db/caleb-mcmickle-154902/,portal_industry_football_2025
Atavious Weaver,LB,FIU Golden Panthers,,Entered,0,3.0,83.0,2718.0,244.0,2023,2025-04-16T11:00:00,,https://www.on3.com/db/atavious-weaver-152518/,portal_industry_football_2025
Cole Gustafson,DL,FIU Golden Panthers,,Entered,0,3.0,83.0,2720.0,329.0,2023,2025-04-16T09:10:00,,https://www.on3.com/db/cole-gustafson-239486/,portal_industry_football_2025
Sinn Brennan,EDGE,Ohio Bobcats,,Entered,0,3.0,83.0,2721.0,216.0,2023,2025-04-16T13:16:00,,https://www.on3.com/db/sinn-brennan-107557/,portal_industry_football_2025
Alex Bullock,WR,Nebraska Cornhuskers,South Dakota State Jackrabbits,Committed,0,3.0,83.0,2723.0,390.0,2021,2025-04-17T14:30:00,https://on3static.com/uploads/assets/376/350/350376.png,https://www.on3.com/db/alex-bullock-2872/,portal_industry_football_2025
Tyler Wegis,EDGE,Boise State Broncos,,Entered,0,3.0,83.0,2724.0,212.0,2020,2025-04-16T15:27:00,https://on3static.com/uploads/dev/assets/824/4/4824.jpg,https://www.on3.com/db/tyler-wegis-118234/,portal_industry_football_2025
Anthony White,CB,Texas Tech Red Raiders,,Entered,0,3.0,83.0,2725.0,317.0,2023,2025-04-16T16:23:00,https://on3static.com/uploads/assets/133/37/37133.jpeg,https://www.on3.com/db/anthony-white-6685/,portal_industry_football_2025
Zachary Franks,OT,Duke Blue Devils,Massachusetts Minutemen,Committed,0,3.0,83.0,2726.0,204.0,2019,2025-05-05T09:26:00,https://on3static.com/uploads/dev/assets/614/8/8614.jpg,https://www.on3.com/db/zachary-franks-123222/,portal_industry_football_2025
Jamar Taylor Jr.,WR,Temple Owls,Florida A&M Rattlers,Committed,0,3.0,83.0,2727.0,387.0,2024,2025-06-23T10:12:00,https://on3static.com/uploads/assets/920/83/83920.jpg,https://www.on3.com/db/jamar-taylor-jr-151422/,portal_industry_football_2025
Malik Tullis,DL,Eastern Michigan Eagles,,Entered,0,3.0,83.0,2728.0,301.0,2023,2025-04-17T09:53:00,https://on3static.com/uploads/assets/558/56/56558.jpg,https://www.on3.com/db/malik-tullis-82029/,portal_industry_football_2025
VJ Bronson,DL,North Texas Mean Green,,Entered,0,3.0,83.0,2729.0,307.0,2021,2025-04-17T11:24:00,https://on3static.com/uploads/assets/499/307/307499.png,https://www.on3.com/db/vj-bronson-115514/,portal_industry_football_2025
Leon Washington,WR,Florida Atlantic Owls,,Entered,0,3.0,83.0,2730.0,411.0,2024,2025-04-17T13:45:00,https://on3static.com/uploads/assets/195/212/212195.jpg,https://www.on3.com/db/leon-washington-151504/,portal_industry_football_2025
Mason Ferguson,WR,North Texas Mean Green,UTEP Miners,Committed,0,3.0,83.0,2731.0,416.0,2024,2025-05-13T14:49:00,https://on3static.com/uploads/assets/523/267/267523.png,https://www.on3.com/db/mason-ferguson-177352/,portal_industry_football_2025
Caleb Coleman,S,Texas State Bobcats,New Mexico Lobos,Committed,0,3.0,83.0,2732.0,244.0,2020,,https://on3static.com/uploads/assets/260/24/24260.jpeg,https://www.on3.com/db/caleb-coleman-146267/,portal_industry_football_2025
James Gillespie,DL,Middle Tennessee State Blue Raiders,,Entered,0,3.0,83.0,2733.0,308.0,2021,2025-04-18T06:14:00,https://on3static.com/uploads/assets/501/132/132501.jpeg,https://www.on3.com/db/james-gillespie-55573/,portal_industry_football_2025
A.J. Davis,CB,SMU Mustangs,Washington State Cougars,Committed,0,3.0,83.0,2734.0,323.0,2022,2025-04-23T22:12:00,https://on3static.com/uploads/assets/154/219/219154.jpg,https://www.on3.com/db/aj-davis-6015/,portal_industry_football_2025
Nathan Pritchard,IOL,Washington State Cougars,,Entered,0,3.0,83.0,2735.0,212.0,2023,2025-04-18T15:55:00,https://on3static.com/uploads/assets/380/219/219380.png,https://www.on3.com/db/nathan-pritchard-148234/,portal_industry_football_2025
Dennious Jackson,DL,Kentucky Wildcats,Colorado State Rams,Committed,0,3.0,83.0,2736.0,331.0,0,2025-05-08T14:47:00,https://on3static.com/uploads/assets/371/326/326371.png,https://www.on3.com/db/dennious-jackson-244009/,portal_industry_football_2025
Zachary Rogers,CB,Toledo Rockets,,Entered,0,3.0,83.0,2737.0,308.0,2024,2025-04-19T12:41:00,https://on3static.com/uploads/assets/328/232/232328.png,https://www.on3.com/db/zachary-rogers-147558/,portal_industry_football_2025
Chika Ebunoha,S,BYU Cougars,,Entered,0,3.0,83.0,2738.0,251.0,2022,2025-04-18T20:14:00,https://on3static.com/uploads/assets/437/226/226437.png,https://www.on3.com/db/chika-ebunoha-178458/,portal_industry_football_2025
Joshua Thompson,WR,Georgia Southern Eagles,UTEP Miners,Committed,0,3.0,83.0,2739.0,399.0,2022,2025-05-09T12:36:00,https://on3static.com/uploads/assets/856/441/441856.png,https://www.on3.com/db/joshua-thompson-149838/,portal_industry_football_2025
Joseph Habinowski,OT,Ohio Bobcats,Middle Tennessee State Blue Raiders,Committed,0,3.0,83.0,2740.0,209.0,2020,2025-05-19T18:17:00,https://on3static.com/uploads/assets/92/449/449092.png,https://www.on3.com/db/joseph-habinowski-66553/,portal_industry_football_2025
Armahn Hale,S,Kent State Golden Flashes,New Mexico State Aggies,Committed,0,3.0,83.0,2741.0,265.0,2022,2025-05-08T20:56:00,https://on3static.com/uploads/assets/390/446/446390.png,https://www.on3.com/db/armahn-hale-239351/,portal_industry_football_2025
Khalid Moore,EDGE,Southern Miss Golden Eagles,,Entered,0,3.0,83.0,2742.0,213.0,2022,2025-04-22T15:31:00,https://on3static.com/uploads/assets/866/222/222866.png,https://www.on3.com/db/khalid-moore-74820/,portal_industry_football_2025
Danny Niu,LB,San Diego State Aztecs,,Entered,0,3.0,83.0,2743.0,243.0,2024,2025-04-22T08:50:00,https://on3static.com/uploads/assets/200/84/84200.jpg,https://www.on3.com/db/danny-niu-29658/,portal_industry_football_2025
D'Andre Barnes,CB,Nebraska Cornhuskers,Utah State Aggies,Committed,0,3.0,83.0,2744.0,324.0,2023,2025-05-13T14:44:00,https://on3static.com/uploads/assets/444/333/333444.png,https://www.on3.com/db/dandre-barnes-176972/,portal_industry_football_2025
Jayden Oliver,CB,Buffalo Bulls,,Entered,0,3.0,83.0,2745.0,334.0,2019,2025-04-22T16:30:00,https://on3static.com/uploads/assets/217/179/179217.png,https://www.on3.com/db/jayden-oliver-147884/,portal_industry_football_2025
Kyeran Garcia,LB,Colorado Buffaloes,,Entered,0,3.0,83.0,2746.0,256.0,2024,2025-04-22T12:21:00,https://on3static.com/uploads/assets/631/284/284631.png,https://www.on3.com/db/kyeran-garcia-163310/,portal_industry_football_2025
Tayten Beyer,CB,San Diego State Aztecs,,Entered,0,3.0,83.0,2747.0,335.0,2024,2025-04-22T08:53:00,https://on3static.com/uploads/assets/948/154/154948.png,https://www.on3.com/db/tayten-beyer-177574/,portal_industry_football_2025
Saimone Davis,TE,BYU Cougars,,Entered,0,3.0,83.0,2748.0,165.0,2023,2025-04-22T08:54:00,,https://www.on3.com/db/saimone-davis-104112/,portal_industry_football_2025
Dorion Jackson,S,Troy Trojans,Tulane Green Wave,Committed,0,3.0,83.0,2749.0,243.0,2023,,,https://www.on3.com/db/dorion-jackson-177333/,portal_industry_football_2025
Tamarus Walker,IOL,Maryland Terrapins,Connecticut Huskies,Committed,0,3.0,83.0,2750.0,209.0,2023,2025-04-23T08:05:00,https://on3static.com/uploads/assets/556/473/473556.png,https://www.on3.com/db/tamarus-walker-109977/,portal_industry_football_2025
Keshawn Brown,WR,Massachusetts Minutemen,Merrimack Warriors,Committed,0,3.0,83.0,2751.0,395.0,2021,2025-05-20T11:14:00,https://on3static.com/uploads/assets/269/449/449269.png,https://www.on3.com/db/keshawn-brown-73791/,portal_industry_football_2025
Tariq Sims,RB,Old Dominion Monarchs,William & Mary Tribe,Committed,0,3.0,83.0,2752.0,210.0,2021,2025-05-13T08:51:00,https://on3static.com/uploads/assets/277/171/171277.png,https://www.on3.com/db/tariq-sims-110331/,portal_industry_football_2025
Jahvante Royal,CB,New Mexico Lobos,,Entered,0,3.0,83.0,2753.0,332.0,2020,2025-04-23T10:11:00,https://on3static.com/uploads/dev/assets/911/9/9911.jpg,https://www.on3.com/db/jahvante-royal-53068/,portal_industry_football_2025
Jay Gardenhire-Crooks,OT,Colorado Buffaloes,,Entered,0,3.0,83.0,2754.0,210.0,2025,2025-04-23T12:10:00,https://on3static.com/uploads/dev/assets/675/330/330675.jpg,https://www.on3.com/db/jay-gardenhire-crooks-175083/,portal_industry_football_2025
Charles Greer,RB,Fresno State Bulldogs,,Entered,0,3.0,83.0,2755.0,214.0,2023,2025-04-23T10:12:00,,https://www.on3.com/db/charles-greer-20151/,portal_industry_football_2025
Richard Thomas,DL,Florida Atlantic Owls,,Entered,0,3.0,83.0,2756.0,332.0,2022,2025-04-23T10:18:00,https://on3static.com/uploads/assets/251/217/217251.png,https://www.on3.com/db/richard-thomas-100067/,portal_industry_football_2025
Victor Jones Jr.,WR,Liberty Flames,,Entered,0,3.0,83.0,2757.0,398.0,2022,2025-04-24T13:32:00,https://on3static.com/uploads/assets/209/72/72209.jpeg,https://www.on3.com/db/victor-jones-jr-145140/,portal_industry_football_2025
Quinzavious Warren,DL,UTEP Miners,Southern Miss Golden Eagles,Committed,0,3.0,83.0,2758.0,328.0,2021,2025-05-22T10:46:00,https://on3static.com/uploads/assets/111/450/450111.png,https://www.on3.com/db/quinzavious-warren-175667/,portal_industry_football_2025
RJ Whitehead,OT,UTEP Miners,Southern Miss Golden Eagles,Committed,0,3.0,83.0,2759.0,211.0,2021,2025-05-21T09:35:00,https://on3static.com/uploads/assets/528/449/449528.png,https://www.on3.com/db/rj-whitehead-238574/,portal_industry_football_2025
Trey Krause,S,Kansas State Wildcats,Bryant University Bulldogs,Committed,0,3.0,83.0,2760.0,264.0,2021,2025-06-08T11:21:00,https://on3static.com/uploads/dev/assets/263/8/8263.jpg,https://www.on3.com/db/trey-krause-116090/,portal_industry_football_2025
Jordan McCants,WR,Jacksonville State Gamecocks,West Virginia Mountaineers,Committed,0,3.0,83.0,2761.0,396.0,2022,2025-04-28T11:07:00,https://on3static.com/uploads/assets/260/181/181260.png,https://www.on3.com/db/jordan-mccants-65720/,portal_industry_football_2025
Jadrian Gibbs,S,Massachusetts Minutemen,,Entered,0,3.0,83.0,2763.0,258.0,2023,2025-04-25T11:07:00,,https://www.on3.com/db/jadrian-gibbs-238946/,portal_industry_football_2025
Randy Reece,WR,SMU Mustangs,,Entered,0,3.0,83.0,2764.0,414.0,2023,2025-04-24T10:12:00,https://on3static.com/uploads/assets/105/333/333105.png,https://www.on3.com/db/randy-reece-98364/,portal_industry_football_2025
Nacari Ashley,LB,Georgia Tech Yellow Jackets,,Entered,0,3.0,83.0,2765.0,251.0,2023,2025-04-25T11:01:00,https://on3static.com/uploads/assets/520/333/333520.png,https://www.on3.com/db/nacari-ashley-175491/,portal_industry_football_2025
Gavin Meyers,LB,Kansas State Wildcats,,Entered,0,3.0,83.0,2766.0,252.0,2022,2025-04-25T15:04:00,https://on3static.com/uploads/assets/522/86/86522.jpeg,https://www.on3.com/db/gavin-meyers-45427/,portal_industry_football_2025
Tre Wright,CB,Mississippi State Bulldogs,Purdue Boilermakers,Committed,0,3.0,83.0,2767.0,326.0,2023,2025-04-29T19:22:00,https://on3static.com/uploads/assets/116/214/214116.jpeg,https://www.on3.com/db/tre-wright-156726/,portal_industry_football_2025
Jeffrey Simmons,TE,Ball State Cardinals,,Entered,0,3.0,83.0,2768.0,164.0,2022,2025-04-25T11:15:00,,https://www.on3.com/db/jeffrey-simmons-59824/,portal_industry_football_2025
Ibraheem Kamara,LB,Toledo Rockets,,Entered,0,3.0,83.0,2769.0,257.0,2024,2025-04-24T10:16:00,https://on3static.com/uploads/assets/333/232/232333.png,https://www.on3.com/db/ibraheem-kamara-158243/,portal_industry_football_2025
Nathan Knapik,OT,Idaho Vandals,Illinois Fighting Illini,Committed,0,3.0,83.0,2770.0,203.0,2024,2025-04-26T14:08:00,https://on3static.com/uploads/assets/71/443/443071.png,https://www.on3.com/db/nathan-knapik-163355/,portal_industry_football_2025
Jah'von Grigsby,S,UNLV Rebels,,Entered,0,3.0,83.0,2771.0,260.0,2021,2025-04-26T11:45:00,https://on3static.com/uploads/assets/193/168/168193.png,https://www.on3.com/db/jahvon-grigsby-52894/,portal_industry_football_2025
Jonathan Jean,CB,Rice Owls,East Carolina Pirates,Committed,0,3.0,84.0,2773.0,260.0,2021,2025-05-10T21:49:00,https://on3static.com/uploads/assets/325/75/75325.jpeg,https://www.on3.com/db/jonathan-jean-145231/,portal_industry_football_2025
Grayson Brousseau,TE,Utah State Aggies,Oklahoma State Cowboys,Committed,0,3.0,83.0,2774.0,160.0,2024,2025-05-05T10:30:00,https://on3static.com/uploads/assets/303/445/445303.png,https://www.on3.com/db/grayson-brousseau-178813/,portal_industry_football_2025
Carson Suesue,TE,BYU Cougars,Oklahoma State Cowboys,Committed,0,3.0,83.0,2775.0,169.0,2024,2025-05-04T09:04:00,https://on3static.com/uploads/assets/168/124/124168.png,https://www.on3.com/db/carson-suesue-18824/,portal_industry_football_2025
Chase Malamala,OT,UCF Knights,Southern Miss Golden Eagles,Committed,0,3.0,83.0,2776.0,199.0,2024,2025-05-20T22:40:00,https://on3static.com/uploads/assets/877/155/155877.jpg,https://www.on3.com/db/chase-malamala-20749/,portal_industry_football_2025
Donte Thompson,CB,Texas State Bobcats,UTEP Miners,Committed,0,3.0,83.0,2777.0,314.0,2020,2025-05-09T14:06:00,https://on3static.com/uploads/assets/493/446/446493.png,https://www.on3.com/db/donte-thompson-175648/,portal_industry_football_2025
Placide Djungu-Sungu,S,Duke Blue Devils,Baylor Bears,Committed,0,3.0,83.0,2778.0,255.0,2021,2025-05-28T13:46:00,https://on3static.com/uploads/assets/229/16/16229.jpeg,https://www.on3.com/db/placide-djungu-sungu-96735/,portal_industry_football_2025
Tayvion Beasley,S,San Diego State Aztecs,BYU Cougars,Committed,0,3.0,83.0,2779.0,256.0,2022,2025-05-12T14:06:00,https://on3static.com/uploads/assets/78/447/447078.png,https://www.on3.com/db/tayvion-beasley-110978/,portal_industry_football_2025
Eli Coenen,DL,Bemidji State Beavers,Illinois Fighting Illini,Committed,0,3.0,83.0,2780.0,314.0,2023,2025-05-30T11:42:00,https://on3static.com/uploads/assets/544/452/452544.png,https://www.on3.com/db/eli-coenen-259527/,portal_industry_football_2025
Braeden Edwards,OT,Northwestern Wildcats,Liberty Flames,Committed,0,3.0,83.0,2781.0,206.0,2022,2025-05-08T15:48:00,https://on3static.com/uploads/assets/740/304/304740.png,https://www.on3.com/db/braeden-edwards-206553/,portal_industry_football_2025
AJ Wallace,S,Arkansas State Red Wolves,Chattanooga Mocs,Committed,0,3.0,83.0,2782.0,259.0,2024,2025-05-31T10:43:00,https://on3static.com/uploads/assets/754/314/314754.png,https://www.on3.com/db/aj-wallace-152441/,portal_industry_football_2025
Kaleb Anthony,CB,Connecticut Huskies,,Entered,0,3.0,83.0,2783.0,331.0,2021,2025-07-07T09:03:00,https://on3static.com/uploads/assets/872/484/484872.png,https://www.on3.com/db/kaleb-anthony-70660/,portal_industry_football_2025
Don Munnerlyn,WR,Toledo Rockets,UTSA Roadrunners,Committed,0,3.0,83.0,2784.0,425.0,2021,2025-05-13T10:06:00,https://on3static.com/uploads/assets/158/16/16158.jpeg,https://www.on3.com/db/don-munnerlyn-106927/,portal_industry_football_2025
Deion Brown,RB,Eastern Michigan Eagles,Indiana State Sycamores,Committed,0,3.0,83.0,2785.0,215.0,2023,2025-05-05T07:32:00,https://on3static.com/uploads/assets/223/68/68223.jpg,https://www.on3.com/db/deion-brown-151205/,portal_industry_football_2025
Ashton Ojiaku,S,Rice Owls,Prairie View A&M Panthers,Committed,0,3.0,83.0,2786.0,266.0,2023,2025-05-13T10:07:00,https://on3static.com/uploads/assets/922/51/51922.jpg,https://www.on3.com/db/ashton-ojiaku-152181/,portal_industry_football_2025
Cameron Dorner,WR,Shepherd Rams,North Texas Mean Green,Committed,0,3.0,83.0,2787.0,397.0,2022,2024-12-16T14:54:00,https://on3static.com/uploads/assets/751/405/405751.png,https://www.on3.com/db/cameron-dorner-248651/,portal_industry_football_2025
Ayobami Tifase,DL,Georgia Tech Yellow Jackets,Charlotte 49ers,Committed,0,3.0,83.0,2788.0,327.0,2021,2025-06-15T20:15:00,https://on3static.com/uploads/assets/248/242/242248.jpeg,https://www.on3.com/db/ayobami-tifase-152211/,portal_industry_football_2025
Max Balthazar,RB,Coastal Carolina Chanticleers,Rice Owls,Committed,0,3.0,83.0,2789.0,217.0,2021,2025-04-26T10:02:00,https://on3static.com/uploads/assets/637/75/75637.jpg,https://www.on3.com/db/max-balthazar-86555/,portal_industry_football_2025
Lincoln Tuioti-Mariner,S,Air Force Falcons,,Entered,0,3.0,82.0,2790.0,277.0,2020,2024-12-09T10:31:00,,https://www.on3.com/db/lincoln-tuioti-mariner-79500/,portal_industry_football_2025
Alexander Cobbs,LB,San Jose State Spartans,,Entered,0,3.0,82.0,2791.0,296.0,2023,2024-12-09T11:39:00,,https://www.on3.com/db/alexander-cobbs-156501/,portal_industry_football_2025
Vaughn Pemberton,RB,Ball State Cardinals,Boston College Eagles,Committed,0,3.0,84.0,2792.0,186.0,2021,2024-12-16T22:34:00,https://on3static.com/uploads/assets/608/264/264608.jpeg,https://www.on3.com/db/vaughn-pemberton-119364/,portal_industry_football_2025
Ugonna Nnanna,OT,Virginia Cavaliers,North Texas Mean Green,Committed,0,3.0,85.0,2793.0,125.0,2020,2024-12-24T12:48:00,https://on3static.com/uploads/assets/65/164/164065.png,https://www.on3.com/db/ugonna-nnanna-119163/,portal_industry_football_2025
Donovan Leary,QB,Illinois Fighting Illini,Tulane Green Wave,Committed,0,3.0,84.0,2794.0,164.0,2022,2024-12-22T20:30:00,https://on3static.com/uploads/assets/313/392/392313.png,https://www.on3.com/db/donovan-leary-38196/,portal_industry_football_2025
Will Monney,TE,Utah State Aggies,Oklahoma State Cowboys,Committed,0,3.0,85.0,2795.0,101.0,2023,2024-12-22T21:32:00,https://on3static.com/uploads/assets/894/393/393894.png,https://www.on3.com/db/will-monney-156990/,portal_industry_football_2025
Mason Vicari,IOL,UNLV Rebels,Purdue Boilermakers,Committed,0,3.0,84.0,2796.0,203.0,2024,2024-12-22T16:45:00,https://on3static.com/uploads/assets/866/407/407866.png,https://www.on3.com/db/mason-vicari-180806/,portal_industry_football_2025
Langston Long,LB,USF Bulls,Toledo Rockets,Committed,0,3.0,84.0,2797.0,198.0,2021,2025-01-05T12:41:00,https://on3static.com/uploads/assets/406/16/16406.jpeg,https://www.on3.com/db/langston-long-78109/,portal_industry_football_2025
Christian Earls,TE,UNLV Rebels,Purdue Boilermakers,Committed,0,3.0,84.0,2798.0,150.0,2021,2024-12-25T16:20:00,https://on3static.com/uploads/assets/844/407/407844.png,https://www.on3.com/db/christian-earls-175685/,portal_industry_football_2025
Chase Canada,CB,Illinois Fighting Illini,North Texas Mean Green,Committed,0,3.0,85.0,2799.0,228.0,2023,2024-12-26T17:09:00,https://on3static.com/uploads/assets/784/304/304784.png,https://www.on3.com/db/chase-canada-156925/,portal_industry_football_2025
Craig McDonald,S,Minnesota Golden Gophers,Utah State Aggies,Committed,0,3.0,85.0,2800.0,173.0,2020,2025-01-10T15:00:00,https://on3static.com/uploads/assets/869/93/93869.jpg,https://www.on3.com/db/craig-mcdonald-26897/,portal_industry_football_2025
Caleb Carter,OT,Western Carolina Catamounts,Michigan State Spartans,Committed,0,3.0,84.0,2801.0,173.0,2020,2024-12-17T17:16:00,https://on3static.com/uploads/assets/752/386/386752.jpg,https://www.on3.com/db/caleb-carter-16915/,portal_industry_football_2025
KK Meier,S,Nevada Wolf Pack,UTSA Roadrunners,Committed,0,3.0,86.0,2802.0,146.0,2022,2025-01-08T13:14:00,https://on3static.com/uploads/assets/882/401/401882.png,https://www.on3.com/db/kk-meier-245905/,portal_industry_football_2025
Tyshawn Russell,WR,South Carolina Gamecocks,Syracuse Orange,Committed,0,3.0,83.0,2803.0,386.0,2023,2024-12-22T15:47:00,https://on3static.com/uploads/assets/29/257/257029.jpg,https://www.on3.com/db/tyshawn-russell-155889/,portal_industry_football_2025
Sevion Morrison,RB,Kansas Jayhawks,Tulsa Golden Hurricane,Committed,0,3.0,84.0,2804.0,178.0,2020,2024-12-25T10:27:00,https://on3static.com/uploads/assets/310/460/460310.png,https://www.on3.com/db/sevion-morrison-106141/,portal_industry_football_2025
Chenellson Exume,DL,USF Bulls,Florida Atlantic Owls,Committed,0,3.0,83.0,2805.0,305.0,2024,2025-01-10T16:18:00,https://on3static.com/uploads/assets/783/338/338783.png,https://www.on3.com/db/chenellson-exume-153157/,portal_industry_football_2025
Mason Bowers,DL,Kennesaw State Owls,Charlotte 49ers,Committed,0,3.0,85.0,2806.0,187.0,2020,2025-01-14T16:57:00,https://on3static.com/uploads/assets/721/381/381721.jpg,https://www.on3.com/db/mason-bowers-84703/,portal_industry_football_2025
Teagan Wilk,S,Houston Cougars,East Carolina Pirates,Committed,0,3.0,85.0,2807.0,174.0,2020,2024-12-18T10:40:00,https://on3static.com/uploads/assets/148/394/394148.png,https://www.on3.com/db/teagan-wilk-111022/,portal_industry_football_2025
Trey Cornist,RB,Tulane Green Wave,Central Michigan Chippewas,Committed,0,3.0,85.0,2808.0,164.0,2023,2025-01-11T19:00:00,https://on3static.com/uploads/assets/1/339/339001.png,https://www.on3.com/db/trey-cornist-154072/,portal_industry_football_2025
Walter Taylor,QB,Colorado Buffaloes,Ball State Cardinals,Committed,0,3.0,85.0,2809.0,138.0,2022,2024-12-26T09:51:00,https://on3static.com/uploads/assets/858/263/263858.png,https://www.on3.com/db/walter-taylor-147846/,portal_industry_football_2025
Chantz Johnson,LB,Texas A&M Aggies,Texas State Bobcats,Committed,0,3.0,85.0,2810.0,183.0,2023,2024-12-17T17:42:00,https://on3static.com/uploads/assets/486/137/137486.jpeg,https://www.on3.com/db/chantz-johnson-150644/,portal_industry_football_2025
Kenari Wilcher,WR,Illinois Fighting Illini,Florida A&M Rattlers,Committed,0,3.0,85.0,2811.0,315.0,2023,2025-01-14T23:36:00,https://on3static.com/uploads/assets/793/304/304793.png,https://www.on3.com/db/kenari-wilcher-154818/,portal_industry_football_2025
Stellan Bowman,LB,Ohio Bobcats,Charlotte 49ers,Committed,0,3.0,85.0,2812.0,176.0,2024,2025-01-04T23:14:00,https://on3static.com/uploads/assets/298/145/145298.png,https://www.on3.com/db/stellan-bowman-176170/,portal_industry_football_2025
Websley Etienne,S,Arkansas State Red Wolves,FIU Golden Panthers,Committed,0,3.0,85.0,2813.0,178.0,2022,2025-01-13T12:21:00,https://on3static.com/uploads/assets/699/398/398699.jpg,https://www.on3.com/db/websley-etienne-120298/,portal_industry_football_2025
Lionell Whitaker,CB,Maryland Terrapins,Coastal Carolina Chanticleers,Committed,0,3.0,85.0,2814.0,226.0,2022,2024-12-28T12:24:00,https://on3static.com/uploads/assets/707/310/310707.png,https://www.on3.com/db/lionell-whitaker-79559/,portal_industry_football_2025
Aymeric Koumba,EDGE,Michigan Wolverines,UCF Knights,Committed,0,3.0,85.0,2815.0,168.0,2023,2025-04-19T14:51:00,https://on3static.com/uploads/assets/688/564/564688.PNG,https://www.on3.com/db/aymeric-koumba-155692/,portal_industry_football_2025
Austin Clay,WR,Michigan State Spartans,Bowling Green Falcons,Committed,0,3.0,85.0,2816.0,305.0,2024,2025-05-08T08:55:00,https://on3static.com/uploads/assets/566/232/232566.png,https://www.on3.com/db/austin-clay-177417/,portal_industry_football_2025
Nate Rutchena,LB,California Golden Bears,,Entered,0,3.0,84.0,2817.0,194.0,2020,2024-12-03T20:25:00,https://on3static.com/uploads/assets/183/18/18183.jpeg,https://www.on3.com/db/nate-rutchena-91362/,portal_industry_football_2025
Jackson West,TE,Florida State Seminoles,Western Kentucky Hilltoppers,Committed,0,3.0,84.0,2818.0,129.0,2021,2024-12-28T08:41:00,https://on3static.com/uploads/assets/262/242/242262.jpeg,https://www.on3.com/db/jackson-west-51736/,portal_industry_football_2025
Brodie Tagaloa,DL,Nebraska Cornhuskers,Sacramento State Hornets,Committed,0,3.0,84.0,2819.0,277.0,2022,2024-12-27T10:25:00,https://on3static.com/uploads/assets/388/350/350388.png,https://www.on3.com/db/brodie-tagaloa-15165/,portal_industry_football_2025
Dwight Bootle II,CB,Nebraska Cornhuskers,Charlotte 49ers,Committed,0,3.0,84.0,2820.0,279.0,2023,2025-01-11T19:04:00,https://on3static.com/uploads/assets/937/339/339937.png,https://www.on3.com/db/dwight-bootle-ii-39690/,portal_industry_football_2025
Tanner Lemaster,TE,Kentucky Wildcats,Eastern Michigan Eagles,Committed,0,3.0,84.0,2821.0,141.0,2023,2024-12-22T16:06:00,https://on3static.com/uploads/assets/290/222/222290.png,https://www.on3.com/db/tanner-lemaster-110134/,portal_industry_football_2025
Tavierre Dunlap,RB,Michigan Wolverines,Eastern Michigan Eagles,Committed,0,3.0,84.0,2822.0,197.0,2021,2024-12-24T16:29:00,https://on3static.com/uploads/assets/264/18/18264.jpeg,https://www.on3.com/db/tavierre-dunlap-110570/,portal_industry_football_2025
Trevon Howard,S,Iowa State Cyclones,Arkansas State Red Wolves,Committed,0,3.0,84.0,2823.0,235.0,2022,2024-12-21T14:26:00,https://on3static.com/uploads/assets/870/225/225870.png,https://www.on3.com/db/trevon-howard-144447/,portal_industry_football_2025
Koby Bretz,S,Nebraska Cornhuskers,South Dakota State Jackrabbits,Committed,0,3.0,84.0,2824.0,239.0,2021,2025-01-15T11:42:00,https://on3static.com/uploads/assets/11/340/340011.png,https://www.on3.com/db/koby-bretz-75623/,portal_industry_football_2025
Kadin Bailey,LB,Syracuse Orange,Eastern Michigan Eagles,Committed,0,3.0,84.0,2825.0,205.0,2022,2025-01-06T16:21:00,https://on3static.com/uploads/assets/36/87/87036.jpeg,https://www.on3.com/db/kadin-bailey-145409/,portal_industry_football_2025
RJ Lester,CB,Oklahoma State Cowboys,UTSA Roadrunners,Committed,0,3.0,84.0,2826.0,268.0,2023,2025-04-28T14:31:00,https://on3static.com/uploads/assets/581/226/226581.png,https://www.on3.com/db/rj-lester-155202/,portal_industry_football_2025
Jack Sammarco,TE,West Virginia Mountaineers,Alabama Crimson Tide,Committed,0,3.0,84.0,2827.0,136.0,2024,2025-04-23T19:00:00,https://on3static.com/uploads/assets/124/305/305124.png,https://www.on3.com/db/jack-sammarco-154779/,portal_industry_football_2025
Coleman Bennett,RB,Rice Owls,Kennesaw State Owls,Committed,0,3.0,86.0,2828.0,113.0,2021,2025-01-01T14:51:00,https://on3static.com/uploads/assets/530/371/371530.png,https://www.on3.com/db/coleman-bennett-184316/,portal_industry_football_2025
Tyler Scott,DL,Kennesaw State Owls,UTEP Miners,Committed,0,3.0,81.0,2829.0,395.0,2020,2025-05-10T20:55:00,https://on3static.com/uploads/assets/841/380/380841.png,https://www.on3.com/db/tyler-scott-118060/,portal_industry_football_2025
Hunter Tipton,TE,Louisiana Tech Bulldogs,Middle Tennessee State Blue Raiders,Committed,0,3.0,83.0,2830.0,167.0,2022,2024-12-17T20:03:00,https://on3static.com/uploads/assets/214/391/391214.png,https://www.on3.com/db/hunter-tipton-48646/,portal_industry_football_2025
Dylan Hasz,S,Arkansas Razorbacks,Appalachian State Mountaineers,Committed,0,3.0,82.0,2831.0,298.0,2023,2024-12-20T11:04:00,https://on3static.com/uploads/assets/947/303/303947.png,https://www.on3.com/db/dylan-hasz-155678/,portal_industry_football_2025
A.J. Jones,WR,Arizona Wildcats,Middle Tennessee State Blue Raiders,Committed,0,3.0,83.0,2832.0,421.0,2022,2025-01-01T19:59:00,https://on3static.com/uploads/assets/444/73/73444.jpg,https://www.on3.com/db/aj-jones-145154/,portal_industry_football_2025
Tyler Fortenberry,TE,Vanderbilt Commodores,Arkansas State Red Wolves,Committed,0,3.0,84.0,2833.0,140.0,2021,2024-12-21T16:21:00,https://on3static.com/uploads/assets/333/332/332333.png,https://www.on3.com/db/tyler-fortenberry-238037/,portal_industry_football_2025
Cole LaCrue,QB,Wisconsin Badgers,,Entered,0,3.0,85.0,2834.0,143.0,2023,2024-12-09T10:34:00,https://on3static.com/uploads/assets/480/304/304480.png,https://www.on3.com/db/cole-lacrue-156957/,portal_industry_football_2025
Thai Chiaokhiao-Bowman,WR,Rice Owls,Connecticut Huskies,Committed,0,3.0,84.0,2835.0,335.0,2020,2025-05-01T19:47:00,https://on3static.com/uploads/assets/438/469/469438.png,https://www.on3.com/db/thai-chiaokhiao-bowman-112107/,portal_industry_football_2025
Sione Moa,LB,BYU Cougars,Connecticut Huskies,Committed,0,3.0,84.0,2836.0,226.0,2019,2025-04-27T19:13:00,https://on3static.com/uploads/assets/453/469/469453.png,https://www.on3.com/db/sione-moa-107588/,portal_industry_football_2025
Nick Rempert,WR,North Texas Mean Green,Nevada Wolf Pack,Committed,0,3.0,84.0,2837.0,382.0,2019,2025-01-10T18:00:00,https://on3static.com/uploads/assets/990/262/262990.png,https://www.on3.com/db/nick-rempert-149784/,portal_industry_football_2025
Deondre Johnson,WR,Rutgers Scarlet Knights,Jacksonville State Gamecocks,Committed,0,3.0,84.0,2838.0,371.0,2023,2025-01-10T17:37:00,https://on3static.com/uploads/assets/788/225/225788.jpeg,https://www.on3.com/db/deondre-johnson-155145/,portal_industry_football_2025
Dakota Thomas,WR,Southern Miss Golden Eagles,Nevada Wolf Pack,Committed,0,3.0,83.0,2839.0,403.0,2020,2025-01-22T13:04:00,https://on3static.com/uploads/assets/865/75/75865.jpg,https://www.on3.com/db/dakota-thomas-28080/,portal_industry_football_2025
Calvin Johnson II,WR,Northwestern Wildcats,Tulsa Golden Hurricane,Committed,0,3.0,83.0,2840.0,418.0,2021,2025-04-25T13:40:00,https://on3static.com/uploads/assets/821/465/465821.png,https://www.on3.com/db/calvin-johnson-ii-145333/,portal_industry_football_2025
Dexter Williams II,QB,Georgia Southern Eagles,Kennesaw State Owls,Committed,0,3.0,84.0,2841.0,168.0,2020,2024-12-18T09:36:00,https://on3static.com/uploads/dev/assets/192/6/6192.jpg,https://www.on3.com/db/dexter-williams-ii-36765/,portal_industry_football_2025
Trey Bedosky,OT,UAB Blazers,Liberty Flames,Committed,0,3.0,84.0,2842.0,186.0,2020,2024-12-17T11:35:00,https://on3static.com/uploads/assets/848/89/89848.JPG,https://www.on3.com/db/trey-bedosky-115914/,portal_industry_football_2025
Josiah Timoteo,OT,Nevada Wolf Pack,Oregon State Beavers,Committed,0,3.0,85.0,2843.0,135.0,2023,2025-01-13T14:06:00,https://on3static.com/uploads/assets/143/404/404143.png,https://www.on3.com/db/josiah-timoteo-155829/,portal_industry_football_2025
Ben Smiley,DL,Virginia Cavaliers,Connecticut Huskies,Committed,0,3.0,84.0,2844.0,249.0,2019,2025-01-07T17:26:00,https://on3static.com/uploads/assets/434/469/469434.png,https://www.on3.com/db/ben-smiley-10007/,portal_industry_football_2025
Chris Long,WR,Rutgers Scarlet Knights,Montana State Bobcats,Committed,0,3.0,84.0,2845.0,329.0,2020,2025-05-16T21:44:00,https://on3static.com/uploads/dev/assets/301/9/9301.jpg,https://www.on3.com/db/chris-long-22031/,portal_industry_football_2025
Alex Lines,TE,New Mexico State Aggies,Northwestern Wildcats,Committed,0,3.0,83.0,2846.0,153.0,2020,2024-12-28T14:26:00,https://on3static.com/uploads/dev/assets/838/6/6838.jpg,https://www.on3.com/db/alex-lines-3162/,portal_industry_football_2025
Dazmin James,WR,Arkansas Razorbacks,California Golden Bears,Committed,0,3.0,81.0,2847.0,548.0,2023,2025-01-12T14:49:00,https://on3static.com/uploads/assets/972/303/303972.png,https://www.on3.com/db/dazmin-james-235790/,portal_industry_football_2025
Tahjae Mullix,DL,Western Carolina Catamounts,Oregon State Beavers,Committed,0,3.0,84.0,2848.0,279.0,2022,2024-12-16T14:49:00,https://on3static.com/uploads/assets/417/585/585417.png,https://www.on3.com/db/tahjae-mullix-248488/,portal_industry_football_2025
Caleb Schmitz,TE,Cincinnati Bearcats,Illinois State Redbirds,Committed,0,3.0,82.0,2849.0,177.0,2021,2024-12-13T15:30:00,https://on3static.com/uploads/assets/382/226/226382.png,https://www.on3.com/db/caleb-schmitz-17173/,portal_industry_football_2025
Jalen Cheek,CB,Boston College Eagles,UAB Blazers,Committed,0,3.0,84.0,2850.0,270.0,2021,2025-01-07T13:15:00,https://on3static.com/uploads/assets/189/16/16189.jpeg,https://www.on3.com/db/jalen-cheek-54200/,portal_industry_football_2025
Nigel Tate,DL,Boston College Eagles,UAB Blazers,Committed,0,3.0,82.0,2851.0,335.0,2021,2025-01-12T21:10:00,https://on3static.com/uploads/assets/207/16/16207.jpeg,https://www.on3.com/db/nigel-tate-93298/,portal_industry_football_2025
Ian Foster,S,Marshall Thundering Herd,Southern Miss Golden Eagles,Committed,0,3.0,81.0,2852.0,327.0,2023,2024-12-20T21:39:00,https://on3static.com/uploads/assets/629/401/401629.png,https://www.on3.com/db/ian-foster-152645/,portal_industry_football_2025
Kahlil Ali,S,Boston College Eagles,Delaware Fightin' Blue Hens,Committed,0,3.0,84.0,2853.0,238.0,2023,2024-12-20T09:54:00,https://on3static.com/uploads/assets/631/309/309631.png,https://www.on3.com/db/kahlil-ali-70482/,portal_industry_football_2025
James Jointer,RB,Liberty Flames,Eastern Michigan Eagles,Committed,0,3.0,84.0,2854.0,194.0,2022,2024-12-26T12:24:00,https://on3static.com/uploads/assets/255/72/72255.jpeg,https://www.on3.com/db/james-jointer-144472/,portal_industry_football_2025
Brayshawn Littlejohn,LB,Missouri Tigers,Appalachian State Mountaineers,Committed,0,3.0,84.0,2855.0,204.0,2023,2025-01-13T14:15:00,https://on3static.com/uploads/assets/926/222/222926.png,https://www.on3.com/db/brayshawn-littlejohn-155862/,portal_industry_football_2025
Pig Cage,S,Louisiana Tech Bulldogs,Incarnate Word Cardinals,Committed,0,3.0,84.0,2856.0,222.0,2020,2025-01-08T16:44:00,https://on3static.com/uploads/assets/940/401/401940.png,https://www.on3.com/db/pig-cage-97642/,portal_industry_football_2025
Leon Hart,LB,Marshall Thundering Herd,Florida Atlantic Owls,Committed,0,3.0,84.0,2857.0,200.0,2022,2024-12-18T09:01:00,https://on3static.com/uploads/assets/91/26/26091.png,https://www.on3.com/db/leon-hart-79036/,portal_industry_football_2025
Dante Thomas,S,Kansas State Wildcats,Coastal Carolina Chanticleers,Committed,0,3.0,84.0,2858.0,225.0,2020,2025-01-21T08:20:00,https://on3static.com/uploads/assets/472/269/269472.jpg,https://www.on3.com/db/dante-thomas-29828/,portal_industry_football_2025
JR Wilson,WR,Virginia Cavaliers,Florida Atlantic Owls,Committed,0,3.0,84.0,2859.0,325.0,2022,2024-12-18T09:09:00,https://on3static.com/uploads/assets/969/86/86969.jpeg,https://www.on3.com/db/jr-wilson-105719/,portal_industry_football_2025
Ralph Ortiz,LB,West Florida Argonauts,Kansas State Wildcats,Committed,0,3.0,84.0,2860.0,222.0,2022,,https://on3static.com/uploads/assets/379/396/396379.png,https://www.on3.com/db/ralph-ortiz-98110/,portal_industry_football_2025
Parker Startz,LB,Ohio Bobcats,Charlotte 49ers,Committed,0,3.0,84.0,2861.0,224.0,2024,2025-01-10T21:13:00,https://on3static.com/uploads/assets/316/175/175316.jpg,https://www.on3.com/db/parker-startz-158295/,portal_industry_football_2025
Tamarion Crumpley,CB,Pittsburgh Panthers,UAB Blazers,Committed,0,3.0,84.0,2862.0,275.0,2021,2025-01-10T17:27:00,https://on3static.com/uploads/assets/369/16/16369.jpeg,https://www.on3.com/db/tamarion-crumpley-109972/,portal_industry_football_2025
Justin Terry,OT,West Virginia Mountaineers,Ohio State Buckeyes,Committed,0,3.0,84.0,2863.0,177.0,2024,2025-04-26T11:29:00,https://on3static.com/uploads/assets/911/580/580911.png,https://www.on3.com/db/justin-terry-176627/,portal_industry_football_2025
TJ Johnson,WR,West Virginia Mountaineers,Southern Miss Golden Eagles,Committed,0,3.0,84.0,2864.0,333.0,2023,2025-04-28T08:56:00,https://on3static.com/uploads/assets/43/56/56043.jpeg,https://www.on3.com/db/tj-johnson-152554/,portal_industry_football_2025
Mason Starling,WR,California Golden Bears,San Jose State Spartans,Committed,0,3.0,84.0,2865.0,364.0,2018,2025-04-27T21:30:00,https://on3static.com/uploads/assets/317/168/168317.png,https://www.on3.com/db/mason-starling-84888/,portal_industry_football_2025
Max Brown,QB,Charlotte 49ers,West Virginia Mountaineers,Committed,0,3.0,86.0,2866.0,122.0,2022,2025-01-13T19:30:00,https://on3static.com/uploads/assets/794/93/93794.jpg,https://www.on3.com/db/max-brown-146246/,portal_industry_football_2025
John Locke,TE,Louisiana Tech Bulldogs,Oklahoma Sooners,Committed,0,3.0,83.0,2867.0,168.0,2022,2025-01-08T21:00:00,https://on3static.com/uploads/assets/59/402/402059.png,https://www.on3.com/db/john-locke-146218/,portal_industry_football_2025
Ademola Faleye,TE,Michigan State Spartans,Washington State Cougars,Committed,0,3.0,83.0,2868.0,166.0,2021,2025-01-09T23:40:00,https://on3static.com/uploads/assets/251/235/235251.png,https://www.on3.com/db/ademola-faleye-174995/,portal_industry_football_2025
Jonathan Akins,CB,Maryland Terrapins,East Carolina Pirates,Committed,0,3.0,82.0,2869.0,343.0,2023,2025-01-09T16:42:00,https://on3static.com/uploads/assets/702/310/310702.png,https://www.on3.com/db/jonathan-akins-154174/,portal_industry_football_2025
Ryder Burton,QB,West Virginia Mountaineers,UAB Blazers,Committed,0,3.0,82.0,2870.0,202.0,2023,2025-01-12T20:41:00,https://on3static.com/uploads/assets/436/403/403436.png,https://www.on3.com/db/ryder-burton-153901/,portal_industry_football_2025
Jaylon Edmond,CB,Washington State Cougars,Wake Forest Demon Deacons,Committed,0,3.0,83.0,2871.0,337.0,2024,2025-01-05T21:46:00,https://on3static.com/uploads/assets/763/400/400763.png,https://www.on3.com/db/jaylon-edmond-153190/,portal_industry_football_2025
Justin Brown,S,Georgia Tech Yellow Jackets,,Entered,0,3.0,82.0,2872.0,289.0,2022,2024-04-16T10:54:00,https://on3static.com/uploads/assets/947/296/296947.png,https://www.on3.com/db/justin-brown-236783/,portal_industry_football_2025
Caleb Bonine,TE,Louisiana Ragin Cajuns,,Entered,0,3.0,82.0,2873.0,179.0,2020,2024-11-06T09:20:00,https://on3static.com/uploads/assets/398/377/377398.jpg,https://www.on3.com/db/caleb-bonine-246582/,portal_industry_football_2025
Bennie Anderson,IOL,Yale Bulldogs,,Entered,0,3.0,82.0,2874.0,223.0,2020,2024-11-25T07:28:00,https://on3static.com/uploads/assets/244/386/386244.png,https://www.on3.com/db/bennie-anderson-10217/,portal_industry_football_2025
Arman Young,DL,Princeton Tigers,,Entered,0,3.0,82.0,2875.0,342.0,2020,2024-11-25T17:19:00,https://on3static.com/uploads/assets/413/386/386413.jpg,https://www.on3.com/db/arman-young-7491/,portal_industry_football_2025
Jackson Oxley,IOL,Murray State Racers,,Entered,0,3.0,82.0,2876.0,221.0,2020,2024-11-26T13:23:00,https://on3static.com/uploads/assets/751/386/386751.jpg,https://www.on3.com/db/jackson-oxley-164247/,portal_industry_football_2025
Nathaniel Campbell,EDGE,Yale Bulldogs,,Entered,0,3.0,82.0,2877.0,226.0,2020,2024-11-26T11:52:00,https://on3static.com/uploads/assets/712/386/386712.jpg,https://www.on3.com/db/nathaniel-campbell-246742/,portal_industry_football_2025
Joe Gonzales,S,Yale Bulldogs,,Entered,0,3.0,82.0,2878.0,274.0,2020,2024-11-27T14:37:00,https://on3static.com/uploads/assets/673/387/387673.png,https://www.on3.com/db/joe-gonzales-62181/,portal_industry_football_2025
Bryce Biggs,IOL,West Virginia Mountaineers,,Entered,0,3.0,82.0,2879.0,228.0,2021,2024-12-02T16:06:00,https://on3static.com/uploads/assets/299/24/24299.jpeg,https://www.on3.com/db/bryce-biggs-15694/,portal_industry_football_2025
Jaxon Heil,S,New Mexico State Aggies,,Entered,0,3.0,82.0,2880.0,290.0,2022,2024-12-03T06:10:00,https://on3static.com/uploads/assets/330/389/389330.png,https://www.on3.com/db/jaxon-heil-179841/,portal_industry_football_2025
Sterling Smith,S,Purdue Boilermakers,,Entered,0,3.0,82.0,2881.0,287.0,2023,2024-12-06T08:29:00,https://on3static.com/uploads/assets/947/343/343947.png,https://www.on3.com/db/sterling-smith-239561/,portal_industry_football_2025
Jayson Raines,WR,Stanford Cardinal,,Entered,0,3.0,82.0,2882.0,471.0,2021,2024-12-06T10:28:00,https://on3static.com/uploads/assets/554/16/16554.jpeg,https://www.on3.com/db/jayson-raines-59243/,portal_industry_football_2025
Matthew Ogunrin,WR,Tulsa Golden Hurricane,,Entered,0,3.0,82.0,2883.0,479.0,2023,2024-12-05T13:56:00,https://on3static.com/uploads/assets/142/110/110142.jpg,https://www.on3.com/db/matthew-ogunrin-86181/,portal_industry_football_2025
Phaizon Wilson,WR,Akron Zips,,Entered,0,3.0,82.0,2884.0,464.0,2022,2024-12-09T06:31:00,,https://www.on3.com/db/phaizon-wilson-96361/,portal_industry_football_2025
Davion Jennings,CB,Akron Zips,,Entered,0,3.0,82.0,2885.0,367.0,2022,2024-12-09T06:34:00,https://on3static.com/uploads/assets/168/391/391168.jpg,https://www.on3.com/db/davion-jennings-246925/,portal_industry_football_2025
Logan Brasfield,IOL,Coastal Carolina Chanticleers,,Entered,0,3.0,82.0,2886.0,224.0,2024,2024-12-09T07:33:00,https://on3static.com/uploads/assets/510/340/340510.png,https://www.on3.com/db/logan-brasfield-178177/,portal_industry_football_2025
Marlon Corey,IOL,Coastal Carolina Chanticleers,,Entered,0,3.0,82.0,2887.0,230.0,2023,2024-12-09T07:35:00,https://on3static.com/uploads/assets/515/340/340515.png,https://www.on3.com/db/marlon-corey-177204/,portal_industry_football_2025
Spencer Kishbaugh,LB,Coastal Carolina Chanticleers,,Entered,0,3.0,82.0,2888.0,269.0,2023,2024-12-09T08:22:00,https://on3static.com/uploads/assets/474/340/340474.png,https://www.on3.com/db/spencer-kishbaugh-155594/,portal_industry_football_2025
Jacob Johnson,LB,Southern Miss Golden Eagles,,Entered,0,3.0,82.0,2889.0,278.0,2023,2024-12-09T09:10:00,https://on3static.com/uploads/assets/219/391/391219.png,https://www.on3.com/db/jacob-johnson-156331/,portal_industry_football_2025
Nate Guinn,TE,Illinois Fighting Illini,,Entered,0,3.0,82.0,2890.0,176.0,2023,2024-12-09T09:07:00,https://on3static.com/uploads/assets/392/176/176392.jpeg,https://www.on3.com/db/nate-guinn-156008/,portal_industry_football_2025
Troy Martin,S,Kent State Golden Flashes,,Entered,0,3.0,82.0,2891.0,285.0,2024,2024-12-09T08:32:00,https://on3static.com/uploads/assets/685/149/149685.png,https://www.on3.com/db/troy-martin-176855/,portal_industry_football_2025
Marius Landsfeld,DL,Liberty Flames,,Entered,0,3.0,82.0,2892.0,353.0,2024,2024-12-09T08:53:00,https://on3static.com/uploads/assets/276/229/229276.png,https://www.on3.com/db/marius-landsfeld-236012/,portal_industry_football_2025
Angelo Stockstill,S,Western Michigan Broncos,,Entered,0,3.0,82.0,2893.0,292.0,2023,2024-12-09T08:19:00,https://on3static.com/uploads/assets/321/71/71321.jpg,https://www.on3.com/db/angelo-stockstill-151362/,portal_industry_football_2025
Jace Wilson,WR,UTSA Roadrunners,,Entered,0,3.0,82.0,2894.0,437.0,2022,2024-12-09T10:49:00,https://on3static.com/uploads/assets/838/167/167838.png,https://www.on3.com/db/jace-wilson-50921/,portal_industry_football_2025
Max Moss,WR,James Madison Dukes,,Entered,0,3.0,82.0,2895.0,438.0,2023,2024-12-09T10:11:00,https://on3static.com/uploads/assets/302/321/321302.png,https://www.on3.com/db/max-moss-162798/,portal_industry_football_2025
Gregory Turner,LB,East Carolina Pirates,,Entered,0,3.0,82.0,2896.0,270.0,2023,2024-12-09T10:36:00,https://on3static.com/uploads/assets/933/319/319933.png,https://www.on3.com/db/gregory-turner-152669/,portal_industry_football_2025
Braylen Ragland,QB,Georgia State Panthers,,Entered,0,3.0,82.0,2897.0,208.0,2023,2024-12-09T10:57:00,https://on3static.com/uploads/assets/682/173/173682.png,https://www.on3.com/db/braylen-ragland-13601/,portal_industry_football_2025
Isaiah Holland,S,Georgia State Panthers,,Entered,0,3.0,82.0,2898.0,291.0,2022,2024-12-09T10:56:00,https://on3static.com/uploads/assets/691/173/173691.png,https://www.on3.com/db/isaiah-holland-149866/,portal_industry_football_2025
Ezra McAllister,WR,Vanderbilt Commodores,,Entered,0,3.0,82.0,2899.0,475.0,2021,2024-12-09T10:36:00,https://on3static.com/uploads/assets/789/15/15789.jpeg,https://www.on3.com/db/ezra-mcallister-43591/,portal_industry_football_2025
Koa McIntyre,S,Wyoming Cowboys,,Entered,0,3.0,82.0,2900.0,295.0,2022,2024-12-09T09:26:00,https://on3static.com/uploads/assets/229/391/391229.png,https://www.on3.com/db/koa-mcintyre-146232/,portal_industry_football_2025
Jaylen Pretlow,WR,Old Dominion Monarchs,,Entered,0,3.0,82.0,2901.0,477.0,2023,2024-12-09T10:01:00,https://on3static.com/uploads/assets/595/340/340595.png,https://www.on3.com/db/jaylen-pretlow-159339/,portal_industry_football_2025
Jaedyn McKinstry,WR,Louisiana-Monroe Warhawks,,Entered,0,3.0,82.0,2902.0,480.0,2021,2024-12-09T10:53:00,https://on3static.com/uploads/assets/437/76/76437.jpeg,https://www.on3.com/db/jaedyn-mckinstry-52808/,portal_industry_football_2025
Brandon Lewis,CB,Michigan State Spartans,,Entered,0,3.0,82.0,2903.0,350.0,2023,2024-12-09T16:18:00,https://on3static.com/uploads/assets/185/235/235185.png,https://www.on3.com/db/brandon-lewis-175731/,portal_industry_football_2025
PJ Hatter,QB,Texas State Bobcats,Georgia State Panthers,Committed,0,3.0,82.0,2904.0,204.0,2023,2025-01-10T13:07:00,https://on3static.com/uploads/assets/615/373/373615.jpeg,https://www.on3.com/db/pj-hatter-96723/,portal_industry_football_2025
Hyrum-Benjamin Moors,DL,Washington State Cougars,,Entered,0,3.0,82.0,2905.0,350.0,2024,2024-12-09T11:10:00,https://on3static.com/uploads/assets/695/337/337695.png,https://www.on3.com/db/hyrum-benjamin-moors-175410/,portal_industry_football_2025
Luke Farr,OT,Nevada Wolf Pack,,Entered,0,3.0,82.0,2906.0,220.0,2024,2024-12-09T10:31:00,,https://www.on3.com/db/luke-farr-237589/,portal_industry_football_2025
Phillippe Wesley,WR,San Diego State Aztecs,,Entered,0,3.0,82.0,2907.0,467.0,2021,2024-12-09T11:38:00,https://on3static.com/uploads/assets/486/178/178486.png,https://www.on3.com/db/phillippe-wesley-96619/,portal_industry_football_2025
Mason Graham,TE,New Mexico State Aggies,,Entered,0,3.0,82.0,2908.0,182.0,2023,2024-12-09T11:13:00,,https://www.on3.com/db/mason-graham-162695/,portal_industry_football_2025
Jordan Triplett,RB,Air Force Falcons,Cornell Big Red,Committed,0,3.0,82.0,2909.0,226.0,2024,2025-02-18T13:47:00,https://on3static.com/uploads/assets/131/391/391131.png,https://www.on3.com/db/jordan-triplett-176512/,portal_industry_football_2025
Cameron Upshaw,S,Memphis Tigers,UTSA Roadrunners,Committed,0,3.0,81.0,2910.0,316.0,2023,2024-12-24T14:26:00,https://on3static.com/uploads/assets/742/44/44742.PNG,https://www.on3.com/db/cameron-upshaw-150877/,portal_industry_football_2025
Darell Jones,CB,Kansas State Wildcats,,Entered,0,3.0,82.0,2911.0,351.0,2021,2024-12-09T11:59:00,https://on3static.com/uploads/assets/861/15/15861.jpeg,https://www.on3.com/db/darell-jones-145423/,portal_industry_football_2025
Amir McGruder,WR,Louisiana-Monroe Warhawks,,Entered,0,3.0,82.0,2912.0,442.0,2023,2024-12-09T12:44:00,,https://www.on3.com/db/amir-mcgruder-239359/,portal_industry_football_2025
Lorenzo Williams Jr.,CB,Western Michigan Broncos,,Entered,0,3.0,82.0,2913.0,352.0,2023,2024-12-09T13:23:00,,https://www.on3.com/db/lorenzo-williams-jr-155774/,portal_industry_football_2025
Darrell Sweeting,CB,Temple Owls,Marshall Thundering Herd,Committed,0,3.0,82.0,2914.0,353.0,2023,2024-12-20T20:17:00,https://on3static.com/uploads/assets/797/68/68797.jpeg,https://www.on3.com/db/darrell-sweeting-152522/,portal_industry_football_2025
Jett Meine,WR,Utah Utes,,Entered,0,3.0,82.0,2915.0,451.0,2022,2024-12-09T12:10:00,https://on3static.com/uploads/assets/683/175/175683.jpeg,https://www.on3.com/db/jett-meine-61420/,portal_industry_football_2025
Takare Lipscomb,WR,Arkansas State Red Wolves,,Entered,0,3.0,82.0,2916.0,454.0,2023,2024-12-09T12:50:00,https://on3static.com/uploads/assets/8/57/57008.jpg,https://www.on3.com/db/takare-lipscomb-152649/,portal_industry_football_2025
Kerry King,WR,East Carolina Pirates,,Entered,0,3.0,82.0,2917.0,460.0,2020,2024-12-09T13:35:00,https://on3static.com/uploads/assets/476/213/213476.jpeg,https://www.on3.com/db/kerry-king-157722/,portal_industry_football_2025
Noel Roach,S,Akron Zips,,Entered,0,3.0,82.0,2918.0,282.0,2021,2024-12-09T12:41:00,,https://www.on3.com/db/noel-roach-93826/,portal_industry_football_2025
Kaleb Black,WR,Arizona State Sun Devils,Sam Houston State Bearkats,Committed,0,3.0,81.0,2919.0,503.0,2023,2025-01-22T13:16:00,https://on3static.com/uploads/assets/297/217/217297.png,https://www.on3.com/db/kaleb-black-70666/,portal_industry_football_2025
Noah Matthews,EDGE,Kentucky Wildcats,Delaware Fightin' Blue Hens,Committed,0,3.0,81.0,2920.0,239.0,2022,2025-01-07T17:54:00,https://on3static.com/uploads/assets/283/222/222283.png,https://www.on3.com/db/noah-matthews-150377/,portal_industry_football_2025
Parker Leise,QB,Florida Gators,,Entered,0,3.0,82.0,2921.0,213.0,2023,2024-12-09T13:24:00,https://on3static.com/uploads/assets/134/240/240134.png,https://www.on3.com/db/parker-leise-145818/,portal_industry_football_2025
Armando Lewis,WR,Hawaii Rainbow Warriors,,Entered,0,3.0,82.0,2922.0,476.0,2024,2024-12-09T12:46:00,,https://www.on3.com/db/armando-lewis-180951/,portal_industry_football_2025
Zion Fonua,LB,Eastern Michigan Eagles,,Entered,0,3.0,82.0,2923.0,263.0,2020,2024-12-09T13:51:00,,https://www.on3.com/db/zion-fonua-123843/,portal_industry_football_2025
Tennyson Hadfield,IOL,UAB Blazers,,Entered,0,3.0,82.0,2924.0,222.0,2020,2024-12-09T13:58:00,https://on3static.com/uploads/assets/806/89/89806.jpg,https://www.on3.com/db/tennyson-hadfield-111174/,portal_industry_football_2025
DeAndre Buchannon,WR,Georgia Southern Eagles,,Entered,0,3.0,82.0,2925.0,443.0,2023,2024-12-09T14:08:00,https://on3static.com/uploads/assets/945/339/339945.png,https://www.on3.com/db/deandre-buchannon-152267/,portal_industry_football_2025
Elijah Thomas,S,New Mexico State Aggies,,Entered,0,3.0,82.0,2926.0,278.0,2023,2024-12-09T14:01:00,https://on3static.com/uploads/assets/144/119/119144.jpg,https://www.on3.com/db/elijah-thomas-150228/,portal_industry_football_2025
Joshua Goines,TE,Tulane Green Wave,,Entered,0,3.0,82.0,2927.0,181.0,2023,2024-12-09T14:26:00,https://on3static.com/uploads/assets/26/339/339026.png,https://www.on3.com/db/joshua-goines-151764/,portal_industry_football_2025
Daylon Sibley,LB,Louisiana Ragin Cajuns,,Entered,0,3.0,82.0,2928.0,292.0,2023,2024-12-09T13:56:00,https://on3static.com/uploads/assets/23/53/53023.jpg,https://www.on3.com/db/daylon-sibley-32651/,portal_industry_football_2025
Jai Rodriquez,OT,New Mexico State Aggies,,Entered,0,3.0,82.0,2929.0,231.0,2022,2024-12-09T13:46:00,https://on3static.com/uploads/assets/192/99/99192.jpg,https://www.on3.com/db/jai-rodriquez-53098/,portal_industry_football_2025
Immanuel Hawkins,EDGE,Louisiana-Monroe Warhawks,,Entered,0,3.0,82.0,2930.0,233.0,2023,2024-12-09T14:23:00,,https://www.on3.com/db/immanuel-hawkins-158576/,portal_industry_football_2025
Dallin Havea,DL,BYU Cougars,Utah Tech Trailblazers,Committed,0,3.0,82.0,2931.0,362.0,2021,2025-06-15T15:23:00,https://on3static.com/uploads/assets/435/587/587435.png,https://www.on3.com/db/dallin-havea-28247/,portal_industry_football_2025
Jabin Ford,S,Liberty Flames,,Entered,0,3.0,82.0,2932.0,270.0,0,2024-12-09T14:51:00,,https://www.on3.com/db/jabin-ford-177248/,portal_industry_football_2025
Peter Kikwata,WR,Georgia State Panthers,,Entered,0,3.0,82.0,2933.0,445.0,2022,2024-12-09T15:10:00,https://on3static.com/uploads/assets/131/26/26131.png,https://www.on3.com/db/peter-kikwata-96181/,portal_industry_football_2025
Ike Nnakenyi,EDGE,Nevada Wolf Pack,,Entered,0,3.0,82.0,2934.0,225.0,2022,2024-12-09T14:45:00,,https://www.on3.com/db/ike-nnakenyi-48964/,portal_industry_football_2025
Tai Faavae,LB,Washington State Cougars,,Entered,0,3.0,82.0,2935.0,279.0,2023,2024-12-09T14:50:00,https://on3static.com/uploads/assets/370/219/219370.png,https://www.on3.com/db/tai-faavae-145807/,portal_industry_football_2025
Jude Tinor,DL,Georgia State Panthers,,Entered,0,3.0,82.0,2936.0,363.0,2023,2024-12-09T14:44:00,https://on3static.com/uploads/assets/571/338/338571.png,https://www.on3.com/db/jude-tinor-156474/,portal_industry_football_2025
Landon Roaten,IOL,Washington State Cougars,,Entered,0,3.0,82.0,2937.0,219.0,2022,2024-12-09T17:07:00,https://on3static.com/uploads/assets/373/219/219373.png,https://www.on3.com/db/landon-roaten-78020/,portal_industry_football_2025
Mike Sharpe II,RB,Arkansas State Red Wolves,,Entered,0,3.0,82.0,2938.0,221.0,2022,2024-12-09T15:20:00,https://on3static.com/uploads/assets/856/264/264856.jpeg,https://www.on3.com/db/mike-sharpe-ii-89356/,portal_industry_football_2025
Kenny Wermy,OT,Oklahoma Sooners,,Entered,0,3.0,82.0,2939.0,219.0,2023,2024-12-09T17:06:00,https://on3static.com/uploads/assets/340/304/304340.png,https://www.on3.com/db/kenny-wermy-154272/,portal_industry_football_2025
Luke Roaten,OT,Washington State Cougars,,Entered,0,3.0,82.0,2940.0,221.0,2022,2024-12-09T17:07:00,https://on3static.com/uploads/assets/374/219/219374.png,https://www.on3.com/db/luke-roaten-146234/,portal_industry_football_2025
Dion Washington,EDGE,Hawaii Rainbow Warriors,Boise State Broncos,Committed,0,3.0,82.0,2941.0,235.0,2021,,https://on3static.com/uploads/assets/640/265/265640.png,https://www.on3.com/db/dion-washington-37159/,portal_industry_football_2025
Jaymar Mundy,CB,Western Kentucky Hilltoppers,Ohio Bobcats,Committed,0,3.0,82.0,2942.0,355.0,2021,2025-01-11T11:06:00,https://on3static.com/uploads/assets/170/403/403170.png,https://www.on3.com/db/jaymar-mundy-59179/,portal_industry_football_2025
Kevin Beckham,S,Troy Trojans,,Entered,0,3.0,82.0,2943.0,275.0,2024,2024-12-10T10:53:00,https://on3static.com/uploads/assets/345/585/585345.jpg,https://www.on3.com/db/kevin-beckham-175788/,portal_industry_football_2025
Justin McKithen,CB,Old Dominion Monarchs,,Entered,0,3.0,82.0,2944.0,361.0,2020,2024-12-10T13:52:00,https://on3static.com/uploads/assets/11/74/74011.jpg,https://www.on3.com/db/justin-mckithen-69574/,portal_industry_football_2025
Zak Bowden,OT,Troy Trojans,,Entered,0,3.0,82.0,2945.0,213.0,2022,2024-12-10T13:38:00,,https://www.on3.com/db/zak-bowden-238892/,portal_industry_football_2025
Michael Ray,S,UTEP Miners,,Entered,0,3.0,82.0,2946.0,268.0,2021,2024-12-10T13:48:00,,https://www.on3.com/db/michael-ray-88244/,portal_industry_football_2025
Jourdyn Burruss,LB,Arkansas State Red Wolves,,Entered,0,3.0,82.0,2947.0,282.0,2024,2024-12-10T14:08:00,,https://www.on3.com/db/jourdyn-burruss-239332/,portal_industry_football_2025
Rashad McKinley,CB,New Mexico State Aggies,,Entered,0,3.0,82.0,2948.0,366.0,2022,2024-12-10T12:02:00,https://on3static.com/uploads/assets/806/98/98806.jpg,https://www.on3.com/db/rashad-mckinley-98557/,portal_industry_football_2025
SugaWolf Perry,DL,Troy Trojans,,Entered,0,3.0,82.0,2949.0,356.0,2023,2024-12-10T10:57:00,,https://www.on3.com/db/sugawolf-perry-153573/,portal_industry_football_2025
Jathan Caldwell,TE,Louisiana Ragin Cajuns,,Entered,0,3.0,82.0,2950.0,187.0,2021,2024-12-10T10:13:00,,https://www.on3.com/db/jathan-caldwell-57932/,portal_industry_football_2025
La'Garrius Sims,LB,Louisiana-Monroe Warhawks,,Entered,0,3.0,82.0,2951.0,298.0,2023,2024-12-10T11:58:00,,https://www.on3.com/db/lagarrius-sims-158784/,portal_industry_football_2025
TJ Rush,S,Miami (OH) RedHawks,,Entered,0,3.0,82.0,2952.0,299.0,2020,2024-12-10T14:50:00,,https://www.on3.com/db/tj-rush-113145/,portal_industry_football_2025
Nolan Clement,EDGE,Arizona Wildcats,,Entered,0,3.0,82.0,2954.0,227.0,2023,2024-12-11T12:37:00,https://on3static.com/uploads/assets/439/217/217439.png,https://www.on3.com/db/nolan-clement-158577/,portal_industry_football_2025
Angel Munoz,S,New Mexico State Aggies,,Entered,0,3.0,82.0,2955.0,279.0,2023,2024-12-11T16:30:00,,https://www.on3.com/db/angel-munoz-158574/,portal_industry_football_2025
Ilija Krajnovic,OT,Boston College Eagles,,Entered,0,3.0,82.0,2956.0,214.0,2021,2024-12-10T16:54:00,https://on3static.com/uploads/assets/209/16/16209.jpeg,https://www.on3.com/db/ilija-krajnovic-49002/,portal_industry_football_2025
Jakolbe Baldwin,WR,NC State Wolfpack,,Entered,0,3.0,82.0,2957.0,462.0,2021,2024-12-11T13:11:00,https://on3static.com/uploads/dev/assets/335/10/10335.jpg,https://www.on3.com/db/jakolbe-baldwin-54040/,portal_industry_football_2025
Jalen Coit,WR,NC State Wolfpack,,Entered,0,3.0,82.0,2958.0,463.0,2020,2024-12-11T16:29:00,https://on3static.com/uploads/dev/assets/244/10/10244.jpg,https://www.on3.com/db/jalen-coit-54208/,portal_industry_football_2025
Kyle Lowe,QB,Georgia State Panthers,,Entered,0,3.0,82.0,2959.0,209.0,2022,2024-12-11T10:22:00,https://on3static.com/uploads/assets/113/26/26113.png,https://www.on3.com/db/kyle-lowe-76743/,portal_industry_football_2025
Tyson Edwards,WR,Memphis Tigers,,Entered,0,3.0,82.0,2960.0,468.0,2023,2024-12-11T10:28:00,https://on3static.com/uploads/assets/123/214/214123.jpeg,https://www.on3.com/db/tyson-edwards-153495/,portal_industry_football_2025
Aidan Ryan,S,Virginia Cavaliers,William & Mary Tribe,Committed,0,3.0,82.0,2961.0,288.0,2021,2025-05-12T16:50:00,https://on3static.com/uploads/assets/394/16/16394.jpeg,https://www.on3.com/db/aidan-ryan-2044/,portal_industry_football_2025
Mason Edwards,CB,Utah State Aggies,,Entered,0,3.0,82.0,2962.0,373.0,2023,2024-12-11T11:20:00,,https://www.on3.com/db/mason-edwards-238061/,portal_industry_football_2025
Jaiden Spearman,S,Louisville Cardinals,,Entered,0,3.0,82.0,2963.0,286.0,2024,2024-12-12T09:06:00,https://on3static.com/uploads/assets/177/392/392177.png,https://www.on3.com/db/jaiden-spearman-53134/,portal_industry_football_2025
Khalib Gilmore,LB,Ball State Cardinals,,Entered,0,3.0,82.0,2964.0,265.0,2021,2024-12-13T13:46:00,,https://www.on3.com/db/khalib-gilmore-242102/,portal_industry_football_2025
Tayvon Nelson,CB,Maryland Terrapins,,Entered,0,3.0,82.0,2965.0,344.0,2023,2024-12-13T13:49:00,https://on3static.com/uploads/assets/721/310/310721.png,https://www.on3.com/db/tayvon-nelson-110982/,portal_industry_football_2025
Emari White,WR,UTEP Miners,,Entered,0,3.0,82.0,2967.0,439.0,2020,2024-12-12T20:11:00,https://on3static.com/uploads/assets/589/88/88589.jpg,https://www.on3.com/db/emari-white-150553/,portal_industry_football_2025
Kayden Collins,RB,San Jose State Spartans,,Entered,0,3.0,82.0,2968.0,225.0,2022,2024-12-13T13:50:00,,https://www.on3.com/db/kayden-collins-236967/,portal_industry_football_2025
Braydon Bailey,DL,Utah State Aggies,,Entered,0,3.0,82.0,2969.0,351.0,2022,2024-12-12T14:28:00,,https://www.on3.com/db/braydon-bailey-238985/,portal_industry_football_2025
Kam Herring,CB,UTEP Miners,East Central Community College Warriors,Committed,0,3.0,82.0,2970.0,368.0,2024,,https://on3static.com/uploads/assets/937/551/551937.png,https://www.on3.com/db/kam-herring-176611/,portal_industry_football_2025
Zay Franks,CB,Southern Miss Golden Eagles,,Entered,0,3.0,82.0,2971.0,371.0,2021,2024-12-12T17:03:00,https://on3static.com/uploads/assets/966/75/75966.jpeg,https://www.on3.com/db/zay-franks-121999/,portal_industry_football_2025
Kemarion Baldwin,RB,James Madison Dukes,,Entered,0,3.0,82.0,2972.0,228.0,2023,2024-12-13T15:35:00,https://on3static.com/uploads/assets/325/321/321325.png,https://www.on3.com/db/kemarion-baldwin-155725/,portal_industry_football_2025
Terrell Taylor,S,Utah State Aggies,,Entered,0,3.0,82.0,2973.0,297.0,2020,2024-12-16T17:26:00,,https://www.on3.com/db/terrell-taylor-111608/,portal_industry_football_2025
Jalen Harris,WR,Coastal Carolina Chanticleers,,Entered,0,3.0,82.0,2974.0,474.0,2024,2024-12-17T10:50:00,https://on3static.com/uploads/assets/457/340/340457.png,https://www.on3.com/db/jalen-harris-158177/,portal_industry_football_2025
Michael Gravely Jr.,S,Western Michigan Broncos,,Entered,0,3.0,82.0,2975.0,280.0,2021,2024-12-18T11:34:00,https://on3static.com/uploads/assets/780/18/18780.jpeg,https://www.on3.com/db/michael-gravely-jr-87777/,portal_industry_football_2025
Jackson Grier,WR,Boise State Broncos,Appalachian State Mountaineers,Committed,0,3.0,82.0,2976.0,472.0,2023,2025-01-17T11:23:00,https://on3static.com/uploads/assets/219/394/394219.png,https://www.on3.com/db/jackson-grier-156092/,portal_industry_football_2025
Justin Kimber,WR,Louisiana-Monroe Warhawks,,Entered,0,3.0,82.0,2977.0,473.0,2021,2024-12-18T13:41:00,https://on3static.com/uploads/assets/215/394/394215.png,https://www.on3.com/db/justin-kimber-69472/,portal_industry_football_2025
Zavier Short,WR,Appalachian State Mountaineers,,Entered,0,3.0,82.0,2978.0,441.0,2022,2024-12-19T12:12:00,https://on3static.com/uploads/assets/28/257/257028.jpg,https://www.on3.com/db/zavier-short-123638/,portal_industry_football_2025
Max Mogelson,DL,UNLV Rebels,,Entered,0,3.0,82.0,2979.0,355.0,2024,2024-12-19T12:07:00,https://on3static.com/uploads/assets/456/394/394456.png,https://www.on3.com/db/max-mogelson-177838/,portal_industry_football_2025
Samuel Kenerson,WR,Georgia Southern Eagles,,Entered,0,3.0,82.0,2980.0,461.0,2020,2024-12-20T08:17:00,https://on3static.com/uploads/assets/686/394/394686.jpg,https://www.on3.com/db/samuel-kenerson-104779/,portal_industry_football_2025
Trayv'on Culbert,WR,Louisiana Ragin Cajuns,,Entered,0,3.0,82.0,2981.0,440.0,2021,2024-12-20T10:08:00,,https://www.on3.com/db/trayvon-culbert-114874/,portal_industry_football_2025
Nick Floyd,RB,Utah State Aggies,,Entered,0,3.0,82.0,2982.0,222.0,2022,2024-12-20T16:15:00,,https://www.on3.com/db/nick-floyd-240694/,portal_industry_football_2025
JeCareon Lathan,S,Texas State Bobcats,Northwestern State Demons,Committed,0,3.0,82.0,2983.0,281.0,2020,2025-05-21T09:58:00,https://on3static.com/uploads/assets/137/26/26137.png,https://www.on3.com/db/jecareon-lathan-149935/,portal_industry_football_2025
Jayden Hobson,OT,South Alabama Jaguars,Alabama Crimson Tide,Committed,0,3.0,82.0,2984.0,218.0,2023,,https://on3static.com/uploads/assets/868/222/222868.png,https://www.on3.com/db/jayden-hobson-155022/,portal_industry_football_2025
Brandon Nunez,QB,New Mexico State Aggies,,Entered,0,3.0,82.0,2985.0,206.0,2022,2024-12-24T16:29:00,https://on3static.com/uploads/assets/108/396/396108.png,https://www.on3.com/db/brandon-nunez-239591/,portal_industry_football_2025
Steele Wasel,QB,Oklahoma Sooners,,Entered,0,3.0,82.0,2986.0,216.0,2023,2024-12-24T13:31:00,https://on3static.com/uploads/assets/964/331/331964.png,https://www.on3.com/db/steele-wasel-108253/,portal_industry_football_2025
Mike Franklin,RB,Jacksonville State Gamecocks,,Entered,0,3.0,82.0,2987.0,220.0,2019,2024-12-26T09:08:00,,https://www.on3.com/db/mike-franklin-88957/,portal_industry_football_2025
Mathis Haygood,LB,Marshall Thundering Herd,Southern Miss Golden Eagles,Committed,0,3.0,82.0,2988.0,271.0,2023,2024-12-27T17:06:00,https://on3static.com/uploads/assets/854/396/396854.jpeg,https://www.on3.com/db/mathis-haygood-177332/,portal_industry_football_2025
Desmond Green,WR,James Madison Dukes,,Entered,0,3.0,82.0,2989.0,457.0,2021,2024-12-26T08:15:00,https://on3static.com/uploads/assets/308/396/396308.jpg,https://www.on3.com/db/desmond-green-247419/,portal_industry_football_2025
Mozell Williams,OT,Rutgers Scarlet Knights,Florida A&M Rattlers,Committed,0,3.0,82.0,2991.0,227.0,2023,2025-01-10T16:37:00,https://on3static.com/uploads/assets/786/225/225786.jpeg,https://www.on3.com/db/mozell-williams-156036/,portal_industry_football_2025
Ty Curran,WR,Ball State Cardinals,,Entered,0,3.0,82.0,2992.0,478.0,2024,2024-12-27T19:42:00,https://on3static.com/uploads/assets/355/131/131355.png,https://www.on3.com/db/ty-curran-175028/,portal_industry_football_2025
Peyton Reasonover,CB,Toledo Rockets,,Entered,0,3.0,82.0,2993.0,363.0,2022,2024-12-28T14:12:00,https://on3static.com/uploads/assets/548/397/397548.png,https://www.on3.com/db/peyton-reasonover-145964/,portal_industry_football_2025
Andre Cobb,CB,Northern Illinois Huskies,Fresno State Bulldogs,Committed,0,3.0,82.0,2994.0,357.0,2022,2025-01-31T11:10:00,https://on3static.com/uploads/assets/199/397/397199.jpg,https://www.on3.com/db/andre-cobb-4506/,portal_industry_football_2025
Kalen Villanueva,LB,Connecticut Huskies,,Entered,0,3.0,82.0,2995.0,273.0,2021,2024-12-31T19:17:00,https://on3static.com/uploads/assets/943/15/15943.jpeg,https://www.on3.com/db/kalen-villanueva-70793/,portal_industry_football_2025
Vilay Nakkoun Jr.,CB,Rutgers Scarlet Knights,Abilene Christian Wildcats,Committed,0,3.0,82.0,2996.0,345.0,2023,2025-06-01T09:49:00,https://on3static.com/uploads/assets/539/304/304539.png,https://www.on3.com/db/vilay-nakkoun-jr-154648/,portal_industry_football_2025
Alfred Chea,CB,Connecticut Huskies,,Entered,0,3.0,82.0,2997.0,364.0,2020,2025-01-02T10:07:00,https://on3static.com/uploads/assets/20/399/399020.jpg,https://www.on3.com/db/alfred-chea-3651/,portal_industry_football_2025
Israel Benjamin,RB,Texas A&M Aggies,,Entered,0,3.0,82.0,2998.0,229.0,2020,2025-01-01T21:08:00,https://on3static.com/uploads/assets/22/399/399022.png,https://www.on3.com/db/israel-benjamin-50030/,portal_industry_football_2025
Nick Hawthorne,EDGE,Boise State Broncos,Massachusetts Minutemen,Committed,0,3.0,82.0,2999.0,222.0,2023,2025-01-08T20:22:00,https://on3static.com/uploads/assets/359/399/399359.png,https://www.on3.com/db/nick-hawthorne-155556/,portal_industry_football_2025
Ellis Bynum,RB,Oregon Ducks,,Entered,0,3.0,82.0,3000.0,224.0,2022,2025-01-03T14:43:00,https://on3static.com/uploads/assets/914/93/93914.jpeg,https://www.on3.com/db/ellis-bynum-41545/,portal_industry_football_2025
Landen Thomas,DL,Arizona State Sun Devils,UNLV Rebels,Committed,0,3.0,82.0,3001.0,352.0,2023,2025-01-09T12:59:00,https://on3static.com/uploads/assets/658/399/399658.png,https://www.on3.com/db/landen-thomas-153078/,portal_industry_football_2025
Sirri Kandiyeli,IOL,Arizona State Sun Devils,,Entered,0,3.0,82.0,3002.0,233.0,2023,2025-01-03T18:54:00,https://on3static.com/uploads/assets/711/399/399711.png,https://www.on3.com/db/sirri-kandiyeli-152266/,portal_industry_football_2025
Marcel Williams,WR,Marshall Thundering Herd,,Entered,0,3.0,82.0,3003.0,455.0,2024,2025-04-16T09:03:00,https://on3static.com/uploads/assets/221/236/236221.jpg,https://www.on3.com/db/marcel-williams-151867/,portal_industry_football_2025
MaLik Caswell,S,Marshall Thundering Herd,Southern Miss Golden Eagles,Committed,0,3.0,82.0,3004.0,283.0,2024,2025-01-07T13:38:00,https://on3static.com/uploads/assets/582/211/211582.jpg,https://www.on3.com/db/malik-caswell-178085/,portal_industry_football_2025
Oliver Fisher,TE,Boise State Broncos,Idaho Vandals,Committed,0,3.0,82.0,3005.0,174.0,2023,2025-01-06T09:34:00,https://on3static.com/uploads/assets/163/401/401163.png,https://www.on3.com/db/oliver-fisher-153890/,portal_industry_football_2025
Benjamin Key,DL,UNLV Rebels,,Entered,0,3.0,82.0,3006.0,337.0,2018,2025-01-08T08:46:00,https://on3static.com/uploads/dev/assets/757/3/3757.jpg,https://www.on3.com/db/benjamin-key-10131/,portal_industry_football_2025
Dean Engram,S,Connecticut Huskies,,Entered,0,3.0,82.0,3007.0,271.0,2019,2025-01-08T09:55:00,https://on3static.com/uploads/assets/396/18/18396.jpeg,https://www.on3.com/db/dean-engram-32899/,portal_industry_football_2025
Cameran Brown,QB,Texas Tech Red Raiders,Georgia State Panthers,Committed,0,3.0,82.0,3009.0,203.0,0,2025-01-10T13:01:00,https://on3static.com/uploads/assets/493/265/265493.png,https://www.on3.com/db/cameran-brown-232083/,portal_industry_football_2025
Austin Roon,LB,Syracuse Orange,,Entered,0,3.0,82.0,3010.0,281.0,2021,2025-01-13T11:05:00,https://on3static.com/uploads/assets/391/16/16391.jpeg,https://www.on3.com/db/austin-roon-8672/,portal_industry_football_2025
Anthony Palano,LB,South Dakota State Jackrabbits,Washington State Cougars,Committed,0,3.0,82.0,3011.0,274.0,2024,2025-01-08T12:21:00,https://on3static.com/uploads/assets/887/401/401887.png,https://www.on3.com/db/anthony-palano-236739/,portal_industry_football_2025
CJ Harris,QB,California Golden Bears,,Entered,0,3.0,82.0,3012.0,199.0,2020,2025-01-17T12:22:00,https://on3static.com/uploads/assets/249/314/314249.png,https://www.on3.com/db/cj-harris-23610/,portal_industry_football_2025
John Burris III,CB,UTEP Miners,Morgan State Bears,Committed,0,3.0,82.0,3013.0,359.0,2021,2025-06-01T07:57:00,https://on3static.com/uploads/assets/558/75/75558.jpeg,https://www.on3.com/db/john-burris-iii-63022/,portal_industry_football_2025
Ozzie Hoffler,LB,Georgia State Panthers,,Entered,0,3.0,82.0,3014.0,283.0,2021,2025-03-14T14:20:00,https://on3static.com/uploads/assets/858/15/15858.jpeg,https://www.on3.com/db/ozzie-hoffler-94847/,portal_industry_football_2025
Lamarkus Brand,WR,Georgia State Panthers,,Entered,0,3.0,82.0,3015.0,458.0,0,2025-03-26T11:10:00,https://on3static.com/uploads/assets/589/338/338589.png,https://www.on3.com/db/lamarkus-brand-193587/,portal_industry_football_2025
Da'Shawn Elder,S,Middle Tennessee State Blue Raiders,,Entered,0,3.0,82.0,3016.0,284.0,2020,2025-04-01T11:45:00,https://on3static.com/uploads/assets/536/435/435536.jpg,https://www.on3.com/db/dashawn-elder-27767/,portal_industry_football_2025
Brendon Barrow,RB,Stanford Cardinal,,Entered,0,3.0,82.0,3017.0,230.0,2021,2025-03-21T16:05:00,https://on3static.com/uploads/assets/550/16/16550.jpeg,https://www.on3.com/db/brendon-barrow-13810/,portal_industry_football_2025
Joquarri Price,LB,UCLA Bruins,,Entered,0,3.0,82.0,3018.0,289.0,2020,2025-03-28T08:47:00,https://on3static.com/uploads/dev/assets/352/5/5352.jpg,https://www.on3.com/db/joquarri-price-65120/,portal_industry_football_2025
Cade Fennegan,QB,BYU Cougars,,Entered,0,3.0,82.0,3019.0,215.0,2018,2025-04-02T19:11:00,https://on3static.com/uploads/dev/assets/310/2/2310.jpg,https://www.on3.com/db/cade-fennegan-16591/,portal_industry_football_2025
Austin Dean,LB,Georgia Tech Yellow Jackets,Rutgers Scarlet Knights,Committed,0,3.0,82.0,3020.0,264.0,2021,2025-07-22T13:16:00,https://on3static.com/uploads/assets/966/475/475966.png,https://www.on3.com/db/austin-dean-8323/,portal_industry_football_2025
Evan Spivey,S,James Madison Dukes,,Entered,0,3.0,82.0,3022.0,296.0,2023,2025-04-15T08:15:00,https://on3static.com/uploads/assets/315/321/321315.png,https://www.on3.com/db/evan-spivey-43424/,portal_industry_football_2025
Nathan Huerta,DL,Texas State Bobcats,,Entered,0,3.0,82.0,3023.0,338.0,2022,2025-04-16T09:27:00,,https://www.on3.com/db/nathan-huerta-250627/,portal_industry_football_2025
Rashad McKenzie,DL,Washington State Cougars,Arizona State Sun Devils,Committed,0,3.0,82.0,3024.0,339.0,2022,2025-06-12T19:39:00,https://on3static.com/uploads/assets/348/219/219348.png,https://www.on3.com/db/rashad-mckenzie-98556/,portal_industry_football_2025
Josiah Wyatt,DL,Appalachian State Mountaineers,,Entered,0,3.0,82.0,3025.0,340.0,2022,2025-04-16T12:20:00,https://on3static.com/uploads/assets/156/170/170156.png,https://www.on3.com/db/josiah-wyatt-68236/,portal_industry_football_2025
Blair Schonhorst,CB,Ball State Cardinals,Butler Bulldogs,Committed,0,3.0,82.0,3026.0,356.0,2022,2025-05-14T12:04:00,https://on3static.com/uploads/assets/671/447/447671.png,https://www.on3.com/db/blair-schonhorst-10694/,portal_industry_football_2025
Latrell Neville,WR,New Mexico State Aggies,,Entered,0,3.0,82.0,3028.0,446.0,2021,2025-04-16T12:01:00,https://on3static.com/uploads/assets/322/132/132322.jpeg,https://www.on3.com/db/latrell-neville-78476/,portal_industry_football_2025
Fabian Scott,S,Florida Atlantic Owls,Mercer Bears,Committed,0,3.0,82.0,3029.0,273.0,2023,2025-05-09T12:12:00,https://on3static.com/uploads/assets/211/217/217211.png,https://www.on3.com/db/fabian-scott-152414/,portal_industry_football_2025
Jordyn Williams,WR,Central Michigan Chippewas,,Entered,0,3.0,82.0,3030.0,448.0,2021,2025-04-16T09:10:00,https://on3static.com/uploads/dev/assets/208/6/6208.jpg,https://www.on3.com/db/jordyn-williams-66339/,portal_industry_football_2025
Quincy Burroughs,WR,Wisconsin Badgers,Western Kentucky Hilltoppers,Committed,0,3.0,82.0,3031.0,449.0,2022,2025-05-23T13:16:00,https://on3static.com/uploads/assets/474/304/304474.png,https://www.on3.com/db/quincy-burroughs-97375/,portal_industry_football_2025
Dominic Grguric,WR,Bowling Green Falcons,,Entered,0,3.0,82.0,3032.0,456.0,2021,2025-04-16T09:21:00,https://on3static.com/uploads/assets/600/179/179600.png,https://www.on3.com/db/dominic-grguric-175222/,portal_industry_football_2025
Sam Graci-Glazer,WR,Arizona Wildcats,,Entered,0,3.0,82.0,3033.0,435.0,2022,2025-04-16T11:50:00,https://on3static.com/uploads/assets/595/440/440595.jpg,https://www.on3.com/db/sam-graci-glazer-220005/,portal_industry_football_2025
Aiden Knapke,S,Washington State Cougars,,Entered,0,3.0,82.0,3034.0,267.0,2025,2025-04-16T11:39:00,https://on3static.com/uploads/assets/505/323/323505.png,https://www.on3.com/db/aiden-knapke-241148/,portal_industry_football_2025
Cameron Pascal,IOL,Memphis Tigers,,Entered,0,3.0,82.0,3035.0,217.0,2022,2025-04-16T11:22:00,https://on3static.com/uploads/assets/300/244/244300.png,https://www.on3.com/db/cameron-pascal-18017/,portal_industry_football_2025
Anthony Rosier,LB,Appalachian State Mountaineers,Florida A&M Rattlers,Committed,0,3.0,82.0,3036.0,262.0,2024,2025-05-13T14:16:00,https://on3static.com/uploads/assets/455/447/447455.png,https://www.on3.com/db/anthony-rosier-162622/,portal_industry_football_2025
Carlos Slayden,IOL,Troy Trojans,Southern Miss Golden Eagles,Committed,0,3.0,82.0,3037.0,229.0,2022,2025-04-27T18:21:00,https://on3static.com/uploads/assets/428/304/304428.jpg,https://www.on3.com/db/carlos-slayden-237294/,portal_industry_football_2025
Hunter McLain,IOL,James Madison Dukes,,Entered,0,3.0,82.0,3039.0,231.0,2022,2025-04-16T09:09:00,https://on3static.com/uploads/assets/871/86/86871.jpeg,https://www.on3.com/db/hunter-mclain-48536/,portal_industry_football_2025
Jimmy Liston,IOL,Purdue Boilermakers,,Entered,0,3.0,82.0,3040.0,234.0,2022,2025-04-16T08:41:00,https://on3static.com/uploads/assets/860/343/343860.png,https://www.on3.com/db/jimmy-liston-61743/,portal_industry_football_2025
Robby Harrison,DL,Indiana Hoosiers,Western Kentucky Hilltoppers,Committed,0,3.0,82.0,3041.0,357.0,2022,2025-04-18T11:34:00,https://on3static.com/uploads/assets/199/334/334199.png,https://www.on3.com/db/robby-harrison-100880/,portal_industry_football_2025
Brandon Jones,LB,UTEP Miners,,Entered,0,3.0,82.0,3042.0,284.0,2024,2025-04-16T11:24:00,https://on3static.com/uploads/assets/673/167/167673.JPG,https://www.on3.com/db/brandon-jones-152119/,portal_industry_football_2025
Zack Zandier,TE,Coastal Carolina Chanticleers,,Entered,0,3.0,82.0,3043.0,184.0,2024,2025-04-16T08:58:00,https://on3static.com/uploads/assets/527/340/340527.png,https://www.on3.com/db/zack-zandier-179500/,portal_industry_football_2025
Jaylen Boehm-Peterson,S,Texas State Bobcats,,Entered,0,3.0,82.0,3045.0,293.0,2023,2025-04-16T09:22:00,https://on3static.com/uploads/assets/488/399/399488.png,https://www.on3.com/db/jaylen-boehm-peterson-247781/,portal_industry_football_2025
Isaac Hill,TE,Bowling Green Falcons,,Entered,0,3.0,82.0,3046.0,185.0,2024,2025-04-16T09:41:00,https://on3static.com/uploads/assets/111/147/147111.png,https://www.on3.com/db/isaac-hill-176420/,portal_industry_football_2025
Tristan Bohannon,LB,Washington State Cougars,,Entered,0,3.0,82.0,3047.0,290.0,2023,2025-04-16T12:15:00,https://on3static.com/uploads/assets/336/219/219336.png,https://www.on3.com/db/tristan-bohannon-158866/,portal_industry_football_2025
Jalen Whittaker,CB,Western Michigan Broncos,,Entered,0,3.0,82.0,3048.0,372.0,2024,2025-04-16T10:48:00,https://on3static.com/uploads/assets/294/233/233294.png,https://www.on3.com/db/jalen-whittaker-158224/,portal_industry_football_2025
Christian Davis,RB,Ball State Cardinals,,Entered,0,3.0,82.0,3049.0,227.0,2023,2025-04-16T09:03:00,https://on3static.com/uploads/assets/219/62/62219.jpg,https://www.on3.com/db/christian-davis-22860/,portal_industry_football_2025
Reagan Gill,OT,SMU Mustangs,,Entered,0,3.0,82.0,3050.0,225.0,2023,2025-04-16T11:43:00,https://on3static.com/uploads/assets/161/219/219161.jpg,https://www.on3.com/db/reagan-gill-154671/,portal_industry_football_2025
Dantu Gardner,EDGE,Ball State Cardinals,Butler Bulldogs,Committed,0,3.0,82.0,3051.0,231.0,2024,2025-05-16T10:01:00,https://on3static.com/uploads/assets/125/448/448125.png,https://www.on3.com/db/dantu-gardner-179438/,portal_industry_football_2025
Nathan Hoke,LB,BYU Cougars,,Entered,0,3.0,82.0,3052.0,293.0,2021,2025-04-16T11:42:00,,https://www.on3.com/db/nathan-hoke-91562/,portal_industry_football_2025
Sean DaVault,LB,Tulsa Golden Hurricane,,Entered,0,3.0,82.0,3053.0,294.0,2025,2025-04-16T11:27:00,https://on3static.com/uploads/assets/43/330/330043.png,https://www.on3.com/db/sean-davault-239859/,portal_industry_football_2025
Kadiyon Sweat,S,Utah State Aggies,,Entered,0,3.0,82.0,3054.0,294.0,2023,2025-04-16T09:05:00,,https://www.on3.com/db/kadiyon-sweat-151341/,portal_industry_football_2025
Yaser Alawadi,OT,Ball State Cardinals,,Entered,0,3.0,82.0,3055.0,228.0,2022,2025-04-16T09:58:00,https://on3static.com/uploads/assets/956/275/275956.png,https://www.on3.com/db/yaser-alawadi-122324/,portal_industry_football_2025
Rico Steele,OT,Bowling Green Falcons,,Entered,0,3.0,82.0,3056.0,229.0,2024,2025-04-16T13:11:00,https://on3static.com/uploads/assets/637/440/440637.jpg,https://www.on3.com/db/rico-steele-176221/,portal_industry_football_2025
Brodrick Gooch,LB,Appalachian State Mountaineers,,Entered,0,3.0,82.0,3057.0,295.0,2022,2025-04-16T11:41:00,https://on3static.com/uploads/assets/110/170/170110.png,https://www.on3.com/db/brodrick-gooch-146170/,portal_industry_football_2025
Samson Ogunade,DL,James Madison Dukes,,Entered,0,3.0,82.0,3058.0,361.0,2023,2025-04-16T09:21:00,https://on3static.com/uploads/assets/358/321/321358.png,https://www.on3.com/db/samson-ogunade-162051/,portal_industry_football_2025
Ethan Evers,LB,Ball State Cardinals,,Entered,0,3.0,82.0,3059.0,297.0,2023,2025-04-16T09:52:00,,https://www.on3.com/db/ethan-evers-157651/,portal_industry_football_2025
Luke Marble,QB,Northern Illinois Huskies,South Dakota State Jackrabbits,Committed,0,3.0,82.0,3060.0,214.0,2024,2025-04-26T09:04:00,https://on3static.com/uploads/assets/606/214/214606.jpeg,https://www.on3.com/db/luke-marble-155614/,portal_industry_football_2025
Sam Oppenheimer,LB,Army Black Knights,,Entered,0,3.0,82.0,3061.0,299.0,2023,2025-04-16T10:10:00,,https://www.on3.com/db/sam-oppenheimer-152703/,portal_industry_football_2025
Malaki Ta’ase,DL,New Mexico State Aggies,Washington State Cougars,Committed,0,3.0,82.0,3062.0,364.0,2024,2025-04-22T06:58:00,https://on3static.com/uploads/assets/614/571/571614.png,https://www.on3.com/db/malaki-taase-148039/,portal_industry_football_2025
Dayton Sneed,WR,Tennessee Volunteers,North Carolina Tar Heels,Committed,0,3.0,82.0,3063.0,482.0,2023,2025-04-22T11:43:00,https://on3static.com/uploads/assets/938/470/470938.jpg,https://www.on3.com/db/dayton-sneed-250626/,portal_industry_football_2025
Deaubry Hood,CB,Arkansas State Red Wolves,Tarleton State Texans,Committed,0,3.0,82.0,3064.0,348.0,2023,2025-05-23T13:19:00,https://on3static.com/uploads/assets/176/450/450176.png,https://www.on3.com/db/deaubry-hood-158560/,portal_industry_football_2025
Jocelyn Malaska,CB,Oklahoma Sooners,Abilene Christian Wildcats,Committed,0,3.0,82.0,3065.0,349.0,2022,2025-05-15T14:43:00,https://on3static.com/uploads/assets/997/331/331997.png,https://www.on3.com/db/jocelyn-malaska-61962/,portal_industry_football_2025
Cameron Bonner,WR,Baylor Bears,,Entered,0,3.0,82.0,3066.0,444.0,2021,2025-04-16T19:04:00,https://on3static.com/uploads/assets/805/15/15805.jpeg,https://www.on3.com/db/cameron-bonner-17651/,portal_industry_football_2025
Julien Demby,LB,South Alabama Jaguars,,Entered,0,3.0,82.0,3067.0,266.0,2024,2025-04-16T15:47:00,https://on3static.com/uploads/assets/805/283/283805.png,https://www.on3.com/db/julien-demby-240610/,portal_industry_football_2025
Jamil Williams,LB,Arkansas State Red Wolves,,Entered,0,3.0,82.0,3068.0,272.0,2023,2025-04-16T15:45:00,,https://www.on3.com/db/jamil-williams-153377/,portal_industry_football_2025
Zack Miller,OT,Washington State Cougars,,Entered,0,3.0,82.0,3069.0,212.0,2022,2025-04-16T13:26:00,https://on3static.com/uploads/assets/381/219/219381.png,https://www.on3.com/db/zack-miller-149558/,portal_industry_football_2025
Navarion Benson,CB,Louisiana Tech Bulldogs,,Entered,0,3.0,82.0,3070.0,346.0,2021,2025-04-16T13:24:00,,https://www.on3.com/db/navarion-benson-91792/,portal_industry_football_2025
RoyMarr Thomas,EDGE,James Madison Dukes,,Entered,0,3.0,82.0,3071.0,223.0,2025,2025-04-16T14:15:00,https://on3static.com/uploads/assets/369/242/242369.png,https://www.on3.com/db/roymarr-thomas-155878/,portal_industry_football_2025
Chris Stokes,DL,Marshall Thundering Herd,Southern Miss Golden Eagles,Committed,0,3.0,82.0,3072.0,334.0,2024,,,https://www.on3.com/db/chris-stokes-180673/,portal_industry_football_2025
Nate Markiewicz,TE,UTSA Roadrunners,,Entered,0,3.0,82.0,3073.0,183.0,2024,2025-04-16T14:11:00,https://on3static.com/uploads/assets/165/185/185165.jpg,https://www.on3.com/db/nate-markiewicz-177455/,portal_industry_football_2025
Jah Miller,CB,Florida Atlantic Owls,,Entered,0,3.0,82.0,3074.0,370.0,2024,2025-04-16T16:24:00,https://on3static.com/uploads/assets/936/196/196936.jpeg,https://www.on3.com/db/jah-miller-152378/,portal_industry_football_2025
Kabriel Anderson-Dale,LB,North Texas Mean Green,,Entered,0,3.0,82.0,3075.0,287.0,2024,2025-04-16T15:00:00,,https://www.on3.com/db/kabriel-anderson-dale-70283/,portal_industry_football_2025
Ja'mori Coard,DL,Buffalo Bulls,,Entered,0,3.0,82.0,3076.0,358.0,2022,2025-04-16T17:10:00,https://on3static.com/uploads/assets/233/179/179233.png,https://www.on3.com/db/jamori-coard-149957/,portal_industry_football_2025
Isaac Sohn,OT,North Texas Mean Green,Sam Houston State Bearkats,Committed,0,3.0,82.0,3077.0,224.0,2023,2025-05-06T07:40:00,https://on3static.com/uploads/assets/692/219/219692.png,https://www.on3.com/db/isaac-sohn-151069/,portal_industry_football_2025
Paul Gurrola,OT,North Texas Mean Green,,Entered,0,3.0,82.0,3078.0,226.0,2024,2025-04-16T15:09:00,,https://www.on3.com/db/paul-gurrola-176893/,portal_industry_football_2025
Antoine Cobb,DL,FIU Golden Panthers,,Entered,0,3.0,82.0,3079.0,359.0,2023,2025-04-16T14:14:00,,https://www.on3.com/db/antoine-cobb-157294/,portal_industry_football_2025
Joe Shimko,DL,Bowling Green Falcons,,Entered,0,3.0,82.0,3080.0,360.0,2024,2025-04-16T15:23:00,https://on3static.com/uploads/assets/869/210/210869.jpg,https://www.on3.com/db/joe-shimko-180766/,portal_industry_football_2025
Ashton Heflin,LB,Marshall Thundering Herd,Texas State Bobcats,Committed,0,3.0,82.0,3081.0,300.0,2023,,https://on3static.com/uploads/assets/472/164/164472.png,https://www.on3.com/db/ashton-heflin-146643/,portal_industry_football_2025
Weston Jones,OT,BYU Cougars,,Entered,0,3.0,82.0,3082.0,232.0,2021,2025-04-16T15:01:00,https://on3static.com/uploads/assets/469/226/226469.png,https://www.on3.com/db/weston-jones-144782/,portal_industry_football_2025
Brady Neu,IOL,Central Michigan Chippewas,,Entered,0,3.0,82.0,3083.0,240.0,2023,2025-04-16T15:28:00,,https://www.on3.com/db/brady-neu-151354/,portal_industry_football_2025
Carson Tujague,EDGE,BYU Cougars,,Entered,0,3.0,82.0,3084.0,236.0,2022,2025-04-16T16:14:00,,https://www.on3.com/db/carson-tujague-147415/,portal_industry_football_2025
Sam Hart,TE,Colorado Buffaloes,,Entered,0,3.0,82.0,3085.0,171.0,2021,2025-04-17T12:48:00,https://on3static.com/uploads/assets/523/221/221523.jpeg,https://www.on3.com/db/sam-hart-104328/,portal_industry_football_2025
Deston Hawkins,RB,Nevada Wolf Pack,,Entered,0,3.0,82.0,3086.0,219.0,2019,2025-04-17T16:22:00,https://on3static.com/uploads/assets/786/271/271786.png,https://www.on3.com/db/deston-hawkins-35684/,portal_industry_football_2025
Rod Green,IOL,Purdue Boilermakers,Charlotte 49ers,Committed,0,3.0,82.0,3087.0,220.0,2021,2025-04-30T10:36:00,https://on3static.com/uploads/assets/115/303/303115.png,https://www.on3.com/db/rod-green-101519/,portal_industry_football_2025
Chase Arrington,CB,Eastern Michigan Eagles,Campbell Fighting Camels,Committed,0,3.0,82.0,3088.0,362.0,2023,2025-05-23T11:21:00,https://on3static.com/uploads/assets/177/450/450177.png,https://www.on3.com/db/chase-arrington-177223/,portal_industry_football_2025
Andrew Maushardt,QB,California Golden Bears,,Entered,0,3.0,82.0,3089.0,207.0,2024,2025-04-17T13:24:00,https://on3static.com/uploads/assets/599/335/335599.png,https://www.on3.com/db/andrew-maushardt-5187/,portal_industry_football_2025
Logic Hudgens,CB,Florida Atlantic Owls,,Entered,0,3.0,82.0,3090.0,369.0,2019,2025-04-17T09:53:00,https://on3static.com/uploads/assets/261/132/132261.jpeg,https://www.on3.com/db/logic-hudgens-143472/,portal_industry_football_2025
Dylan Barbrey,OT,Appalachian State Mountaineers,,Entered,0,3.0,82.0,3091.0,223.0,2024,2025-04-17T11:23:00,,https://www.on3.com/db/dylan-barbrey-238004/,portal_industry_football_2025
Landon Bridges,IOL,Arkansas State Red Wolves,,Entered,0,3.0,82.0,3092.0,236.0,2023,2025-04-17T16:20:00,https://on3static.com/uploads/assets/398/389/389398.png,https://www.on3.com/db/landon-bridges-246784/,portal_industry_football_2025
Simon Mapa,TE,California Golden Bears,New Mexico Lobos,Committed,0,3.0,82.0,3093.0,186.0,0,,https://on3static.com/uploads/assets/496/412/412496.png,https://www.on3.com/db/simon-mapa-249305/,portal_industry_football_2025
Kedrick Burley,LB,Middle Tennessee State Blue Raiders,,Entered,0,3.0,82.0,3094.0,288.0,2024,2025-04-17T13:48:00,,https://www.on3.com/db/kedrick-burley-158018/,portal_industry_football_2025
Gabe Hoffmann,TE,Eastern Michigan Eagles,,Entered,0,3.0,82.0,3095.0,188.0,2023,2025-04-17T09:50:00,,https://www.on3.com/db/gabe-hoffmann-44517/,portal_industry_football_2025
Jacobi Jones,LB,Georgia State Panthers,,Entered,0,3.0,82.0,3096.0,301.0,2024,2025-04-17T13:21:00,https://on3static.com/uploads/assets/556/338/338556.png,https://www.on3.com/db/jacobi-jones-240617/,portal_industry_football_2025
Anthony LaFrance,OT,New Mexico State Aggies,,Entered,0,3.0,82.0,3097.0,233.0,2020,2025-04-17T13:38:00,,https://www.on3.com/db/anthony-lafrance-6244/,portal_industry_football_2025
Nacari Johnson,CB,UAB Blazers,,Entered,0,3.0,82.0,3098.0,374.0,2024,2025-04-17T12:55:00,https://on3static.com/uploads/assets/364/221/221364.png,https://www.on3.com/db/nacari-johnson-236039/,portal_industry_football_2025
Sam Carrell,EDGE,Texas Tech Red Raiders,Rice Owls,Committed,0,3.0,82.0,3099.0,224.0,2021,2025-04-29T17:00:00,https://on3static.com/uploads/assets/118/444/444118.png,https://www.on3.com/db/sam-carrell-104231/,portal_industry_football_2025
Anthony Grigsby,QB,Nevada Wolf Pack,,Entered,0,3.0,82.0,3100.0,200.0,2021,2025-04-18T06:29:00,,https://www.on3.com/db/anthony-grigsby-6164/,portal_industry_football_2025
Kiel Eldridge,LB,Toledo Rockets,,Entered,0,3.0,82.0,3101.0,267.0,2022,2025-04-18T10:19:00,,https://www.on3.com/db/kiel-eldridge-75130/,portal_industry_football_2025
Sammy Morris IV,S,Texas Tech Red Raiders,,Entered,0,3.0,82.0,3102.0,276.0,2021,2025-04-18T06:32:00,https://on3static.com/uploads/assets/72/441/441072.jpg,https://www.on3.com/db/sammy-morris-iv-250698/,portal_industry_football_2025
Jarvis Jones,WR,Connecticut Huskies,,Entered,0,3.0,82.0,3103.0,459.0,2023,2025-04-18T10:23:00,https://on3static.com/uploads/assets/657/55/55657.jpeg,https://www.on3.com/db/jarvis-jones-145631/,portal_industry_football_2025
Aiden Meeks,WR,Texas Tech Red Raiders,,Entered,0,3.0,82.0,3104.0,469.0,2023,2025-04-18T06:10:00,https://on3static.com/uploads/assets/593/141/141593.jpeg,https://www.on3.com/db/aiden-meeks-156212/,portal_industry_football_2025
Joshua Evans,WR,Middle Tennessee State Blue Raiders,,Entered,0,3.0,82.0,3105.0,470.0,2024,2025-04-18T06:12:00,https://on3static.com/uploads/assets/70/441/441070.jpg,https://www.on3.com/db/joshua-evans-178337/,portal_industry_football_2025
Jalen Owens,EDGE,Southern Miss Golden Eagles,,Entered,0,3.0,82.0,3106.0,230.0,2024,2025-04-18T06:14:00,,https://www.on3.com/db/jalen-owens-177298/,portal_industry_football_2025
Deyon Batiste,QB,Wyoming Cowboys,Incarnate Word Cardinals,Committed,0,3.0,82.0,3107.0,210.0,2024,2025-05-07T23:47:00,https://on3static.com/uploads/assets/237/446/446237.png,https://www.on3.com/db/deyon-batiste-155324/,portal_industry_football_2025
Silas Corder,QB,Southern Miss Golden Eagles,,Entered,0,3.0,82.0,3108.0,211.0,2025,2025-04-18T10:16:00,https://on3static.com/uploads/assets/740/371/371740.jpeg,https://www.on3.com/db/silas-corder-163212/,portal_industry_football_2025
Deity Deablo,EDGE,Georgia State Panthers,,Entered,0,3.0,82.0,3109.0,232.0,2024,2025-04-18T10:26:00,https://on3static.com/uploads/assets/593/338/338593.png,https://www.on3.com/db/deity-deablo-177706/,portal_industry_football_2025
John Bechtle,TE,Connecticut Huskies,,Entered,0,3.0,82.0,3110.0,172.0,2021,2025-04-18T11:55:00,,https://www.on3.com/db/john-bechtle-180524/,portal_industry_football_2025
Makhete Gueye,OT,Louisville Cardinals,,Entered,0,3.0,82.0,3111.0,217.0,2022,2025-04-18T16:25:00,https://on3static.com/uploads/assets/831/86/86831.jpg,https://www.on3.com/db/makhete-gueye-149895/,portal_industry_football_2025
Miguel Cedeno,IOL,Rice Owls,FIU Golden Panthers,Committed,0,3.0,82.0,3112.0,226.0,2022,2025-05-19T11:03:00,https://on3static.com/uploads/assets/472/91/91472.jpg,https://www.on3.com/db/miguel-cedeno-88676/,portal_industry_football_2025
Tyler Day,LB,Rice Owls,,Entered,0,3.0,82.0,3113.0,291.0,2024,2025-04-18T11:54:00,https://on3static.com/uploads/assets/562/253/253562.png,https://www.on3.com/db/tyler-day-238729/,portal_industry_football_2025
Luke Fletcher,EDGE,Eastern Michigan Eagles,,Entered,0,3.0,82.0,3114.0,234.0,2023,2025-04-18T11:56:00,,https://www.on3.com/db/luke-fletcher-80647/,portal_industry_football_2025
Zhighlil McMillan,WR,North Texas Mean Green,,Entered,0,3.0,82.0,3115.0,481.0,2021,2025-04-18T14:59:00,https://on3static.com/uploads/assets/250/75/75250.jpeg,https://www.on3.com/db/zhighlil-mcmillan-123786/,portal_industry_football_2025
AJ Odom,DL,Memphis Tigers,,Entered,0,3.0,82.0,3116.0,341.0,2022,2025-04-18T20:17:00,https://on3static.com/uploads/assets/142/214/214142.jpeg,https://www.on3.com/db/aj-odom-2206/,portal_industry_football_2025
Preston Alford,RB,Oregon Ducks,,Entered,0,3.0,82.0,3117.0,223.0,2022,2025-04-18T20:11:00,https://on3static.com/uploads/assets/915/93/93915.jpeg,https://www.on3.com/db/preston-alford-96801/,portal_industry_football_2025
Eli Freeman,IOL,Ball State Cardinals,,Entered,0,3.0,82.0,3118.0,238.0,2023,2025-04-18T19:31:00,https://on3static.com/uploads/assets/248/57/57248.jpg,https://www.on3.com/db/eli-freeman-152641/,portal_industry_football_2025
Ja'Mez Drummer,LB,Old Dominion Monarchs,,Entered,0,3.0,82.0,3119.0,268.0,2021,2025-04-21T15:11:00,https://on3static.com/uploads/assets/607/340/340607.png,https://www.on3.com/db/jamez-drummer-175659/,portal_industry_football_2025
Sidney Mbanasor,WR,Tulane Green Wave,Old Dominion Monarchs,Committed,0,3.0,82.0,3120.0,447.0,2022,2025-04-30T14:10:00,https://on3static.com/uploads/assets/635/175/175635.jpeg,https://www.on3.com/db/sidney-mbanasor-147658/,portal_industry_football_2025
Jack Shields,QB,Buffalo Bulls,Albany Great Danes,Committed,0,3.0,82.0,3121.0,201.0,2021,2025-06-27T11:47:00,https://on3static.com/uploads/assets/471/494/494471.jpg,https://www.on3.com/db/jack-shields-51332/,portal_industry_football_2025
Spencer Jones,WR,Duke Blue Devils,,Entered,0,3.0,82.0,3122.0,436.0,2023,2025-04-21T14:17:00,https://on3static.com/uploads/assets/823/164/164823.png,https://www.on3.com/db/spencer-jones-151348/,portal_industry_football_2025
RJ Johnson,QB,Toledo Rockets,Florida A&M Rattlers,Committed,0,3.0,82.0,3123.0,212.0,2023,2025-05-08T09:17:00,https://on3static.com/uploads/assets/718/71/71718.jpeg,https://www.on3.com/db/rj-johnson-155632/,portal_industry_football_2025
Andrew Erby Jr.,IOL,Ohio Bobcats,Bucknell Bison,Committed,0,3.0,82.0,3124.0,237.0,2024,2025-05-18T12:02:00,https://on3static.com/uploads/assets/667/68/68667.jpeg,https://www.on3.com/db/andrew-erby-jr-4993/,portal_industry_football_2025
Zedric Washington,LB,Jacksonville State Gamecocks,,Entered,0,3.0,82.0,3125.0,302.0,2024,2025-04-21T16:08:00,,https://www.on3.com/db/zedric-washington-177371/,portal_industry_football_2025
Ty Williams,S,Oklahoma State Cowboys,Tulsa Golden Hurricane,Committed,0,3.0,82.0,3126.0,269.0,2021,2025-05-11T21:18:00,https://on3static.com/uploads/dev/assets/865/7/7865.jpg,https://www.on3.com/db/ty-williams-117135/,portal_industry_football_2025
Kiersten Lee,LB,Georgia State Panthers,,Entered,0,3.0,82.0,3127.0,277.0,2020,2025-04-22T16:40:00,https://on3static.com/uploads/assets/341/312/312341.png,https://www.on3.com/db/kiersten-lee-75162/,portal_industry_football_2025
Timothy Gulley,DL,Arkansas State Red Wolves,,Entered,0,3.0,82.0,3128.0,345.0,2023,2025-04-22T15:16:00,,https://www.on3.com/db/timothy-gulley-156096/,portal_industry_football_2025
Ben Bouzi,CB,Colorado Buffaloes,,Entered,0,3.0,82.0,3129.0,365.0,2024,2025-04-22T12:39:00,https://on3static.com/uploads/assets/146/120/120146.jpg,https://www.on3.com/db/ben-bouzi-40379/,portal_industry_football_2025
Loren Ward,DL,Florida Atlantic Owls,,Entered,0,3.0,82.0,3130.0,349.0,2024,2025-04-22T16:31:00,https://on3static.com/uploads/assets/554/91/91554.jpg,https://www.on3.com/db/loren-ward-150704/,portal_industry_football_2025
Nicholas Smith,WR,FIU Golden Panthers,,Entered,0,3.0,82.0,3131.0,466.0,2024,2025-04-22T16:44:00,https://on3static.com/uploads/assets/910/226/226910.png,https://www.on3.com/db/nicholas-smith-177137/,portal_industry_football_2025
Ryan Gaea,DL,San Diego State Aztecs,,Entered,0,3.0,82.0,3132.0,367.0,2024,2025-04-22T08:50:00,https://on3static.com/uploads/assets/774/229/229774.png,https://www.on3.com/db/ryan-gaea-237887/,portal_industry_football_2025
Donnie Gray,WR,Northwestern Wildcats,Massachusetts Minutemen,Committed,0,3.0,82.0,3133.0,483.0,2021,2025-05-20T11:00:00,https://on3static.com/uploads/assets/614/219/219614.png,https://www.on3.com/db/donnie-gray-38086/,portal_industry_football_2025
Anthony Rosas,IOL,UNLV Rebels,,Entered,0,3.0,82.0,3134.0,227.0,2021,2025-04-23T10:19:00,https://on3static.com/uploads/assets/60/177/177060.png,https://www.on3.com/db/anthony-rosas-6510/,portal_industry_football_2025
Chris Gant,S,North Texas Mean Green,New Mexico Lobos,Committed,0,3.0,82.0,3135.0,300.0,2024,,https://on3static.com/uploads/assets/863/101/101863.jpg,https://www.on3.com/db/chris-gant-154647/,portal_industry_football_2025
Jarret Nielsen,QB,Hawaii Rainbow Warriors,,Entered,0,3.0,82.0,3136.0,220.0,2025,2025-04-22T17:34:00,https://on3static.com/uploads/assets/173/442/442173.png,https://www.on3.com/db/jarret-nielsen-174759/,portal_industry_football_2025
Roosevelt Mitchell,IOL,Akron Zips,,Entered,0,3.0,82.0,3137.0,241.0,2024,2025-04-23T10:50:00,https://on3static.com/uploads/assets/906/180/180906.png,https://www.on3.com/db/roosevelt-mitchell-179432/,portal_industry_football_2025
TJ Jones,CB,Hawaii Rainbow Warriors,,Entered,0,3.0,82.0,3138.0,377.0,2024,2025-04-23T10:02:00,https://on3static.com/uploads/assets/422/187/187422.jpeg,https://www.on3.com/db/tj-jones-179257/,portal_industry_football_2025
Malcolm McClure,LB,Nevada Wolf Pack,,Entered,0,3.0,82.0,3139.0,276.0,2022,2025-04-23T17:43:00,,https://www.on3.com/db/malcolm-mcclure-81589/,portal_industry_football_2025
Alonzo Contreras,QB,San Jose State Spartans,,Entered,0,3.0,82.0,3140.0,219.0,2024,2025-04-23T21:22:00,https://on3static.com/uploads/assets/269/93/93269.jpg,https://www.on3.com/db/alonzo-contreras-158390/,portal_industry_football_2025
Kristyane Gregory,DL,Liberty Flames,,Entered,0,3.0,82.0,3141.0,368.0,2024,2025-04-24T10:05:00,https://on3static.com/uploads/assets/274/229/229274.png,https://www.on3.com/db/kristyane-gregory-179307/,portal_industry_football_2025
Alijah Lacey,DL,Georgia Southern Eagles,,Entered,0,3.0,82.0,3142.0,369.0,2023,2025-04-24T13:32:00,https://on3static.com/uploads/assets/537/528/528537.jpg,https://www.on3.com/db/alijah-lacey-162329/,portal_industry_football_2025
Jalen O'Neal,CB,Sam Houston State Bearkats,,Entered,0,3.0,82.0,3143.0,347.0,2023,2025-04-25T11:05:00,https://on3static.com/uploads/assets/616/83/83616.jpg,https://www.on3.com/db/jalen-oneal-152125/,portal_industry_football_2025
Cam Todd,IOL,Coastal Carolina Chanticleers,,Entered,0,3.0,82.0,3144.0,218.0,2023,2025-04-25T11:05:00,https://on3static.com/uploads/assets/11/368/368011.png,https://www.on3.com/db/cam-todd-205422/,portal_industry_football_2025
Grant Hessler,DL,UNLV Rebels,,Entered,0,3.0,82.0,3145.0,347.0,0,2025-04-24T10:14:00,,https://www.on3.com/db/grant-hessler-238105/,portal_industry_football_2025
Kameron Durant,IOL,East Carolina Pirates,Campbell Fighting Camels,Committed,0,3.0,82.0,3146.0,239.0,2023,2025-05-15T09:43:00,https://on3static.com/uploads/assets/828/213/213828.jpeg,https://www.on3.com/db/kameron-durant-156336/,portal_industry_football_2025
Chantson Prox,CB,Sam Houston State Bearkats,,Entered,0,3.0,82.0,3147.0,375.0,2023,2025-04-25T15:06:00,,https://www.on3.com/db/chantson-prox-175681/,portal_industry_football_2025
Zack Boehly,OT,East Carolina Pirates,,Entered,0,3.0,82.0,3148.0,234.0,2024,2025-04-25T15:13:00,https://on3static.com/uploads/assets/47/338/338047.png,https://www.on3.com/db/zack-boehly-155187/,portal_industry_football_2025
Banks Bowen,QB,Tulsa Golden Hurricane,Oklahoma State Cowboys,Committed,0,3.0,82.0,3149.0,7.0,2025,2025-04-28T22:22:00,https://on3static.com/uploads/assets/799/327/327799.png,https://www.on3.com/db/banks-bowen-239729/,portal_industry_football_2025
Huston Eubank,LB,Western Michigan Broncos,,Entered,0,3.0,82.0,3150.0,303.0,2024,2025-04-24T17:00:00,https://on3static.com/uploads/assets/663/228/228663.png,https://www.on3.com/db/huston-eubank-158218/,portal_industry_football_2025
Rex Lahr,IOL,Liberty Flames,,Entered,0,3.0,82.0,3151.0,242.0,2024,2025-04-25T11:02:00,https://on3static.com/uploads/assets/946/231/231946.png,https://www.on3.com/db/rex-lahr-174720/,portal_industry_football_2025
Quinten Johnson,LB,UCF Knights,,Entered,0,3.0,82.0,3152.0,275.0,2022,2025-04-26T11:38:00,,https://www.on3.com/db/quinten-johnson-244268/,portal_industry_football_2025
Jamauri Knox,WR,Liberty Flames,,Entered,0,3.0,82.0,3153.0,484.0,2024,2025-04-26T11:42:00,https://on3static.com/uploads/assets/718/60/60718.jpg,https://www.on3.com/db/jamauri-knox-150890/,portal_industry_football_2025
Brayden Ramey,OT,Florida Atlantic Owls,South Alabama Jaguars,Committed,0,3.0,82.0,3154.0,235.0,2023,2025-05-02T08:06:00,https://on3static.com/uploads/assets/267/217/217267.png,https://www.on3.com/db/brayden-ramey-150721/,portal_industry_football_2025
Max Drag,TE,Appalachian State Mountaineers,UCF Knights,Committed,0,3.0,82.0,3155.0,180.0,2023,2025-05-03T14:30:00,https://on3static.com/uploads/assets/746/564/564746.PNG,https://www.on3.com/db/max-drag-156758/,portal_industry_football_2025
Keanon McNally,OT,Old Dominion Monarchs,Cal Poly Mustangs,Committed,0,3.0,82.0,3156.0,216.0,2022,2025-05-13T15:01:00,https://on3static.com/uploads/assets/461/447/447461.png,https://www.on3.com/db/keanon-mcnally-146155/,portal_industry_football_2025
Antoine Booth,CB,James Madison Dukes,North Dakota State Bison,Committed,0,3.0,82.0,3157.0,358.0,2021,2025-05-15T12:14:00,https://on3static.com/uploads/assets/52/16/16052.jpeg,https://www.on3.com/db/antoine-booth-6769/,portal_industry_football_2025
Braylen Jackson,DL,SMU Mustangs,Baylor Bears,Committed,0,3.0,82.0,3158.0,344.0,2021,2025-08-12T08:49:00,https://on3static.com/uploads/assets/171/219/219171.jpg,https://www.on3.com/db/braylen-jackson-144870/,portal_industry_football_2025
Jayden Dixon-Veal,WR,Purdue Boilermakers,California Golden Bears,Committed,0,3.0,82.0,3159.0,465.0,2020,2025-05-09T17:09:00,https://on3static.com/uploads/assets/476/343/343476.png,https://www.on3.com/db/jayden-dixon-veal-58640/,portal_industry_football_2025
L'Cier Luter,DL,Ball State Cardinals,FIU Golden Panthers,Committed,0,3.0,82.0,3160.0,348.0,2021,2025-05-31T08:47:00,https://on3static.com/uploads/assets/79/177/177079.png,https://www.on3.com/db/lcier-luter-179388/,portal_industry_football_2025
Shawqi Itraish,QB,Rice Owls,Ole Miss Rebels,Committed,0,3.0,82.0,3161.0,205.0,2021,2025-05-21T12:05:00,https://on3static.com/uploads/assets/560/449/449560.png,https://www.on3.com/db/shawqi-itraish-145221/,portal_industry_football_2025
JP Pickles,QB,UTEP Miners,Mercer Bears,Committed,0,3.0,82.0,3162.0,217.0,2024,2025-05-06T07:39:00,https://on3static.com/uploads/assets/686/445/445686.png,https://www.on3.com/db/jp-pickles-178262/,portal_industry_football_2025
Alvin Puefua,DL,Hawaii Rainbow Warriors,BYU Cougars,Committed,0,3.0,82.0,3163.0,365.0,2024,2025-05-23T10:27:00,https://on3static.com/uploads/assets/612/450/450612.png,https://www.on3.com/db/alvin-puefua-178810/,portal_industry_football_2025
JD Sherrod,QB,Kent State Golden Flashes,Illinois State Redbirds,Committed,0,3.0,82.0,3164.0,218.0,2023,2025-05-12T08:14:00,https://on3static.com/uploads/assets/951/275/275951.png,https://www.on3.com/db/jd-sherrod-158940/,portal_industry_football_2025
Raheim Sexil,CB,FIU Golden Panthers,Massachusetts Minutemen,Committed,0,3.0,82.0,3165.0,376.0,2024,2025-05-09T08:49:00,https://on3static.com/uploads/assets/917/226/226917.png,https://www.on3.com/db/raheim-sexil-158013/,portal_industry_football_2025
Joshua Pierce,EDGE,Campbell Fighting Camels,North Texas Mean Green,Committed,0,3.0,82.0,3166.0,229.0,2023,2024-12-22T16:02:00,https://on3static.com/uploads/assets/311/576/576311.png,https://www.on3.com/db/joshua-pierce-176450/,portal_industry_football_2025
Leron Husbands,TE,Maryland Terrapins,Tulane Green Wave,Committed,0,3.0,85.0,3167.0,112.0,2021,2025-01-05T19:23:00,https://on3static.com/uploads/assets/21/16/16021.jpeg,https://www.on3.com/db/leron-husbands-144329/,portal_industry_football_2025
Syncere Safeeullah,CB,Nebraska Cornhuskers,Tennessee State Tigers,Committed,0,3.0,83.0,3168.0,320.0,2023,2025-01-10T23:08:00,https://on3static.com/uploads/assets/795/182/182795.jpeg,https://www.on3.com/db/syncere-safeeullah-146696/,portal_industry_football_2025
Kobi Albert,S,Mississippi State Bulldogs,Connecticut Huskies,Committed,0,3.0,84.0,3169.0,219.0,2022,2025-01-07T18:30:00,https://on3static.com/uploads/assets/826/465/465826.jpg,https://www.on3.com/db/kobi-albert-50627/,portal_industry_football_2025
Chris Barnes,WR,Washington State Cougars,Wake Forest Demon Deacons,Committed,0,3.0,81.0,3170.0,571.0,2024,2025-01-05T22:26:00,https://on3static.com/uploads/assets/832/400/400832.png,https://www.on3.com/db/chris-barnes-174456/,portal_industry_football_2025
Austin Uke,OT,Stanford Cardinal,Miami (OH) RedHawks,Committed,0,3.0,83.0,3171.0,196.0,2021,2025-01-01T09:43:00,https://on3static.com/uploads/assets/891/12/12891.jpeg,https://www.on3.com/db/austin-uke-8777/,portal_industry_football_2025
Micah Pollard,LB,Michigan Wolverines,Liberty Flames,Committed,0,3.0,83.0,3172.0,236.0,2022,2024-12-27T15:04:00,https://on3static.com/uploads/assets/598/302/302598.png,https://www.on3.com/db/micah-pollard-87208/,portal_industry_football_2025
Amaury Wiggins,IOL,Arkansas Razorbacks,South Alabama Jaguars,Committed,0,3.0,83.0,3173.0,210.0,0,2025-01-14T17:41:00,https://on3static.com/uploads/assets/127/223/223127.jpg,https://www.on3.com/db/amaury-wiggins-177489/,portal_industry_football_2025
Jordan Onovughe,WR,Colorado Buffaloes,Stanford Cardinal,Committed,0,3.0,83.0,3174.0,385.0,2023,2024-12-21T22:28:00,https://on3static.com/uploads/assets/408/242/242408.jpeg,https://www.on3.com/db/jordan-onovughe-158879/,portal_industry_football_2025
Zach Aamland,IOL,Illinois Fighting Illini,Rutgers Scarlet Knights,Committed,0,3.0,83.0,3175.0,211.0,2023,2025-05-03T09:39:00,https://on3static.com/uploads/assets/180/506/506180.png,https://www.on3.com/db/zach-aamland-150329/,portal_industry_football_2025
Ka'eo Akana,EDGE,Utah Utes,Hawaii Rainbow Warriors,Committed,0,3.0,84.0,3176.0,206.0,2022,2025-01-14T11:37:00,https://on3static.com/uploads/assets/767/175/175767.jpeg,https://www.on3.com/db/kaeo-akana-70454/,portal_industry_football_2025
Noah Bolticoff,OT,Indiana Hoosiers,,Entered,0,3.0,84.0,3177.0,169.0,2021,2024-10-21T10:40:00,https://on3static.com/uploads/dev/assets/785/7/7785.jpg,https://www.on3.com/db/noah-bolticoff-93537/,portal_industry_football_2025
Justice Spann,WR,Arizona State Sun Devils,Memphis Tigers,Committed,0,3.0,81.0,3178.0,564.0,2024,2025-07-04T19:10:00,https://on3static.com/uploads/assets/401/464/464401.png,https://www.on3.com/db/justice-spann-153231/,portal_industry_football_2025
Jackson Long,TE,Georgia Tech Yellow Jackets,Georgia Southern Eagles,Committed,0,3.0,83.0,3179.0,158.0,2022,2025-05-01T16:41:00,https://on3static.com/uploads/assets/391/132/132391.jpeg,https://www.on3.com/db/jackson-long-51614/,portal_industry_football_2025
Ronnie Porter,LB,South Carolina Gamecocks,Appalachian State Mountaineers,Committed,0,3.0,83.0,3180.0,259.0,2021,2025-04-28T12:36:00,https://on3static.com/uploads/assets/59/257/257059.jpg,https://www.on3.com/db/ronnie-porter-102340/,portal_industry_football_2025
Ladarian Paulk,S,West Florida Argonauts,East Carolina Pirates,Committed,0,3.0,81.0,3181.0,303.0,2021,2025-05-16T10:50:00,https://on3static.com/uploads/assets/31/183/183031.png,https://www.on3.com/db/ladarian-paulk-150479/,portal_industry_football_2025
Thomas Amankwaa,S,Rutgers Scarlet Knights,Delaware Fightin' Blue Hens,Committed,0,3.0,83.0,3182.0,250.0,2022,2024-12-14T16:48:00,https://on3static.com/uploads/assets/217/575/575217.png,https://www.on3.com/db/thomas-amankwaa-112212/,portal_industry_football_2025
Tyler Stolsky,LB,Minnesota Golden Gophers,Florida Atlantic Owls,Committed,0,3.0,83.0,3183.0,239.0,2022,2024-12-16T20:18:00,https://on3static.com/uploads/assets/679/393/393679.png,https://www.on3.com/db/tyler-stolsky-118134/,portal_industry_football_2025
Landry Lyddy,QB,UAB Blazers,Southern Miss Golden Eagles,Committed,0,3.0,83.0,3184.0,194.0,2022,2025-01-13T11:13:00,https://on3static.com/uploads/assets/127/26/26127.png,https://www.on3.com/db/landry-lyddy-78061/,portal_industry_football_2025
Steven Sannieniola,S,Vanderbilt Commodores,Troy Trojans,Committed,0,3.0,83.0,3185.0,245.0,2022,2025-01-04T15:17:00,https://on3static.com/uploads/assets/284/332/332284.png,https://www.on3.com/db/steven-sannieniola-109072/,portal_industry_football_2025
Sid Kaba,DL,Western Michigan Broncos,Marshall Thundering Herd,Committed,0,3.0,83.0,3186.0,319.0,2023,2025-01-16T09:25:00,https://on3static.com/uploads/assets/93/405/405093.png,https://www.on3.com/db/sid-kaba-150447/,portal_industry_football_2025
Jerrale Powers,TE,Florida State Seminoles,Stephen F. Austin Lumberjacks,Committed,0,3.0,83.0,3187.0,163.0,2022,2025-01-10T13:20:00,https://on3static.com/uploads/assets/230/242/242230.jpeg,https://www.on3.com/db/jerrale-powers-60978/,portal_industry_football_2025
Kristen Hoskins,WR,Minnesota Golden Gophers,North Dakota Fighting Hawks,Committed,0,3.0,83.0,3188.0,434.0,2022,2025-01-09T14:00:00,https://on3static.com/uploads/assets/828/393/393828.png,https://www.on3.com/db/kristen-hoskins-145330/,portal_industry_football_2025
Tywon Wray,S,Oklahoma State Cowboys,South Alabama Jaguars,Committed,0,3.0,83.0,3189.0,247.0,2023,2025-01-12T13:21:00,https://on3static.com/uploads/assets/583/226/226583.png,https://www.on3.com/db/tywon-wray-174725/,portal_industry_football_2025
Devynn Cromwell,CB,Texas Tech Red Raiders,Michigan State Spartans,Committed,0,3.0,83.0,3190.0,330.0,2020,2025-05-13T12:01:00,https://on3static.com/uploads/assets/409/447/447409.png,https://www.on3.com/db/devynn-cromwell-36669/,portal_industry_football_2025
Griffin Duggan,OT,Virginia Tech Hokies,Old Dominion Monarchs,Committed,0,3.0,82.0,3191.0,215.0,2021,2025-01-27T18:38:00,https://on3static.com/uploads/assets/57/72/72057.jpg,https://www.on3.com/db/griffin-duggan-47126/,portal_industry_football_2025
Djay Williams,IOL,Louisiana Ragin Cajuns,UTSA Roadrunners,Committed,0,3.0,82.0,3192.0,225.0,2024,2024-12-15T09:54:00,https://on3static.com/uploads/assets/462/106/106462.jpg,https://www.on3.com/db/djay-williams-162323/,portal_industry_football_2025
CJ Leonard,,Iowa Hawkeyes,,Entered,0,3.0,81.0,3193.0,509.0,2023,,https://on3static.com/uploads/assets/517/144/144517.jpg,https://www.on3.com/db/cj-leonard-176079/,portal_industry_football_2025
Nino Remigio,WR,San Diego State Aztecs,,Entered,0,3.0,81.0,3194.0,575.0,2021,2024-10-30T13:38:00,https://on3static.com/uploads/assets/700/373/373700.png,https://www.on3.com/db/nino-remigio-93463/,portal_industry_football_2025
Jaylan Jarrett,EDGE,Kennesaw State Owls,,Entered,0,3.0,81.0,3195.0,237.0,2023,2024-11-11T11:50:00,https://on3static.com/uploads/assets/15/379/379015.png,https://www.on3.com/db/jaylan-jarrett-155175/,portal_industry_football_2025
Feyisayo Oluleye,WR,Penn State Nittany Lions,Clarion Golden Eagles,Committed,0,3.0,81.0,3197.0,522.0,2020,2025-06-11T14:06:00,https://on3static.com/uploads/assets/50/303/303050.png,https://www.on3.com/db/feyisayo-oluleye-43799/,portal_industry_football_2025
David Cole,WR,Kennesaw State Owls,,Entered,0,3.0,81.0,3198.0,508.0,2023,2024-11-15T13:05:00,https://on3static.com/uploads/assets/711/381/381711.jpg,https://www.on3.com/db/david-cole-159042/,portal_industry_football_2025
Lawson Weddington,S,Kennesaw State Owls,,Entered,0,3.0,81.0,3199.0,315.0,2022,2024-11-15T12:55:00,https://on3static.com/uploads/assets/704/381/381704.jpg,https://www.on3.com/db/lawson-weddington-246666/,portal_industry_football_2025
Khani McNeese,CB,Ball State Cardinals,,Entered,0,3.0,81.0,3200.0,386.0,2023,2024-11-21T12:38:00,https://on3static.com/uploads/assets/160/384/384160.jpg,https://www.on3.com/db/khani-mcneese-246688/,portal_industry_football_2025
Pete Melle,EDGE,Delaware Fightin' Blue Hens,,Entered,0,3.0,81.0,3203.0,256.0,2021,2024-11-25T06:45:00,https://on3static.com/uploads/assets/252/386/386252.png,https://www.on3.com/db/pete-melle-96108/,portal_industry_football_2025
Leslie Adindu,DL,Southern University Jaguars,,Entered,0,3.0,81.0,3204.0,399.0,2021,2024-11-22T14:10:00,https://on3static.com/uploads/assets/509/384/384509.jpg,https://www.on3.com/db/leslie-adindu-246698/,portal_industry_football_2025
Jayce Hunter,CB,UTEP Miners,,Entered,0,3.0,81.0,3205.0,409.0,2019,2024-11-25T08:10:00,https://on3static.com/uploads/assets/187/386/386187.png,https://www.on3.com/db/jayce-hunter-143920/,portal_industry_football_2025
Brandon Cox,S,Holy Cross Crusaders,,Entered,0,3.0,81.0,3207.0,314.0,2021,2024-11-25T17:14:00,https://on3static.com/uploads/assets/411/386/386411.jpg,https://www.on3.com/db/brandon-cox-187855/,portal_industry_football_2025
Jonavon Tillis,LB,Mississippi Valley State Delta Devils,,Entered,0,3.0,81.0,3208.0,345.0,2020,2024-11-25T17:35:00,https://on3static.com/uploads/assets/422/386/386422.jpg,https://www.on3.com/db/jonavon-tillis-65045/,portal_industry_football_2025
Jake Kim,CB,Valparaiso Beacons,,Entered,0,3.0,81.0,3209.0,423.0,2023,2024-11-25T17:38:00,https://on3static.com/uploads/assets/423/386/386423.jpg,https://www.on3.com/db/jake-kim-246734/,portal_industry_football_2025
Ameer Dudley,CB,Harvard Crimson,,Entered,0,3.0,81.0,3210.0,393.0,2021,2024-11-26T13:12:00,https://on3static.com/uploads/assets/741/386/386741.jpg,https://www.on3.com/db/ameer-dudley-4259/,portal_industry_football_2025
Christian Boivin,LB,Michigan Wolverines,,Entered,0,3.0,81.0,3211.0,306.0,2021,2024-12-02T16:05:00,https://on3static.com/uploads/assets/538/137/137538.jpeg,https://www.on3.com/db/christian-boivin-22785/,portal_industry_football_2025
Grant Hidalgo,TE,Auburn Tigers,,Entered,0,3.0,81.0,3212.0,190.0,2020,2024-12-02T15:50:00,https://on3static.com/uploads/assets/553/162/162553.jpeg,https://www.on3.com/db/grant-hidalgo-150216/,portal_industry_football_2025
Ja'Coby Matthews,WR,FIU Golden Panthers,,Entered,0,3.0,81.0,3213.0,527.0,2021,2024-12-02T17:18:00,https://on3static.com/uploads/assets/68/389/389068.png,https://www.on3.com/db/jacoby-matthews-177316/,portal_industry_football_2025
Trey Feeney,QB,North Dakota Fighting Hawks,,Entered,0,3.0,81.0,3214.0,265.0,2021,2024-12-02T09:04:00,https://on3static.com/uploads/assets/821/388/388821.png,https://www.on3.com/db/trey-feeney-116007/,portal_industry_football_2025
Tyler Devera,TE,Elon Phoenix,,Entered,0,3.0,81.0,3215.0,215.0,2019,2024-11-29T09:02:00,https://on3static.com/uploads/assets/37/17/17037.jpeg,https://www.on3.com/db/tyler-devera-117506/,portal_industry_football_2025
Lukas Ungar,TE,Stanford Cardinal,New Mexico State Aggies,Committed,0,3.0,81.0,3216.0,192.0,2020,2025-05-27T10:43:00,https://on3static.com/uploads/dev/assets/13/6/6013.jpg,https://www.on3.com/db/lukas-ungar-80519/,portal_industry_football_2025
Mike Jackson,WR,FIU Golden Panthers,,Entered,0,3.0,81.0,3217.0,498.0,2022,2024-12-03T07:54:00,https://on3static.com/uploads/assets/351/389/389351.png,https://www.on3.com/db/mike-jackson-144099/,portal_industry_football_2025
David Kasemervisz,WR,Stanford Cardinal,Rice Owls,Committed,0,3.0,81.0,3218.0,562.0,2021,,https://on3static.com/uploads/assets/776/217/217776.png,https://www.on3.com/db/david-kasemervisz-160721/,portal_industry_football_2025
Alonzo Colvin,S,Charlotte 49ers,,Entered,0,3.0,81.0,3219.0,305.0,0,2024-12-04T17:07:00,https://on3static.com/uploads/assets/321/319/319321.png,https://www.on3.com/db/alonzo-colvin-243484/,portal_industry_football_2025
Antoine Sullivan,WR,Fresno State Bulldogs,,Entered,0,3.0,81.0,3220.0,506.0,0,2024-12-05T13:26:00,https://on3static.com/uploads/assets/96/390/390096.png,https://www.on3.com/db/antoine-sullivan-177309/,portal_industry_football_2025
JD Drew,CB,Utah State Aggies,Tulsa Golden Hurricane,Committed,0,3.0,81.0,3221.0,382.0,2022,2025-01-01T14:02:00,https://on3static.com/uploads/assets/474/221/221474.jpg,https://www.on3.com/db/jd-drew-147049/,portal_industry_football_2025
Seth Bullock,LB,Tulsa Golden Hurricane,,Entered,0,3.0,81.0,3222.0,310.0,2021,2024-12-06T08:19:00,https://on3static.com/uploads/assets/40/75/75040.jpeg,https://www.on3.com/db/seth-bullock-105975/,portal_industry_football_2025
Hugo Gil,DL,Temple Owls,Charleston Southern Buccaneers,Committed,0,3.0,81.0,3223.0,378.0,2023,2025-01-23T10:17:00,https://on3static.com/uploads/assets/416/390/390416.png,https://www.on3.com/db/hugo-gil-177214/,portal_industry_football_2025
Deshun Murrell,RB,UCLA Bruins,,Entered,0,3.0,81.0,3224.0,240.0,2021,2024-12-06T12:12:00,https://on3static.com/uploads/assets/573/16/16573.jpeg,https://www.on3.com/db/deshun-murrell-35489/,portal_industry_football_2025
Qian Magwood,WR,Ball State Cardinals,,Entered,0,3.0,81.0,3225.0,532.0,2020,2024-12-06T09:03:00,https://on3static.com/uploads/assets/352/390/390352.png,https://www.on3.com/db/qian-magwood-97019/,portal_industry_football_2025
CK Carter,OT,UTEP Miners,,Entered,0,3.0,81.0,3226.0,245.0,2020,2024-12-05T14:07:00,https://on3static.com/uploads/assets/376/390/390376.png,https://www.on3.com/db/ck-carter-158143/,portal_industry_football_2025
Andre Proffitt,DL,Akron Zips,,Entered,0,3.0,81.0,3228.0,374.0,2021,2024-12-09T06:30:00,,https://www.on3.com/db/andre-proffitt-4660/,portal_industry_football_2025
Joshua Dye,RB,UTEP Miners,Southern Utah Thunderbirds,Committed,0,3.0,81.0,3229.0,237.0,2023,,https://on3static.com/uploads/assets/177/391/391177.png,https://www.on3.com/db/joshua-dye-177318/,portal_industry_football_2025
Titus Ivy,WR,Virginia Cavaliers,,Entered,0,3.0,81.0,3230.0,487.0,2023,2024-12-09T08:02:00,https://on3static.com/uploads/assets/210/222/222210.png,https://www.on3.com/db/titus-ivy-174000/,portal_industry_football_2025
Jett Runion,TE,Houston Cougars,,Entered,0,3.0,81.0,3231.0,191.0,2023,2024-12-09T08:01:00,https://on3static.com/uploads/assets/395/223/223395.png,https://www.on3.com/db/jett-runion-152283/,portal_industry_football_2025
Ezekiel Avit,WR,Maryland Terrapins,Fresno State Bulldogs,Committed,0,3.0,81.0,3232.0,510.0,2023,2025-04-26T12:54:00,https://on3static.com/uploads/assets/714/310/310714.png,https://www.on3.com/db/ezekiel-avit-156433/,portal_industry_football_2025
Chris Edmonds,RB,Bowling Green Falcons,,Entered,0,3.0,81.0,3233.0,235.0,2023,2024-12-09T07:51:00,https://on3static.com/uploads/assets/186/391/391186.png,https://www.on3.com/db/chris-edmonds-175102/,portal_industry_football_2025
Jordan Myles,LB,Louisiana Tech Bulldogs,,Entered,0,3.0,81.0,3234.0,314.0,2018,2024-12-09T07:46:00,,https://www.on3.com/db/jordan-myles-65819/,portal_industry_football_2025
Josiah Dye,S,UTEP Miners,Southern Utah Thunderbirds,Committed,0,3.0,81.0,3235.0,311.0,2023,,https://on3static.com/uploads/assets/187/391/391187.png,https://www.on3.com/db/josiah-dye-156547/,portal_industry_football_2025
Amarie Archer,IOL,East Carolina Pirates,Akron Zips,Committed,0,3.0,81.0,3236.0,264.0,0,2024-12-20T09:51:00,https://on3static.com/uploads/assets/698/394/394698.png,https://www.on3.com/db/amarie-archer-241962/,portal_industry_football_2025
Andre Jones,WR,Coastal Carolina Chanticleers,,Entered,0,3.0,81.0,3237.0,523.0,2022,2024-12-09T07:46:00,https://on3static.com/uploads/assets/458/340/340458.png,https://www.on3.com/db/andre-jones-145793/,portal_industry_football_2025
Jason Woods,WR,Wake Forest Demon Deacons,,Entered,0,3.0,81.0,3238.0,570.0,2024,2024-12-09T08:54:00,https://on3static.com/uploads/assets/215/391/391215.png,https://www.on3.com/db/jason-woods-177018/,portal_industry_football_2025
Daylyn Diston,CB,East Carolina Pirates,,Entered,0,3.0,81.0,3239.0,410.0,2023,2024-12-09T08:57:00,https://on3static.com/uploads/assets/638/213/213638.jpeg,https://www.on3.com/db/daylyn-diston-150823/,portal_industry_football_2025
JD Davis II,QB,Western Michigan Broncos,,Entered,0,3.0,81.0,3240.0,228.0,2024,2024-12-09T08:24:00,https://on3static.com/uploads/assets/202/391/391202.png,https://www.on3.com/db/jd-davis-ii-239458/,portal_industry_football_2025
Ty Walls,WR,Oklahoma State Cowboys,,Entered,0,3.0,81.0,3241.0,507.0,2023,2024-12-09T08:33:00,https://on3static.com/uploads/assets/595/226/226595.png,https://www.on3.com/db/ty-walls-158281/,portal_industry_football_2025
Jack Reynolds,WR,Charlotte 49ers,,Entered,0,3.0,81.0,3242.0,493.0,2021,2024-12-09T09:14:00,https://on3static.com/uploads/assets/677/91/91677.jpg,https://www.on3.com/db/jack-reynolds-51290/,portal_industry_football_2025
Montrell Wade,WR,Boston College Eagles,,Entered,0,3.0,81.0,3243.0,497.0,2023,2024-12-09T08:08:00,https://on3static.com/uploads/assets/626/309/309626.png,https://www.on3.com/db/montrell-wade-90322/,portal_industry_football_2025
Semaj James,CB,Troy Trojans,Hawaii Rainbow Warriors,Committed,0,3.0,81.0,3245.0,390.0,2021,2025-05-02T10:21:00,https://on3static.com/uploads/assets/637/71/71637.png,https://www.on3.com/db/semaj-james-144275/,portal_industry_football_2025
Javon Gillespie,CB,Coastal Carolina Chanticleers,,Entered,0,3.0,81.0,3246.0,397.0,2023,2024-12-09T08:27:00,,https://www.on3.com/db/javon-gillespie-246927/,portal_industry_football_2025
Demanuel Brown,EDGE,Boise State Broncos,New Mexico State Aggies,Committed,0,3.0,81.0,3247.0,243.0,2023,2024-12-19T15:45:00,,https://www.on3.com/db/demanuel-brown-154399/,portal_industry_football_2025
Shamar Crawford,IOL,Middle Tennessee State Blue Raiders,,Entered,0,3.0,81.0,3248.0,262.0,2022,2024-12-09T08:39:00,,https://www.on3.com/db/shamar-crawford-239493/,portal_industry_football_2025
Anthony Garcia,QB,Arizona Wildcats,Utah State Aggies,Committed,0,3.0,81.0,3249.0,224.0,2022,2025-01-10T20:52:00,https://on3static.com/uploads/assets/772/315/315772.png,https://www.on3.com/db/anthony-garcia-6121/,portal_industry_football_2025
Nahmier Robinson,CB,Colorado Buffaloes,Memphis Tigers,Committed,0,3.0,81.0,3250.0,383.0,2023,2025-01-19T21:11:00,https://on3static.com/uploads/assets/307/242/242307.jpeg,https://www.on3.com/db/nahmier-robinson-90905/,portal_industry_football_2025
Jarard Mosely,S,Kentucky Wildcats,Lindenwood University Lions,Committed,0,3.0,81.0,3251.0,306.0,2022,2024-12-27T07:56:00,https://on3static.com/uploads/assets/773/396/396773.png,https://www.on3.com/db/jarard-mosely-216495/,portal_industry_football_2025
Quinn Fracassi,WR,Eastern Michigan Eagles,,Entered,0,3.0,81.0,3252.0,492.0,2022,2024-12-09T10:56:00,,https://www.on3.com/db/quinn-fracassi-97497/,portal_industry_football_2025
Sam Driggers,WR,Middle Tennessee State Blue Raiders,,Entered,0,3.0,81.0,3253.0,495.0,2023,2024-12-09T10:25:00,,https://www.on3.com/db/sam-driggers-246929/,portal_industry_football_2025
King Williams,CB,Washington State Cougars,,Entered,0,3.0,81.0,3254.0,389.0,2022,2024-12-09T10:54:00,https://on3static.com/uploads/assets/343/219/219343.png,https://www.on3.com/db/king-williams-234288/,portal_industry_football_2025
Spencer Dow,IOL,Old Dominion Monarchs,,Entered,0,3.0,81.0,3255.0,261.0,2023,2024-12-09T10:09:00,https://on3static.com/uploads/assets/620/340/340620.png,https://www.on3.com/db/spencer-dow-176579/,portal_industry_football_2025
Lorenzo Vitti,CB,Navy Midshipmen,,Entered,0,3.0,81.0,3256.0,399.0,2022,2024-12-09T10:35:00,,https://www.on3.com/db/lorenzo-vitti-80133/,portal_industry_football_2025
Charles Thomas,CB,Louisiana-Monroe Warhawks,,Entered,0,3.0,81.0,3257.0,411.0,2021,2024-12-09T09:49:00,,https://www.on3.com/db/charles-thomas-20320/,portal_industry_football_2025
No'Tavien Green,LB,East Carolina Pirates,,Entered,0,3.0,81.0,3258.0,325.0,2023,2024-12-09T10:10:00,https://on3static.com/uploads/assets/643/213/213643.jpeg,https://www.on3.com/db/notavien-green-159237/,portal_industry_football_2025
Jackson Gilkey,QB,UTSA Roadrunners,,Entered,0,3.0,81.0,3259.0,238.0,2023,2024-12-09T09:48:00,https://on3static.com/uploads/assets/782/66/66782.jpg,https://www.on3.com/db/jackson-gilkey-51567/,portal_industry_football_2025
Ranod Smith,WR,USF Bulls,,Entered,0,3.0,81.0,3260.0,569.0,2023,2024-12-09T10:17:00,https://on3static.com/uploads/assets/263/216/216263.jpeg,https://www.on3.com/db/ranod-smith-237098/,portal_industry_football_2025
Jack Kayser,RB,Army Black Knights,,Entered,0,3.0,81.0,3261.0,251.0,2024,2024-12-09T10:21:00,,https://www.on3.com/db/jack-kayser-178908/,portal_industry_football_2025
MJ Campbell,LB,Louisville Cardinals,,Entered,0,3.0,81.0,3262.0,305.0,2024,2024-12-09T11:30:00,,https://www.on3.com/db/mj-campbell-174110/,portal_industry_football_2025
Jordan Williams,TE,Colorado State Rams,Sacramento State Hornets,Committed,0,3.0,81.0,3263.0,194.0,2022,2025-01-01T09:46:00,https://on3static.com/uploads/assets/37/399/399037.png,https://www.on3.com/db/jordan-williams-149881/,portal_industry_football_2025
Matthew Moore,LB,North Texas Mean Green,,Entered,0,3.0,81.0,3264.0,309.0,2023,2024-12-09T16:35:00,https://on3static.com/uploads/assets/653/219/219653.png,https://www.on3.com/db/matthew-moore-177212/,portal_industry_football_2025
Tyree Kelly,WR,USF Bulls,,Entered,0,3.0,81.0,3265.0,499.0,2023,2024-12-09T11:14:00,https://on3static.com/uploads/assets/70/216/216070.png,https://www.on3.com/db/tyree-kelly-175761/,portal_industry_football_2025
Jordan Tapscott,WR,Virginia Tech Hokies,,Entered,0,3.0,81.0,3266.0,502.0,2023,2024-12-09T16:18:00,https://on3static.com/uploads/assets/755/332/332755.png,https://www.on3.com/db/jordan-tapscott-163303/,portal_industry_football_2025
Dashaun Gibson,CB,Northern Illinois Huskies,,Entered,0,3.0,81.0,3267.0,379.0,2024,2024-12-09T11:38:00,https://on3static.com/uploads/assets/606/161/161606.png,https://www.on3.com/db/dashaun-gibson-178013/,portal_industry_football_2025
Kyle Thomas,WR,Northern Illinois Huskies,,Entered,0,3.0,81.0,3268.0,486.0,2023,2024-12-09T11:49:00,,https://www.on3.com/db/kyle-thomas-160847/,portal_industry_football_2025
Kenny Lueth,QB,Northern Illinois Huskies,,Entered,0,3.0,81.0,3269.0,223.0,2022,2024-12-09T11:34:00,,https://www.on3.com/db/kenny-lueth-147361/,portal_industry_football_2025
Ismail Ganley,IOL,Hawaii Rainbow Warriors,,Entered,0,3.0,81.0,3270.0,252.0,2024,2024-12-09T16:17:00,,https://www.on3.com/db/ismail-ganley-246944/,portal_industry_football_2025
Mahki Whitney,TE,Washington State Cougars,,Entered,0,3.0,81.0,3271.0,203.0,2023,2024-12-09T11:17:00,https://on3static.com/uploads/assets/387/219/219387.png,https://www.on3.com/db/mahki-whitney-81286/,portal_industry_football_2025
Brady McKelheer,QB,Washington State Cougars,,Entered,0,3.0,81.0,3272.0,237.0,2023,2024-12-09T11:01:00,https://on3static.com/uploads/assets/339/219/219339.png,https://www.on3.com/db/brady-mckelheer-153802/,portal_industry_football_2025
Maleek McNeil,OT,Georgia State Panthers,,Entered,0,3.0,81.0,3273.0,243.0,2022,2024-12-09T11:22:00,https://on3static.com/uploads/assets/106/120/120106.png,https://www.on3.com/db/maleek-mcneil-81676/,portal_industry_football_2025
Fidel Pitts,WR,Old Dominion Monarchs,,Entered,0,3.0,81.0,3274.0,533.0,0,2024-12-09T11:33:00,https://on3static.com/uploads/assets/593/340/340593.png,https://www.on3.com/db/fidel-pitts-241180/,portal_industry_football_2025
Jacob Drackett,QB,Air Force Falcons,,Entered,0,3.0,81.0,3275.0,254.0,2024,2024-12-09T11:19:00,,https://www.on3.com/db/jacob-drackett-179593/,portal_industry_football_2025
Derek Boyd,RB,Hawaii Rainbow Warriors,,Entered,0,3.0,81.0,3276.0,254.0,2022,2024-12-09T15:40:00,,https://www.on3.com/db/derek-boyd-34646/,portal_industry_football_2025
Jelani Willis,LB,Western Michigan Broncos,,Entered,0,3.0,81.0,3277.0,307.0,2021,2024-12-09T13:36:00,,https://www.on3.com/db/jelani-willis-59894/,portal_industry_football_2025
Keyshaun Pipkin,WR,Northern Illinois Huskies,,Entered,0,3.0,81.0,3278.0,489.0,2022,2024-12-09T13:15:00,,https://www.on3.com/db/keyshaun-pipkin-74705/,portal_industry_football_2025
Ryan Dupont,TE,Wake Forest Demon Deacons,,Entered,0,3.0,81.0,3279.0,197.0,2021,2024-12-09T12:49:00,https://on3static.com/uploads/assets/392/73/73392.jpg,https://www.on3.com/db/ryan-dupont-103115/,portal_industry_football_2025
Quad Harrison,TE,Louisiana-Monroe Warhawks,,Entered,0,3.0,81.0,3280.0,198.0,2022,2024-12-09T12:44:00,,https://www.on3.com/db/quad-harrison-97042/,portal_industry_football_2025
Joe Cryer,IOL,Southern Miss Golden Eagles,,Entered,0,3.0,81.0,3281.0,247.0,2024,2024-12-09T12:39:00,https://on3static.com/uploads/assets/637/104/104637.jpg,https://www.on3.com/db/joe-cryer-152684/,portal_industry_football_2025
Anthony Benjamin,WR,Jacksonville State Gamecocks,,Entered,0,3.0,81.0,3282.0,491.0,2023,2024-12-09T13:29:00,https://on3static.com/uploads/assets/225/391/391225.png,https://www.on3.com/db/anthony-benjamin-5885/,portal_industry_football_2025
Thomas Aden,DL,Pittsburgh Panthers,Kent State Golden Flashes,Committed,0,3.0,81.0,3283.0,372.0,2021,2024-12-14T17:13:00,https://on3static.com/uploads/assets/543/308/308543.png,https://www.on3.com/db/thomas-aden-112207/,portal_industry_football_2025
Jamarcus Jones,LB,Louisiana Tech Bulldogs,,Entered,0,3.0,81.0,3284.0,308.0,2021,2024-12-09T12:59:00,,https://www.on3.com/db/jamarcus-jones-145297/,portal_industry_football_2025
Tyrese Johnson,EDGE,Washington Huskies,,Entered,0,3.0,81.0,3285.0,242.0,2024,2024-12-09T13:06:00,,https://www.on3.com/db/tyrese-johnson-180746/,portal_industry_football_2025
Zamondre Merriweather,WR,Boise State Broncos,,Entered,0,3.0,81.0,3286.0,517.0,2022,2024-12-09T12:45:00,https://on3static.com/uploads/assets/587/528/528587.png,https://www.on3.com/db/zamondre-merriweather-123545/,portal_industry_football_2025
Will Gavin,CB,Kansas Jayhawks,,Entered,0,3.0,81.0,3287.0,391.0,2022,2024-12-09T12:54:00,,https://www.on3.com/db/will-gavin-246934/,portal_industry_football_2025
Marlon McClendon,CB,Georgia State Panthers,,Entered,0,3.0,81.0,3288.0,394.0,2023,2024-12-09T11:56:00,https://on3static.com/uploads/assets/539/338/338539.png,https://www.on3.com/db/marlon-mcclendon-152577/,portal_industry_football_2025
Kionte Curry,S,Arkansas State Red Wolves,,Entered,0,3.0,81.0,3289.0,313.0,2021,2024-12-09T13:02:00,https://on3static.com/uploads/assets/951/15/15951.jpeg,https://www.on3.com/db/kionte-curry-75295/,portal_industry_football_2025
Chapman McKown,RB,Oklahoma Sooners,,Entered,0,3.0,81.0,3290.0,238.0,2023,2024-12-09T12:10:00,https://on3static.com/uploads/assets/326/304/304326.png,https://www.on3.com/db/chapman-mckown-155752/,portal_industry_football_2025
Dane Christensen,QB,BYU Cougars,,Entered,0,3.0,81.0,3291.0,241.0,2021,2024-12-09T13:38:00,,https://www.on3.com/db/dane-christensen-28997/,portal_industry_football_2025
Ty Kubicek,IOL,Oklahoma Sooners,,Entered,0,3.0,81.0,3292.0,260.0,2023,2024-12-09T11:56:00,https://on3static.com/uploads/assets/426/304/304426.png,https://www.on3.com/db/ty-kubicek-117024/,portal_industry_football_2025
Malik Aliane,IOL,New Mexico Lobos,,Entered,0,3.0,81.0,3293.0,265.0,2022,2024-12-09T13:14:00,,https://www.on3.com/db/malik-aliane-246935/,portal_industry_football_2025
Cole McElvany,LB,Eastern Michigan Eagles,,Entered,0,3.0,81.0,3294.0,321.0,2022,2024-12-09T13:32:00,,https://www.on3.com/db/cole-mcelvany-150541/,portal_industry_football_2025
Razah Townsend,DL,Western Michigan Broncos,,Entered,0,3.0,81.0,3295.0,391.0,2023,2024-12-09T13:37:00,,https://www.on3.com/db/razah-townsend-147093/,portal_industry_football_2025
Tyson Resper,WR,Middle Tennessee State Blue Raiders,,Entered,0,3.0,81.0,3296.0,550.0,2022,2024-12-09T13:31:00,,https://www.on3.com/db/tyson-resper-246936/,portal_industry_football_2025
Keshon Singleton,WR,Air Force Falcons,,Entered,0,3.0,81.0,3297.0,553.0,2023,2024-12-09T11:55:00,,https://www.on3.com/db/keshon-singleton-151391/,portal_industry_football_2025
Carson Woods,QB,North Texas Mean Green,,Entered,0,3.0,81.0,3298.0,243.0,2022,2024-12-09T12:09:00,,https://www.on3.com/db/carson-woods-244416/,portal_industry_football_2025
Dom Montiel,QB,Oregon State Beavers,,Entered,0,3.0,81.0,3300.0,226.0,2022,2024-12-09T13:52:00,https://on3static.com/uploads/assets/331/391/391331.png,https://www.on3.com/db/dom-montiel-37404/,portal_industry_football_2025
Avery McFadden,WR,Georgia State Panthers,,Entered,0,3.0,81.0,3301.0,500.0,2024,2024-12-09T14:26:00,https://on3static.com/uploads/assets/586/338/338586.png,https://www.on3.com/db/avery-mcfadden-162360/,portal_industry_football_2025
Jack Mills,OT,Ole Miss Rebels,,Entered,0,3.0,81.0,3302.0,238.0,2020,2024-12-09T13:56:00,https://on3static.com/uploads/assets/792/331/331792.png,https://www.on3.com/db/jack-mills-51235/,portal_industry_football_2025
Emauri Sibley,LB,South Alabama Jaguars,,Entered,0,3.0,81.0,3303.0,320.0,2022,2024-12-09T14:11:00,,https://www.on3.com/db/emauri-sibley-246941/,portal_industry_football_2025
Jadon Furubotten,OT,Old Dominion Monarchs,,Entered,0,3.0,81.0,3304.0,244.0,2021,2024-12-09T13:43:00,,https://www.on3.com/db/jadon-furubotten-52746/,portal_industry_football_2025
Xavion Butler,WR,Louisiana-Monroe Warhawks,,Entered,0,3.0,81.0,3305.0,521.0,2021,2024-12-09T14:07:00,,https://www.on3.com/db/xavion-butler-246940/,portal_industry_football_2025
Dylan Camp,CB,Eastern Michigan Eagles,,Entered,0,3.0,81.0,3306.0,400.0,2022,2024-12-09T14:18:00,,https://www.on3.com/db/dylan-camp-246942/,portal_industry_football_2025
Leavy Johnson,IOL,Western Kentucky Hilltoppers,South Alabama Jaguars,Committed,0,3.0,81.0,3307.0,266.0,2023,2025-01-13T14:23:00,https://on3static.com/uploads/assets/943/340/340943.png,https://www.on3.com/db/leavy-johnson-176313/,portal_industry_football_2025
Chris Lofton,WR,James Madison Dukes,,Entered,0,3.0,81.0,3308.0,540.0,2023,2024-12-09T14:09:00,https://on3static.com/uploads/assets/318/321/321318.png,https://www.on3.com/db/chris-lofton-162514/,portal_industry_football_2025
Khai Taylor,CB,Boise State Broncos,,Entered,0,3.0,81.0,3309.0,401.0,2023,2024-12-09T14:59:00,https://on3static.com/uploads/assets/785/584/584785.jpg,https://www.on3.com/db/khai-taylor-74773/,portal_industry_football_2025
Maclane Watkins,WR,Hawaii Rainbow Warriors,,Entered,0,3.0,81.0,3310.0,490.0,2023,2024-12-09T17:09:00,,https://www.on3.com/db/maclane-watkins-154060/,portal_industry_football_2025
Nick Slogik,TE,East Carolina Pirates,,Entered,0,3.0,81.0,3311.0,204.0,2024,2024-12-09T17:08:00,https://on3static.com/uploads/assets/54/338/338054.png,https://www.on3.com/db/nick-slogik-174079/,portal_industry_football_2025
Jackson Sigler,QB,Virginia Tech Hokies,,Entered,0,3.0,81.0,3312.0,245.0,2023,2024-12-09T15:15:00,https://on3static.com/uploads/assets/729/332/332729.png,https://www.on3.com/db/jackson-sigler-151471/,portal_industry_football_2025
Josh Gholston,CB,Virginia Tech Hokies,,Entered,0,3.0,81.0,3313.0,404.0,0,2024-12-09T15:14:00,https://on3static.com/uploads/assets/741/332/332741.png,https://www.on3.com/db/josh-gholston-241270/,portal_industry_football_2025
Kale Lucas,S,Stanford Cardinal,,Entered,0,3.0,81.0,3314.0,324.0,2021,2024-12-09T16:59:00,https://on3static.com/uploads/assets/763/217/217763.png,https://www.on3.com/db/kale-lucas-160729/,portal_industry_football_2025
Miles Hill,S,Louisiana-Monroe Warhawks,,Entered,0,3.0,81.0,3315.0,328.0,2022,2024-12-09T19:05:00,https://on3static.com/uploads/assets/404/391/391404.jpg,https://www.on3.com/db/miles-hill-246947/,portal_industry_football_2025
Pierce Humpich,EDGE,New Mexico State Aggies,,Entered,0,3.0,81.0,3316.0,250.0,2022,2024-12-09T19:56:00,https://on3static.com/uploads/assets/62/26/26062.png,https://www.on3.com/db/pierce-humpich-149901/,portal_industry_football_2025
Myles Mooyoung,CB,Miami Hurricanes,Coastal Carolina Chanticleers,Committed,0,3.0,81.0,3317.0,387.0,2021,2024-12-24T20:30:00,https://on3static.com/uploads/assets/528/222/222528.jpg,https://www.on3.com/db/myles-mooyoung-90728/,portal_industry_football_2025
Timothy Toney,WR,Memphis Tigers,,Entered,0,3.0,81.0,3318.0,512.0,2022,2024-12-10T08:32:00,https://on3static.com/uploads/assets/598/214/214598.jpeg,https://www.on3.com/db/timothy-toney-178538/,portal_industry_football_2025
Jonathan Kahn,TE,Tulane Green Wave,,Entered,0,3.0,81.0,3319.0,201.0,2021,2024-12-10T10:24:00,https://on3static.com/uploads/assets/827/214/214827.jpeg,https://www.on3.com/db/jonathan-kahn-160938/,portal_industry_football_2025
Hudson Emeterio,LB,North Texas Mean Green,,Entered,0,3.0,81.0,3320.0,319.0,2024,2024-12-10T12:22:00,,https://www.on3.com/db/hudson-emeterio-239224/,portal_industry_football_2025
Dylan McNamara,QB,Florida State Seminoles,,Entered,0,3.0,81.0,3321.0,244.0,2022,2024-12-10T14:45:00,https://on3static.com/uploads/assets/221/242/242221.jpeg,https://www.on3.com/db/dylan-mcnamara-39974/,portal_industry_football_2025
Carter Jenkins,S,Houston Cougars,,Entered,0,3.0,81.0,3322.0,321.0,2024,2024-12-10T14:06:00,,https://www.on3.com/db/carter-jenkins-150616/,portal_industry_football_2025
Dawson Menegatti,WR,Texas State Bobcats,,Entered,0,3.0,81.0,3323.0,534.0,2020,2024-12-10T09:14:00,,https://www.on3.com/db/dawson-menegatti-246953/,portal_industry_football_2025
D'Angelo Mayes,WR,New Mexico Lobos,,Entered,0,3.0,81.0,3324.0,535.0,2024,2024-12-10T14:02:00,,https://www.on3.com/db/dangelo-mayes-240703/,portal_industry_football_2025
TeQuan Latimore,S,Charlotte 49ers,,Entered,0,3.0,81.0,3325.0,322.0,2021,2024-12-10T10:52:00,https://on3static.com/uploads/assets/100/211/211100.jpeg,https://www.on3.com/db/tequan-latimore-174384/,portal_industry_football_2025
Jack McGarry,IOL,Missouri Tigers,,Entered,0,3.0,81.0,3326.0,271.0,2022,2024-12-10T10:56:00,,https://www.on3.com/db/jack-mcgarry-246954/,portal_industry_football_2025
Elijah Tillery,WR,NC State Wolfpack,,Entered,0,3.0,81.0,3327.0,536.0,2024,2024-12-10T14:58:00,https://on3static.com/uploads/assets/173/333/333173.png,https://www.on3.com/db/elijah-tillery-158411/,portal_industry_football_2025
Devin Prince,CB,Georgia State Panthers,,Entered,0,3.0,81.0,3328.0,408.0,2023,2024-12-10T14:33:00,,https://www.on3.com/db/devin-prince-246957/,portal_industry_football_2025
Isaiah Abeyta,WR,New Mexico State Aggies,,Entered,0,3.0,81.0,3329.0,538.0,2023,2024-12-10T14:47:00,,https://www.on3.com/db/isaiah-abeyta-246958/,portal_industry_football_2025
Max Elkman,EDGE,New Mexico Lobos,,Entered,0,3.0,81.0,3330.0,247.0,2022,2024-12-10T15:19:00,https://on3static.com/uploads/assets/972/178/178972.png,https://www.on3.com/db/max-elkman-147811/,portal_industry_football_2025
Kevin Ellis,DL,Jacksonville State Gamecocks,,Entered,0,3.0,81.0,3331.0,385.0,2021,2024-12-10T08:15:00,https://on3static.com/uploads/assets/494/391/391494.png,https://www.on3.com/db/kevin-ellis-179723/,portal_industry_football_2025
Zak Sedaros,WR,Florida Gators,,Entered,0,3.0,81.0,3332.0,505.0,2021,2024-12-11T08:07:00,https://on3static.com/uploads/assets/497/335/335497.png,https://www.on3.com/db/zak-sedaros-123508/,portal_industry_football_2025
Jonah Burton,WR,Baylor Bears,,Entered,0,3.0,81.0,3333.0,514.0,2021,2024-12-11T16:50:00,https://on3static.com/uploads/assets/22/209/209022.jpeg,https://www.on3.com/db/jonah-burton-64429/,portal_industry_football_2025
Jason Albritton,RB,Ole Miss Rebels,,Entered,0,3.0,81.0,3334.0,234.0,2022,2024-12-12T08:59:00,https://on3static.com/uploads/assets/784/331/331784.png,https://www.on3.com/db/jason-albritton-149958/,portal_industry_football_2025
Devin Delgado,IOL,UCLA Bruins,,Entered,0,3.0,81.0,3335.0,276.0,2021,2024-12-11T18:23:00,,https://www.on3.com/db/devin-delgado-237359/,portal_industry_football_2025
Xane Uipi,CB,Utah Utes,,Entered,0,3.0,81.0,3336.0,412.0,2022,2024-12-11T19:24:00,https://on3static.com/uploads/assets/676/221/221676.jpeg,https://www.on3.com/db/xane-uipi-237372/,portal_industry_football_2025
Jayden Cook,CB,Kansas State Wildcats,,Entered,0,3.0,81.0,3337.0,413.0,2023,2024-12-11T08:59:00,,https://www.on3.com/db/jayden-cook-246963/,portal_industry_football_2025
Cortney Davis,QB,Marshall Thundering Herd,,Entered,0,3.0,81.0,3338.0,248.0,2024,2024-12-11T14:38:00,https://on3static.com/uploads/assets/961/25/25961.jpg,https://www.on3.com/db/cortney-davis-149826/,portal_industry_football_2025
Jon McCall,WR,Louisiana Ragin Cajuns,,Entered,0,3.0,81.0,3339.0,547.0,0,2024-12-11T13:35:00,https://on3static.com/uploads/assets/903/391/391903.png,https://www.on3.com/db/jon-mccall-201771/,portal_industry_football_2025
Keith Smith,DL,North Texas Mean Green,,Entered,0,3.0,81.0,3340.0,390.0,2023,2024-12-11T14:41:00,https://on3static.com/uploads/assets/707/219/219707.png,https://www.on3.com/db/keith-smith-72195/,portal_industry_football_2025
Jack Schwing,WR,Southern Miss Golden Eagles,,Entered,0,3.0,81.0,3341.0,573.0,2023,2024-12-11T10:49:00,,https://www.on3.com/db/jack-schwing-246968/,portal_industry_football_2025
Izaiah Taylor,IOL,Liberty Flames,,Entered,0,3.0,81.0,3342.0,273.0,2024,2024-12-12T09:38:00,https://on3static.com/uploads/assets/272/229/229272.png,https://www.on3.com/db/izaiah-taylor-163177/,portal_industry_football_2025
Ryan Dirksen,OT,San Diego State Aztecs,,Entered,0,3.0,81.0,3343.0,239.0,2021,2024-12-12T20:16:00,https://on3static.com/uploads/assets/504/178/178504.png,https://www.on3.com/db/ryan-dirksen-103092/,portal_industry_football_2025
Lucas Desjardins,WR,Tulane Green Wave,,Entered,0,3.0,81.0,3344.0,516.0,2021,2024-12-12T20:09:00,https://on3static.com/uploads/assets/656/214/214656.jpeg,https://www.on3.com/db/lucas-desjardins-160923/,portal_industry_football_2025
Braylon Chatman,LB,Alabama Crimson Tide,,Entered,0,3.0,81.0,3345.0,322.0,2023,2024-12-12T13:01:00,https://on3static.com/uploads/assets/601/225/225601.jpeg,https://www.on3.com/db/braylon-chatman-151077/,portal_industry_football_2025
Ely George,LB,Western Kentucky Hilltoppers,,Entered,0,3.0,81.0,3346.0,326.0,2020,2024-12-12T14:29:00,https://on3static.com/uploads/assets/366/88/88366.jpg,https://www.on3.com/db/ely-george-41608/,portal_industry_football_2025
Naz Hill,CB,Wyoming Cowboys,,Entered,0,3.0,81.0,3347.0,415.0,2023,2024-12-12T12:56:00,,https://www.on3.com/db/naz-hill-154393/,portal_industry_football_2025
Miles Tucker,S,Wyoming Cowboys,,Entered,0,3.0,81.0,3348.0,312.0,2023,2024-12-14T13:20:00,https://on3static.com/uploads/assets/200/596/596200.png,https://www.on3.com/db/miles-tucker-153976/,portal_industry_football_2025
Brian Dillard,CB,South Alabama Jaguars,,Entered,0,3.0,81.0,3349.0,380.0,2019,2024-12-16T08:42:00,,https://www.on3.com/db/brian-dillard-14459/,portal_industry_football_2025
Shively Asoau Fua,IOL,Utah State Aggies,,Entered,0,3.0,81.0,3350.0,244.0,2021,2024-12-15T21:41:00,,https://www.on3.com/db/shively-asoau-fua-246995/,portal_industry_football_2025
Cole Morgan,OT,Michigan Wolverines,Rice Owls,Committed,0,3.0,81.0,3351.0,242.0,2023,,https://on3static.com/uploads/assets/647/302/302647.png,https://www.on3.com/db/cole-morgan-152778/,portal_industry_football_2025
Helaman Ofahengaue,EDGE,Utah Utes,,Entered,0,3.0,81.0,3352.0,249.0,2022,2024-12-16T12:26:00,https://on3static.com/uploads/assets/742/175/175742.jpeg,https://www.on3.com/db/helaman-ofahengaue-149709/,portal_industry_football_2025
Jayden McClintock,WR,Coastal Carolina Chanticleers,,Entered,0,3.0,81.0,3353.0,519.0,2024,2024-12-17T11:06:00,,https://www.on3.com/db/jayden-mcclintock-247066/,portal_industry_football_2025
Khalid Jones,WR,Maryland Terrapins,,Entered,0,3.0,81.0,3354.0,537.0,2020,2024-12-17T13:34:00,https://on3static.com/uploads/assets/153/165/165153.jpeg,https://www.on3.com/db/khalid-jones-155432/,portal_industry_football_2025
Jacob Jones,QB,South Alabama Jaguars,,Entered,0,3.0,81.0,3355.0,249.0,2023,2024-12-17T11:00:00,https://on3static.com/uploads/assets/330/63/63330.jpg,https://www.on3.com/db/jacob-jones-145196/,portal_industry_football_2025
Malik Puryear,EDGE,Charlotte 49ers,,Entered,0,3.0,81.0,3356.0,246.0,2020,2024-12-17T13:46:00,https://on3static.com/uploads/assets/440/16/16440.jpeg,https://www.on3.com/db/malik-puryear-81964/,portal_industry_football_2025
Ryder Bumgarner,RB,Washington Huskies,,Entered,0,3.0,81.0,3357.0,244.0,2023,2024-12-17T11:01:00,https://on3static.com/uploads/assets/286/219/219286.png,https://www.on3.com/db/ryder-bumgarner-153990/,portal_industry_football_2025
Caleb Moran,LB,Army Black Knights,,Entered,0,3.0,81.0,3358.0,330.0,2023,2024-12-17T15:01:00,,https://www.on3.com/db/caleb-moran-159133/,portal_industry_football_2025
Gerald Lacy,S,Missouri Tigers,,Entered,0,3.0,81.0,3359.0,323.0,2023,2024-12-17T15:47:00,,https://www.on3.com/db/gerald-lacy-154460/,portal_industry_football_2025
Tyler Smedley,IOL,Virginia Tech Hokies,,Entered,0,3.0,81.0,3360.0,254.0,2021,2024-12-18T11:25:00,https://on3static.com/uploads/assets/752/332/332752.png,https://www.on3.com/db/tyler-smedley-161795/,portal_industry_football_2025
Andre Morris,DL,Florida Gators,,Entered,0,3.0,81.0,3361.0,382.0,2023,2024-12-18T11:57:00,https://on3static.com/uploads/assets/481/335/335481.png,https://www.on3.com/db/andre-morris-158918/,portal_industry_football_2025
Darryl Minor,LB,Memphis Tigers,,Entered,0,3.0,81.0,3362.0,324.0,2019,2024-12-18T16:54:00,https://on3static.com/uploads/assets/825/88/88825.jpg,https://www.on3.com/db/darryl-minor-31052/,portal_industry_football_2025
Anthony Arnou,QB,Michigan Wolverines,,Entered,0,3.0,81.0,3363.0,232.0,2020,2024-12-19T13:53:00,,https://www.on3.com/db/anthony-arnou-5857/,portal_industry_football_2025
Tony Martin,WR,Western Michigan Broncos,,Entered,0,3.0,81.0,3364.0,528.0,2023,2024-12-19T19:40:00,,https://www.on3.com/db/tony-martin-152369/,portal_industry_football_2025
Carter Salzman,WR,Arkansas State Red Wolves,,Entered,0,3.0,81.0,3365.0,539.0,2023,2024-12-19T16:30:00,,https://www.on3.com/db/carter-salzman-247288/,portal_industry_football_2025
Andrew Martin,TE,Memphis Tigers,,Entered,0,3.0,81.0,3366.0,209.0,2023,2024-12-19T16:20:00,,https://www.on3.com/db/andrew-martin-247287/,portal_industry_football_2025
Peter Simmons III,DL,Michigan Wolverines,UAB Blazers,Committed,0,3.0,81.0,3367.0,371.0,2021,2025-05-19T16:03:00,https://on3static.com/uploads/assets/884/134/134884.png,https://www.on3.com/db/peter-simmons-iii-96228/,portal_industry_football_2025
Donovan Grayson,DL,West Virginia Mountaineers,Samford Bulldogs,Committed,0,3.0,81.0,3368.0,375.0,2023,,https://on3static.com/uploads/assets/123/305/305123.png,https://www.on3.com/db/donovan-grayson-153447/,portal_industry_football_2025
Ben Durham,S,Utah Utes,,Entered,0,3.0,81.0,3370.0,309.0,2023,2024-12-20T10:09:00,https://on3static.com/uploads/assets/63/219/219063.png,https://www.on3.com/db/ben-durham-151334/,portal_industry_football_2025
Colton Fitzgerald,QB,Georgia Southern Eagles,,Entered,0,3.0,81.0,3371.0,230.0,2021,2024-12-20T08:40:00,https://on3static.com/uploads/assets/636/394/394636.jpg,https://www.on3.com/db/colton-fitzgerald-25311/,portal_industry_football_2025
Matt Dean,QB,Memphis Tigers,,Entered,0,3.0,81.0,3372.0,233.0,2023,2024-12-20T12:45:00,,https://www.on3.com/db/matt-dean-247303/,portal_industry_football_2025
Roice Cleeland,IOL,Washington Huskies,UC Davis Aggies,Committed,0,3.0,81.0,3373.0,258.0,2023,2025-01-02T12:45:00,https://on3static.com/uploads/assets/305/219/219305.png,https://www.on3.com/db/roice-cleeland-151228/,portal_industry_football_2025
Miles Ellis,CB,Virginia Tech Hokies,,Entered,0,3.0,81.0,3374.0,392.0,2021,2024-12-20T13:32:00,https://on3static.com/uploads/assets/739/332/332739.png,https://www.on3.com/db/miles-ellis-161782/,portal_industry_football_2025
Wynston Russell,CB,Oregon State Beavers,,Entered,0,3.0,81.0,3375.0,406.0,2019,2024-12-20T12:49:00,https://on3static.com/uploads/dev/assets/96/6/6096.jpg,https://www.on3.com/db/wynston-russell-121872/,portal_industry_football_2025
Mitchell Bolden,QB,Army Black Knights,,Entered,0,3.0,81.0,3376.0,262.0,2023,2024-12-20T10:02:00,https://on3static.com/uploads/assets/665/394/394665.png,https://www.on3.com/db/mitchell-bolden-145886/,portal_industry_football_2025
Stephon Hicks,S,Virginia Tech Hokies,,Entered,0,3.0,81.0,3377.0,317.0,2023,2024-12-20T12:38:00,https://on3static.com/uploads/assets/743/332/332743.png,https://www.on3.com/db/stephon-hicks-159330/,portal_industry_football_2025
Joseph Martinez,RB,Michigan State Spartans,,Entered,0,3.0,81.0,3378.0,236.0,2020,2024-12-23T08:49:00,https://on3static.com/uploads/assets/169/235/235169.png,https://www.on3.com/db/joseph-martinez-66599/,portal_industry_football_2025
Elijah Rodriguez,WR,UCLA Bruins,,Entered,0,3.0,81.0,3379.0,524.0,2022,2024-12-22T19:50:00,,https://www.on3.com/db/elijah-rodriguez-41351/,portal_industry_football_2025
Xander Karagosian,S,Ohio Bobcats,,Entered,0,3.0,81.0,3380.0,319.0,2022,2024-12-23T15:23:00,,https://www.on3.com/db/xander-karagosian-160433/,portal_industry_football_2025
Zachary Coleman,WR,Coastal Carolina Chanticleers,,Entered,0,3.0,81.0,3381.0,552.0,2024,2024-12-23T15:28:00,,https://www.on3.com/db/zachary-coleman-247317/,portal_industry_football_2025
Ethan Clark,IOL,Louisiana Ragin Cajuns,,Entered,0,3.0,81.0,3382.0,277.0,2022,2024-12-23T15:32:00,,https://www.on3.com/db/ethan-clark-247318/,portal_industry_football_2025
Harold Brooks,DL,Arizona State Sun Devils,,Entered,0,3.0,81.0,3383.0,381.0,2022,2024-12-24T16:17:00,https://on3static.com/uploads/assets/107/396/396107.png,https://www.on3.com/db/harold-brooks-47507/,portal_industry_football_2025
Isaiah Cobbs,WR,Washington State Cougars,,Entered,0,3.0,81.0,3384.0,572.0,2024,2024-12-23T17:35:00,https://on3static.com/uploads/assets/699/337/337699.png,https://www.on3.com/db/isaiah-cobbs-157828/,portal_industry_football_2025
Kai Richardson,EDGE,Oregon State Beavers,Idaho Vandals,Committed,0,3.0,81.0,3385.0,241.0,2024,2024-12-26T18:06:00,https://on3static.com/uploads/assets/572/396/396572.png,https://www.on3.com/db/kai-richardson-237537/,portal_industry_football_2025
Tooni Ikahinhifo,DL,Nevada Wolf Pack,,Entered,0,3.0,81.0,3386.0,383.0,2017,2024-12-27T13:26:00,,https://www.on3.com/db/tooni-ikahinhifo-180507/,portal_industry_football_2025
Jason Estrella,WR,Penn State Nittany Lions,,Entered,0,3.0,81.0,3387.0,554.0,2021,2024-12-27T13:58:00,https://on3static.com/uploads/assets/649/101/101649.png,https://www.on3.com/db/jason-estrella-159381/,portal_industry_football_2025
Colin O'Sullivan,QB,Rutgers Scarlet Knights,West Chester,Committed,0,3.0,81.0,3388.0,240.0,2023,2025-02-07T16:36:00,https://on3static.com/uploads/assets/673/225/225673.jpeg,https://www.on3.com/db/colin-osullivan-25064/,portal_industry_football_2025
Ugochukwu Odoemelam,S,Oregon State Beavers,,Entered,0,3.0,81.0,3389.0,318.0,2024,2024-12-27T17:02:00,,https://www.on3.com/db/ugochukwu-odoemelam-237502/,portal_industry_football_2025
Roman Purcell,QB,Indiana Hoosiers,,Entered,0,3.0,81.0,3390.0,246.0,2020,2024-12-27T14:56:00,,https://www.on3.com/db/roman-purcell-101955/,portal_industry_football_2025
Donovan Delaney Jr.,RB,Rutgers Scarlet Knights,Kent State Golden Flashes,Committed,0,3.0,81.0,3391.0,241.0,2021,2025-01-12T07:21:00,https://on3static.com/uploads/assets/592/304/304592.png,https://www.on3.com/db/donovan-delaney-jr-209501/,portal_industry_football_2025
Sam Gadie,LB,Rutgers Scarlet Knights,,Entered,0,3.0,81.0,3392.0,331.0,2022,2024-12-28T09:39:00,https://on3static.com/uploads/assets/552/304/304552.png,https://www.on3.com/db/sam-gadie-209572/,portal_industry_football_2025
Tate Jernigan,RB,Tulane Green Wave,,Entered,0,3.0,81.0,3393.0,250.0,0,2024-12-27T21:07:00,https://on3static.com/uploads/assets/10/339/339010.png,https://www.on3.com/db/tate-jernigan-244980/,portal_industry_football_2025
Dax Noles,S,Oklahoma Sooners,Iowa Western Community College Reivers,Committed,0,3.0,81.0,3394.0,320.0,2024,,https://on3static.com/uploads/assets/994/331/331994.png,https://www.on3.com/db/dax-noles-174599/,portal_industry_football_2025
Sam Brady,LB,Virginia Cavaliers,,Entered,0,3.0,81.0,3395.0,327.0,2020,2024-12-28T14:55:00,https://on3static.com/uploads/dev/assets/668/9/9668.jpg,https://www.on3.com/db/sam-brady-104200/,portal_industry_football_2025
Jezreel Bachert,RB,Arkansas Razorbacks,,Entered,0,3.0,81.0,3396.0,245.0,2022,2024-12-28T14:53:00,https://on3static.com/uploads/assets/7/397/397007.jpg,https://www.on3.com/db/jezreel-bachert-247610/,portal_industry_football_2025
Matt Antezana,IOL,Miami Hurricanes,,Entered,0,3.0,81.0,3397.0,245.0,2021,2024-12-30T11:18:00,https://on3static.com/uploads/assets/430/222/222430.jpg,https://www.on3.com/db/matt-antezana-85047/,portal_industry_football_2025
Ian Massey,S,Colorado Buffaloes,,Entered,0,3.0,81.0,3398.0,307.0,2018,2024-12-30T09:23:00,https://on3static.com/uploads/assets/388/73/73388.jpeg,https://www.on3.com/db/ian-massey-48806/,portal_industry_football_2025
Evan Cantu,RB,Kansas State Wildcats,,Entered,0,3.0,81.0,3399.0,239.0,2022,2024-12-30T11:11:00,https://on3static.com/uploads/assets/535/234/234535.png,https://www.on3.com/db/evan-cantu-238099/,portal_industry_football_2025
Ak’Bar Shabazz II,CB,West Virginia Mountaineers,,Entered,0,3.0,81.0,3400.0,398.0,2021,2024-12-30T10:40:00,https://on3static.com/uploads/assets/739/397/397739.jpg,https://www.on3.com/db/akbar-shabazz-ii-2385/,portal_industry_football_2025
Matt Metrosky,IOL,Pittsburgh Panthers,,Entered,0,3.0,81.0,3401.0,259.0,2021,2024-12-30T19:49:00,https://on3static.com/uploads/assets/534/308/308534.png,https://www.on3.com/db/matt-metrosky-164117/,portal_industry_football_2025
Brooks Yurachek,LB,Arkansas Razorbacks,Appalachian State Mountaineers,Committed,0,3.0,81.0,3402.0,328.0,2023,2024-12-30T20:35:00,https://on3static.com/uploads/assets/832/265/265832.png,https://www.on3.com/db/brooks-yurachek-239169/,portal_industry_football_2025
Boyton Cheney,CB,Missouri Tigers,,Entered,0,3.0,81.0,3403.0,395.0,2022,2024-12-31T18:05:00,https://on3static.com/uploads/assets/313/164/164313.jpeg,https://www.on3.com/db/boyton-cheney-11491/,portal_industry_football_2025
Landon Rogers,WR,UNLV Rebels,,Entered,0,3.0,81.0,3404.0,549.0,2021,2024-12-31T13:07:00,https://on3static.com/uploads/assets/240/398/398240.jpg,https://www.on3.com/db/landon-rogers-78022/,portal_industry_football_2025
Regen Terry,EDGE,Boston College Eagles,,Entered,0,3.0,81.0,3405.0,248.0,2020,2025-01-02T16:44:00,https://on3static.com/uploads/assets/301/165/165301.png,https://www.on3.com/db/regen-terry-99260/,portal_industry_football_2025
Isaiah Velez,QB,Louisiana-Monroe Warhawks,,Entered,0,3.0,81.0,3406.0,261.0,2019,2025-01-03T13:40:00,https://on3static.com/uploads/assets/587/399/399587.jpg,https://www.on3.com/db/isaiah-velez-49823/,portal_industry_football_2025
Matt Greenwald,TE,Colorado State Rams,,Entered,0,3.0,81.0,3407.0,214.0,2020,2025-01-03T13:45:00,https://on3static.com/uploads/assets/590/399/399590.jpg,https://www.on3.com/db/matt-greenwald-247783/,portal_industry_football_2025
Jackson Powers,CB,Minnesota Golden Gophers,,Entered,0,3.0,81.0,3408.0,396.0,2023,2025-01-07T10:40:00,https://on3static.com/uploads/assets/712/48/48712.PNG,https://www.on3.com/db/jackson-powers-151507/,portal_industry_football_2025
Jaavan Mack,CB,Charlotte 49ers,Western Kentucky Hilltoppers,Committed,0,3.0,81.0,3409.0,384.0,0,2025-01-08T15:12:00,https://on3static.com/uploads/assets/350/319/319350.png,https://www.on3.com/db/jaavan-mack-243487/,portal_industry_football_2025
Jamari Somerville,S,James Madison Dukes,Akron Zips,Committed,0,3.0,81.0,3410.0,304.0,2023,2025-01-13T11:06:00,https://on3static.com/uploads/assets/319/321/321319.png,https://www.on3.com/db/jamari-somerville-156644/,portal_industry_football_2025
Teddy Purcell,QB,Washington Huskies,,Entered,0,3.0,81.0,3411.0,229.0,2021,2025-01-17T15:50:00,https://on3static.com/uploads/assets/60/24/24060.jpeg,https://www.on3.com/db/teddy-purcell-111091/,portal_industry_football_2025
Zach Potter,DL,Toledo Rockets,Wyoming Cowboys,Committed,0,3.0,81.0,3412.0,379.0,2023,2025-01-20T14:37:00,https://on3static.com/uploads/assets/711/406/406711.png,https://www.on3.com/db/zach-potter-176981/,portal_industry_football_2025
Andrew Yanoshak,TE,Notre Dame Fighting Irish,Dayton Flyers,Committed,0,3.0,81.0,3413.0,195.0,2021,2025-07-27T14:44:00,https://on3static.com/uploads/assets/406/331/331406.png,https://www.on3.com/db/andrew-yanoshak-5514/,portal_industry_football_2025
Charles Selna,TE,Notre Dame Fighting Irish,,Entered,0,3.0,81.0,3414.0,196.0,2021,2025-01-23T15:59:00,https://on3static.com/uploads/assets/421/331/331421.png,https://www.on3.com/db/charles-selna-227882/,portal_industry_football_2025
Landon Hale,CB,FIU Golden Panthers,,Entered,0,3.0,81.0,3415.0,381.0,2023,2025-03-10T11:44:00,https://on3static.com/uploads/assets/195/314/314195.png,https://www.on3.com/db/landon-hale-151321/,portal_industry_football_2025
Ryan Jankowski,QB,Massachusetts Minutemen,Rhode Island Rams,Committed,0,3.0,81.0,3416.0,227.0,2020,2025-06-04T09:53:00,https://on3static.com/uploads/assets/634/264/264634.jpeg,https://www.on3.com/db/ryan-jankowski-145173/,portal_industry_football_2025
Dylan Bennett,LB,Pittsburgh Panthers,,Entered,0,3.0,81.0,3417.0,313.0,2021,2025-03-21T10:31:00,https://on3static.com/uploads/assets/404/429/429404.png,https://www.on3.com/db/dylan-bennett-228487/,portal_industry_football_2025
Jayden George,QB,Florida Atlantic Owls,,Entered,0,3.0,81.0,3418.0,236.0,2019,2025-03-28T13:17:00,https://on3static.com/uploads/assets/962/276/276962.png,https://www.on3.com/db/jayden-george-58647/,portal_industry_football_2025
John Grant,TE,Coastal Carolina Chanticleers,,Entered,0,3.0,81.0,3419.0,199.0,2022,2025-04-14T14:14:00,https://on3static.com/uploads/assets/930/439/439930.jpg,https://www.on3.com/db/john-grant-150562/,portal_industry_football_2025
Kendric Nowling,LB,Eastern Michigan Eagles,,Entered,0,3.0,81.0,3420.0,318.0,2019,2025-04-14T14:17:00,https://on3static.com/uploads/assets/933/439/439933.jpg,https://www.on3.com/db/kendric-nowling-72883/,portal_industry_football_2025
Kyle Grady,WR,Michigan Wolverines,,Entered,0,3.0,81.0,3421.0,526.0,2018,2025-04-05T13:57:00,,https://www.on3.com/db/kyle-grady-76626/,portal_industry_football_2025
Reece Beauchamp,WR,Texas Longhorns,,Entered,0,3.0,81.0,3422.0,555.0,2022,2025-04-15T12:36:00,https://on3static.com/uploads/assets/502/331/331502.png,https://www.on3.com/db/reece-beauchamp-99147/,portal_industry_football_2025
Jaden Maronen,LB,Baylor Bears,,Entered,0,3.0,81.0,3423.0,336.0,2021,2025-04-14T20:15:00,https://on3static.com/uploads/assets/54/209/209054.jpeg,https://www.on3.com/db/jaden-maronen-52641/,portal_industry_football_2025
Micah Pennix,DL,James Madison Dukes,,Entered,0,3.0,81.0,3424.0,396.0,2024,2025-04-15T08:19:00,https://on3static.com/uploads/assets/362/338/338362.png,https://www.on3.com/db/micah-pennix-158186/,portal_industry_football_2025
Breon Brown,OT,James Madison Dukes,,Entered,0,3.0,81.0,3425.0,253.0,2023,2025-04-15T14:25:00,https://on3static.com/uploads/assets/341/440/440341.jpg,https://www.on3.com/db/breon-brown-250621/,portal_industry_football_2025
Troy Wilkey,WR,Boise State Broncos,,Entered,0,3.0,81.0,3426.0,504.0,2023,2025-04-16T10:26:00,,https://www.on3.com/db/troy-wilkey-157016/,portal_industry_football_2025
Jalen Hand,DL,Western Kentucky Hilltoppers,,Entered,0,3.0,81.0,3427.0,373.0,2023,2025-04-16T10:44:00,https://on3static.com/uploads/assets/573/440/440573.jpg,https://www.on3.com/db/jalen-hand-159104/,portal_industry_football_2025
Xander Lamb,WR,Charlotte 49ers,,Entered,0,3.0,81.0,3428.0,511.0,2021,2025-04-16T11:47:00,https://on3static.com/uploads/assets/316/319/319316.png,https://www.on3.com/db/xander-lamb-186304/,portal_industry_football_2025
Michael Kostantonov,IOL,Central Michigan Chippewas,,Entered,0,3.0,81.0,3429.0,249.0,2024,2025-04-16T09:18:00,,https://www.on3.com/db/michael-kostantonov-154201/,portal_industry_football_2025
Chris Williams,IOL,Louisiana-Monroe Warhawks,,Entered,0,3.0,81.0,3430.0,250.0,2022,2025-04-16T10:10:00,,https://www.on3.com/db/chris-williams-22675/,portal_industry_football_2025
Ramon Pernas,EDGE,North Texas Mean Green,Southern Miss Golden Eagles,Committed,0,3.0,81.0,3431.0,245.0,2024,2026-01-04T09:48:00,,https://www.on3.com/db/ramon-pernas-237781/,portal_industry_football_2025
Thomas Little Jr.,IOL,Louisiana-Monroe Warhawks,,Entered,0,3.0,81.0,3432.0,251.0,2022,2025-04-16T10:39:00,,https://www.on3.com/db/thomas-little-jr-245890/,portal_industry_football_2025
Austin Cartwright,CB,Louisiana-Monroe Warhawks,,Entered,0,3.0,81.0,3433.0,388.0,2021,2025-04-16T10:58:00,,https://www.on3.com/db/austin-cartwright-8257/,portal_industry_football_2025
Harris Boyd,QB,Memphis Tigers,,Entered,0,3.0,81.0,3434.0,231.0,2023,2025-04-16T12:34:00,https://on3static.com/uploads/assets/620/440/440620.png,https://www.on3.com/db/harris-boyd-154989/,portal_industry_football_2025
Griffin Koch,WR,Kansas Jayhawks,Connecticut Huskies,Committed,0,3.0,81.0,3436.0,518.0,2021,2025-04-25T19:31:00,https://on3static.com/uploads/assets/466/469/469466.png,https://www.on3.com/db/griffin-koch-223811/,portal_industry_football_2025
Brody Riffe,OT,Pittsburgh Panthers,,Entered,0,3.0,81.0,3437.0,240.0,2023,2025-04-16T10:21:00,https://on3static.com/uploads/assets/523/308/308523.png,https://www.on3.com/db/brody-riffe-176115/,portal_industry_football_2025
Brodie Wright,IOL,Oregon Ducks,,Entered,0,3.0,81.0,3438.0,256.0,2023,2025-04-16T11:34:00,https://on3static.com/uploads/assets/142/304/304142.png,https://www.on3.com/db/brodie-wright-237364/,portal_industry_football_2025
Cole Tannenbaum,QB,Arizona Wildcats,,Entered,0,3.0,81.0,3439.0,235.0,2022,2025-04-16T11:48:00,https://on3static.com/uploads/assets/422/217/217422.png,https://www.on3.com/db/cole-tannenbaum-24881/,portal_industry_football_2025
Jason Douglas,DL,Nevada Wolf Pack,,Entered,0,3.0,81.0,3440.0,380.0,2024,2025-04-16T11:32:00,,https://www.on3.com/db/jason-douglas-177800/,portal_industry_football_2025
Daniel Mincey,IOL,Kentucky Wildcats,UAB Blazers,Committed,0,3.0,81.0,3441.0,257.0,2024,2025-05-16T20:40:00,https://on3static.com/uploads/assets/795/331/331795.png,https://www.on3.com/db/daniel-mincey-177367/,portal_industry_football_2025
Reis Stocksdale,WR,Ohio State Buckeyes,Bowling Green Falcons,Committed,0,3.0,81.0,3442.0,541.0,2021,2025-05-04T13:07:00,https://on3static.com/uploads/assets/675/332/332675.png,https://www.on3.com/db/reis-stocksdale-215534/,portal_industry_football_2025
Andon Mata,WR,Houston Cougars,,Entered,0,3.0,81.0,3443.0,542.0,2023,2025-04-16T09:36:00,,https://www.on3.com/db/andon-mata-4435/,portal_industry_football_2025
Al Sandifer,DL,Western Kentucky Hilltoppers,,Entered,0,3.0,81.0,3444.0,386.0,2022,2025-04-16T10:22:00,,https://www.on3.com/db/al-sandifer-246887/,portal_industry_football_2025
Jake Wilson,QB,Purdue Boilermakers,,Entered,0,3.0,81.0,3445.0,247.0,2023,2025-04-16T08:38:00,https://on3static.com/uploads/assets/935/343/343935.png,https://www.on3.com/db/jake-wilson-154228/,portal_industry_football_2025
Landon Heard,S,Purdue Boilermakers,,Entered,0,3.0,81.0,3446.0,325.0,2023,2025-04-16T08:39:00,https://on3static.com/uploads/assets/944/343/343944.png,https://www.on3.com/db/landon-heard-154038/,portal_industry_football_2025
Tyler Klambara,OT,Army Black Knights,,Entered,0,3.0,81.0,3447.0,248.0,2023,2025-04-16T09:11:00,,https://www.on3.com/db/tyler-klambara-174962/,portal_industry_football_2025
Hayden Dozier,DL,South Alabama Jaguars,,Entered,0,3.0,81.0,3448.0,388.0,2023,2025-04-16T12:17:00,,https://www.on3.com/db/hayden-dozier-153498/,portal_industry_football_2025
Randall Nauden,RB,Army Black Knights,,Entered,0,3.0,81.0,3449.0,242.0,2024,2025-04-16T09:23:00,https://on3static.com/uploads/assets/565/440/440565.png,https://www.on3.com/db/randall-nauden-180047/,portal_industry_football_2025
Clayton Sobecki,WR,Air Force Falcons,,Entered,0,3.0,81.0,3450.0,544.0,2024,2025-04-16T10:58:00,https://on3static.com/uploads/assets/722/161/161722.jpeg,https://www.on3.com/db/clayton-sobecki-177850/,portal_industry_football_2025
Kyle Lenhart,IOL,James Madison Dukes,,Entered,0,3.0,81.0,3451.0,275.0,2023,2025-04-16T09:54:00,https://on3static.com/uploads/assets/344/321/321344.png,https://www.on3.com/db/kyle-lenhart-162025/,portal_industry_football_2025
Graysen Riffe,OT,Pittsburgh Panthers,,Entered,0,3.0,81.0,3452.0,250.0,2023,2025-04-16T10:17:00,https://on3static.com/uploads/assets/530/308/308530.png,https://www.on3.com/db/graysen-riffe-176114/,portal_industry_football_2025
Nassir Freeman,CB,Charlotte 49ers,,Entered,0,3.0,81.0,3453.0,414.0,0,2025-04-16T09:55:00,https://on3static.com/uploads/assets/351/319/319351.png,https://www.on3.com/db/nassir-freeman-186218/,portal_industry_football_2025
Sylas Gomez,QB,Sam Houston State Bearkats,,Entered,0,3.0,81.0,3454.0,251.0,2022,2025-04-16T11:14:00,https://on3static.com/uploads/assets/592/181/181592.png,https://www.on3.com/db/sylas-gomez-109324/,portal_industry_football_2025
Caleb Chamberlin,S,Air Force Falcons,Ohio Bobcats,Committed,0,3.0,81.0,3455.0,329.0,2024,,,https://www.on3.com/db/caleb-chamberlin-177014/,portal_industry_football_2025
Cole Baird,DL,Air Force Falcons,,Entered,0,3.0,81.0,3456.0,394.0,2023,2025-04-16T10:55:00,,https://www.on3.com/db/cole-baird-174997/,portal_industry_football_2025
Nolan McCamy,LB,Navy Midshipmen,,Entered,0,3.0,81.0,3457.0,329.0,2022,2025-04-16T12:03:00,,https://www.on3.com/db/nolan-mccamy-237138/,portal_industry_football_2025
Justice Ena,IOL,BYU Cougars,,Entered,0,3.0,81.0,3458.0,278.0,2020,2025-04-16T11:39:00,,https://www.on3.com/db/justice-ena-68949/,portal_industry_football_2025
Jack Brumbelow,TE,Air Force Falcons,,Entered,0,3.0,81.0,3459.0,210.0,2024,2025-04-16T10:29:00,,https://www.on3.com/db/jack-brumbelow-179079/,portal_industry_football_2025
Jake Weir,QB,Mississippi State Bulldogs,Houston Christian Huskies,Committed,0,3.0,81.0,3460.0,252.0,2021,2025-06-03T10:00:00,https://on3static.com/uploads/assets/694/15/15694.jpeg,https://www.on3.com/db/jake-weir-53937/,portal_industry_football_2025
Carlos Griffin,CB,Army Black Knights,,Entered,0,3.0,81.0,3461.0,417.0,2023,2025-04-16T09:06:00,https://on3static.com/uploads/assets/653/86/86653.jpg,https://www.on3.com/db/carlos-griffin-18521/,portal_industry_football_2025
Mikey Preston,CB,West Virginia Mountaineers,,Entered,0,3.0,81.0,3462.0,421.0,2024,2025-04-16T09:38:00,,https://www.on3.com/db/mikey-preston-89571/,portal_industry_football_2025
Michael Snowden,LB,Akron Zips,,Entered,0,3.0,81.0,3463.0,342.0,2020,2025-04-16T12:07:00,,https://www.on3.com/db/michael-snowden-88385/,portal_industry_football_2025
Malachi Hinton,WR,Old Dominion Monarchs,,Entered,0,3.0,81.0,3464.0,574.0,2024,2025-04-16T12:07:00,,https://www.on3.com/db/malachi-hinton-158187/,portal_industry_football_2025
Trace Patterson,TE,Western Kentucky Hilltoppers,,Entered,0,3.0,81.0,3465.0,202.0,2023,2025-04-16T15:11:00,,https://www.on3.com/db/trace-patterson-249662/,portal_industry_football_2025
Griffin Schureman,IOL,Northern Arizona Lumberjacks,,Entered,0,3.0,81.0,3466.0,253.0,2023,2025-04-16T15:21:00,https://on3static.com/uploads/assets/216/308/308216.png,https://www.on3.com/db/griffin-schureman-237267/,portal_industry_football_2025
Caleb Nix,S,Clemson Tigers,,Entered,0,3.0,81.0,3467.0,310.0,2022,2025-04-16T15:33:00,https://on3static.com/uploads/assets/831/44/44831.png,https://www.on3.com/db/caleb-nix-17120/,portal_industry_football_2025
Brock Woolf,IOL,Kansas State Wildcats,,Entered,0,3.0,81.0,3468.0,269.0,2023,2025-04-16T19:07:00,https://on3static.com/uploads/assets/231/209/209231.jpeg,https://www.on3.com/db/brock-woolf-158880/,portal_industry_football_2025
Nason Coleman,TE,BYU Cougars,,Entered,0,3.0,81.0,3469.0,207.0,2022,2025-04-16T13:30:00,https://on3static.com/uploads/assets/459/226/226459.png,https://www.on3.com/db/nason-coleman-91078/,portal_industry_football_2025
Peter Schuh,S,Oklahoma Sooners,Marshall Thundering Herd,Committed,0,3.0,81.0,3470.0,326.0,2022,2025-05-26T14:53:00,https://on3static.com/uploads/assets/988/331/331988.png,https://www.on3.com/db/peter-schuh-161467/,portal_industry_football_2025
Dallen Ponder,WR,Western Kentucky Hilltoppers,Tulsa Golden Hurricane,Committed,0,3.0,81.0,3471.0,543.0,2024,,https://on3static.com/uploads/assets/882/340/340882.png,https://www.on3.com/db/dallen-ponder-180416/,portal_industry_football_2025
Tyler Murray,OT,Texas Tech Red Raiders,,Entered,0,3.0,81.0,3472.0,249.0,2024,2025-04-16T15:26:00,https://on3static.com/uploads/assets/585/234/234585.png,https://www.on3.com/db/tyler-murray-236797/,portal_industry_football_2025
Kaden Dixon,RB,Northern Arizona Lumberjacks,,Entered,0,3.0,81.0,3473.0,243.0,2024,2025-04-16T15:43:00,,https://www.on3.com/db/kaden-dixon-240629/,portal_industry_football_2025
Nick Esposito,DL,Western Michigan Broncos,,Entered,0,3.0,81.0,3474.0,389.0,2021,2025-04-16T19:14:00,https://on3static.com/uploads/assets/764/440/440764.jpg,https://www.on3.com/db/nick-esposito-244048/,portal_industry_football_2025
Chase Schutty,TE,Northern Illinois Huskies,,Entered,0,3.0,81.0,3475.0,208.0,2024,2025-04-16T15:25:00,https://on3static.com/uploads/assets/106/269/269106.png,https://www.on3.com/db/chase-schutty-239370/,portal_industry_football_2025
Connor Cameron,OT,Arizona State Sun Devils,Baylor Bears,Committed,0,3.0,81.0,3476.0,251.0,2024,2025-05-16T21:42:00,https://on3static.com/uploads/assets/426/448/448426.png,https://www.on3.com/db/connor-cameron-187637/,portal_industry_football_2025
Navi Bruzon,QB,Arizona State Sun Devils,,Entered,0,3.0,81.0,3477.0,253.0,2024,2025-04-16T14:23:00,,https://www.on3.com/db/navi-bruzon-158494/,portal_industry_football_2025
Beckham Dee,LB,Penn State Nittany Lions,,Entered,0,3.0,81.0,3479.0,332.0,2024,2025-04-16T17:33:00,https://on3static.com/uploads/assets/370/332/332370.png,https://www.on3.com/db/beckham-dee-176056/,portal_industry_football_2025
DJ Mazzone,QB,North Carolina Tar Heels,,Entered,0,3.0,81.0,3480.0,255.0,2024,2025-04-16T20:36:00,https://on3static.com/uploads/assets/46/297/297046.png,https://www.on3.com/db/dj-mazzone-237360/,portal_industry_football_2025
Tristan Bennett,EDGE,North Texas Mean Green,,Entered,0,3.0,81.0,3481.0,254.0,2024,2025-04-16T15:06:00,,https://www.on3.com/db/tristan-bennett-116394/,portal_industry_football_2025
Christian Hunt,QB,Arizona State Sun Devils,,Entered,0,3.0,81.0,3482.0,260.0,2023,2025-04-16T19:03:00,https://on3static.com/uploads/assets/284/472/472284.jpg,https://www.on3.com/db/christian-hunt-156497/,portal_industry_football_2025
Damien Burgueno,LB,Northern Arizona Lumberjacks,,Entered,0,3.0,81.0,3483.0,341.0,2023,2025-04-16T16:20:00,,https://www.on3.com/db/damien-burgueno-28548/,portal_industry_football_2025
Carter Banks,EDGE,James Madison Dukes,,Entered,0,3.0,81.0,3484.0,240.0,2021,2025-04-17T09:59:00,https://on3static.com/uploads/assets/331/321/321331.png,https://www.on3.com/db/carter-banks-196949/,portal_industry_football_2025
Matthew Pajuste,IOL,Buffalo Bulls,,Entered,0,3.0,81.0,3485.0,248.0,2021,2025-04-17T13:36:00,https://on3static.com/uploads/assets/258/179/179258.png,https://www.on3.com/db/matthew-pajuste-86183/,portal_industry_football_2025
Matthew Westmoreland,DL,Sam Houston State Bearkats,,Entered,0,3.0,81.0,3486.0,377.0,2024,2025-04-17T09:59:00,,https://www.on3.com/db/matthew-westmoreland-150636/,portal_industry_football_2025
Caleb Reid,EDGE,Middle Tennessee State Blue Raiders,,Entered,0,3.0,81.0,3487.0,244.0,2024,2025-04-16T08:03:00,,https://www.on3.com/db/caleb-reid-240082/,portal_industry_football_2025
Javen Nicholas,WR,LSU Tigers,Charlotte 49ers,Committed,0,3.0,81.0,3488.0,513.0,2022,,https://on3static.com/uploads/assets/940/440/440940.png,https://www.on3.com/db/javen-nicholas-150524/,portal_industry_football_2025
Nick Munson,WR,Ball State Cardinals,,Entered,0,3.0,81.0,3489.0,515.0,2022,2025-04-17T15:28:00,,https://www.on3.com/db/nick-munson-92783/,portal_industry_football_2025
Adam Rammouni,WR,Eastern Michigan Eagles,,Entered,0,3.0,81.0,3490.0,546.0,2022,2025-04-17T09:55:00,,https://www.on3.com/db/adam-rammouni-150542/,portal_industry_football_2025
Nate Holt,EDGE,Army Black Knights,,Entered,0,3.0,81.0,3491.0,251.0,2022,2025-04-17T09:56:00,,https://www.on3.com/db/nate-holt-149987/,portal_industry_football_2025
Laquavius Bailey,LB,Georgia State Panthers,,Entered,0,3.0,81.0,3492.0,333.0,2024,2025-04-17T13:22:00,https://on3static.com/uploads/assets/283/211/211283.png,https://www.on3.com/db/laquavius-bailey-162877/,portal_industry_football_2025
Gavin Bloom,LB,Georgia State Panthers,,Entered,0,3.0,81.0,3493.0,334.0,0,2025-04-17T13:23:00,https://on3static.com/uploads/assets/564/338/338564.png,https://www.on3.com/db/gavin-bloom-244965/,portal_industry_football_2025
Camden Crooks,WR,Tulsa Golden Hurricane,,Entered,0,3.0,81.0,3494.0,556.0,2023,2025-04-17T13:33:00,,https://www.on3.com/db/camden-crooks-176622/,portal_industry_football_2025
Zachary Nielsen,LB,Tulsa Golden Hurricane,,Entered,0,3.0,81.0,3495.0,335.0,2022,2025-04-17T13:34:00,,https://www.on3.com/db/zachary-nielsen-148389/,portal_industry_football_2025
Julian Womack,S,California Golden Bears,,Entered,0,3.0,81.0,3496.0,330.0,2022,2025-04-17T16:28:00,https://on3static.com/uploads/assets/330/168/168330.png,https://www.on3.com/db/julian-womack-68718/,portal_industry_football_2025
Seven Miller,LB,Charlotte 49ers,,Entered,0,3.0,81.0,3497.0,337.0,2024,2025-04-17T09:50:00,,https://www.on3.com/db/seven-miller-239233/,portal_industry_football_2025
Porter Small,EDGE,BYU Cougars,,Entered,0,3.0,81.0,3498.0,252.0,2022,2025-04-17T15:31:00,,https://www.on3.com/db/porter-small-147316/,portal_industry_football_2025
Jacobi Moore,WR,Coastal Carolina Chanticleers,,Entered,0,3.0,81.0,3499.0,494.0,2021,2025-04-18T10:13:00,https://on3static.com/uploads/assets/827/386/386827.png,https://www.on3.com/db/jacobi-moore-52338/,portal_industry_football_2025
Charlie Robinson,TE,Texas Tech Red Raiders,,Entered,0,3.0,81.0,3500.0,205.0,2021,2025-04-18T06:37:00,https://on3static.com/uploads/assets/353/73/73353.jpeg,https://www.on3.com/db/charlie-robinson-20489/,portal_industry_football_2025
Nolan Munroe,WR,Army Black Knights,,Entered,0,3.0,81.0,3501.0,525.0,2024,2025-04-18T10:21:00,,https://www.on3.com/db/nolan-munroe-177810/,portal_industry_football_2025
Billy Atkins,QB,James Madison Dukes,,Entered,0,3.0,81.0,3502.0,259.0,2021,2025-04-18T06:16:00,https://on3static.com/uploads/assets/400/178/178400.jpeg,https://www.on3.com/db/billy-atkins-10427/,portal_industry_football_2025
Preston Ross,TE,Ball State Cardinals,,Entered,0,3.0,81.0,3503.0,213.0,2023,2025-04-18T06:16:00,,https://www.on3.com/db/preston-ross-177109/,portal_industry_football_2025
Ziggy Loa,EDGE,New Mexico State Aggies,,Entered,0,3.0,81.0,3504.0,253.0,2022,2025-04-18T06:24:00,https://on3static.com/uploads/assets/545/370/370545.png,https://www.on3.com/db/ziggy-loa-147320/,portal_industry_football_2025
Justin Stewart,LB,Virginia Cavaliers,,Entered,0,3.0,81.0,3505.0,317.0,2023,2025-04-18T13:06:00,https://on3static.com/uploads/assets/200/222/222200.png,https://www.on3.com/db/justin-stewart-154537/,portal_industry_football_2025
Thomas Dickinson,OT,Eastern Michigan Eagles,,Entered,0,3.0,81.0,3506.0,252.0,2022,2025-04-18T13:01:00,,https://www.on3.com/db/thomas-dickinson-112287/,portal_industry_football_2025
Shawn Thigpen,WR,Bowling Green Falcons,,Entered,0,3.0,81.0,3507.0,557.0,2023,2025-04-18T14:47:00,,https://www.on3.com/db/shawn-thigpen-106983/,portal_industry_football_2025
Ricardo Underwood,CB,Old Dominion Monarchs,,Entered,0,3.0,81.0,3508.0,419.0,2024,2025-04-18T15:10:00,https://on3static.com/uploads/assets/18/142/142018.png,https://www.on3.com/db/ricardo-underwood-175896/,portal_industry_football_2025
Shekuna Karama,WR,Temple Owls,,Entered,0,3.0,81.0,3509.0,545.0,2020,2025-04-18T20:18:00,https://on3static.com/uploads/assets/48/74/74048.jpeg,https://www.on3.com/db/shekuna-karama-144988/,portal_industry_football_2025
Tyson Wolcott,RB,Austin Peay Governors,,Entered,0,3.0,81.0,3510.0,253.0,2024,2025-04-18T19:58:00,https://on3static.com/uploads/assets/437/172/172437.jpeg,https://www.on3.com/db/tyson-wolcott-178689/,portal_industry_football_2025
Caleb Bryant,OT,Old Dominion Monarchs,,Entered,0,3.0,81.0,3511.0,237.0,2023,2025-04-21T15:15:00,https://on3static.com/uploads/assets/618/340/340618.png,https://www.on3.com/db/caleb-bryant-152699/,portal_industry_football_2025
Takeshi Faupula,RB,New Mexico Lobos,,Entered,0,3.0,81.0,3512.0,231.0,2021,2025-04-21T13:34:00,,https://www.on3.com/db/takeshi-faupula-109914/,portal_industry_football_2025
Hayes Galloway,IOL,North Carolina Tar Heels,,Entered,0,3.0,81.0,3513.0,272.0,2024,2025-04-21T15:09:00,https://on3static.com/uploads/assets/32/297/297032.png,https://www.on3.com/db/hayes-galloway-175958/,portal_industry_football_2025
Gavin Frakes,QB,Virginia Cavaliers,Northwestern Wildcats,Committed,0,3.0,81.0,3514.0,250.0,2022,2025-06-25T10:41:00,https://on3static.com/uploads/assets/770/98/98770.jpg,https://www.on3.com/db/gavin-frakes-45383/,portal_industry_football_2025
Trey Lubin,S,Memphis Tigers,,Entered,0,3.0,81.0,3515.0,331.0,2021,2025-04-21T13:29:00,,https://www.on3.com/db/trey-lubin-116115/,portal_industry_football_2025
Zack Drawdy,WR,Connecticut Huskies,,Entered,0,3.0,81.0,3516.0,563.0,2023,2025-04-21T15:07:00,,https://www.on3.com/db/zack-drawdy-151543/,portal_industry_football_2025
Oliver Stuart,TE,Nevada Wolf Pack,,Entered,0,3.0,81.0,3517.0,200.0,2022,2025-04-22T15:15:00,,https://www.on3.com/db/oliver-stuart-225954/,portal_industry_football_2025
David Kency,RB,LSU Tigers,Nicholls State Colonels,Committed,0,3.0,81.0,3518.0,246.0,2023,2025-05-08T12:19:00,https://on3static.com/uploads/assets/984/292/292984.png,https://www.on3.com/db/david-kency-179460/,portal_industry_football_2025
Luke Jones,WR,Purdue Boilermakers,,Entered,0,3.0,81.0,3519.0,558.0,2022,2025-04-22T08:51:00,https://on3static.com/uploads/assets/846/343/343846.png,https://www.on3.com/db/luke-jones-145700/,portal_industry_football_2025
Justin Kowalak,QB,Ole Miss Rebels,,Entered,0,3.0,81.0,3520.0,256.0,2022,2025-04-22T08:55:00,,https://www.on3.com/db/justin-kowalak-69487/,portal_industry_football_2025
Austin Ledbetter,QB,Arkansas Razorbacks,,Entered,0,3.0,81.0,3521.0,257.0,2022,2025-04-22T17:10:00,https://on3static.com/uploads/assets/149/442/442149.png,https://www.on3.com/db/austin-ledbetter-220449/,portal_industry_football_2025
Iosefa Letuli,DL,BYU Cougars,Hawaii Rainbow Warriors,Committed,0,3.0,81.0,3523.0,397.0,2024,,,https://www.on3.com/db/iosefa-letuli-180040/,portal_industry_football_2025
Zack Homan,RB,San Jose State Spartans,,Entered,0,3.0,81.0,3524.0,247.0,2024,2025-04-22T08:50:00,,https://www.on3.com/db/zack-homan-239399/,portal_industry_football_2025
Tyderick Brown,CB,UAB Blazers,FIU Golden Panthers,Committed,0,3.0,81.0,3525.0,420.0,2024,2025-05-27T14:40:00,https://on3static.com/uploads/assets/954/450/450954.png,https://www.on3.com/db/tyderick-brown-117180/,portal_industry_football_2025
Ben Dutton,TE,Washington State Cougars,,Entered,0,3.0,81.0,3526.0,211.0,2023,2025-04-22T08:53:00,https://on3static.com/uploads/assets/676/319/319676.png,https://www.on3.com/db/ben-dutton-153951/,portal_industry_football_2025
Martavis Blackmon,LB,Memphis Tigers,,Entered,0,3.0,81.0,3527.0,338.0,2023,2025-04-22T15:27:00,https://on3static.com/uploads/assets/712/405/405712.png,https://www.on3.com/db/martavis-blackmon-248638/,portal_industry_football_2025
Matthew Stuewe,WR,Ohio Bobcats,,Entered,0,3.0,81.0,3528.0,559.0,2023,2025-04-22T15:19:00,https://on3static.com/uploads/dev/assets/422/9/9422.jpg,https://www.on3.com/db/matthew-stuewe-145970/,portal_industry_football_2025
Kyron Anderson,DL,Georgia Southern Eagles,,Entered,0,3.0,81.0,3529.0,398.0,2024,2025-04-22T16:39:00,https://on3static.com/uploads/assets/7/340/340007.png,https://www.on3.com/db/kyron-anderson-179246/,portal_industry_football_2025
Chase Harrison,QB,Ball State Cardinals,,Entered,0,3.0,81.0,3530.0,242.0,2022,2025-04-23T15:22:00,https://on3static.com/uploads/assets/90/26/26090.png,https://www.on3.com/db/chase-harrison-20706/,portal_industry_football_2025
Akio Martinson,DL,San Jose State Spartans,,Entered,0,3.0,81.0,3531.0,387.0,2023,2025-04-23T10:00:00,https://on3static.com/uploads/assets/783/585/585783.png,https://www.on3.com/db/akio-martinson-156950/,portal_industry_football_2025
William Jones,IOL,Massachusetts Minutemen,,Entered,0,3.0,81.0,3532.0,274.0,2023,2025-04-23T10:11:00,,https://www.on3.com/db/william-jones-250871/,portal_industry_football_2025
Michael Watkins,IOL,Washington Huskies,San Diego State Aztecs,Committed,0,3.0,81.0,3533.0,283.0,2024,2025-04-29T14:09:00,https://on3static.com/uploads/assets/593/146/146593.png,https://www.on3.com/db/michael-watkins-176332/,portal_industry_football_2025
Watson Cusick,RB,Charlotte 49ers,,Entered,0,3.0,81.0,3534.0,249.0,0,2025-04-23T14:04:00,https://on3static.com/uploads/assets/325/319/319325.png,https://www.on3.com/db/watson-cusick-186175/,portal_industry_football_2025
Kade Millard,EDGE,San Jose State Spartans,,Entered,0,3.0,81.0,3535.0,255.0,2023,2025-04-23T10:00:00,,https://www.on3.com/db/kade-millard-175159/,portal_industry_football_2025
Cameron Mitchell-Jones,WR,Utah Utes,,Entered,0,3.0,81.0,3536.0,568.0,2024,2025-04-23T10:49:00,,https://www.on3.com/db/cameron-mitchell-jones-155571/,portal_industry_football_2025
Tykie Andrews,WR,Oklahoma State Cowboys,,Entered,0,3.0,81.0,3538.0,529.0,2023,2025-04-23T17:42:00,https://on3static.com/uploads/assets/634/226/226634.png,https://www.on3.com/db/tykie-andrews-154300/,portal_industry_football_2025
Isreal Solomon,CB,Hawaii Rainbow Warriors,,Entered,0,3.0,81.0,3539.0,402.0,2023,2025-04-24T09:56:00,https://on3static.com/uploads/assets/365/242/242365.jpeg,https://www.on3.com/db/isreal-solomon-237310/,portal_industry_football_2025
Joe Hall,CB,Kansas State Wildcats,,Entered,0,3.0,81.0,3540.0,403.0,2022,2025-04-24T10:09:00,https://on3static.com/uploads/assets/99/73/73099.jpeg,https://www.on3.com/db/joe-hall-62194/,portal_industry_football_2025
Daniel Ademisoye,OT,Tulsa Golden Hurricane,Norfolk State Spartans,Committed,0,3.0,81.0,3541.0,246.0,2022,2025-05-22T10:35:00,https://on3static.com/uploads/assets/633/216/216633.png,https://www.on3.com/db/daniel-ademisoye-149575/,portal_industry_football_2025
William Hawkins IV,WR,Charlotte 49ers,,Entered,0,3.0,81.0,3542.0,560.0,2022,2025-04-23T17:44:00,https://on3static.com/uploads/assets/532/256/256532.png,https://www.on3.com/db/william-hawkins-iv-121264/,portal_industry_football_2025
Jackson Voth,WR,Kansas State Wildcats,Drake Bulldogs,Committed,0,3.0,81.0,3543.0,561.0,2024,,https://on3static.com/uploads/assets/620/201/201620.jpeg,https://www.on3.com/db/jackson-voth-180505/,portal_industry_football_2025
Blake Nelson,TE,Toledo Rockets,,Entered,0,3.0,81.0,3544.0,212.0,2021,2025-04-23T17:43:00,,https://www.on3.com/db/blake-nelson-10966/,portal_industry_football_2025
Maccloud Crowton,QB,San Jose State Spartans,,Entered,0,3.0,81.0,3545.0,258.0,2021,2025-04-23T21:07:00,,https://www.on3.com/db/maccloud-crowton-81151/,portal_industry_football_2025
Joep Engbers,IOL,Illinois Fighting Illini,Liberty Flames,Committed,0,3.0,81.0,3547.0,282.0,2023,2025-05-15T15:13:00,https://on3static.com/uploads/assets/818/304/304818.png,https://www.on3.com/db/joep-engbers-159078/,portal_industry_football_2025
Peyton Ledford,LB,Army Black Knights,,Entered,0,3.0,81.0,3548.0,339.0,2023,2025-04-24T09:47:00,,https://www.on3.com/db/peyton-ledford-156574/,portal_industry_football_2025
Deion Gunn,S,UAB Blazers,,Entered,0,3.0,81.0,3549.0,332.0,2024,2025-04-23T17:45:00,,https://www.on3.com/db/deion-gunn-177425/,portal_industry_football_2025
Xavier Phipps,WR,UTEP Miners,Texas Southern Tigers,Committed,0,3.0,81.0,3550.0,565.0,2024,2025-05-21T22:00:00,https://on3static.com/uploads/assets/805/449/449805.png,https://www.on3.com/db/xavier-phipps-180740/,portal_industry_football_2025
Silas Proby,CB,Akron Zips,,Entered,0,3.0,81.0,3551.0,422.0,2019,2025-04-24T13:27:00,,https://www.on3.com/db/silas-proby-107443/,portal_industry_football_2025
Marcellus Crutchfield,WR,Toledo Rockets,North Texas Mean Green,Committed,0,3.0,81.0,3553.0,566.0,2020,2025-07-21T14:04:00,https://on3static.com/uploads/assets/873/469/469873.png,https://www.on3.com/db/marcellus-crutchfield-161442/,portal_industry_football_2025
Mitchel Melton,LB,Sam Houston State Bearkats,,Entered,0,3.0,81.0,3554.0,304.0,2024,2025-04-25T11:06:00,https://on3static.com/uploads/assets/514/159/159514.JPG,https://www.on3.com/db/mitchel-melton-158643/,portal_industry_football_2025
Luby Maurice,WR,FIU Golden Panthers,,Entered,0,3.0,81.0,3555.0,485.0,2023,2025-04-25T15:10:00,https://on3static.com/uploads/assets/953/53/53953.jpg,https://www.on3.com/db/luby-maurice-152365/,portal_industry_football_2025
Clarence Wilson,LB,Toledo Rockets,,Entered,0,3.0,81.0,3556.0,312.0,2021,2025-04-24T17:00:00,,https://www.on3.com/db/clarence-wilson-23753/,portal_industry_football_2025
Blake Boda,QB,Arkansas Razorbacks,,Entered,0,3.0,81.0,3557.0,239.0,2023,2025-04-24T16:20:00,https://on3static.com/uploads/assets/909/307/307909.png,https://www.on3.com/db/blake-boda-10764/,portal_industry_football_2025
Duncan MacDonald,OT,Vanderbilt Commodores,,Entered,0,3.0,81.0,3558.0,241.0,2022,2025-04-25T11:08:00,https://on3static.com/uploads/assets/316/332/332316.png,https://www.on3.com/db/duncan-macdonald-39361/,portal_industry_football_2025
Christopher Robinson,LB,Oklahoma State Cowboys,,Entered,0,3.0,81.0,3559.0,315.0,2023,2025-04-25T15:15:00,https://on3static.com/uploads/assets/824/327/327824.png,https://www.on3.com/db/christopher-robinson-243209/,portal_industry_football_2025
Jailen Holmes,WR,Oregon State Beavers,UAB Blazers,Committed,0,3.0,81.0,3560.0,520.0,2022,2025-05-18T12:00:00,https://on3static.com/uploads/assets/898/448/448898.png,https://www.on3.com/db/jailen-holmes-236534/,portal_industry_football_2025
Nate Weyand,TE,Colorado State Rams,,Entered,0,3.0,81.0,3562.0,206.0,2023,2025-04-24T10:08:00,,https://www.on3.com/db/nate-weyand-158623/,portal_industry_football_2025
Keenen Hatcher,DL,Coastal Carolina Chanticleers,,Entered,0,3.0,81.0,3563.0,384.0,2024,2025-04-24T10:12:00,https://on3static.com/uploads/assets/532/340/340532.png,https://www.on3.com/db/keenen-hatcher-175353/,portal_industry_football_2025
Will Leys,IOL,San Jose State Spartans,,Entered,0,3.0,81.0,3564.0,267.0,2021,2025-04-24T16:45:00,https://on3static.com/uploads/assets/821/304/304821.png,https://www.on3.com/db/will-leys-180679/,portal_industry_football_2025
Barrett Newman,LB,Liberty Flames,,Entered,0,3.0,81.0,3565.0,323.0,2023,2025-04-24T16:54:00,,https://www.on3.com/db/barrett-newman-157202/,portal_industry_football_2025
Jacob Camacho,CB,FIU Golden Panthers,,Entered,0,3.0,81.0,3566.0,405.0,2021,2025-04-25T10:57:00,,https://www.on3.com/db/jacob-camacho-51837/,portal_industry_football_2025
Jonny Sorensen,QB,Bowling Green Falcons,,Entered,0,3.0,81.0,3567.0,263.0,2024,2025-04-25T15:10:00,,https://www.on3.com/db/jonny-sorensen-158304/,portal_industry_football_2025
Isaiah Jones,WR,Akron Zips,,Entered,0,3.0,81.0,3568.0,567.0,2023,2025-04-24T16:59:00,,https://www.on3.com/db/isaiah-jones-145030/,portal_industry_football_2025
Bill Young,RB,Army Black Knights,,Entered,0,3.0,81.0,3569.0,252.0,2023,2025-04-24T16:48:00,,https://www.on3.com/db/bill-young-10422/,portal_industry_football_2025
Hinckley Ropati,RB,BYU Cougars,,Entered,0,3.0,81.0,3570.0,232.0,2018,2025-04-25T23:02:00,https://on3static.com/uploads/assets/423/226/226423.png,https://www.on3.com/db/hinckley-ropati-48146/,portal_industry_football_2025
Charlotin Charles,CB,Fresno State Bulldogs,,Entered,0,3.0,81.0,3571.0,378.0,2021,2025-04-26T11:42:00,,https://www.on3.com/db/charlotin-charles-20531/,portal_industry_football_2025
Bryson Harrison,QB,East Carolina Pirates,,Entered,0,3.0,81.0,3572.0,221.0,2023,2025-04-26T11:44:00,https://on3static.com/uploads/assets/674/173/173674.png,https://www.on3.com/db/bryson-harrison-156911/,portal_industry_football_2025
Jyzaiah Rockwell,WR,Sam Houston State Bearkats,Prairie View A&M Panthers,Committed,0,3.0,81.0,3573.0,530.0,2022,,https://on3static.com/uploads/assets/640/181/181640.png,https://www.on3.com/db/jyzaiah-rockwell-58490/,portal_industry_football_2025
Jack Harvey,LB,Wyoming Cowboys,,Entered,0,3.0,81.0,3574.0,340.0,2024,2025-04-26T11:46:00,,https://www.on3.com/db/jack-harvey-239465/,portal_industry_football_2025
Ui Ale,QB,Houston Cougars,Troy Trojans,Committed,0,3.0,81.0,3575.0,264.0,2021,2025-06-09T11:07:00,https://on3static.com/uploads/assets/359/223/223359.png,https://www.on3.com/db/ui-ale-119164/,portal_industry_football_2025
Travis Brashear,TE,Oregon Ducks,,Entered,0,3.0,81.0,3576.0,189.0,2023,2025-04-28T19:15:00,https://on3static.com/uploads/assets/171/304/304171.png,https://www.on3.com/db/travis-brashear-237368/,portal_industry_football_2025
Nick Billoups,QB,UCLA Bruins,,Entered,0,3.0,81.0,3577.0,222.0,2020,2025-04-29T19:14:00,https://on3static.com/uploads/dev/assets/306/4/4306.jpg,https://www.on3.com/db/nick-billoups-92300/,portal_industry_football_2025
Keona Peat,IOL,Arizona State Sun Devils,Arizona Wildcats,Committed,0,3.0,81.0,3580.0,243.0,2023,2025-05-03T14:33:00,https://on3static.com/uploads/assets/4/445/445004.png,https://www.on3.com/db/keona-peat-237265/,portal_industry_football_2025
Javion Clark,S,East Carolina Pirates,East Tennessee State Buccaneers,Committed,0,3.0,81.0,3581.0,301.0,2023,2025-05-20T10:52:00,https://on3static.com/uploads/assets/928/319/319928.png,https://www.on3.com/db/javion-clark-146790/,portal_industry_football_2025
Jaylen Wester,LB,Colorado Buffaloes,Western Kentucky Hilltoppers,Committed,0,3.0,81.0,3582.0,311.0,2022,2025-05-12T13:03:00,https://on3static.com/uploads/assets/7/447/447007.png,https://www.on3.com/db/jaylen-wester-146161/,portal_industry_football_2025
Malakai Murphy,CB,Colorado Buffaloes,Southern Miss Golden Eagles,Committed,0,3.0,81.0,3583.0,407.0,2024,2025-05-20T10:46:00,https://on3static.com/uploads/assets/518/449/449518.png,https://www.on3.com/db/malakai-murphy-259123/,portal_industry_football_2025
Reese Osei-Wusu,IOL,Lamar Cardinals,South Alabama Jaguars,Committed,0,3.0,81.0,3584.0,268.0,2023,2025-05-13T14:57:00,https://on3static.com/uploads/assets/460/447/447460.png,https://www.on3.com/db/reese-osei-wusu-152182/,portal_industry_football_2025
Bryce Purnell,DL,Virginia Cavaliers,Maine Black Bears,Committed,0,3.0,81.0,3585.0,393.0,2022,2025-05-22T10:24:00,https://on3static.com/uploads/assets/869/304/304869.png,https://www.on3.com/db/bryce-purnell-164207/,portal_industry_football_2025
Jordan Holmes,CB,Old Dominion Monarchs,Duquesne Dukes,Committed,0,3.0,81.0,3586.0,416.0,2023,2025-05-21T09:56:00,https://on3static.com/uploads/assets/577/340/340577.png,https://www.on3.com/db/jordan-holmes-151427/,portal_industry_football_2025
Jalen Hargrove,DL,Rice Owls,UCLA Bruins,Committed,0,3.0,81.0,3587.0,370.0,2021,2025-08-01T12:40:00,https://on3static.com/uploads/assets/459/75/75459.jpeg,https://www.on3.com/db/jalen-hargrove-54305/,portal_industry_football_2025
Jack Storey,OT,Eastern Michigan Eagles,USF Bulls,Committed,0,3.0,81.0,3588.0,236.0,2024,2025-08-11T08:52:00,https://on3static.com/uploads/assets/421/483/483421.png,https://www.on3.com/db/jack-storey-151231/,portal_industry_football_2025
JT Hand,IOL,Arizona Wildcats,Oregon State Beavers,Committed,0,3.0,82.0,3589.0,235.0,2021,2024-12-11T08:37:00,https://on3static.com/uploads/dev/assets/819/6/6819.jpg,https://www.on3.com/db/jt-hand-68392/,portal_industry_football_2025
Jonathan Pennix,CB,Virginia Tech Hokies,Southern Miss Golden Eagles,Committed,0,3.0,82.0,3590.0,360.0,2023,2025-01-13T11:12:00,https://on3static.com/uploads/assets/728/332/332728.png,https://www.on3.com/db/jonathan-pennix-145839/,portal_industry_football_2025
Fitzroy Ledgister,WR,Rutgers Scarlet Knights,Western Michigan Broncos,Committed,0,3.0,82.0,3592.0,453.0,2022,2025-01-14T10:03:00,https://on3static.com/uploads/assets/589/176/176589.jpeg,https://www.on3.com/db/fitzroy-ledgister-151868/,portal_industry_football_2025
Jake McConnachie,WR,Pittsburgh Panthers,Massachusetts Minutemen,Committed,0,3.0,82.0,3593.0,452.0,2020,2025-01-17T10:40:00,https://on3static.com/uploads/dev/assets/20/10/10020.jpg,https://www.on3.com/db/jake-mcconnachie-53655/,portal_industry_football_2025
Jai-Ayviauynn Celestine,CB,Arizona Wildcats,FIU Golden Panthers,Committed,0,3.0,82.0,3594.0,354.0,2022,2024-12-30T21:20:00,https://on3static.com/uploads/assets/428/217/217428.png,https://www.on3.com/db/jai-ayviauynn-celestine-53109/,portal_industry_football_2025
Matt Byrnes,TE,Houston Cougars,UNLV Rebels,Committed,0,3.0,82.0,3595.0,173.0,2020,2025-01-10T15:20:00,https://on3static.com/uploads/assets/9/25/25009.jpeg,https://www.on3.com/db/matt-byrnes-86004/,portal_industry_football_2025
Jake Renda,TE,Pittsburgh Panthers,UCLA Bruins,Committed,0,3.0,82.0,3596.0,175.0,2021,2025-05-03T09:37:00,https://on3static.com/uploads/dev/assets/28/10/10028.jpg,https://www.on3.com/db/jake-renda-53774/,portal_industry_football_2025
Rob Fogler,OT,Ball State Cardinals,Kentucky Wildcats,Committed,0,3.0,82.0,3598.0,222.0,2023,2025-05-06T10:25:00,https://on3static.com/uploads/assets/712/445/445712.png,https://www.on3.com/db/rob-fogler-146496/,portal_industry_football_2025
Xavier Miles,DL,Syracuse Orange,Charlotte 49ers,Committed,0,3.0,82.0,3599.0,366.0,2024,2025-04-29T10:06:00,https://on3static.com/uploads/assets/433/440/440433.png,https://www.on3.com/db/xavier-miles-153159/,portal_industry_football_2025
Ishmael Findlayter,EDGE,Virginia Tech Hokies,Duquesne Dukes,Committed,0,3.0,81.0,3600.0,238.0,2023,2024-12-26T13:21:00,https://on3static.com/uploads/assets/815/162/162815.png,https://www.on3.com/db/ishmael-findlayter-151133/,portal_industry_football_2025
Stephen Rusnak,K,Charlotte 49ers,Cincinnati Bearcats,Committed,0,3.0,80.0,3601.0,3.0,2021,2024-12-17T15:41:00,https://on3static.com/uploads/assets/262/235/235262.png,https://www.on3.com/db/stephen-rusnak-160294/,portal_industry_football_2025
Hudson Kaak,P,Oklahoma State Cowboys,Auburn Tigers,Committed,0,3.0,80.0,3602.0,7.0,2023,2024-12-14T15:12:00,https://on3static.com/uploads/assets/591/226/226591.png,https://www.on3.com/db/hudson-kaak-157923/,portal_industry_football_2025
Mitch McCarthy,P,UCF Knights,Indiana Hoosiers,Committed,0,3.0,80.0,3603.0,11.0,2022,2024-12-15T12:13:00,https://on3static.com/uploads/assets/449/393/393449.png,https://www.on3.com/db/mitch-mccarthy-157876/,portal_industry_football_2025
Harold Stubbs IV,CB,Florida State Seminoles,Florida Gators,Committed,0,3.0,81.0,3604.0,385.0,2022,2025-05-19T18:15:00,https://on3static.com/uploads/assets/65/449/449065.jpeg,https://www.on3.com/db/harold-stubbs-iv-47539/,portal_industry_football_2025
Jacob Ulrich,P,Kennesaw State Owls,Oklahoma Sooners,Committed,0,3.0,80.0,3605.0,22.0,2023,2024-12-13T17:34:00,https://on3static.com/uploads/assets/716/381/381716.jpg,https://www.on3.com/db/jacob-ulrich-153296/,portal_industry_football_2025
Jack Bouwmeester,P,Utah Utes,Texas Longhorns,Committed,0,3.0,80.0,3606.0,5.0,2019,2024-12-13T11:32:00,https://on3static.com/uploads/assets/67/17/17067.jpeg,https://www.on3.com/db/jack-bouwmeester-50970/,portal_industry_football_2025
Caden Chittenden,K,UNLV Rebels,USC Trojans,Committed,0,3.0,80.0,3607.0,10.0,2024,2024-12-24T15:22:00,https://on3static.com/uploads/assets/98/396/396098.png,https://www.on3.com/db/caden-chittenden-163343/,portal_industry_football_2025
Laith Marjan,K,South Alabama Jaguars,Kansas Jayhawks,Committed,0,3.0,80.0,3608.0,4.0,2021,2024-12-15T08:00:00,https://on3static.com/uploads/assets/928/213/213928.jpeg,https://www.on3.com/db/laith-marjan-77543/,portal_industry_football_2025
Jake Jensen,QB,USC Trojans,Montana Grizzlies,Committed,0,3.0,81.0,3609.0,225.0,2019,2024-12-19T11:00:00,https://on3static.com/uploads/assets/175/93/93175.png,https://www.on3.com/db/jake-jensen-143330/,portal_industry_football_2025
Alessandro Lorenzetti,DL,Michigan Wolverines,Baylor Bears,Committed,0,3.0,81.0,3610.0,376.0,2022,2025-05-09T17:07:00,https://on3static.com/uploads/assets/822/444/444822.png,https://www.on3.com/db/alessandro-lorenzetti-2759/,portal_industry_football_2025
Luke Seib,WR,UTEP Miners,Louisiana Tech Bulldogs,Committed,0,3.0,81.0,3611.0,496.0,2022,2025-01-12T15:06:00,https://on3static.com/uploads/assets/336/89/89336.jpg,https://www.on3.com/db/luke-seib-80890/,portal_industry_football_2025
Wyatt Minor,IOL,Youngstown State Penguins,West Virginia Mountaineers,Committed,0,3.0,81.0,3612.0,255.0,2023,2025-01-11T13:13:00,https://on3static.com/uploads/assets/124/404/404124.png,https://www.on3.com/db/wyatt-minor-248485/,portal_industry_football_2025
Talyn Hunter,OT,Old Dominion Monarchs,,Entered,0,3.0,81.0,3613.0,247.0,2020,2024-10-28T10:38:00,https://on3static.com/uploads/assets/828/383/383828.png,https://www.on3.com/db/talyn-hunter-144975/,portal_industry_football_2025
Andrew Glass,K,Kent State Golden Flashes,Northern Illinois Huskies,Committed,0,3.0,80.0,3614.0,9.0,2021,2025-01-01T14:26:00,https://on3static.com/uploads/assets/286/362/362286.png,https://www.on3.com/db/andrew-glass-179327/,portal_industry_football_2025
Addison Shrock,K,Washington Huskies,,Entered,0,3.0,80.0,3615.0,32.0,2020,2024-10-10T05:46:00,https://on3static.com/uploads/dev/assets/279/4/4279.jpg,https://www.on3.com/db/addison-shrock-1483/,portal_industry_football_2025
Nick Brown,K,Liberty Flames,,Entered,0,3.0,80.0,3616.0,33.0,2020,2024-10-22T12:39:00,https://on3static.com/uploads/assets/719/73/73719.jpg,https://www.on3.com/db/nick-brown-92329/,portal_industry_football_2025
William Stewart,LS,Memphis Tigers,,Entered,0,3.0,80.0,3617.0,1.0,2020,2024-11-15T13:22:00,https://on3static.com/uploads/assets/403/214/214403.jpeg,https://www.on3.com/db/william-stewart-178449/,portal_industry_football_2025
Ayden McCarter,P,Cornell Big Red,,Entered,0,3.0,80.0,3618.0,29.0,2021,2024-11-22T15:22:00,https://on3static.com/uploads/assets/533/384/384533.jpg,https://www.on3.com/db/ayden-mccarter-246699/,portal_industry_football_2025
Sebastien Tasko,P,Harvard Crimson,,Entered,0,3.0,80.0,3619.0,26.0,2021,2024-11-25T16:21:00,https://on3static.com/uploads/assets/378/386/386378.jpg,https://www.on3.com/db/sebastien-tasko-105787/,portal_industry_football_2025
Anthony Pecorella,P,Stony Brook Seawolves,,Entered,0,3.0,80.0,3620.0,55.0,2019,2024-11-25T17:31:00,https://on3static.com/uploads/assets/419/386/386419.jpg,https://www.on3.com/db/anthony-pecorella-6444/,portal_industry_football_2025
Ross Pedro,LS,Southern Illinois Salukis,,Entered,0,3.0,80.0,3621.0,14.0,2020,2024-11-25T14:21:00,https://on3static.com/uploads/assets/315/386/386315.jpg,https://www.on3.com/db/ross-pedro-246728/,portal_industry_football_2025
Brendan Shoaf,LS,McNeese State Cowboys,,Entered,0,3.0,80.0,3622.0,15.0,2022,2024-11-25T16:57:00,https://on3static.com/uploads/assets/403/386/386403.jpg,https://www.on3.com/db/brendan-shoaf-227888/,portal_industry_football_2025
Robert Hammond,K,Florida Atlantic Owls,Toledo Rockets,Committed,0,3.0,80.0,3623.0,47.0,2023,2024-12-27T10:20:00,https://on3static.com/uploads/assets/232/217/217232.png,https://www.on3.com/db/robert-hammond-152315/,portal_industry_football_2025
Shamus Florio,P,Yale Bulldogs,Boston College Eagles,Committed,0,3.0,80.0,3624.0,28.0,2021,,https://on3static.com/uploads/assets/709/386/386709.jpg,https://www.on3.com/db/shamus-florio-246741/,portal_industry_football_2025
Jack Norris,K,Holy Cross Crusaders,,Entered,0,3.0,80.0,3625.0,69.0,2021,2024-11-26T12:53:00,https://on3static.com/uploads/assets/732/386/386732.jpg,https://www.on3.com/db/jack-norris-188114/,portal_industry_football_2025
Ben Mann,LS,Yale Bulldogs,Boston College Eagles,Committed,0,3.0,80.0,3626.0,16.0,2021,,https://on3static.com/uploads/assets/758/386/386758.jpg,https://www.on3.com/db/ben-mann-246746/,portal_industry_football_2025
Colton Boomer,K,UCF Knights,Boise State Broncos,Committed,0,3.0,80.0,3627.0,15.0,2022,2025-02-20T13:38:00,https://on3static.com/uploads/assets/509/393/393509.jpg,https://www.on3.com/db/colton-boomer-239165/,portal_industry_football_2025
Daniel Hawthorne,LS,Purdue Boilermakers,,Entered,0,3.0,80.0,3628.0,2.0,2020,2024-12-02T09:52:00,https://on3static.com/uploads/assets/336/217/217336.png,https://www.on3.com/db/daniel-hawthorne-29272/,portal_industry_football_2025
Jackson Lee,LS,FIU Golden Panthers,Florida Atlantic Owls,Committed,0,3.0,80.0,3629.0,11.0,2022,2024-12-18T09:03:00,https://on3static.com/uploads/assets/976/388/388976.png,https://www.on3.com/db/jackson-lee-150516/,portal_industry_football_2025
Brenden Segovia,P,Maryland Terrapins,,Entered,0,3.0,80.0,3630.0,34.0,2021,2024-12-03T08:43:00,https://on3static.com/uploads/assets/13/16/16013.jpeg,https://www.on3.com/db/brenden-segovia-13804/,portal_industry_football_2025
Grayson Curtis,LS,Central Michigan Chippewas,New Mexico State Aggies,Committed,0,3.0,80.0,3631.0,9.0,2022,,https://on3static.com/uploads/assets/365/389/389365.png,https://www.on3.com/db/grayson-curtis-179756/,portal_industry_football_2025
Denis Lynch,K,USC Trojans,San Jose State Spartans,Committed,0,3.0,80.0,3632.0,16.0,2021,2025-05-02T11:20:00,https://on3static.com/uploads/assets/15/94/94015.png,https://www.on3.com/db/denis-lynch-34187/,portal_industry_football_2025
Ryan Marks,P,Utah State Aggies,,Entered,0,3.0,80.0,3633.0,36.0,2020,2024-12-07T10:26:00,https://on3static.com/uploads/assets/782/390/390782.jpg,https://www.on3.com/db/ryan-marks-103406/,portal_industry_football_2025
Isaac Hatfield,LS,Northern Illinois Huskies,UTSA Roadrunners,Committed,0,3.0,80.0,3634.0,10.0,2021,,https://on3static.com/uploads/assets/417/390/390417.png,https://www.on3.com/db/isaac-hatfield-179110/,portal_industry_football_2025
Adrian Melesio,K,New Mexico Lobos,San Jose State Spartans,Committed,0,3.0,80.0,3636.0,52.0,2021,2025-06-11T16:23:00,https://on3static.com/uploads/assets/807/390/390807.jpg,https://www.on3.com/db/adrian-melesio-246915/,portal_industry_football_2025
Byron Floyd,LS,Buffalo Bulls,,Entered,0,3.0,80.0,3637.0,12.0,0,2024-12-09T07:15:00,https://on3static.com/uploads/assets/251/341/341251.png,https://www.on3.com/db/byron-floyd-164099/,portal_industry_football_2025
Walker Himebauch,LS,Kentucky Wildcats,Colorado State Rams,Committed,0,3.0,80.0,3638.0,3.0,2023,2024-12-22T10:34:00,,https://www.on3.com/db/walker-himebauch-120008/,portal_industry_football_2025
Carter Brown,K,Cincinnati Bearcats,,Entered,0,3.0,80.0,3639.0,22.0,2022,2024-12-09T08:36:00,https://on3static.com/uploads/assets/380/226/226380.png,https://www.on3.com/db/carter-brown-18867/,portal_industry_football_2025
Chase Allen,K,UTSA Roadrunners,Rice Owls,Committed,0,3.0,80.0,3640.0,23.0,2020,2025-01-07T17:27:00,https://on3static.com/uploads/dev/assets/84/2/2084.jpg,https://www.on3.com/db/chase-allen-20564/,portal_industry_football_2025
Buck Buchanan,P,Louisiana Tech Bulldogs,Colorado Buffaloes,Committed,0,3.0,80.0,3641.0,1.0,2022,2024-12-17T11:44:00,https://on3static.com/uploads/assets/83/26/26083.png,https://www.on3.com/db/buck-buchanan-147569/,portal_industry_football_2025
Brady Denaburg,K,Syracuse Orange,Minnesota Golden Gophers,Committed,0,3.0,80.0,3642.0,25.0,2022,2024-12-15T12:40:00,https://on3static.com/uploads/assets/50/87/87050.jpeg,https://www.on3.com/db/brady-denaburg-154588/,portal_industry_football_2025
Sam Dubwig,P,Arkansas Razorbacks,Purdue Boilermakers,Committed,0,3.0,80.0,3643.0,35.0,2024,2025-01-07T13:47:00,https://on3static.com/uploads/assets/837/407/407837.png,https://www.on3.com/db/sam-dubwig-236874/,portal_industry_football_2025
Kaden Turner,P,Texas Tech Red Raiders,,Entered,0,3.0,80.0,3644.0,37.0,2024,2024-12-09T10:39:00,,https://www.on3.com/db/kaden-turner-179558/,portal_industry_football_2025
Nathaniel Wallace-Dilling,P,Connecticut Huskies,,Entered,0,3.0,80.0,3645.0,49.0,2023,2024-12-09T10:31:00,,https://www.on3.com/db/nathaniel-wallace-dilling-246930/,portal_industry_football_2025
Ryan Kingston,P,Eastern Michigan Eagles,,Entered,0,3.0,80.0,3646.0,50.0,2022,2024-12-09T09:53:00,,https://www.on3.com/db/ryan-kingston-156184/,portal_industry_football_2025
Trey DuBuc,LS,USF Bulls,New Mexico Lobos,Committed,0,3.0,80.0,3647.0,4.0,2023,2025-01-14T11:16:00,https://on3static.com/uploads/assets/16/404/404016.png,https://www.on3.com/db/trey-dubuc-158836/,portal_industry_football_2025
Sam Lindsey,LS,Georgia State Panthers,Indiana Hoosiers,Committed,0,3.0,80.0,3648.0,13.0,2023,2024-12-26T21:01:00,https://on3static.com/uploads/assets/431/402/402431.png,https://www.on3.com/db/sam-lindsey-246931/,portal_industry_football_2025
Declan Duley,P,Illinois Fighting Illini,,Entered,0,3.0,80.0,3650.0,17.0,2023,2024-12-10T09:09:00,https://on3static.com/uploads/assets/311/176/176311.jpeg,https://www.on3.com/db/declan-duley-159015/,portal_industry_football_2025
Rayfield Lotten,TE,Mississippi State Bulldogs,Sam Houston State Bearkats,Committed,0,3.0,81.0,3651.0,193.0,2023,2025-01-11T13:23:00,https://on3static.com/uploads/assets/874/222/222874.png,https://www.on3.com/db/rayfield-lotten-155876/,portal_industry_football_2025
Blake Glessner,K,UCLA Bruins,,Entered,0,3.0,80.0,3652.0,29.0,2020,2024-12-09T16:22:00,https://on3static.com/uploads/assets/959/140/140959.jpeg,https://www.on3.com/db/blake-glessner-10861/,portal_industry_football_2025
Garth White,K,USC Trojans,,Entered,0,3.0,80.0,3653.0,54.0,2018,2024-12-09T16:40:00,https://on3static.com/uploads/assets/313/96/96313.png,https://www.on3.com/db/garth-white-152815/,portal_industry_football_2025
Luke Faccone,K,Air Force Falcons,,Entered,0,3.0,80.0,3654.0,67.0,2024,2024-12-09T11:11:00,https://on3static.com/uploads/assets/518/241/241518.png,https://www.on3.com/db/luke-faccone-238324/,portal_industry_football_2025
Bobby Engstler,P,California Golden Bears,Arkansas State Red Wolves,Committed,0,3.0,80.0,3655.0,38.0,2024,2025-01-04T16:30:00,https://on3static.com/uploads/assets/612/335/335612.png,https://www.on3.com/db/bobby-engstler-11275/,portal_industry_football_2025
Ethan Sanchez,K,Old Dominion Monarchs,Houston Cougars,Committed,0,3.0,80.0,3656.0,18.0,2022,2025-05-21T13:04:00,https://on3static.com/uploads/assets/135/26/26135.png,https://www.on3.com/db/ethan-sanchez-149933/,portal_industry_football_2025
Keegan Shackford,K,Iowa State Cyclones,William & Mary Tribe,Committed,0,3.0,80.0,3657.0,35.0,2021,2025-03-25T09:26:00,https://on3static.com/uploads/assets/939/225/225939.png,https://www.on3.com/db/keegan-shackford-71795/,portal_industry_football_2025
Kenyon Bowyer,K,Eastern Michigan Eagles,,Entered,0,3.0,80.0,3658.0,41.0,2019,2024-12-09T12:46:00,,https://www.on3.com/db/kenyon-bowyer-155978/,portal_industry_football_2025
Drake Knobloch,LS,Iowa State Cyclones,Baylor Bears,Committed,0,3.0,80.0,3659.0,6.0,2022,2025-01-16T12:38:00,https://on3static.com/uploads/assets/906/225/225906.png,https://www.on3.com/db/drake-knobloch-150038/,portal_industry_football_2025
Trey Szykowny,LS,Toledo Rockets,,Entered,0,3.0,80.0,3660.0,17.0,2022,2024-12-09T12:56:00,,https://www.on3.com/db/trey-szykowny-149934/,portal_industry_football_2025
Hunter Higham,LS,Hawaii Rainbow Warriors,Boise State Broncos,Committed,0,3.0,80.0,3661.0,18.0,2023,,,https://www.on3.com/db/hunter-higham-154503/,portal_industry_football_2025
Nathan Dibert,K,LSU Tigers,,Entered,0,3.0,80.0,3662.0,53.0,2022,2024-12-09T14:07:00,https://on3static.com/uploads/assets/775/21/21775.jpeg,https://www.on3.com/db/nathan-dibert-146114/,portal_industry_football_2025
Jack Tannehill,K,Southern Miss Golden Eagles,,Entered,0,3.0,80.0,3663.0,55.0,2021,2024-12-09T14:00:00,https://on3static.com/uploads/assets/982/75/75982.jpeg,https://www.on3.com/db/jack-tannehill-51372/,portal_industry_football_2025
Brody Boehm,K,Missouri Tigers,,Entered,0,3.0,80.0,3664.0,58.0,2024,2024-12-09T19:01:00,https://on3static.com/uploads/assets/402/391/391402.jpg,https://www.on3.com/db/brody-boehm-246946/,portal_industry_football_2025
Brendan Franke,K,Texas State Bobcats,Indiana Hoosiers,Committed,0,3.0,80.0,3665.0,36.0,2020,2024-12-15T13:21:00,https://on3static.com/uploads/assets/449/391/391449.jpg,https://www.on3.com/db/brendan-franke-246951/,portal_industry_football_2025
Matthew Bosset,LS,Marshall Thundering Herd,,Entered,0,3.0,80.0,3666.0,19.0,2021,2024-12-10T06:39:00,,https://www.on3.com/db/matthew-bosset-155960/,portal_industry_football_2025
Pierson Parent,LS,Houston Cougars,,Entered,0,3.0,80.0,3667.0,20.0,2023,2024-12-10T07:55:00,https://on3static.com/uploads/assets/702/271/271702.jpeg,https://www.on3.com/db/pierson-parent-159140/,portal_industry_football_2025
Aidan Ellison,K,Arkansas State Red Wolves,,Entered,0,3.0,80.0,3668.0,42.0,2021,2024-12-11T16:20:00,,https://www.on3.com/db/aidan-ellison-1989/,portal_industry_football_2025
David Bird,LS,California Golden Bears,Alabama Crimson Tide,Committed,0,3.0,80.0,3669.0,22.0,2023,,https://on3static.com/uploads/assets/226/314/314226.png,https://www.on3.com/db/david-bird-156080/,portal_industry_football_2025
Casey Donahue,LS,Duke Blue Devils,,Entered,0,3.0,80.0,3671.0,26.0,2021,2024-12-12T14:55:00,https://on3static.com/uploads/assets/272/392/392272.jpg,https://www.on3.com/db/casey-donahue-159687/,portal_industry_football_2025
Elliot Janish,P,Troy Trojans,,Entered,0,3.0,80.0,3672.0,51.0,2021,2024-12-16T08:36:00,,https://www.on3.com/db/elliot-janish-242179/,portal_industry_football_2025
Chase Barry,P,UCLA Bruins,Oklahoma State Cowboys,Committed,0,3.0,80.0,3673.0,39.0,2022,2025-06-22T00:19:00,https://on3static.com/uploads/assets/983/268/268983.jpeg,https://www.on3.com/db/chase-barry-160987/,portal_industry_football_2025
Charlie Weinrich,K,Kansas Jayhawks,,Entered,0,3.0,80.0,3674.0,61.0,2022,2024-12-17T15:51:00,https://on3static.com/uploads/assets/802/165/165802.png,https://www.on3.com/db/charlie-weinrich-147783/,portal_industry_football_2025
Will Petit,P,Marshall Thundering Herd,,Entered,0,3.0,80.0,3675.0,52.0,2023,2024-12-17T15:33:00,,https://www.on3.com/db/will-petit-247198/,portal_industry_football_2025
Stone Anderson,P,Michigan Wolverines,Wisconsin Badgers,Committed,0,3.0,80.0,3676.0,42.0,2023,,https://on3static.com/uploads/assets/671/302/302671.png,https://www.on3.com/db/stone-anderson-154389/,portal_industry_football_2025
Hugh Robertson,P,Illinois Fighting Illini,,Entered,0,3.0,80.0,3677.0,20.0,2020,2024-12-18T17:12:00,https://on3static.com/uploads/assets/968/15/15968.jpeg,https://www.on3.com/db/hugh-robertson-48337/,portal_industry_football_2025
Ryan Kean,LS,Utah Tech Trailblazers,Washington Huskies,Committed,0,3.0,80.0,3678.0,24.0,2022,2024-12-17T21:06:00,https://on3static.com/uploads/assets/109/394/394109.png,https://www.on3.com/db/ryan-kean-247263/,portal_industry_football_2025
Adam Zouagui,K,Davidson Wildcats,USF Bulls,Committed,0,3.0,80.0,3679.0,48.0,2023,2024-12-19T11:20:00,https://on3static.com/uploads/assets/447/394/394447.png,https://www.on3.com/db/adam-zouagui-247284/,portal_industry_football_2025
Garrett Jordan,LS,North Carolina Tar Heels,,Entered,0,3.0,80.0,3680.0,27.0,2022,2024-12-19T19:43:00,,https://www.on3.com/db/garrett-jordan-161376/,portal_industry_football_2025
Gianni Spetic,K,Ohio Bobcats,Memphis Tigers,Committed,0,3.0,80.0,3681.0,19.0,2023,,https://on3static.com/uploads/assets/196/574/574196.png,https://www.on3.com/db/gianni-spetic-177217/,portal_industry_football_2025
Carter Davis,K,Florida Atlantic Owls,Miami Hurricanes,Committed,0,3.0,80.0,3682.0,43.0,2022,2024-12-21T15:48:00,https://on3static.com/uploads/assets/897/269/269897.png,https://www.on3.com/db/carter-davis-237224/,portal_industry_football_2025
Ashton Logan,P,Oklahoma Sooners,,Entered,0,3.0,80.0,3683.0,41.0,2022,2024-12-20T18:04:00,https://on3static.com/uploads/assets/982/331/331982.png,https://www.on3.com/db/ashton-logan-7901/,portal_industry_football_2025
Lucas Carneiro,K,Western Kentucky Hilltoppers,Ole Miss Rebels,Committed,0,3.0,80.0,3684.0,1.0,2022,2024-12-23T13:29:00,https://on3static.com/uploads/assets/569/391/391569.jpg,https://www.on3.com/db/lucas-carneiro-161807/,portal_industry_football_2025
Collin Johnson,LS,Ohio State Buckeyes,,Entered,0,3.0,80.0,3685.0,33.0,2021,2024-12-24T11:33:00,https://on3static.com/uploads/assets/60/396/396060.png,https://www.on3.com/db/collin-johnson-247319/,portal_industry_football_2025
Daniel Meunier,LS,Texas State Bobcats,,Entered,0,3.0,80.0,3686.0,34.0,2019,2024-12-26T13:47:00,https://on3static.com/uploads/assets/28/94/94028.png,https://www.on3.com/db/daniel-meunier-29349/,portal_industry_football_2025
Robert Cole,P,Troy Trojans,,Entered,0,3.0,80.0,3687.0,25.0,2021,2024-12-27T18:00:00,https://on3static.com/uploads/assets/876/396/396876.jpg,https://www.on3.com/db/robert-cole-247602/,portal_industry_football_2025
Joseph Firebaugh,K,UCLA Bruins,Sacramento State Hornets,Committed,0,3.0,80.0,3689.0,60.0,2021,2024-12-29T18:09:00,https://on3static.com/uploads/assets/536/397/397536.png,https://www.on3.com/db/joseph-firebaugh-163946/,portal_industry_football_2025
Franco Fernandez-Enjo,K,Pittsburgh Panthers,,Entered,0,3.0,80.0,3690.0,63.0,0,2024-12-30T08:50:00,https://on3static.com/uploads/assets/547/308/308547.png,https://www.on3.com/db/franco-fernandez-enjo-228528/,portal_industry_football_2025
Durham Harris,LS,Washington State Cougars,Vanderbilt Commodores,Committed,0,3.0,80.0,3691.0,31.0,2020,2024-12-30T11:18:00,https://on3static.com/uploads/assets/773/397/397773.jpg,https://www.on3.com/db/durham-harris-214606/,portal_industry_football_2025
Vito Calvaruso,K,Arkansas Razorbacks,,Entered,0,3.0,80.0,3692.0,46.0,2020,2024-12-31T12:50:00,https://on3static.com/uploads/dev/assets/176/2/2176.jpg,https://www.on3.com/db/vito-calvaruso-119864/,portal_industry_football_2025
Garrison Grimes,LS,Baylor Bears,BYU Cougars,Committed,0,3.0,80.0,3693.0,27.0,2021,2025-01-14T14:27:00,https://on3static.com/uploads/assets/692/398/398692.jpg,https://www.on3.com/db/garrison-grimes-182290/,portal_industry_football_2025
Jack Stevens,K,South Dakota State Jackrabbits,Washington State Cougars,Committed,0,3.0,80.0,3694.0,62.0,2024,2025-01-06T20:39:00,https://on3static.com/uploads/assets/695/398/398695.jpg,https://www.on3.com/db/jack-stevens-236233/,portal_industry_football_2025
Austin Welch,K,Kennesaw State Owls,Oklahoma Sooners,Committed,0,3.0,80.0,3695.0,21.0,2021,2025-01-02T18:30:00,https://on3static.com/uploads/assets/444/399/399444.png,https://www.on3.com/db/austin-welch-190247/,portal_industry_football_2025
Grant Meadors,K,Oregon Ducks,,Entered,0,3.0,80.0,3696.0,64.0,2023,2025-01-03T14:39:00,https://on3static.com/uploads/assets/616/399/399616.jpg,https://www.on3.com/db/grant-meadors-155897/,portal_industry_football_2025
Blake Ford,K,North Texas Mean Green,Arkansas Razorbacks,Committed,0,3.0,80.0,3697.0,38.0,2022,2025-01-14T21:05:00,https://on3static.com/uploads/assets/897/163/163897.jpg,https://www.on3.com/db/blake-ford-10841/,portal_industry_football_2025
John Cannon,K,USF Bulls,Western Kentucky Hilltoppers,Committed,0,3.0,80.0,3698.0,20.0,2021,2025-01-08T14:20:00,https://on3static.com/uploads/assets/245/216/216245.jpeg,https://www.on3.com/db/john-cannon-63036/,portal_industry_football_2025
Caden Costa,K,Memphis Tigers,UNLV Rebels,Committed,0,3.0,80.0,3699.0,26.0,2021,2025-01-12T22:16:00,https://on3static.com/uploads/assets/726/15/15726.jpeg,https://www.on3.com/db/caden-costa-16705/,portal_industry_football_2025
Gabe Panikowski,K,Idaho State Bengals,Oklahoma State Cowboys,Committed,0,3.0,80.0,3700.0,14.0,2021,2024-12-18T12:16:00,https://on3static.com/uploads/assets/105/404/404105.png,https://www.on3.com/db/gabe-panikowski-248482/,portal_industry_football_2025
Sam Johnson,P,Valparaiso Beacons,USC Trojans,Committed,0,3.0,80.0,3701.0,8.0,2020,2024-12-18T14:44:00,https://on3static.com/uploads/dev/assets/92/2/2092.jpg,https://www.on3.com/db/sam-johnson-144643/,portal_industry_football_2025
Dylan Mauro,P,Southwestern Oklahoma State Bulldogs,Washington State Cougars,Committed,0,3.0,80.0,3702.0,48.0,2023,2025-01-10T15:08:00,https://on3static.com/uploads/assets/161/404/404161.png,https://www.on3.com/db/dylan-mauro-248489/,portal_industry_football_2025
Bryce Robinson,LS,Kennesaw State Owls,Virginia Cavaliers,Committed,0,3.0,80.0,3703.0,29.0,2022,2025-01-08T11:56:00,https://on3static.com/uploads/assets/175/405/405175.png,https://www.on3.com/db/bryce-robinson-248571/,portal_industry_football_2025
RJ Lopez,K,Purdue Boilermakers,,Entered,0,3.0,80.0,3704.0,44.0,2020,2025-01-17T21:14:00,https://on3static.com/uploads/assets/836/405/405836.jpg,https://www.on3.com/db/rj-lopez-100669/,portal_industry_football_2025
Luke Larsen,P,East Carolina Pirates,,Entered,0,3.0,80.0,3706.0,23.0,2020,2025-01-20T11:58:00,https://on3static.com/uploads/assets/567/213/213567.jpeg,https://www.on3.com/db/luke-larsen-80732/,portal_industry_football_2025
Teagen Lenderink,K,Liberty Flames,,Entered,0,3.0,80.0,3707.0,71.0,2021,2025-01-22T11:52:00,,https://www.on3.com/db/teagen-lenderink-111023/,portal_industry_football_2025
Jaffer Murphy,K,Lake Erie College Storm,North Carolina Tar Heels,Committed,0,3.0,80.0,3708.0,30.0,2020,2025-02-05T09:35:00,https://on3static.com/uploads/assets/943/412/412943.png,https://www.on3.com/db/jaffer-murphy-249390/,portal_industry_football_2025
Austin Snyder,K,Ohio State Buckeyes,,Entered,0,3.0,80.0,3709.0,45.0,2021,2025-01-23T16:19:00,https://on3static.com/uploads/assets/681/332/332681.png,https://www.on3.com/db/austin-snyder-244679/,portal_industry_football_2025
Morgan Tribbett,LS,Colorado State Rams,SMU Mustangs,Committed,0,3.0,80.0,3710.0,32.0,2023,2024-12-16T00:52:00,,https://www.on3.com/db/morgan-tribbett-249189/,portal_industry_football_2025
Patrick Rea,P,Louisiana Tech Bulldogs,James Madison Dukes,Committed,0,3.0,80.0,3711.0,27.0,0,2025-06-20T14:03:00,https://on3static.com/uploads/assets/818/425/425818.png,https://www.on3.com/db/patrick-rea-200357/,portal_industry_football_2025
Fabrizio Pinton,K,Illinois Fighting Illini,,Entered,0,3.0,80.0,3712.0,70.0,2020,2025-02-18T16:42:00,https://on3static.com/uploads/assets/399/176/176399.jpeg,https://www.on3.com/db/fabrizio-pinton-43652/,portal_industry_football_2025
Anthony Frederique,P,Bethune-Cookman Wildcats,,Entered,0,3.0,80.0,3713.0,14.0,2020,2025-04-15T08:31:00,https://on3static.com/uploads/assets/241/440/440241.png,https://www.on3.com/db/anthony-frederique-6113/,portal_industry_football_2025
Tyler Black,K,Wake Forest Demon Deacons,Liberty Flames,Committed,0,3.0,80.0,3714.0,34.0,2023,,https://on3static.com/uploads/assets/671/225/225671.png,https://www.on3.com/db/tyler-black-157744/,portal_industry_football_2025
Jackson Waller,P,SMU Mustangs,Arkansas State Red Wolves,Committed,0,3.0,80.0,3715.0,3.0,2024,2025-04-23T13:30:00,https://on3static.com/uploads/assets/430/581/581430.jpeg,https://www.on3.com/db/jackson-waller-174304/,portal_industry_football_2025
Landon Rehkow,P,BYU Cougars,,Entered,0,3.0,80.0,3716.0,43.0,2020,2025-04-16T11:46:00,https://on3static.com/uploads/assets/471/310/310471.png,https://www.on3.com/db/landon-rehkow-78016/,portal_industry_football_2025
Anthony Venneri,P,Ohio State Buckeyes,UCF Knights,Committed,0,3.0,80.0,3717.0,44.0,2022,2025-05-09T14:41:00,https://on3static.com/uploads/assets/721/564/564721.PNG,https://www.on3.com/db/anthony-venneri-179576/,portal_industry_football_2025
Nick Salmon,P,Florida Atlantic Owls,Texas State Bobcats,Committed,0,3.0,80.0,3718.0,53.0,2023,2025-04-27T13:24:00,https://on3static.com/uploads/assets/235/217/217235.png,https://www.on3.com/db/nick-salmon-175892/,portal_industry_football_2025
Ian Hershey,K,Arizona State Sun Devils,,Entered,0,3.0,80.0,3719.0,27.0,0,2025-04-16T14:48:00,https://on3static.com/uploads/assets/307/217/217307.png,https://www.on3.com/db/ian-hershey-149620/,portal_industry_football_2025
Lucas Osada,K,North Carolina Tar Heels,Illinois Fighting Illini,Committed,0,3.0,80.0,3720.0,50.0,2024,2025-04-27T22:15:00,https://on3static.com/uploads/assets/883/238/238883.png,https://www.on3.com/db/lucas-osada-179506/,portal_industry_football_2025
David Chapeau,P,Central Michigan Chippewas,,Entered,0,3.0,80.0,3721.0,21.0,2019,2025-04-16T16:11:00,https://on3static.com/uploads/assets/637/213/213637.jpeg,https://www.on3.com/db/david-chapeau-150465/,portal_industry_football_2025
Cameron Warchuck,LS,Washington Huskies,,Entered,0,3.0,80.0,3722.0,36.0,2021,2025-04-16T18:56:00,https://on3static.com/uploads/assets/387/242/242387.jpeg,https://www.on3.com/db/cameron-warchuck-18162/,portal_industry_football_2025
George Laster,K,Navy Midshipmen,,Entered,0,3.0,80.0,3724.0,51.0,2023,2025-04-17T09:49:00,https://on3static.com/uploads/assets/246/287/287246.jpeg,https://www.on3.com/db/george-laster-153301/,portal_industry_football_2025
Kade Hensley,K,Coastal Carolina Chanticleers,West Virginia Mountaineers,Committed,0,3.0,80.0,3725.0,52.0,2021,2025-04-30T09:18:00,https://on3static.com/uploads/assets/682/75/75682.jpg,https://www.on3.com/db/kade-hensley-70322/,portal_industry_football_2025
Brylan Noonan,LS,Temple Owls,Kennesaw State Owls,Committed,0,3.0,80.0,3726.0,31.0,2020,2025-05-08T08:04:00,https://on3static.com/uploads/assets/391/446/446391.png,https://www.on3.com/db/brylan-noonan-177213/,portal_industry_football_2025
Mason Shipley,K,Texas State Bobcats,Texas Longhorns,Committed,0,3.0,80.0,3727.0,2.0,2021,2025-04-18T20:17:00,https://on3static.com/uploads/assets/583/438/438583.jpg,https://www.on3.com/db/mason-shipley-214768/,portal_industry_football_2025
Zac Yoakam,K,Notre Dame Fighting Irish,Houston Cougars,Committed,0,3.0,80.0,3728.0,28.0,2022,2025-04-30T09:12:00,https://on3static.com/uploads/assets/423/331/331423.png,https://www.on3.com/db/zac-yoakam-227965/,portal_industry_football_2025
Ethan Moczulski,K,Illinois Fighting Illini,Washington Huskies,Committed,0,3.0,80.0,3729.0,39.0,2022,,https://on3static.com/uploads/assets/68/88/88068.jpg,https://www.on3.com/db/ethan-moczulski-146117/,portal_industry_football_2025
Aiden Webb,K,UTEP Miners,,Entered,0,3.0,80.0,3730.0,65.0,2024,2025-04-16T08:02:00,,https://www.on3.com/db/aiden-webb-240660/,portal_industry_football_2025
Jacob Horvath,P,Eastern Illinois Panthers,North Carolina Tar Heels,Committed,0,3.0,80.0,3731.0,18.0,2023,2025-04-17T09:39:00,https://on3static.com/uploads/assets/946/470/470946.jpg,https://www.on3.com/db/jacob-horvath-250691/,portal_industry_football_2025
Sam Eccles,P,SMU Mustangs,,Entered,0,3.0,80.0,3732.0,45.0,0,2025-04-17T16:29:00,https://on3static.com/uploads/assets/143/333/333143.png,https://www.on3.com/db/sam-eccles-170458/,portal_industry_football_2025
Ryder Burns,LS,Southern Miss Golden Eagles,,Entered,0,3.0,80.0,3734.0,38.0,2023,2025-04-17T15:21:00,,https://www.on3.com/db/ryder-burns-174629/,portal_industry_football_2025
Noe Ruelas,K,James Madison Dukes,UCF Knights,Committed,0,3.0,80.0,3735.0,24.0,2020,2025-05-05T14:40:00,https://on3static.com/uploads/assets/695/564/564695.PNG,https://www.on3.com/db/noe-ruelas-180517/,portal_industry_football_2025
Luke Dunne,P,Oregon Ducks,Washington Huskies,Committed,0,3.0,80.0,3736.0,31.0,2023,2025-04-29T12:19:00,https://on3static.com/uploads/assets/138/304/304138.png,https://www.on3.com/db/luke-dunne-175395/,portal_industry_football_2025
Jack Richardson,P,Southern Miss Golden Eagles,,Entered,0,3.0,80.0,3737.0,54.0,2025,2025-04-18T06:11:00,https://on3static.com/uploads/assets/401/302/302401.png,https://www.on3.com/db/jack-richardson-240625/,portal_industry_football_2025
Bert Auburn,K,Texas Longhorns,Miami Hurricanes,Committed,0,3.0,80.0,3738.0,13.0,2021,2025-09-01T11:33:00,https://on3static.com/uploads/assets/200/67/67200.jpg,https://www.on3.com/db/bert-auburn-10336/,portal_industry_football_2025
Luke Bauer,K,Missouri Tigers,Michigan Wolverines,Committed,0,3.0,80.0,3739.0,68.0,2022,2025-04-18T16:55:00,https://on3static.com/uploads/assets/501/304/304501.jpeg,https://www.on3.com/db/luke-bauer-224958/,portal_industry_football_2025
Abram Murray,K,Miami Hurricanes,California Golden Bears,Committed,0,3.0,80.0,3741.0,49.0,2024,2025-05-02T16:21:00,https://on3static.com/uploads/assets/397/297/297397.png,https://www.on3.com/db/abram-murray-155993/,portal_industry_football_2025
Cash Peterman,P,Arizona Wildcats,UCLA Bruins,Committed,0,3.0,80.0,3742.0,46.0,2018,,https://on3static.com/uploads/assets/990/73/73990.jpg,https://www.on3.com/db/cash-peterman-19144/,portal_industry_football_2025
Brock Walters,LS,Old Dominion Monarchs,Marshall Thundering Herd,Committed,0,3.0,80.0,3745.0,40.0,2023,,https://on3static.com/uploads/assets/287/171/171287.png,https://www.on3.com/db/brock-walters-175630/,portal_industry_football_2025
Brody Richter,P,UCLA Bruins,Minnesota Golden Gophers,Committed,0,3.0,80.0,3747.0,6.0,0,2025-04-24T13:23:00,https://on3static.com/uploads/assets/606/442/442606.png,https://www.on3.com/db/brody-richter-242137/,portal_industry_football_2025
Tate Sandell,K,UTSA Roadrunners,Oklahoma Sooners,Committed,0,3.0,80.0,3748.0,8.0,2022,2025-04-25T09:36:00,https://on3static.com/uploads/assets/827/167/167827.png,https://www.on3.com/db/tate-sandell-147567/,portal_industry_football_2025
Michael Kern,K,Texas Longhorns,California Golden Bears,Committed,0,3.0,80.0,3749.0,51.0,2024,2025-05-12T10:40:00,https://on3static.com/uploads/assets/953/446/446953.png,https://www.on3.com/db/michael-kern-158008/,portal_industry_football_2025
Chase Meyer,K,Penn State Nittany Lions,California Golden Bears,Committed,0,3.0,80.0,3750.0,56.0,2022,2025-05-06T12:51:00,https://on3static.com/uploads/assets/924/416/416924.png,https://www.on3.com/db/chase-meyer-147089/,portal_industry_football_2025
AJ Vinatieri,K,Louisville Cardinals,,Entered,0,3.0,80.0,3751.0,66.0,2022,2025-04-25T08:13:00,https://on3static.com/uploads/assets/923/266/266923.jpeg,https://www.on3.com/db/aj-vinatieri-2244/,portal_industry_football_2025
Jack Mowrey,LS,James Madison Dukes,Hawaii Rainbow Warriors,Committed,0,3.0,80.0,3752.0,41.0,2023,,https://on3static.com/uploads/assets/337/321/321337.png,https://www.on3.com/db/jack-mowrey-175302/,portal_industry_football_2025
Gannon Burt,LS,Florida Gators,North Carolina Tar Heels,Committed,0,3.0,80.0,3753.0,42.0,2023,2025-04-29T11:18:00,https://on3static.com/uploads/assets/475/335/335475.png,https://www.on3.com/db/gannon-burt-152772/,portal_industry_football_2025
James Ferguson,P,Boise State Broncos,Oregon Ducks,Committed,0,3.0,80.0,3754.0,10.0,2022,2025-05-01T17:29:00,https://on3static.com/uploads/assets/619/444/444619.png,https://www.on3.com/db/james-ferguson-147357/,portal_industry_football_2025
Ryan Leavy,P,Duke Blue Devils,East Carolina Pirates,Committed,0,3.0,80.0,3755.0,32.0,0,2025-05-01T10:26:00,https://on3static.com/uploads/assets/80/390/390080.png,https://www.on3.com/db/ryan-leavy-239580/,portal_industry_football_2025
Jackson Courville,K,Ball State Cardinals,Ohio State Buckeyes,Committed,0,3.0,80.0,3756.0,6.0,2023,2025-05-03T11:41:00,https://on3static.com/uploads/assets/993/443/443993.jpg,https://www.on3.com/db/jackson-courville-250983/,portal_industry_football_2025
Will Karoll,P,Tulane Green Wave,UCLA Bruins,Committed,0,3.0,80.0,3757.0,12.0,2023,2025-05-05T14:44:00,https://on3static.com/uploads/assets/452/445/445452.png,https://www.on3.com/db/will-karoll-251067/,portal_industry_football_2025
Will Spain,LS,Troy Trojans,Houston Cougars,Committed,0,3.0,80.0,3758.0,43.0,2021,2025-05-15T11:17:00,https://on3static.com/uploads/assets/104/448/448104.png,https://www.on3.com/db/will-spain-259012/,portal_industry_football_2025
Troy Petz,P,Washington Huskies,Washington State Cougars,Committed,0,3.0,80.0,3759.0,33.0,2023,2025-05-15T06:33:00,https://on3static.com/uploads/assets/265/223/223265.png,https://www.on3.com/db/troy-petz-237401/,portal_industry_football_2025
Triston O'Brien,LS,Indiana State Sycamores,East Carolina Pirates,Committed,0,3.0,80.0,3760.0,44.0,0,2024-12-18T11:20:00,https://on3static.com/uploads/assets/412/226/226412.png,https://www.on3.com/db/triston-obrien-220839/,portal_industry_football_2025
Jesus Gomez,K,Eastern Michigan Eagles,Arizona State Sun Devils,Committed,0,3.0,80.0,3761.0,7.0,2021,2024-12-15T12:35:00,https://on3static.com/uploads/assets/312/472/472312.jpg,https://www.on3.com/db/jesus-gomez-156187/,portal_industry_football_2025
Kevin Gallic,LS,New Hampshire Wildcats,Nebraska Cornhuskers,Committed,0,3.0,80.0,3762.0,21.0,2022,2024-12-14T09:43:00,https://on3static.com/uploads/assets/699/391/391699.jpg,https://www.on3.com/db/kevin-gallic-246960/,portal_industry_football_2025
Upton Bellenfant,K,Buffalo Bulls,Texas Tech Red Raiders,Committed,0,3.0,80.0,3763.0,5.0,0,2024-12-21T21:37:00,https://on3static.com/uploads/assets/233/341/341233.png,https://www.on3.com/db/upton-bellenfant-245123/,portal_industry_football_2025
Garrison Smith,K,Akron Zips,Florida Atlantic Owls,Committed,0,3.0,80.0,3764.0,11.0,2021,2024-12-24T11:44:00,https://on3static.com/uploads/assets/66/16/16066.jpeg,https://www.on3.com/db/garrison-smith-45136/,portal_industry_football_2025
Connor Gibbs,K,Southern Miss Golden Eagles,Auburn Tigers,Committed,0,3.0,80.0,3765.0,17.0,2023,2024-12-20T13:12:00,https://on3static.com/uploads/assets/902/394/394902.png,https://www.on3.com/db/connor-gibbs-175670/,portal_industry_football_2025
Finn Lappin,P,McNeese State Cowboys,Kansas Jayhawks,Committed,0,3.0,80.0,3766.0,24.0,0,2025-01-09T14:18:00,https://on3static.com/uploads/assets/908/386/386908.png,https://www.on3.com/db/finn-lappin-246752/,portal_industry_football_2025
Tommy Doman,P,Michigan Wolverines,Florida Gators,Committed,0,3.0,80.0,3767.0,15.0,2021,2024-12-13T16:05:00,https://on3static.com/uploads/assets/266/18/18266.jpeg,https://www.on3.com/db/tommy-doman-113583/,portal_industry_football_2025
Nick Haberer,P,Washington State Cougars,Vanderbilt Commodores,Committed,0,3.0,80.0,3768.0,17.0,2021,2024-12-15T12:44:00,https://on3static.com/uploads/assets/626/16/16626.jpeg,https://www.on3.com/db/nick-haberer-92587/,portal_industry_football_2025
Trent Middleton,LS,UCLA Bruins,Michigan Wolverines,Committed,0,3.0,80.0,3769.0,8.0,2023,2025-01-09T19:47:00,https://on3static.com/uploads/assets/990/218/218990.png,https://www.on3.com/db/trent-middleton-157465/,portal_industry_football_2025
Orion Phillips,P,Missouri Tigers,Utah Utes,Committed,0,3.0,80.0,3770.0,40.0,2023,2024-12-13T12:36:00,https://on3static.com/uploads/assets/111/404/404111.png,https://www.on3.com/db/orion-phillips-239535/,portal_industry_football_2025
Grant Chadwick,P,Middle Tennessee State Blue Raiders,LSU Tigers,Committed,0,3.0,80.0,3771.0,9.0,2024,2024-12-19T14:59:00,https://on3static.com/uploads/assets/498/394/394498.png,https://www.on3.com/db/grant-chadwick-236381/,portal_industry_football_2025
Damon Greaves,P,Kansas Jayhawks,Colorado Buffaloes,Committed,0,3.0,80.0,3772.0,19.0,2023,2024-12-20T19:40:00,https://on3static.com/uploads/assets/133/226/226133.png,https://www.on3.com/db/damon-greaves-177222/,portal_industry_football_2025
Marshall Nichols,P,UNLV Rebels,Georgia Tech Yellow Jackets,Committed,0,3.0,80.0,3773.0,16.0,2021,2025-01-02T10:57:00,https://on3static.com/uploads/assets/371/464/464371.jpg,https://www.on3.com/db/marshall-nichols-84368/,portal_industry_football_2025
Adam Booker,LS,Charlotte 49ers,Miami Hurricanes,Committed,0,3.0,80.0,3774.0,28.0,2022,2024-12-21T15:47:00,https://on3static.com/uploads/assets/353/319/319353.png,https://www.on3.com/db/adam-booker-186121/,portal_industry_football_2025
Will Halkyard,LS,Northwestern Wildcats,TCU Horned Frogs,Committed,0,3.0,80.0,3775.0,30.0,2020,2024-12-30T11:34:00,https://on3static.com/uploads/assets/676/388/388676.jpeg,https://www.on3.com/db/will-halkyard-206591/,portal_industry_football_2025
Ethan Head,K,Tulane Green Wave,West Virginia Mountaineers,Committed,0,3.0,80.0,3776.0,31.0,2024,2025-01-06T13:02:00,https://on3static.com/uploads/assets/949/400/400949.jpg,https://www.on3.com/db/ethan-head-247985/,portal_industry_football_2025
Noah Burnette,K,North Carolina Tar Heels,Notre Dame Fighting Irish,Committed,0,3.0,80.0,3777.0,12.0,2020,2025-01-11T16:15:00,https://on3static.com/uploads/assets/44/403/403044.png,https://www.on3.com/db/noah-burnette-161355/,portal_industry_football_2025
Ian Ratliff,P,Texas Longhorns,Appalachian State Mountaineers,Committed,0,3.0,80.0,3778.0,25.0,2023,,https://on3static.com/uploads/assets/405/403/403405.png,https://www.on3.com/db/ian-ratliff-248397/,portal_industry_football_2025
Brook Honore,P,Arkansas State Red Wolves,California Golden Bears,Committed,0,3.0,80.0,3779.0,47.0,0,2025-01-07T23:33:00,https://on3static.com/uploads/assets/623/275/275623.png,https://www.on3.com/db/brook-honore-239639/,portal_industry_football_2025
Adam Samaha,K,Michigan Wolverines,North Carolina Tar Heels,Committed,0,3.0,80.0,3782.0,40.0,2023,2024-12-19T10:16:00,https://on3static.com/uploads/assets/676/302/302676.png,https://www.on3.com/db/adam-samaha-148671/,portal_industry_football_2025
Connor Weselman,P,Stanford Cardinal,Missouri Tigers,Committed,0,3.0,80.0,3783.0,30.0,2021,2024-12-22T23:26:00,https://on3static.com/uploads/assets/559/16/16559.jpeg,https://www.on3.com/db/connor-weselman-25742/,portal_industry_football_2025
Keelan Crimmins,P,Purdue Boilermakers,Illinois Fighting Illini,Committed,0,3.0,80.0,3785.0,4.0,2023,2025-01-08T20:52:00,https://on3static.com/uploads/assets/478/343/343478.png,https://www.on3.com/db/keelan-crimmins-175310/,portal_industry_football_2025
Johntay Cook II,WR,Texas Longhorns,Washington Huskies,Committed,168353,0.0,,,,2023,2024-12-28T14:04:00,https://on3static.com/uploads/assets/989/201/201989.png,https://www.on3.com/db/johntay-cook-ii-64133/,portal_industry_football_2025
Nathan Leacock,WR,Tennessee Volunteers,Purdue Boilermakers,Committed,0,0.0,,,,2023,2025-01-06T19:51:00,https://on3static.com/uploads/assets/920/470/470920.jpg,https://www.on3.com/db/nathan-leacock-146412/,portal_industry_football_2025
Keionte Scott,CB,Auburn Tigers,Houston Cougars,Committed,0,0.0,,,,2020,2025-01-10T13:39:00,https://on3static.com/uploads/assets/830/93/93830.jpg,https://www.on3.com/db/keionte-scott-146078/,portal_industry_football_2025
Karmello English,WR,West Georgia Wolves,Coastal Carolina Chanticleers,Committed,0,0.0,,,,2023,2025-04-26T13:11:00,https://on3static.com/uploads/assets/129/78/78129.png,https://www.on3.com/db/karmello-english-71337/,portal_industry_football_2025
John Lewis,LB,Mississippi State Bulldogs,UNLV Rebels,Committed,0,0.0,,,,2021,2025-01-10T17:58:00,https://on3static.com/uploads/assets/817/12/12817.jpeg,https://www.on3.com/db/john-lewis-63349/,portal_industry_football_2025
Keyan Burnett,TE,Arizona Wildcats,Kansas Jayhawks,Committed,0,0.0,,,,2022,2024-12-20T11:47:00,https://on3static.com/uploads/assets/247/399/399247.png,https://www.on3.com/db/keyan-burnett-74630/,portal_industry_football_2025
Demon Clowney,EDGE,Charlotte 49ers,Louisville Cardinals,Committed,0,0.0,,,,2020,2024-12-24T10:25:00,https://on3static.com/uploads/assets/50/18/18050.jpeg,https://www.on3.com/db/demon-clowney-34075/,portal_industry_football_2025
Kody Jones,CB,Michigan Wolverines,Memphis Tigers,Committed,0,0.0,,,,2022,2025-01-06T09:58:00,https://on3static.com/uploads/assets/611/302/302611.png,https://www.on3.com/db/kody-jones-144982/,portal_industry_football_2025
Braedyn Moore,S,Wisconsin Badgers,Toledo Rockets,Committed,0,0.0,,,,2023,2024-12-20T15:11:00,https://on3static.com/uploads/assets/135/222/222135.png,https://www.on3.com/db/braedyn-moore-151012/,portal_industry_football_2025
Brandon Jacob,S,Maryland Terrapins,UCF Knights,Committed,0,0.0,,,,2024,2024-12-16T19:39:00,https://on3static.com/uploads/assets/82/442/442082.png,https://www.on3.com/db/brandon-jacob-150833/,portal_industry_football_2025
Hardley Gilmore,WR,Kentucky Wildcats,Nebraska Cornhuskers,Committed,0,0.0,,,,2024,2025-01-01T17:44:00,https://on3static.com/uploads/assets/249/397/397249.jpg,https://www.on3.com/db/hardley-gilmore-47471/,portal_industry_football_2025
Ajay Allen Jr.,RB,Miami Hurricanes,FIU Golden Panthers,Committed,0,0.0,,,,2022,2025-01-08T09:14:00,https://on3static.com/uploads/assets/429/222/222429.jpg,https://www.on3.com/db/ajay-allen-jr-146292/,portal_industry_football_2025
Quan Lee,WR,Florida A&M Rattlers,Arkansas State Red Wolves,Committed,0,0.0,,,,2022,2025-05-25T15:55:00,https://on3static.com/uploads/assets/73/184/184073.png,https://www.on3.com/db/quan-lee-97084/,portal_industry_football_2025
KaTron Evans,DL,Charlotte 49ers,Marshall Thundering Herd,Committed,0,0.0,,,,2021,2024-12-22T10:01:00,https://on3static.com/uploads/assets/819/132/132819.jpeg,https://www.on3.com/db/katron-evans-71470/,portal_industry_football_2025
Antonio Martin,RB,Southeastern Louisiana Lions,Louisiana-Monroe Warhawks,Committed,0,0.0,,,,2022,2025-01-25T11:53:00,https://on3static.com/uploads/assets/428/86/86428.jpg,https://www.on3.com/db/antonio-martin-7011/,portal_industry_football_2025
Pierce Clarkson,QB,Louisville Cardinals,Ole Miss Rebels,Committed,0,0.0,,,,2023,2025-01-13T12:29:00,https://on3static.com/uploads/assets/212/223/223212.png,https://www.on3.com/db/pierce-clarkson-96638/,portal_industry_football_2025
Andy Jean,WR,Florida Gators,Pittsburgh Panthers,Committed,134476,0.0,,,,2023,2025-01-04T15:51:00,https://on3static.com/uploads/assets/166/400/400166.png,https://www.on3.com/db/andy-jean-145383/,portal_industry_football_2025
Zach Pyron,QB,Georgia Tech Yellow Jackets,Minnesota Golden Gophers,Committed,0,0.0,,,,2022,2024-12-11T17:51:00,https://on3static.com/uploads/assets/420/86/86420.jpg,https://www.on3.com/db/zach-pyron-122978/,portal_industry_football_2025
Amare Snowden,CB,Wisconsin Badgers,Toledo Rockets,Committed,0,0.0,,,,2023,2024-12-13T10:41:00,https://on3static.com/uploads/assets/133/222/222133.png,https://www.on3.com/db/amare-snowden-4182/,portal_industry_football_2025
TJ Finley,QB,Western Kentucky Hilltoppers,Tulane Green Wave,Committed,0,0.0,,,,2020,2024-12-16T20:51:00,https://on3static.com/uploads/assets/802/442/442802.png,https://www.on3.com/db/tj-finley-113095/,portal_industry_football_2025
EJ Colson,QB,UCF Knights,Purdue Boilermakers,Committed,0,0.0,,,,2024,2024-12-22T13:08:00,https://on3static.com/uploads/assets/840/407/407840.png,https://www.on3.com/db/ej-colson-152831/,portal_industry_football_2025
Jordon Simmons,RB,Akron Zips,Ole Miss Rebels,Committed,0,0.0,,,,2020,2025-01-10T15:30:00,https://on3static.com/uploads/assets/632/397/397632.jpg,https://www.on3.com/db/jordon-simmons-66311/,portal_industry_football_2025
Terry Kirksey,LB,Kansas State Wildcats,Connecticut Huskies,Committed,0,0.0,,,,2021,2024-12-20T15:47:00,https://on3static.com/uploads/assets/216/209/209216.jpeg,https://www.on3.com/db/terry-kirksey-111849/,portal_industry_football_2025
Timothy Carpenter,QB,Tulsa Golden Hurricane,Ohio Bobcats,Committed,0,0.0,,,,2024,2025-05-10T12:22:00,https://on3static.com/uploads/assets/929/188/188929.jpeg,https://www.on3.com/db/timothy-carpenter-151859/,portal_industry_football_2025
Cameron Camper,WR,Boise State Broncos,,Entered,0,0.0,,,,2019,2025-01-31T16:42:00,https://on3static.com/uploads/assets/498/265/265498.png,https://www.on3.com/db/cameron-camper-146225/,portal_industry_football_2025
Sammy Anderson,CB,Austin Peay Governors,Connecticut Huskies,Committed,0,0.0,,,,2020,2025-01-01T15:44:00,https://on3static.com/uploads/dev/assets/406/10/10406.jpg,https://www.on3.com/db/sammy-anderson-104671/,portal_industry_football_2025
Dominic Richardson,RB,Baylor Bears,New Mexico State Aggies,Committed,0,0.0,,,,2020,2025-01-23T19:28:00,https://on3static.com/uploads/assets/530/207/207530.jpeg,https://www.on3.com/db/dominic-richardson-37537/,portal_industry_football_2025
Ger-Cari Caldwell,WR,North Carolina A&T Aggies,Memphis Tigers,Committed,0,0.0,,,,2020,2025-01-06T19:23:00,https://on3static.com/uploads/dev/assets/716/4/4716.jpg,https://www.on3.com/db/ger-cari-caldwell-45820/,portal_industry_football_2025
Tyler King,WR,Wyoming Cowboys,,Entered,0,0.0,,,,2022,2024-12-09T15:48:00,https://on3static.com/uploads/assets/225/167/167225.png,https://www.on3.com/db/tyler-king-117722/,portal_industry_football_2025
Eric Taylor,DL,Mississippi State Bulldogs,SMU Mustangs,Committed,0,0.0,,,,2020,2025-01-05T10:16:00,https://on3static.com/uploads/assets/493/391/391493.png,https://www.on3.com/db/eric-taylor-42439/,portal_industry_football_2025
Isaiah Myers,WR,Charlotte 49ers,Purdue Boilermakers,Committed,0,0.0,,,,2022,2025-01-06T23:42:00,https://on3static.com/uploads/assets/851/407/407851.png,https://www.on3.com/db/isaiah-myers-238328/,portal_industry_football_2025
Emmanuel Karnley,CB,Arizona Wildcats,Miami Hurricanes,Committed,0,0.0,,,,2023,2024-12-26T15:55:00,https://on3static.com/uploads/assets/772/583/583772.png,https://www.on3.com/db/emmanuel-karnley-145171/,portal_industry_football_2025
Joseph Jefferson II,S,Purdue Boilermakers,Western Michigan Broncos,Committed,0,0.0,,,,2022,2024-12-18T09:09:00,https://on3static.com/uploads/assets/491/343/343491.png,https://www.on3.com/db/joseph-jefferson-ii-148179/,portal_industry_football_2025
Will Smith,EDGE,Tulsa Golden Hurricane,North Texas Mean Green,Committed,0,0.0,,,,2024,2024-12-16T16:07:00,https://on3static.com/uploads/assets/778/191/191778.jpg,https://www.on3.com/db/will-smith-156385/,portal_industry_football_2025
Johnathan Cline,IOL,UCF Knights,East Tennessee State Buccaneers,Committed,0,0.0,,,,2023,2024-12-28T09:29:00,https://on3static.com/uploads/assets/303/397/397303.png,https://www.on3.com/db/johnathan-cline-150256/,portal_industry_football_2025
Quaron Adams,WR,South Dakota Coyotes,California Golden Bears,Committed,0,0.0,,,,2022,2025-04-19T15:55:00,https://on3static.com/uploads/assets/865/225/225865.png,https://www.on3.com/db/quaron-adams-97145/,portal_industry_football_2025
Trishstin Glass,WR,Wake Forest Demon Deacons,Coastal Carolina Chanticleers,Committed,0,0.0,,,,2025,2025-05-11T12:33:00,https://on3static.com/uploads/assets/748/364/364748.png,https://www.on3.com/db/trishstin-glass-155000/,portal_industry_football_2025
Ahmad Robinson,CB,Prairie View A&M Panthers,Appalachian State Mountaineers,Committed,0,0.0,,,,2022,2025-04-25T12:42:00,,https://www.on3.com/db/ahmad-robinson-1893/,portal_industry_football_2025
Brandon Buckhaulter,WR,UAB Blazers,Western Kentucky Hilltoppers,Committed,0,0.0,,,,2021,,https://on3static.com/uploads/assets/713/15/15713.jpeg,https://www.on3.com/db/brandon-buckhaulter-12264/,portal_industry_football_2025
Carson Lee,IOL,Eastern Michigan Eagles,Mississippi State Bulldogs,Committed,0,0.0,,,,2020,2024-12-22T19:54:00,https://on3static.com/uploads/dev/assets/576/6/6576.jpg,https://www.on3.com/db/carson-lee-18778/,portal_industry_football_2025
Ty Cooper,DL,Mississippi State Bulldogs,Tulane Green Wave,Committed,0,0.0,,,,2021,2024-12-15T11:34:00,https://on3static.com/uploads/assets/952/12/12952.jpeg,https://www.on3.com/db/ty-cooper-116964/,portal_industry_football_2025
Quincy Wright,DL,Sam Houston State Bearkats,North Texas Mean Green,Committed,0,0.0,,,,2022,2024-12-23T15:58:00,https://on3static.com/uploads/assets/83/22/22083.jpeg,https://www.on3.com/db/quincy-wright-97452/,portal_industry_football_2025
Myles Jackson,EDGE,Tulsa Golden Hurricane,,Entered,0,0.0,,,,2020,2024-12-09T23:33:00,https://on3static.com/uploads/dev/assets/277/5/5277.jpg,https://www.on3.com/db/myles-jackson-144075/,portal_industry_football_2025
Chidozie Nwankwo,DL,Colorado Buffaloes,,Entered,0,0.0,,,,2020,2025-04-16T10:11:00,https://on3static.com/uploads/assets/943/24/24943.jpeg,https://www.on3.com/db/chidozie-nwankwo-21157/,portal_industry_football_2025
Montreze Smith,LB,Duke Blue Devils,Western Kentucky Hilltoppers,Committed,0,0.0,,,,2024,,https://on3static.com/uploads/assets/724/183/183724.png,https://www.on3.com/db/montreze-smith-154612/,portal_industry_football_2025
Ryan Browne,QB,Purdue Boilermakers,North Carolina Tar Heels,Committed,0,0.0,,,,2023,2024-12-19T19:08:00,https://on3static.com/uploads/assets/482/343/343482.png,https://www.on3.com/db/ryan-browne-102963/,portal_industry_football_2025
Braeden Wisloski,WR,Maryland Terrapins,James Madison Dukes,Committed,0,0.0,,,,2023,2025-04-25T13:56:00,https://on3static.com/uploads/assets/427/164/164427.jpeg,https://www.on3.com/db/braeden-wisloski-152592/,portal_industry_football_2025
Darius Thomas,LB,Western Kentucky Hilltoppers,Louisville Cardinals,Committed,0,0.0,,,,2022,2024-12-13T00:01:00,https://on3static.com/uploads/assets/208/391/391208.png,https://www.on3.com/db/darius-thomas-146352/,portal_industry_football_2025
Jordan Buchanan,CB,Tennessee State Tigers,UNLV Rebels,Committed,0,0.0,,,,2022,2025-02-05T12:50:00,https://on3static.com/uploads/assets/334/151/151334.png,https://www.on3.com/db/jordan-buchanan-147012/,portal_industry_football_2025
DJ Warnell,S,Indiana Hoosiers,North Texas Mean Green,Committed,0,0.0,,,,2020,2024-12-17T16:08:00,https://on3static.com/uploads/dev/assets/207/5/5207.jpg,https://www.on3.com/db/dj-warnell-37358/,portal_industry_football_2025
Jakiah Leftwich,OT,North Carolina Tar Heels,UCF Knights,Committed,0,0.0,,,,2021,2024-12-23T09:48:00,https://on3static.com/uploads/assets/280/16/16280.jpeg,https://www.on3.com/db/jakiah-leftwich-53996/,portal_industry_football_2025
Willy Love,LB,Monmouth Hawks,Temple Owls,Committed,0,0.0,,,,2024,2024-12-22T15:08:00,https://on3static.com/uploads/assets/727/406/406727.png,https://www.on3.com/db/willy-love-150863/,portal_industry_football_2025
Rashad Amos,RB,Ole Miss Rebels,Memphis Tigers,Committed,0,0.0,,,,2020,2024-12-23T07:51:00,https://on3static.com/uploads/dev/assets/651/4/4651.jpg,https://www.on3.com/db/rashad-amos-98495/,portal_industry_football_2025
Eric Weatherly,WR,Bucknell Bison,Ball State Cardinals,Committed,0,0.0,,,,2022,2024-12-16T16:24:00,https://on3static.com/uploads/assets/802/164/164802.png,https://www.on3.com/db/eric-weatherly-42482/,portal_industry_football_2025
Moso'oipala Tuitele,EDGE,New Mexico Lobos,Colorado State Rams,Committed,0,0.0,,,,2022,2025-02-05T16:32:00,https://on3static.com/uploads/assets/333/168/168333.png,https://www.on3.com/db/mosooipala-tuitele-94002/,portal_industry_football_2025
An'Darius Coffey,RB,Memphis Tigers,Northwestern Wildcats,Committed,0,0.0,,,,2020,2024-12-21T10:04:00,https://on3static.com/uploads/assets/97/214/214097.jpeg,https://www.on3.com/db/andarius-coffey-4405/,portal_industry_football_2025
Wallace Unamba,IOL,New Mexico Lobos,Kentucky Wildcats,Committed,0,0.0,,,,2021,2024-12-18T22:13:00,https://on3static.com/uploads/assets/550/440/440550.jpg,https://www.on3.com/db/wallace-unamba-174810/,portal_industry_football_2025
Brock Montgomery,WR,Connecticut Huskies,Marshall Thundering Herd,Committed,0,0.0,,,,2024,2025-01-15T23:19:00,https://on3static.com/uploads/assets/844/70/70844.png,https://www.on3.com/db/brock-montgomery-155542/,portal_industry_football_2025
Kamo'i Latu,S,Wisconsin Badgers,Connecticut Huskies,Committed,0,0.0,,,,2020,2025-01-01T15:45:00,https://on3static.com/uploads/assets/487/469/469487.png,https://www.on3.com/db/kamoi-latu-71091/,portal_industry_football_2025
Luke Wisham,CB,Louisiana Tech Bulldogs,Arkansas State Red Wolves,Committed,0,0.0,,,,2024,2024-12-20T16:14:00,https://on3static.com/uploads/assets/343/68/68343.jpg,https://www.on3.com/db/luke-wisham-152147/,portal_industry_football_2025
Carson Conklin,QB,Sacramento State Hornets,Fresno State Bulldogs,Committed,0,0.0,,,,2023,2025-04-29T10:23:00,https://on3static.com/uploads/assets/402/481/481402.png,https://www.on3.com/db/carson-conklin-18738/,portal_industry_football_2025
Aramoni Rhone,WR,Arkansas-Pine Bluff Golden Lions,UTEP Miners,Committed,0,0.0,,,,2021,2025-01-14T11:43:00,https://on3static.com/uploads/assets/853/264/264853.jpeg,https://www.on3.com/db/aramoni-rhone-7346/,portal_industry_football_2025
Jordan Pierro,CB,Fresno State Bulldogs,Louisiana Tech Bulldogs,Committed,0,0.0,,,,2024,2025-05-10T11:55:00,https://on3static.com/uploads/assets/172/480/480172.png,https://www.on3.com/db/jordan-pierro-155626/,portal_industry_football_2025
Moses Gray,RB,Marshall Thundering Herd,Southern Miss Golden Eagles,Committed,0,0.0,,,,2024,2024-12-27T21:35:00,https://on3static.com/uploads/assets/956/396/396956.png,https://www.on3.com/db/moses-gray-180147/,portal_industry_football_2025
Rickey Hunt Jr.,RB,Ohio Bobcats,Tulsa Golden Hurricane,Committed,0,0.0,,,,2023,2025-01-07T12:57:00,https://on3static.com/uploads/assets/887/395/395887.png,https://www.on3.com/db/rickey-hunt-jr-145399/,portal_industry_football_2025
Nikola Milovac,IOL,USF Bulls,Kennesaw State Owls,Committed,0,0.0,,,,2023,,https://on3static.com/uploads/assets/137/216/216137.png,https://www.on3.com/db/nikola-milovac-155654/,portal_industry_football_2025
Greg Burrell,RB,Texas State Bobcats,,Entered,0,0.0,,,,2024,2025-04-21T16:08:00,https://on3static.com/uploads/assets/391/392/392391.png,https://www.on3.com/db/greg-burrell-174568/,portal_industry_football_2025
Nick DeGennaro,WR,Richmond Spiders,James Madison Dukes,Committed,0,0.0,,,,2020,2025-01-14T13:58:00,https://on3static.com/uploads/dev/assets/454/6/6454.jpg,https://www.on3.com/db/nick-degennaro-92445/,portal_industry_football_2025
Jeffrey Weimer,WR,Idaho State Bengals,West Virginia Mountaineers,Committed,0,0.0,,,,2018,2025-01-24T14:54:00,https://on3static.com/uploads/assets/259/493/493259.jpg,https://www.on3.com/db/jeffrey-weimer-148425/,portal_industry_football_2025
Dallas Payne,TE,UAB Blazers,FIU Golden Panthers,Committed,0,0.0,,,,2020,2025-01-01T16:02:00,https://on3static.com/uploads/assets/851/89/89851.jpg,https://www.on3.com/db/dallas-payne-148426/,portal_industry_football_2025
Robert Briggs,RB,Utah State Aggies,Southern Miss Golden Eagles,Committed,0,0.0,,,,2022,2025-01-13T15:41:00,https://on3static.com/uploads/assets/444/221/221444.jpg,https://www.on3.com/db/robert-briggs-146221/,portal_industry_football_2025
Julian Neal,CB,Stanford Cardinal,Arkansas Razorbacks,Committed,0,0.0,,,,2021,2025-04-19T14:50:00,https://on3static.com/uploads/assets/414/394/394414.png,https://www.on3.com/db/julian-neal-68643/,portal_industry_football_2025
Ta'ir Brooks,WR,Northern Arizona Lumberjacks,UTEP Miners,Committed,0,0.0,,,,2019,2025-01-02T11:54:00,https://on3static.com/uploads/assets/198/446/446198.png,https://www.on3.com/db/tair-brooks-149900/,portal_industry_football_2025
Derrell Farrar,LB,Appalachian State Mountaineers,Liberty Flames,Committed,0,0.0,,,,2022,2025-04-25T14:22:00,https://on3static.com/uploads/assets/96/170/170096.png,https://www.on3.com/db/derrell-farrar-34974/,portal_industry_football_2025
Jayvin James,OT,Akron Zips,Maryland Terrapins,Committed,205304,0.0,,,,2023,2024-12-21T10:41:00,https://on3static.com/uploads/assets/169/391/391169.jpg,https://www.on3.com/db/jayvin-james-156413/,portal_industry_football_2025
Ray Coney,LB,East Tennessee State Buccaneers,Tulsa Golden Hurricane,Committed,0,0.0,,,,2023,2024-12-27T16:27:00,https://on3static.com/uploads/assets/669/399/399669.png,https://www.on3.com/db/ray-coney-153928/,portal_industry_football_2025
Will Loerzel,TE,South Alabama Jaguars,Wake Forest Demon Deacons,Committed,0,0.0,,,,2024,2025-04-26T17:14:00,https://on3static.com/uploads/assets/146/479/479146.png,https://www.on3.com/db/will-loerzel-174573/,portal_industry_football_2025
Louis Brown IV,WR,San Diego State Aztecs,Colorado State Rams,Committed,0,0.0,,,,2022,2024-12-21T08:24:00,https://on3static.com/uploads/assets/894/267/267894.png,https://www.on3.com/db/louis-brown-iv-80193/,portal_industry_football_2025
Logan Fife,QB,Montana Grizzlies,New Mexico State Aggies,Committed,0,0.0,,,,2020,2024-12-15T22:29:00,https://on3static.com/uploads/assets/691/264/264691.jpeg,https://www.on3.com/db/logan-fife-79718/,portal_industry_football_2025
Jordan Dunbar,CB,Bowling Green Falcons,Missouri State University Bears,Committed,0,0.0,,,,2020,2025-05-02T10:20:00,https://on3static.com/uploads/assets/811/386/386811.jpg,https://www.on3.com/db/jordan-dunbar-65417/,portal_industry_football_2025
Kavir Bains,S,UC Davis Aggies,Pittsburgh Panthers,Committed,0,0.0,,,,2020,2025-01-05T11:33:00,https://on3static.com/uploads/assets/461/478/478461.png,https://www.on3.com/db/kavir-bains-143677/,portal_industry_football_2025
Joseph Bakhole,EDGE,Chattanooga Mocs,Appalachian State Mountaineers,Committed,0,0.0,,,,2020,2025-01-17T09:50:00,https://on3static.com/uploads/assets/823/133/133823.jpg,https://www.on3.com/db/joseph-bakhole-175235/,portal_industry_football_2025
Harry Lodge,TE,Wake Forest Demon Deacons,Georgia Tech Yellow Jackets,Committed,0,0.0,,,,2022,2024-12-20T15:02:00,https://on3static.com/uploads/assets/628/86/86628.jpeg,https://www.on3.com/db/harry-lodge-47662/,portal_industry_football_2025
Amari Odom,QB,Wofford Terriers,Kennesaw State Owls,Committed,0,0.0,,,,2023,2024-12-20T14:50:00,https://on3static.com/uploads/assets/821/571/571821.png,https://www.on3.com/db/amari-odom-145817/,portal_industry_football_2025
Jacob Psyk,EDGE,Harvard Crimson,,Entered,0,0.0,,,,2021,2024-11-25T13:01:00,https://on3static.com/uploads/assets/625/387/387625.png,https://www.on3.com/db/jacob-psyk-52163/,portal_industry_football_2025
Gevani McCoy,QB,Oregon State Beavers,Texas State Bobcats,Committed,0,0.0,,,,2021,2025-01-14T11:38:00,https://on3static.com/uploads/assets/297/269/269297.png,https://www.on3.com/db/gevani-mccoy-46038/,portal_industry_football_2025
A.J. Pena,EDGE,Rhode Island Rams,Memphis Tigers,Committed,0,0.0,,,,2022,2024-12-23T17:17:00,https://on3static.com/uploads/assets/311/392/392311.png,https://www.on3.com/db/aj-pena-246974/,portal_industry_football_2025
Jude McCoskey,OT,Indiana State Sycamores,Tulane Green Wave,Committed,0,0.0,,,,2023,2024-12-17T09:15:00,https://on3static.com/uploads/assets/419/394/394419.png,https://www.on3.com/db/jude-mccoskey-162585/,portal_industry_football_2025
Hahsaun Wilson,RB,Charlotte 49ers,UTEP Miners,Committed,0,0.0,,,,2021,2025-01-07T11:52:00,https://on3static.com/uploads/assets/771/91/91771.jpg,https://www.on3.com/db/hahsaun-wilson-47335/,portal_industry_football_2025
Adam Damante,QB,Arizona Wildcats,,Entered,0,0.0,,,,2023,2024-12-26T14:59:00,https://on3static.com/uploads/assets/218/428/428218.png,https://www.on3.com/db/adam-damante-156101/,portal_industry_football_2025
Davon Sears,DL,Oklahoma Sooners,,Entered,0,0.0,,,,2019,2024-12-28T15:51:00,https://on3static.com/uploads/assets/743/75/75743.jpeg,https://www.on3.com/db/davon-sears-32460/,portal_industry_football_2025
Keayen Nead,TE,Weber State Wildcats,New Mexico Lobos,Committed,0,0.0,,,,2020,2025-01-06T13:25:00,https://on3static.com/uploads/assets/90/401/401090.png,https://www.on3.com/db/keayen-nead-71721/,portal_industry_football_2025
Malakai Williams,EDGE,Idaho Vandals,Boise State Broncos,Committed,0,0.0,,,,2020,2024-12-23T11:48:00,https://on3static.com/uploads/assets/353/401/401353.png,https://www.on3.com/db/malakai-williams-81487/,portal_industry_football_2025
Lemondre Joe,CB,Missouri State University Bears,Colorado State Rams,Committed,0,0.0,,,,2021,2024-12-21T10:33:00,,https://www.on3.com/db/lemondre-joe-145083/,portal_industry_football_2025
Hayden McDonald,S,Columbia Lions,Nevada Wolf Pack,Committed,0,0.0,,,,2021,2024-12-26T13:58:00,,https://www.on3.com/db/hayden-mcdonald-47808/,portal_industry_football_2025
Jerrian Parker,RB,Southern Illinois Salukis,Sam Houston State Bearkats,Committed,0,0.0,,,,2024,2025-01-12T13:08:00,https://on3static.com/uploads/assets/911/100/100911.jpg,https://www.on3.com/db/jerrian-parker-159286/,portal_industry_football_2025
Kolubah Pewee Jr.,CB,Georgetown Hoyas,Connecticut Huskies,Committed,0,0.0,,,,2019,2024-12-17T15:55:00,https://on3static.com/uploads/assets/439/469/469439.png,https://www.on3.com/db/kolubah-pewee-jr-75796/,portal_industry_football_2025
Allen Middleton,WR,Southern Illinois Salukis,Bowling Green Falcons,Committed,0,0.0,,,,2023,2024-12-20T13:07:00,,https://www.on3.com/db/allen-middleton-151412/,portal_industry_football_2025
Rashan Murray,CB,"California, Pa. Vulcans",Pittsburgh Panthers,Committed,0,0.0,,,,2022,2025-01-04T11:42:00,https://on3static.com/uploads/assets/557/421/421557.png,https://www.on3.com/db/rashan-murray-98616/,portal_industry_football_2025
Zach Johnson,LB,Idaho Vandals,Stanford Cardinal,Committed,0,0.0,,,,2023,2025-01-04T12:16:00,,https://www.on3.com/db/zach-johnson-153873/,portal_industry_football_2025
Hunter Smith,IOL,Tarleton State Texans,,Entered,0,0.0,,,,2021,2025-03-14T16:13:00,https://on3static.com/uploads/assets/117/428/428117.png,https://www.on3.com/db/hunter-smith-48617/,portal_industry_football_2025
Trent Whalen,LB,Kent State Golden Flashes,Arkansas Razorbacks,Committed,0,0.0,,,,2020,2025-04-18T18:24:00,https://on3static.com/uploads/assets/308/386/386308.jpg,https://www.on3.com/db/trent-whalen-115371/,portal_industry_football_2025
Jaydan Mayes,CB,Army Black Knights,,Entered,0,0.0,,,,2021,2025-04-23T13:18:00,https://on3static.com/uploads/assets/833/445/445833.png,https://www.on3.com/db/jaydan-mayes-58592/,portal_industry_football_2025
Josh Anglin,LB,North Alabama Lions,Tulsa Golden Hurricane,Committed,0,0.0,,,,2024,2025-04-27T14:02:00,https://on3static.com/uploads/assets/23/468/468023.png,https://www.on3.com/db/josh-anglin-162842/,portal_industry_football_2025
Michael Montgomery,LB,Portland State Vikings,Southern Miss Golden Eagles,Committed,0,0.0,,,,2023,2025-01-05T15:51:00,https://on3static.com/uploads/assets/507/88/88507.jpg,https://www.on3.com/db/michael-montgomery-148317/,portal_industry_football_2025
Joey Farthing,WR,Youngstown State Penguins,Hawaii Rainbow Warriors,Committed,0,0.0,,,,2022,,,https://www.on3.com/db/joey-farthing-261511/,portal_industry_football_2025
Jack McCallister,P,Washington Huskies,Nebraska Cornhuskers,Committed,0,0.0,,,,2021,2024-12-17T17:35:00,https://on3static.com/uploads/assets/243/223/223243.png,https://www.on3.com/db/jack-mccallister-237387/,portal_industry_football_2025
Jacob Ellis,LB,Iowa State Cyclones,Colorado State Rams,Committed,0,0.0,,,,2019,2024-12-31T11:53:00,https://on3static.com/uploads/assets/897/225/225897.png,https://www.on3.com/db/jacob-ellis-160047/,portal_industry_football_2025
Kyle Cunanan,K,Charlotte 49ers,California Golden Bears,Committed,0,0.0,,,,2023,2024-12-30T06:34:00,https://on3static.com/uploads/assets/541/383/383541.jpg,https://www.on3.com/db/kyle-cunanan-243489/,portal_industry_football_2025
Petey Tucker,WR,Georgia State Panthers,Eastern Michigan Eagles,Committed,0,0.0,,,,0,2025-01-11T13:17:00,https://on3static.com/uploads/assets/528/338/338528.png,https://www.on3.com/db/petey-tucker-244962/,portal_industry_football_2025
Luke Whiting,LS,Florida Atlantic Owls,Georgia Tech Yellow Jackets,Committed,0,0.0,,,,2023,,https://on3static.com/uploads/assets/428/386/386428.jpg,https://www.on3.com/db/luke-whiting-246736/,portal_industry_football_2025
Reece Larson,WR,Appalachian State Mountaineers,FIU Golden Panthers,Committed,0,0.0,,,,2022,,https://on3static.com/uploads/assets/100/170/170100.png,https://www.on3.com/db/reece-larson-99160/,portal_industry_football_2025
Jesse Ramil,IOL,James Madison Dukes,Mississippi State Bulldogs,Committed,0,0.0,,,,2021,2024-12-16T08:35:00,https://on3static.com/uploads/assets/335/321/321335.png,https://www.on3.com/db/jesse-ramil-239230/,portal_industry_football_2025
Will Safris,K,Missouri Tigers,Utah State Aggies,Committed,0,0.0,,,,2024,,https://on3static.com/uploads/assets/122/182/182122.jpg,https://www.on3.com/db/will-safris-179842/,portal_industry_football_2025
Nahil Perkins,CB,Fordham Rams,,Entered,0,0.0,,,,2021,2024-12-09T22:13:00,https://on3static.com/uploads/assets/328/401/401328.png,https://www.on3.com/db/nahil-perkins-192468/,portal_industry_football_2025
Jonathan Cabral-Martin,CB,Northern Iowa Panthers,,Entered,0,0.0,,,,2020,2024-12-09T23:05:00,,https://www.on3.com/db/jonathan-cabral-martin-64565/,portal_industry_football_2025
Alex Mitchell,LB,Chattanooga Mocs,Middle Tennessee State Blue Raiders,Committed,0,0.0,,,,2022,2024-12-20T21:09:00,https://on3static.com/uploads/assets/789/401/401789.png,https://www.on3.com/db/alex-mitchell-3222/,portal_industry_football_2025
Jordan Owens,TE,Central Arkansas Bears,Oklahoma State Cowboys,Committed,0,0.0,,,,2021,2024-12-14T16:34:00,https://on3static.com/uploads/assets/573/393/393573.png,https://www.on3.com/db/jordan-owens-247061/,portal_industry_football_2025
Jeff Burton,IOL,Grand Valley State Lakers,Kent State Golden Flashes,Committed,0,0.0,,,,2022,2024-12-14T17:19:00,https://on3static.com/uploads/assets/573/444/444573.png,https://www.on3.com/db/jeff-burton-194665/,portal_industry_football_2025
Xavier Holmes,EDGE,Maine Black Bears,James Madison Dukes,Committed,0,0.0,,,,2021,2024-12-23T08:46:00,https://on3static.com/uploads/assets/358/394/394358.jpg,https://www.on3.com/db/xavier-holmes-247275/,portal_industry_football_2025
Omar Ibrahim,CB,Hampton Pirates,Temple Owls,Committed,0,0.0,,,,2023,2024-12-23T13:07:00,,https://www.on3.com/db/omar-ibrahim-153722/,portal_industry_football_2025
Tru Edwards,WR,Louisiana Tech Bulldogs,Kentucky Wildcats,Committed,0,0.0,,,,2019,2025-01-13T15:40:00,https://on3static.com/uploads/assets/124/396/396124.jpeg,https://www.on3.com/db/tru-edwards-116748/,portal_industry_football_2025
Cole Gonzales,QB,Western Carolina Catamounts,Oklahoma Sooners,Committed,0,0.0,,,,2022,2024-12-25T10:24:00,https://on3static.com/uploads/assets/146/396/396146.png,https://www.on3.com/db/cole-gonzales-247321/,portal_industry_football_2025
Brandon Sneh,OT,Wagner Seahawks,Kansas State Wildcats,Committed,0,0.0,,,,2021,2025-01-08T19:54:00,https://on3static.com/uploads/assets/669/396/396669.jpg,https://www.on3.com/db/brandon-sneh-247531/,portal_industry_football_2025
Jaxton Eck,LB,Idaho Vandals,New Mexico Lobos,Committed,0,0.0,,,,2023,2024-12-26T07:59:00,https://on3static.com/uploads/assets/364/401/401364.png,https://www.on3.com/db/jaxton-eck-173885/,portal_industry_football_2025
Shemar Kirk,WR,Miami Hurricanes,Texas State Bobcats,Committed,0,0.0,,,,0,,https://on3static.com/uploads/assets/517/222/222517.jpg,https://www.on3.com/db/shemar-kirk-177859/,portal_industry_football_2025
Brennan Ridley,WR,Hampton Pirates,Bowling Green Falcons,Committed,0,0.0,,,,2024,2025-01-07T15:19:00,https://on3static.com/uploads/assets/374/403/403374.png,https://www.on3.com/db/brennan-ridley-156802/,portal_industry_football_2025
William Davis,S,Virginia Union Panthers,West Virginia Mountaineers,Committed,0,0.0,,,,2022,2025-01-11T14:59:00,https://on3static.com/uploads/assets/116/404/404116.png,https://www.on3.com/db/william-davis-248484/,portal_industry_football_2025
Jake Jarmolowich,S,Holy Cross Crusaders,Colorado State Rams,Committed,0,0.0,,,,2021,2025-01-22T10:15:00,,https://www.on3.com/db/jake-jarmolowich-145435/,portal_industry_football_2025
Hadine Diaby,IOL,Tennessee State Tigers,Nevada Wolf Pack,Committed,0,0.0,,,,2023,2024-12-17T14:38:00,,https://www.on3.com/db/hadine-diaby-159120/,portal_industry_football_2025
Jacob Otts,OT,Rhode Island Rams,Middle Tennessee State Blue Raiders,Committed,0,0.0,,,,2021,2024-12-25T20:08:00,,https://www.on3.com/db/jacob-otts-228892/,portal_industry_football_2025
Erwil Anthony Jr.,IOL,Wingate Bulldogs,Liberty Flames,Committed,0,0.0,,,,2022,2024-12-17T11:46:00,https://on3static.com/uploads/assets/773/419/419773.png,https://www.on3.com/db/erwil-anthony-jr-249678/,portal_industry_football_2025
Chase Belcher,RB,West Georgia Wolves,Kennesaw State Owls,Committed,0,0.0,,,,2022,2025-01-13T14:16:00,,https://www.on3.com/db/chase-belcher-20582/,portal_industry_football_2025
Jack Bernstein,LS,UCF Knights,Kennesaw State Owls,Committed,0,0.0,,,,0,2024-12-25T14:55:00,,https://www.on3.com/db/jack-bernstein-193576/,portal_industry_football_2025
Blake Doud,P,Colorado School of Mines Orediggers,Alabama Crimson Tide,Committed,0,0.0,,,,2021,2024-12-08T11:57:00,https://on3static.com/uploads/assets/287/420/420287.png,https://www.on3.com/db/blake-doud-249711/,portal_industry_football_2025
Jyrin Johnson,TE,Texas Southern Tigers,Bowling Green Falcons,Committed,0,0.0,,,,2020,2025-01-11T13:05:00,https://on3static.com/uploads/assets/630/511/511630.png,https://www.on3.com/db/jyrin-johnson-249744/,portal_industry_football_2025
Gideon Lampron,LB,Dayton Flyers,Bowling Green Falcons,Committed,0,0.0,,,,2022,2024-12-21T13:11:00,https://on3static.com/uploads/assets/388/568/568388.png,https://www.on3.com/db/gideon-lampron-145957/,portal_industry_football_2025
Caleb Johnston,LS,California Golden Bears,Rutgers Scarlet Knights,Committed,0,0.0,,,,2022,2025-05-17T10:47:00,https://on3static.com/uploads/assets/952/475/475952.png,https://www.on3.com/db/caleb-johnston-237396/,portal_industry_football_2025
Frank Mulipola,DL,Texas-Permian Basin Falcons,Arkansas Razorbacks,Committed,0,0.0,,,,2020,2025-04-29T17:08:00,https://on3static.com/uploads/assets/203/473/473203.png,https://www.on3.com/db/frank-mulipola-261281/,portal_industry_football_2025
Jeremiah Jordan,S,Harding University Bison,Memphis Tigers,Committed,0,0.0,,,,2022,2024-12-21T10:52:00,https://on3static.com/uploads/assets/561/479/479561.png,https://www.on3.com/db/jeremiah-jordan-261443/,portal_industry_football_2025
Christian Medlock,OT,Northern Illinois Huskies,Toledo Rockets,Committed,0,0.0,,,,2023,2024-12-29T16:38:00,,https://www.on3.com/db/christian-medlock-236978/,portal_industry_football_2025
Shane Porter,RB,North Texas Mean Green,Sam Houston State Bearkats,Committed,0,0.0,,,,2021,2025-04-18T22:23:00,https://on3static.com/uploads/assets/894/231/231894.png,https://www.on3.com/db/shane-porter-238011/,portal_industry_football_2025
Dylan Manuel,DL,Charleston Southern Buccaneers,Appalachian State Mountaineers,Committed,0,0.0,,,,2024,2025-04-25T11:11:00,https://on3static.com/uploads/assets/934/579/579934.png,https://www.on3.com/db/dylan-manuel-261720/,portal_industry_football_2025
Tyriq Poindexter,IOL,Virginia Military Institute Keydets,Appalachian State Mountaineers,Committed,0,0.0,,,,2021,2025-01-25T13:34:00,,https://www.on3.com/db/tyriq-poindexter-261725/,portal_industry_football_2025
Chris Boti,DL,Liberty Flames,Arkansas State Red Wolves,Committed,0,0.0,,,,2022,2025-04-23T15:39:00,,https://www.on3.com/db/chris-boti-160091/,portal_industry_football_2025
Daniel Rickert,EDGE,Tennessee Tech Golden Eagles,Virginia Cavaliers,Committed,0,0.0,,,,2020,2025-04-25T23:43:00,https://on3static.com/uploads/assets/167/514/514167.png,https://www.on3.com/db/daniel-rickert-281038/,portal_industry_football_2025
Shaadie Clayton-Johnson,RB,Tulane Green Wave,North Texas Mean Green,Committed,0,,,,,2020,2025-01-13T14:49:00,https://on3static.com/uploads/assets/207/90/90207.jpeg,https://www.on3.com/db/shaadie-clayton-johnson-7811/,portal_industry_football_2025
RJ Adams,IOL,North Carolina A&T Aggies,New Mexico Lobos,Committed,0,,,,,2020,,https://on3static.com/uploads/assets/575/86/86575.jpg,https://www.on3.com/db/rj-adams-100641/,portal_industry_football_2025
Jonah Rodriguez,IOL,Arizona Wildcats,Southwestern College,Committed,0,,,,,2023,,https://on3static.com/uploads/assets/157/310/310157.png,https://www.on3.com/db/jonah-rodriguez-64465/,portal_industry_football_2025
Caleb Offord,CB,Alabama State Hornets,Kennesaw State Owls,Committed,0,,,,,2020,2025-01-06T14:20:00,https://on3static.com/uploads/dev/assets/839/5/5839.jpg,https://www.on3.com/db/caleb-offord-17121/,portal_industry_football_2025
CJ Johnson,S,Auburn Tigers,New Mexico Lobos,Committed,0,,,,,2023,2025-04-29T14:13:00,https://on3static.com/uploads/assets/629/303/303629.png,https://www.on3.com/db/cj-johnson-145351/,portal_industry_football_2025
Jayden Anderson,WR,Virginia Tech Hokies,,Entered,0,,,,,2025,2025-07-09T10:31:00,https://on3static.com/uploads/assets/963/106/106963.jpg,https://www.on3.com/db/jayden-anderson-159002/,portal_industry_football_2025
Jojo Bermudez,WR,Delaware Fightin' Blue Hens,Temple Owls,Committed,0,,,,,2022,2025-04-29T13:31:00,https://on3static.com/uploads/assets/872/129/129872.jpeg,https://www.on3.com/db/jojo-bermudez-64146/,portal_industry_football_2025
Wyatt Becker,QB,Utah Utes,Princeton Tigers,Committed,0,,,,,2025,2025-07-10T22:42:00,https://on3static.com/uploads/assets/333/175/175333.jpg,https://www.on3.com/db/wyatt-becker-146109/,portal_industry_football_2025
Trey Horne,WR,Georgia Tech Yellow Jackets,Southern Miss Golden Eagles,Committed,0,,,,,2024,2025-06-16T16:07:00,https://on3static.com/uploads/assets/531/333/333531.png,https://www.on3.com/db/trey-horne-159348/,portal_industry_football_2025
Mykel Patterson-McDonald,CB,Oklahoma Sooners,,Entered,0,,,,,2024,2025-04-16T18:39:00,https://on3static.com/uploads/assets/993/331/331993.png,https://www.on3.com/db/mykel-patterson-mcdonald-161878/,portal_industry_football_2025
Jace Arnold,CB,Wisconsin Badgers,Sam Houston State Bearkats,Committed,0,,,,,2023,2025-01-07T13:17:00,https://on3static.com/uploads/assets/140/222/222140.png,https://www.on3.com/db/jace-arnold-50884/,portal_industry_football_2025
Jamari Payne,DL,Purdue Boilermakers,North Alabama Lions,Committed,0,,,,,2024,2025-05-21T12:45:00,https://on3static.com/uploads/assets/878/343/343878.png,https://www.on3.com/db/jamari-payne-158168/,portal_industry_football_2025
Jamie Felix,RB,Georgia Tech Yellow Jackets,,Entered,0,,,,,2022,2026-01-02T12:03:00,https://on3static.com/uploads/assets/435/86/86435.jpg,https://www.on3.com/db/jamie-felix-56136/,portal_industry_football_2025
Justin Taylor,S,Wisconsin Badgers,Wyoming Cowboys,Committed,0,,,,,2023,2024-12-18T15:43:00,https://on3static.com/uploads/assets/484/304/304484.png,https://www.on3.com/db/justin-taylor-69871/,portal_industry_football_2025
Zakhari Spears,CB,Connecticut Huskies,,Entered,0,,,,,2021,2024-12-13T10:57:00,https://on3static.com/uploads/assets/612/16/16612.jpeg,https://www.on3.com/db/zakhari-spears-123522/,portal_industry_football_2025
Marquis Black,DL,Gardner-Webb Runnin' Bulldogs,Connecticut Huskies,Committed,0,,,,,2020,2025-05-11T10:00:00,https://on3static.com/uploads/assets/375/475/475375.png,https://www.on3.com/db/marquis-black-84113/,portal_industry_football_2025
Blake Tabaracci,LB,New Mexico Lobos,San Jose State Spartans,Committed,0,,,,,2024,,https://on3static.com/uploads/assets/603/88/88603.jpg,https://www.on3.com/db/blake-tabaracci-151470/,portal_industry_football_2025
Guiseann Mirtil,TE,Tulane Green Wave,Florida A&M Rattlers,Committed,0,,,,,2024,2025-07-05T08:11:00,https://on3static.com/uploads/assets/28/339/339028.png,https://www.on3.com/db/guiseann-mirtil-158015/,portal_industry_football_2025
Warren Smith,CB,Washington State Cougars,,Entered,0,,,,,2023,2025-04-16T15:29:00,https://on3static.com/uploads/assets/350/219/219350.png,https://www.on3.com/db/warren-smith-120200/,portal_industry_football_2025
Mike Peterson Jr.,WR,Arkansas State Red Wolves,Florida Gators,Committed,0,,,,,2025,2025-08-01T12:56:00,https://on3static.com/uploads/assets/72/327/327072.png,https://www.on3.com/db/mike-peterson-jr-158043/,portal_industry_football_2025
Anthony Romphf,CB,Charlotte 49ers,Tulsa Golden Hurricane,Committed,0,,,,,2020,2024-12-22T13:37:00,https://on3static.com/uploads/dev/assets/59/9/9059.jpg,https://www.on3.com/db/anthony-romphf-6507/,portal_industry_football_2025
Kiael Kelly,CB,Ball State Cardinals,,Entered,0,,,,,2021,2024-11-24T13:06:00,https://on3static.com/uploads/assets/967/306/306967.png,https://www.on3.com/db/kiael-kelly-75098/,portal_industry_football_2025
George Okorie,EDGE,Vanderbilt Commodores,Ball State Cardinals,Committed,0,,,,,2025,2025-05-16T15:29:00,https://on3static.com/uploads/assets/18/323/323018.png,https://www.on3.com/db/george-okorie-243567/,portal_industry_football_2025
Makhail Wood,WR,Eastern Michigan Eagles,,Entered,0,,,,,2023,2025-04-17T13:08:00,https://on3static.com/uploads/assets/589/449/449589.png,https://www.on3.com/db/makhail-wood-150905/,portal_industry_football_2025
Cecil Powell,S,Troy Trojans,Sam Houston State Bearkats,Committed,0,,,,,2019,2025-01-18T13:15:00,https://on3static.com/uploads/dev/assets/217/10/10217.jpg,https://www.on3.com/db/cecil-powell-19267/,portal_industry_football_2025
Tito Glass,RB,Miami (OH) RedHawks,,Entered,0,,,,,2024,2026-01-16T12:34:00,https://on3static.com/uploads/assets/536/587/587536.png,https://www.on3.com/db/tito-glass-158245/,portal_industry_football_2025
D.J. Jackson,DL,NC State Wolfpack,Liberty Flames,Committed,0,,,,,2022,2024-12-18T15:02:00,https://on3static.com/uploads/assets/621/225/225621.png,https://www.on3.com/db/dj-jackson-145442/,portal_industry_football_2025
Lavon Johnson,DL,Maryland Terrapins,Texas Longhorns,Committed,0,,,,,2023,2025-04-18T14:39:00,https://on3static.com/uploads/assets/753/310/310753.png,https://www.on3.com/db/lavon-johnson-145697/,portal_industry_football_2025
Derrell Bailey Jr.,OT,East Tennessee State Buccaneers,Georgia State Panthers,Committed,0,,,,,2020,2025-01-10T14:53:00,https://on3static.com/uploads/assets/184/91/91184.jpeg,https://www.on3.com/db/derrell-bailey-jr-144283/,portal_industry_football_2025
Jalyn Stanford,S,Houston Cougars,Sam Houston State Bearkats,Committed,0,,,,,2023,2025-01-11T13:10:00,https://on3static.com/uploads/assets/380/223/223380.png,https://www.on3.com/db/jalyn-stanford-151885/,portal_industry_football_2025
K'wan Powell,RB,USF Bulls,,Entered,0,,,,,2021,2025-07-08T13:37:00,https://on3static.com/uploads/assets/87/216/216087.png,https://www.on3.com/db/kwan-powell-70201/,portal_industry_football_2025
Trenton Yowe,S,Appalachian State Mountaineers,Arkansas State Red Wolves,Committed,0,,,,,2020,2025-01-01T16:19:00,https://on3static.com/uploads/assets/56/170/170056.png,https://www.on3.com/db/trenton-yowe-115432/,portal_industry_football_2025
Taji Atkins,RB,Rice Owls,Texas State Bobcats,Committed,0,,,,,2024,2025-07-11T13:31:00,https://on3static.com/uploads/assets/163/221/221163.png,https://www.on3.com/db/taji-atkins-157958/,portal_industry_football_2025
Charles Correa,,UNLV Rebels,Purdue Boilermakers,Committed,0,,,,,2024,2025-04-28T20:34:00,https://on3static.com/uploads/assets/458/394/394458.png,https://www.on3.com/db/charles-correa-156397/,portal_industry_football_2025
Isaiah Thomison,LB,Memphis Tigers,Bowling Green Falcons,Committed,0,,,,,2023,2025-05-17T10:34:00,https://on3static.com/uploads/assets/416/214/214416.jpeg,https://www.on3.com/db/isaiah-thomison-158958/,portal_industry_football_2025
Lane Jeffcoat,OT,Rice Owls,,Entered,0,,,,,2024,2024-12-16T11:01:00,https://on3static.com/uploads/assets/775/393/393775.png,https://www.on3.com/db/lane-jeffcoat-236270/,portal_industry_football_2025
Wil Saxton,IOL,Southern Miss Golden Eagles,Arkansas State Red Wolves,Committed,0,,,,,2022,2025-01-01T16:16:00,https://on3static.com/uploads/assets/172/26/26172.png,https://www.on3.com/db/wil-saxton-120589/,portal_industry_football_2025
Chris Gee,RB,Colgate Raiders,Akron Zips,Committed,0,,,,,2023,2024-12-21T11:13:00,,https://www.on3.com/db/chris-gee-150925/,portal_industry_football_2025
Shaikh Thompson,EDGE,East Carolina Pirates,Coastal Carolina Chanticleers,Committed,0,,,,,2024,2025-06-14T11:51:00,https://on3static.com/uploads/assets/27/338/338027.png,https://www.on3.com/db/shaikh-thompson-155792/,portal_industry_football_2025
Rhett Larson,OT,Sam Houston State Bearkats,Western Kentucky Hilltoppers,Committed,0,,,,,2022,2026-01-16T12:54:00,https://on3static.com/uploads/assets/30/84/84030.jpeg,https://www.on3.com/db/rhett-larson-99778/,portal_industry_football_2025
Bleu Stewart,S,BYU Cougars,UNLV Rebels,Committed,0,,,,,2021,,https://on3static.com/uploads/assets/603/16/16603.jpeg,https://www.on3.com/db/bleu-stewart-30864/,portal_industry_football_2025
Ahmad Haston,QB,Massachusetts Minutemen,Tennessee Tech Golden Eagles,Committed,0,,,,,2023,2025-01-18T08:29:00,https://on3static.com/uploads/assets/270/47/47270.jpeg,https://www.on3.com/db/ahmad-haston-1875/,portal_industry_football_2025
Nathan Acevedo,WR,Fresno State Bulldogs,San Diego State Aztecs,Committed,0,,,,,2022,,,https://www.on3.com/db/nathan-acevedo-147416/,portal_industry_football_2025
Benji Johnson,S,Austin Peay Governors,Louisiana Tech Bulldogs,Committed,0,,,,,2021,2024-12-22T09:46:00,https://on3static.com/uploads/assets/392/132/132392.jpeg,https://www.on3.com/db/benji-johnson-145345/,portal_industry_football_2025
Larry Jones,EDGE,Liberty Flames,New Mexico State Aggies,Committed,0,,,,,2023,2025-05-16T13:37:00,https://on3static.com/uploads/assets/73/47/47073.jpeg,https://www.on3.com/db/larry-jones-145680/,portal_industry_football_2025
Johnny Martin,RB,Stony Brook Seawolves,Temple Owls,Committed,0,,,,,2021,2025-01-17T10:31:00,https://on3static.com/uploads/assets/695/91/91695.jpg,https://www.on3.com/db/johnny-martin-64038/,portal_industry_football_2025
Kai Fernandes,S,Appalachian State Mountaineers,Incarnate Word Cardinals,Committed,0,,,,,2024,2025-05-16T09:28:00,https://on3static.com/uploads/assets/830/448/448830.png,https://www.on3.com/db/kai-fernandes-178319/,portal_industry_football_2025
Sawyer Deerman,WR,San Jose State Spartans,,Entered,0,,,,,2023,2024-12-16T15:42:00,https://on3static.com/uploads/assets/358/315/315358.png,https://www.on3.com/db/sawyer-deerman-104985/,portal_industry_football_2025
Justin Williams,WR,Rice Owls,,Entered,0,,,,,2023,2025-07-08T07:54:00,https://on3static.com/uploads/assets/905/51/51905.jpg,https://www.on3.com/db/justin-williams-69990/,portal_industry_football_2025
BJ Wagner,S,Delaware State Hornets,Arkansas State Red Wolves,Committed,0,,,,,2020,,https://on3static.com/uploads/assets/401/76/76401.jpg,https://www.on3.com/db/bj-wagner-9387/,portal_industry_football_2025
AJ Stephens,CB,Rice Owls,,Entered,0,,,,,2023,2025-07-08T07:53:00,https://on3static.com/uploads/assets/398/464/464398.png,https://www.on3.com/db/aj-stephens-156047/,portal_industry_football_2025
Koa Eldredge,WR,BYU Cougars,Hawaii Rainbow Warriors,Committed,0,,,,,2020,,https://on3static.com/uploads/assets/474/226/226474.png,https://www.on3.com/db/koa-eldredge-75504/,portal_industry_football_2025
Reese Clark,TE,Temple Owls,Delaware State Hornets,Committed,0,,,,,2022,2025-06-08T14:04:00,,https://www.on3.com/db/reese-clark-99220/,portal_industry_football_2025
Ikani Tuiono,IOL,Nebraska Kearney Lopers,Middle Tennessee State Blue Raiders,Committed,0,,,,,2020,2025-01-01T20:01:00,,https://www.on3.com/db/ikani-tuiono-48952/,portal_industry_football_2025
Rene Miller,IOL,Alcorn State Braves,Kennesaw State Owls,Committed,0,,,,,2022,2025-01-03T14:45:00,https://on3static.com/uploads/assets/427/213/213427.jpeg,https://www.on3.com/db/rene-miller-146187/,portal_industry_football_2025
Bryce Edmondson,LB,Memphis Tigers,UNLV Rebels,Committed,0,,,,,2021,,https://on3static.com/uploads/assets/413/214/214413.jpeg,https://www.on3.com/db/bryce-edmondson-15760/,portal_industry_football_2025
Jake Woods,TE,Cal Poly Mustangs,Temple Owls,Committed,0,,,,,2019,2025-04-30T07:08:00,,https://www.on3.com/db/jake-woods-53964/,portal_industry_football_2025
Sam Secrest,IOL,Houston Cougars,Louisville Cardinals,Committed,0,,,,,2022,2025-04-29T13:36:00,https://on3static.com/uploads/assets/830/86/86830.jpg,https://www.on3.com/db/sam-secrest-104501/,portal_industry_football_2025
Alex Branch,S,Kent State Golden Flashes,Akron Zips,Committed,0,,,,,2021,2024-12-20T11:14:00,,https://www.on3.com/db/alex-branch-2853/,portal_industry_football_2025
Brian Kilbane Jr,IOL,Akron Zips,,Entered,0,,,,,2020,2024-01-23T13:04:00,https://on3static.com/uploads/assets/543/279/279543.png,https://www.on3.com/db/brian-kilbane-jr-14569/,portal_industry_football_2025
Dawan Martin,EDGE,Youngstown State Penguins,Wyoming Cowboys,Committed,0,,,,,2019,2025-01-07T15:45:00,,https://www.on3.com/db/dawan-martin-32533/,portal_industry_football_2025
Jez Janvier,OT,Eastern Michigan Eagles,Southern Miss Golden Eagles,Committed,0,,,,,2021,2025-01-15T16:47:00,,https://www.on3.com/db/jez-janvier-145431/,portal_industry_football_2025
Eli Stein,LS,Wisconsin Badgers,Cincinnati Bearcats,Committed,0,,,,,2022,,https://on3static.com/uploads/assets/269/72/72269.jpeg,https://www.on3.com/db/eli-stein-146111/,portal_industry_football_2025
Ronald Cooper,CB,Georgia State Panthers,,Entered,0,,,,,2020,2024-12-03T14:43:00,https://on3static.com/uploads/assets/704/173/173704.png,https://www.on3.com/db/ronald-cooper-102149/,portal_industry_football_2025
Clinton Azubuike,OT,Northern Arizona Lumberjacks,Vanderbilt Commodores,Committed,0,,,,,2024,2025-04-22T09:33:00,https://on3static.com/uploads/assets/317/442/442317.png,https://www.on3.com/db/clinton-azubuike-177988/,portal_industry_football_2025
General Booty,QB,Louisiana-Monroe Warhawks,,Entered,0,,,,,2021,2024-12-09T00:53:00,https://on3static.com/uploads/assets/173/86/86173.jpeg,https://www.on3.com/db/general-booty-45536/,portal_industry_football_2025
Terrance Caldwell,IOL,Weber State Wildcats,,Entered,0,,,,,2021,2024-11-26T08:29:00,https://on3static.com/uploads/assets/682/252/252682.jpeg,https://www.on3.com/db/terrance-caldwell-111315/,portal_industry_football_2025
Tyler Kinsman,P,Oregon Ducks,,Entered,0,,,,,2024,2025-01-03T13:32:00,https://on3static.com/uploads/assets/2/335/335002.png,https://www.on3.com/db/tyler-kinsman-238374/,portal_industry_football_2025
Tyler Davis,S,Delaware Fightin' Blue Hens,Temple Owls,Committed,0,,,,,2021,2025-01-10T15:01:00,,https://www.on3.com/db/tyler-davis-117497/,portal_industry_football_2025
Jalon Rock,CB,Weber State Wildcats,Liberty Flames,Committed,0,,,,,2021,2025-01-09T15:08:00,https://on3static.com/uploads/assets/860/407/407860.png,https://www.on3.com/db/jalon-rock-54687/,portal_industry_football_2025
DeMarcus Hendricks,EDGE,Texas A&M-Kingsville Javelinas,Arkansas State Red Wolves,Committed,0,,,,,2020,2024-12-19T16:26:00,,https://www.on3.com/db/demarcus-hendricks-33714/,portal_industry_football_2025
Simeon Mitchell,DL,McNeese State Cowboys,Arkansas State Red Wolves,Committed,0,,,,,2022,2025-01-06T16:27:00,,https://www.on3.com/db/simeon-mitchell-107479/,portal_industry_football_2025
Bryce Echols,DL,Arizona Wildcats,Nevada Wolf Pack,Committed,0,,,,,2023,2024-12-20T14:16:00,https://on3static.com/uploads/assets/802/307/307802.png,https://www.on3.com/db/bryce-echols-237279/,portal_industry_football_2025
Jaden McKinney,DL,Austin Peay Governors,UTEP Miners,Committed,0,,,,,2023,2024-12-17T11:46:00,https://on3static.com/uploads/assets/521/449/449521.png,https://www.on3.com/db/jaden-mckinney-152304/,portal_industry_football_2025
AJ Sargent,DL,Tarleton State Texans,Sam Houston State Bearkats,Committed,0,,,,,2020,2025-01-19T13:13:00,,https://www.on3.com/db/aj-sargent-2223/,portal_industry_football_2025
Kaleb Coleman,EDGE,East Texas A&M Commerce Lions,Louisiana Tech Bulldogs,Committed,0,,,,,2024,2024-12-23T09:59:00,,https://www.on3.com/db/kaleb-coleman-178249/,portal_industry_football_2025
Duane Thomas Jr.,WR,Charlotte 49ers,UCF Knights,Committed,0,,,,,2023,2025-01-18T14:08:00,https://on3static.com/uploads/assets/676/564/564676.PNG,https://www.on3.com/db/duane-thomas-jr-176766/,portal_industry_football_2025
Johnny Pascuzzi,TE,West Virginia Mountaineers,Tulane Green Wave,Committed,0,,,,,2021,,https://on3static.com/uploads/assets/10/16/16010.jpeg,https://www.on3.com/db/johnny-pascuzzi-64054/,portal_industry_football_2025
Aslan Fraser,CB,Washington State Cougars,,Entered,0,,,,,2023,2025-04-16T15:06:00,https://on3static.com/uploads/assets/363/219/219363.png,https://www.on3.com/db/aslan-fraser-7958/,portal_industry_football_2025
Donta Whack,RB,Massachusetts Minutemen,Robert Morris Colonials,Committed,0,,,,,2022,2025-04-21T09:34:00,https://on3static.com/uploads/assets/185/26/26185.png,https://www.on3.com/db/donta-whack-147389/,portal_industry_football_2025
Tre Shackelford,,Washington State Cougars,Tulane Green Wave,Committed,0,,,,,2021,2025-04-28T14:45:00,https://on3static.com/uploads/assets/860/265/265860.png,https://www.on3.com/db/tre-shackelford-115039/,portal_industry_football_2025
Nakian Jackson,LB,Sacramento State Hornets,Nevada Wolf Pack,Committed,0,,,,,2022,2025-04-30T14:01:00,https://on3static.com/uploads/assets/566/444/444566.png,https://www.on3.com/db/nakian-jackson-145544/,portal_industry_football_2025
Michael Fitzgerald,WR,Central Missouri State Mules,Wyoming Cowboys,Committed,0,,,,,2021,,https://on3static.com/uploads/assets/395/446/446395.png,https://www.on3.com/db/michael-fitzgerald-87694/,portal_industry_football_2025
Frankie Edwards,CB,Weber State Wildcats,New Mexico Lobos,Committed,0,,,,,2024,,https://on3static.com/uploads/assets/327/148/148327.png,https://www.on3.com/db/frankie-edwards-153179/,portal_industry_football_2025
Deshaun Buchanan,RB,Idaho Vandals,New Mexico Lobos,Committed,0,,,,,2023,,https://on3static.com/uploads/assets/669/86/86669.jpg,https://www.on3.com/db/deshaun-buchanan-148369/,portal_industry_football_2025
Aiden Valdez,TE,Campbell Fighting Camels,New Mexico Lobos,Committed,0,,,,,2023,,,https://www.on3.com/db/aiden-valdez-154975/,portal_industry_football_2025
Kaden Robnett,IOL,Idaho Vandals,New Mexico Lobos,Committed,0,,,,,2023,,,https://www.on3.com/db/kaden-robnett-175145/,portal_industry_football_2025
Za'Ron Collins,WR,Tusculum University Pioneers,James Madison Dukes,Committed,0,,,,,2023,,https://on3static.com/uploads/assets/950/46/46950.jpeg,https://www.on3.com/db/zaron-collins-151425/,portal_industry_football_2025
Keystone Allison,IOL,Louisiana Tech Bulldogs,Baylor Bears,Committed,0,,,,,2023,2025-08-29T12:20:00,https://on3static.com/uploads/assets/13/496/496013.png,https://www.on3.com/db/keystone-allison-155002/,portal_industry_football_2025
Donovan Wadley,WR,Merrimack Warriors,Central Connecticut State Blue Devils,Committed,0,,,,,2021,2025-01-02T09:00:00,,https://www.on3.com/db/donovan-wadley-38265/,portal_industry_football_2025
Broderick Roman,IOL,Eastern Michigan Eagles,Southern Miss Golden Eagles,Committed,0,,,,,0,2024-12-23T05:10:00,,https://www.on3.com/db/broderick-roman-179475/,portal_industry_football_2025
Elijawah Tolbert,LB,Eastern Illinois Panthers,,Entered,0,,,,,2021,2024-12-09T16:45:00,https://on3static.com/uploads/assets/332/307/307332.jpeg,https://www.on3.com/db/elijawah-tolbert-41447/,portal_industry_football_2025
Reece Adkins,TE,UCF Knights,Massachusetts Minutemen,Committed,0,,,,,2020,2024-12-13T17:35:00,https://on3static.com/uploads/assets/658/270/270658.png,https://www.on3.com/db/reece-adkins-190194/,portal_industry_football_2025
Timothy Connery,WR,UNLV Rebels,Sacramento State Hornets,Committed,0,,,,,2020,2024-12-22T10:36:00,https://on3static.com/uploads/assets/836/395/395836.png,https://www.on3.com/db/timothy-connery-231749/,portal_industry_football_2025
Bobby Noel,K,Tulane Green Wave,,Entered,0,,,,,2021,2024-12-09T09:36:00,https://on3static.com/uploads/assets/835/214/214835.jpeg,https://www.on3.com/db/bobby-noel-160954/,portal_industry_football_2025
Anthony Chiccitt,QB,Robert Morris Colonials,Temple Owls,Committed,0,,,,,2020,2025-01-16T14:58:00,https://on3static.com/uploads/assets/762/465/465762.png,https://www.on3.com/db/anthony-chiccitt-163641/,portal_industry_football_2025
Murvin Kenion,CB,Sacramento State Hornets,Nevada Wolf Pack,Committed,0,,,,,2019,2025-01-16T13:43:00,,https://www.on3.com/db/murvin-kenion-90545/,portal_industry_football_2025
Edward Rhambo,CB,Bowling Green Falcons,Nevada Wolf Pack,Committed,0,,,,,0,2025-01-01T13:49:00,https://on3static.com/uploads/assets/190/391/391190.png,https://www.on3.com/db/edward-rhambo-206367/,portal_industry_football_2025
Keelan Cox,EDGE,Texas Southern Tigers,Sam Houston State Bearkats,Committed,0,,,,,2020,2025-01-10T13:06:00,https://on3static.com/uploads/assets/315/266/266315.png,https://www.on3.com/db/keelan-cox-71815/,portal_industry_football_2025
Antavious Fish,LB,Akron Zips,Sam Houston State Bearkats,Committed,0,,,,,2021,2025-01-12T13:11:00,,https://www.on3.com/db/antavious-fish-236931/,portal_industry_football_2025
Ethan Tookes,CB,Alabama State Hornets,Kennesaw State Owls,Committed,0,,,,,2023,2025-01-06T14:19:00,,https://www.on3.com/db/ethan-tookes-152896/,portal_industry_football_2025
Devin Pringle,S,Grand Valley State Lakers,Connecticut Huskies,Committed,0,,,,,2021,2024-12-19T15:34:00,https://on3static.com/uploads/assets/432/469/469432.png,https://www.on3.com/db/devin-pringle-36176/,portal_industry_football_2025
Trey Wilhoit,P,Florida A&M Rattlers,FIU Golden Panthers,Committed,0,,,,,0,2025-01-09T16:41:00,https://on3static.com/uploads/assets/454/131/131454.png,https://www.on3.com/db/trey-wilhoit-175053/,portal_industry_football_2025
Rodricus Elston,S,Auburn Tigers,,Entered,0,,,,,2021,2024-12-08T17:19:00,https://on3static.com/uploads/assets/329/402/402329.png,https://www.on3.com/db/rodricus-elston-181798/,portal_industry_football_2025
Jack Powers,OT,Cornell Big Red,Missouri Tigers,Committed,0,,,,,2021,2025-01-17T14:17:00,https://on3static.com/uploads/assets/330/420/420330.png,https://www.on3.com/db/jack-powers-249717/,portal_industry_football_2025
Giordano Vaccaro,IOL,University of Manitoba Bisons,Purdue Boilermakers,Committed,0,,,,,2022,2025-01-05T14:06:00,https://on3static.com/uploads/assets/636/420/420636.png,https://www.on3.com/db/giordano-vaccaro-249747/,portal_industry_football_2025
Keith Gouveia,IOL,Richmond Spiders,Pittsburgh Panthers,Committed,0,,,,,2021,2025-01-04T11:37:00,,https://www.on3.com/db/keith-gouveia-229111/,portal_industry_football_2025
Avarion Cole,S,Appalachian State Mountaineers,Western Kentucky Hilltoppers,Committed,0,,,,,2021,2025-04-27T20:52:00,https://on3static.com/uploads/assets/621/275/275621.png,https://www.on3.com/db/avarion-cole-8866/,portal_industry_football_2025
Jaleel Birdsong,LB,Jacksonville State Gamecocks,,Entered,0,,,,,2022,2025-04-16T12:02:00,,https://www.on3.com/db/jaleel-birdsong-196544/,portal_industry_football_2025
Rece Verhoff,K,Marshall Thundering Herd,North Carolina Tar Heels,Committed,0,,,,,2022,2025-04-17T19:04:00,https://on3static.com/uploads/assets/950/470/470950.jpg,https://www.on3.com/db/rece-verhoff-201569/,portal_industry_football_2025
Andrew Smith,CB,Alcorn State Braves,,Entered,0,,,,,2020,2025-04-15T11:32:00,https://on3static.com/uploads/assets/340/447/447340.png,https://www.on3.com/db/andrew-smith-250705/,portal_industry_football_2025
Beau Blankenship,TE,Ohio Bobcats,,Entered,0,,,,,2022,2025-04-18T21:47:00,,https://www.on3.com/db/beau-blankenship-9476/,portal_industry_football_2025
Gavin Edwards,S,Austin Peay Governors,Maryland Terrapins,Committed,0,,,,,2023,,https://on3static.com/uploads/assets/650/441/441650.jpg,https://www.on3.com/db/gavin-edwards-250721/,portal_industry_football_2025
Beckham Sunderland,K,Texas State Bobcats,Michigan Wolverines,Committed,0,,,,,2021,2025-02-07T14:12:00,https://on3static.com/uploads/assets/109/442/442109.png,https://www.on3.com/db/beckham-sunderland-250790/,portal_industry_football_2025
Adam Saul,P,Washington Huskies,Ball State Cardinals,Committed,0,,,,,0,2025-04-23T10:37:00,https://on3static.com/uploads/assets/245/223/223245.png,https://www.on3.com/db/adam-saul-237389/,portal_industry_football_2025
Justin Smith-Brown,WR,South Carolina State Bulldogs,West Virginia Mountaineers,Committed,0,,,,,2022,2025-04-27T10:24:00,https://on3static.com/uploads/assets/613/443/443613.png,https://www.on3.com/db/justin-smith-brown-250956/,portal_industry_football_2025
Elias Williams,S,Auburn Tigers,,Entered,0,,,,,2020,2025-04-23T12:36:00,https://on3static.com/uploads/assets/687/443/443687.png,https://www.on3.com/db/elias-williams-41044/,portal_industry_football_2025
Ebubedike Nnabugwu,IOL,Delaware State Hornets,Missouri State University Bears,Committed,0,,,,,2023,2025-02-05T14:39:00,https://on3static.com/uploads/assets/520/567/567520.png,https://www.on3.com/db/ebubedike-nnabugwu-40386/,portal_industry_football_2025
Nick Levy,LS,Purdue Boilermakers,Wisconsin Badgers,Committed,0,,,,,2022,2025-04-20T22:09:00,https://on3static.com/uploads/assets/412/444/444412.jpg,https://www.on3.com/db/nick-levy-251002/,portal_industry_football_2025
Colin Chase,WR,St. Thomas Tommies,Temple Owls,Committed,0,,,,,2022,2025-04-30T07:03:00,https://on3static.com/uploads/assets/753/491/491753.png,https://www.on3.com/db/colin-chase-24997/,portal_industry_football_2025
Lento Smith,CB,Ferris State Bulldogs,Tulsa Golden Hurricane,Committed,0,,,,,2019,2025-05-14T15:03:00,https://on3static.com/uploads/assets/255/448/448255.png,https://www.on3.com/db/lento-smith-259016/,portal_industry_football_2025
Ashton Rivera,IOL,FIU Golden Panthers,,Entered,0,,,,,2022,2025-04-17T13:47:00,https://on3static.com/uploads/assets/123/449/449123.jpeg,https://www.on3.com/db/ashton-rivera-191697/,portal_industry_football_2025
Aiden DeCorte,LS,Colorado Buffaloes,,Entered,0,,,,,2023,2025-04-22T13:41:00,https://on3static.com/uploads/assets/736/263/263736.jpeg,https://www.on3.com/db/aiden-decorte-237034/,portal_industry_football_2025
Moshood Giwa,OT,Long Island,Rutgers Scarlet Knights,Committed,0,,,,,2023,2025-04-26T12:45:00,https://on3static.com/uploads/assets/964/475/475964.png,https://www.on3.com/db/moshood-giwa-260504/,portal_industry_football_2025
Ryder Langsdale,OT,Lafayette Leopards,Rutgers Scarlet Knights,Committed,0,,,,,2021,2025-05-07T13:01:00,https://on3static.com/uploads/assets/951/475/475951.png,https://www.on3.com/db/ryder-langsdale-198407/,portal_industry_football_2025
Parker Mitchell,OT,Richmond Spiders,Memphis Tigers,Committed,0,,,,,2022,2024-12-20T20:00:00,,https://www.on3.com/db/parker-mitchell-229226/,portal_industry_football_2025
Aidan McCowan,CB,Arkansas Razorbacks,Nicholls State Colonels,Committed,0,,,,,2022,,https://on3static.com/uploads/assets/953/303/303953.png,https://www.on3.com/db/aidan-mccowan-220480/,portal_industry_football_2025
Ken Meir,OT,Lindenwood University Lions,Temple Owls,Committed,0,,,,,2022,2025-05-16T10:53:00,https://on3static.com/uploads/assets/210/593/593210.png,https://www.on3.com/db/ken-meir-260860/,portal_industry_football_2025
CJ Van Buren II,OT,Arkansas-Pine Bluff Golden Lions,Temple Owls,Committed,0,,,,,2021,2025-04-25T11:08:00,,https://www.on3.com/db/cj-van-buren-ii-23682/,portal_industry_football_2025
Charles Calhoun III,EDGE,Gannon University Golden Knights,Temple Owls,Committed,0,,,,,2021,2025-04-05T09:53:00,,https://www.on3.com/db/charles-calhoun-iii-20061/,portal_industry_football_2025
Pooh Lawton,S,Slippery Rock The Rock,Temple Owls,Committed,0,,,,,2022,2025-04-21T10:15:00,,https://www.on3.com/db/pooh-lawton-31242/,portal_industry_football_2025
Isaiah Hayse,LS,Indiana Wesleyan University Wildcats,Temple Owls,Committed,0,,,,,2021,2025-04-15T10:26:00,,https://www.on3.com/db/isaiah-hayse-49540/,portal_industry_football_2025
Tashi Crofut,LS,Boise State Broncos,Connecticut Huskies,Committed,0,,,,,2024,2025-05-10T22:09:00,https://on3static.com/uploads/assets/517/469/469517.png,https://www.on3.com/db/tashi-crofut-260997/,portal_industry_football_2025
MJ Flowers,RB,Eastern Illinois Panthers,Connecticut Huskies,Committed,0,,,,,2022,2024-12-20T22:17:00,https://on3static.com/uploads/assets/522/469/469522.png,https://www.on3.com/db/mj-flowers-260998/,portal_industry_football_2025
Jeremiah Lomax,S,Limestone University Saints,Connecticut Huskies,Committed,0,,,,,2022,2025-05-12T22:39:00,https://on3static.com/uploads/assets/529/469/469529.png,https://www.on3.com/db/jeremiah-lomax-261000/,portal_industry_football_2025
Spencer Sullins,P,Memphis Tigers,Connecticut Huskies,Committed,0,,,,,2024,2025-05-04T12:59:00,https://on3static.com/uploads/assets/460/473/473460.png,https://www.on3.com/db/spencer-sullins-261298/,portal_industry_football_2025
Mike Burton Jr.,TE,Georgetown Hoyas,Connecticut Huskies,Committed,0,,,,,2022,2025-05-12T08:33:00,https://on3static.com/uploads/assets/823/473/473823.png,https://www.on3.com/db/mike-burton-jr-87462/,portal_industry_football_2025
Christian Anderson,OT,Alabama A&M Bulldogs,Southern Miss Golden Eagles,Committed,0,,,,,2021,,,https://www.on3.com/db/christian-anderson-22748/,portal_industry_football_2025
Robert Edmonson Jr.,LB,Prairie View A&M Panthers,Colorado State Rams,Committed,0,,,,,2023,2024-12-04T15:49:00,https://on3static.com/uploads/assets/463/583/583463.png,https://www.on3.com/db/robert-edmonson-jr-177167/,portal_industry_football_2025
Max Ware,WR,Arizona State Sun Devils,Hawaii Rainbow Warriors,Committed,0,,,,,2022,,https://on3static.com/uploads/assets/664/440/440664.jpg,https://www.on3.com/db/max-ware-237270/,portal_industry_football_2025
Zavien Abercrombie,CB,Weber State Wildcats,Nevada Wolf Pack,Committed,0,,,,,2024,2025-06-08T15:32:00,,https://www.on3.com/db/zavien-abercrombie-155729/,portal_industry_football_2025
Mason Jones,OT,Bucknell Bison,New Mexico Lobos,Committed,0,,,,,2021,,,https://www.on3.com/db/mason-jones-145548/,portal_industry_football_2025
Danny Scudero,WR,Sacramento State Hornets,San Jose State Spartans,Committed,0,4.0,90.0,,38.0,2023,,https://on3static.com/uploads/assets/189/483/483189.png,https://www.on3.com/db/danny-scudero-261558/,portal_industry_football_2025
Andrew Powdrell,CB,Montana State Bobcats,UNLV Rebels,Committed,0,,,,,2023,,https://on3static.com/uploads/assets/133/580/580133.png,https://www.on3.com/db/andrew-powdrell-174299/,portal_industry_football_2025
Donavan Manson,IOL,Coastal Carolina Chanticleers,UNLV Rebels,Committed,0,,,,,2020,,https://on3static.com/uploads/assets/505/340/340505.png,https://www.on3.com/db/donavan-manson-245031/,portal_industry_football_2025
Damashja Harris,RB,North Texas Mean Green,Wyoming Cowboys,Committed,0,,,,,2021,,https://on3static.com/uploads/assets/624/438/438624.jpg,https://www.on3.com/db/damashja-harris-198793/,portal_industry_football_2025
Jaelin Willis,LB,Lenoir-Rhyne Bears,Appalachian State Mountaineers,Committed,0,,,,,2021,2025-04-03T09:06:00,,https://www.on3.com/db/jaelin-willis-261709/,portal_industry_football_2025
Joshua Acord,TE,Southern Utah Thunderbirds,Appalachian State Mountaineers,Committed,0,,,,,2022,2025-05-09T12:53:00,,https://www.on3.com/db/joshua-acord-163826/,portal_industry_football_2025
Saint Farrior,DL,Hampton Pirates,Appalachian State Mountaineers,Committed,0,,,,,2023,2025-04-23T13:58:00,https://on3static.com/uploads/assets/795/583/583795.png,https://www.on3.com/db/saint-farrior-261726/,portal_industry_football_2025
Nana Burris,WR,FIU Golden Panthers,Arkansas State Red Wolves,Committed,0,,,,,2021,2024-12-26T14:46:00,,https://www.on3.com/db/nana-burris-261733/,portal_industry_football_2025
Nick Marinaro,IOL,Dartmouth Big Green,Ohio Bobcats,Committed,0,,,,,2021,2025-04-14T17:00:00,,https://www.on3.com/db/nick-marinaro-167227/,portal_industry_football_2025
Nehemiah Dukes,DL,Youngstown State Penguins,Ohio Bobcats,Committed,0,,,,,2022,2025-01-10T10:25:00,https://on3static.com/uploads/assets/24/577/577024.png,https://www.on3.com/db/nehemiah-dukes-91894/,portal_industry_football_2025
Anas Luqman,EDGE,Arkansas-Pine Bluff Golden Lions,Ohio Bobcats,Committed,0,,,,,2022,2025-01-11T16:01:00,https://on3static.com/uploads/assets/137/578/578137.png,https://www.on3.com/db/anas-luqman-4414/,portal_industry_football_2025
Camden Coleman,QB,Richmond Spiders,James Madison Dukes,Committed,0,,,,,2023,2025-01-14T17:54:00,https://on3static.com/uploads/assets/940/490/490940.png,https://www.on3.com/db/camden-coleman-229053/,portal_industry_football_2025
Hunter Simmons,QB,Southern Illinois Salukis,Wisconsin Badgers,Committed,0,,,,,2021,2025-01-08T10:01:00,https://on3static.com/uploads/assets/428/524/524428.jpg,https://www.on3.com/db/hunter-simmons-281502/,portal_industry_football_2025
Elias Sherman,DL,Central Missouri State Mules,Maine Black Bears,Committed,0,,,,,2023,2025-01-06T12:11:00,,https://www.on3.com/db/elias-sherman-155622/,portal_industry_football_2025
Julien Laventure,DL,"California, Pa. Vulcans",Akron Zips,Committed,0,,,,,2022,2025-04-27T11:41:00,https://on3static.com/uploads/assets/264/575/575264.PNG,https://www.on3.com/db/julien-laventure-282263/,portal_industry_football_2025
Josiah Graham,EDGE,Emory & Henry College Wasps,Monmouth Hawks,Committed,0,,,,,2023,2025-01-09T09:30:00,https://on3static.com/uploads/assets/390/586/586390.png,https://www.on3.com/db/josiah-graham-203444/,portal_industry_football_2025
Liam Lindo,CB,Arkansas-Pine Bluff Golden Lions,Bryant University Bulldogs,Committed,0,,,,,2022,2025-05-27T10:53:00,https://on3static.com/uploads/assets/930/571/571930.png,https://www.on3.com/db/liam-lindo-219335/,portal_industry_football_2025
Justin Barber-Morgan,RB,Arkansas Tech Wonder Boys,Wayland Baptist University Pioneers,Committed,0,,,,,2024,2026-01-28T14:03:00,https://on3static.com/uploads/assets/305/564/564305.png,https://www.on3.com/db/justin-barber-morgan-282898/,portal_industry_football_2025
Oliver Robbins,K,Florida Memorial University Lions,Missouri Tigers,Committed,0,,,,,2024,,https://on3static.com/uploads/assets/713/576/576713.png,https://www.on3.com/db/oliver-robbins-283543/,portal_industry_football_2025
Naquan Crowder,DL,"California, Pa. Vulcans",,Entered,0,,,,,2023,2024-01-02T17:03:00,https://on3static.com/uploads/assets/752/578/578752.png,https://www.on3.com/db/naquan-crowder-283577/,portal_industry_football_2025
Michael Hurst Jr.,S,Portland State Vikings,,Entered,0,,,,,2022,2024-12-09T13:00:00,https://on3static.com/uploads/assets/487/581/581487.png,https://www.on3.com/db/michael-hurst-jr-283696/,portal_industry_football_2025
Nick Reed,K,Buffalo Bulls,New Hampshire Wildcats,Committed,0,,,,,2023,2025-05-08T10:57:00,https://on3static.com/uploads/assets/449/582/582449.jpeg,https://www.on3.com/db/nick-reed-283734/,portal_industry_football_2025
Ky Wilson,WR,Slippery Rock The Rock,Youngstown State Penguins,Committed,0,,,,,2023,2024-01-10T07:14:00,https://on3static.com/uploads/assets/900/578/578900.jpg,https://www.on3.com/db/ky-wilson-283591/,portal_industry_football_2025
Jon Hunt,QB,East Tennessee State Buccaneers,,Entered,0,,,,,2024,2024-12-09T02:42:00,https://on3static.com/uploads/assets/18/583/583018.jpg,https://www.on3.com/db/jon-hunt-283754/,portal_industry_football_2025
Dee Newsome,CB,Jacksonville State Gamecocks,,Entered,0,,,,,2023,2024-01-09T11:47:00,https://on3static.com/uploads/assets/74/583/583074.png,https://www.on3.com/db/dee-newsome-283759/,portal_industry_football_2025
Maury Sullivan,WR,Washburn Ichabods,Tennessee Tech Golden Eagles,Committed,0,,,,,2023,2024-12-20T16:39:00,,https://www.on3.com/db/maury-sullivan-283994/,portal_industry_football_2025
Trevor Wilson,TE,Robert Morris Colonials,Campbell Fighting Camels,Committed,0,,,,,2022,2025-03-24T16:03:00,https://on3static.com/uploads/assets/486/589/589486.png,https://www.on3.com/db/trevor-wilson-163733/,portal_industry_football_2025
Cam Cunningham,DL,Fayetteville State Broncos,Youngstown State Penguins,Committed,0,,,,,2020,2025-03-25T11:00:00,,https://www.on3.com/db/cam-cunningham-17448/,portal_industry_football_2025
Antonio Chadha,K,Western Illinois Leathernecks,Pittsburgh Panthers,Committed,0,,,,,0,2026-01-18T12:00:00,https://on3static.com/uploads/assets/619/588/588619.png,https://www.on3.com/db/antonio-chadha-234964/,portal_industry_football_2025
Cedric Roberts,,Alcorn State Braves,,Entered,0,,,,,2024,,https://on3static.com/uploads/assets/891/592/592891.PNG,https://www.on3.com/db/cedric-roberts-284527/,portal_industry_football_2025
Christian Lorenzo,DL,Georgia State Panthers,,Expected,0,,,,,0,2024-12-26T14:26:00,https://on3static.com/uploads/assets/520/338/338520.png,https://www.on3.com/db/christian-lorenzo-242045/,portal_industry_football_2025
Tony Diaz,WR,The University of Texas Rio Grande Valley Vaqueros,,Expected,0,,,,,2024,2026-01-01T22:02:00,https://on3static.com/uploads/assets/306/578/578306.jpg,https://www.on3.com/db/tony-diaz-283566/,portal_industry_football_2025
