name,position,from_school,to_school,status,nil_valuation,stars,rating,national_rank,position_rank,class_year,commit_date,headshot_url,profile_url,source
Caleb Downs,S,Alabama Crimson Tide,Ohio State Buckeyes,Committed,1568670,5.0,98.0,1.0,1.0,2023,2024-01-19T19:38:00,https://on3static.com/uploads/assets/608/225/225608.jpeg,https://www.on3.com/db/caleb-downs-16957/,portal_industry_football_2024
Walter Nolen,DL,Texas A&M Aggies,Ole Miss Rebels,Committed,0,5.0,98.0,2.0,1.0,2022,2023-12-24T14:09:00,https://on3static.com/uploads/assets/113/88/88113.jpg,https://www.on3.com/db/walter-nolen-120108/,portal_industry_football_2024
Julian Sayin,,Alabama Crimson Tide,Ohio State Buckeyes,Committed,2393862,5.0,98.0,3.0,1.0,2024,2024-01-21T15:10:00,https://on3static.com/uploads/assets/658/332/332658.png,https://www.on3.com/db/julian-sayin-68682/,portal_industry_football_2024
Evan Stewart,WR,Texas A&M Aggies,Oregon Ducks,Committed,1487578,4.0,97.0,3.0,1.0,2022,2024-01-11T21:19:00,https://on3static.com/uploads/assets/740/349/349740.jpg,https://www.on3.com/db/evan-stewart-43427/,portal_industry_football_2024
Kadyn Proctor,OT,Iowa Hawkeyes,Alabama Crimson Tide,Committed,190900,4.0,96.0,12.0,1.0,2023,2024-04-16T14:09:00,https://on3static.com/uploads/assets/792/225/225792.jpeg,https://www.on3.com/db/kadyn-proctor-70429/,portal_industry_football_2024
Quinshon Judkins,RB,Ole Miss Rebels,Ohio State Buckeyes,Committed,0,4.0,95.0,14.0,2.0,2022,2024-01-08T22:19:00,https://on3static.com/uploads/assets/548/274/274548.png,https://www.on3.com/db/quinshon-judkins-145260/,portal_industry_football_2024
Isaiah Bond,WR,Alabama Crimson Tide,Texas Longhorns,Committed,0,4.0,96.0,8.0,2.0,2022,2024-01-14T12:04:00,https://on3static.com/uploads/assets/577/225/225577.jpeg,https://www.on3.com/db/isaiah-bond-49370/,portal_industry_football_2024
Cam Ward,QB,Washington State Cougars,Miami Hurricanes,Committed,0,4.0,96.0,9.0,2.0,2020,2024-01-13T18:08:00,https://on3static.com/uploads/assets/316/372/372316.jpg,https://www.on3.com/db/cam-ward-18163/,portal_industry_football_2024
Lance Heard,OT,LSU Tigers,Tennessee Volunteers,Committed,823081,4.0,94.0,23.0,3.0,2023,2024-01-21T11:23:00,https://on3static.com/uploads/assets/738/349/349738.jpg,https://www.on3.com/db/lance-heard-147284/,portal_industry_football_2024
Nic Scourton,EDGE,Purdue Boilermakers,Texas A&M Aggies,Committed,0,4.0,97.0,6.0,1.0,2022,2024-01-04T13:19:00,https://on3static.com/uploads/assets/113/217/217113.png,https://www.on3.com/db/nic-scourton-92041/,portal_industry_football_2024
Jabbar Muhammad,CB,Washington Huskies,Oregon Ducks,Committed,0,4.0,97.0,4.0,1.0,2020,2024-01-27T17:22:00,https://on3static.com/uploads/assets/721/349/349721.jpg,https://www.on3.com/db/jabbar-muhammad-50809/,portal_industry_football_2024
Princely Umanmielen,EDGE,Florida Gators,Ole Miss Rebels,Committed,0,4.0,96.0,7.0,2.0,2020,2023-12-15T16:27:00,https://on3static.com/uploads/assets/18/170/170018.png,https://www.on3.com/db/princely-umanmielen-96959/,portal_industry_football_2024
Cayden Green,OT,Oklahoma Sooners,Missouri Tigers,Committed,1189460,4.0,94.0,27.0,4.0,2023,2023-12-19T09:49:00,https://on3static.com/uploads/assets/740/23/23740.jpeg,https://www.on3.com/db/cayden-green-19225/,portal_industry_football_2024
Dante Moore,QB,UCLA Bruins,Oregon Ducks,Committed,2994313,4.0,90.0,68.0,11.0,2023,2023-12-18T18:45:00,https://on3static.com/uploads/assets/495/245/245495.jpg,https://www.on3.com/db/dante-moore-29804/,portal_industry_football_2024
Will Howard,QB,Kansas State Wildcats,Ohio State Buckeyes,Committed,0,4.0,96.0,10.0,3.0,2020,2024-01-04T18:38:00,https://on3static.com/uploads/dev/assets/247/8/8247.jpg,https://www.on3.com/db/will-howard-144062/,portal_industry_football_2024
Riley Leonard,QB,Duke Blue Devils,Notre Dame Fighting Irish,Committed,0,4.0,96.0,11.0,4.0,2021,2023-12-12T09:29:00,https://on3static.com/uploads/assets/22/373/373022.png,https://www.on3.com/db/riley-leonard-100526/,portal_industry_football_2024
Damien Martinez,RB,Oregon State Beavers,Miami Hurricanes,Committed,0,4.0,95.0,13.0,1.0,2022,2024-04-27T19:12:00,https://on3static.com/uploads/assets/87/22/22087.jpeg,https://www.on3.com/db/damien-martinez-28578/,portal_industry_football_2024
Dillon Gabriel,QB,Oklahoma Sooners,Oregon Ducks,Committed,0,4.0,97.0,5.0,1.0,2019,2023-12-09T10:02:00,https://on3static.com/uploads/assets/585/35/35585.jpeg,https://www.on3.com/db/dillon-gabriel-37002/,portal_industry_football_2024
Trevor Etienne,RB,Florida Gators,Georgia Bulldogs,Committed,0,4.0,94.0,20.0,3.0,2022,2023-12-24T12:29:00,https://on3static.com/uploads/assets/775/93/93775.jpg,https://www.on3.com/db/trevor-etienne-115713/,portal_industry_football_2024
Marvin Jones Jr.,EDGE,Georgia Bulldogs,Florida State Seminoles,Committed,148605,4.0,94.0,26.0,5.0,2022,2023-12-18T16:06:00,https://on3static.com/uploads/assets/128/392/392128.jpg,https://www.on3.com/db/marvin-jones-jr-144981/,portal_industry_football_2024
Cormani McClain,CB,Colorado Buffaloes,Florida Gators,Committed,225080,3.0,89.0,198.0,25.0,2023,2024-05-15T13:44:00,https://on3static.com/uploads/assets/450/335/335450.png,https://www.on3.com/db/cormani-mcclain-26428/,portal_industry_football_2024
A.J. Harris,CB,Georgia Bulldogs,Penn State Nittany Lions,Committed,0,4.0,90.0,83.0,11.0,2023,2024-01-11T10:00:00,https://on3static.com/uploads/assets/612/345/345612.png,https://www.on3.com/db/aj-harris-2176/,portal_industry_football_2024
Parker Brailsford,IOL,Washington Huskies,Alabama Crimson Tide,Committed,167622,4.0,95.0,15.0,1.0,2022,2024-01-20T21:40:00,https://on3static.com/uploads/assets/819/171/171819.jpeg,https://www.on3.com/db/parker-brailsford-94992/,portal_industry_football_2024
Juice Wells,WR,South Carolina Gamecocks,Ole Miss Rebels,Committed,0,4.0,95.0,18.0,4.0,2019,2023-12-17T15:47:00,https://on3static.com/uploads/assets/116/257/257116.jpg,https://www.on3.com/db/juice-wells-150057/,portal_industry_football_2024
Dezz Ricks,CB,Alabama Crimson Tide,Texas A&M Aggies,Committed,167482,4.0,90.0,71.0,10.0,2023,2024-01-16T22:00:00,https://on3static.com/uploads/assets/799/225/225799.jpeg,https://www.on3.com/db/dezz-ricks-35611/,portal_industry_football_2024
Trey Moore,EDGE,UTSA Roadrunners,Texas Longhorns,Committed,0,4.0,94.0,24.0,3.0,2021,2023-12-23T13:14:00,https://on3static.com/uploads/assets/788/73/73788.jpeg,https://www.on3.com/db/trey-moore-116148/,portal_industry_football_2024
Jason Zandamela,,USC Trojans,Florida Gators,Committed,0,4.0,90.0,70.0,5.0,2024,2024-05-02T14:49:00,https://on3static.com/uploads/assets/476/335/335476.png,https://www.on3.com/db/jason-zandamela-151444/,portal_industry_football_2024
Keon Sabb,S,Michigan Wolverines,Alabama Crimson Tide,Committed,528759,4.0,91.0,40.0,4.0,2022,2024-02-19T23:17:00,https://on3static.com/uploads/assets/867/288/288867.jpg,https://www.on3.com/db/keon-sabb-73626/,portal_industry_football_2024
Aidan Chiles,QB,Oregon State Beavers,Michigan State Spartans,Committed,0,4.0,90.0,69.0,12.0,2023,2023-12-14T12:41:00,https://on3static.com/uploads/assets/463/225/225463.png,https://www.on3.com/db/aidan-chiles-147985/,portal_industry_football_2024
Kamari Ramsey,S,UCLA Bruins,USC Trojans,Committed,0,4.0,94.0,21.0,2.0,2022,2023-12-21T11:36:00,https://on3static.com/uploads/assets/292/335/335292.png,https://www.on3.com/db/kamari-ramsey-70949/,portal_industry_football_2024
Tyler Baron,EDGE,Louisville Cardinals,Miami Hurricanes,Committed,0,4.0,94.0,25.0,4.0,2020,2024-05-21T17:48:00,https://on3static.com/uploads/assets/161/226/226161.jpeg,https://www.on3.com/db/tyler-baron-117322/,portal_industry_football_2024
Jamon Dumas-Johnson,LB,Georgia Bulldogs,Kentucky Wildcats,Committed,0,4.0,91.0,42.0,1.0,2021,2023-12-20T09:15:00,https://on3static.com/uploads/assets/659/15/15659.jpeg,https://www.on3.com/db/jamon-dumas-johnson-56311/,portal_industry_football_2024
Amari Niblack,TE,Alabama Crimson Tide,Texas Longhorns,Committed,0,4.0,91.0,56.0,3.0,2022,2024-01-18T21:12:00,https://on3static.com/uploads/assets/764/225/225764.jpeg,https://www.on3.com/db/amari-niblack-4209/,portal_industry_football_2024
Dylan Edwards,RB,Colorado Buffaloes,Kansas State Wildcats,Committed,102930,4.0,90.0,96.0,9.0,2023,2024-04-28T14:07:00,https://on3static.com/uploads/assets/272/242/242272.jpeg,https://www.on3.com/db/dylan-edwards-39872/,portal_industry_football_2024
Brock Vandagriff,QB,Georgia Bulldogs,Kentucky Wildcats,Committed,299207,4.0,91.0,45.0,7.0,2021,2023-12-06T09:10:00,https://on3static.com/uploads/dev/assets/517/2/2517.jpg,https://www.on3.com/db/brock-vandagriff-15115/,portal_industry_football_2024
Joey Slackman,DL,Pennsylvania Quakers,Florida Gators,Committed,200382,3.0,89.0,149.0,14.0,2020,2023-12-17T19:15:00,https://on3static.com/uploads/assets/935/287/287935.png,https://www.on3.com/db/joey-slackman-238942/,portal_industry_football_2024
Caullin Lacy,WR,South Alabama Jaguars,Louisville Cardinals,Committed,0,4.0,93.0,29.0,5.0,2020,2023-12-17T10:09:00,https://on3static.com/uploads/assets/591/268/268591.png,https://www.on3.com/db/caullin-lacy-19199/,portal_industry_football_2024
Domani Jackson,CB,USC Trojans,Alabama Crimson Tide,Committed,249550,3.0,89.0,184.0,24.0,2022,2023-12-28T21:51:00,https://on3static.com/uploads/assets/10/94/94010.png,https://www.on3.com/db/domani-jackson-144107/,portal_industry_football_2024
Peny Boone,RB,Louisville Cardinals,UCF Knights,Committed,0,4.0,91.0,67.0,7.0,2020,2024-05-01T11:00:00,https://on3static.com/uploads/dev/assets/450/6/6450.jpg,https://www.on3.com/db/peny-boone-96016/,portal_industry_football_2024
Jacoby Mathews,S,Texas A&M Aggies,Auburn Tigers,Committed,0,3.0,89.0,228.0,15.0,2022,,https://on3static.com/uploads/assets/60/88/88060.jpg,https://www.on3.com/db/jacoby-mathews-52379/,portal_industry_football_2024
Caiden Woullard,EDGE,Miami (OH) RedHawks,Oklahoma Sooners,Committed,0,4.0,90.0,110.0,11.0,2021,2024-01-04T19:32:00,https://on3static.com/uploads/assets/681/270/270681.png,https://www.on3.com/db/caiden-woullard-16807/,portal_industry_football_2024
Andrew Mukuba,S,Clemson Tigers,Texas Longhorns,Committed,0,4.0,90.0,134.0,6.0,2021,2023-12-18T12:34:00,https://on3static.com/uploads/assets/265/415/415265.jpg,https://www.on3.com/db/andrew-mukuba-5242/,portal_industry_football_2024
Rocket Sanders,RB,Arkansas Razorbacks,South Carolina Gamecocks,Committed,0,4.0,91.0,53.0,5.0,2021,2023-12-13T19:50:00,https://on3static.com/uploads/assets/827/349/349827.jpg,https://www.on3.com/db/rocket-sanders-97986/,portal_industry_football_2024
Toriano Pride Jr.,CB,Clemson Tigers,Missouri Tigers,Committed,0,4.0,91.0,57.0,7.0,2022,2023-12-06T19:42:00,https://on3static.com/uploads/assets/783/265/265783.jpg,https://www.on3.com/db/toriano-pride-jr-114091/,portal_industry_football_2024
Colbie Young,WR,Miami Hurricanes,Georgia Bulldogs,Committed,0,4.0,90.0,117.0,23.0,2021,2023-12-23T11:14:00,https://on3static.com/uploads/assets/574/222/222574.jpg,https://www.on3.com/db/colbie-young-150587/,portal_industry_football_2024
Justin Joly,TE,Connecticut Huskies,NC State Wolfpack,Committed,0,4.0,92.0,39.0,2.0,2022,2023-12-14T14:15:00,https://on3static.com/uploads/assets/600/410/410600.jpg,https://www.on3.com/db/justin-joly-145182/,portal_industry_football_2024
Noah Rogers,WR,Ohio State Buckeyes,NC State Wolfpack,Committed,0,4.0,90.0,116.0,22.0,2023,2024-01-04T15:09:00,https://on3static.com/uploads/assets/571/221/221571.jpeg,https://www.on3.com/db/noah-rogers-93725/,portal_industry_football_2024
Kris Mitchell,WR,FIU Golden Panthers,Notre Dame Fighting Irish,Committed,118624,4.0,93.0,30.0,6.0,2019,2023-12-05T14:10:00,https://on3static.com/uploads/assets/305/76/76305.jpeg,https://www.on3.com/db/kris-mitchell-76044/,portal_industry_football_2024
Kyle McCord,QB,Ohio State Buckeyes,Syracuse Orange,Committed,0,4.0,91.0,48.0,9.0,2021,2023-12-17T11:25:00,https://on3static.com/uploads/assets/768/349/349768.jpg,https://www.on3.com/db/kyle-mccord-76778/,portal_industry_football_2024
Deion Burks,WR,Purdue Boilermakers,Oklahoma Sooners,Committed,0,4.0,90.0,102.0,19.0,2021,2023-12-12T11:30:00,https://on3static.com/uploads/assets/115/217/217115.png,https://www.on3.com/db/deion-burks-33335/,portal_industry_football_2024
Jaishawn Barham,LB,Maryland Terrapins,Michigan Wolverines,Committed,0,4.0,91.0,43.0,2.0,2022,2023-12-20T10:43:00,https://on3static.com/uploads/assets/302/21/21302.jpeg,https://www.on3.com/db/jaishawn-barham-53214/,portal_industry_football_2024
Matthew Golden,WR,Houston Cougars,Texas Longhorns,Committed,0,4.0,90.0,100.0,17.0,2022,2023-12-16T21:22:00,https://on3static.com/uploads/assets/564/73/73564.jpeg,https://www.on3.com/db/matthew-golden-86074/,portal_industry_football_2024
LT Overton,DL,Texas A&M Aggies,Alabama Crimson Tide,Committed,257246,3.0,89.0,161.0,17.0,2022,2023-12-19T11:01:00,https://on3static.com/uploads/assets/66/88/88066.jpg,https://www.on3.com/db/lt-overton-78771/,portal_industry_football_2024
Kam Alexander,CB,UTSA Roadrunners,Oregon Ducks,Committed,313041,4.0,92.0,33.0,3.0,2019,2024-01-08T12:56:00,https://on3static.com/uploads/assets/626/274/274626.png,https://www.on3.com/db/kam-alexander-175452/,portal_industry_football_2024
Malachi Nelson,QB,USC Trojans,Boise State Broncos,Committed,149840,3.0,88.0,246.0,22.0,2023,2024-01-06T20:08:00,https://on3static.com/uploads/assets/951/218/218951.png,https://www.on3.com/db/malachi-nelson-81447/,portal_industry_football_2024
Aeneas Peebles,DL,Duke Blue Devils,Virginia Tech Hokies,Committed,0,4.0,95.0,16.0,2.0,2020,2023-12-18T11:38:00,https://on3static.com/uploads/dev/assets/62/11/11062.jpg,https://www.on3.com/db/aeneas-peebles-1795/,portal_industry_football_2024
Branson Hickman,IOL,SMU Mustangs,Oklahoma Sooners,Committed,0,4.0,94.0,28.0,2.0,2020,2024-04-21T08:55:00,https://on3static.com/uploads/assets/166/219/219166.jpg,https://www.on3.com/db/branson-hickman-13422/,portal_industry_football_2024
KeAndre Lambert-Smith,WR,Penn State Nittany Lions,Auburn Tigers,Committed,0,4.0,90.0,87.0,15.0,2020,2024-04-24T18:35:00,https://on3static.com/uploads/assets/416/222/222416.png,https://www.on3.com/db/keandre-lambert-smith-71638/,portal_industry_football_2024
Ja’Maree Caldwell,DL,Houston Cougars,Oregon Ducks,Committed,0,4.0,90.0,76.0,5.0,2019,2024-01-12T20:01:00,https://on3static.com/uploads/assets/843/349/349843.jpg,https://www.on3.com/db/jamaree-caldwell-156817/,portal_industry_football_2024
Sam Brown,WR,Houston Cougars,Miami Hurricanes,Committed,0,4.0,90.0,119.0,24.0,2020,2024-04-28T19:31:00,https://on3static.com/uploads/assets/568/73/73568.jpeg,https://www.on3.com/db/sam-brown-104210/,portal_industry_football_2024
Derrick Harmon,DL,Michigan State Spartans,Oregon Ducks,Committed,0,4.0,91.0,60.0,3.0,2021,2024-05-03T14:37:00,https://on3static.com/uploads/assets/192/235/235192.png,https://www.on3.com/db/derrick-harmon-35090/,portal_industry_football_2024
Trey Amos,CB,Alabama Crimson Tide,Ole Miss Rebels,Committed,0,4.0,91.0,49.0,6.0,2020,2024-01-19T18:24:00,https://on3static.com/uploads/assets/315/415/415315.jpg,https://www.on3.com/db/trey-amos-115899/,portal_industry_football_2024
Jaxon Howard,EDGE,LSU Tigers,Minnesota Golden Gophers,Committed,0,4.0,90.0,115.0,12.0,2023,2024-04-19T10:05:00,https://on3static.com/uploads/assets/479/70/70479.jpg,https://www.on3.com/db/jaxon-howard-146301/,portal_industry_football_2024
B.J. Green II,EDGE,Arizona State Sun Devils,Colorado Buffaloes,Committed,0,4.0,92.0,38.0,6.0,2021,2024-01-29T16:03:00,https://on3static.com/uploads/assets/845/349/349845.jpg,https://www.on3.com/db/bj-green-ii-147550/,portal_industry_football_2024
Tyler Van Dyke,QB,Miami Hurricanes,Wisconsin Badgers,Committed,0,4.0,91.0,41.0,5.0,2020,2023-12-12T16:20:00,https://on3static.com/uploads/assets/563/222/222563.jpg,https://www.on3.com/db/tyler-van-dyke-118203/,portal_industry_football_2024
Nyland Green,CB,Georgia Bulldogs,Purdue Boilermakers,Committed,0,3.0,88.0,67.0,42.0,2021,2023-12-25T11:08:00,https://on3static.com/uploads/assets/506/343/343506.png,https://www.on3.com/db/nyland-green-94049/,portal_industry_football_2024
DJ Uiagalelei,QB,Oregon State Beavers,Florida State Seminoles,Committed,330025,4.0,90.0,97.0,14.0,2020,2024-01-01T14:08:00,https://on3static.com/uploads/assets/745/17/17745.jpeg,https://www.on3.com/db/dj-uiagalelei-37355/,portal_industry_football_2024
Chris Paul Jr.,LB,Arkansas Razorbacks,Ole Miss Rebels,Committed,0,3.0,89.0,170.0,13.0,2021,2023-12-08T20:50:00,https://on3static.com/uploads/assets/485/405/405485.png,https://www.on3.com/db/chris-paul-jr-23390/,portal_industry_football_2024
Damonic Williams,DL,TCU Horned Frogs,Oklahoma Sooners,Committed,0,4.0,90.0,107.0,9.0,2022,2024-05-02T21:51:00,https://on3static.com/uploads/assets/36/72/72036.jpeg,https://www.on3.com/db/damonic-williams-28760/,portal_industry_football_2024
Fadil Diggs,EDGE,Texas A&M Aggies,Syracuse Orange,Committed,0,3.0,89.0,153.0,15.0,2020,2023-12-19T16:38:00,https://on3static.com/uploads/assets/849/349/349849.jpg,https://www.on3.com/db/fadil-diggs-43657/,portal_industry_football_2024
JC Davis,OT,New Mexico Lobos,Illinois Fighting Illini,Committed,0,4.0,91.0,55.0,7.0,0,2023-12-20T12:54:00,https://on3static.com/uploads/assets/777/349/349777.jpg,https://www.on3.com/db/jc-davis-149908/,portal_industry_football_2024
Jack Velling,TE,Oregon State Beavers,Michigan State Spartans,Committed,0,4.0,92.0,37.0,1.0,2022,2023-12-18T17:41:00,https://on3static.com/uploads/assets/821/349/349821.jpg,https://www.on3.com/db/jack-velling-51402/,portal_industry_football_2024
Maalik Murphy,QB,Texas Longhorns,Duke Blue Devils,Committed,0,3.0,88.0,286.0,32.0,2022,2023-12-22T21:45:00,https://on3static.com/uploads/assets/960/71/71960.jpeg,https://www.on3.com/db/maalik-murphy-81109/,portal_industry_football_2024
Jameer Grimsley,,Alabama Crimson Tide,Florida Gators,Committed,127847,4.0,90.0,135.0,21.0,2024,2024-01-21T16:02:00,https://on3static.com/uploads/assets/926/287/287926.png,https://www.on3.com/db/jameer-grimsley-158007/,portal_industry_football_2024
Jonah Coleman,RB,Arizona Wildcats,Washington Huskies,Committed,216845,4.0,92.0,32.0,4.0,2022,2024-01-21T01:00:00,https://on3static.com/uploads/assets/607/410/410607.jpg,https://www.on3.com/db/jonah-coleman-64434/,portal_industry_football_2024
Dequan Finn,QB,Toledo Rockets,Baylor Bears,Committed,0,3.0,89.0,154.0,16.0,2019,2023-12-17T21:12:00,https://on3static.com/uploads/assets/156/265/265156.png,https://www.on3.com/db/dequan-finn-34584/,portal_industry_football_2024
Peyton Woodyard,,Alabama Crimson Tide,Oregon Ducks,Committed,137490,4.0,90.0,147.0,7.0,2024,2024-05-05T11:30:00,https://on3static.com/uploads/assets/987/334/334987.png,https://www.on3.com/db/peyton-woodyard-96352/,portal_industry_football_2024
Mishael Powell,S,Washington Huskies,Miami Hurricanes,Committed,241481,4.0,90.0,113.0,5.0,2019,2024-01-17T20:11:00,https://on3static.com/uploads/assets/846/349/349846.jpg,https://www.on3.com/db/mishael-powell-89827/,portal_industry_football_2024
Will Rogers,QB,Mississippi State Bulldogs,Washington Huskies,Committed,0,4.0,90.0,124.0,15.0,2020,2023-12-15T18:47:00,https://on3static.com/uploads/assets/929/349/349929.jpg,https://www.on3.com/db/will-rogers-121016/,portal_industry_football_2024
Cashius Howell,EDGE,Bowling Green Falcons,Texas A&M Aggies,Committed,0,4.0,90.0,109.0,10.0,2021,2024-01-08T19:23:00,https://on3static.com/uploads/assets/613/410/410613.jpg,https://www.on3.com/db/cashius-howell-146041/,portal_industry_football_2024
King Mack,S,Penn State Nittany Lions,Alabama Crimson Tide,Committed,0,4.0,90.0,148.0,8.0,2023,2024-05-10T17:54:00,https://on3static.com/uploads/assets/759/204/204759.png,https://www.on3.com/db/king-mack-75244/,portal_industry_football_2024
Elijhah Badger,WR,Arizona State Sun Devils,Florida Gators,Committed,0,4.0,90.0,74.0,10.0,2020,2024-05-17T16:04:00,https://on3static.com/uploads/assets/431/335/335431.png,https://www.on3.com/db/elijhah-badger-41450/,portal_industry_football_2024
Mikey Matthews,WR,Utah Utes,California Golden Bears,Committed,0,4.0,90.0,120.0,25.0,2023,2024-01-09T15:32:00,https://on3static.com/uploads/assets/660/265/265660.png,https://www.on3.com/db/mikey-matthews-89564/,portal_industry_football_2024
Terrance Brooks,CB,Texas Longhorns,Illinois Fighting Illini,Committed,0,3.0,89.0,207.0,27.0,2022,2024-05-12T15:04:00,https://on3static.com/uploads/assets/921/83/83921.png,https://www.on3.com/db/terrance-brooks-111305/,portal_industry_football_2024
KJ Jefferson,QB,Arkansas Razorbacks,UCF Knights,Committed,0,4.0,91.0,44.0,6.0,2019,2024-01-01T13:16:00,https://on3static.com/uploads/assets/933/349/349933.jpg,https://www.on3.com/db/kj-jefferson-142146/,portal_industry_football_2024
Josh Kelly,WR,Washington State Cougars,Texas Tech Red Raiders,Committed,0,4.0,90.0,136.0,28.0,2019,2023-12-15T16:56:00,https://on3static.com/uploads/assets/936/134/134936.jpg,https://www.on3.com/db/josh-kelly-67958/,portal_industry_football_2024
RJ Oben,EDGE,Duke Blue Devils,Notre Dame Fighting Irish,Committed,0,3.0,89.0,165.0,16.0,2019,2023-12-13T11:36:00,https://on3static.com/uploads/dev/assets/64/11/11064.jpg,https://www.on3.com/db/rj-oben-100684/,portal_industry_football_2024
Jake Johnson,TE,Texas A&M Aggies,North Carolina Tar Heels,Committed,0,3.0,88.0,270.0,10.0,2022,2023-12-18T09:53:00,https://on3static.com/uploads/assets/56/465/465056.png,https://www.on3.com/db/jake-johnson-143769/,portal_industry_football_2024
Rico Flores Jr.,WR,Notre Dame Fighting Irish,UCLA Bruins,Committed,0,3.0,89.0,236.0,41.0,2023,2023-12-15T16:54:00,https://on3static.com/uploads/assets/880/235/235880.jpeg,https://www.on3.com/db/rico-flores-jr-100397/,portal_industry_football_2024
Chris Brazzell II,WR,Tulane Green Wave,Tennessee Volunteers,Committed,0,4.0,90.0,82.0,14.0,2022,2023-12-21T17:40:00,https://on3static.com/uploads/assets/457/568/568457.png,https://www.on3.com/db/chris-brazzell-ii-21381/,portal_industry_football_2024
Jaden Rashada,QB,Arizona State Sun Devils,Georgia Bulldogs,Committed,0,3.0,88.0,247.0,23.0,2023,2024-04-25T10:27:00,https://on3static.com/uploads/assets/229/24/24229.jpg,https://www.on3.com/db/jaden-rashada-52678/,portal_industry_football_2024
John Pius,LB,William & Mary Tribe,Wisconsin Badgers,Committed,0,4.0,90.0,138.0,8.0,0,2023-12-11T17:05:00,https://on3static.com/uploads/assets/842/266/266842.png,https://www.on3.com/db/john-pius-239225/,portal_industry_football_2024
Zakhari Franklin,WR,Ole Miss Rebels,Illinois Fighting Illini,Committed,0,4.0,90.0,137.0,29.0,2019,2024-06-13T09:15:00,https://on3static.com/uploads/assets/621/28/28621.png,https://www.on3.com/db/zakhari-franklin-123521/,portal_industry_football_2024
Dorian Singer,WR,USC Trojans,Utah Utes,Committed,0,4.0,90.0,146.0,32.0,2021,2024-01-15T11:38:00,https://on3static.com/uploads/assets/967/218/218967.png,https://www.on3.com/db/dorian-singer-38588/,portal_industry_football_2024
Tackett Curtis,LB,USC Trojans,Wisconsin Badgers,Committed,0,3.0,88.0,276.0,20.0,2023,2024-01-09T12:55:00,https://on3static.com/uploads/assets/934/218/218934.png,https://www.on3.com/db/tackett-curtis-109668/,portal_industry_football_2024
Austin Mack,QB,Washington Huskies,Alabama Crimson Tide,Committed,678384,3.0,88.0,256.0,30.0,2023,2024-01-18T16:56:00,https://on3static.com/uploads/assets/245/280/280245.jpeg,https://www.on3.com/db/austin-mack-8524/,portal_industry_football_2024
Julian Fleming,WR,Ohio State Buckeyes,Penn State Nittany Lions,Committed,268247,3.0,89.0,208.0,39.0,2020,2024-01-03T14:19:00,https://on3static.com/uploads/assets/616/345/345616.png,https://www.on3.com/db/julian-fleming-68593/,portal_industry_football_2024
Jayden Wayne,EDGE,Miami Hurricanes,Washington Huskies,Committed,0,3.0,89.0,235.0,24.0,2023,2024-04-30T14:47:00,https://on3static.com/uploads/assets/568/222/222568.jpg,https://www.on3.com/db/jayden-wayne-58717/,portal_industry_football_2024
CJ Daniels,WR,Liberty Flames,LSU Tigers,Committed,212495,4.0,95.0,17.0,3.0,2020,2024-01-14T13:01:00,https://on3static.com/uploads/assets/747/349/349747.jpg,https://www.on3.com/db/cj-daniels-23587/,portal_industry_football_2024
Demond Williams Jr.,,Arizona Wildcats,Washington Huskies,Committed,1157409,3.0,88.0,101.0,37.0,2024,2024-01-21T14:13:00,https://on3static.com/uploads/assets/733/125/125733.jpg,https://www.on3.com/db/demond-williams-jr-34094/,portal_industry_football_2024
Tyler Johnson,IOL,Houston Cougars,Colorado Buffaloes,Committed,0,3.0,89.0,178.0,9.0,2019,2023-12-09T12:26:00,https://on3static.com/uploads/assets/372/89/89372.jpeg,https://www.on3.com/db/tyler-johnson-141982/,portal_industry_football_2024
Jermod McCoy,CB,Oregon State Beavers,Tennessee Volunteers,Committed,0,4.0,90.0,129.0,18.0,2023,2023-12-20T07:00:00,https://on3static.com/uploads/assets/984/473/473984.png,https://www.on3.com/db/jermod-mccoy-152695/,portal_industry_football_2024
Jaheim Thomas,LB,Arkansas Razorbacks,Wisconsin Badgers,Committed,0,4.0,90.0,81.0,5.0,2020,2024-01-04T12:34:00,https://on3static.com/uploads/dev/assets/426/10/10426.jpg,https://www.on3.com/db/jaheim-thomas-52939/,portal_industry_football_2024
Chris Tyree,WR,Notre Dame Fighting Irish,Virginia Cavaliers,Committed,0,4.0,90.0,101.0,18.0,2020,2023-12-05T17:09:00,https://on3static.com/uploads/assets/950/235/235950.jpeg,https://www.on3.com/db/chris-tyree-22596/,portal_industry_football_2024
Woody Marks,RB,Mississippi State Bulldogs,USC Trojans,Committed,0,3.0,89.0,193.0,11.0,2020,2023-12-20T22:10:00,https://on3static.com/uploads/assets/825/349/349825.jpg,https://www.on3.com/db/woody-marks-61929/,portal_industry_football_2024
Easton Kilty,IOL,North Dakota Fighting Hawks,Kansas State Wildcats,Committed,0,3.0,89.0,205.0,13.0,2020,2023-12-11T21:37:00,https://on3static.com/uploads/assets/386/262/262386.jpeg,https://www.on3.com/db/easton-kilty-239029/,portal_industry_football_2024
Jeremiah Hunter,WR,California Golden Bears,Washington Huskies,Committed,0,4.0,90.0,79.0,13.0,2020,2023-12-29T09:31:00,https://on3static.com/uploads/dev/assets/684/6/6684.jpg,https://www.on3.com/db/jeremiah-hunter-143958/,portal_industry_football_2024
Germie Bernard,WR,Washington Huskies,Alabama Crimson Tide,Committed,0,4.0,90.0,73.0,9.0,2022,2024-01-21T19:26:00,https://on3static.com/uploads/assets/239/223/223239.png,https://www.on3.com/db/germie-bernard-45965/,portal_industry_football_2024
Anton Juncaj,EDGE,Albany Great Danes,Arkansas Razorbacks,Committed,0,3.0,89.0,214.0,21.0,0,2024-01-05T17:18:00,https://on3static.com/uploads/assets/252/269/269252.png,https://www.on3.com/db/anton-juncaj-218881/,portal_industry_football_2024
D'Angelo Ponds,CB,James Madison Dukes,Indiana Hoosiers,Committed,0,4.0,94.0,22.0,2.0,2023,2024-05-04T15:04:00,https://on3static.com/uploads/assets/510/312/312510.png,https://www.on3.com/db/dangelo-ponds-156423/,portal_industry_football_2024
Roydell Williams,RB,Alabama Crimson Tide,Florida State Seminoles,Committed,0,3.0,88.0,296.0,25.0,2020,2024-01-13T12:54:00,https://on3static.com/uploads/assets/820/225/225820.jpeg,https://www.on3.com/db/roydell-williams-102648/,portal_industry_football_2024
Xavian Sorey,LB,Georgia Bulldogs,Arkansas Razorbacks,Committed,0,4.0,90.0,140.0,9.0,2021,2023-12-19T17:51:00,https://on3static.com/uploads/dev/assets/535/2/2535.jpg,https://www.on3.com/db/xavian-sorey-121904/,portal_industry_football_2024
Jordan Waters,RB,Duke Blue Devils,NC State Wolfpack,Committed,0,3.0,89.0,192.0,10.0,2019,2023-12-18T14:20:00,https://on3static.com/uploads/dev/assets/13/11/11013.jpg,https://www.on3.com/db/jordan-waters-66168/,portal_industry_football_2024
Dymere Miller,WR,Monmouth Hawks,Rutgers Scarlet Knights,Committed,0,4.0,90.0,143.0,30.0,2020,2023-12-17T12:41:00,https://on3static.com/uploads/assets/873/264/264873.png,https://www.on3.com/db/dymere-miller-40143/,portal_industry_football_2024
Malik Benson,WR,Alabama Crimson Tide,Florida State Seminoles,Committed,133637,3.0,89.0,209.0,40.0,2021,2024-01-08T13:12:00,https://on3static.com/uploads/assets/562/225/225562.jpeg,https://www.on3.com/db/malik-benson-81734/,portal_industry_football_2024
Jalen Brown,WR,LSU Tigers,Florida State Seminoles,Committed,0,3.0,88.0,117.0,54.0,2023,2024-01-06T19:00:00,https://on3static.com/uploads/assets/461/332/332461.png,https://www.on3.com/db/jalen-brown-54171/,portal_industry_football_2024
Zeed Haynes,WR,Georgia Bulldogs,Syracuse Orange,Committed,0,4.0,90.0,145.0,31.0,2023,2023-12-16T21:05:00,https://on3static.com/uploads/assets/634/442/442634.png,https://www.on3.com/db/zeed-haynes-122346/,portal_industry_football_2024
Dayon Hayes,EDGE,Pittsburgh Panthers,Colorado Buffaloes,Committed,0,4.0,90.0,89.0,7.0,2020,2024-04-21T13:56:00,https://on3static.com/uploads/dev/assets/970/9/9970.jpg,https://www.on3.com/db/dayon-hayes-32674/,portal_industry_football_2024
Cole Martin,ATH,Oregon Ducks,Arizona State Sun Devils,Committed,0,3.0,89.0,230.0,1.0,2023,2024-01-05T08:58:00,https://on3static.com/uploads/assets/873/393/393873.jpg,https://www.on3.com/db/cole-martin-24764/,portal_industry_football_2024
Bai Jobe,EDGE,Michigan State Spartans,Kansas Jayhawks,Committed,0,3.0,89.0,194.0,20.0,2023,2024-05-07T10:21:00,https://on3static.com/uploads/assets/157/235/235157.png,https://www.on3.com/db/bai-jobe-145767/,portal_industry_football_2024
Mark Redman,TE,San Diego State Aztecs,Louisville Cardinals,Committed,0,3.0,89.0,240.0,9.0,2020,2023-12-12T17:12:00,https://on3static.com/uploads/assets/938/349/349938.jpg,https://www.on3.com/db/mark-redman-83531/,portal_industry_football_2024
Quency Wiggins,EDGE,LSU Tigers,Colorado Buffaloes,Committed,0,3.0,88.0,123.0,27.0,2022,2023-12-17T10:37:00,https://on3static.com/uploads/assets/51/266/266051.png,https://www.on3.com/db/quency-wiggins-97212/,portal_industry_football_2024
Kyle Kennard,EDGE,Georgia Tech Yellow Jackets,South Carolina Gamecocks,Committed,0,4.0,90.0,139.0,14.0,2020,2023-12-15T09:47:00,https://on3static.com/uploads/assets/498/164/164498.png,https://www.on3.com/db/kyle-kennard-76683/,portal_industry_football_2024
Andrew Depaepe,DL,Michigan State Spartans,Indiana Hoosiers,Committed,0,3.0,89.0,185.0,20.0,2023,2024-05-24T16:45:00,https://on3static.com/uploads/assets/19/303/303019.png,https://www.on3.com/db/andrew-depaepe-4965/,portal_industry_football_2024
Darris Smith,LB,Georgia Bulldogs,Missouri Tigers,Committed,0,4.0,90.0,114.0,6.0,2022,2023-12-20T10:17:00,https://on3static.com/uploads/assets/949/349/349949.jpg,https://www.on3.com/db/darris-smith-30932/,portal_industry_football_2024
Marcus Harris,CB,Idaho Vandals,California Golden Bears,Committed,0,3.0,88.0,127.0,48.0,2019,2023-12-17T17:16:00,https://on3static.com/uploads/assets/289/415/415289.jpg,https://www.on3.com/db/marcus-harris-82729/,portal_industry_football_2024
Tyler Williams,WR,Georgia Bulldogs,Minnesota Golden Gophers,Committed,0,3.0,89.0,244.0,42.0,2023,2024-04-24T11:01:00,https://on3static.com/uploads/assets/679/443/443679.png,https://www.on3.com/db/tyler-williams-147298/,portal_industry_football_2024
T.J. Jackson,DL,Troy Trojans,West Virginia Mountaineers,Committed,0,4.0,90.0,93.0,6.0,2020,2024-01-05T08:34:00,https://on3static.com/uploads/assets/575/271/271575.png,https://www.on3.com/db/tj-jackson-145040/,portal_industry_football_2024
Will Lee,CB,Kansas State Wildcats,Texas A&M Aggies,Committed,0,3.0,89.0,156.0,22.0,2021,2023-12-10T12:02:00,https://on3static.com/uploads/assets/173/209/209173.jpeg,https://www.on3.com/db/will-lee-120892/,portal_industry_football_2024
Thor Griffith,DL,Harvard Crimson,Louisville Cardinals,Committed,0,3.0,89.0,174.0,19.0,2020,2023-12-10T08:56:00,https://on3static.com/uploads/assets/606/260/260606.png,https://www.on3.com/db/thor-griffith-239003/,portal_industry_football_2024
Drake Dabney,TE,Baylor Bears,TCU Horned Frogs,Committed,0,4.0,91.0,62.0,4.0,2020,2023-12-16T17:30:00,https://on3static.com/uploads/dev/assets/391/9/9391.jpg,https://www.on3.com/db/drake-dabney-38782/,portal_industry_football_2024
Fernando Carmona,OT,San Jose State Spartans,Arkansas Razorbacks,Committed,0,4.0,91.0,47.0,5.0,2021,2023-12-17T08:26:00,https://on3static.com/uploads/assets/960/303/303960.png,https://www.on3.com/db/fernando-carmona-43779/,portal_industry_football_2024
John Humphrey,CB,UCLA Bruins,USC Trojans,Committed,210518,4.0,91.0,63.0,8.0,2020,2023-12-21T11:34:00,https://on3static.com/uploads/assets/970/214/214970.jpeg,https://www.on3.com/db/john-humphrey-144411/,portal_industry_football_2024
Grayson McCall,QB,Coastal Carolina Chanticleers,NC State Wolfpack,Committed,0,3.0,88.0,266.0,31.0,2019,2023-12-13T10:32:00,https://on3static.com/uploads/dev/assets/814/2/2814.jpg,https://www.on3.com/db/grayson-mccall-46678/,portal_industry_football_2024
Bless Harris,OT,Florida State Seminoles,TCU Horned Frogs,Committed,0,4.0,91.0,66.0,9.0,2018,2023-12-16T08:48:00,https://on3static.com/uploads/assets/131/242/242131.jpeg,https://www.on3.com/db/bless-harris-11124/,portal_industry_football_2024
Max Brosmer,QB,New Hampshire Wildcats,Minnesota Golden Gophers,Committed,0,3.0,88.0,252.0,27.0,2019,2023-12-03T21:47:00,https://on3static.com/uploads/assets/684/260/260684.jpeg,https://www.on3.com/db/max-brosmer-86569/,portal_industry_football_2024
Silas Bolden,WR,Oregon State Beavers,Texas Longhorns,Committed,0,4.0,90.0,78.0,12.0,2020,2024-01-16T16:58:00,https://on3static.com/uploads/dev/assets/95/6/6095.jpg,https://www.on3.com/db/silas-bolden-107431/,portal_industry_football_2024
Korey Foreman,EDGE,USC Trojans,Fresno State Bulldogs,Committed,0,3.0,88.0,139.0,26.0,2021,2024-01-11T14:52:00,https://on3static.com/uploads/assets/890/92/92890.png,https://www.on3.com/db/korey-foreman-75863/,portal_industry_football_2024
Maliq Carr,TE,Michigan State Spartans,Houston Cougars,Committed,0,3.0,89.0,172.0,7.0,2020,2024-01-08T13:32:00,https://on3static.com/uploads/assets/77/235/235077.png,https://www.on3.com/db/maliq-carr-82078/,portal_industry_football_2024
Nyjalik Kelly,EDGE,Miami Hurricanes,UCF Knights,Committed,0,3.0,88.0,141.0,31.0,2022,2024-04-23T12:57:00,https://on3static.com/uploads/assets/682/564/564682.PNG,https://www.on3.com/db/nyjalik-kelly-94041/,portal_industry_football_2024
Shawn Murphy,LB,Alabama Crimson Tide,Florida State Seminoles,Committed,0,3.0,88.0,277.0,21.0,2022,2024-01-15T17:24:00,https://on3static.com/uploads/assets/700/225/225700.jpeg,https://www.on3.com/db/shawn-murphy-106928/,portal_industry_football_2024
Earl Little Jr.,CB,Alabama Crimson Tide,Florida State Seminoles,Committed,0,3.0,89.0,234.0,31.0,2022,2024-01-06T18:25:00,https://on3static.com/uploads/assets/684/225/225684.jpeg,https://www.on3.com/db/earl-little-jr-40293/,portal_industry_football_2024
Elijah Sarratt,WR,James Madison Dukes,Indiana Hoosiers,Committed,0,4.0,90.0,95.0,16.0,2022,2024-01-04T22:14:00,https://on3static.com/uploads/assets/407/178/178407.jpeg,https://www.on3.com/db/elijah-sarratt-175166/,portal_industry_football_2024
Jardin Gilbert,S,Texas A&M Aggies,LSU Tigers,Committed,0,3.0,87.0,145.0,63.0,2021,2023-12-15T12:31:00,https://on3static.com/uploads/assets/865/12/12865.jpeg,https://www.on3.com/db/jardin-gilbert-56525/,portal_industry_football_2024
Dante Dowdell,RB,Oregon Ducks,Nebraska Cornhuskers,Committed,0,3.0,88.0,264.0,19.0,2023,2024-01-06T20:15:00,https://on3static.com/uploads/assets/433/333/333433.png,https://www.on3.com/db/dante-dowdell-148684/,portal_industry_football_2024
Tre Smith,EDGE,San Jose State Spartans,Arizona Wildcats,Committed,0,4.0,90.0,103.0,9.0,2020,2024-02-07T12:25:00,https://on3static.com/uploads/assets/280/177/177280.png,https://www.on3.com/db/tre-smith-115048/,portal_industry_football_2024
Ja'Corey Brooks,WR,Alabama Crimson Tide,Louisville Cardinals,Committed,0,3.0,88.0,268.0,46.0,2021,2023-12-15T19:08:00,https://on3static.com/uploads/assets/585/225/225585.jpeg,https://www.on3.com/db/jacorey-brooks-52423/,portal_industry_football_2024
Chip Trayanum,RB,Ohio State Buckeyes,Kentucky Wildcats,Committed,0,3.0,88.0,295.0,24.0,2020,2023-12-12T10:43:00,https://on3static.com/uploads/assets/590/221/221590.jpeg,https://www.on3.com/db/chip-trayanum-32892/,portal_industry_football_2024
Elijah Herring,LB,Tennessee Volunteers,Memphis Tigers,Committed,0,3.0,87.0,150.0,41.0,2022,2024-05-10T18:02:00,https://on3static.com/uploads/assets/203/226/226203.jpeg,https://www.on3.com/db/elijah-herring-41217/,portal_industry_football_2024
Holden Staes,TE,Notre Dame Fighting Irish,Tennessee Volunteers,Committed,0,3.0,87.0,151.0,29.0,2022,2023-12-15T17:37:00,https://on3static.com/uploads/assets/943/235/235943.jpeg,https://www.on3.com/db/holden-staes-48181/,portal_industry_football_2024
Bryun Parham,LB,San Jose State Spartans,Washington Huskies,Committed,0,4.0,90.0,133.0,7.0,2021,2024-01-27T08:58:00,https://on3static.com/uploads/assets/444/469/469444.png,https://www.on3.com/db/bryun-parham-16153/,portal_industry_football_2024
Samuel Franklin,RB,UT Martin Skyhawks,Oklahoma Sooners,Committed,0,3.0,88.0,269.0,21.0,2021,2023-12-13T17:33:00,https://on3static.com/uploads/assets/849/265/265849.png,https://www.on3.com/db/samuel-franklin-104774/,portal_industry_football_2024
Ja’Mori Maclin,WR,North Texas Mean Green,Kentucky Wildcats,Committed,0,4.0,90.0,105.0,21.0,2020,2023-12-13T13:03:00,https://on3static.com/uploads/assets/282/216/216282.png,https://www.on3.com/db/jamori-maclin-161422/,portal_industry_football_2024
Kobe Savage,S,Kansas State Wildcats,Oregon Ducks,Committed,283010,3.0,88.0,289.0,21.0,2019,2023-12-20T09:25:00,https://on3static.com/uploads/assets/95/73/73095.jpeg,https://www.on3.com/db/kobe-savage-149794/,portal_industry_football_2024
London Humphreys,WR,Vanderbilt Commodores,Georgia Bulldogs,Committed,0,4.0,90.0,121.0,26.0,2023,2023-12-19T11:00:00,https://on3static.com/uploads/assets/621/264/264621.png,https://www.on3.com/db/london-humphreys-150466/,portal_industry_football_2024
Marcus Bryant,,SMU Mustangs,Missouri Tigers,Committed,0,4.0,90.0,99.0,11.0,2020,2024-04-24T20:26:00,https://on3static.com/uploads/assets/142/219/219142.jpg,https://www.on3.com/db/marcus-bryant-82527/,portal_industry_football_2024
Justin Mayers,IOL,UTEP Miners,Colorado Buffaloes,Committed,0,4.0,90.0,126.0,6.0,2019,2023-12-09T21:47:00,https://on3static.com/uploads/assets/924/349/349924.jpg,https://www.on3.com/db/justin-mayers-69555/,portal_industry_football_2024
Mario Williams,WR,USC Trojans,Tulane Green Wave,Committed,0,3.0,88.0,159.0,62.0,2021,2024-01-15T15:47:00,https://on3static.com/uploads/assets/652/94/94652.png,https://www.on3.com/db/mario-williams-83269/,portal_industry_football_2024
Ephesians Prysock,CB,Arizona Wildcats,Washington Huskies,Committed,0,3.0,88.0,274.0,37.0,2022,2024-01-27T07:31:00,https://on3static.com/uploads/assets/251/254/254251.png,https://www.on3.com/db/ephesians-prysock-41915/,portal_industry_football_2024
Logan Diggs,RB,LSU Tigers,Ole Miss Rebels,Committed,0,3.0,88.0,161.0,31.0,2021,2024-01-10T17:44:00,https://on3static.com/uploads/assets/363/16/16363.jpeg,https://www.on3.com/db/logan-diggs-79699/,portal_industry_football_2024
Scooby Williams,LB,Florida Gators,Texas A&M Aggies,Committed,0,3.0,88.0,162.0,32.0,2021,2024-01-06T08:59:00,https://on3static.com/uploads/assets/796/93/93796.jpg,https://www.on3.com/db/scooby-williams-60240/,portal_industry_football_2024
Davion Carter,IOL,Memphis Tigers,Texas Tech Red Raiders,Committed,0,4.0,93.0,31.0,3.0,2020,2023-12-14T12:03:00,https://on3static.com/uploads/assets/428/214/214428.jpeg,https://www.on3.com/db/davion-carter-32284/,portal_industry_football_2024
Bangally Kamara,LB,Pittsburgh Panthers,South Carolina Gamecocks,Committed,0,3.0,89.0,169.0,12.0,2020,2024-01-06T11:31:00,https://on3static.com/uploads/dev/assets/896/9/9896.jpg,https://www.on3.com/db/bangally-kamara-144029/,portal_industry_football_2024
Asa Turner,S,Washington Huskies,Florida Gators,Committed,208599,3.0,89.0,159.0,9.0,2019,2024-01-25T20:30:00,https://on3static.com/uploads/assets/937/287/287937.png,https://www.on3.com/db/asa-turner-7788/,portal_industry_football_2024
Grayson Howard,LB,South Carolina Gamecocks,Florida Gators,Committed,0,3.0,88.0,166.0,26.0,2023,2024-01-04T12:13:00,https://on3static.com/uploads/assets/927/287/287927.png,https://www.on3.com/db/grayson-howard-145789/,portal_industry_football_2024
Terrell Allen,DL,Tennessee State Tigers,Tulane Green Wave,Committed,0,3.0,89.0,217.0,24.0,2021,2024-05-12T12:04:00,https://on3static.com/uploads/assets/243/312/312243.jpeg,https://www.on3.com/db/terrell-allen-242373/,portal_industry_football_2024
Khurtiss Perry,DL,Alabama Crimson Tide,Virginia Tech Hokies,Committed,0,3.0,89.0,241.0,27.0,2022,2024-05-14T18:55:00,https://on3static.com/uploads/assets/772/225/225772.jpeg,https://www.on3.com/db/khurtiss-perry-75074/,portal_industry_football_2024
Lajohntay Wester,WR,Florida Atlantic Owls,Colorado Buffaloes,Committed,0,4.0,90.0,104.0,20.0,2020,2024-01-09T10:58:00,https://on3static.com/uploads/assets/82/268/268082.png,https://www.on3.com/db/lajohntay-wester-237218/,portal_industry_football_2024
Teddye Buchanan,LB,UC Davis Aggies,California Golden Bears,Committed,0,3.0,89.0,224.0,16.0,2020,2023-12-05T12:29:00,https://on3static.com/uploads/assets/996/262/262996.png,https://www.on3.com/db/teddye-buchanan-111100/,portal_industry_football_2024
Jay'Vion Cole,CB,San Jose State Spartans,Texas Longhorns,Committed,0,4.0,92.0,34.0,4.0,2022,2024-05-05T14:00:00,https://on3static.com/uploads/assets/212/132/132212.jpg,https://www.on3.com/db/jayvion-cole-59267/,portal_industry_football_2024
Dermaricus Davis,,Washington Huskies,UCLA Bruins,Committed,0,3.0,89.0,210.0,19.0,2024,2024-05-06T16:47:00,https://on3static.com/uploads/assets/412/233/233412.png,https://www.on3.com/db/dermaricus-davis-34932/,portal_industry_football_2024
Kekoura Tarnue,CB,Jacksonville State Gamecocks,West Virginia Mountaineers,Committed,0,3.0,89.0,238.0,32.0,2021,2024-05-11T08:06:00,https://on3static.com/uploads/assets/212/181/181212.png,https://www.on3.com/db/kekoura-tarnue-175666/,portal_industry_football_2024
Thomas Gore,DL,Miami Hurricanes,Georgia Tech Yellow Jackets,Committed,0,3.0,89.0,243.0,28.0,2019,2024-05-23T15:34:00,https://on3static.com/uploads/assets/458/222/222458.jpg,https://www.on3.com/db/thomas-gore-112330/,portal_industry_football_2024
Raleek Brown,WR,USC Trojans,Arizona State Sun Devils,Committed,534682,3.0,87.0,175.0,87.0,2022,2023-12-16T13:54:00,https://on3static.com/uploads/assets/221/472/472221.jpg,https://www.on3.com/db/raleek-brown-98081/,portal_industry_football_2024
Seth McLaughlin,IOL,Alabama Crimson Tide,Ohio State Buckeyes,Committed,0,3.0,88.0,176.0,21.0,2020,2024-01-06T10:12:00,https://on3static.com/uploads/assets/690/225/225690.jpeg,https://www.on3.com/db/seth-mclaughlin-106052/,portal_industry_football_2024
Nate Kalepo,OT,Washington Huskies,Ole Miss Rebels,Committed,290814,3.0,88.0,177.0,25.0,2019,2024-01-25T10:11:00,https://on3static.com/uploads/dev/assets/267/4/4267.jpg,https://www.on3.com/db/nate-kalepo-143027/,portal_industry_football_2024
Key Lawrence,S,Oklahoma Sooners,Ole Miss Rebels,Committed,0,3.0,88.0,178.0,23.0,2020,2023-12-14T14:09:00,https://on3static.com/uploads/assets/92/18/18092.jpeg,https://www.on3.com/db/key-lawrence-74628/,portal_industry_football_2024
Kobe Singleton,CB,Liberty Flames,Oregon State Beavers,Committed,0,3.0,89.0,223.0,30.0,2020,2024-01-08T20:28:00,https://on3static.com/uploads/assets/691/73/73691.jpg,https://www.on3.com/db/kobe-singleton-75577/,portal_industry_football_2024
Nate Clifton,DL,Vanderbilt Commodores,USC Trojans,Committed,205562,3.0,88.0,180.0,47.0,2019,2023-12-10T18:50:00,https://on3static.com/uploads/dev/assets/773/5/5773.jpg,https://www.on3.com/db/nate-clifton-91157/,portal_industry_football_2024
Makylan Pounders,OT,Memphis Tigers,Mississippi State Bulldogs,Committed,0,4.0,91.0,58.0,8.0,2021,2023-12-16T14:04:00,https://on3static.com/uploads/assets/451/214/214451.jpeg,https://www.on3.com/db/makylan-pounders-81398/,portal_industry_football_2024
Corey Dyches,TE,Maryland Terrapins,California Golden Bears,Committed,0,4.0,90.0,130.0,6.0,2020,2024-04-25T13:21:00,https://on3static.com/uploads/dev/assets/517/6/6517.jpg,https://www.on3.com/db/corey-dyches-26117/,portal_industry_football_2024
TJ Ferguson,IOL,Alabama Crimson Tide,Florida State Seminoles,Committed,0,3.0,88.0,183.0,34.0,2021,2024-01-11T15:51:00,https://on3static.com/uploads/assets/611/225/225611.jpeg,https://www.on3.com/db/tj-ferguson-111670/,portal_industry_football_2024
Solomon DeShields,LB,Pittsburgh Panthers,Texas A&M Aggies,Committed,0,3.0,89.0,171.0,14.0,2020,2024-04-22T10:53:00,https://on3static.com/uploads/dev/assets/943/9/9943.jpg,https://www.on3.com/db/solomon-deshields-107809/,portal_industry_football_2024
Luke Newman,OT,Holy Cross Crusaders,Michigan State Spartans,Committed,0,4.0,90.0,125.0,13.0,2020,2024-01-20T20:07:00,https://on3static.com/uploads/assets/904/261/261904.png,https://www.on3.com/db/luke-newman-80817/,portal_industry_football_2024
Kaleb Elarms-Orr,LB,California Golden Bears,TCU Horned Frogs,Committed,0,3.0,87.0,186.0,45.0,2021,2023-12-20T09:30:00,https://on3static.com/uploads/assets/336/168/168336.png,https://www.on3.com/db/kaleb-elarms-orr-70693/,portal_industry_football_2024
Chandler Rogers,QB,North Texas Mean Green,California Golden Bears,Committed,0,3.0,89.0,158.0,18.0,2019,2023-12-11T13:47:00,https://on3static.com/uploads/assets/962/400/400962.png,https://www.on3.com/db/chandler-rogers-19936/,portal_industry_football_2024
Rashad Amos,RB,Miami (OH) RedHawks,Ole Miss Rebels,Committed,0,3.0,89.0,204.0,16.0,2020,2024-05-18T14:04:00,https://on3static.com/uploads/dev/assets/651/4/4651.jpg,https://www.on3.com/db/rashad-amos-98495/,portal_industry_football_2024
Dallan Hayden,RB,Ohio State Buckeyes,Colorado Buffaloes,Committed,0,3.0,89.0,227.0,18.0,2022,2024-04-22T16:01:00,https://on3static.com/uploads/assets/526/221/221526.jpeg,https://www.on3.com/db/dallan-hayden-28145/,portal_industry_football_2024
Will Sheppard,WR,Vanderbilt Commodores,Colorado Buffaloes,Committed,0,4.0,91.0,65.0,8.0,2020,2023-12-14T17:02:00,https://on3static.com/uploads/dev/assets/764/5/5764.jpg,https://www.on3.com/db/will-sheppard-121041/,portal_industry_football_2024
Vinny Sciury,IOL,Toledo Rockets,Texas Tech Red Raiders,Committed,0,4.0,90.0,127.0,7.0,2020,2023-12-13T11:09:00,https://on3static.com/uploads/assets/878/266/266878.png,https://www.on3.com/db/vinny-sciury-119833/,portal_industry_football_2024
Isaiah Hamilton,CB,Houston Cougars,Ole Miss Rebels,Committed,0,4.0,90.0,90.0,13.0,2020,2024-05-03T13:12:00,https://on3static.com/uploads/assets/538/141/141538.jpeg,https://www.on3.com/db/isaiah-hamilton-175876/,portal_industry_football_2024
Jabre Barber,WR,Troy Trojans,Texas A&M Aggies,Committed,0,3.0,88.0,258.0,44.0,2020,2024-01-05T20:00:00,https://on3static.com/uploads/assets/964/270/270964.png,https://www.on3.com/db/jabre-barber-50826/,portal_industry_football_2024
Jake Golday,LB,Central Arkansas Bears,Cincinnati Bearcats,Committed,0,4.0,91.0,59.0,3.0,2021,2024-04-22T15:10:00,https://on3static.com/uploads/assets/816/315/315816.png,https://www.on3.com/db/jake-golday-242871/,portal_industry_football_2024
Ceyair Wright,CB,USC Trojans,Nebraska Cornhuskers,Committed,0,3.0,88.0,262.0,36.0,2021,2024-06-28T15:17:00,https://on3static.com/uploads/assets/638/336/336638.png,https://www.on3.com/db/ceyair-wright-19484/,portal_industry_football_2024
Jacory Croskey-Merritt,RB,New Mexico Lobos,Arizona Wildcats,Committed,0,3.0,89.0,200.0,13.0,2019,2024-05-24T11:41:00,https://on3static.com/uploads/assets/120/280/280120.png,https://www.on3.com/db/jacory-croskey-merritt-52447/,portal_industry_football_2024
C.J. Smith,WR,Georgia Bulldogs,Purdue Boilermakers,Committed,0,3.0,88.0,257.0,43.0,2022,2024-01-05T22:16:00,https://on3static.com/uploads/assets/889/343/343889.png,https://www.on3.com/db/cj-smith-19941/,portal_industry_football_2024
Ty Thompson,QB,Oregon Ducks,Tulane Green Wave,Committed,0,3.0,88.0,255.0,29.0,2021,2024-01-05T12:31:00,https://on3static.com/uploads/dev/assets/173/6/6173.jpg,https://www.on3.com/db/ty-thompson-117120/,portal_industry_football_2024
Keyshawn Blackstock,OT,Michigan State Spartans,Arkansas Razorbacks,Committed,0,3.0,89.0,203.0,17.0,2021,2023-11-20T12:13:00,https://on3static.com/uploads/assets/212/235/235212.png,https://www.on3.com/db/keyshawn-blackstock-159287/,portal_industry_football_2024
Omarrian Aigbedion,IOL,Montana State Bobcats,Baylor Bears,Committed,0,3.0,88.0,200.0,26.0,2021,2023-12-19T21:14:00,https://on3static.com/uploads/assets/470/265/265470.png,https://www.on3.com/db/omarrian-aigbedion-94488/,portal_industry_football_2024
Jordan Washington,RB,Arizona Wildcats,Washington Huskies,Committed,0,3.0,88.0,201.0,39.0,2024,2024-05-05T18:18:00,https://on3static.com/uploads/assets/785/307/307785.png,https://www.on3.com/db/jordan-washington-154925/,portal_industry_football_2024
Wesley Grimes,WR,Wake Forest Demon Deacons,NC State Wolfpack,Committed,0,3.0,89.0,179.0,36.0,2022,2023-12-08T17:22:00,https://on3static.com/uploads/assets/626/86/86626.jpeg,https://www.on3.com/db/wesley-grimes-120451/,portal_industry_football_2024
Jordan McCloud,QB,James Madison Dukes,Texas State Bobcats,Committed,0,3.0,88.0,249.0,25.0,2018,2024-02-27T08:46:00,https://on3static.com/uploads/assets/356/23/23356.jpeg,https://www.on3.com/db/jordan-mccloud-65725/,portal_industry_football_2024
Wayne Matthews,LB,Old Dominion Monarchs,Michigan State Spartans,Committed,0,4.0,90.0,80.0,4.0,2021,2024-01-10T16:23:00,https://on3static.com/uploads/assets/948/349/349948.jpg,https://www.on3.com/db/wayne-matthews-120266/,portal_industry_football_2024
Bryce Foster,IOL,Texas A&M Aggies,Kansas Jayhawks,Committed,0,3.0,88.0,293.0,19.0,2021,2024-06-15T09:14:00,https://on3static.com/uploads/assets/819/12/12819.jpeg,https://www.on3.com/db/bryce-foster-15775/,portal_industry_football_2024
Jalin Conyers,TE,Arizona State Sun Devils,Texas Tech Red Raiders,Committed,0,4.0,90.0,88.0,5.0,2020,2023-12-10T16:40:00,https://on3static.com/uploads/assets/514/18/18514.jpeg,https://www.on3.com/db/jalin-conyers-54655/,portal_industry_football_2024
Tobias Merriweather,WR,Notre Dame Fighting Irish,California Golden Bears,Committed,0,3.0,87.0,207.0,91.0,2022,2023-12-21T16:04:00,https://on3static.com/uploads/assets/913/235/235913.jpeg,https://www.on3.com/db/tobias-merriweather-113220/,portal_industry_football_2024
Don Chaney Jr.,RB,Miami Hurricanes,Louisville Cardinals,Committed,0,3.0,89.0,201.0,14.0,2020,2023-12-16T21:04:00,https://on3static.com/uploads/assets/477/222/222477.jpg,https://www.on3.com/db/don-chaney-jr-37816/,portal_industry_football_2024
Jordan Turner,LB,Wisconsin Badgers,Michigan State Spartans,Committed,0,3.0,89.0,167.0,10.0,2020,2023-12-18T19:03:00,https://on3static.com/uploads/dev/assets/522/10/10522.jpg,https://www.on3.com/db/jordan-turner-66129/,portal_industry_football_2024
Jahmal Banks,WR,Wake Forest Demon Deacons,Nebraska Cornhuskers,Committed,0,3.0,88.0,210.0,64.0,2020,2024-01-11T09:32:00,https://on3static.com/uploads/assets/555/343/343555.png,https://www.on3.com/db/jahmal-banks-52991/,portal_industry_football_2024
Jayden Maiava,QB,UNLV Rebels,USC Trojans,Committed,2159056,4.0,91.0,50.0,10.0,2022,2024-01-09T22:43:00,https://on3static.com/uploads/assets/1/177/177001.png,https://www.on3.com/db/jayden-maiava-58668/,portal_industry_football_2024
Jasiah Wagoner,CB,Oklahoma Sooners,California Golden Bears,Committed,0,3.0,88.0,212.0,52.0,2023,2024-04-27T14:10:00,https://on3static.com/uploads/assets/587/335/335587.png,https://www.on3.com/db/jasiah-wagoner-57372/,portal_industry_football_2024
Nolan Rucci,IOL,Wisconsin Badgers,Penn State Nittany Lions,Committed,0,3.0,88.0,213.0,23.0,2021,2024-01-06T13:15:00,https://on3static.com/uploads/assets/554/346/346554.png,https://www.on3.com/db/nolan-rucci-93903/,portal_industry_football_2024
Diego Pounds,OT,North Carolina Tar Heels,Ole Miss Rebels,Committed,912343,4.0,95.0,19.0,2.0,2021,2024-01-08T18:16:00,https://on3static.com/uploads/dev/assets/169/10/10169.jpg,https://www.on3.com/db/diego-pounds-36927/,portal_industry_football_2024
Collins Acheampong,EDGE,Miami Hurricanes,UCLA Bruins,Committed,0,3.0,88.0,215.0,28.0,2023,2024-01-03T20:43:00,https://on3static.com/uploads/assets/428/222/222428.jpg,https://www.on3.com/db/collins-acheampong-151071/,portal_industry_football_2024
Andre Greene Jr.,WR,North Carolina Tar Heels,Virginia Cavaliers,Committed,0,3.0,88.0,216.0,51.0,2022,2023-12-22T14:49:00,https://on3static.com/uploads/assets/778/87/87778.jpg,https://www.on3.com/db/andre-greene-jr-4564/,portal_industry_football_2024
Jaleel Skinner,TE,Miami Hurricanes,Louisville Cardinals,Committed,0,3.0,88.0,217.0,15.0,2022,2024-01-13T12:18:00,https://on3static.com/uploads/assets/552/222/222552.jpg,https://www.on3.com/db/jaleel-skinner-54111/,portal_industry_football_2024
Jerrin Thompson,S,Texas Longhorns,Auburn Tigers,Committed,318080,3.0,89.0,182.0,12.0,2020,2024-01-15T10:48:00,https://on3static.com/uploads/dev/assets/614/7/7614.jpg,https://www.on3.com/db/jerrin-thompson-61049/,portal_industry_football_2024
Akili Arnold,S,Oregon State Beavers,USC Trojans,Committed,210597,4.0,92.0,35.0,3.0,2019,2023-12-17T09:48:00,https://on3static.com/uploads/assets/432/17/17432.jpeg,https://www.on3.com/db/akili-arnold-2355/,portal_industry_football_2024
Cade Bennett,IOL,San Diego State Aztecs,TCU Horned Frogs,Committed,0,3.0,89.0,189.0,12.0,2020,2023-12-11T11:05:00,https://on3static.com/uploads/assets/496/178/178496.png,https://www.on3.com/db/cade-bennett-16558/,portal_industry_football_2024
Robert Lewis,WR,Georgia State Panthers,Auburn Tigers,Committed,319624,3.0,88.0,221.0,49.0,2020,2023-12-10T17:46:00,https://on3static.com/uploads/assets/672/173/173672.png,https://www.on3.com/db/robert-lewis-101146/,portal_industry_football_2024
Mario Anderson,RB,South Carolina Gamecocks,Memphis Tigers,Committed,0,3.0,88.0,222.0,30.0,2019,2023-12-17T18:17:00,https://on3static.com/uploads/assets/44/257/257044.jpg,https://www.on3.com/db/mario-anderson-175470/,portal_industry_football_2024
Taeshaun Lyons,WR,Washington Huskies,Utah Utes,Committed,0,3.0,88.0,223.0,56.0,2023,2024-01-11T21:52:00,https://on3static.com/uploads/assets/279/219/219279.png,https://www.on3.com/db/taeshaun-lyons-148029/,portal_industry_football_2024
Henry Parrish,RB,Miami Hurricanes,Ole Miss Rebels,Committed,0,3.0,89.0,199.0,12.0,2020,2024-04-22T13:20:00,https://on3static.com/uploads/assets/536/222/222536.jpg,https://www.on3.com/db/henry-parrish-48016/,portal_industry_football_2024
Anthony Woods,RB,Idaho Vandals,Utah Utes,Committed,0,3.0,88.0,225.0,35.0,2022,2023-12-19T19:34:00,https://on3static.com/uploads/assets/173/267/267173.png,https://www.on3.com/db/anthony-woods-222828/,portal_industry_football_2024
Addison Nichols,IOL,Tennessee Volunteers,Arkansas Razorbacks,Committed,584035,3.0,88.0,227.0,22.0,2022,2023-12-19T15:17:00,https://on3static.com/uploads/assets/234/226/226234.jpeg,https://www.on3.com/db/addison-nichols-1471/,portal_industry_football_2024
Jeremiah Beasley,LB,Michigan Wolverines,Missouri Tigers,Committed,0,3.0,88.0,228.0,31.0,2024,2024-05-01T17:00:00,https://on3static.com/uploads/assets/619/302/302619.png,https://www.on3.com/db/jeremiah-beasley-60037/,portal_industry_football_2024
Rayyan Buell,DL,Ohio Bobcats,Colorado Buffaloes,Committed,0,3.0,87.0,229.0,73.0,2019,2024-04-21T17:05:00,https://on3static.com/uploads/assets/156/17/17156.jpeg,https://www.on3.com/db/rayyan-buell-99105/,portal_industry_football_2024
Shawn Asbury II,S,Old Dominion Monarchs,Indiana Hoosiers,Committed,0,3.0,89.0,239.0,18.0,2021,2024-01-04T17:18:00,https://on3static.com/uploads/assets/203/16/16203.jpeg,https://www.on3.com/db/shawn-asbury-ii-106838/,portal_industry_football_2024
Nigel Glover,LB,Ohio State Buckeyes,Northwestern Wildcats,Committed,0,3.0,88.0,253.0,18.0,2023,2024-06-16T09:12:00,https://on3static.com/uploads/assets/515/221/221515.jpeg,https://www.on3.com/db/nigel-glover-150380/,portal_industry_football_2024
Jordan Guerad,DL,FIU Golden Panthers,Louisville Cardinals,Committed,0,4.0,90.0,144.0,13.0,2021,2023-12-16T19:07:00,https://on3static.com/uploads/assets/311/76/76311.jpeg,https://www.on3.com/db/jordan-guerad-65547/,portal_industry_football_2024
Ryan Yaites,S,LSU Tigers,California Golden Bears,Committed,0,3.0,88.0,233.0,36.0,2023,2024-04-29T15:48:00,https://on3static.com/uploads/assets/590/335/335590.png,https://www.on3.com/db/ryan-yaites-103927/,portal_industry_football_2024
Jaise Oliver,S,Tulsa Golden Hurricane,TCU Horned Frogs,Committed,0,3.0,89.0,163.0,10.0,2019,2023-12-19T19:22:00,https://on3static.com/uploads/assets/941/349/349941.jpg,https://www.on3.com/db/jaise-oliver-53210/,portal_industry_football_2024
Ethan Robinson,CB,Bucknell Bison,Minnesota Golden Gophers,Committed,0,3.0,88.0,235.0,49.0,2021,2023-12-10T14:18:00,https://on3static.com/uploads/assets/735/264/264735.png,https://www.on3.com/db/ethan-robinson-184770/,portal_industry_football_2024
Greedy Vance,CB,Florida State Seminoles,USC Trojans,Committed,0,3.0,89.0,221.0,28.0,2020,2024-04-21T21:00:00,https://on3static.com/uploads/assets/256/242/242256.jpeg,https://www.on3.com/db/greedy-vance-56182/,portal_industry_football_2024
Tre'quon Fegans,,USC Trojans,UCF Knights,Committed,0,3.0,88.0,237.0,55.0,2022,2024-04-26T13:20:00,https://on3static.com/uploads/assets/976/218/218976.png,https://www.on3.com/db/trequon-fegans-115442/,portal_industry_football_2024
Kelly Akharaiyi,WR,UTEP Miners,Mississippi State Bulldogs,Committed,0,4.0,90.0,77.0,11.0,2020,2023-12-19T17:01:00,https://on3static.com/uploads/assets/541/88/88541.jpg,https://www.on3.com/db/kelly-akharaiyi-150559/,portal_industry_football_2024
Trikweze Bridges,S,Oregon Ducks,Florida Gators,Committed,0,3.0,87.0,239.0,61.0,2019,2023-12-18T08:52:00,https://on3static.com/uploads/assets/188/443/443188.png,https://www.on3.com/db/trikweze-bridges-116355/,portal_industry_football_2024
Savion Byrd,IOL,Oklahoma Sooners,SMU Mustangs,Committed,0,3.0,86.0,240.0,93.0,2021,2023-12-19T17:05:00,https://on3static.com/uploads/assets/202/86/86202.jpeg,https://www.on3.com/db/savion-byrd-104941/,portal_industry_football_2024
Caleb Ransaw,CB,Troy Trojans,Tulane Green Wave,Committed,0,4.0,90.0,128.0,17.0,2021,2024-01-01T20:33:00,https://on3static.com/uploads/assets/261/415/415261.jpg,https://www.on3.com/db/caleb-ransaw-17151/,portal_industry_football_2024
Beaux Collins,WR,Clemson Tigers,Notre Dame Fighting Irish,Committed,0,3.0,88.0,263.0,45.0,2021,2023-12-10T16:42:00,https://on3static.com/uploads/dev/assets/843/10/10843.jpg,https://www.on3.com/db/beaux-collins-9553/,portal_industry_football_2024
Philip Blidi,EDGE,Indiana Hoosiers,Auburn Tigers,Committed,0,3.0,88.0,243.0,32.0,2020,2024-04-21T18:13:00,https://on3static.com/uploads/assets/436/18/18436.jpeg,https://www.on3.com/db/philip-blidi-96435/,portal_industry_football_2024
Keylan Rutledge,IOL,Middle Tennessee State Blue Raiders,Georgia Tech Yellow Jackets,Committed,0,3.0,89.0,187.0,11.0,2022,2023-12-13T12:54:00,https://on3static.com/uploads/assets/529/333/333529.png,https://www.on3.com/db/keylan-rutledge-74643/,portal_industry_football_2024
Preston Hodge,CB,Liberty Flames,Colorado Buffaloes,Committed,0,4.0,90.0,92.0,15.0,2021,2023-12-16T14:55:00,https://on3static.com/uploads/assets/616/267/267616.png,https://www.on3.com/db/preston-hodge-160121/,portal_industry_football_2024
Sebastian Valdez,DL,Montana State Bobcats,Washington Huskies,Committed,0,3.0,87.0,246.0,51.0,2021,2023-12-18T16:43:00,https://on3static.com/uploads/assets/119/269/269119.png,https://www.on3.com/db/sebastian-valdez-203333/,portal_industry_football_2024
Eli Holstein,QB,Alabama Crimson Tide,Pittsburgh Panthers,Committed,472662,3.0,88.0,247.0,34.0,2023,2024-01-07T12:27:00,https://on3static.com/uploads/assets/652/225/225652.jpeg,https://www.on3.com/db/eli-holstein-40953/,portal_industry_football_2024
Shazz Preston,WR,Alabama Crimson Tide,Tulane Green Wave,Committed,0,3.0,88.0,248.0,60.0,2022,2024-01-15T16:09:00,https://on3static.com/uploads/assets/789/225/225789.jpeg,https://www.on3.com/db/shazz-preston-107050/,portal_industry_football_2024
Jared Brown,WR,Coastal Carolina Chanticleers,South Carolina Gamecocks,Committed,0,3.0,89.0,177.0,35.0,2021,2023-12-11T14:37:00,https://on3static.com/uploads/assets/638/75/75638.jpg,https://www.on3.com/db/jared-brown-56566/,portal_industry_football_2024
Eric McAlister,WR,Boise State Broncos,TCU Horned Frogs,Committed,0,4.0,91.0,61.0,7.0,2021,2023-12-15T14:32:00,https://on3static.com/uploads/assets/286/89/89286.jpeg,https://www.on3.com/db/eric-mcalister-42234/,portal_industry_football_2024
Easton Mascarenas-Arnold,LB,Oregon State Beavers,USC Trojans,Committed,210759,3.0,89.0,168.0,11.0,2021,2023-12-16T22:58:00,https://on3static.com/uploads/assets/538/16/16538.jpeg,https://www.on3.com/db/easton-mascarenas-arnold-40357/,portal_industry_football_2024
Marcus Carroll,RB,Georgia State Panthers,Missouri Tigers,Committed,0,4.0,91.0,54.0,6.0,2020,2023-12-11T09:22:00,https://on3static.com/uploads/assets/615/265/265615.png,https://www.on3.com/db/marcus-carroll-82550/,portal_industry_football_2024
Tawee Walker,RB,Oklahoma Sooners,Wisconsin Badgers,Committed,0,3.0,88.0,273.0,23.0,2019,2023-12-29T18:09:00,https://on3static.com/uploads/assets/679/264/264679.jpeg,https://www.on3.com/db/tawee-walker-110645/,portal_industry_football_2024
Jaydon Hill,CB,Florida Gators,Texas A&M Aggies,Committed,0,3.0,87.0,254.0,93.0,2019,2024-01-06T14:13:00,https://on3static.com/uploads/assets/16/170/170016.png,https://www.on3.com/db/jaydon-hill-58743/,portal_industry_football_2024
AJ Swann,QB,Vanderbilt Commodores,LSU Tigers,Committed,0,3.0,88.0,255.0,44.0,2022,2023-12-18T17:04:00,https://on3static.com/uploads/dev/assets/220/11/11220.jpg,https://www.on3.com/db/aj-swann-2236/,portal_industry_football_2024
Kedrick Reescano,RB,Ole Miss Rebels,Arizona Wildcats,Committed,0,3.0,88.0,298.0,27.0,2023,2024-05-22T10:32:00,https://on3static.com/uploads/assets/395/120/120395.jpg,https://www.on3.com/db/kedrick-reescano-71754/,portal_industry_football_2024
Jay Harris,RB,Northwest Missouri State Bearcats,Oregon Ducks,Committed,0,3.0,88.0,257.0,37.0,2022,2023-12-18T17:17:00,https://on3static.com/uploads/assets/534/270/270534.png,https://www.on3.com/db/jay-harris-239526/,portal_industry_football_2024
Devean Deal,DL,Tulane Green Wave,TCU Horned Frogs,Committed,0,3.0,88.0,258.0,38.0,2021,2023-12-18T14:39:00,https://on3static.com/uploads/assets/179/74/74179.jpeg,https://www.on3.com/db/devean-deal-35844/,portal_industry_football_2024
J'mond Tapp,EDGE,Texas Longhorns,Arizona State Sun Devils,Committed,0,3.0,88.0,259.0,33.0,2022,2024-04-28T14:10:00,https://on3static.com/uploads/assets/902/83/83902.png,https://www.on3.com/db/jmond-tapp-50253/,portal_industry_football_2024
David Ojiegbe,EDGE,Clemson Tigers,Pittsburgh Panthers,Committed,0,3.0,87.0,260.0,46.0,2023,2023-12-19T14:31:00,https://on3static.com/uploads/assets/512/308/308512.png,https://www.on3.com/db/david-ojiegbe-31943/,portal_industry_football_2024
Josh Cuevas,TE,Washington Huskies,Alabama Crimson Tide,Committed,0,3.0,87.0,261.0,28.0,2021,2024-02-19T22:58:00,https://on3static.com/uploads/assets/488/132/132488.png,https://www.on3.com/db/josh-cuevas-175101/,portal_industry_football_2024
Michael Trigg,TE,Ole Miss Rebels,Baylor Bears,Committed,0,3.0,87.0,262.0,37.0,2021,2024-01-12T14:50:00,https://on3static.com/uploads/assets/920/12/12920.jpeg,https://www.on3.com/db/michael-trigg-88468/,portal_industry_football_2024
Zion Young,EDGE,Michigan State Spartans,Missouri Tigers,Committed,0,3.0,87.0,263.0,40.0,2022,2024-01-15T17:08:00,https://on3static.com/uploads/assets/106/235/235106.png,https://www.on3.com/db/zion-young-123883/,portal_industry_football_2024
Kamari Wilson,S,Florida Gators,Arizona State Sun Devils,Committed,0,3.0,87.0,264.0,66.0,2022,2023-12-16T15:39:00,https://on3static.com/uploads/assets/66/183/183066.png,https://www.on3.com/db/kamari-wilson-70954/,portal_industry_football_2024
Cameron Calhoun,CB,Michigan Wolverines,Utah Utes,Committed,209076,3.0,87.0,265.0,90.0,2023,2024-01-07T12:49:00,https://on3static.com/uploads/assets/404/271/271404.png,https://www.on3.com/db/cameron-calhoun-151067/,portal_industry_football_2024
Joey Tanona,IOL,Notre Dame Fighting Irish,Purdue Boilermakers,Committed,0,3.0,87.0,266.0,53.0,2022,2023-12-08T16:39:00,https://on3static.com/uploads/assets/198/343/343198.png,https://www.on3.com/db/joey-tanona-62885/,portal_industry_football_2024
Percy Lewis,OT,Mississippi State Bulldogs,Auburn Tigers,Committed,0,4.0,90.0,84.0,10.0,2020,2024-01-11T20:30:00,https://on3static.com/uploads/assets/0/73/73000.jpeg,https://www.on3.com/db/percy-lewis-96025/,portal_industry_football_2024
Vandrevius Jacobs,WR,Florida State Seminoles,South Carolina Gamecocks,Committed,0,3.0,89.0,175.0,33.0,2023,2024-04-30T15:35:00,https://on3static.com/uploads/assets/186/242/242186.jpeg,https://www.on3.com/db/vandrevius-jacobs-145495/,portal_industry_football_2024
Bryon Threats,S,Cincinnati Bearcats,UCF Knights,Committed,0,3.0,88.0,269.0,29.0,2021,2023-12-13T11:44:00,https://on3static.com/uploads/assets/838/393/393838.png,https://www.on3.com/db/bryon-threats-16033/,portal_industry_football_2024
Zavion Thomas,WR,Mississippi State Bulldogs,LSU Tigers,Committed,0,3.0,89.0,180.0,37.0,2022,2023-12-15T14:41:00,https://on3static.com/uploads/assets/841/222/222841.png,https://www.on3.com/db/zavion-thomas-146058/,portal_industry_football_2024
Ben Yurosek,TE,Stanford Cardinal,Georgia Bulldogs,Committed,0,3.0,89.0,196.0,8.0,2020,2024-02-09T10:14:00,https://on3static.com/uploads/dev/assets/7/6/6007.jpg,https://www.on3.com/db/ben-yurosek-10095/,portal_industry_football_2024
Micah Sahakian,OT,Cornell Big Red,Duke Blue Devils,Committed,0,3.0,89.0,151.0,14.0,2020,2024-01-29T10:31:00,https://on3static.com/uploads/assets/342/247/247342.png,https://www.on3.com/db/micah-sahakian-87221/,portal_industry_football_2024
Keaten Wade,EDGE,Kentucky Wildcats,Colorado Buffaloes,Committed,0,3.0,88.0,259.0,25.0,2022,2023-12-15T11:13:00,https://on3static.com/uploads/assets/673/16/16673.jpeg,https://www.on3.com/db/keaten-wade-71668/,portal_industry_football_2024
Blake Shapen,QB,Baylor Bears,Mississippi State Bulldogs,Committed,0,3.0,89.0,211.0,20.0,2020,2023-12-08T17:54:00,https://on3static.com/uploads/assets/528/207/207528.jpeg,https://www.on3.com/db/blake-shapen-11013/,portal_industry_football_2024
Max Johnson,QB,Texas A&M Aggies,North Carolina Tar Heels,Committed,0,3.0,88.0,248.0,24.0,2020,2023-11-29T14:03:00,https://on3static.com/uploads/assets/51/465/465051.png,https://www.on3.com/db/max-johnson-142049/,portal_industry_football_2024
Corey Platt Jr.,LB,Tulane Green Wave,Houston Cougars,Committed,0,3.0,86.0,276.0,89.0,2021,2023-12-10T14:21:00,https://on3static.com/uploads/assets/620/214/214620.jpeg,https://www.on3.com/db/corey-platt-jr-26276/,portal_industry_football_2024
Sam McCall,S,Texas A&M Aggies,Georgia State Panthers,Committed,0,3.0,86.0,277.0,88.0,2022,2024-06-01T10:07:00,https://on3static.com/uploads/assets/144/86/86144.jpg,https://www.on3.com/db/sam-mccall-104391/,portal_industry_football_2024
Antione Jackson,CB,East Carolina Pirates,UCF Knights,Committed,0,3.0,88.0,278.0,56.0,2023,2024-01-07T17:04:00,https://on3static.com/uploads/assets/452/25/25452.png,https://www.on3.com/db/antione-jackson-147667/,portal_industry_football_2024
Xe'ree Alexander,LB,Idaho Vandals,UCF Knights,Committed,0,3.0,88.0,283.0,24.0,2023,2024-01-10T13:10:00,https://on3static.com/uploads/assets/451/394/394451.png,https://www.on3.com/db/xeree-alexander-122246/,portal_industry_football_2024
Adin Huntington,DL,Louisiana-Monroe Warhawks,Tulane Green Wave,Committed,0,4.0,90.0,141.0,12.0,2020,2024-05-22T11:21:00,https://on3static.com/uploads/assets/955/349/349955.jpg,https://www.on3.com/db/adin-huntington-144836/,portal_industry_football_2024
Drew Azzopardi,OT,San Diego State Aztecs,Washington Huskies,Committed,536881,3.0,88.0,288.0,22.0,2022,2023-12-18T14:02:00,https://on3static.com/uploads/assets/503/178/178503.png,https://www.on3.com/db/drew-azzopardi-38924/,portal_industry_football_2024
Rod Heard,CB,Northwestern Wildcats,Notre Dame Fighting Irish,Committed,0,4.0,90.0,112.0,16.0,2019,2024-01-10T14:09:00,https://on3static.com/uploads/dev/assets/582/8/8582.jpg,https://www.on3.com/db/rod-heard-101597/,portal_industry_football_2024
Kisean Johnson,WR,Alabama State Hornets,Western Kentucky Hilltoppers,Committed,0,3.0,87.0,283.0,89.0,2021,2024-01-06T13:30:00,https://on3static.com/uploads/assets/185/265/265185.png,https://www.on3.com/db/kisean-johnson-239106/,portal_industry_football_2024
Kendy Charles,DL,Liberty Flames,Duke Blue Devils,Committed,0,3.0,89.0,197.0,22.0,2020,2024-01-17T20:43:00,https://on3static.com/uploads/assets/783/73/73783.jpg,https://www.on3.com/db/kendy-charles-72980/,portal_industry_football_2024
Xamarion Gordon,S,USC Trojans,Coastal Carolina Chanticleers,Committed,0,3.0,86.0,285.0,93.0,2021,2024-05-02T11:16:00,https://on3static.com/uploads/assets/132/93/93132.png,https://www.on3.com/db/xamarion-gordon-121887/,portal_industry_football_2024
Anthony Dunn Jr.,DL,Florida A&M Rattlers,Toledo Rockets,Committed,0,3.0,89.0,195.0,21.0,2022,2024-05-18T15:57:00,https://on3static.com/uploads/assets/93/26/26093.png,https://www.on3.com/db/anthony-dunn-jr-147380/,portal_industry_football_2024
Deshawn Pace,S,Cincinnati Bearcats,UCF Knights,Committed,0,3.0,88.0,287.0,25.0,2020,2024-01-03T15:01:00,https://on3static.com/uploads/dev/assets/418/10/10418.jpg,https://www.on3.com/db/deshawn-pace-35415/,portal_industry_football_2024
Sione Lolohea,EDGE,Oregon State Beavers,Florida State Seminoles,Committed,226488,3.0,89.0,215.0,22.0,2020,2024-01-10T16:00:00,https://on3static.com/uploads/assets/532/16/16532.jpeg,https://www.on3.com/db/sione-lolohea-107584/,portal_industry_football_2024
Jaden Richardson,WR,Tufts University Jumbos,USC Trojans,Committed,0,3.0,87.0,289.0,93.0,2020,2024-01-02T15:24:00,https://on3static.com/uploads/assets/334/262/262334.jpg,https://www.on3.com/db/jaden-richardson-239028/,portal_industry_football_2024
Bill Norton,DL,Arizona Wildcats,Texas Longhorns,Committed,0,3.0,88.0,290.0,44.0,2019,2024-04-22T13:31:00,https://on3static.com/uploads/dev/assets/560/2/2560.jpg,https://www.on3.com/db/bill-norton-10404/,portal_industry_football_2024
Kyion Grayes,WR,Ohio State Buckeyes,California Golden Bears,Committed,0,3.0,88.0,291.0,55.0,2022,2024-05-05T11:30:00,https://on3static.com/uploads/assets/516/221/221516.jpeg,https://www.on3.com/db/kyion-grayes-76337/,portal_industry_football_2024
Keyron Crawford,EDGE,Arkansas State Red Wolves,Auburn Tigers,Committed,0,3.0,89.0,190.0,19.0,2022,2024-04-22T18:20:00,https://on3static.com/uploads/assets/475/309/309475.png,https://www.on3.com/db/keyron-crawford-149817/,portal_industry_football_2024
Tamarion McDonald,S,Tennessee Volunteers,Louisville Cardinals,Committed,0,3.0,89.0,229.0,16.0,2020,2024-01-08T18:49:00,https://on3static.com/uploads/assets/227/226/226227.jpeg,https://www.on3.com/db/tamarion-mcdonald-109973/,portal_industry_football_2024
Jalen Farmer,IOL,Florida Gators,Kentucky Wildcats,Committed,0,3.0,88.0,294.0,36.0,2022,2023-12-20T10:47:00,https://on3static.com/uploads/assets/804/93/93804.jpg,https://www.on3.com/db/jalen-farmer-54262/,portal_industry_football_2024
Kevin Coleman Jr.,WR,Louisville Cardinals,Mississippi State Bulldogs,Committed,247496,3.0,88.0,295.0,52.0,2022,2024-01-04T19:30:00,https://on3static.com/uploads/assets/320/396/396320.jpg,https://www.on3.com/db/kevin-coleman-jr-73980/,portal_industry_football_2024
Audric Harris,WR,Arizona Wildcats,Washington Huskies,Committed,0,3.0,86.0,296.0,125.0,2024,2024-02-04T11:49:00,https://on3static.com/uploads/assets/49/94/94049.jpg,https://www.on3.com/db/audric-harris-157832/,portal_industry_football_2024
Geirean Hatchett,IOL,Washington Huskies,Oklahoma Sooners,Committed,0,3.0,87.0,297.0,68.0,2020,2024-01-29T13:10:00,https://on3static.com/uploads/dev/assets/257/4/4257.jpg,https://www.on3.com/db/geirean-hatchett-45509/,portal_industry_football_2024
Paul Fitzgerald,EDGE,Utah State Aggies,Utah Utes,Committed,0,3.0,86.0,298.0,68.0,2022,2024-04-17T11:08:00,https://on3static.com/uploads/assets/468/221/221468.jpg,https://www.on3.com/db/paul-fitzgerald-147312/,portal_industry_football_2024
Tyler Neville,TE,Harvard Crimson,Virginia Cavaliers,Committed,0,3.0,87.0,299.0,36.0,2020,2023-12-11T21:25:00,https://on3static.com/uploads/assets/935/258/258935.png,https://www.on3.com/db/tyler-neville-117898/,portal_industry_football_2024
NaNa Osafo-Mensah,EDGE,Notre Dame Fighting Irish,TCU Horned Frogs,Committed,0,3.0,87.0,300.0,54.0,2019,2023-12-08T13:02:00,https://on3static.com/uploads/assets/924/235/235924.jpeg,https://www.on3.com/db/nana-osafo-mensah-90994/,portal_industry_football_2024
Gerquan Scott,IOL,Southern Miss Golden Eagles,Ole Miss Rebels,Committed,0,3.0,87.0,301.0,49.0,2019,2023-12-12T14:05:00,https://on3static.com/uploads/assets/20/76/76020.jpeg,https://www.on3.com/db/gerquan-scott-45985/,portal_industry_football_2024
Abdur-Rahmaan Yaseen,WR,Purdue Boilermakers,USF Bulls,Committed,0,3.0,87.0,302.0,95.0,2020,2023-12-18T11:19:00,https://on3static.com/uploads/assets/177/168/168177.png,https://www.on3.com/db/abdur-rahmaan-yaseen-941/,portal_industry_football_2024
Alec Marenco,LB,New Mexico Lobos,Kansas State Wildcats,Committed,0,3.0,88.0,303.0,36.0,2021,2024-04-30T18:11:00,https://on3static.com/uploads/assets/913/178/178913.png,https://www.on3.com/db/alec-marenco-2665/,portal_industry_football_2024
Johnny Bowens,DL,Oregon Ducks,UTSA Roadrunners,Committed,0,3.0,88.0,304.0,31.0,2023,2024-07-12T14:13:00,https://on3static.com/uploads/assets/35/219/219035.png,https://www.on3.com/db/johnny-bowens-63970/,portal_industry_football_2024
Jalen Catalon,S,Texas Longhorns,UNLV Rebels,Committed,0,3.0,87.0,305.0,46.0,2019,2024-01-06T19:33:00,https://on3static.com/uploads/assets/5/202/202005.png,https://www.on3.com/db/jalen-catalon-54195/,portal_industry_football_2024
Aliou Bah,IOL,Georgia Bulldogs,Maryland Terrapins,Committed,0,3.0,87.0,306.0,66.0,2022,2023-12-21T16:13:00,https://on3static.com/uploads/assets/46/153/153046.jpg,https://www.on3.com/db/aliou-bah-3751/,portal_industry_football_2024
Jeffery Clark,DL,Louisville Cardinals,Arizona State Sun Devils,Committed,0,3.0,88.0,307.0,42.0,2019,2024-01-07T15:36:00,https://on3static.com/uploads/assets/712/173/173712.png,https://www.on3.com/db/jeffery-clark-59738/,portal_industry_football_2024
Jordan Clark,CB,Arizona State Sun Devils,Notre Dame Fighting Irish,Committed,0,3.0,89.0,157.0,23.0,2019,2023-12-04T18:31:00,https://on3static.com/uploads/dev/assets/857/6/6857.jpg,https://www.on3.com/db/jordan-clark-65324/,portal_industry_football_2024
Jyaire Brown,CB,Ohio State Buckeyes,LSU Tigers,Committed,0,3.0,87.0,309.0,97.0,2022,2024-01-04T20:42:00,https://on3static.com/uploads/assets/663/564/564663.PNG,https://www.on3.com/db/jyaire-brown-70159/,portal_industry_football_2024
Devon Manuel,OT,Arkansas Razorbacks,Florida Gators,Committed,0,3.0,87.0,310.0,30.0,2021,2024-01-05T14:58:00,https://on3static.com/uploads/assets/930/287/287930.png,https://www.on3.com/db/devon-manuel-36413/,portal_industry_football_2024
Reggie Love III,RB,Illinois Fighting Illini,Purdue Boilermakers,Committed,0,3.0,87.0,311.0,45.0,2020,2023-12-17T11:58:00,https://on3static.com/uploads/assets/199/343/343199.png,https://www.on3.com/db/reggie-love-iii-99362/,portal_industry_football_2024
Febechi Nwaiwu,IOL,North Texas Mean Green,Oklahoma Sooners,Committed,0,3.0,88.0,312.0,30.0,2021,2023-12-04T16:39:00,https://on3static.com/uploads/assets/226/75/75226.jpeg,https://www.on3.com/db/febechi-nwaiwu-43725/,portal_industry_football_2024
Devin Grant,S,Buffalo Bulls,Syracuse Orange,Committed,0,3.0,89.0,183.0,13.0,2022,2023-12-18T14:14:00,https://on3static.com/uploads/assets/236/179/179236.png,https://www.on3.com/db/devin-grant-146250/,portal_industry_football_2024
Kenan Johnson,CB,Georgia Tech Yellow Jackets,Utah Utes,Committed,0,3.0,89.0,206.0,26.0,2019,2023-12-15T18:17:00,https://on3static.com/uploads/assets/807/17/17807.jpeg,https://www.on3.com/db/kenan-johnson-143658/,portal_industry_football_2024
Daeh McCullough,S,Oklahoma Sooners,Louisville Cardinals,Committed,0,3.0,87.0,315.0,72.0,2023,2024-01-06T13:08:00,https://on3static.com/uploads/dev/assets/276/11/11276.jpg,https://www.on3.com/db/daeh-mccullough-27827/,portal_industry_football_2024
Justus Ross-Simmons,WR,Colorado State Rams,Syracuse Orange,Committed,0,3.0,88.0,316.0,67.0,2022,2024-04-24T22:25:00,https://on3static.com/uploads/assets/10/307/307010.png,https://www.on3.com/db/justus-ross-simmons-147409/,portal_industry_football_2024
Treshaun Ward,RB,Kansas State Wildcats,Boston College Eagles,Committed,0,3.0,88.0,317.0,33.0,2019,2023-12-13T20:17:00,https://on3static.com/uploads/dev/assets/6/11/11006.jpg,https://www.on3.com/db/treshaun-ward-115452/,portal_industry_football_2024
George Pettaway,RB,North Carolina Tar Heels,James Madison Dukes,Committed,0,3.0,88.0,318.0,40.0,2022,2024-01-08T14:35:00,https://on3static.com/uploads/assets/787/87/87787.jpg,https://www.on3.com/db/george-pettaway-45749/,portal_industry_football_2024
DJ Waller Jr.,S,Michigan Wolverines,Kentucky Wildcats,Committed,0,3.0,88.0,319.0,32.0,2023,2024-04-27T16:38:00,https://on3static.com/uploads/assets/608/302/302608.png,https://www.on3.com/db/dj-waller-jr-156546/,portal_industry_football_2024
Amir Herring,IOL,Michigan Wolverines,Kansas Jayhawks,Committed,0,3.0,88.0,320.0,35.0,2023,2024-05-02T08:24:00,https://on3static.com/uploads/assets/641/302/302641.png,https://www.on3.com/db/amir-herring-4309/,portal_industry_football_2024
Ja'Had Carter,S,Ohio State Buckeyes,NC State Wolfpack,Committed,0,3.0,88.0,321.0,37.0,2019,2024-05-13T14:48:00,https://on3static.com/uploads/assets/501/221/221501.jpeg,https://www.on3.com/db/jahad-carter-50615/,portal_industry_football_2024
Jaden Mangham,S,Michigan State Spartans,Michigan Wolverines,Committed,0,3.0,88.0,322.0,33.0,2022,2024-05-17T17:03:00,https://on3static.com/uploads/assets/65/235/235065.png,https://www.on3.com/db/jaden-mangham-52640/,portal_industry_football_2024
Cyrus Allen,WR,Louisiana Tech Bulldogs,Texas A&M Aggies,Committed,0,3.0,88.0,323.0,50.0,2022,2023-12-17T13:24:00,https://on3static.com/uploads/assets/946/266/266946.png,https://www.on3.com/db/cyrus-allen-27260/,portal_industry_football_2024
Jaylin Lucas,RB,Indiana Hoosiers,Florida State Seminoles,Committed,0,3.0,86.0,324.0,78.0,2022,2024-01-07T14:15:00,https://on3static.com/uploads/assets/441/265/265441.png,https://www.on3.com/db/jaylin-lucas-59029/,portal_industry_football_2024
Jack Kelly,LB,Weber State Wildcats,BYU Cougars,Committed,0,3.0,88.0,325.0,34.0,2021,2023-12-20T12:06:00,https://on3static.com/uploads/assets/850/264/264850.png,https://www.on3.com/db/jack-kelly-51151/,portal_industry_football_2024
Xzavier McLeod,DL,South Carolina Gamecocks,Georgia Bulldogs,Committed,0,3.0,88.0,326.0,41.0,2023,2023-12-22T12:08:00,https://on3static.com/uploads/assets/896/45/45896.jpg,https://www.on3.com/db/xzavier-mcleod-122267/,portal_industry_football_2024
Kendre' Gant,LB,Louisiana Ragin Cajuns,Houston Cougars,Committed,0,3.0,89.0,231.0,17.0,2019,2023-12-20T12:15:00,https://on3static.com/uploads/assets/319/265/265319.png,https://www.on3.com/db/kendre-gant-72863/,portal_industry_football_2024
Kurt Danneker,IOL,Ohio Bobcats,Baylor Bears,Committed,0,3.0,88.0,328.0,25.0,2018,2024-01-05T19:12:00,https://on3static.com/uploads/assets/975/273/273975.jpeg,https://www.on3.com/db/kurt-danneker-76181/,portal_industry_football_2024
Damien Alford,WR,Syracuse Orange,Utah Utes,Committed,0,3.0,88.0,329.0,58.0,2020,2024-04-17T07:45:00,https://on3static.com/uploads/dev/assets/829/9/9829.jpg,https://www.on3.com/db/damien-alford-28544/,portal_industry_football_2024
Micah Bell,CB,Notre Dame Fighting Irish,Vanderbilt Commodores,Committed,0,3.0,88.0,330.0,62.0,2023,2024-05-12T13:32:00,https://on3static.com/uploads/assets/847/235/235847.jpeg,https://www.on3.com/db/micah-bell-87130/,portal_industry_football_2024
Phillip Dunnam,S,Indiana Hoosiers,Florida Atlantic Owls,Committed,0,3.0,89.0,225.0,14.0,2022,2024-01-07T18:09:00,https://on3static.com/uploads/assets/657/564/564657.PNG,https://www.on3.com/db/phillip-dunnam-96517/,portal_industry_football_2024
Corey Flagg Jr.,LB,Miami Hurricanes,Missouri Tigers,Committed,0,3.0,87.0,332.0,48.0,2020,2023-12-21T21:34:00,https://on3static.com/uploads/assets/454/222/222454.jpg,https://www.on3.com/db/corey-flagg-jr-26130/,portal_industry_football_2024
Jaylin Alderman,LB,Louisville Cardinals,Miami Hurricanes,Committed,0,3.0,87.0,333.0,59.0,2021,2024-04-28T12:03:00,https://on3static.com/uploads/assets/821/17/17821.jpeg,https://www.on3.com/db/jaylin-alderman-59008/,portal_industry_football_2024
TreVonte' Citizen,RB,Miami Hurricanes,McNeese State Cowboys,Committed,106591,3.0,87.0,334.0,67.0,2022,2024-05-17T13:28:00,https://on3static.com/uploads/assets/478/222/222478.jpg,https://www.on3.com/db/trevonte-citizen-115640/,portal_industry_football_2024
C.J. Madden,EDGE,Georgia Bulldogs,Purdue Boilermakers,Committed,0,3.0,87.0,335.0,48.0,2022,2023-12-16T17:55:00,https://on3static.com/uploads/assets/861/343/343861.png,https://www.on3.com/db/cj-madden-18615/,portal_industry_football_2024
Jalen Kimber,CB,Florida Gators,Penn State Nittany Lions,Committed,191845,3.0,87.0,336.0,86.0,2020,2024-01-11T13:01:00,https://on3static.com/uploads/assets/169/240/240169.png,https://www.on3.com/db/jalen-kimber-54344/,portal_industry_football_2024
Anthony Switzer,S,Utah State Aggies,Arkansas Razorbacks,Committed,0,3.0,88.0,284.0,20.0,2019,2024-04-26T16:03:00,https://on3static.com/uploads/assets/472/221/221472.jpg,https://www.on3.com/db/anthony-switzer-6606/,portal_industry_football_2024
Ed Woods,CB,Arizona State Sun Devils,Michigan State Spartans,Committed,0,4.0,90.0,91.0,14.0,2020,2024-04-30T10:00:00,https://on3static.com/uploads/dev/assets/897/6/6897.jpg,https://www.on3.com/db/ed-woods-40737/,portal_industry_football_2024
Kevon Darton,DL,Syracuse Orange,Arizona Wildcats,Committed,0,4.0,90.0,94.0,7.0,2019,2024-02-07T12:02:00,https://on3static.com/uploads/assets/951/176/176951.png,https://www.on3.com/db/kevon-darton-163927/,portal_industry_football_2024
Cedrick Hawkins,S,Ohio State Buckeyes,UCF Knights,Committed,0,3.0,86.0,340.0,87.0,2023,2024-04-20T08:22:00,https://on3static.com/uploads/assets/525/221/221525.jpeg,https://www.on3.com/db/cedrick-hawkins-19425/,portal_industry_football_2024
Gage Keys,DL,Kansas Jayhawks,Auburn Tigers,Committed,0,3.0,87.0,341.0,70.0,2020,2023-12-17T17:52:00,https://on3static.com/uploads/assets/772/165/165772.png,https://www.on3.com/db/gage-keys-44739/,portal_industry_football_2024
Khai Prean,WR,LSU Tigers,Tulane Green Wave,Committed,0,3.0,87.0,342.0,83.0,2023,2024-04-22T16:52:00,https://on3static.com/uploads/assets/995/338/338995.png,https://www.on3.com/db/khai-prean-146612/,portal_industry_football_2024
CJ West,DL,Kent State Golden Flashes,Indiana Hoosiers,Committed,0,3.0,89.0,150.0,15.0,2020,2024-05-08T10:38:00,https://on3static.com/uploads/assets/93/307/307093.png,https://www.on3.com/db/cj-west-23689/,portal_industry_football_2024
Payton Kirkland,OT,Texas Longhorns,Colorado Buffaloes,Committed,0,3.0,86.0,344.0,50.0,2023,2024-04-21T16:20:00,https://on3static.com/uploads/assets/0/202/202000.png,https://www.on3.com/db/payton-kirkland-95947/,portal_industry_football_2024
Tony Grimes,CB,Texas A&M Aggies,UNLV Rebels,Committed,0,3.0,87.0,345.0,101.0,2020,2024-01-14T17:50:00,https://on3static.com/uploads/assets/843/407/407843.png,https://www.on3.com/db/tony-grimes-113875/,portal_industry_football_2024
Garnett Hollis Jr.,CB,Northwestern Wildcats,West Virginia Mountaineers,Committed,0,4.0,91.0,64.0,9.0,2020,,https://on3static.com/uploads/dev/assets/569/8/8569.jpg,https://www.on3.com/db/garnett-hollis-jr-44847/,portal_industry_football_2024
Marquez Cooper,RB,Ball State Cardinals,San Diego State Aztecs,Committed,0,3.0,88.0,299.0,28.0,2020,2024-04-27T15:26:00,https://on3static.com/uploads/assets/822/349/349822.jpg,https://www.on3.com/db/marquez-cooper-84048/,portal_industry_football_2024
Elijah Alston,DL,Marshall Thundering Herd,Miami Hurricanes,Committed,243074,4.0,90.0,111.0,10.0,2019,2024-01-11T18:00:00,https://on3static.com/uploads/assets/812/269/269812.png,https://www.on3.com/db/elijah-alston-41063/,portal_industry_football_2024
Brendan Sorsby,QB,Indiana Hoosiers,Cincinnati Bearcats,Committed,3074907,3.0,88.0,349.0,43.0,2022,2023-12-06T11:03:00,https://on3static.com/uploads/assets/522/570/570522.png,https://www.on3.com/db/brendan-sorsby-13764/,portal_industry_football_2024
James Carpenter,DL,James Madison Dukes,Indiana Hoosiers,Committed,0,4.0,90.0,118.0,11.0,2019,2023-12-24T15:03:00,https://on3static.com/uploads/assets/849/178/178849.jpeg,https://www.on3.com/db/james-carpenter-177660/,portal_industry_football_2024
Joseph Griffin Jr,WR,Boston College Eagles,Wisconsin Badgers,Committed,0,3.0,87.0,351.0,92.0,2022,2024-05-10T15:39:00,https://on3static.com/uploads/assets/228/165/165228.png,https://www.on3.com/db/joseph-griffin-jr-66551/,portal_industry_football_2024
Kye Stokes,S,Ohio State Buckeyes,Cincinnati Bearcats,Committed,0,3.0,87.0,352.0,62.0,2022,2023-12-16T11:44:00,https://on3static.com/uploads/assets/584/221/221584.jpeg,https://www.on3.com/db/kye-stokes-76331/,portal_industry_football_2024
Grant Bingham,IOL,Kentucky Wildcats,,Entered,0,3.0,86.0,353.0,97.0,2022,2023-12-04T12:15:00,https://on3static.com/uploads/assets/946/72/72946.jpeg,https://www.on3.com/db/grant-bingham-46396/,portal_industry_football_2024
Tyler Shough,QB,Texas Tech Red Raiders,Louisville Cardinals,Committed,0,3.0,88.0,354.0,35.0,2018,2023-12-05T18:46:00,https://on3static.com/uploads/assets/233/18/18233.jpeg,https://www.on3.com/db/tyler-shough-118079/,portal_industry_football_2024
Ayo Adeyi,RB,North Texas Mean Green,James Madison Dukes,Committed,0,3.0,88.0,355.0,34.0,2021,2024-01-07T18:40:00,https://on3static.com/uploads/assets/271/216/216271.png,https://www.on3.com/db/ayo-adeyi-161408/,portal_industry_football_2024
Hollywood Smothers,RB,Oklahoma Sooners,NC State Wolfpack,Committed,549832,3.0,87.0,356.0,51.0,2023,2024-01-09T19:49:00,https://on3static.com/uploads/assets/161/333/333161.png,https://www.on3.com/db/hollywood-smothers-146302/,portal_industry_football_2024
Stone Blanton,LB,South Carolina Gamecocks,Mississippi State Bulldogs,Committed,0,3.0,87.0,357.0,49.0,2022,2024-01-05T12:41:00,https://on3static.com/uploads/assets/70/257/257070.jpg,https://www.on3.com/db/stone-blanton-109177/,portal_industry_football_2024
Julien Simon,LB,Tulsa Golden Hurricane,Connecticut Huskies,Committed,0,3.0,88.0,358.0,29.0,2021,2024-01-14T11:29:00,https://on3static.com/uploads/assets/661/94/94661.png,https://www.on3.com/db/julien-simon-68733/,portal_industry_football_2024
Cedarius Doss,CB,Austin Peay Governors,Indiana Hoosiers,Committed,0,3.0,88.0,360.0,43.0,2019,2024-04-14T08:38:00,https://on3static.com/uploads/assets/258/277/277258.png,https://www.on3.com/db/cedarius-doss-19274/,portal_industry_football_2024
Gentle Hunt,DL,Florida A&M Rattlers,Illinois Fighting Illini,Committed,0,3.0,88.0,361.0,32.0,2020,2024-05-15T15:38:00,https://on3static.com/uploads/assets/122/316/316122.png,https://www.on3.com/db/gentle-hunt-143693/,portal_industry_football_2024
Jacoby Jones,WR,Ohio Bobcats,UCF Knights,Committed,0,3.0,88.0,362.0,69.0,2020,2024-05-01T14:02:00,https://on3static.com/uploads/assets/695/306/306695.png,https://www.on3.com/db/jacoby-jones-149980/,portal_industry_football_2024
Mikal Harrison-Pilot,WR,Houston Cougars,Texas Tech Red Raiders,Committed,0,3.0,88.0,364.0,68.0,2023,2024-05-16T12:59:00,https://on3static.com/uploads/assets/371/223/223371.png,https://www.on3.com/db/mikal-harrison-pilot-88718/,portal_industry_football_2024
Zack Owens,OT,Clemson Tigers,Colorado Buffaloes,Committed,0,3.0,87.0,365.0,37.0,2023,2024-04-28T16:09:00,https://on3static.com/uploads/assets/762/588/588762.jpg,https://www.on3.com/db/zack-owens-146502/,portal_industry_football_2024
Xavier Lozowicki,OT,Maine Black Bears,Cincinnati Bearcats,Committed,0,3.0,88.0,366.0,23.0,2023,2024-04-28T11:05:00,https://on3static.com/uploads/assets/939/313/313939.png,https://www.on3.com/db/xavier-lozowicki-162027/,portal_industry_football_2024
Colton Thomasson,IOL,Texas A&M Aggies,Baylor Bears,Committed,0,3.0,87.0,367.0,52.0,2023,2024-05-06T15:34:00,https://on3static.com/uploads/assets/969/12/12969.jpeg,https://www.on3.com/db/colton-thomasson-25364/,portal_industry_football_2024
Marcus Washington,CB,Louisville Cardinals,Syracuse Orange,Committed,0,3.0,87.0,368.0,89.0,2022,2024-05-07T20:00:00,https://on3static.com/uploads/assets/74/153/153074.jpg,https://www.on3.com/db/marcus-washington-146101/,portal_industry_football_2024
Stephen Dix Jr.,LB,Marshall Thundering Herd,Arkansas Razorbacks,Committed,0,3.0,87.0,369.0,61.0,2020,2024-04-30T14:55:00,https://on3static.com/uploads/assets/29/164/164029.jpeg,https://www.on3.com/db/stephen-dix-jr-108386/,portal_industry_football_2024
Eli Green,WR,North Dakota State Bison,Iowa State Cyclones,Committed,0,3.0,88.0,370.0,47.0,0,2024-05-10T08:42:00,https://on3static.com/uploads/assets/787/315/315787.png,https://www.on3.com/db/eli-green-205552/,portal_industry_football_2024
Andrew Dennis,OT,Illinois Fighting Illini,Michigan State Spartans,Committed,0,3.0,88.0,371.0,29.0,2024,2024-05-02T19:39:00,https://on3static.com/uploads/assets/813/304/304813.png,https://www.on3.com/db/andrew-dennis-150927/,portal_industry_football_2024
Semaj Bridgeman,LB,Michigan Wolverines,Michigan State Spartans,Committed,0,3.0,88.0,372.0,30.0,2023,2024-05-17T18:29:00,https://on3static.com/uploads/assets/612/302/302612.png,https://www.on3.com/db/semaj-bridgeman-105863/,portal_industry_football_2024
DaShawn Jones,CB,Wake Forest Demon Deacons,Alabama Crimson Tide,Committed,0,3.0,88.0,373.0,57.0,2021,2024-05-08T20:21:00,https://on3static.com/uploads/assets/455/16/16455.jpeg,https://www.on3.com/db/dashawn-jones-145225/,portal_industry_football_2024
Sam Olson,TE,San Jose State Spartans,Arizona Wildcats,Committed,0,3.0,88.0,375.0,14.0,2020,2024-04-22T10:55:00,https://on3static.com/uploads/assets/362/177/177362.png,https://www.on3.com/db/sam-olson-104440/,portal_industry_football_2024
Ahmari Huggins-Bruce,WR,Louisville Cardinals,South Carolina Gamecocks,Committed,0,3.0,87.0,376.0,121.0,2021,2024-01-04T06:50:00,https://on3static.com/uploads/assets/809/17/17809.jpeg,https://www.on3.com/db/ahmari-huggins-bruce-144232/,portal_industry_football_2024
Raphael Williams,WR,San Diego State Aztecs,Pittsburgh Panthers,Committed,0,3.0,86.0,377.0,126.0,2020,2024-01-05T10:05:00,https://on3static.com/uploads/assets/427/131/131427.jpeg,https://www.on3.com/db/raphael-williams-98422/,portal_industry_football_2024
Eddie Kelly,DL,Georgia Tech Yellow Jackets,Missouri Tigers,Committed,0,3.0,86.0,378.0,108.0,2022,2024-05-01T16:59:00,https://on3static.com/uploads/assets/645/180/180645.jpeg,https://www.on3.com/db/eddie-kelly-40495/,portal_industry_football_2024
Isaiah Johnson,S,Arizona State Sun Devils,Marshall Thundering Herd,Committed,0,3.0,87.0,379.0,69.0,2021,2024-01-16T09:05:00,https://on3static.com/uploads/assets/483/16/16483.jpeg,https://www.on3.com/db/isaiah-johnson-143655/,portal_industry_football_2024
Aiden Fisher,LB,James Madison Dukes,Indiana Hoosiers,Committed,0,3.0,88.0,380.0,33.0,2022,2023-12-24T14:44:00,https://on3static.com/uploads/assets/401/178/178401.jpeg,https://www.on3.com/db/aiden-fisher-2069/,portal_industry_football_2024
Deuce Harmon,CB,Texas A&M Aggies,SMU Mustangs,Committed,0,3.0,88.0,381.0,44.0,2021,2023-12-29T20:55:00,https://on3static.com/uploads/assets/868/12/12868.jpeg,https://www.on3.com/db/deuce-harmon-35724/,portal_industry_football_2024
Andrew Paul,RB,Georgia Bulldogs,Jacksonville State Gamecocks,Committed,0,3.0,87.0,382.0,54.0,2022,2024-05-17T15:25:00,https://on3static.com/uploads/assets/66/153/153066.jpg,https://www.on3.com/db/andrew-paul-5290/,portal_industry_football_2024
Tomiwa Durojaiye,DL,West Virginia Mountaineers,Florida State Seminoles,Committed,0,3.0,88.0,383.0,37.0,2022,2024-01-09T17:07:00,https://on3static.com/uploads/assets/889/72/72889.jpeg,https://www.on3.com/db/tomiwa-durojaiye-113511/,portal_industry_football_2024
Myles Montgomery,RB,Cincinnati Bearcats,UCF Knights,Committed,0,3.0,88.0,272.0,22.0,2021,2023-12-04T14:10:00,https://on3static.com/uploads/assets/703/564/564703.PNG,https://www.on3.com/db/myles-montgomery-90726/,portal_industry_football_2024
Zeke Correll,IOL,Notre Dame Fighting Irish,NC State Wolfpack,Committed,0,3.0,88.0,292.0,18.0,2019,2023-12-09T17:35:00,https://on3static.com/uploads/assets/861/235/235861.jpeg,https://www.on3.com/db/zeke-correll-123725/,portal_industry_football_2024
Jalen Huskey,CB,Bowling Green Falcons,Maryland Terrapins,Committed,0,4.0,92.0,36.0,5.0,2022,2023-12-10T19:30:00,https://on3static.com/uploads/assets/579/179/179579.png,https://www.on3.com/db/jalen-huskey-149951/,portal_industry_football_2024
Brandon Johnson,CB,Duke Blue Devils,Oregon Ducks,Committed,0,3.0,88.0,260.0,34.0,2021,2024-01-17T16:49:00,https://on3static.com/uploads/assets/945/349/349945.jpg,https://www.on3.com/db/brandon-johnson-144881/,portal_industry_football_2024
Ricky Johnson,S,UNLV Rebels,Michigan Wolverines,Committed,0,3.0,85.0,388.0,178.0,2020,2024-05-18T12:14:00,https://on3static.com/uploads/assets/996/176/176996.png,https://www.on3.com/db/ricky-johnson-144532/,portal_industry_football_2024
Monkell Goodwine,DL,Alabama Crimson Tide,South Carolina Gamecocks,Committed,0,3.0,86.0,389.0,100.0,2021,2024-01-07T16:37:00,https://on3static.com/uploads/assets/614/225/225614.jpeg,https://www.on3.com/db/monkell-goodwine-90164/,portal_industry_football_2024
Spencer Brown,OT,Michigan State Spartans,Oklahoma Sooners,Committed,0,3.0,87.0,390.0,32.0,2019,2023-12-06T18:00:00,https://on3static.com/uploads/assets/221/235/235221.png,https://www.on3.com/db/spencer-brown-107935/,portal_industry_football_2024
Isheem Young,S,Ole Miss Rebels,North Texas Mean Green,Committed,0,3.0,87.0,391.0,76.0,2019,2024-01-18T11:27:00,https://on3static.com/uploads/assets/769/438/438769.jpg,https://www.on3.com/db/isheem-young-49909/,portal_industry_football_2024
Marvin Ham,LB,Colorado Buffaloes,Arkansas State Red Wolves,Committed,0,3.0,85.0,392.0,149.0,2019,2024-05-16T12:40:00,https://on3static.com/uploads/assets/201/18/18201.jpeg,https://www.on3.com/db/marvin-ham-84617/,portal_industry_football_2024
Devin Dye,S,Utah State Aggies,Kansas Jayhawks,Committed,0,3.0,87.0,393.0,42.0,2020,2023-12-19T13:32:00,https://on3static.com/uploads/assets/953/266/266953.png,https://www.on3.com/db/devin-dye-35987/,portal_industry_football_2024
Simeon Barrow Jr.,DL,Michigan State Spartans,Miami Hurricanes,Committed,0,4.0,90.0,72.0,4.0,2020,2024-05-03T21:54:00,https://on3static.com/uploads/assets/103/235/235103.png,https://www.on3.com/db/simeon-barrow-jr-107463/,portal_industry_football_2024
Taylen Green,QB,Boise State Broncos,Arkansas Razorbacks,Committed,574682,4.0,90.0,75.0,13.0,2021,2023-12-11T13:01:00,https://on3static.com/uploads/assets/801/88/88801.jpeg,https://www.on3.com/db/taylen-green-110684/,portal_industry_football_2024
Rush Reimer,OT,Montana State Bobcats,California Golden Bears,Committed,0,3.0,87.0,396.0,38.0,2020,2023-12-20T13:36:00,https://on3static.com/uploads/assets/788/265/265788.jpeg,https://www.on3.com/db/rush-reimer-102751/,portal_industry_football_2024
Nikai Martinez,CB,UCF Knights,Michigan State Spartans,Committed,0,3.0,88.0,399.0,58.0,2022,2024-05-17T12:39:00,https://on3static.com/uploads/assets/290/223/223290.png,https://www.on3.com/db/nikai-martinez-93350/,portal_industry_football_2024
Myles Slusher,S,Colorado Buffaloes,,Entered,0,3.0,86.0,400.0,106.0,2020,2024-04-16T09:20:00,https://on3static.com/uploads/assets/293/242/242293.jpeg,https://www.on3.com/db/myles-slusher-90763/,portal_industry_football_2024
Gage Larvadain,WR,Miami (OH) RedHawks,South Carolina Gamecocks,Committed,0,4.0,90.0,122.0,27.0,2021,2024-01-05T19:20:00,https://on3static.com/uploads/assets/679/270/270679.png,https://www.on3.com/db/gage-larvadain-177232/,portal_industry_football_2024
Myles Price,WR,Texas Tech Red Raiders,Indiana Hoosiers,Committed,0,3.0,87.0,402.0,78.0,2020,2023-12-18T20:34:00,https://on3static.com/uploads/assets/419/18/18419.jpeg,https://www.on3.com/db/myles-price-90750/,portal_industry_football_2024
James Brockermeyer,IOL,Alabama Crimson Tide,TCU Horned Frogs,Committed,0,3.0,87.0,403.0,62.0,2021,2024-04-30T18:00:00,https://on3static.com/uploads/assets/582/225/225582.jpeg,https://www.on3.com/db/james-brockermeyer-55379/,portal_industry_football_2024
Nate Johnson,QB,Utah Utes,Vanderbilt Commodores,Committed,0,3.0,87.0,404.0,54.0,2022,2023-12-17T19:16:00,https://on3static.com/uploads/assets/277/332/332277.png,https://www.on3.com/db/nate-johnson-145513/,portal_industry_football_2024
Obi Ezeigbo,EDGE,Gannon University Golden Knights,Oklahoma State Cowboys,Committed,0,3.0,85.0,405.0,99.0,2019,2024-01-05T16:23:00,https://on3static.com/uploads/assets/692/260/260692.jpeg,https://www.on3.com/db/obi-ezeigbo-238983/,portal_industry_football_2024
Alton McCaskill,RB,Colorado Buffaloes,Arizona State Sun Devils,Committed,0,3.0,87.0,406.0,53.0,2021,2024-05-09T14:09:00,https://on3static.com/uploads/assets/301/242/242301.jpeg,https://www.on3.com/db/alton-mccaskill-4040/,portal_industry_football_2024
Steve Linton,EDGE,Texas Tech Red Raiders,Baylor Bears,Committed,0,3.0,89.0,173.0,18.0,2019,2024-01-22T09:25:00,https://on3static.com/uploads/assets/262/167/167262.png,https://www.on3.com/db/steve-linton-108755/,portal_industry_football_2024
Howard Sampson,IOL,North Texas Mean Green,North Carolina Tar Heels,Committed,1290073,3.0,87.0,408.0,37.0,2022,2024-01-07T09:50:00,https://on3static.com/uploads/assets/982/268/268982.png,https://www.on3.com/db/howard-sampson-150534/,portal_industry_football_2024
Dante Cephas,WR,Penn State Nittany Lions,Kansas State Wildcats,Committed,0,3.0,89.0,176.0,34.0,2019,2024-01-20T12:36:00,https://on3static.com/uploads/assets/558/199/199558.png,https://www.on3.com/db/dante-cephas-29765/,portal_industry_football_2024
Corey Thornton,CB,UCF Knights,Louisville Cardinals,Committed,0,4.0,90.0,131.0,19.0,2020,2023-12-15T19:39:00,https://on3static.com/uploads/assets/278/223/223278.png,https://www.on3.com/db/corey-thornton-26356/,portal_industry_football_2024
Sam Leavitt,QB,Michigan State Spartans,Arizona State Sun Devils,Committed,4029364,4.0,91.0,46.0,8.0,2023,2023-12-11T11:58:00,https://on3static.com/uploads/assets/799/349/349799.jpg,https://www.on3.com/db/sam-leavitt-104361/,portal_industry_football_2024
Terry Jones,S,Old Dominion Monarchs,Indiana Hoosiers,Committed,0,3.0,87.0,412.0,60.0,2019,2024-01-04T10:53:00,https://on3static.com/uploads/assets/165/171/171165.png,https://www.on3.com/db/terry-jones-144113/,portal_industry_football_2024
Cordale Russell,WR,TCU Horned Frogs,Colorado Buffaloes,Committed,0,3.0,89.0,181.0,38.0,2023,2023-12-17T12:34:00,https://on3static.com/uploads/assets/164/223/223164.png,https://www.on3.com/db/cordale-russell-25974/,portal_industry_football_2024
Marcus Ratcliffe,S,San Diego State Aztecs,Texas A&M Aggies,Committed,624053,3.0,87.0,414.0,48.0,2023,2024-01-04T21:26:00,https://on3static.com/uploads/assets/220/267/267220.png,https://www.on3.com/db/marcus-ratcliffe-82942/,portal_industry_football_2024
Cole Rusk,TE,Murray State Racers,Illinois Fighting Illini,Committed,0,3.0,87.0,415.0,22.0,2021,2024-01-05T17:06:00,https://on3static.com/uploads/assets/331/132/132331.jpeg,https://www.on3.com/db/cole-rusk-24845/,portal_industry_football_2024
Diego Pavia,QB,New Mexico State Aggies,Vanderbilt Commodores,Committed,298852,3.0,89.0,212.0,21.0,2020,2024-01-17T20:11:00,https://on3static.com/uploads/assets/817/349/349817.jpg,https://www.on3.com/db/diego-pavia-36926/,portal_industry_football_2024
Isaiah Ward,DL,Arizona Wildcats,Washington Huskies,Committed,0,3.0,89.0,213.0,23.0,2022,2024-02-07T08:35:00,https://on3static.com/uploads/assets/455/217/217455.png,https://www.on3.com/db/isaiah-ward-146079/,portal_industry_football_2024
Rico Walker,TE,Maryland Terrapins,Auburn Tigers,Committed,0,3.0,87.0,418.0,33.0,2023,2024-01-08T11:38:00,https://on3static.com/uploads/assets/616/303/303616.png,https://www.on3.com/db/rico-walker-100429/,portal_industry_football_2024
Daylan Dotson,EDGE,UT Martin Skyhawks,UCF Knights,Committed,0,3.0,89.0,216.0,23.0,2020,2023-12-04T14:10:00,https://on3static.com/uploads/assets/912/261/261912.jpeg,https://www.on3.com/db/daylan-dotson-239013/,portal_industry_football_2024
Zach Carpenter,IOL,Indiana Hoosiers,Miami Hurricanes,Committed,0,3.0,89.0,218.0,14.0,2019,2023-12-18T18:05:00,https://on3static.com/uploads/assets/152/262/262152.png,https://www.on3.com/db/zach-carpenter-122630/,portal_industry_football_2024
Jonathan Jefferson,DL,Georgia Bulldogs,SMU Mustangs,Committed,0,3.0,88.0,421.0,35.0,2021,2023-12-11T13:04:00,https://on3static.com/uploads/dev/assets/657/2/2657.jpg,https://www.on3.com/db/jonathan-jefferson-143584/,portal_industry_football_2024
Braylon James,WR,Notre Dame Fighting Irish,TCU Horned Frogs,Committed,0,3.0,87.0,422.0,85.0,2023,2023-12-11T11:55:00,https://on3static.com/uploads/assets/897/235/235897.jpeg,https://www.on3.com/db/braylon-james-145032/,portal_industry_football_2024
Ashton Cozart,WR,Oregon Ducks,SMU Mustangs,Committed,0,3.0,88.0,423.0,70.0,2023,2023-12-13T13:13:00,https://on3static.com/uploads/assets/849/174/174849.jpeg,https://www.on3.com/db/ashton-cozart-7865/,portal_industry_football_2024
Oscar Adaway,RB,North Texas Mean Green,South Carolina Gamecocks,Committed,0,3.0,88.0,424.0,32.0,2019,2023-12-12T13:43:00,https://on3static.com/uploads/assets/199/75/75199.jpeg,https://www.on3.com/db/oscar-adaway-94639/,portal_industry_football_2024
Isaiah Hastings,DL,Alabama Crimson Tide,Syracuse Orange,Committed,0,3.0,88.0,426.0,34.0,2022,2024-01-15T15:46:00,https://on3static.com/uploads/assets/633/225/225633.jpeg,https://www.on3.com/db/isaiah-hastings-49535/,portal_industry_football_2024
Ryan Turner,CB,Ohio State Buckeyes,Boston College Eagles,Committed,0,3.0,86.0,427.0,131.0,2022,2023-12-15T11:25:00,https://on3static.com/uploads/assets/875/407/407875.png,https://www.on3.com/db/ryan-turner-103826/,portal_industry_football_2024
Julius Buelow,OT,Washington Huskies,Ole Miss Rebels,Committed,0,3.0,87.0,430.0,40.0,2019,2024-01-25T13:48:00,https://on3static.com/uploads/dev/assets/272/4/4272.jpg,https://www.on3.com/db/julius-buelow-68753/,portal_industry_football_2024
Khalil Jacobs,LB,South Alabama Jaguars,Missouri Tigers,Committed,0,3.0,87.0,431.0,51.0,2022,2024-05-22T13:09:00,https://on3static.com/uploads/assets/120/278/278120.png,https://www.on3.com/db/khalil-jacobs-149608/,portal_industry_football_2024
Aamir Hall,CB,Albany Great Danes,Michigan Wolverines,Committed,0,3.0,88.0,432.0,47.0,2020,2024-05-16T09:52:00,https://on3static.com/uploads/assets/515/316/316515.png,https://www.on3.com/db/aamir-hall-218836/,portal_industry_football_2024
Jacurri Brown,QB,Miami Hurricanes,UCF Knights,Committed,0,3.0,88.0,433.0,40.0,2022,2024-04-29T14:15:00,https://on3static.com/uploads/assets/686/564/564686.PNG,https://www.on3.com/db/jacurri-brown-52524/,portal_industry_football_2024
Jay'Viar Suggs,DL,Grand Valley State Lakers,LSU Tigers,Committed,0,3.0,88.0,434.0,48.0,2019,2024-05-15T19:40:00,https://on3static.com/uploads/assets/628/314/314628.jpeg,https://www.on3.com/db/jayviar-suggs-242105/,portal_industry_football_2024
Austin Jordan,S,Texas Longhorns,TCU Horned Frogs,Committed,0,3.0,86.0,435.0,86.0,2022,2024-05-07T19:30:00,https://on3static.com/uploads/assets/890/83/83890.png,https://www.on3.com/db/austin-jordan-144750/,portal_industry_football_2024
Antonio Kite,S,Alabama Crimson Tide,Auburn Tigers,Committed,0,3.0,88.0,436.0,24.0,2022,2024-01-17T16:56:00,https://on3static.com/uploads/assets/672/225/225672.jpeg,https://www.on3.com/db/antonio-kite-6994/,portal_industry_football_2024
Jacarius Clayton,TE,Mississippi State Bulldogs,Marshall Thundering Herd,Committed,0,3.0,86.0,437.0,51.0,2022,2024-01-06T13:11:00,https://on3static.com/uploads/assets/884/222/222884.png,https://www.on3.com/db/jacarius-clayton-50870/,portal_industry_football_2024
Javante Mackey,LB,Arkansas State Red Wolves,Memphis Tigers,Committed,0,3.0,87.0,438.0,57.0,2022,2023-12-16T09:22:00,https://on3static.com/uploads/assets/192/265/265192.png,https://www.on3.com/db/javante-mackey-147843/,portal_industry_football_2024
Alan Herron,OT,Shorter Hawks,Maryland Terrapins,Committed,0,3.0,89.0,152.0,15.0,2022,2023-12-21T16:13:00,https://on3static.com/uploads/assets/470/260/260470.png,https://www.on3.com/db/alan-herron-238984/,portal_industry_football_2024
Kurtis Rourke,QB,Ohio Bobcats,Indiana Hoosiers,Committed,0,3.0,89.0,155.0,17.0,2019,2023-12-14T15:01:00,https://on3static.com/uploads/assets/119/99/99119.png,https://www.on3.com/db/kurtis-rourke-76230/,portal_industry_football_2024
Joseph Vaughn,LB,Yale Bulldogs,UCLA Bruins,Committed,0,3.0,87.0,441.0,74.0,2019,2024-01-08T09:12:00,https://on3static.com/uploads/assets/915/259/259915.jpeg,https://www.on3.com/db/joseph-vaughn-66716/,portal_industry_football_2024
Ken Seals,QB,Vanderbilt Commodores,TCU Horned Frogs,Committed,0,3.0,86.0,442.0,65.0,2020,2024-01-04T15:52:00,https://on3static.com/uploads/dev/assets/721/5/5721.jpg,https://www.on3.com/db/ken-seals-72639/,portal_industry_football_2024
Gabarri Johnson,QB,Missouri Tigers,Oregon State Beavers,Committed,0,3.0,86.0,443.0,73.0,2023,2023-12-25T08:20:00,https://on3static.com/uploads/assets/72/67/67072.jpg,https://www.on3.com/db/gabarri-johnson-144892/,portal_industry_football_2024
Adam Hopkins,CB,Colorado Buffaloes,Charlotte 49ers,Committed,0,3.0,87.0,444.0,104.0,2023,2024-05-19T10:26:00,https://on3static.com/uploads/assets/294/242/242294.jpeg,https://www.on3.com/db/adam-hopkins-1204/,portal_industry_football_2024
Sheldon Arnold II,S,East Tennessee State Buccaneers,UCF Knights,Committed,0,3.0,88.0,445.0,35.0,0,2024-05-01T14:46:00,,https://www.on3.com/db/sheldon-arnold-ii-189961/,portal_industry_football_2024
Keenan Nelson Jr.,S,South Carolina Gamecocks,Ohio State Buckeyes,Committed,0,3.0,87.0,446.0,54.0,2022,2024-05-17T09:28:00,https://on3static.com/uploads/assets/8/257/257008.png,https://www.on3.com/db/keenan-nelson-jr-71871/,portal_industry_football_2024
Omarion Cooper,CB,Colorado Buffaloes,Florida State Seminoles,Committed,0,3.0,87.0,447.0,76.0,2021,2024-05-07T15:40:00,https://on3static.com/uploads/assets/799/17/17799.jpeg,https://www.on3.com/db/omarion-cooper-94471/,portal_industry_football_2024
Jack Bailey,IOL,Colorado Buffaloes,Northwestern Wildcats,Committed,0,3.0,87.0,448.0,46.0,2019,2024-03-29T15:03:00,https://on3static.com/uploads/assets/397/242/242397.jpeg,https://www.on3.com/db/jack-bailey-144096/,portal_industry_football_2024
Brandon Crenshaw-Dickson,OT,San Diego State Aztecs,Florida Gators,Committed,0,3.0,89.0,188.0,16.0,2019,2023-12-17T12:45:00,https://on3static.com/uploads/assets/934/287/287934.png,https://www.on3.com/db/brandon-crenshaw-dickson-12368/,portal_industry_football_2024
B.J. Allen Jr.,S,Texas Longhorns,North Texas Mean Green,Committed,0,3.0,87.0,450.0,51.0,2022,2023-12-17T11:30:00,https://on3static.com/uploads/assets/963/71/71963.jpeg,https://www.on3.com/db/bj-allen-jr-15380/,portal_industry_football_2024
Jaheem Joseph,CB,Northwestern Wildcats,West Virginia Mountaineers,Committed,0,3.0,88.0,261.0,35.0,2020,2024-02-19T14:48:00,https://on3static.com/uploads/dev/assets/583/8/8583.jpg,https://www.on3.com/db/jaheem-joseph-143417/,portal_industry_football_2024
Chidozie Nwankwo,DL,Houston Cougars,Colorado Buffaloes,Committed,0,3.0,89.0,232.0,25.0,2020,2023-12-18T13:39:00,https://on3static.com/uploads/assets/943/24/24943.jpeg,https://www.on3.com/db/chidozie-nwankwo-21157/,portal_industry_football_2024
D.J. McKinney,CB,Oklahoma State Cowboys,Colorado Buffaloes,Committed,0,3.0,88.0,278.0,38.0,2022,2024-01-07T19:07:00,https://on3static.com/uploads/assets/164/585/585164.jpg,https://www.on3.com/db/dj-mckinney-39769/,portal_industry_football_2024
Jaremiah Anglin,S,Kentucky Wildcats,Pittsburgh Panthers,Committed,0,3.0,89.0,237.0,17.0,2023,2024-04-28T11:07:00,https://on3static.com/uploads/assets/267/222/222267.png,https://www.on3.com/db/jaremiah-anglin-150066/,portal_industry_football_2024
Kevin Wigenton,IOL,Michigan State Spartans,Illinois Fighting Illini,Committed,0,3.0,88.0,294.0,20.0,2021,2023-12-20T16:45:00,https://on3static.com/uploads/assets/231/235/235231.png,https://www.on3.com/db/kevin-wigenton-74525/,portal_industry_football_2024
Nate Noel,RB,Appalachian State Mountaineers,Missouri Tigers,Committed,0,3.0,88.0,297.0,26.0,2020,2024-01-07T16:18:00,https://on3static.com/uploads/assets/46/170/170046.png,https://www.on3.com/db/nate-noel-91749/,portal_industry_football_2024
Chris McClellan,DL,Florida Gators,Missouri Tigers,Committed,0,3.0,87.0,457.0,55.0,2022,2023-12-26T16:04:00,https://on3static.com/uploads/assets/777/93/93777.jpg,https://www.on3.com/db/chris-mcclellan-22100/,portal_industry_football_2024
Aaryn Parks,OT,Oklahoma Sooners,South Carolina Gamecocks,Committed,0,3.0,86.0,458.0,55.0,2020,2024-01-07T15:27:00,https://on3static.com/uploads/assets/521/18/18521.jpeg,https://www.on3.com/db/aaryn-parks-878/,portal_industry_football_2024
De'Nylon Morrissette,WR,Georgia Bulldogs,Purdue Boilermakers,Committed,0,3.0,87.0,460.0,99.0,2022,2024-01-05T20:15:00,https://on3static.com/uploads/assets/855/343/343855.png,https://www.on3.com/db/denylon-morrissette-32820/,portal_industry_football_2024
Tahj Ra-El,S,Old Dominion Monarchs,Memphis Tigers,Committed,0,3.0,87.0,461.0,52.0,2021,2024-01-13T08:36:00,https://on3static.com/uploads/assets/855/407/407855.png,https://www.on3.com/db/tahj-ra-el-109759/,portal_industry_football_2024
Samuel Okunlola,DL,Pittsburgh Panthers,Colorado Buffaloes,Committed,0,3.0,88.0,462.0,36.0,2022,2023-12-19T19:46:00,https://on3static.com/uploads/assets/994/589/589994.png,https://www.on3.com/db/samuel-okunlola-104798/,portal_industry_football_2024
D.J. Douglas,CB,Tulane Green Wave,Florida Gators,Committed,0,3.0,87.0,463.0,73.0,2019,2024-01-06T19:04:00,https://on3static.com/uploads/assets/936/287/287936.png,https://www.on3.com/db/dj-douglas-27548/,portal_industry_football_2024
Eli Stowers,TE,New Mexico State Aggies,Vanderbilt Commodores,Committed,0,3.0,87.0,464.0,30.0,2021,2024-05-15T10:41:00,https://on3static.com/uploads/assets/560/15/15560.jpeg,https://www.on3.com/db/eli-stowers-40997/,portal_industry_football_2024
Drake Metcalf,IOL,UCF Knights,Virginia Cavaliers,Committed,0,3.0,86.0,465.0,77.0,2020,2023-12-14T22:15:00,https://on3static.com/uploads/dev/assets/970/5/5970.jpg,https://www.on3.com/db/drake-metcalf-38810/,portal_industry_football_2024
James Heard,LB,West Virginia Mountaineers,Syracuse Orange,Committed,0,3.0,86.0,466.0,117.0,2023,2023-12-17T18:06:00,https://on3static.com/uploads/assets/376/28/28376.jpg,https://www.on3.com/db/james-heard-55624/,portal_industry_football_2024
Mikail Kamara,EDGE,James Madison Dukes,Indiana Hoosiers,Committed,0,4.0,90.0,123.0,13.0,2020,2023-12-19T13:05:00,https://on3static.com/uploads/assets/355/269/269355.png,https://www.on3.com/db/mikail-kamara-197112/,portal_industry_football_2024
Javeon Wilcox,S,TCU Horned Frogs,Texas Tech Red Raiders,Committed,0,3.0,85.0,469.0,172.0,2023,2024-01-07T20:24:00,https://on3static.com/uploads/assets/179/223/223179.png,https://www.on3.com/db/javeon-wilcox-147104/,portal_industry_football_2024
Anthony Chideme-Alfaro,CB,Cornell Big Red,North Dakota State Bison,Committed,0,3.0,87.0,470.0,80.0,2020,2024-05-28T10:20:00,https://on3static.com/uploads/assets/636/245/245636.jpeg,https://www.on3.com/db/anthony-chideme-alfaro-238485/,portal_industry_football_2024
Jacoby Bellazar,WR,Mississippi State Bulldogs,Grambling State Tigers,Committed,0,3.0,87.0,471.0,115.0,2021,2023-12-20T10:49:00,https://on3static.com/uploads/assets/925/182/182925.jpeg,https://www.on3.com/db/jacoby-bellazar-52350/,portal_industry_football_2024
TJ Sheffield,WR,Purdue Boilermakers,Connecticut Huskies,Committed,0,3.0,86.0,472.0,128.0,2019,2024-04-15T16:49:00,https://on3static.com/uploads/assets/125/217/217125.png,https://www.on3.com/db/tj-sheffield-113149/,portal_industry_football_2024
Bryce Ramsey,IOL,Southern Miss Golden Eagles,Marshall Thundering Herd,Committed,0,3.0,87.0,473.0,61.0,2019,2024-01-10T13:10:00,https://on3static.com/uploads/dev/assets/551/4/4551.jpg,https://www.on3.com/db/bryce-ramsey-15902/,portal_industry_football_2024
Moses Alexander,CB,Houston Cougars,,Entered,0,3.0,87.0,474.0,117.0,2020,2023-11-30T09:34:00,https://on3static.com/uploads/assets/628/94/94628.jpeg,https://www.on3.com/db/moses-alexander-147865/,portal_industry_football_2024
Jackson Bratton,LB,UAB Blazers,North Alabama Lions,Committed,0,3.0,87.0,475.0,69.0,2020,2024-01-05T12:26:00,https://on3static.com/uploads/assets/614/18/18614.jpeg,https://www.on3.com/db/jackson-bratton-51507/,portal_industry_football_2024
Tellek Lockette,IOL,Louisiana-Monroe Warhawks,Texas State Bobcats,Committed,0,3.0,87.0,476.0,58.0,2022,2024-01-13T18:01:00,https://on3static.com/uploads/assets/584/263/263584.jpeg,https://www.on3.com/db/tellek-lockette-111146/,portal_industry_football_2024
Shamar Porter,WR,Kentucky Wildcats,Connecticut Huskies,Committed,0,3.0,87.0,477.0,113.0,2023,2024-05-05T21:41:00,https://on3static.com/uploads/assets/441/469/469441.png,https://www.on3.com/db/shamar-porter-106300/,portal_industry_football_2024
Michael Harrison,TE,Colorado Buffaloes,San Diego State Aztecs,Committed,0,3.0,87.0,478.0,32.0,2020,2023-12-18T14:28:00,https://on3static.com/uploads/assets/414/242/242414.jpeg,https://www.on3.com/db/michael-harrison-160861/,portal_industry_football_2024
Jonny Hassard,IOL,Massachusetts Minutemen,Charlotte 49ers,Committed,0,3.0,87.0,481.0,48.0,2020,2024-02-24T12:32:00,https://on3static.com/uploads/assets/857/264/264857.png,https://www.on3.com/db/jonny-hassard-65068/,portal_industry_football_2024
Kriston Davis,CB,Southern University Jaguars,Houston Cougars,Committed,0,3.0,86.0,482.0,122.0,0,2023-12-17T12:14:00,https://on3static.com/uploads/assets/854/264/264854.png,https://www.on3.com/db/kriston-davis-239059/,portal_industry_football_2024
Cameron Camper,WR,Indiana Hoosiers,Boise State Broncos,Committed,0,3.0,87.0,483.0,79.0,2019,2024-02-07T15:06:00,https://on3static.com/uploads/assets/498/265/265498.png,https://www.on3.com/db/cameron-camper-146225/,portal_industry_football_2024
Carl Chester,WR,Tulsa Golden Hurricane,Marshall Thundering Herd,Committed,0,3.0,87.0,484.0,82.0,2021,2023-12-27T13:13:00,https://on3static.com/uploads/assets/597/216/216597.png,https://www.on3.com/db/carl-chester-18345/,portal_industry_football_2024
Keith Cooper Jr.,DL,Tulane Green Wave,Houston Cougars,Committed,0,3.0,87.0,485.0,53.0,2021,2023-12-20T21:25:00,https://on3static.com/uploads/assets/156/74/74156.jpeg,https://www.on3.com/db/keith-cooper-jr-72061/,portal_industry_football_2024
Don Chapman,S,North Carolina Tar Heels,San Jose State Spartans,Committed,0,3.0,87.0,486.0,57.0,2019,2024-04-20T12:22:00,https://on3static.com/uploads/dev/assets/105/10/10105.jpg,https://www.on3.com/db/don-chapman-37817/,portal_industry_football_2024
Talique Allen,S,Western Kentucky Hilltoppers,,Entered,0,3.0,87.0,487.0,47.0,2020,2023-12-11T15:02:00,https://on3static.com/uploads/assets/881/75/75881.jpg,https://www.on3.com/db/talique-allen-109947/,portal_industry_football_2024
Dylan Morris,QB,Washington Huskies,James Madison Dukes,Committed,0,3.0,87.0,488.0,58.0,2019,2024-01-05T17:32:00,https://on3static.com/uploads/dev/assets/617/3/3617.jpg,https://www.on3.com/db/dylan-morris-39984/,portal_industry_football_2024
Jerry McClure,WR,UCLA Bruins,San Diego State Aztecs,Committed,0,3.0,87.0,489.0,96.0,2023,2024-01-07T09:18:00,https://on3static.com/uploads/assets/200/60/60200.jpeg,https://www.on3.com/db/jerry-mcclure-60155/,portal_industry_football_2024
Keshawn Brown,WR,Duquesne Dukes,Massachusetts Minutemen,Committed,0,3.0,87.0,490.0,110.0,2021,2024-01-15T12:20:00,https://on3static.com/uploads/assets/269/449/449269.png,https://www.on3.com/db/keshawn-brown-73791/,portal_industry_football_2024
Braxton Myers,CB,Purdue Boilermakers,Southern Miss Golden Eagles,Committed,0,3.0,87.0,491.0,111.0,2023,2024-01-10T13:53:00,https://on3static.com/uploads/assets/41/217/217041.png,https://www.on3.com/db/braxton-myers-13490/,portal_industry_football_2024
Floyd Chalk,RB,Grambling State Tigers,San Jose State Spartans,Committed,0,3.0,87.0,492.0,58.0,2022,2023-12-06T14:24:00,,https://www.on3.com/db/floyd-chalk-43857/,portal_industry_football_2024
Mannie Nunnery,,Florida Gators,Texas State Bobcats,Committed,0,3.0,87.0,493.0,39.0,2019,2024-05-28T15:58:00,https://on3static.com/uploads/assets/148/240/240148.png,https://www.on3.com/db/mannie-nunnery-102197/,portal_industry_football_2024
Antonio Jones,WR,Grambling State Tigers,Temple Owls,Committed,0,3.0,87.0,494.0,105.0,0,2024-01-06T16:17:00,https://on3static.com/uploads/assets/210/276/276210.png,https://www.on3.com/db/antonio-jones-194427/,portal_industry_football_2024
Justice Guillory,IOL,Stephen F. Austin Lumberjacks,,Entered,0,3.0,87.0,495.0,70.0,2020,2024-01-12T17:20:00,,https://www.on3.com/db/justice-guillory-68952/,portal_industry_football_2024
Quincy Jenkins,IOL,Campbell Fighting Camels,James Madison Dukes,Committed,0,3.0,87.0,496.0,60.0,2020,2024-01-29T12:34:00,https://on3static.com/uploads/assets/989/276/276989.png,https://www.on3.com/db/quincy-jenkins-185681/,portal_industry_football_2024
Bryce Thoman,IOL,Temple Owls,,Entered,0,3.0,87.0,497.0,71.0,2020,2024-01-16T15:45:00,https://on3static.com/uploads/assets/71/74/74071.jpeg,https://www.on3.com/db/bryce-thoman-15943/,portal_industry_football_2024
Jared Small,LB,Tulane Green Wave,,Entered,0,3.0,87.0,498.0,64.0,2017,2024-01-17T15:09:00,https://on3static.com/uploads/dev/assets/941/2/2941.jpg,https://www.on3.com/db/jared-small-56783/,portal_industry_football_2024
Keegan Smith,IOL,Central Michigan Chippewas,UCF Knights,Committed,0,3.0,87.0,499.0,69.0,2020,2024-05-03T09:27:00,https://on3static.com/uploads/assets/744/564/564744.PNG,https://www.on3.com/db/keegan-smith-71799/,portal_industry_football_2024
Karter Johnson,TE,Pittsburgh Panthers,Florida A&M Rattlers,Committed,0,3.0,87.0,500.0,39.0,2019,2024-04-09T11:40:00,https://on3static.com/uploads/assets/275/17/17275.jpeg,https://www.on3.com/db/karter-johnson-142977/,portal_industry_football_2024
Khristopher Love,IOL,Maryland Terrapins,,Entered,0,3.0,87.0,501.0,56.0,2020,2024-02-13T18:16:00,https://on3static.com/uploads/dev/assets/497/6/6497.jpg,https://www.on3.com/db/khristopher-love-75068/,portal_industry_football_2024
Chad Lindberg,OT,Georgia Bulldogs,Rice Owls,Committed,0,3.0,87.0,502.0,43.0,2020,2024-04-16T14:37:00,https://on3static.com/uploads/assets/972/470/470972.jpg,https://www.on3.com/db/chad-lindberg-19598/,portal_industry_football_2024
Sam Howard,LB,Austin Peay Governors,Tulane Green Wave,Committed,0,3.0,87.0,503.0,70.0,2020,2024-05-21T10:39:00,https://on3static.com/uploads/assets/157/305/305157.jpg,https://www.on3.com/db/sam-howard-159478/,portal_industry_football_2024
Keshawn Wicks,RB,Old Dominion Monarchs,,Entered,0,3.0,87.0,504.0,62.0,2019,2024-03-19T07:44:00,https://on3static.com/uploads/assets/274/171/171274.png,https://www.on3.com/db/keshawn-wicks-73812/,portal_industry_football_2024
Star Thomas,RB,New Mexico State Aggies,Duke Blue Devils,Committed,0,3.0,87.0,505.0,46.0,2020,2024-06-05T12:01:00,https://on3static.com/uploads/assets/731/98/98731.jpg,https://www.on3.com/db/star-thomas-108230/,portal_industry_football_2024
Karmello English,WR,Michigan Wolverines,West Georgia Wolves,Committed,0,3.0,87.0,506.0,106.0,2023,2024-06-25T08:27:00,https://on3static.com/uploads/assets/129/78/78129.png,https://www.on3.com/db/karmello-english-71337/,portal_industry_football_2024
Tre Richardson,WR,Toledo Rockets,,Entered,0,3.0,87.0,507.0,119.0,2023,2024-04-16T08:13:00,https://on3static.com/uploads/assets/120/227/227120.jpg,https://www.on3.com/db/tre-richardson-153385/,portal_industry_football_2024
Tad Hudson,QB,North Carolina Tar Heels,Coastal Carolina Chanticleers,Committed,0,3.0,87.0,508.0,62.0,2023,2024-04-29T10:28:00,https://on3static.com/uploads/assets/768/222/222768.png,https://www.on3.com/db/tad-hudson-144886/,portal_industry_football_2024
Stanley Ta'ufo'ou,DL,USC Trojans,Arizona Wildcats,Committed,0,3.0,87.0,509.0,85.0,2019,2024-05-29T10:26:00,https://on3static.com/uploads/assets/88/96/96088.png,https://www.on3.com/db/stanley-taufoou-108210/,portal_industry_football_2024
Tyrell Martin,DL,Delaware State Hornets,Eastern Michigan Eagles,Committed,0,3.0,87.0,510.0,83.0,2021,2024-04-29T10:48:00,https://on3static.com/uploads/assets/504/307/307504.jpeg,https://www.on3.com/db/tyrell-martin-241984/,portal_industry_football_2024
Trevon Booker,CB,Campbell Fighting Camels,Charlotte 49ers,Committed,0,3.0,87.0,511.0,112.0,2019,2024-05-21T17:03:00,https://on3static.com/uploads/assets/487/307/307487.png,https://www.on3.com/db/trevon-booker-115562/,portal_industry_football_2024
Timmy McClain,QB,UCF Knights,Arkansas State Red Wolves,Committed,0,3.0,87.0,512.0,59.0,2021,2024-05-03T13:29:00,https://on3static.com/uploads/assets/62/91/91062.jpg,https://www.on3.com/db/timmy-mcclain-112918/,portal_industry_football_2024
Romello Watson,IOL,Tennessee State Tigers,Georgia State Panthers,Committed,0,3.0,87.0,513.0,72.0,2019,2024-06-10T10:49:00,https://on3static.com/uploads/assets/39/308/308039.png,https://www.on3.com/db/romello-watson-102012/,portal_industry_football_2024
Jaylen Clark,CB,Boise State Broncos,,Entered,0,3.0,87.0,514.0,95.0,2020,2024-04-18T21:08:00,https://on3static.com/uploads/assets/383/308/308383.png,https://www.on3.com/db/jaylen-clark-58835/,portal_industry_football_2024
Landon Hullaby,S,Texas Tech Red Raiders,UTEP Miners,Committed,0,3.0,87.0,515.0,81.0,2022,2024-05-22T10:55:00,https://on3static.com/uploads/assets/347/73/73347.jpeg,https://www.on3.com/db/landon-hullaby-144083/,portal_industry_football_2024
Cade Borud,IOL,North Dakota Fighting Hawks,Iowa Hawkeyes,Committed,0,3.0,87.0,516.0,55.0,2022,2024-04-21T08:03:00,https://on3static.com/uploads/assets/915/394/394915.JPG,https://www.on3.com/db/cade-borud-149641/,portal_industry_football_2024
Tre Gola-Callard,S,Southern Utah Thunderbirds,Cincinnati Bearcats,Committed,0,3.0,87.0,517.0,79.0,0,2024-04-24T13:55:00,https://on3static.com/uploads/assets/494/309/309494.png,https://www.on3.com/db/tre-gola-callard-242071/,portal_industry_football_2024
Zay Alexander,OT,Mississippi State Bulldogs,Louisiana Ragin Cajuns,Committed,0,3.0,87.0,518.0,45.0,2023,2024-05-22T16:37:00,https://on3static.com/uploads/assets/869/222/222869.png,https://www.on3.com/db/zay-alexander-146500/,portal_industry_football_2024
Jalen Berger,RB,Michigan State Spartans,UCLA Bruins,Committed,0,3.0,87.0,519.0,52.0,2020,2024-07-22T18:12:00,https://on3static.com/uploads/assets/104/235/235104.png,https://www.on3.com/db/jalen-berger-54151/,portal_industry_football_2024
Armani Adams,S,Florida Atlantic Owls,Western Michigan Broncos,Committed,0,3.0,87.0,520.0,77.0,2018,2024-05-25T11:05:00,https://on3static.com/uploads/assets/222/217/217222.png,https://www.on3.com/db/armani-adams-7512/,portal_industry_football_2024
Malcolm Jones,CB,Michigan State Spartans,Jacksonville State Gamecocks,Committed,0,3.0,87.0,521.0,79.0,2022,2024-06-03T13:53:00,https://on3static.com/uploads/assets/165/235/235165.png,https://www.on3.com/db/malcolm-jones-146066/,portal_industry_football_2024
Antonio Colclough,EDGE,Monmouth Hawks,Buffalo Bulls,Committed,0,3.0,87.0,522.0,50.0,2018,2024-05-25T11:10:00,https://on3static.com/uploads/assets/198/112/112198.JPG,https://www.on3.com/db/antonio-colclough-6906/,portal_industry_football_2024
Decarius Hawthorne,DL,Florida Atlantic Owls,USF Bulls,Committed,0,3.0,87.0,523.0,49.0,2020,2024-05-04T18:49:00,https://on3static.com/uploads/assets/548/75/75548.jpg,https://www.on3.com/db/decarius-hawthorne-33197/,portal_industry_football_2024
Davon Townley,EDGE,Penn State Nittany Lions,Missouri State University Bears,Committed,0,3.0,87.0,524.0,53.0,2021,2024-05-26T11:12:00,https://on3static.com/uploads/assets/318/18/18318.jpeg,https://www.on3.com/db/davon-townley-32465/,portal_industry_football_2024
Kobee Minor,S,Indiana Hoosiers,Memphis Tigers,Committed,0,3.0,87.0,525.0,39.0,2020,2024-05-22T16:30:00,https://on3static.com/uploads/assets/422/18/18422.jpeg,https://www.on3.com/db/kobee-minor-75597/,portal_industry_football_2024
Shedrick Rhodes,OT,Ohio Bobcats,Rutgers Scarlet Knights,Committed,0,3.0,87.0,526.0,46.0,2020,2024-05-08T08:50:00,https://on3static.com/uploads/assets/659/310/310659.png,https://www.on3.com/db/shedrick-rhodes-107073/,portal_industry_football_2024
Devan Williams,WR,Tulsa Golden Hurricane,Houston Cougars,Committed,0,3.0,87.0,527.0,118.0,2022,2024-05-05T15:09:00,https://on3static.com/uploads/assets/600/216/216600.png,https://www.on3.com/db/devan-williams-149971/,portal_industry_football_2024
Cristian Conyer,CB,Tennessee Volunteers,Coastal Carolina Chanticleers,Committed,0,3.0,87.0,529.0,99.0,2023,2024-06-01T12:02:00,https://on3static.com/uploads/assets/180/226/226180.jpeg,https://www.on3.com/db/cristian-conyer-26992/,portal_industry_football_2024
Marcellius Pulliam,LB,Miami Hurricanes,Michigan State Spartans,Committed,0,3.0,87.0,530.0,66.0,2023,2024-05-10T11:12:00,https://on3static.com/uploads/assets/539/222/222539.jpg,https://www.on3.com/db/marcellius-pulliam-149733/,portal_industry_football_2024
Mac McWilliams,CB,UAB Blazers,UCF Knights,Committed,0,3.0,87.0,531.0,103.0,2020,2024-05-12T10:35:00,https://on3static.com/uploads/assets/269/415/415269.jpg,https://www.on3.com/db/mac-mcwilliams-27798/,portal_industry_football_2024
Gavin Meyer,DL,Wyoming Cowboys,USC Trojans,Committed,0,3.0,87.0,532.0,71.0,2020,2024-05-22T11:15:00,https://on3static.com/uploads/assets/669/317/317669.png,https://www.on3.com/db/gavin-meyer-45425/,portal_industry_football_2024
Ta'Quan Roberson,QB,Connecticut Huskies,Kansas State Wildcats,Committed,0,3.0,87.0,533.0,56.0,2019,2024-05-15T11:19:00,https://on3static.com/uploads/dev/assets/782/8/8782.jpg,https://www.on3.com/db/taquan-roberson-109629/,portal_industry_football_2024
London Montgomery,RB,Penn State Nittany Lions,East Carolina Pirates,Committed,0,3.0,87.0,535.0,55.0,2023,2024-05-18T11:14:00,https://on3static.com/uploads/assets/551/199/199551.png,https://www.on3.com/db/london-montgomery-147775/,portal_industry_football_2024
Danny Saili,DL,BYU Cougars,Arkansas Razorbacks,Committed,0,3.0,87.0,536.0,67.0,2022,2024-05-06T14:06:00,https://on3static.com/uploads/assets/894/198/198894.jpg,https://www.on3.com/db/danny-saili-236117/,portal_industry_football_2024
Luke Schuermann,DL,Johns Hopkins Blue Jays,UCLA Bruins,Committed,0,3.0,87.0,537.0,57.0,2020,2024-01-22T15:29:00,https://on3static.com/uploads/assets/670/315/315670.png,https://www.on3.com/db/luke-schuermann-242874/,portal_industry_football_2024
Chris Hardie,DL,Jacksonville State Gamecocks,Ole Miss Rebels,Committed,0,3.0,88.0,538.0,46.0,2019,2024-05-26T13:31:00,https://on3static.com/uploads/assets/96/316/316096.png,https://www.on3.com/db/chris-hardie-179728/,portal_industry_football_2024
Ian Conerly-Goodly,S,Southeastern Louisiana Lions,Troy Trojans,Committed,0,3.0,87.0,539.0,59.0,2022,2024-05-15T14:27:00,https://on3static.com/uploads/assets/835/315/315835.jpg,https://www.on3.com/db/ian-conerly-goodly-210824/,portal_industry_football_2024
Owen Goss,S,Colgate Raiders,Arizona Wildcats,Committed,0,3.0,87.0,540.0,74.0,2020,2024-06-06T12:50:00,,https://www.on3.com/db/owen-goss-94792/,portal_industry_football_2024
Fa'Najae Gotay,LB,Maryland Terrapins,Auburn Tigers,Committed,0,3.0,87.0,541.0,82.0,2018,2024-07-11T09:30:00,https://on3static.com/uploads/assets/696/310/310696.png,https://www.on3.com/db/fanajae-gotay-43608/,portal_industry_football_2024
Micah Davis,WR,Utah State Aggies,Ole Miss Rebels,Committed,0,3.0,87.0,542.0,81.0,2021,2024-08-21T14:47:00,https://on3static.com/uploads/assets/68/397/397068.jpg,https://www.on3.com/db/micah-davis-175677/,portal_industry_football_2024
Randon Fontenette,S,TCU Horned Frogs,Vanderbilt Commodores,Committed,0,3.0,89.0,164.0,11.0,2023,2023-12-07T20:02:00,https://on3static.com/uploads/assets/610/581/581610.png,https://www.on3.com/db/randon-fontenette-152185/,portal_industry_football_2024
Leon Lowery,EDGE,Syracuse Orange,Wisconsin Badgers,Committed,0,3.0,86.0,544.0,66.0,2020,2023-12-07T17:06:00,https://on3static.com/uploads/dev/assets/791/9/9791.jpg,https://www.on3.com/db/leon-lowery-79042/,portal_industry_football_2024
Kay'Ron Lynch-Adams,RB,Massachusetts Minutemen,Michigan State Spartans,Committed,0,3.0,89.0,226.0,17.0,2019,2024-04-23T20:16:00,https://on3static.com/uploads/assets/942/349/349942.jpg,https://www.on3.com/db/kayron-lynch-adams-71524/,portal_industry_football_2024
Jaylen Wester,LB,Florida Atlantic Owls,Colorado Buffaloes,Committed,0,3.0,88.0,275.0,19.0,2022,2024-01-15T10:58:00,https://on3static.com/uploads/assets/7/447/447007.png,https://www.on3.com/db/jaylen-wester-146161/,portal_industry_football_2024
Ethan Miner,IOL,North Texas Mean Green,Mississippi State Bulldogs,Committed,0,4.0,91.0,52.0,4.0,2019,2023-12-14T08:25:00,https://on3static.com/uploads/assets/702/143/143702.jpeg,https://www.on3.com/db/ethan-miner-42987/,portal_industry_football_2024
Devynn Cromwell,CB,Guelph University,Texas Tech Red Raiders,Committed,0,3.0,86.0,548.0,145.0,2020,2023-12-13T09:07:00,https://on3static.com/uploads/assets/409/447/447409.png,https://www.on3.com/db/devynn-cromwell-36669/,portal_industry_football_2024
Isaiah Augustave,RB,Arkansas Razorbacks,Colorado Buffaloes,Committed,0,3.0,88.0,300.0,29.0,2023,2024-05-23T15:08:00,https://on3static.com/uploads/assets/936/303/303936.png,https://www.on3.com/db/isaiah-augustave-147651/,portal_industry_football_2024
Jayden McGowan,WR,Vanderbilt Commodores,Boston College Eagles,Committed,0,3.0,88.0,550.0,72.0,2022,2023-12-22T15:07:00,https://on3static.com/uploads/assets/664/267/267664.jpg,https://www.on3.com/db/jayden-mcgowan-58675/,portal_industry_football_2024
Yakiri Walker,IOL,Connecticut Huskies,Colorado Buffaloes,Committed,0,3.0,88.0,551.0,32.0,2021,2023-12-09T09:50:00,https://on3static.com/uploads/assets/641/264/264641.png,https://www.on3.com/db/yakiri-walker-122290/,portal_industry_football_2024
Jabari Brooks,IOL,Samford Bulldogs,UCF Knights,Committed,0,3.0,88.0,552.0,28.0,2021,2023-12-12T11:52:00,https://on3static.com/uploads/assets/734/564/564734.PNG,https://www.on3.com/db/jabari-brooks-163745/,portal_industry_football_2024
Omari Abor,DL,Ohio State Buckeyes,SMU Mustangs,Committed,0,3.0,88.0,553.0,33.0,2022,2023-12-19T16:15:00,https://on3static.com/uploads/assets/492/221/221492.jpeg,https://www.on3.com/db/omari-abor-94434/,portal_industry_football_2024
Isaiah Neyor,WR,Texas Longhorns,Nebraska Cornhuskers,Committed,0,3.0,88.0,554.0,48.0,2019,2024-01-05T22:40:00,https://on3static.com/uploads/assets/652/336/336652.png,https://www.on3.com/db/isaiah-neyor-49666/,portal_industry_football_2024
Jonathan Brady,WR,New Mexico State Aggies,California Golden Bears,Committed,0,3.0,88.0,555.0,53.0,2022,2024-01-11T11:13:00,https://on3static.com/uploads/assets/616/444/444616.png,https://www.on3.com/db/jonathan-brady-64549/,portal_industry_football_2024
Ashtyn Hawkins,WR,Texas State Bobcats,Baylor Bears,Committed,0,3.0,88.0,556.0,61.0,2020,2023-12-15T09:10:00,https://on3static.com/uploads/assets/698/129/129698.jpeg,https://www.on3.com/db/ashtyn-hawkins-174898/,portal_industry_football_2024
Micah Mazzccua,IOL,Florida Gators,Nebraska Cornhuskers,Committed,0,3.0,88.0,557.0,24.0,2020,2024-01-10T14:05:00,https://on3static.com/uploads/assets/799/342/342799.png,https://www.on3.com/db/micah-mazzccua-87185/,portal_industry_football_2024
Darrius Clemons,WR,Michigan Wolverines,Oregon State Beavers,Committed,0,3.0,88.0,558.0,66.0,2022,2024-01-15T15:25:00,https://on3static.com/uploads/assets/932/23/23932.jpg,https://www.on3.com/db/darrius-clemons-30947/,portal_industry_football_2024
Davon Booth,RB,Utah State Aggies,Mississippi State Bulldogs,Committed,0,3.0,88.0,559.0,36.0,2020,2024-04-30T15:59:00,https://on3static.com/uploads/assets/222/308/308222.png,https://www.on3.com/db/davon-booth-32424/,portal_industry_football_2024
Adam Kissayi,EDGE,American Heritage Patriots,Minnesota Golden Gophers,Committed,0,3.0,88.0,560.0,35.0,2024,2024-04-21T16:02:00,https://on3static.com/uploads/assets/761/166/166761.png,https://www.on3.com/db/adam-kissayi-154907/,portal_industry_football_2024
Tyler Foster,TE,Ohio Bobcats,Oklahoma State Cowboys,Committed,0,3.0,86.0,561.0,42.0,2019,2024-01-04T21:01:00,https://on3static.com/uploads/assets/590/268/268590.png,https://www.on3.com/db/tyler-foster-117578/,portal_industry_football_2024
Marley Cook,DL,Middle Tennessee State Blue Raiders,Miami Hurricanes,Committed,0,3.0,89.0,160.0,16.0,2019,2023-12-20T18:03:00,https://on3static.com/uploads/assets/483/262/262483.png,https://www.on3.com/db/marley-cook-83806/,portal_industry_football_2024
Dae'Quan Wright,TE,Virginia Tech Hokies,Ole Miss Rebels,Committed,0,3.0,88.0,271.0,11.0,2022,2024-01-14T13:02:00,https://on3static.com/uploads/assets/795/162/162795.png,https://www.on3.com/db/daequan-wright-27856/,portal_industry_football_2024
Demetrius Knight,LB,Charlotte 49ers,South Carolina Gamecocks,Committed,0,3.0,88.0,564.0,27.0,2019,2024-01-04T20:44:00,https://on3static.com/uploads/dev/assets/908/10/10908.jpg,https://www.on3.com/db/demetrius-knight-33971/,portal_industry_football_2024
Kameron Howard,S,Charlotte 49ers,Alabama Crimson Tide,Committed,0,3.0,88.0,251.0,19.0,2023,2024-04-29T11:15:00,https://on3static.com/uploads/assets/531/311/311531.png,https://www.on3.com/db/kameron-howard-145428/,portal_industry_football_2024
Jacob Rizy,OT,Harvard Crimson,Florida State Seminoles,Committed,0,3.0,88.0,279.0,19.0,2020,2024-01-24T18:44:00,https://on3static.com/uploads/assets/931/258/258931.jpeg,https://www.on3.com/db/jacob-rizy-52181/,portal_industry_football_2024
Monroe Mills,OT,Texas Tech Red Raiders,Louisville Cardinals,Committed,611833,4.0,91.0,51.0,6.0,2020,2023-12-19T13:47:00,https://on3static.com/uploads/assets/279/402/402279.png,https://www.on3.com/db/monroe-mills-90175/,portal_industry_football_2024
JaQues Evans,EDGE,Western Kentucky Hilltoppers,Baylor Bears,Committed,0,4.0,90.0,98.0,8.0,2020,2024-04-28T20:05:00,https://on3static.com/uploads/assets/861/75/75861.jpg,https://www.on3.com/db/jaques-evans-56474/,portal_industry_football_2024
Branson Combs,LB,Southern Illinois Salukis,Wake Forest Demon Deacons,Committed,0,3.0,88.0,282.0,23.0,2019,2023-12-10T13:29:00,https://on3static.com/uploads/assets/258/267/267258.png,https://www.on3.com/db/branson-combs-239269/,portal_industry_football_2024
Jack Hollifield,IOL,Virginia Tech Hokies,Appalachian State Mountaineers,Committed,0,3.0,85.0,571.0,124.0,2021,2024-03-28T13:08:00,https://on3static.com/uploads/assets/421/16/16421.jpeg,https://www.on3.com/db/jack-hollifield-51148/,portal_industry_football_2024
Van Wells,IOL,Colorado Buffaloes,Oregon State Beavers,Committed,0,3.0,88.0,291.0,17.0,2022,2023-12-11T06:20:00,https://on3static.com/uploads/assets/385/242/242385.jpeg,https://www.on3.com/db/van-wells-119299/,portal_industry_football_2024
Caleb Rillos,TE,Air Force Falcons,Florida Gators,Committed,0,3.0,87.0,574.0,31.0,2020,2024-04-16T14:40:00,https://on3static.com/uploads/assets/498/335/335498.png,https://www.on3.com/db/caleb-rillos-238023/,portal_industry_football_2024
Jalen Travis,OT,Princeton Tigers,Iowa State Cyclones,Committed,0,3.0,88.0,575.0,26.0,2020,2024-01-25T13:36:00,https://on3static.com/uploads/assets/912/259/259912.png,https://www.on3.com/db/jalen-travis-54560/,portal_industry_football_2024
Jahfari Harvey,EDGE,Miami Hurricanes,SMU Mustangs,Committed,0,3.0,87.0,576.0,41.0,2019,2023-12-15T19:15:00,https://on3static.com/uploads/assets/513/222/222513.jpg,https://www.on3.com/db/jahfari-harvey-52944/,portal_industry_football_2024
Deion Hankins,RB,UTEP Miners,Texas State Bobcats,Committed,0,3.0,87.0,577.0,43.0,2019,,https://on3static.com/uploads/assets/583/75/75583.jpeg,https://www.on3.com/db/deion-hankins-33353/,portal_industry_football_2024
Miles Cross,WR,Ohio Bobcats,Indiana Hoosiers,Committed,0,3.0,87.0,578.0,77.0,2021,2023-12-18T15:51:00,https://on3static.com/uploads/assets/604/264/264604.jpeg,https://www.on3.com/db/miles-cross-89656/,portal_industry_football_2024
MJ Morris,QB,NC State Wolfpack,Maryland Terrapins,Committed,0,3.0,88.0,579.0,38.0,2022,2023-12-13T17:54:00,https://on3static.com/uploads/assets/529/225/225529.png,https://www.on3.com/db/mj-morris-90053/,portal_industry_football_2024
AJ Green,RB,Arkansas Razorbacks,Oklahoma State Cowboys,Committed,0,3.0,87.0,580.0,57.0,2021,2024-01-10T14:36:00,https://on3static.com/uploads/assets/190/392/392190.jpg,https://www.on3.com/db/aj-green-2170/,portal_industry_football_2024
Bryce Phillips,CB,Tennessee Tech Golden Eagles,San Diego State Aztecs,Committed,0,3.0,87.0,582.0,78.0,2021,2023-12-18T09:45:00,https://on3static.com/uploads/assets/188/265/265188.png,https://www.on3.com/db/bryce-phillips-15897/,portal_industry_football_2024
Jacob Dobbs,LB,Holy Cross Crusaders,James Madison Dukes,Committed,0,3.0,88.0,583.0,35.0,2019,,https://on3static.com/uploads/assets/303/265/265303.png,https://www.on3.com/db/jacob-dobbs-51887/,portal_industry_football_2024
Hershey McLaurin,S,West Virginia Mountaineers,Houston Cougars,Committed,0,3.0,87.0,584.0,43.0,2020,2024-01-08T08:30:00,https://on3static.com/uploads/assets/803/85/85803.jpeg,https://www.on3.com/db/hershey-mclaurin-83995/,portal_industry_football_2024
Trent Hudson,WR,New Mexico State Aggies,Mississippi State Bulldogs,Committed,0,3.0,87.0,585.0,74.0,2021,2024-05-05T17:25:00,https://on3static.com/uploads/assets/914/265/265914.jpeg,https://www.on3.com/db/trent-hudson-163517/,portal_industry_football_2024
Ty French,EDGE,Gardner-Webb Runnin' Bulldogs,West Virginia Mountaineers,Committed,0,3.0,87.0,586.0,36.0,2020,2023-12-06T14:12:00,https://on3static.com/uploads/assets/70/266/266070.png,https://www.on3.com/db/ty-french-116985/,portal_industry_football_2024
Cameron Smith,S,Memphis Tigers,TCU Horned Frogs,Committed,0,3.0,87.0,587.0,50.0,2018,2024-01-13T10:37:00,https://on3static.com/uploads/assets/355/214/214355.jpeg,https://www.on3.com/db/cameron-smith-18085/,portal_industry_football_2024
Desmond Reid,RB,Western Carolina Catamounts,Pittsburgh Panthers,Committed,0,3.0,88.0,588.0,38.0,2022,2023-12-16T16:54:00,https://on3static.com/uploads/assets/750/349/349750.jpg,https://www.on3.com/db/desmond-reid-147493/,portal_industry_football_2024
Travis Bates,DL,Austin Peay Governors,Kansas State Wildcats,Committed,0,3.0,88.0,589.0,39.0,2022,2023-12-18T09:59:00,https://on3static.com/uploads/assets/964/267/267964.png,https://www.on3.com/db/travis-bates-114491/,portal_industry_football_2024
Michael Tarquin,OT,USC Trojans,Oklahoma Sooners,Committed,0,3.0,88.0,590.0,24.0,2019,2024-01-06T12:07:00,https://on3static.com/uploads/assets/970/218/218970.png,https://www.on3.com/db/michael-tarquin-88428/,portal_industry_football_2024
Ja'Varrius Johnson,WR,Auburn Tigers,UCF Knights,Committed,0,3.0,88.0,591.0,59.0,2019,2024-05-14T15:00:00,https://on3static.com/uploads/assets/38/18/18038.jpeg,https://www.on3.com/db/javarrius-johnson-143378/,portal_industry_football_2024
Chandler Morris,QB,TCU Horned Frogs,North Texas Mean Green,Committed,0,3.0,88.0,592.0,36.0,2020,2024-01-13T17:07:00,https://on3static.com/uploads/dev/assets/732/7/7732.jpg,https://www.on3.com/db/chandler-morris-19920/,portal_industry_football_2024
Myles Rowser,S,New Mexico State Aggies,Arizona State Sun Devils,Committed,0,3.0,87.0,593.0,49.0,2022,2024-01-07T18:08:00,https://on3static.com/uploads/assets/222/472/472222.jpg,https://www.on3.com/db/myles-rowser-90759/,portal_industry_football_2024
Donerio Davenport,RB,Texas State Bobcats,Louisiana Tech Bulldogs,Committed,0,3.0,87.0,594.0,59.0,2021,2024-01-07T17:14:00,https://on3static.com/uploads/assets/963/270/270963.png,https://www.on3.com/db/donerio-davenport-38025/,portal_industry_football_2024
D'Quan Douse,DL,Georgia Tech Yellow Jackets,Michigan State Spartans,Committed,0,3.0,87.0,595.0,50.0,2019,2024-01-09T17:09:00,https://on3static.com/uploads/dev/assets/946/10/10946.jpg,https://www.on3.com/db/dquan-douse-27444/,portal_industry_football_2024
Jaylon Jackson,RB,Eastern Michigan Eagles,Iowa State Cyclones,Committed,0,3.0,86.0,596.0,84.0,2020,2024-01-08T16:17:00,https://on3static.com/uploads/assets/154/334/334154.png,https://www.on3.com/db/jaylon-jackson-144602/,portal_industry_football_2024
Brashard Smith,WR,Miami Hurricanes,SMU Mustangs,Committed,0,3.0,87.0,597.0,97.0,2021,2024-01-15T14:45:00,https://on3static.com/uploads/assets/553/222/222553.jpg,https://www.on3.com/db/brashard-smith-13445/,portal_industry_football_2024
Jonathan Davis,DL,Mississippi State Bulldogs,Southern Miss Golden Eagles,Committed,0,3.0,87.0,598.0,77.0,2023,2024-01-15T10:59:00,https://on3static.com/uploads/assets/867/222/222867.png,https://www.on3.com/db/jonathan-davis-176555/,portal_industry_football_2024
Jayden Harrison,WR,Marshall Thundering Herd,Notre Dame Fighting Irish,Committed,0,3.0,87.0,599.0,104.0,2019,2024-01-09T12:53:00,https://on3static.com/uploads/assets/724/17/17724.jpeg,https://www.on3.com/db/jayden-harrison-58654/,portal_industry_football_2024
Tre Shackelford,WR,Austin Peay Governors,Washington State Cougars,Committed,0,3.0,87.0,600.0,103.0,2021,2023-12-30T16:46:00,https://on3static.com/uploads/assets/860/265/265860.png,https://www.on3.com/db/tre-shackelford-115039/,portal_industry_football_2024
Donovan Kaufman,S,Auburn Tigers,NC State Wolfpack,Committed,138506,3.0,87.0,601.0,45.0,2020,2024-02-05T09:25:00,https://on3static.com/uploads/assets/985/17/17985.jpeg,https://www.on3.com/db/donovan-kaufman-144415/,portal_industry_football_2024
Romello Height,EDGE,USC Trojans,Georgia Tech Yellow Jackets,Committed,0,3.0,87.0,602.0,37.0,2020,2024-04-20T09:02:00,https://on3static.com/uploads/assets/171/93/93171.png,https://www.on3.com/db/romello-height-101999/,portal_industry_football_2024
Tiaoalii Savea,DL,Arizona Wildcats,Texas Longhorns,Committed,0,3.0,87.0,603.0,65.0,2021,2024-01-23T09:24:00,https://on3static.com/uploads/assets/566/16/16566.jpeg,https://www.on3.com/db/tiaoalii-savea-112574/,portal_industry_football_2024
Kyle Moretti,LB,Central Michigan Chippewas,San Diego State Aztecs,Committed,0,3.0,87.0,604.0,55.0,2020,2024-04-27T12:42:00,https://on3static.com/uploads/assets/196/279/279196.png,https://www.on3.com/db/kyle-moretti-76800/,portal_industry_football_2024
Gio Paez,DL,Wisconsin Badgers,LSU Tigers,Committed,0,3.0,88.0,605.0,43.0,2019,2024-03-26T15:58:00,https://on3static.com/uploads/assets/391/18/18391.jpeg,https://www.on3.com/db/gio-paez-46133/,portal_industry_football_2024
Kardell Thomas,IOL,Florida A&M Rattlers,Colorado Buffaloes,Committed,0,3.0,86.0,606.0,109.0,2019,2024-08-12T12:32:00,https://on3static.com/uploads/assets/674/18/18674.png,https://www.on3.com/db/kardell-thomas-71217/,portal_industry_football_2024
Troy Jakubec,S,Youngstown State Penguins,UAB Blazers,Committed,0,3.0,86.0,607.0,154.0,2019,2024-05-02T16:10:00,https://on3static.com/uploads/assets/48/305/305048.jpeg,https://www.on3.com/db/troy-jakubec-241781/,portal_industry_football_2024
Monroe Beard III,LB,Tennessee State Tigers,Marshall Thundering Herd,Committed,0,3.0,86.0,608.0,91.0,2019,2024-05-18T13:24:00,https://on3static.com/uploads/assets/503/307/307503.jpeg,https://www.on3.com/db/monroe-beard-iii-90170/,portal_industry_football_2024
Nick Evers,,Wisconsin Badgers,Connecticut Huskies,Committed,0,3.0,88.0,609.0,47.0,2022,2024-05-01T13:45:00,https://on3static.com/uploads/assets/435/469/469435.png,https://www.on3.com/db/nick-evers-92496/,portal_industry_football_2024
Jeremiah Hughes,CB,LSU Tigers,Michigan State Spartans,Committed,0,3.0,88.0,610.0,60.0,2023,2024-05-17T14:11:00,https://on3static.com/uploads/assets/453/567/567453.png,https://www.on3.com/db/jeremiah-hughes-145015/,portal_industry_football_2024
Billy Walton,EDGE,Texas Longhorns,SMU Mustangs,Committed,0,3.0,87.0,611.0,52.0,2023,2024-05-01T12:13:00,https://on3static.com/uploads/assets/133/209/209133.jpeg,https://www.on3.com/db/billy-walton-10555/,portal_industry_football_2024
Anthony James,EDGE,Washington Huskies,Eastern Washington Eagles,Committed,0,3.0,87.0,612.0,59.0,2023,2024-06-04T11:21:00,https://on3static.com/uploads/assets/299/219/219299.png,https://www.on3.com/db/anthony-james-145178/,portal_industry_football_2024
Christian Brathwaite,LB,LSU Tigers,Houston Cougars,Committed,0,3.0,87.0,613.0,43.0,2023,2024-05-05T13:50:00,https://on3static.com/uploads/assets/684/117/117684.jpeg,https://www.on3.com/db/christian-brathwaite-22795/,portal_industry_football_2024
Luke Burgess,OT,Louisville Cardinals,Appalachian State Mountaineers,Committed,0,3.0,86.0,614.0,63.0,2023,2024-05-04T13:52:00,https://on3static.com/uploads/assets/227/223/223227.png,https://www.on3.com/db/luke-burgess-145952/,portal_industry_football_2024
Braedon Sloan,RB,Eastern Kentucky Colonels,Ball State Cardinals,Committed,0,3.0,87.0,615.0,61.0,2021,2024-05-07T13:53:00,https://on3static.com/uploads/assets/446/309/309446.png,https://www.on3.com/db/braedon-sloan-11969/,portal_industry_football_2024
Paris Patterson,IOL,Arkansas Razorbacks,SMU Mustangs,Committed,0,3.0,86.0,617.0,92.0,2023,2024-05-05T18:45:00,https://on3static.com/uploads/assets/968/303/303968.png,https://www.on3.com/db/paris-patterson-94971/,portal_industry_football_2024
Marquis Shoulders,WR,Tulsa Golden Hurricane,Houston Cougars,Committed,0,3.0,87.0,619.0,86.0,2021,2024-05-05T13:56:00,https://on3static.com/uploads/assets/368/74/74368.jpeg,https://www.on3.com/db/marquis-shoulders-84201/,portal_industry_football_2024
Kaleb Spencer,LB,Miami Hurricanes,Virginia Tech Hokies,Committed,0,3.0,87.0,620.0,79.0,2023,2024-05-18T17:11:00,https://on3static.com/uploads/assets/557/222/222557.jpg,https://www.on3.com/db/kaleb-spencer-147196/,portal_industry_football_2024
BJ Mayes,CB,UAB Blazers,Texas A&M Aggies,Committed,0,4.0,90.0,132.0,20.0,2021,2024-01-06T14:12:00,https://on3static.com/uploads/assets/715/141/141715.jpeg,https://www.on3.com/db/bj-mayes-14626/,portal_industry_football_2024
Carsen Ryan,TE,UCLA Bruins,Utah Utes,Committed,0,3.0,88.0,622.0,16.0,2022,2023-12-14T11:53:00,https://on3static.com/uploads/assets/124/394/394124.jpg,https://www.on3.com/db/carsen-ryan-18699/,portal_industry_football_2024
Bauer Sharp,TE,Southeastern Louisiana Lions,Oklahoma Sooners,Committed,0,3.0,88.0,623.0,17.0,2021,2023-12-18T10:05:00,https://on3static.com/uploads/assets/326/396/396326.jpg,https://www.on3.com/db/bauer-sharp-210971/,portal_industry_football_2024
Yam Banks,CB,South Alabama Jaguars,Ole Miss Rebels,Committed,0,3.0,88.0,624.0,45.0,2020,2024-01-14T15:59:00,https://on3static.com/uploads/assets/938/272/272938.png,https://www.on3.com/db/yam-banks-122293/,portal_industry_football_2024
Kadarius Calloway,RB,Old Dominion Monarchs,California Golden Bears,Committed,0,3.0,88.0,265.0,20.0,2021,2024-01-03T13:05:00,https://on3static.com/uploads/assets/223/444/444223.png,https://www.on3.com/db/kadarius-calloway-70299/,portal_industry_football_2024
Dion Washington,EDGE,Nevada Wolf Pack,Hawaii Rainbow Warriors,Committed,0,3.0,86.0,626.0,73.0,2021,2023-12-20T13:04:00,https://on3static.com/uploads/assets/640/265/265640.png,https://www.on3.com/db/dion-washington-37159/,portal_industry_football_2024
J.D. Rhym,CB,Auburn Tigers,Houston Cougars,Committed,0,3.0,88.0,627.0,63.0,2022,2024-05-10T13:15:00,https://on3static.com/uploads/assets/826/93/93826.jpg,https://www.on3.com/db/jd-rhym-52542/,portal_industry_football_2024
Kodi Decambra,CB,Oregon Ducks,UNLV Rebels,Committed,0,3.0,88.0,628.0,64.0,2023,2024-05-19T21:19:00,https://on3static.com/uploads/assets/128/304/304128.png,https://www.on3.com/db/kodi-decambra-75646/,portal_industry_football_2024
Savion Washington,OT,Colorado Buffaloes,Syracuse Orange,Committed,0,3.0,88.0,280.0,20.0,2020,2024-04-23T22:00:00,https://on3static.com/uploads/assets/406/242/242406.jpeg,https://www.on3.com/db/savion-washington-104957/,portal_industry_football_2024
Jacolby Criswell,QB,Arkansas Razorbacks,North Carolina Tar Heels,Committed,0,3.0,88.0,287.0,33.0,2020,2024-04-30T08:06:00,https://on3static.com/uploads/dev/assets/112/10/10112.jpg,https://www.on3.com/db/jacolby-criswell-52407/,portal_industry_football_2024
Corey Stewart,OT,Ball State Cardinals,Purdue Boilermakers,Committed,0,4.0,90.0,108.0,12.0,2020,2023-12-10T15:41:00,https://on3static.com/uploads/assets/892/343/343892.png,https://www.on3.com/db/corey-stewart-26331/,portal_industry_football_2024
Javon Harvey,WR,Old Dominion Monarchs,Duke Blue Devils,Committed,0,3.0,86.0,632.0,123.0,2019,2024-01-06T16:00:00,https://on3static.com/uploads/assets/170/171/171170.png,https://www.on3.com/db/javon-harvey-58143/,portal_industry_football_2024
Logan Wilson,S,North Texas Mean Green,Cincinnati Bearcats,Committed,0,3.0,87.0,633.0,68.0,2019,,https://on3static.com/uploads/assets/172/75/75172.jpeg,https://www.on3.com/db/logan-wilson-79931/,portal_industry_football_2024
Evan Pryor,RB,Ohio State Buckeyes,Cincinnati Bearcats,Committed,0,3.0,86.0,634.0,70.0,2021,2023-12-13T09:20:00,https://on3static.com/uploads/assets/566/221/221566.jpeg,https://www.on3.com/db/evan-pryor-43376/,portal_industry_football_2024
Marquis Groves-Killebrew,CB,Louisville Cardinals,Arizona Wildcats,Committed,0,3.0,87.0,635.0,115.0,2022,,https://on3static.com/uploads/assets/947/349/349947.jpg,https://www.on3.com/db/marquis-groves-killebrew-84153/,portal_industry_football_2024
Corey Coley Jr.,CB,Maryland Terrapins,NC State Wolfpack,Committed,0,3.0,86.0,636.0,126.0,2021,2023-12-17T18:10:00,https://on3static.com/uploads/dev/assets/439/6/6439.jpg,https://www.on3.com/db/corey-coley-jr-26096/,portal_industry_football_2024
Trent Holler,IOL,Marshall Thundering Herd,Memphis Tigers,Committed,0,3.0,88.0,637.0,27.0,2019,2023-12-19T06:55:00,https://on3static.com/uploads/assets/108/26/26108.png,https://www.on3.com/db/trent-holler-115289/,portal_industry_football_2024
A.J. Duffy,QB,Florida State Seminoles,San Diego State Aztecs,Committed,0,3.0,87.0,638.0,57.0,2022,2023-12-14T16:10:00,https://on3static.com/uploads/assets/110/242/242110.jpeg,https://www.on3.com/db/aj-duffy-2154/,portal_industry_football_2024
Caleb Douglas,WR,Florida Gators,Texas Tech Red Raiders,Committed,0,3.0,86.0,639.0,141.0,2022,2023-12-13T14:02:00,https://on3static.com/uploads/assets/791/93/93791.jpg,https://www.on3.com/db/caleb-douglas-16956/,portal_industry_football_2024
Derrick Canteen,CB,Virginia Tech Hokies,Cincinnati Bearcats,Committed,0,3.0,86.0,640.0,121.0,2019,2024-01-08T16:30:00,https://on3static.com/uploads/assets/798/162/162798.png,https://www.on3.com/db/derrick-canteen-35027/,portal_industry_football_2024
E.J. Lightsey,LB,Georgia Bulldogs,Georgia Tech Yellow Jackets,Committed,0,3.0,87.0,641.0,76.0,2022,2023-12-20T09:26:00,https://on3static.com/uploads/assets/63/153/153063.jpg,https://www.on3.com/db/ej-lightsey-40827/,portal_industry_football_2024
DeCarlos Nicholson,CB,Mississippi State Bulldogs,USC Trojans,Committed,0,3.0,87.0,642.0,87.0,2020,2023-12-20T22:11:00,https://on3static.com/uploads/assets/967/72/72967.jpeg,https://www.on3.com/db/decarlos-nicholson-33203/,portal_industry_football_2024
Jahsiah Galvan,LB,Northern Iowa Panthers,Stanford Cardinal,Committed,0,3.0,88.0,643.0,28.0,2022,2024-01-14T17:10:00,https://on3static.com/uploads/assets/652/337/337652.png,https://www.on3.com/db/jahsiah-galvan-53064/,portal_industry_football_2024
Anthony Hankerson,RB,Colorado Buffaloes,Oregon State Beavers,Committed,0,3.0,86.0,644.0,81.0,2022,2023-12-13T18:45:00,https://on3static.com/uploads/assets/299/242/242299.jpeg,https://www.on3.com/db/anthony-hankerson-6176/,portal_industry_football_2024
Wilky Denaud,DL,Auburn Tigers,Mississippi State Bulldogs,Committed,0,3.0,87.0,645.0,84.0,2023,2024-01-08T22:12:00,https://on3static.com/uploads/assets/756/75/75756.png,https://www.on3.com/db/wilky-denaud-120622/,portal_industry_football_2024
Michael Carmody,OT,Notre Dame Fighting Irish,UCLA Bruins,Committed,0,3.0,86.0,646.0,54.0,2020,2024-01-21T09:13:00,https://on3static.com/uploads/assets/854/235/235854.jpeg,https://www.on3.com/db/michael-carmody-87485/,portal_industry_football_2024
Jeremiah Dillon,WR,Ole Miss Rebels,Vanderbilt Commodores,Committed,0,3.0,88.0,647.0,71.0,2022,2023-12-21T18:03:00,https://on3static.com/uploads/assets/285/332/332285.png,https://www.on3.com/db/jeremiah-dillon-60087/,portal_industry_football_2024
Fabian Ross,CB,USC Trojans,Hawaii Rainbow Warriors,Committed,0,3.0,87.0,648.0,105.0,2022,2024-01-06T23:54:00,https://on3static.com/uploads/assets/663/94/94663.png,https://www.on3.com/db/fabian-ross-43636/,portal_industry_football_2024
Robby Ashford,QB,Auburn Tigers,South Carolina Gamecocks,Committed,0,3.0,86.0,649.0,80.0,2020,2024-01-16T12:38:00,https://on3static.com/uploads/dev/assets/159/6/6159.jpg,https://www.on3.com/db/robby-ashford-100872/,portal_industry_football_2024
Rodas Johnson,DL,Wisconsin Badgers,Texas A&M Aggies,Committed,0,3.0,87.0,650.0,62.0,2019,2024-01-06T14:12:00,https://on3static.com/uploads/dev/assets/524/10/10524.jpg,https://www.on3.com/db/rodas-johnson-142930/,portal_industry_football_2024
Jesiah Pierre,LB,Texas Tech Red Raiders,UCF Knights,Committed,0,3.0,87.0,651.0,56.0,2019,2024-01-05T16:25:00,https://on3static.com/uploads/assets/950/17/17950.jpeg,https://www.on3.com/db/jesiah-pierre-61184/,portal_industry_football_2024
Marlem Louis,DL,Richmond Spiders,San Diego State Aztecs,Committed,0,3.0,88.0,652.0,40.0,0,2023-12-20T13:20:00,https://on3static.com/uploads/assets/673/269/269673.png,https://www.on3.com/db/marlem-louis-229189/,portal_industry_football_2024
Joshua Miller,IOL,Georgia Bulldogs,Syracuse Orange,Committed,0,3.0,87.0,653.0,65.0,2023,2023-12-23T12:14:00,https://on3static.com/uploads/assets/873/391/391873.png,https://www.on3.com/db/joshua-miller-67998/,portal_industry_football_2024
Josh Atkins,IOL,Hawaii Rainbow Warriors,Arizona State Sun Devils,Committed,0,3.0,87.0,654.0,43.0,2021,2024-01-05T14:21:00,https://on3static.com/uploads/assets/375/472/472375.jpg,https://www.on3.com/db/josh-atkins-67815/,portal_industry_football_2024
Jailin Walker,LB,James Madison Dukes,Indiana Hoosiers,Committed,0,3.0,87.0,655.0,46.0,2021,2023-12-24T14:47:00,https://on3static.com/uploads/assets/219/178/178219.jpeg,https://www.on3.com/db/jailin-walker-53154/,portal_industry_football_2024
Stefon Thompson,LB,Syracuse Orange,Nebraska Cornhuskers,Committed,0,3.0,87.0,656.0,44.0,2020,2024-01-11T17:10:00,https://on3static.com/uploads/assets/798/342/342798.png,https://www.on3.com/db/stefon-thompson-108303/,portal_industry_football_2024
Kempton Shine,CB,Eastern Michigan Eagles,Virginia Cavaliers,Committed,0,3.0,87.0,657.0,88.0,2019,2024-01-08T17:41:00,https://on3static.com/uploads/assets/426/271/271426.png,https://www.on3.com/db/kempton-shine-72596/,portal_industry_football_2024
Alaka'i Gilman,S,Stanford Cardinal,Utah Utes,Committed,0,3.0,87.0,658.0,44.0,2020,2024-01-12T14:51:00,https://on3static.com/uploads/dev/assets/930/5/5930.jpg,https://www.on3.com/db/alakai-gilman-2434/,portal_industry_football_2024
Torricelli Simpkins,IOL,North Carolina Central Eagles,South Carolina Gamecocks,Committed,0,3.0,88.0,659.0,33.0,2021,2024-01-04T14:43:00,https://on3static.com/uploads/assets/640/273/273640.png,https://www.on3.com/db/torricelli-simpkins-205094/,portal_industry_football_2024
Gerald Mincey,OT,Tennessee Volunteers,Kentucky Wildcats,Committed,0,3.0,87.0,660.0,31.0,2020,2024-01-12T18:00:00,https://on3static.com/uploads/assets/230/226/226230.jpeg,https://www.on3.com/db/gerald-mincey-45872/,portal_industry_football_2024
Trill Carter,DL,Texas Longhorns,Auburn Tigers,Committed,0,3.0,87.0,661.0,69.0,2019,2024-01-08T13:22:00,https://on3static.com/uploads/assets/146/209/209146.jpeg,https://www.on3.com/db/trill-carter-33088/,portal_industry_football_2024
Richie Leonard,IOL,Florida Gators,Florida State Seminoles,Committed,0,3.0,87.0,662.0,40.0,2020,2024-01-13T15:16:00,https://on3static.com/uploads/dev/assets/608/9/9608.jpg,https://www.on3.com/db/richie-leonard-99988/,portal_industry_football_2024
Clarence Lewis,CB,Notre Dame Fighting Irish,Syracuse Orange,Committed,0,3.0,87.0,663.0,102.0,2020,2024-04-16T10:40:00,https://on3static.com/uploads/assets/906/235/235906.jpeg,https://www.on3.com/db/clarence-lewis-23726/,portal_industry_football_2024
Eric Brantley Jr.,EDGE,Colorado Buffaloes,Florida Atlantic Owls,Committed,0,3.0,87.0,664.0,47.0,2024,2024-05-21T15:38:00,https://on3static.com/uploads/assets/398/55/55398.PNG,https://www.on3.com/db/eric-brantley-jr-151702/,portal_industry_football_2024
Larry Worth,LB,Jacksonville State Gamecocks,Arkansas Razorbacks,Committed,0,3.0,87.0,665.0,60.0,2022,2024-04-21T15:41:00,https://on3static.com/uploads/assets/483/179/179483.jpeg,https://www.on3.com/db/larry-worth-179588/,portal_industry_football_2024
Colton Hood,CB,Auburn Tigers,Colorado Buffaloes,Committed,0,3.0,88.0,666.0,61.0,2023,2024-04-28T14:11:00,https://on3static.com/uploads/assets/624/303/303624.png,https://www.on3.com/db/colton-hood-150244/,portal_industry_football_2024
DeAndre Jules,EDGE,Pittsburgh Panthers,South Carolina Gamecocks,Committed,0,3.0,87.0,667.0,58.0,2019,2023-12-13T19:40:00,https://on3static.com/uploads/dev/assets/29/10/10029.jpg,https://www.on3.com/db/deandre-jules-142676/,portal_industry_football_2024
Donovan Saunders,S,Cal Poly Mustangs,Texas A&M Aggies,Committed,0,3.0,87.0,668.0,55.0,2022,2024-01-05T10:41:00,https://on3static.com/uploads/assets/977/264/264977.jpeg,https://www.on3.com/db/donovan-saunders-38246/,portal_industry_football_2024
Quali Conley,RB,San Jose State Spartans,Arizona Wildcats,Committed,0,3.0,89.0,202.0,15.0,2020,2024-02-07T12:03:00,https://on3static.com/uploads/assets/376/130/130376.jpeg,https://www.on3.com/db/quali-conley-97074/,portal_industry_football_2024
Denver Harris,CB,LSU Tigers,UTSA Roadrunners,Committed,0,3.0,87.0,670.0,94.0,2022,2024-02-06T11:13:00,https://on3static.com/uploads/assets/744/71/71744.jpeg,https://www.on3.com/db/denver-harris-34282/,portal_industry_football_2024
Jake Pope,S,Alabama Crimson Tide,Georgia Bulldogs,Committed,0,3.0,88.0,671.0,34.0,2022,2024-01-12T11:11:00,https://on3static.com/uploads/assets/774/225/225774.jpeg,https://www.on3.com/db/jake-pope-53752/,portal_industry_football_2024
Tahveon Nicholson,CB,Illinois Fighting Illini,Louisville Cardinals,Committed,0,3.0,89.0,222.0,29.0,2019,2024-01-17T18:38:00,https://on3static.com/uploads/assets/938/15/15938.jpeg,https://www.on3.com/db/tahveon-nicholson-109794/,portal_industry_football_2024
Johncarlos Miller,TE,Elon Phoenix,Texas Tech Red Raiders,Committed,0,3.0,88.0,673.0,19.0,2021,2023-12-16T18:36:00,https://on3static.com/uploads/assets/172/265/265172.png,https://www.on3.com/db/johncarlos-miller-63917/,portal_industry_football_2024
Kendrick Simpkins,S,Western Kentucky Hilltoppers,Baylor Bears,Committed,0,3.0,88.0,674.0,27.0,2020,2023-12-17T09:11:00,https://on3static.com/uploads/assets/898/75/75898.jpg,https://www.on3.com/db/kendrick-simpkins-72963/,portal_industry_football_2024
Collin Sullivan,WR,Purdue Boilermakers,Houston Christian Huskies,Committed,0,3.0,86.0,675.0,166.0,2020,2023-12-19T11:24:00,https://on3static.com/uploads/assets/234/168/168234.png,https://www.on3.com/db/collin-sullivan-25219/,portal_industry_football_2024
Terrance Caldwell,IOL,Cornell Big Red,Weber State Wildcats,Committed,0,3.0,86.0,676.0,74.0,2021,2024-05-01T11:48:00,https://on3static.com/uploads/assets/682/252/252682.jpeg,https://www.on3.com/db/terrance-caldwell-111315/,portal_industry_football_2024
Kevin Singer,IOL,Albany Great Danes,Wagner Seahawks,Committed,0,3.0,86.0,678.0,95.0,2019,2023-12-20T11:27:00,https://on3static.com/uploads/assets/832/238/238832.jpeg,https://www.on3.com/db/kevin-singer-219051/,portal_industry_football_2024
Donnell Wilson,OT,Coastal Carolina Chanticleers,,Entered,0,3.0,86.0,679.0,72.0,2019,2023-11-02T08:22:00,https://on3static.com/uploads/dev/assets/853/2/2853.jpg,https://www.on3.com/db/donnell-wilson-38066/,portal_industry_football_2024
Holt Fletcher,LB,Cornell Big Red,Boston College Eagles,Committed,0,3.0,86.0,680.0,129.0,2020,2024-05-29T11:38:00,https://on3static.com/uploads/assets/94/250/250094.jpeg,https://www.on3.com/db/holt-fletcher-238623/,portal_industry_football_2024
Jaeden Ward,LB,Northwestern State Demons,Jackson State Tigers,Committed,0,3.0,86.0,681.0,101.0,2020,2023-12-10T11:48:00,https://on3static.com/uploads/assets/324/253/253324.png,https://www.on3.com/db/jaeden-ward-238734/,portal_industry_football_2024
Tyler Knoop,QB,Georgetown Hoyas,Stony Brook Seawolves,Committed,0,3.0,86.0,682.0,90.0,2019,2023-12-20T11:54:00,https://on3static.com/uploads/assets/347/259/259347.jpeg,https://www.on3.com/db/tyler-knoop-117733/,portal_industry_football_2024
John Olmstead,IOL,Lafayette Leopards,Maine Black Bears,Committed,0,3.0,86.0,683.0,90.0,2019,2023-12-15T11:52:00,https://on3static.com/uploads/assets/904/16/16904.jpeg,https://www.on3.com/db/john-olmstead-63481/,portal_industry_football_2024
Cameron Wiley,RB,Akron Zips,,Entered,0,3.0,86.0,684.0,85.0,2019,2023-11-02T12:28:00,https://on3static.com/uploads/dev/assets/8/7/7008.jpg,https://www.on3.com/db/cameron-wiley-18179/,portal_industry_football_2024
Jahmar Brown,S,Coastal Carolina Chanticleers,Liberty Flames,Committed,0,3.0,86.0,685.0,131.0,2019,2023-12-19T13:05:00,https://on3static.com/uploads/dev/assets/617/4/4617.jpg,https://www.on3.com/db/jahmar-brown-53004/,portal_industry_football_2024
Matt Robbert,TE,Cornell Big Red,Richmond Spiders,Committed,0,3.0,86.0,686.0,45.0,2020,2024-01-21T11:32:00,https://on3static.com/uploads/assets/375/245/245375.jpeg,https://www.on3.com/db/matt-robbert-238475/,portal_industry_football_2024
Jared Pedraza,LB,Northwestern State Demons,Southeast Missouri State Redhawks,Committed,0,3.0,86.0,687.0,112.0,2019,2023-12-20T11:39:00,https://on3static.com/uploads/assets/322/250/250322.png,https://www.on3.com/db/jared-pedraza-56740/,portal_industry_football_2024
Aakil Washington,LB,Liberty Flames,South Alabama Jaguars,Committed,0,3.0,86.0,688.0,104.0,2020,2024-01-12T11:30:00,https://on3static.com/uploads/assets/705/73/73705.jpg,https://www.on3.com/db/aakil-washington-259/,portal_industry_football_2024
Brayden Bryant,IOL,North Dakota Fighting Hawks,San Diego State Aztecs,Committed,0,3.0,86.0,689.0,107.0,2019,2023-12-20T13:18:00,https://on3static.com/uploads/assets/58/245/245058.jpeg,https://www.on3.com/db/brayden-bryant-13519/,portal_industry_football_2024
Laine Jenkins,EDGE,Illinois Fighting Illini,,Entered,0,3.0,86.0,690.0,84.0,2021,2024-04-16T10:45:00,https://on3static.com/uploads/assets/735/188/188735.jpg,https://www.on3.com/db/laine-jenkins-180565/,portal_industry_football_2024
Nicholas Laboy,WR,Cornell Big Red,Delaware Fightin' Blue Hens,Committed,0,3.0,86.0,691.0,182.0,2020,2024-05-01T11:51:00,https://on3static.com/uploads/assets/760/258/258760.jpeg,https://www.on3.com/db/nicholas-laboy-238753/,portal_industry_football_2024
Brody Kidwell,S,Cornell Big Red,Boston College Eagles,Committed,0,3.0,86.0,692.0,145.0,2020,2024-05-01T11:36:00,https://on3static.com/uploads/assets/164/247/247164.jpeg,https://www.on3.com/db/brody-kidwell-238520/,portal_industry_football_2024
Mark McCurdy,WR,Davidson Wildcats,Colorado School of Mines Orediggers,Committed,0,3.0,86.0,694.0,154.0,2020,2024-06-04T11:56:00,https://on3static.com/uploads/assets/917/259/259917.png,https://www.on3.com/db/mark-mccurdy-83464/,portal_industry_football_2024
Nick Walker,LB,Murray State Racers,,Entered,0,3.0,86.0,696.0,125.0,2020,2023-11-27T09:30:00,https://on3static.com/uploads/assets/956/261/261956.jpeg,https://www.on3.com/db/nick-walker-239016/,portal_industry_football_2024
Roderick Webb,CB,University of Charleston Golden Eagles,,Entered,0,3.0,86.0,697.0,182.0,2020,2023-11-27T09:41:00,https://on3static.com/uploads/assets/959/261/261959.png,https://www.on3.com/db/roderick-webb-101633/,portal_industry_football_2024
John Bolding,IOL,Southern Miss Golden Eagles,,Entered,0,3.0,86.0,698.0,94.0,2018,2023-11-27T16:24:00,https://on3static.com/uploads/assets/264/262/262264.png,https://www.on3.com/db/john-bolding-62974/,portal_industry_football_2024
Noah Avinger,CB,San Diego State Aztecs,New Mexico Lobos,Committed,0,3.0,85.0,699.0,203.0,2021,2024-01-16T15:35:00,https://on3static.com/uploads/assets/462/178/178462.png,https://www.on3.com/db/noah-avinger-93516/,portal_industry_football_2024
Donovan Ollie,WR,Cincinnati Bearcats,Colorado State Rams,Committed,0,3.0,86.0,701.0,150.0,2019,2024-01-17T13:32:00,https://on3static.com/uploads/dev/assets/243/3/3243.jpg,https://www.on3.com/db/donovan-ollie-38220/,portal_industry_football_2024
Michael Alaimo,QB,Kent State Golden Flashes,,Entered,0,3.0,86.0,702.0,79.0,2020,2023-11-29T09:02:00,https://on3static.com/uploads/dev/assets/13/9/9013.jpg,https://www.on3.com/db/michael-alaimo-87283/,portal_industry_football_2024
Jalen Rudolph,DL,UTEP Miners,,Entered,0,3.0,86.0,706.0,128.0,2019,2023-11-28T18:00:00,https://on3static.com/uploads/assets/624/75/75624.jpeg,https://www.on3.com/db/jalen-rudolph-54495/,portal_industry_football_2024
Stacey Wilkins,OT,Louisiana-Monroe Warhawks,Western Kentucky Hilltoppers,Committed,0,3.0,86.0,707.0,67.0,2019,,https://on3static.com/uploads/assets/497/18/18497.jpeg,https://www.on3.com/db/stacey-wilkins-108121/,portal_industry_football_2024
Torrance Burgess Jr.,RB,UTEP Miners,Texas State Bobcats,Committed,0,3.0,87.0,708.0,44.0,2021,2024-01-28T12:27:00,https://on3static.com/uploads/assets/559/88/88559.jpg,https://www.on3.com/db/torrance-burgess-jr-114115/,portal_industry_football_2024
Dwight Toombs II,S,Florida Atlantic Owls,,Entered,0,3.0,86.0,709.0,121.0,2019,2023-12-01T16:41:00,https://on3static.com/uploads/assets/123/74/74123.jpg,https://www.on3.com/db/dwight-toombs-ii-39740/,portal_industry_football_2024
Jack Salopek,QB,Western Michigan Broncos,,Entered,0,3.0,86.0,710.0,99.0,2020,2023-12-04T07:21:00,https://on3static.com/uploads/assets/636/229/229636.jpg,https://www.on3.com/db/jack-salopek-51311/,portal_industry_football_2024
Micah Kelly,RB,Toledo Rockets,,Entered,0,3.0,86.0,711.0,86.0,2019,2023-12-04T10:42:00,https://on3static.com/uploads/assets/734/264/264734.jpeg,https://www.on3.com/db/micah-kelly-87169/,portal_industry_football_2024
Emmett Morehead,QB,Boston College Eagles,Old Dominion Monarchs,Committed,0,3.0,86.0,712.0,98.0,2021,2024-05-06T10:34:00,https://on3static.com/uploads/assets/198/16/16198.jpeg,https://www.on3.com/db/emmett-morehead-41837/,portal_industry_football_2024
Lu Tillery,CB,Louisiana-Monroe Warhawks,Tulane Green Wave,Committed,0,3.0,87.0,713.0,84.0,0,2024-01-15T12:31:00,https://on3static.com/uploads/assets/845/264/264845.png,https://www.on3.com/db/lu-tillery-239058/,portal_industry_football_2024
Teylor Jackson,LB,East Carolina Pirates,Liberty Flames,Committed,0,3.0,86.0,714.0,98.0,2020,2023-12-18T13:06:00,https://on3static.com/uploads/assets/460/213/213460.jpeg,https://www.on3.com/db/teylor-jackson-143734/,portal_industry_football_2024
Dashaun Davis,WR,Appalachian State Mountaineers,,Entered,0,3.0,86.0,715.0,127.0,2019,2023-12-04T17:42:00,https://on3static.com/uploads/assets/61/170/170061.png,https://www.on3.com/db/dashaun-davis-31224/,portal_industry_football_2024
Josh Delgado,WR,Oregon Ducks,,Entered,0,3.0,86.0,716.0,158.0,2019,2023-12-04T18:45:00,https://on3static.com/uploads/dev/assets/413/6/6413.jpg,https://www.on3.com/db/josh-delgado-67015/,portal_industry_football_2024
Tyson Mobley,WR,Coastal Carolina Chanticleers,Liberty Flames,Committed,0,3.0,86.0,717.0,148.0,2020,2024-01-27T09:47:00,https://on3static.com/uploads/dev/assets/823/2/2823.jpg,https://www.on3.com/db/tyson-mobley-119055/,portal_industry_football_2024
Vai Kaho,LB,San Diego State Aztecs,Montana Grizzlies,Committed,0,3.0,86.0,718.0,127.0,2020,2024-01-15T12:00:00,https://on3static.com/uploads/assets/489/178/178489.png,https://www.on3.com/db/vai-kaho-143866/,portal_industry_football_2024
Daniel Richardson,QB,Florida Atlantic Owls,,Entered,0,3.0,86.0,719.0,70.0,2019,2023-12-05T11:28:00,https://on3static.com/uploads/assets/701/132/132701.jpeg,https://www.on3.com/db/daniel-richardson-29423/,portal_industry_football_2024
Jalen Walthall,WR,Hawaii Rainbow Warriors,,Entered,0,3.0,86.0,720.0,188.0,2021,2023-12-05T19:24:00,https://on3static.com/uploads/assets/358/265/265358.png,https://www.on3.com/db/jalen-walthall-54573/,portal_industry_football_2024
Chris Shearin,CB,Connecticut Huskies,James Madison Dukes,Committed,0,3.0,86.0,721.0,170.0,2019,2024-05-13T12:29:00,https://on3static.com/uploads/assets/638/17/17638.jpeg,https://www.on3.com/db/chris-shearin-22450/,portal_industry_football_2024
Trey Cleveland,WR,North Texas Mean Green,Abilene Christian Wildcats,Committed,0,3.0,86.0,723.0,187.0,2019,,https://on3static.com/uploads/assets/445/18/18445.jpeg,https://www.on3.com/db/trey-cleveland-115958/,portal_industry_football_2024
Marquise Gilbert,S,Auburn Tigers,,Entered,138705,3.0,86.0,724.0,125.0,2019,2023-12-07T10:28:00,https://on3static.com/uploads/assets/31/25/25031.png,https://www.on3.com/db/marquise-gilbert-147483/,portal_industry_football_2024
Alfonzo Allen,S,Baylor Bears,Florida Gators,Committed,0,3.0,86.0,725.0,139.0,2022,,https://on3static.com/uploads/assets/469/335/335469.png,https://www.on3.com/db/alfonzo-allen-3636/,portal_industry_football_2024
Elias Larry,CB,Navy Midshipmen,Colorado State Rams,Committed,0,3.0,85.0,726.0,220.0,2021,2024-01-11T16:19:00,https://on3static.com/uploads/assets/763/266/266763.png,https://www.on3.com/db/elias-larry-41033/,portal_industry_football_2024
Dave Herard,CB,Virginia Cavaliers,Western Kentucky Hilltoppers,Committed,0,3.0,86.0,727.0,176.0,2020,,https://on3static.com/uploads/dev/assets/730/9/9730.jpg,https://www.on3.com/db/dave-herard-31335/,portal_industry_football_2024
Kahzir Brown,CB,Maine Black Bears,Florida Atlantic Owls,Committed,0,3.0,86.0,728.0,136.0,0,2023-12-11T16:50:00,https://on3static.com/uploads/assets/14/267/267014.png,https://www.on3.com/db/kahzir-brown-239242/,portal_industry_football_2024
Lance Dixon,LB,West Virginia Mountaineers,Toledo Rockets,Committed,0,3.0,86.0,729.0,133.0,2019,2024-01-24T08:33:00,https://on3static.com/uploads/assets/370/18/18370.jpeg,https://www.on3.com/db/lance-dixon-77827/,portal_industry_football_2024
JJ Henry,WR,Ole Miss Rebels,,Entered,129366,3.0,86.0,731.0,146.0,2021,2023-12-12T16:49:00,https://on3static.com/uploads/assets/915/12/12915.jpeg,https://www.on3.com/db/jj-henry-61875/,portal_industry_football_2024
Ike Daniels,RB,Syracuse Orange,,Entered,0,3.0,86.0,732.0,105.0,2023,2023-12-12T17:38:00,https://on3static.com/uploads/assets/349/267/267349.png,https://www.on3.com/db/ike-daniels-48958/,portal_industry_football_2024
Kyle Frazier,IOL,Savannah State Tigers,Georgia Southern Eagles,Committed,0,3.0,86.0,733.0,96.0,0,2023-12-12T11:51:00,https://on3static.com/uploads/assets/484/267/267484.png,https://www.on3.com/db/kyle-frazier-239284/,portal_industry_football_2024
Joey Capra,IOL,Nevada Wolf Pack,,Entered,0,3.0,86.0,734.0,110.0,2019,2023-12-13T10:14:00,https://on3static.com/uploads/assets/641/35/35641.jpeg,https://www.on3.com/db/joey-capra-62744/,portal_industry_football_2024
Daejuan Thompson,LB,NC State Wolfpack,,Entered,0,3.0,86.0,735.0,130.0,2022,2023-12-13T13:17:00,https://on3static.com/uploads/assets/544/225/225544.png,https://www.on3.com/db/daejuan-thompson-145842/,portal_industry_football_2024
Louis Brown IV,WR,Colorado State Rams,San Diego State Aztecs,Committed,0,3.0,86.0,736.0,164.0,2022,2024-01-11T13:13:00,https://on3static.com/uploads/assets/894/267/267894.png,https://www.on3.com/db/louis-brown-iv-80193/,portal_industry_football_2024
Avantae Williams,S,Maryland Terrapins,,Entered,0,3.0,86.0,737.0,133.0,2020,2023-12-14T19:13:00,https://on3static.com/uploads/assets/313/16/16313.jpeg,https://www.on3.com/db/avantae-williams-8859/,portal_industry_football_2024
Brandon Roberts,DL,Merrimack Warriors,,Entered,0,3.0,86.0,738.0,104.0,0,2023-12-04T11:34:00,https://on3static.com/uploads/assets/291/269/269291.png,https://www.on3.com/db/brandon-roberts-239418/,portal_industry_football_2024
Victor Idusuyi,DL,Texas-Permian Basin Falcons,,Entered,0,3.0,86.0,739.0,109.0,2020,2023-12-19T09:56:00,https://on3static.com/uploads/assets/268/269/269268.png,https://www.on3.com/db/victor-idusuyi-142642/,portal_industry_football_2024
Andrew Volmar,CB,Louisiana-Monroe Warhawks,,Entered,0,3.0,86.0,740.0,135.0,2020,2023-12-19T15:32:00,https://on3static.com/uploads/assets/257/76/76257.jpeg,https://www.on3.com/db/andrew-volmar-5466/,portal_industry_football_2024
Nate Williams,OT,Akron Zips,San Diego State Aztecs,Committed,0,3.0,86.0,741.0,59.0,2020,2023-12-20T13:20:00,,https://www.on3.com/db/nate-williams-91440/,portal_industry_football_2024
Daniel Heimuli,LB,Arizona Wildcats,Georgia State Panthers,Committed,0,3.0,86.0,742.0,122.0,2019,,https://on3static.com/uploads/dev/assets/673/3/3673.jpg,https://www.on3.com/db/daniel-heimuli-29275/,portal_industry_football_2024
Eltayeb Bushra,S,Fairmont State Falcons,Charlotte 49ers,Committed,0,3.0,86.0,743.0,152.0,2021,2023-12-20T14:00:00,https://on3static.com/uploads/assets/730/269/269730.jpeg,https://www.on3.com/db/eltayeb-bushra-239460/,portal_industry_football_2024
Antwain Littleton II,RB,Maryland Terrapins,Temple Owls,Committed,0,3.0,86.0,744.0,91.0,2021,2024-01-23T13:34:00,https://on3static.com/uploads/assets/16/16/16016.jpeg,https://www.on3.com/db/antwain-littleton-ii-7182/,portal_industry_football_2024
Marque Collins,CB,Weber State Wildcats,BYU Cougars,Committed,0,3.0,86.0,745.0,123.0,2018,2023-12-17T22:03:00,https://on3static.com/uploads/assets/656/270/270656.png,https://www.on3.com/db/marque-collins-234356/,portal_industry_football_2024
Jimmy Holiday,WR,Western Kentucky Hilltoppers,Louisiana Tech Bulldogs,Committed,0,3.0,86.0,747.0,165.0,2020,,https://on3static.com/uploads/assets/199/132/132199.jpg,https://www.on3.com/db/jimmy-holiday-61730/,portal_industry_football_2024
Quavian Carter,LB,Michigan State Spartans,,Entered,0,3.0,86.0,748.0,131.0,2022,2023-12-26T14:15:00,https://on3static.com/uploads/assets/117/235/235117.png,https://www.on3.com/db/quavian-carter-97169/,portal_industry_football_2024
Sterling Galban,WR,Jacksonville State Gamecocks,,Entered,0,3.0,86.0,749.0,186.0,2018,2023-12-20T07:49:00,https://on3static.com/uploads/assets/466/18/18466.jpeg,https://www.on3.com/db/sterling-galban-108613/,portal_industry_football_2024
Abdul-Fatai Ibrahim,WR,Bowling Green Falcons,Louisiana Tech Bulldogs,Committed,0,3.0,86.0,750.0,191.0,2019,,https://on3static.com/uploads/assets/576/179/179576.png,https://www.on3.com/db/abdul-fatai-ibrahim-142872/,portal_industry_football_2024
Jerrae Williams,S,UNLV Rebels,Washington State Cougars,Committed,0,3.0,86.0,751.0,113.0,2019,,https://on3static.com/uploads/assets/537/399/399537.jpg,https://www.on3.com/db/jerrae-williams-60975/,portal_industry_football_2024
Rico Powers Jr.,WR,Jackson State Tigers,,Entered,0,3.0,86.0,752.0,132.0,2020,2023-12-28T11:49:00,https://on3static.com/uploads/dev/assets/712/4/4712.jpg,https://www.on3.com/db/rico-powers-jr-100417/,portal_industry_football_2024
Vincent Lumia,IOL,Louisville Cardinals,,Entered,0,3.0,86.0,753.0,88.0,0,2023-12-28T22:44:00,https://on3static.com/uploads/assets/226/223/223226.png,https://www.on3.com/db/vincent-lumia-179240/,portal_industry_football_2024
Senika McKie,WR,UNLV Rebels,Coastal Carolina Chanticleers,Committed,0,3.0,86.0,754.0,176.0,0,,https://on3static.com/uploads/assets/997/176/176997.png,https://www.on3.com/db/senika-mckie-179371/,portal_industry_football_2024
Delbert Mimms,RB,NC State Wolfpack,Eastern Michigan Eagles,Committed,0,3.0,86.0,755.0,111.0,2019,2024-01-18T09:18:00,https://on3static.com/uploads/dev/assets/263/10/10263.jpg,https://www.on3.com/db/delbert-mimms-33536/,portal_industry_football_2024
Jaylen Garth,OT,Houston Cougars,UTSA Roadrunners,Committed,0,3.0,86.0,756.0,78.0,2020,2024-01-04T14:19:00,https://on3static.com/uploads/dev/assets/644/7/7644.jpg,https://www.on3.com/db/jaylen-garth-58871/,portal_industry_football_2024
Bronson Barron,QB,Western Kentucky Hilltoppers,,Entered,0,3.0,86.0,757.0,102.0,2018,2024-01-02T11:34:00,https://on3static.com/uploads/assets/912/272/272912.png,https://www.on3.com/db/bronson-barron-15222/,portal_industry_football_2024
Thomas Anderson,S,UNLV Rebels,,Entered,0,3.0,86.0,758.0,119.0,0,2024-01-02T20:45:00,https://on3static.com/uploads/assets/304/273/273304.png,https://www.on3.com/db/thomas-anderson-239576/,portal_industry_football_2024
Michel Dukes,RB,USF Bulls,Georgia State Panthers,Committed,0,3.0,86.0,759.0,113.0,2019,,https://on3static.com/uploads/assets/780/17/17780.jpeg,https://www.on3.com/db/michel-dukes-88628/,portal_industry_football_2024
Willie Gaines,WR,Colorado Buffaloes,Murray State Racers,Committed,0,3.0,86.0,760.0,195.0,2019,2024-05-17T11:28:00,https://on3static.com/uploads/assets/296/242/242296.jpeg,https://www.on3.com/db/willie-gaines-121490/,portal_industry_football_2024
Josiah Cox,S,Arizona State Sun Devils,New Mexico State Aggies,Committed,0,3.0,86.0,761.0,141.0,2023,2024-01-07T08:43:00,https://on3static.com/uploads/assets/169/392/392169.jpg,https://www.on3.com/db/josiah-cox-147509/,portal_industry_football_2024
Cameron Ross,WR,Connecticut Huskies,James Madison Dukes,Committed,0,3.0,86.0,762.0,147.0,2019,,https://on3static.com/uploads/assets/640/275/275640.png,https://www.on3.com/db/cameron-ross-18051/,portal_industry_football_2024
Antonio Doyle,EDGE,Jackson State Tigers,UNLV Rebels,Committed,0,3.0,87.0,763.0,56.0,2020,2024-01-11T12:28:00,https://on3static.com/uploads/dev/assets/72/5/5072.jpg,https://www.on3.com/db/antonio-doyle-6927/,portal_industry_football_2024
Latrez Shelton,CB,UTEP Miners,Texas State Bobcats,Committed,0,3.0,86.0,764.0,174.0,2020,2023-12-20T14:12:00,https://on3static.com/uploads/assets/595/88/88595.jpg,https://www.on3.com/db/latrez-shelton-78484/,portal_industry_football_2024
Durell Robinson,RB,Charlotte 49ers,Connecticut Huskies,Committed,0,3.0,87.0,765.0,65.0,2023,2024-01-12T12:01:00,https://on3static.com/uploads/assets/139/392/392139.jpg,https://www.on3.com/db/durell-robinson-147128/,portal_industry_football_2024
Kenji Lewis,WR,Arkansas-Pine Bluff Golden Lions,Northern Illinois Huskies,Committed,0,3.0,86.0,766.0,175.0,0,2023-12-21T16:57:00,https://on3static.com/uploads/assets/960/275/275960.png,https://www.on3.com/db/kenji-lewis-239665/,portal_industry_football_2024
Dalton Carnes,WR,Houston Cougars,North Texas Mean Green,Committed,0,3.0,86.0,767.0,159.0,0,2023-12-20T17:14:00,https://on3static.com/uploads/assets/227/276/276227.png,https://www.on3.com/db/dalton-carnes-239680/,portal_industry_football_2024
Alex Merritt,DL,Eastern Michigan Eagles,Texas State Bobcats,Committed,0,3.0,87.0,768.0,68.0,2019,2024-01-17T15:10:00,https://on3static.com/uploads/assets/270/269/269270.png,https://www.on3.com/db/alex-merritt-3210/,portal_industry_football_2024
Will McDonald,IOL,Coastal Carolina Chanticleers,California Golden Bears,Committed,0,3.0,87.0,770.0,45.0,2019,2024-05-19T15:56:00,https://on3static.com/uploads/dev/assets/857/2/2857.jpg,https://www.on3.com/db/will-mcdonald-120933/,portal_industry_football_2024
Kerion Martin,S,Marshall Thundering Herd,,Entered,0,3.0,86.0,771.0,103.0,2020,2024-01-18T11:51:00,https://on3static.com/uploads/assets/986/277/277986.png,https://www.on3.com/db/kerion-martin-73692/,portal_industry_football_2024
Nick Nakwaasah,S,North Texas Mean Green,,Entered,0,3.0,86.0,772.0,102.0,2019,2024-01-19T12:19:00,https://on3static.com/uploads/assets/182/75/75182.jpeg,https://www.on3.com/db/nick-nakwaasah-92164/,portal_industry_football_2024
Brenyen Scott,S,Temple Owls,,Entered,0,3.0,86.0,773.0,129.0,2020,2024-01-22T10:20:00,https://on3static.com/uploads/assets/163/279/279163.png,https://www.on3.com/db/brenyen-scott-14028/,portal_industry_football_2024
Jacari Carter,WR,Georgia State Panthers,,Entered,0,3.0,86.0,774.0,174.0,2019,2024-01-19T22:07:00,https://on3static.com/uploads/assets/751/129/129751.png,https://www.on3.com/db/jacari-carter-50861/,portal_industry_football_2024
Tyler Bride,CB,Minnesota Golden Gophers,Jacksonville State Gamecocks,Committed,0,3.0,86.0,775.0,181.0,2020,2024-05-17T15:35:00,https://on3static.com/uploads/assets/171/189/189171.jpeg,https://www.on3.com/db/tyler-bride-117387/,portal_industry_football_2024
Mike Washington,RB,Buffalo Bulls,New Mexico State Aggies,Committed,0,3.0,86.0,776.0,99.0,2021,2024-04-26T10:04:00,https://on3static.com/uploads/assets/966/397/397966.png,https://www.on3.com/db/mike-washington-88522/,portal_industry_football_2024
Jacquez Warren,S,Miami (OH) RedHawks,,Entered,0,3.0,86.0,778.0,109.0,2020,2024-01-31T17:34:00,https://on3static.com/uploads/assets/143/282/282143.png,https://www.on3.com/db/jacquez-warren-52504/,portal_industry_football_2024
Dywan Griffin,CB,UTSA Roadrunners,Old Dominion Monarchs,Committed,0,3.0,86.0,779.0,179.0,2019,,https://on3static.com/uploads/assets/745/73/73745.jpeg,https://www.on3.com/db/dywan-griffin-40174/,portal_industry_football_2024
Keyshawn Swanson,S,Troy Trojans,Western Kentucky Hilltoppers,Committed,0,3.0,88.0,780.0,28.0,2019,2024-04-30T13:14:00,https://on3static.com/uploads/assets/320/301/301320.png,https://www.on3.com/db/keyshawn-swanson-74733/,portal_industry_football_2024
Scott Elliott,IOL,Duke Blue Devils,,Entered,0,3.0,86.0,781.0,78.0,2019,2024-03-04T16:19:00,https://on3static.com/uploads/assets/751/132/132751.jpeg,https://www.on3.com/db/scott-elliott-105093/,portal_industry_football_2024
Fred Norman,IOL,Furman Paladins,,Entered,0,3.0,86.0,782.0,86.0,2019,2024-04-05T10:36:00,,https://www.on3.com/db/fred-norman-44247/,portal_industry_football_2024
Lance Keneley,DL,Stanford Cardinal,Arizona Wildcats,Committed,0,3.0,86.0,783.0,113.0,2020,2024-05-19T08:20:00,https://on3static.com/uploads/dev/assets/17/6/6017.jpg,https://www.on3.com/db/lance-keneley-77853/,portal_industry_football_2024
Garret Fountain,DL,San Diego State Aztecs,,Entered,0,3.0,86.0,784.0,114.0,2019,2024-03-06T21:14:00,https://on3static.com/uploads/assets/485/178/178485.png,https://www.on3.com/db/garret-fountain-44857/,portal_industry_football_2024
Trey Laing,EDGE,Indiana Hoosiers,Eastern Michigan Eagles,Committed,0,3.0,86.0,785.0,88.0,2018,2024-04-16T12:32:00,https://on3static.com/uploads/assets/787/302/302787.png,https://www.on3.com/db/trey-laing-116092/,portal_industry_football_2024
Corey Wren,RB,TCU Horned Frogs,UTEP Miners,Committed,0,3.0,86.0,786.0,107.0,2020,2024-04-26T16:14:00,https://on3static.com/uploads/dev/assets/984/10/10984.jpg,https://www.on3.com/db/corey-wren-26396/,portal_industry_football_2024
Cam Williams,EDGE,Jacksonville State Gamecocks,Georgia State Panthers,Committed,0,3.0,86.0,787.0,98.0,2020,,https://on3static.com/uploads/assets/86/444/444086.png,https://www.on3.com/db/cam-williams-17535/,portal_industry_football_2024
Gregory Desrosiers,RB,Massachusetts Minutemen,Memphis Tigers,Committed,0,3.0,85.0,788.0,136.0,2020,2024-05-05T13:27:00,https://on3static.com/uploads/assets/370/304/304370.png,https://www.on3.com/db/gregory-desrosiers-47054/,portal_industry_football_2024
Nahji Logan,LB,Massachusetts Minutemen,Indiana Hoosiers,Committed,0,3.0,86.0,789.0,92.0,2020,2024-05-05T15:04:00,https://on3static.com/uploads/assets/527/313/313527.png,https://www.on3.com/db/nahji-logan-90904/,portal_industry_football_2024
Eric Reed,CB,Georgia Tech Yellow Jackets,,Entered,0,3.0,86.0,790.0,137.0,2020,2024-04-15T15:05:00,https://on3static.com/uploads/assets/457/164/164457.png,https://www.on3.com/db/eric-reed-42345/,portal_industry_football_2024
Javon Denis,EDGE,Georgia State Panthers,Memphis Tigers,Committed,0,3.0,87.0,791.0,42.0,2019,2024-05-12T12:32:00,https://on3static.com/uploads/assets/684/173/173684.png,https://www.on3.com/db/javon-denis-58123/,portal_industry_football_2024
Dante Kelly,LB,Vanderbilt Commodores,Southern Miss Golden Eagles,Committed,0,3.0,87.0,792.0,78.0,2023,2024-05-05T13:47:00,https://on3static.com/uploads/assets/977/306/306977.png,https://www.on3.com/db/dante-kelly-151352/,portal_industry_football_2024
Luke Evans,CB,Mississippi State Bulldogs,Miami (OH) RedHawks,Committed,0,3.0,86.0,793.0,132.0,2023,2024-04-21T14:31:00,https://on3static.com/uploads/assets/854/222/222854.png,https://www.on3.com/db/luke-evans-151050/,portal_industry_football_2024
Corey Collier,S,Nebraska Cornhuskers,Florida A&M Rattlers,Committed,166658,3.0,86.0,794.0,132.0,2021,2024-04-29T21:10:00,https://on3static.com/uploads/assets/640/15/15640.jpeg,https://www.on3.com/db/corey-collier-26097/,portal_industry_football_2024
Brenton Williams,DL,Auburn Tigers,Liberty Flames,Committed,0,3.0,86.0,795.0,118.0,2023,2024-04-26T12:12:00,https://on3static.com/uploads/assets/621/303/303621.png,https://www.on3.com/db/brenton-williams-153780/,portal_industry_football_2024
Tar'varish Dawson,WR,Colorado Buffaloes,Jacksonville State Gamecocks,Committed,0,3.0,86.0,796.0,183.0,2021,2024-06-06T15:24:00,https://on3static.com/uploads/assets/276/242/242276.jpeg,https://www.on3.com/db/tarvarish-dawson-110253/,portal_industry_football_2024
Rodney Dansby,LB,Houston Christian Huskies,Memphis Tigers,Committed,0,3.0,87.0,797.0,80.0,2021,2024-05-17T12:16:00,,https://www.on3.com/db/rodney-dansby-101680/,portal_industry_football_2024
Anquan Willis,RB,Texas Tech Red Raiders,Incarnate Word Cardinals,Committed,0,3.0,86.0,798.0,68.0,2023,2024-07-22T08:34:00,https://on3static.com/uploads/assets/267/167/167267.png,https://www.on3.com/db/anquan-willis-147810/,portal_industry_football_2024
Julian Gray,WR,NC State Wolfpack,Liberty Flames,Committed,0,3.0,86.0,799.0,143.0,2021,2024-04-26T10:09:00,https://on3static.com/uploads/dev/assets/243/10/10243.jpg,https://www.on3.com/db/julian-gray-68602/,portal_industry_football_2024
Da'Quan Johnson,ATH,Duke Blue Devils,,Entered,0,3.0,86.0,801.0,3.0,2020,2024-04-16T10:51:00,https://on3static.com/uploads/dev/assets/20/11/11020.jpg,https://www.on3.com/db/daquan-johnson-143741/,portal_industry_football_2024
Tre'Darius Brown,DL,Texas Tech Red Raiders,South Alabama Jaguars,Committed,0,3.0,86.0,802.0,140.0,2023,2024-04-16T13:56:00,https://on3static.com/uploads/assets/233/226/226233.png,https://www.on3.com/db/tredarius-brown-115109/,portal_industry_football_2024
RJ Regan,CB,Arizona State Sun Devils,Fresno State Bulldogs,Committed,0,3.0,86.0,803.0,192.0,2021,2024-05-22T13:16:00,https://on3static.com/uploads/assets/485/16/16485.jpeg,https://www.on3.com/db/rj-regan-101270/,portal_industry_football_2024
DeAndre Dingle-Prince,DL,Appalachian State Mountaineers,,Entered,0,3.0,86.0,805.0,112.0,2020,2024-04-16T16:54:00,https://on3static.com/uploads/assets/118/170/170118.png,https://www.on3.com/db/deandre-dingle-prince-32969/,portal_industry_football_2024
Elijawah Tolbert,,Missouri State University Bears,,Entered,0,3.0,86.0,806.0,124.0,2021,,https://on3static.com/uploads/assets/332/307/307332.jpeg,https://www.on3.com/db/elijawah-tolbert-41447/,portal_industry_football_2024
S'Maje Burrell,LB,Texas Longhorns,Sam Houston State Bearkats,Committed,0,3.0,87.0,808.0,83.0,2023,2024-08-08T12:05:00,https://on3static.com/uploads/assets/835/207/207835.jpeg,https://www.on3.com/db/smaje-burrell-147215/,portal_industry_football_2024
DJ Geth,IOL,North Carolina Tar Heels,Liberty Flames,Committed,0,3.0,86.0,809.0,114.0,2023,2024-05-05T09:11:00,https://on3static.com/uploads/assets/800/222/222800.png,https://www.on3.com/db/dj-geth-145871/,portal_industry_football_2024
Eddie Pleasant,CB,Michigan State Spartans,Buffalo Bulls,Committed,0,3.0,86.0,810.0,164.0,2023,2024-05-13T15:25:00,https://on3static.com/uploads/assets/141/235/235141.png,https://www.on3.com/db/eddie-pleasant-147581/,portal_industry_football_2024
Antonio Cotman Jr.,CB,Virginia Tech Hokies,Charlotte 49ers,Committed,0,3.0,87.0,811.0,114.0,2023,2024-05-05T15:00:00,https://on3static.com/uploads/assets/807/162/162807.png,https://www.on3.com/db/antonio-cotman-jr-6912/,portal_industry_football_2024
Tyrique Tucker,DL,James Madison Dukes,Indiana Hoosiers,Committed,699843,3.0,86.0,812.0,133.0,2022,2024-04-13T17:11:00,https://on3static.com/uploads/assets/729/178/178729.jpeg,https://www.on3.com/db/tyrique-tucker-118740/,portal_industry_football_2024
D'angalo Titialii,IOL,Portland State Vikings,Washington Huskies,Committed,0,3.0,86.0,813.0,85.0,2020,2024-04-18T11:41:00,https://on3static.com/uploads/assets/42/308/308042.jpeg,https://www.on3.com/db/dangalo-titialii-27327/,portal_industry_football_2024
Courtney McBride Jr.,LB,Florida Atlantic Owls,South Alabama Jaguars,Committed,0,3.0,86.0,814.0,120.0,2021,2024-05-14T12:52:00,https://on3static.com/uploads/assets/248/217/217248.png,https://www.on3.com/db/courtney-mcbride-jr-26781/,portal_industry_football_2024
Kelton Henderson,WR,South Carolina Gamecocks,,Entered,0,3.0,86.0,815.0,193.0,2023,2024-04-18T13:18:00,https://on3static.com/uploads/assets/102/257/257102.jpg,https://www.on3.com/db/kelton-henderson-150334/,portal_industry_football_2024
Amari Wansley,S,Florida Atlantic Owls,,Entered,0,3.0,86.0,816.0,149.0,2021,2024-04-18T13:16:00,https://on3static.com/uploads/assets/127/74/74127.jpg,https://www.on3.com/db/amari-wansley-4218/,portal_industry_football_2024
Gabriel Fortson,IOL,Georgia Tech Yellow Jackets,Tulane Green Wave,Committed,0,3.0,86.0,817.0,84.0,2023,,https://on3static.com/uploads/assets/18/339/339018.png,https://www.on3.com/db/gabriel-fortson-154583/,portal_industry_football_2024
Antonio Camon,DL,Pittsburgh Panthers,Florida A&M Rattlers,Committed,0,3.0,86.0,818.0,126.0,2023,2024-06-07T11:30:00,https://on3static.com/uploads/assets/511/308/308511.png,https://www.on3.com/db/antonio-camon-146619/,portal_industry_football_2024
Wilson Kelly,IOL,Middle Tennessee State Blue Raiders,,Entered,0,3.0,86.0,819.0,79.0,2020,2024-04-19T10:50:00,,https://www.on3.com/db/wilson-kelly-121651/,portal_industry_football_2024
Johnny Chaney,LB,Florida A&M Rattlers,Colorado Buffaloes,Committed,0,3.0,86.0,820.0,110.0,2021,2024-05-08T17:33:00,https://on3static.com/uploads/assets/118/384/384118.jpg,https://www.on3.com/db/johnny-chaney-63982/,portal_industry_football_2024
TJ Bollers,LB,Wisconsin Badgers,California Golden Bears,Committed,0,3.0,85.0,821.0,141.0,2021,2024-04-25T17:04:00,https://on3static.com/uploads/assets/167/16/16167.jpeg,https://www.on3.com/db/tj-bollers-113073/,portal_industry_football_2024
Ezekiel Larry,EDGE,Yale Bulldogs,San Diego State Aztecs,Committed,0,3.0,86.0,822.0,64.0,2022,2024-05-06T15:49:00,https://on3static.com/uploads/assets/495/570/570495.png,https://www.on3.com/db/ezekiel-larry-43561/,portal_industry_football_2024
Gabe Peterson,LB,New Mexico State Aggies,Utah State Aggies,Committed,0,3.0,86.0,823.0,103.0,2022,2024-06-01T10:20:00,https://on3static.com/uploads/assets/69/99/99069.jpg,https://www.on3.com/db/gabe-peterson-150502/,portal_industry_football_2024
Joshua Cobbs,WR,Houston Cougars,USF Bulls,Committed,0,3.0,86.0,824.0,149.0,2020,2024-05-09T18:50:00,https://on3static.com/uploads/assets/692/132/132692.jpeg,https://www.on3.com/db/joshua-cobbs-67876/,portal_industry_football_2024
Ardell Banks,WR,Kentucky Wildcats,Kent State Golden Flashes,Committed,0,3.0,86.0,825.0,156.0,2023,2024-05-06T10:13:00,https://on3static.com/uploads/assets/288/222/222288.png,https://www.on3.com/db/ardell-banks-146408/,portal_industry_football_2024
Jim Ogle,QB,Louisiana-Monroe Warhawks,,Entered,0,3.0,86.0,826.0,104.0,2024,2024-04-22T09:33:00,https://on3static.com/uploads/assets/281/232/232281.png,https://www.on3.com/db/jim-ogle-158169/,portal_industry_football_2024
Jameson Wharton,CB,Vanderbilt Commodores,,Entered,0,3.0,86.0,827.0,147.0,2022,2024-04-22T11:38:00,https://on3static.com/uploads/assets/353/39/39353.jpeg,https://www.on3.com/db/jameson-wharton-150453/,portal_industry_football_2024
Kendarius Clark,DL,Arkansas-Pine Bluff Golden Lions,,Entered,0,3.0,86.0,828.0,99.0,2021,2024-04-22T17:47:00,,https://www.on3.com/db/kendarius-clark-242097/,portal_industry_football_2024
Aluma Nkele,IOL,UTEP Miners,Minnesota Golden Gophers,Committed,0,3.0,86.0,829.0,99.0,2021,2024-04-27T14:04:00,https://on3static.com/uploads/assets/331/89/89331.jpg,https://www.on3.com/db/aluma-nkele-4057/,portal_industry_football_2024
Austin Lawrence,IOL,Northern Colorado Bears,,Entered,0,3.0,86.0,830.0,113.0,0,2024-04-22T16:10:00,,https://www.on3.com/db/austin-lawrence-227033/,portal_industry_football_2024
Cael Vanderbush,TE,Iowa Hawkeyes,,Entered,0,3.0,86.0,832.0,41.0,2022,2024-04-23T12:14:00,https://on3static.com/uploads/assets/262/209/209262.JPG,https://www.on3.com/db/cael-vanderbush-147129/,portal_industry_football_2024
Sy'Veon Wilkerson,RB,Colorado Buffaloes,Georgia State Panthers,Committed,0,3.0,86.0,833.0,100.0,2020,2024-05-05T14:05:00,https://on3static.com/uploads/assets/347/242/242347.jpeg,https://www.on3.com/db/syveon-wilkerson-109303/,portal_industry_football_2024
Quantaves Gaskins,CB,Vanderbilt Commodores,,Entered,0,3.0,86.0,834.0,188.0,2022,2024-04-23T09:32:00,https://on3static.com/uploads/assets/854/21/21854.jpeg,https://www.on3.com/db/quantaves-gaskins-146076/,portal_industry_football_2024
Griffin Moore,TE,Illinois Fighting Illini,Texas State Bobcats,Committed,0,3.0,86.0,835.0,55.0,2019,,https://on3static.com/uploads/dev/assets/994/5/5994.jpg,https://www.on3.com/db/griffin-moore-47156/,portal_industry_football_2024
Kale Edwards,EDGE,Montana Grizzlies,New Mexico State Aggies,Committed,0,3.0,86.0,836.0,79.0,2019,2024-05-08T13:22:00,https://on3static.com/uploads/assets/465/314/314465.png,https://www.on3.com/db/kale-edwards-70650/,portal_industry_football_2024
Keydrain Calligan,CB,Jackson State Tigers,,Entered,0,3.0,86.0,837.0,178.0,2020,2024-04-24T23:02:00,https://on3static.com/uploads/assets/932/134/134932.jpeg,https://www.on3.com/db/keydrain-calligan-74637/,portal_industry_football_2024
Khalid Moore,LB,Mississippi State Bulldogs,Southern Miss Golden Eagles,Committed,0,3.0,86.0,838.0,135.0,2022,2024-05-07T13:16:00,https://on3static.com/uploads/assets/866/222/222866.png,https://www.on3.com/db/khalid-moore-74820/,portal_industry_football_2024
Jordan Hoskins,LB,East Tennessee State Buccaneers,,Entered,0,3.0,86.0,839.0,90.0,2021,2024-04-25T13:55:00,https://on3static.com/uploads/assets/497/310/310497.png,https://www.on3.com/db/jordan-hoskins-144425/,portal_industry_football_2024
Avery Sledge,LB,Mississippi State Bulldogs,Southern Miss Golden Eagles,Committed,0,3.0,86.0,840.0,99.0,2022,2024-05-15T13:07:00,https://on3static.com/uploads/assets/408/36/36408.jpeg,https://www.on3.com/db/avery-sledge-146156/,portal_industry_football_2024
Khalil Anderson,CB,East Tennessee State Buccaneers,,Entered,0,3.0,86.0,841.0,167.0,2021,2024-04-25T13:59:00,https://on3static.com/uploads/assets/911/12/12911.jpeg,https://www.on3.com/db/khalil-anderson-74854/,portal_industry_football_2024
Keith Gallmon,S,South Alabama Jaguars,,Entered,0,3.0,86.0,842.0,128.0,2018,2024-04-25T09:17:00,https://on3static.com/uploads/assets/391/310/310391.png,https://www.on3.com/db/keith-gallmon-72088/,portal_industry_football_2024
Davaughn Celestine,S,San Diego State Aztecs,SMU Mustangs,Committed,0,3.0,86.0,843.0,130.0,2019,2024-07-15T09:54:00,https://on3static.com/uploads/assets/502/310/310502.png,https://www.on3.com/db/davaughn-celestine-242190/,portal_industry_football_2024
Jaylen Johnson,S,Memphis Tigers,Ohio Bobcats,Committed,0,3.0,86.0,844.0,137.0,2021,2024-06-01T12:07:00,https://on3static.com/uploads/assets/141/214/214141.jpeg,https://www.on3.com/db/jaylen-johnson-143579/,portal_industry_football_2024
Kendall Dennis,CB,USF Bulls,,Entered,0,3.0,86.0,845.0,185.0,2020,2024-04-25T17:23:00,https://on3static.com/uploads/assets/505/18/18505.jpeg,https://www.on3.com/db/kendall-dennis-72736/,portal_industry_football_2024
Demarcus Smith,DL,Ole Miss Rebels,UAB Blazers,Committed,0,3.0,86.0,846.0,129.0,2021,2024-05-06T09:42:00,https://on3static.com/uploads/assets/949/12/12949.jpeg,https://www.on3.com/db/demarcus-smith-33749/,portal_industry_football_2024
Adrein Strickland,OT,South Alabama Jaguars,,Entered,0,3.0,86.0,847.0,79.0,2021,2024-04-26T09:16:00,https://on3static.com/uploads/assets/627/310/310627.jpeg,https://www.on3.com/db/adrein-strickland-1592/,portal_industry_football_2024
Ezra Dotson-Oyetade,IOL,TCU Horned Frogs,Florida A&M Rattlers,Committed,0,3.0,86.0,849.0,89.0,2021,2024-06-10T11:43:00,https://on3static.com/uploads/assets/193/223/223193.png,https://www.on3.com/db/ezra-dotson-oyetade-43586/,portal_industry_football_2024
Sam Huard,QB,Cal Poly Mustangs,Utah Utes,Committed,0,3.0,87.0,850.0,51.0,2021,2024-05-07T13:17:00,https://on3static.com/uploads/assets/137/391/391137.jpg,https://www.on3.com/db/sam-huard-143482/,portal_industry_football_2024
Darius McKenzie,LB,Maine Black Bears,South Alabama Jaguars,Committed,0,3.0,86.0,851.0,86.0,2021,2024-05-06T16:04:00,,https://www.on3.com/db/darius-mckenzie-30311/,portal_industry_football_2024
Rohan Fluellen,WR,TCU Horned Frogs,,Entered,0,3.0,86.0,853.0,172.0,2023,2024-04-29T14:04:00,https://on3static.com/uploads/assets/176/223/223176.png,https://www.on3.com/db/rohan-fluellen-101872/,portal_industry_football_2024
Arlen Harris Jr.,RB,Iowa State Cyclones,,Entered,0,3.0,86.0,854.0,114.0,2022,2024-04-29T12:19:00,https://on3static.com/uploads/assets/878/225/225878.png,https://www.on3.com/db/arlen-harris-jr-7476/,portal_industry_football_2024
Dominique Johnson,RB,Arkansas Razorbacks,TCU Horned Frogs,Committed,0,3.0,86.0,855.0,72.0,2020,2024-05-24T13:41:00,https://on3static.com/uploads/assets/398/393/393398.png,https://www.on3.com/db/dominique-johnson-144420/,portal_industry_football_2024
Xavier Jennings,OT,Lenoir-Rhyne Bears,,Entered,0,3.0,86.0,856.0,73.0,0,2024-04-30T14:48:00,,https://www.on3.com/db/xavier-jennings-242369/,portal_industry_football_2024
Xavier Smith,S,Austin Peay Governors,UTEP Miners,Committed,0,3.0,86.0,857.0,92.0,2022,2024-01-15T14:25:00,https://on3static.com/uploads/assets/881/181/181881.jpeg,https://www.on3.com/db/xavier-smith-149810/,portal_industry_football_2024
Alex Odom,S,Temple Owls,,Entered,0,3.0,86.0,858.0,150.0,2020,2024-04-30T15:44:00,https://on3static.com/uploads/assets/23/74/74023.jpeg,https://www.on3.com/db/alex-odom-3269/,portal_industry_football_2024
Smart Chibuzo,IOL,Texas A&M Aggies,,Entered,0,3.0,86.0,859.0,91.0,2020,2024-04-30T20:14:00,https://on3static.com/uploads/dev/assets/678/5/5678.jpg,https://www.on3.com/db/smart-chibuzo-107767/,portal_industry_football_2024
Koy Moore,WR,Auburn Tigers,Western Kentucky Hilltoppers,Committed,0,3.0,86.0,860.0,144.0,2020,,https://on3static.com/uploads/assets/515/93/93515.jpeg,https://www.on3.com/db/koy-moore-75970/,portal_industry_football_2024
Sqwirl Williams,RB,Louisiana Tech Bulldogs,,Entered,0,3.0,86.0,861.0,83.0,2018,2024-05-01T13:32:00,https://on3static.com/uploads/dev/assets/337/9/9337.jpg,https://www.on3.com/db/sqwirl-williams-26950/,portal_industry_football_2024
Malik McClain,WR,Penn State Nittany Lions,Arizona State Sun Devils,Committed,0,3.0,86.0,862.0,130.0,2021,2024-05-12T23:00:00,https://on3static.com/uploads/assets/236/472/472236.jpg,https://www.on3.com/db/malik-mcclain-81916/,portal_industry_football_2024
Cdarius Kelly,CB,Lenoir-Rhyne Bears,Wake Forest Demon Deacons,Committed,0,3.0,86.0,863.0,168.0,2020,2024-05-08T13:18:00,https://on3static.com/uploads/assets/759/315/315759.png,https://www.on3.com/db/cdarius-kelly-242462/,portal_industry_football_2024
Derek Burns,EDGE,Troy Trojans,New Mexico State Aggies,Committed,0,3.0,86.0,864.0,92.0,2023,2024-05-24T17:38:00,https://on3static.com/uploads/assets/531/234/234531.png,https://www.on3.com/db/derek-burns-238098/,portal_industry_football_2024
Austin Leausa,IOL,Southern Utah Thunderbirds,BYU Cougars,Committed,0,3.0,86.0,865.0,115.0,2020,2024-05-05T12:48:00,,https://www.on3.com/db/austin-leausa-8503/,portal_industry_football_2024
General Booty,QB,Oklahoma Sooners,Louisiana-Monroe Warhawks,Committed,0,3.0,86.0,867.0,101.0,2021,2024-05-15T15:37:00,https://on3static.com/uploads/assets/173/86/86173.jpeg,https://www.on3.com/db/general-booty-45536/,portal_industry_football_2024
Bryson Donnell,RB,Texas Tech Red Raiders,UTSA Roadrunners,Committed,0,3.0,86.0,868.0,104.0,2022,2024-05-12T16:24:00,https://on3static.com/uploads/assets/226/167/167226.png,https://www.on3.com/db/bryson-donnell-16073/,portal_industry_football_2024
Jordan Polk,CB,East Texas A&M Commerce Lions,Texas State Bobcats,Committed,0,3.0,86.0,869.0,171.0,2019,,,https://www.on3.com/db/jordan-polk-214197/,portal_industry_football_2024
Izaiah Hartrup,WR,Southern Illinois Salukis,Ole Miss Rebels,Committed,0,3.0,86.0,870.0,135.0,2020,2024-05-31T09:21:00,https://on3static.com/uploads/assets/693/320/320693.png,https://www.on3.com/db/izaiah-hartrup-50187/,portal_industry_football_2024
Andre Stewart,CB,Towson Tigers,Tennessee Volunteers,Committed,0,3.0,86.0,871.0,165.0,2022,2024-06-12T10:05:00,https://on3static.com/uploads/assets/884/72/72884.jpeg,https://www.on3.com/db/andre-stewart-4706/,portal_industry_football_2024
Rayquan Adkins,CB,Cincinnati Bearcats,James Madison Dukes,Committed,0,3.0,86.0,872.0,184.0,2023,2024-06-04T11:06:00,https://on3static.com/uploads/assets/363/226/226363.png,https://www.on3.com/db/rayquan-adkins-151279/,portal_industry_football_2024
Harris Adams,DL,Southeast Missouri State Redhawks,Cincinnati Bearcats,Committed,0,3.0,86.0,873.0,92.0,2021,,https://on3static.com/uploads/assets/339/334/334339.png,https://www.on3.com/db/harris-adams-47553/,portal_industry_football_2024
Michael Mack,CB,Wisconsin Badgers,Ohio Bobcats,Committed,0,3.0,86.0,874.0,149.0,0,2024-06-19T12:49:00,https://on3static.com/uploads/assets/475/304/304475.png,https://www.on3.com/db/michael-mack-236386/,portal_industry_football_2024
Jalyn Gramstad,QB,Northwestern College Red Raiders,Nebraska Cornhuskers,Committed,0,3.0,86.0,875.0,86.0,2020,2024-06-20T16:23:00,https://on3static.com/uploads/assets/927/339/339927.png,https://www.on3.com/db/jalyn-gramstad-243960/,portal_industry_football_2024
Jamoni Jones,RB,New Mexico State Aggies,Vanderbilt Commodores,Committed,0,3.0,86.0,876.0,93.0,2019,2024-06-21T13:28:00,https://on3static.com/uploads/assets/299/332/332299.png,https://www.on3.com/db/jamoni-jones-149861/,portal_industry_football_2024
Drew Pyne,QB,Arizona State Sun Devils,Missouri Tigers,Committed,0,3.0,86.0,877.0,106.0,2020,2024-03-10T11:19:00,https://on3static.com/uploads/dev/assets/819/5/5819.jpg,https://www.on3.com/db/drew-pyne-39150/,portal_industry_football_2024
Tre'shon Devones,CB,Rice Owls,Duke Blue Devils,Committed,0,4.0,90.0,85.0,12.0,2019,2024-05-15T19:36:00,https://on3static.com/uploads/assets/261/75/75261.jpeg,https://www.on3.com/db/treshon-devones-115128/,portal_industry_football_2024
De'Braylon Carroll,DL,Rice Owls,Texas Tech Red Raiders,Committed,0,4.0,90.0,106.0,8.0,2019,2024-01-23T22:30:00,https://on3static.com/uploads/assets/465/75/75465.jpeg,https://www.on3.com/db/debraylon-carroll-32784/,portal_industry_football_2024
Jared Harrison-Hunte,DL,Miami Hurricanes,SMU Mustangs,Committed,0,3.0,89.0,162.0,18.0,2019,2024-07-15T13:29:00,https://on3static.com/uploads/assets/506/222/222506.jpg,https://www.on3.com/db/jared-harrison-hunte-56659/,portal_industry_football_2024
Kenard Snyder,EDGE,Louisiana-Monroe Warhawks,Iowa State Cyclones,Committed,0,3.0,89.0,166.0,17.0,2021,2023-12-19T16:30:00,https://on3static.com/uploads/assets/577/263/263577.png,https://www.on3.com/db/kenard-snyder-72681/,portal_industry_football_2024
Izayah Cummings,TE,Kentucky Wildcats,Louisville Cardinals,Committed,0,3.0,86.0,882.0,53.0,2020,2023-12-18T13:03:00,https://on3static.com/uploads/dev/assets/778/2/2778.jpg,https://www.on3.com/db/izayah-cummings-50205/,portal_industry_football_2024
EJ Smith,RB,Stanford Cardinal,Texas A&M Aggies,Committed,0,3.0,87.0,883.0,66.0,2020,2024-01-07T18:11:00,https://on3static.com/uploads/dev/assets/887/5/5887.jpg,https://www.on3.com/db/ej-smith-40836/,portal_industry_football_2024
Torey Richardson,CB,UTEP Miners,Temple Owls,Committed,0,3.0,87.0,884.0,98.0,2018,2023-12-13T16:28:00,https://on3static.com/uploads/assets/523/75/75523.jpeg,https://www.on3.com/db/torey-richardson-114067/,portal_industry_football_2024
Jude Wolfe,TE,USC Trojans,San Diego State Aztecs,Committed,0,3.0,86.0,885.0,52.0,2019,2023-12-28T12:35:00,https://on3static.com/uploads/assets/529/95/95529.png,https://www.on3.com/db/jude-wolfe-68515/,portal_industry_football_2024
Katin Houser,QB,Michigan State Spartans,East Carolina Pirates,Committed,0,3.0,86.0,886.0,77.0,2022,2023-12-16T13:32:00,https://on3static.com/uploads/assets/122/235/235122.png,https://www.on3.com/db/katin-houser-144655/,portal_industry_football_2024
Cameron Martinez,S,Ohio State Buckeyes,Boston College Eagles,Committed,0,3.0,86.0,887.0,89.0,2020,2023-12-23T10:30:00,https://on3static.com/uploads/assets/549/221/221549.jpeg,https://www.on3.com/db/cameron-martinez-17936/,portal_industry_football_2024
Bryson Barnes,QB,Utah Utes,Utah State Aggies,Committed,0,3.0,87.0,888.0,61.0,2020,2024-01-09T14:57:00,https://on3static.com/uploads/dev/assets/303/4/4303.jpg,https://www.on3.com/db/bryson-barnes-16048/,portal_industry_football_2024
Cartevious Norton,RB,Iowa State Cyclones,Charlotte 49ers,Committed,0,3.0,86.0,889.0,75.0,2022,2023-12-17T11:08:00,https://on3static.com/uploads/assets/836/225/225836.png,https://www.on3.com/db/cartevious-norton-147204/,portal_industry_football_2024
Laterrance Welch,CB,LSU Tigers,Arizona State Sun Devils,Committed,0,3.0,87.0,890.0,75.0,2022,2023-12-10T13:45:00,https://on3static.com/uploads/assets/467/401/401467.png,https://www.on3.com/db/laterrance-welch-78441/,portal_industry_football_2024
Jawarn Howell,RB,South Carolina State Bulldogs,South Carolina Gamecocks,Committed,0,3.0,87.0,891.0,49.0,2023,2023-12-14T18:03:00,https://on3static.com/uploads/assets/875/267/267875.png,https://www.on3.com/db/jawarn-howell-239111/,portal_industry_football_2024
Jaden Bray,WR,Oklahoma State Cowboys,West Virginia Mountaineers,Committed,0,3.0,86.0,892.0,151.0,2021,2023-12-18T13:31:00,https://on3static.com/uploads/assets/914/334/334914.png,https://www.on3.com/db/jaden-bray-52577/,portal_industry_football_2024
Syrus Webster,EDGE,Utah Tech Trailblazers,Washington State Cougars,Committed,0,3.0,87.0,893.0,51.0,2021,2023-12-18T10:28:00,https://on3static.com/uploads/assets/819/266/266819.png,https://www.on3.com/db/syrus-webster-109369/,portal_industry_football_2024
Chubba Maae,DL,UC Davis Aggies,Arizona Wildcats,Committed,0,3.0,87.0,894.0,86.0,0,2023-12-11T19:24:00,https://on3static.com/uploads/assets/863/264/264863.png,https://www.on3.com/db/chubba-maae-239061/,portal_industry_football_2024
Austin Ausberry,S,Auburn Tigers,LSU Tigers,Committed,0,3.0,87.0,895.0,71.0,2022,2024-01-02T22:25:00,https://on3static.com/uploads/assets/832/93/93832.jpg,https://www.on3.com/db/austin-ausberry-8159/,portal_industry_football_2024
Pearson Toomey,IOL,Furman Paladins,,Entered,0,3.0,87.0,896.0,41.0,0,2023-12-13T11:19:00,https://on3static.com/uploads/assets/776/267/267776.png,https://www.on3.com/db/pearson-toomey-239305/,portal_industry_football_2024
Miguel Mitchell,S,Florida Gators,Arkansas Razorbacks,Committed,0,3.0,86.0,897.0,97.0,2022,2024-01-12T11:08:00,https://on3static.com/uploads/assets/781/93/93781.jpg,https://www.on3.com/db/miguel-mitchell-88688/,portal_industry_football_2024
Trey Wedig,OT,Wisconsin Badgers,Indiana Hoosiers,Committed,0,3.0,87.0,898.0,41.0,2020,2023-12-16T22:40:00,https://on3static.com/uploads/dev/assets/547/10/10547.jpg,https://www.on3.com/db/trey-wedig-116283/,portal_industry_football_2024
Steven Hubbard,OT,UTEP Miners,Vanderbilt Commodores,Committed,0,3.0,87.0,899.0,33.0,2018,2024-04-19T06:47:00,https://on3static.com/uploads/assets/600/75/75600.jpeg,https://www.on3.com/db/steven-hubbard-142816/,portal_industry_football_2024
Josh Celiscar,EDGE,UCF Knights,Texas A&M Aggies,Committed,0,3.0,87.0,900.0,38.0,2020,2024-04-08T13:48:00,https://on3static.com/uploads/assets/587/337/337587.png,https://www.on3.com/db/josh-celiscar-67870/,portal_industry_football_2024
Ladarius Tennison,S,Ole Miss Rebels,UCF Knights,Committed,0,3.0,85.0,901.0,164.0,2020,2024-01-12T22:06:00,https://on3static.com/uploads/assets/844/93/93844.jpeg,https://www.on3.com/db/ladarius-tennison-77475/,portal_industry_football_2024
Kyle Ford,WR,UCLA Bruins,USC Trojans,Committed,0,3.0,87.0,902.0,111.0,2019,2024-04-23T16:25:00,https://on3static.com/uploads/assets/889/92/92889.png,https://www.on3.com/db/kyle-ford-76595/,portal_industry_football_2024
Elinus Noel III,DL,Texas Southern Tigers,Baylor Bears,Committed,0,3.0,88.0,903.0,45.0,2021,2024-04-28T12:37:00,https://on3static.com/uploads/assets/447/127/127447.jpeg,https://www.on3.com/db/elinus-noel-iii-41457/,portal_industry_football_2024
Armani Winfield,WR,Baylor Bears,Colorado State Rams,Committed,0,3.0,87.0,904.0,75.0,2022,2024-05-06T15:09:00,https://on3static.com/uploads/assets/11/209/209011.jpeg,https://www.on3.com/db/armani-winfield-7541/,portal_industry_football_2024
Snaxx Johnson,CB,Arkansas Razorbacks,Baylor Bears,Committed,0,3.0,87.0,905.0,81.0,2020,2024-04-28T17:33:00,https://on3static.com/uploads/dev/assets/315/9/9315.jpg,https://www.on3.com/db/snaxx-johnson-142819/,portal_industry_football_2024
Jay Fair,,Auburn Tigers,USC Trojans,Committed,0,3.0,86.0,906.0,124.0,2022,2024-04-28T12:12:00,https://on3static.com/uploads/assets/824/93/93824.jpg,https://www.on3.com/db/jay-fair-58412/,portal_industry_football_2024
Vincent Murphy,IOL,Western Kentucky Hilltoppers,Tulane Green Wave,Committed,0,4.0,90.0,142.0,8.0,2019,2024-01-18T14:42:00,https://on3static.com/uploads/assets/405/88/88405.jpg,https://www.on3.com/db/vincent-murphy-119766/,portal_industry_football_2024
TJ Finley,QB,Texas State Bobcats,Western Kentucky Hilltoppers,Committed,0,3.0,88.0,250.0,26.0,2020,2024-01-22T10:59:00,https://on3static.com/uploads/assets/802/442/442802.png,https://www.on3.com/db/tj-finley-113095/,portal_industry_football_2024
Will Kacmarek,TE,Ohio Bobcats,Ohio State Buckeyes,Committed,0,3.0,87.0,911.0,26.0,2021,2023-12-31T15:07:00,https://on3static.com/uploads/assets/679/271/271679.png,https://www.on3.com/db/will-kacmarek-145602/,portal_industry_football_2024
Kiyaunta Goodwin,OT,Florida Gators,,Entered,0,3.0,87.0,912.0,49.0,2022,2023-08-01T12:59:00,https://on3static.com/uploads/assets/949/72/72949.jpeg,https://www.on3.com/db/kiyaunta-goodwin-75413/,portal_industry_football_2024
Cyrus Moss,EDGE,Miami Hurricanes,,Entered,108245,3.0,87.0,913.0,49.0,2022,2023-12-06T16:09:00,https://on3static.com/uploads/assets/529/222/222529.jpg,https://www.on3.com/db/cyrus-moss-27273/,portal_industry_football_2024
Censere Lee,WR,Western Carolina Catamounts,Pittsburgh Panthers,Committed,0,3.0,87.0,914.0,98.0,2022,2024-01-12T14:54:00,https://on3static.com/uploads/assets/978/265/265978.png,https://www.on3.com/db/censere-lee-149531/,portal_industry_football_2024
DJ Allen,WR,TCU Horned Frogs,UTSA Roadrunners,Committed,0,3.0,87.0,915.0,88.0,2022,2023-12-21T16:57:00,https://on3static.com/uploads/assets/171/223/223171.png,https://www.on3.com/db/dj-allen-37244/,portal_industry_football_2024
Ramon Brown,RB,Maryland Terrapins,,Entered,0,3.0,87.0,916.0,63.0,2022,2023-12-11T15:31:00,https://on3static.com/uploads/assets/979/266/266979.png,https://www.on3.com/db/ramon-brown-98162/,portal_industry_football_2024
Marquez Dortch,WR,California Golden Bears,Troy Trojans,Committed,0,3.0,87.0,917.0,120.0,2022,2024-05-17T13:03:00,https://on3static.com/uploads/assets/236/314/314236.png,https://www.on3.com/db/marquez-dortch-84050/,portal_industry_football_2024
Isaiah Wright,OT,Buffalo Bulls,Maryland Terrapins,Committed,0,3.0,87.0,918.0,35.0,2020,2024-05-21T09:22:00,https://on3static.com/uploads/assets/259/179/179259.png,https://www.on3.com/db/isaiah-wright-49886/,portal_industry_football_2024
Pete Nygra,IOL,Northern Illinois Huskies,Louisville Cardinals,Committed,0,3.0,89.0,219.0,15.0,2021,2023-12-16T21:03:00,https://on3static.com/uploads/assets/308/267/267308.jpeg,https://www.on3.com/db/pete-nygra-96117/,portal_industry_football_2024
Steven Losoya,IOL,Mississippi State Bulldogs,Vanderbilt Commodores,Committed,0,3.0,89.0,220.0,16.0,2019,2023-12-11T18:57:00,https://on3static.com/uploads/assets/998/72/72998.jpeg,https://www.on3.com/db/steven-losoya-109006/,portal_industry_football_2024
Grady Kelly,DL,Colorado State Rams,Florida State Seminoles,Committed,0,3.0,89.0,233.0,26.0,2021,2024-01-07T12:39:00,https://on3static.com/uploads/assets/274/268/268274.png,https://www.on3.com/db/grady-kelly-46332/,portal_industry_football_2024
Ozzie Nicholas,LB,Princeton Tigers,Duke Blue Devils,Committed,0,3.0,88.0,281.0,22.0,2020,2024-01-18T10:52:00,https://on3static.com/uploads/assets/969/261/261969.png,https://www.on3.com/db/ozzie-nicholas-8590/,portal_industry_football_2024
Sieh Bangura,RB,Ohio Bobcats,Minnesota Golden Gophers,Committed,0,3.0,87.0,923.0,42.0,2021,2023-12-19T13:32:00,https://on3static.com/uploads/assets/738/264/264738.jpeg,https://www.on3.com/db/sieh-bangura-107422/,portal_industry_football_2024
DJ Wingfield,OT,New Mexico Lobos,Purdue Boilermakers,Committed,0,3.0,89.0,242.0,18.0,2019,2023-12-10T11:51:00,https://on3static.com/uploads/assets/908/343/343908.png,https://www.on3.com/db/dj-wingfield-149896/,portal_industry_football_2024
Keye Thompson,LB,Ohio Bobcats,Pittsburgh Panthers,Committed,0,3.0,88.0,290.0,25.0,2018,2024-01-04T15:54:00,https://on3static.com/uploads/assets/347/266/266347.png,https://www.on3.com/db/keye-thompson-74639/,portal_industry_football_2024
Josh Priebe,IOL,Northwestern Wildcats,Michigan Wolverines,Committed,0,3.0,87.0,926.0,42.0,2020,2023-12-28T08:41:00,https://on3static.com/uploads/dev/assets/606/8/8606.jpg,https://www.on3.com/db/josh-priebe-67485/,portal_industry_football_2024
Sterling Webb,DL,New Mexico State Aggies,Missouri Tigers,Committed,0,3.0,87.0,927.0,63.0,2022,2024-01-07T16:10:00,https://on3static.com/uploads/assets/874/98/98874.jpg,https://www.on3.com/db/sterling-webb-150455/,portal_industry_football_2024
Blye Hill,CB,Saint Francis (PA) Red Flash,Nebraska Cornhuskers,Committed,0,3.0,88.0,928.0,50.0,2023,2023-12-20T06:31:00,https://on3static.com/uploads/assets/959/339/339959.png,https://www.on3.com/db/blye-hill-239266/,portal_industry_football_2024
Brady Hunt,TE,Ball State Cardinals,South Carolina Gamecocks,Committed,0,3.0,88.0,929.0,13.0,2021,2023-12-17T10:51:00,https://on3static.com/uploads/assets/491/265/265491.png,https://www.on3.com/db/brady-hunt-144473/,portal_industry_football_2024
Charles Looes,DL,Dartmouth Big Green,Rice Owls,Committed,0,3.0,87.0,931.0,58.0,2019,2023-12-29T13:16:00,https://on3static.com/uploads/assets/259/257/257259.jpeg,https://www.on3.com/db/charles-looes-238886/,portal_industry_football_2024
Alex Oliver,CB,Virginia Military Institute Keydets,Liberty Flames,Committed,0,3.0,86.0,932.0,134.0,2020,2024-01-30T13:20:00,https://on3static.com/uploads/assets/290/262/262290.png,https://www.on3.com/db/alex-oliver-238995/,portal_industry_football_2024
Armoni Goodwin,RB,LSU Tigers,UAB Blazers,Committed,0,3.0,87.0,933.0,60.0,2021,2023-12-18T09:59:00,https://on3static.com/uploads/assets/226/453/453226.png,https://www.on3.com/db/armoni-goodwin-7578/,portal_industry_football_2024
Ramon Henderson,S,Notre Dame Fighting Irish,UCLA Bruins,Committed,0,3.0,86.0,935.0,122.0,2020,2024-01-17T14:00:00,https://on3static.com/uploads/assets/893/235/235893.jpeg,https://www.on3.com/db/ramon-henderson-98172/,portal_industry_football_2024
Jack Luttrell,S,Tennessee Volunteers,Arizona Wildcats,Committed,0,3.0,86.0,936.0,136.0,2023,2023-12-18T12:05:00,https://on3static.com/uploads/assets/222/226/226222.jpeg,https://www.on3.com/db/jack-luttrell-51197/,portal_industry_football_2024
Gavin Gibson,CB,Maryland Terrapins,East Carolina Pirates,Committed,0,3.0,86.0,937.0,142.0,2022,2024-01-14T13:01:00,https://on3static.com/uploads/assets/28/465/465028.png,https://www.on3.com/db/gavin-gibson-45388/,portal_industry_football_2024
Reid Carrico,LB,Ohio State Buckeyes,West Virginia Mountaineers,Committed,0,3.0,86.0,938.0,115.0,2021,2023-12-19T20:15:00,https://on3static.com/uploads/assets/499/221/221499.jpeg,https://www.on3.com/db/reid-carrico-99515/,portal_industry_football_2024
Darwin Barlow,RB,USC Trojans,North Carolina Tar Heels,Committed,0,3.0,85.0,939.0,115.0,2019,2024-01-11T13:05:00,https://on3static.com/uploads/assets/637/92/92637.png,https://www.on3.com/db/darwin-barlow-31133/,portal_industry_football_2024
Athan Kaliakmanis,QB,Minnesota Golden Gophers,Rutgers Scarlet Knights,Committed,0,3.0,87.0,940.0,49.0,2021,,https://on3static.com/uploads/assets/195/464/464195.jpg,https://www.on3.com/db/athan-kaliakmanis-143696/,portal_industry_football_2024
Bryan Addison,CB,Oregon Ducks,UCLA Bruins,Committed,0,3.0,87.0,941.0,82.0,2018,2023-12-12T20:28:00,https://on3static.com/uploads/dev/assets/171/6/6171.jpg,https://www.on3.com/db/bryan-addison-15373/,portal_industry_football_2024
Jordan Dunbar,CB,Rice Owls,Kansas State Wildcats,Committed,0,3.0,86.0,942.0,138.0,2020,2024-05-31T15:12:00,https://on3static.com/uploads/assets/811/386/386811.jpg,https://www.on3.com/db/jordan-dunbar-65417/,portal_industry_football_2024
Jordan Grier,CB,Indiana Hoosiers,Memphis Tigers,Committed,0,3.0,86.0,943.0,151.0,2021,2023-12-31T12:27:00,https://on3static.com/uploads/assets/979/15/15979.jpeg,https://www.on3.com/db/jordan-grier-65539/,portal_industry_football_2024
Beau Allen,QB,Georgia Southern Eagles,Kentucky Wildcats,Committed,0,3.0,87.0,944.0,60.0,2020,2023-12-05T16:32:00,https://on3static.com/uploads/dev/assets/701/2/2701.jpg,https://www.on3.com/db/beau-allen-9465/,portal_industry_football_2024
Kameron Wilson,LB,Louisville Cardinals,Cincinnati Bearcats,Committed,0,3.0,86.0,945.0,118.0,2020,2023-12-28T13:13:00,https://on3static.com/uploads/dev/assets/738/10/10738.jpg,https://www.on3.com/db/kameron-wilson-71076/,portal_industry_football_2024
Kelvin Gilliam,EDGE,Oklahoma Sooners,Virginia Tech Hokies,Committed,0,3.0,86.0,946.0,71.0,2021,2023-12-28T11:18:00,https://on3static.com/uploads/assets/732/332/332732.png,https://www.on3.com/db/kelvin-gilliam-72513/,portal_industry_football_2024
Lloyd Summerall,EDGE,USF Bulls,James Madison Dukes,Committed,0,3.0,86.0,948.0,87.0,2019,,https://on3static.com/uploads/assets/949/17/17949.jpeg,https://www.on3.com/db/lloyd-summerall-79603/,portal_industry_football_2024
Kentrell Webb,CB,Tulane Green Wave,Houston Cougars,Committed,0,3.0,84.0,949.0,252.0,2022,2023-12-21T22:30:00,https://on3static.com/uploads/assets/768/214/214768.jpeg,https://www.on3.com/db/kentrell-webb-150494/,portal_industry_football_2024
Calvin Hill,RB,Texas State Bobcats,UTEP Miners,Committed,0,3.0,86.0,950.0,108.0,2019,2024-01-15T13:33:00,https://on3static.com/uploads/assets/656/75/75656.jpeg,https://www.on3.com/db/calvin-hill-17354/,portal_industry_football_2024
Anquin Barnes,DL,Alabama Crimson Tide,Colorado Buffaloes,Committed,0,3.0,86.0,951.0,91.0,2021,2023-12-17T17:09:00,https://on3static.com/uploads/assets/559/225/225559.jpeg,https://www.on3.com/db/anquin-barnes-5768/,portal_industry_football_2024
Daymon David,S,Oregon Ducks,Akron Zips,Committed,0,3.0,86.0,952.0,135.0,2021,2024-02-11T15:18:00,https://on3static.com/uploads/dev/assets/155/6/6155.jpg,https://www.on3.com/db/daymon-david-32654/,portal_industry_football_2024
Jevon Jackson,RB,Austin Peay Governors,UTEP Miners,Committed,0,3.0,87.0,953.0,47.0,2021,2024-01-09T12:15:00,https://on3static.com/uploads/assets/481/267/267481.png,https://www.on3.com/db/jevon-jackson-145444/,portal_industry_football_2024
Jason Chambers,CB,North Carolina Central Eagles,Appalachian State Mountaineers,Committed,0,3.0,87.0,954.0,65.0,2022,2023-12-15T11:39:00,https://on3static.com/uploads/assets/53/268/268053.png,https://www.on3.com/db/jason-chambers-204939/,portal_industry_football_2024
Micah Robinson,CB,Furman Paladins,Tulane Green Wave,Committed,0,3.0,87.0,955.0,109.0,2020,2023-12-18T14:10:00,https://on3static.com/uploads/assets/463/267/267463.png,https://www.on3.com/db/micah-robinson-87215/,portal_industry_football_2024
Jaylen Nichols,OT,South Carolina Gamecocks,Memphis Tigers,Committed,0,3.0,86.0,956.0,51.0,2019,2024-01-11T08:43:00,https://on3static.com/uploads/assets/71/257/257071.jpg,https://www.on3.com/db/jaylen-nichols-58938/,portal_industry_football_2024
Nate Bennett,WR,Portland State Vikings,San Diego State Aztecs,Committed,0,3.0,85.0,957.0,228.0,2020,2023-12-20T13:19:00,https://on3static.com/uploads/assets/675/269/269675.png,https://www.on3.com/db/nate-bennett-91118/,portal_industry_football_2024
Da'Metrius Weatherspoon,OT,Howard Bison,Syracuse Orange,Committed,0,3.0,87.0,958.0,48.0,2021,2024-01-03T12:48:00,https://on3static.com/uploads/assets/190/270/270190.png,https://www.on3.com/db/dametrius-weatherspoon-239511/,portal_industry_football_2024
David Spruiells,CB,Northern Arizona Lumberjacks,North Texas Mean Green,Committed,0,3.0,87.0,959.0,108.0,2023,2023-12-19T08:58:00,https://on3static.com/uploads/assets/355/36/36355.jpeg,https://www.on3.com/db/david-spruiells-150225/,portal_industry_football_2024
Anthony Tyus III,RB,Northwestern Wildcats,Ohio Bobcats,Committed,0,3.0,86.0,960.0,80.0,2021,2024-01-26T13:38:00,https://on3static.com/uploads/assets/935/349/349935.jpg,https://www.on3.com/db/anthony-tyus-iii-6644/,portal_industry_football_2024
Jamaal Bell,WR,Nevada Wolf Pack,Baylor Bears,Committed,0,3.0,86.0,961.0,161.0,2019,2024-01-13T09:14:00,https://on3static.com/uploads/assets/627/272/272627.png,https://www.on3.com/db/jamaal-bell-54726/,portal_industry_football_2024
Bennett Walker,CB,Eastern Michigan Eagles,San Diego State Aztecs,Committed,0,3.0,86.0,962.0,143.0,0,2024-01-17T13:18:00,https://on3static.com/uploads/assets/301/273/273301.png,https://www.on3.com/db/bennett-walker-178348/,portal_industry_football_2024
Gerald Green,RB,East Carolina Pirates,Troy Trojans,Committed,0,3.0,85.0,963.0,117.0,2019,2024-01-06T14:04:00,https://on3static.com/uploads/assets/478/213/213478.jpeg,https://www.on3.com/db/gerald-green-45851/,portal_industry_football_2024
Kamaar Bell,IOL,Florida Atlantic Owls,South Carolina Gamecocks,Committed,0,3.0,87.0,964.0,67.0,2019,,https://on3static.com/uploads/assets/548/17/17548.jpeg,https://www.on3.com/db/kamaar-bell-70904/,portal_industry_football_2024
Jam Griffin,RB,Ole Miss Rebels,Oregon State Beavers,Committed,0,3.0,86.0,965.0,96.0,2019,2024-01-07T15:14:00,https://on3static.com/uploads/dev/assets/889/10/10889.jpg,https://www.on3.com/db/jam-griffin-56247/,portal_industry_football_2024
Jyron Gilmore,CB,Tennessee Tech Golden Eagles,Georgia State Panthers,Committed,0,3.0,87.0,966.0,110.0,2020,2023-12-23T16:52:00,https://on3static.com/uploads/assets/802/264/264802.jpeg,https://www.on3.com/db/jyron-gilmore-70175/,portal_industry_football_2024
Conner Muldowney,TE,Tiffin University Dragons,Kent State Golden Flashes,Committed,0,3.0,84.0,967.0,86.0,2021,2024-01-12T22:05:00,,https://www.on3.com/db/conner-muldowney-239592/,portal_industry_football_2024
Lake Ellis,CB,Bryant University Bulldogs,Massachusetts Minutemen,Committed,0,3.0,86.0,968.0,153.0,2020,2023-11-24T14:18:00,,https://www.on3.com/db/lake-ellis-77553/,portal_industry_football_2024
Luke Painton,OT,Columbia Lions,Massachusetts Minutemen,Committed,0,3.0,85.0,969.0,85.0,2019,2023-11-25T14:17:00,,https://www.on3.com/db/luke-painton-80824/,portal_industry_football_2024
Dennis Briggs,DL,Florida State Seminoles,Illinois Fighting Illini,Committed,0,3.0,87.0,970.0,64.0,2018,2024-01-19T18:51:00,https://on3static.com/uploads/assets/40/242/242040.jpeg,https://www.on3.com/db/dennis-briggs-34207/,portal_industry_football_2024
Devin Brandt-Epps,DL,Old Dominion Monarchs,New Mexico Lobos,Committed,0,3.0,86.0,971.0,115.0,2021,2024-01-23T15:13:00,https://on3static.com/uploads/assets/310/171/171310.png,https://www.on3.com/db/devin-brandt-epps-155934/,portal_industry_football_2024
Will Jones,S,USF Bulls,Old Dominion Monarchs,Committed,0,3.0,86.0,972.0,143.0,2019,2024-01-08T15:16:00,https://on3static.com/uploads/assets/237/17/17237.jpeg,https://www.on3.com/db/will-jones-143686/,portal_industry_football_2024
Matthew Hibner,TE,Michigan Wolverines,SMU Mustangs,Committed,0,3.0,85.0,973.0,75.0,2020,2024-04-02T14:07:00,https://on3static.com/uploads/assets/271/18/18271.jpeg,https://www.on3.com/db/matthew-hibner-86098/,portal_industry_football_2024
Dominick Hill,CB,Temple Owls,Liberty Flames,Committed,0,3.0,86.0,974.0,133.0,2020,2024-01-22T08:45:00,https://on3static.com/uploads/dev/assets/639/4/4639.jpg,https://www.on3.com/db/dominick-hill-37599/,portal_industry_football_2024
Tirek Austin-Cave,LB,West Virginia Mountaineers,New Mexico Lobos,Committed,0,3.0,87.0,975.0,75.0,2020,2024-04-22T13:06:00,https://on3static.com/uploads/dev/assets/580/10/10580.jpg,https://www.on3.com/db/tirek-austin-cave-113010/,portal_industry_football_2024
Collin Schlee,QB,UCLA Bruins,Virginia Tech Hokies,Committed,0,3.0,86.0,976.0,68.0,2019,2024-04-30T08:19:00,https://on3static.com/uploads/assets/873/132/132873.jpeg,https://www.on3.com/db/collin-schlee-25206/,portal_industry_football_2024
Carlos Allen Jr.,DL,Kennesaw State Owls,Houston Cougars,Committed,0,3.0,86.0,977.0,97.0,2020,2024-05-02T17:36:00,https://on3static.com/uploads/assets/940/312/312940.jpeg,https://www.on3.com/db/carlos-allen-jr-18454/,portal_industry_football_2024
Jashaud Stewart,EDGE,Arkansas Razorbacks,,Entered,0,3.0,86.0,978.0,97.0,2020,2024-04-16T08:53:00,https://on3static.com/uploads/dev/assets/159/2/2159.jpg,https://www.on3.com/db/jashaud-stewart-57347/,portal_industry_football_2024
Da'Marcus Crosby,S,Sam Houston State Bearkats,New Mexico State Aggies,Committed,0,3.0,86.0,979.0,90.0,2020,,https://on3static.com/uploads/assets/300/444/444300.png,https://www.on3.com/db/damarcus-crosby-27741/,portal_industry_football_2024
Cooper Legas,QB,Utah State Aggies,Tulsa Golden Hurricane,Committed,0,3.0,86.0,980.0,67.0,2019,,https://on3static.com/uploads/assets/442/221/221442.jpg,https://www.on3.com/db/cooper-legas-25873/,portal_industry_football_2024
Justin Robinson,WR,Mississippi State Bulldogs,West Virginia Mountaineers,Committed,0,3.0,86.0,981.0,129.0,2020,2024-05-21T11:39:00,https://on3static.com/uploads/assets/964/72/72964.jpeg,https://www.on3.com/db/justin-robinson-69728/,portal_industry_football_2024
Michael Patterson,CB,Houston Cougars,,Entered,0,3.0,86.0,982.0,189.0,2023,2024-04-18T09:41:00,https://on3static.com/uploads/assets/384/223/223384.png,https://www.on3.com/db/michael-patterson-155727/,portal_industry_football_2024
Demouy Kennedy,LB,Colorado Buffaloes,,Entered,0,3.0,85.0,983.0,145.0,2020,2024-04-18T09:03:00,https://on3static.com/uploads/assets/300/242/242300.jpeg,https://www.on3.com/db/demouy-kennedy-34144/,portal_industry_football_2024
Alani Makihele,IOL,UNLV Rebels,UCLA Bruins,Committed,0,3.0,87.0,984.0,47.0,2020,2024-04-24T11:16:00,https://on3static.com/uploads/assets/68/177/177068.png,https://www.on3.com/db/alani-makihele-2503/,portal_industry_football_2024
Morven Joseph,LB,Florida Atlantic Owls,Jacksonville State Gamecocks,Committed,0,3.0,86.0,985.0,113.0,2020,2024-06-10T16:43:00,https://on3static.com/uploads/dev/assets/817/4/4817.jpg,https://www.on3.com/db/morven-joseph-144251/,portal_industry_football_2024
Keleki Latu,TE,Nevada Wolf Pack,Washington Huskies,Committed,0,3.0,85.0,986.0,65.0,2021,2024-05-05T13:11:00,https://on3static.com/uploads/assets/321/312/312321.jpeg,https://www.on3.com/db/keleki-latu-72344/,portal_industry_football_2024
Chris Adams,OT,Old Dominion Monarchs,Memphis Tigers,Committed,0,3.0,86.0,987.0,58.0,2021,2024-05-06T16:03:00,https://on3static.com/uploads/assets/293/171/171293.png,https://www.on3.com/db/chris-adams-23290/,portal_industry_football_2024
Jacoby Jackson,IOL,Texas Tech Red Raiders,Mississippi State Bulldogs,Committed,0,3.0,89.0,186.0,10.0,2021,2024-01-09T12:54:00,https://on3static.com/uploads/assets/277/167/167277.png,https://www.on3.com/db/jacoby-jackson-144288/,portal_industry_football_2024
Sam Brumfield,LB,Middle Tennessee State Blue Raiders,Virginia Tech Hokies,Committed,0,3.0,89.0,191.0,15.0,2020,2023-12-18T13:01:00,https://on3static.com/uploads/assets/491/262/262491.png,https://www.on3.com/db/sam-brumfield-162646/,portal_industry_football_2024
DeShawn Hanika,TE,Iowa State Cyclones,Kansas Jayhawks,Committed,0,3.0,86.0,993.0,50.0,2018,2023-12-11T10:08:00,https://on3static.com/uploads/dev/assets/241/9/9241.jpg,https://www.on3.com/db/deshawn-hanika-35400/,portal_industry_football_2024
Kristian Story,CB,Alabama Crimson Tide,Kentucky Wildcats,Committed,0,3.0,86.0,994.0,140.0,2020,2024-01-10T14:17:00,https://on3static.com/uploads/assets/816/225/225816.jpeg,https://www.on3.com/db/kristian-story-76104/,portal_industry_football_2024
Russell Davis II,DL,Arizona Wildcats,Washington Huskies,Committed,0,3.0,88.0,267.0,29.0,2022,2024-01-31T20:16:00,https://on3static.com/uploads/assets/173/22/22173.jpeg,https://www.on3.com/db/russell-davis-ii-102787/,portal_industry_football_2024
Jakobe Thomas,S,Middle Tennessee State Blue Raiders,Tennessee Volunteers,Committed,0,3.0,86.0,996.0,83.0,2021,2023-12-16T17:35:00,https://on3static.com/uploads/assets/672/443/443672.png,https://www.on3.com/db/jakobe-thomas-54027/,portal_industry_football_2024
Xavier Bausley,OT,Jacksonville State Gamecocks,West Virginia Mountaineers,Committed,0,3.0,88.0,285.0,21.0,2022,2024-01-07T15:09:00,https://on3static.com/uploads/assets/250/181/181250.png,https://www.on3.com/db/xavier-bausley-121926/,portal_industry_football_2024
Simeon Price,RB,Mississippi State Bulldogs,Coastal Carolina Chanticleers,Committed,0,3.0,86.0,998.0,71.0,2021,,https://on3static.com/uploads/assets/459/586/586459.png,https://www.on3.com/db/simeon-price-107482/,portal_industry_football_2024
Jordan McDonald,RB,UCF Knights,Boston College Eagles,Committed,0,3.0,86.0,999.0,73.0,2022,2023-12-17T13:18:00,https://on3static.com/uploads/assets/194/476/476194.png,https://www.on3.com/db/jordan-mcdonald-65733/,portal_industry_football_2024
Jeremiah Earby,CB,California Golden Bears,Boise State Broncos,Committed,0,3.0,86.0,1000.0,161.0,2022,2024-01-04T22:16:00,https://on3static.com/uploads/assets/323/168/168323.png,https://www.on3.com/db/jeremiah-earby-60093/,portal_industry_football_2024
Matthew Sluka,QB,Holy Cross Crusaders,UNLV Rebels,Committed,0,3.0,88.0,1001.0,45.0,2020,2024-01-16T13:20:00,https://on3static.com/uploads/assets/954/258/258954.jpeg,https://www.on3.com/db/matthew-sluka-188221/,portal_industry_football_2024
Kamari Morales,TE,North Carolina Tar Heels,Boston College Eagles,Committed,0,3.0,88.0,1002.0,12.0,2019,2023-12-06T12:28:00,https://on3static.com/uploads/dev/assets/192/10/10192.jpg,https://www.on3.com/db/kamari-morales-70946/,portal_industry_football_2024
Ayden Garnes,CB,Duquesne Dukes,West Virginia Mountaineers,Committed,0,3.0,88.0,1003.0,39.0,2021,2023-12-15T14:31:00,https://on3static.com/uploads/assets/716/264/264716.png,https://www.on3.com/db/ayden-garnes-9015/,portal_industry_football_2024
Chimere Dike,WR,Wisconsin Badgers,Florida Gators,Committed,0,3.0,88.0,1004.0,57.0,2020,2023-12-20T14:54:00,https://on3static.com/uploads/assets/46/443/443046.png,https://www.on3.com/db/chimere-dike-21190/,portal_industry_football_2024
Zeon Chriss-Gremillion,QB,Louisiana Ragin Cajuns,Houston Cougars,Committed,0,3.0,88.0,1005.0,46.0,2022,2024-01-03T12:17:00,https://on3static.com/uploads/assets/352/273/273352.png,https://www.on3.com/db/zeon-chriss-gremillion-123766/,portal_industry_football_2024
Mehki Miller,S,New Mexico State Aggies,Cincinnati Bearcats,Committed,0,3.0,88.0,1006.0,38.0,2019,2024-01-08T15:08:00,https://on3static.com/uploads/assets/38/271/271038.png,https://www.on3.com/db/mehki-miller-86962/,portal_industry_football_2024
Dorian Hinton,IOL,Florida Atlantic Owls,Texas A&M Aggies,Committed,0,3.0,88.0,1007.0,31.0,2019,2024-01-08T21:23:00,https://on3static.com/uploads/assets/270/217/217270.png,https://www.on3.com/db/dorian-hinton-38563/,portal_industry_football_2024
Tate Rodemaker,QB,Florida State Seminoles,Southern Miss Golden Eagles,Committed,0,3.0,86.0,1009.0,83.0,2020,2024-01-06T13:54:00,https://on3static.com/uploads/assets/236/242/242236.jpeg,https://www.on3.com/db/tate-rodemaker-110426/,portal_industry_football_2024
RJ Delancy III,CB,Toledo Rockets,Wisconsin Badgers,Committed,0,3.0,88.0,245.0,33.0,2020,2024-01-08T19:58:00,https://on3static.com/uploads/assets/785/18/18785.jpeg,https://www.on3.com/db/rj-delancy-iii-102155/,portal_industry_football_2024
Tank Booker,DL,Arkansas Razorbacks,SMU Mustangs,Committed,0,3.0,86.0,1011.0,95.0,2019,2024-01-11T13:40:00,https://on3static.com/uploads/dev/assets/520/6/6520.jpg,https://www.on3.com/db/tank-booker-5902/,portal_industry_football_2024
Jaxson Moi,DL,Stanford Cardinal,Tennessee Volunteers,Committed,0,3.0,86.0,1012.0,103.0,2022,2024-01-21T11:54:00,https://on3static.com/uploads/assets/329/226/226329.png,https://www.on3.com/db/jaxson-moi-58365/,portal_industry_football_2024
Terrence Spence,S,Holy Cross Crusaders,,Entered,0,3.0,86.0,1013.0,117.0,2020,2023-11-20T14:53:00,https://on3static.com/uploads/assets/956/258/258956.jpeg,https://www.on3.com/db/terrence-spence-111723/,portal_industry_football_2024
Chace Biddle,S,TCU Horned Frogs,,Entered,0,3.0,86.0,1014.0,100.0,2022,2023-12-04T08:43:00,https://on3static.com/uploads/assets/165/223/223165.png,https://www.on3.com/db/chace-biddle-19498/,portal_industry_football_2024
Fred Davis II,CB,UCF Knights,Jacksonville State Gamecocks,Committed,0,3.0,86.0,1015.0,157.0,2020,2024-08-03T16:23:00,https://on3static.com/uploads/assets/754/17/17754.jpeg,https://www.on3.com/db/fred-davis-ii-44201/,portal_industry_football_2024
Eli Sanders,RB,Iowa State Cyclones,New Mexico Lobos,Committed,0,3.0,86.0,1016.0,77.0,2021,2024-01-16T11:10:00,https://on3static.com/uploads/assets/820/15/15820.jpeg,https://www.on3.com/db/eli-sanders-40990/,portal_industry_football_2024
Laurance Seymore,,Miami Hurricanes,Akron Zips,Committed,0,3.0,86.0,1017.0,81.0,2021,2023-09-09T10:52:00,https://on3static.com/uploads/assets/59/172/172059.jpg,https://www.on3.com/db/laurance-seymore-78497/,portal_industry_football_2024
Jake Rubley,QB,Kansas State Wildcats,Illinois State Redbirds,Committed,0,3.0,86.0,1018.0,91.0,2021,2023-12-11T13:19:00,https://on3static.com/uploads/dev/assets/214/8/8214.jpg,https://www.on3.com/db/jake-rubley-53800/,portal_industry_football_2024
Elijah Metcalf,WR,Middle Tennessee State Blue Raiders,Marshall Thundering Herd,Committed,0,3.0,86.0,1019.0,153.0,2021,2023-12-20T13:17:00,https://on3static.com/uploads/assets/766/264/264766.png,https://www.on3.com/db/elijah-metcalf-41276/,portal_industry_football_2024
Tanner Bailey,QB,South Carolina Gamecocks,,Entered,0,3.0,86.0,1020.0,100.0,2022,2023-12-04T17:14:00,https://on3static.com/uploads/assets/690/256/256690.png,https://www.on3.com/db/tanner-bailey-144575/,portal_industry_football_2024
Blaine Green,WR,Oklahoma State Cowboys,Stephen F. Austin Lumberjacks,Committed,0,3.0,86.0,1021.0,189.0,2021,2024-01-07T08:31:00,https://on3static.com/uploads/dev/assets/872/7/7872.jpg,https://www.on3.com/db/blaine-green-10658/,portal_industry_football_2024
Skyler Bell,WR,Wisconsin Badgers,Connecticut Huskies,Committed,0,3.0,86.0,1022.0,178.0,2021,2024-01-12T14:45:00,https://on3static.com/uploads/assets/430/469/469430.png,https://www.on3.com/db/skyler-bell-107705/,portal_industry_football_2024
Jesse Ramil,IOL,Saint Francis (PA) Red Flash,James Madison Dukes,Committed,0,3.0,86.0,1023.0,87.0,2021,2024-01-12T14:44:00,https://on3static.com/uploads/assets/335/321/321335.png,https://www.on3.com/db/jesse-ramil-239230/,portal_industry_football_2024
Mack Howard,QB,Utah Utes,Samford Bulldogs,Committed,0,3.0,86.0,1024.0,76.0,2023,2024-01-12T14:59:00,https://on3static.com/uploads/assets/50/219/219050.png,https://www.on3.com/db/mack-howard-145551/,portal_industry_football_2024
Bralon Brown,WR,Ole Miss Rebels,Marshall Thundering Herd,Committed,0,3.0,86.0,1025.0,136.0,2021,2024-01-10T13:09:00,https://on3static.com/uploads/assets/958/266/266958.png,https://www.on3.com/db/bralon-brown-12011/,portal_industry_football_2024
Justin Johnson,RB,West Virginia Mountaineers,,Entered,0,3.0,86.0,1026.0,112.0,2021,2023-12-11T17:45:00,https://on3static.com/uploads/assets/926/15/15926.jpeg,https://www.on3.com/db/justin-johnson-144709/,portal_industry_football_2024
Bryce Langston,DL,LSU Tigers,Florida Atlantic Owls,Committed,0,3.0,86.0,1027.0,131.0,2021,2024-03-29T09:42:00,https://on3static.com/uploads/assets/641/18/18641.png,https://www.on3.com/db/bryce-langston-15828/,portal_industry_football_2024
Nolan Ziegler,LB,Notre Dame Fighting Irish,Central Michigan Chippewas,Committed,0,3.0,86.0,1028.0,95.0,2022,2024-01-04T16:14:00,https://on3static.com/uploads/assets/959/235/235959.jpeg,https://www.on3.com/db/nolan-ziegler-93917/,portal_industry_football_2024
Joe Cryer,IOL,LSU Tigers,Southern Miss Golden Eagles,Committed,0,3.0,86.0,1029.0,83.0,2024,2024-05-04T12:35:00,https://on3static.com/uploads/assets/637/104/104637.jpg,https://www.on3.com/db/joe-cryer-152684/,portal_industry_football_2024
Mike Wright,QB,Mississippi State Bulldogs,Northwestern Wildcats,Committed,0,3.0,86.0,1030.0,74.0,2020,2024-05-09T08:23:00,https://on3static.com/uploads/assets/83/148/148083.png,https://www.on3.com/db/mike-wright-89517/,portal_industry_football_2024
Gerald Kilgore,CB,Tennessee Tech Golden Eagles,South Carolina Gamecocks,Committed,0,3.0,87.0,1031.0,106.0,2022,2023-12-17T19:52:00,https://on3static.com/uploads/assets/780/264/264780.png,https://www.on3.com/db/gerald-kilgore-239050/,portal_industry_football_2024
Smoke Bouie,CB,Georgia Bulldogs,,Entered,0,3.0,87.0,1032.0,116.0,2022,2023-08-18T10:55:00,https://on3static.com/uploads/assets/47/88/88047.jpg,https://www.on3.com/db/smoke-bouie-36780/,portal_industry_football_2024
Keagen Trost,OT,Indiana State Sycamores,Wake Forest Demon Deacons,Committed,0,3.0,87.0,1033.0,47.0,2019,2023-12-11T12:14:00,https://on3static.com/uploads/assets/923/261/261923.jpeg,https://www.on3.com/db/keagen-trost-239014/,portal_industry_football_2024
Kam Brown,WR,UCLA Bruins,Purdue Boilermakers,Committed,0,3.0,86.0,1034.0,157.0,2019,2023-12-17T14:03:00,https://on3static.com/uploads/assets/484/343/343484.png,https://www.on3.com/db/kam-brown-70865/,portal_industry_football_2024
Remington Strickland,IOL,Texas A&M Aggies,TCU Horned Frogs,Committed,0,3.0,86.0,1035.0,98.0,2021,2023-12-18T18:30:00,https://on3static.com/uploads/assets/966/12/12966.jpeg,https://www.on3.com/db/remington-strickland-99605/,portal_industry_football_2024
Chantz Williams,EDGE,Miami Hurricanes,Charlotte 49ers,Committed,0,3.0,86.0,1036.0,75.0,2020,2024-04-07T15:05:00,https://on3static.com/uploads/assets/569/222/222569.jpg,https://www.on3.com/db/chantz-williams-19993/,portal_industry_football_2024
Jake Wiley,IOL,UCLA Bruins,Houston Cougars,Committed,0,3.0,85.0,1037.0,116.0,2019,2023-12-18T12:29:00,https://on3static.com/uploads/assets/209/18/18209.jpeg,https://www.on3.com/db/jake-wiley-53952/,portal_industry_football_2024
Marquese Williams,RB,Minnesota Golden Gophers,Akron Zips,Committed,0,3.0,86.0,1038.0,103.0,2023,2024-01-05T16:21:00,https://on3static.com/uploads/assets/716/21/21716.png,https://www.on3.com/db/marquese-williams-84030/,portal_industry_football_2024
Reggie Grimes,EDGE,Oklahoma Sooners,Memphis Tigers,Committed,0,3.0,86.0,1039.0,70.0,2020,2024-05-05T13:11:00,https://on3static.com/uploads/assets/520/18/18520.jpeg,https://www.on3.com/db/reggie-grimes-99339/,portal_industry_football_2024
Tamon Lynum,CB,Nebraska Cornhuskers,Pittsburgh Panthers,Committed,0,3.0,86.0,1040.0,180.0,2020,2023-12-12T16:35:00,https://on3static.com/uploads/assets/285/187/187285.jpeg,https://www.on3.com/db/tamon-lynum-110002/,portal_industry_football_2024
Zach Horton,TE,James Madison Dukes,Indiana Hoosiers,Committed,0,3.0,86.0,1041.0,40.0,2021,2023-12-24T14:34:00,https://on3static.com/uploads/assets/523/178/178523.jpeg,https://www.on3.com/db/zach-horton-145271/,portal_industry_football_2024
Ormanie Arnold,ATH,Idaho Vandals,Cincinnati Bearcats,Committed,0,3.0,87.0,1042.0,2.0,2022,2023-12-18T11:03:00,https://on3static.com/uploads/assets/204/276/276204.png,https://www.on3.com/db/ormanie-arnold-150575/,portal_industry_football_2024
Dylan Wudke,EDGE,Youngstown State Penguins,Kansas Jayhawks,Committed,0,3.0,87.0,1043.0,44.0,2019,2023-12-19T00:16:00,https://on3static.com/uploads/assets/660/270/270660.png,https://www.on3.com/db/dylan-wudke-239528/,portal_industry_football_2024
William Fowles,WR,Louisville Cardinals,Appalachian State Mountaineers,Committed,0,3.0,86.0,1044.0,131.0,2023,2024-01-05T17:25:00,https://on3static.com/uploads/assets/233/223/223233.png,https://www.on3.com/db/william-fowles-121237/,portal_industry_football_2024
Shane Bumgardner,IOL,Tiffin University Dragons,Kansas Jayhawks,Committed,0,3.0,84.0,1045.0,173.0,0,2024-01-09T11:39:00,https://on3static.com/uploads/assets/863/288/288863.jpeg,https://www.on3.com/db/shane-bumgardner-239584/,portal_industry_football_2024
Ian Jackson,LB,Alabama Crimson Tide,UTSA Roadrunners,Committed,0,3.0,86.0,1046.0,88.0,2021,2024-01-18T18:55:00,https://on3static.com/uploads/assets/655/225/225655.jpeg,https://www.on3.com/db/ian-jackson-144983/,portal_industry_football_2024
Sam Hart,TE,Ohio State Buckeyes,Colorado Buffaloes,Committed,0,3.0,87.0,1047.0,21.0,2021,2024-03-15T14:05:00,https://on3static.com/uploads/assets/523/221/221523.jpeg,https://www.on3.com/db/sam-hart-104328/,portal_industry_football_2024
Josh Griffis,EDGE,Tarleton State Texans,Oregon State Beavers,Committed,0,3.0,86.0,1048.0,78.0,2020,2024-05-04T18:51:00,https://on3static.com/uploads/dev/assets/120/11/11120.jpg,https://www.on3.com/db/josh-griffis-67149/,portal_industry_football_2024
Myles Jernigan,LB,California Golden Bears,Louisville Cardinals,Committed,0,3.0,86.0,1049.0,107.0,2019,2024-04-25T10:20:00,https://on3static.com/uploads/dev/assets/711/6/6711.jpg,https://www.on3.com/db/myles-jernigan-143794/,portal_industry_football_2024
Chief Borders,EDGE,Nebraska Cornhuskers,Pittsburgh Panthers,Committed,0,3.0,86.0,1050.0,91.0,2021,2024-05-12T16:22:00,https://on3static.com/uploads/assets/644/15/15644.jpeg,https://www.on3.com/db/chief-borders-21161/,portal_industry_football_2024
Gavin Wimsatt,QB,Rutgers Scarlet Knights,Kentucky Wildcats,Committed,0,3.0,87.0,1052.0,53.0,2021,2024-05-07T13:45:00,https://on3static.com/uploads/assets/533/304/304533.png,https://www.on3.com/db/gavin-wimsatt-45482/,portal_industry_football_2024
Zac Swanson,DL,Texas Longhorns,Arizona State Sun Devils,Committed,0,3.0,86.0,1053.0,137.0,2022,2024-05-02T14:47:00,https://on3static.com/uploads/assets/415/472/472415.jpg,https://www.on3.com/db/zac-swanson-122511/,portal_industry_football_2024
Joshua Harris,DL,Ole Miss Rebels,North Carolina Tar Heels,Committed,0,3.0,87.0,1054.0,72.0,2019,2024-04-21T10:46:00,https://on3static.com/uploads/assets/855/17/17855.jpeg,https://www.on3.com/db/joshua-harris-67943/,portal_industry_football_2024
Jeremiah Ballard,WR,UTEP Miners,Tulsa Golden Hurricane,Committed,0,3.0,87.0,1055.0,109.0,2021,2024-01-17T11:38:00,https://on3static.com/uploads/assets/41/468/468041.png,https://www.on3.com/db/jeremiah-ballard-60031/,portal_industry_football_2024
Jaydel Jenkins,WR,Columbia Lions,Buffalo Bulls,Committed,0,3.0,85.0,1056.0,230.0,2019,,https://on3static.com/uploads/assets/65/217/217065.jpeg,https://www.on3.com/db/jaydel-jenkins-143932/,portal_industry_football_2024
Marcus Libman,WR,Columbia Lions,,Entered,0,3.0,85.0,1057.0,229.0,2020,2023-08-15T13:20:00,https://on3static.com/uploads/assets/586/216/216586.jpeg,https://www.on3.com/db/marcus-libman-82803/,portal_industry_football_2024
Evan Eller,LB,Virginia Military Institute Keydets,Wyoming Cowboys,Committed,0,3.0,86.0,1059.0,114.0,2020,2024-01-08T14:00:00,https://on3static.com/uploads/assets/942/258/258942.jpeg,https://www.on3.com/db/evan-eller-43245/,portal_industry_football_2024
Darryl Rogan,LB,Austin Peay Governors,,Entered,0,3.0,85.0,1060.0,167.0,2019,2023-11-17T08:56:00,https://on3static.com/uploads/assets/569/257/257569.png,https://www.on3.com/db/darryl-rogan-159498/,portal_industry_football_2024
Alex Washington,S,Boston College Eagles,,Entered,0,3.0,85.0,1061.0,155.0,2019,2023-09-26T10:03:00,https://on3static.com/uploads/assets/922/130/130922.png,https://www.on3.com/db/alex-washington-3487/,portal_industry_football_2024
Einaj Carter,WR,East Tennessee State Buccaneers,,Entered,0,3.0,85.0,1062.0,231.0,2019,2023-10-18T09:31:00,https://on3static.com/uploads/assets/78/245/245078.png,https://www.on3.com/db/einaj-carter-189994/,portal_industry_football_2024
Cam Sims,CB,Mercer Bears,,Entered,0,3.0,85.0,1063.0,217.0,2019,2023-10-18T14:57:00,https://on3static.com/uploads/assets/210/245/245210.png,https://www.on3.com/db/cam-sims-18077/,portal_industry_football_2024
Mason Carlan,OT,Air Force Falcons,Penn State Nittany Lions,Committed,0,3.0,85.0,1064.0,99.0,2020,,https://on3static.com/uploads/assets/922/416/416922.png,https://www.on3.com/db/mason-carlan-238368/,portal_industry_football_2024
Logan Bednar,IOL,Harvard Crimson,Eastern Michigan Eagles,Committed,0,3.0,85.0,1065.0,132.0,2020,2024-04-16T12:30:00,https://on3static.com/uploads/assets/346/259/259346.png,https://www.on3.com/db/logan-bednar-79638/,portal_industry_football_2024
James Burns,WR,Connecticut Huskies,,Entered,0,3.0,85.0,1066.0,240.0,2019,2023-10-31T10:59:00,https://on3static.com/uploads/assets/398/250/250398.png,https://www.on3.com/db/james-burns-155260/,portal_industry_football_2024
Gregory Young II,S,Robert Morris Colonials,,Entered,0,3.0,85.0,1067.0,176.0,2018,2023-10-04T13:55:00,https://on3static.com/uploads/assets/194/239/239194.jpeg,https://www.on3.com/db/gregory-young-ii-238248/,portal_industry_football_2024
Jonathan Mendoza,OT,Yale Bulldogs,Louisville Cardinals,Committed,0,3.0,87.0,1068.0,36.0,2019,2023-12-10T11:32:00,https://on3static.com/uploads/assets/540/259/259540.jpeg,https://www.on3.com/db/jonathan-mendoza-64801/,portal_industry_football_2024
Brad Clark,WR,Tennessee Tech Golden Eagles,,Entered,0,3.0,85.0,1069.0,212.0,2018,2023-11-21T15:49:00,https://on3static.com/uploads/assets/569/259/259569.jpg,https://www.on3.com/db/brad-clark-238973/,portal_industry_football_2024
Tyson McCloud,LB,Dartmouth Big Green,,Entered,0,3.0,85.0,1070.0,147.0,2020,2023-11-21T10:44:00,https://on3static.com/uploads/assets/417/259/259417.jpeg,https://www.on3.com/db/tyson-mccloud-119048/,portal_industry_football_2024
Tim Dowd,TE,Harvard Crimson,,Entered,0,3.0,85.0,1071.0,66.0,2020,2023-11-22T10:02:00,https://on3static.com/uploads/assets/951/259/259951.jpeg,https://www.on3.com/db/tim-dowd-238981/,portal_industry_football_2024
Carlos Davis,QB,Massachusetts Minutemen,,Entered,0,3.0,85.0,1072.0,113.0,2018,2023-11-27T11:34:00,https://on3static.com/uploads/assets/223/149/149223.jpeg,https://www.on3.com/db/carlos-davis-18497/,portal_industry_football_2024
Jared Casey,LB,Indiana Hoosiers,,Entered,0,3.0,85.0,1073.0,143.0,2019,2023-11-27T10:27:00,https://on3static.com/uploads/dev/assets/696/2/2696.jpg,https://www.on3.com/db/jared-casey-56580/,portal_industry_football_2024
Mason Williams,IOL,Western Kentucky Hilltoppers,,Entered,0,3.0,85.0,1074.0,130.0,2019,2023-11-27T11:26:00,https://on3static.com/uploads/assets/88/262/262088.png,https://www.on3.com/db/mason-williams-84926/,portal_industry_football_2024
JT Killen,LB,Coastal Carolina Chanticleers,Eastern Michigan Eagles,Committed,0,3.0,86.0,1076.0,123.0,2019,2024-01-07T12:47:00,https://on3static.com/uploads/dev/assets/828/2/2828.jpg,https://www.on3.com/db/jt-killen-68394/,portal_industry_football_2024
Dominick Mazotti,TE,San Jose State Spartans,Massachusetts Minutemen,Committed,0,3.0,88.0,1077.0,18.0,2019,2023-11-28T14:16:00,https://on3static.com/uploads/assets/358/177/177358.png,https://www.on3.com/db/dominick-mazotti-37603/,portal_industry_football_2024
Matthew Bedford,IOL,Indiana Hoosiers,Oregon Ducks,Committed,0,3.0,87.0,1078.0,39.0,2019,2023-12-18T16:12:00,https://on3static.com/uploads/assets/902/262/262902.png,https://www.on3.com/db/matthew-bedford-85977/,portal_industry_football_2024
Jalen Mitchell,RB,Connecticut Huskies,,Entered,0,3.0,85.0,1079.0,120.0,2019,2023-11-29T11:44:00,https://on3static.com/uploads/dev/assets/737/10/10737.jpg,https://www.on3.com/db/jalen-mitchell-54408/,portal_industry_football_2024
Thomas Mirabella,IOL,San Diego State Aztecs,,Entered,0,3.0,85.0,1080.0,125.0,2020,2023-11-29T13:48:00,https://on3static.com/uploads/assets/501/178/178501.png,https://www.on3.com/db/thomas-mirabella-113648/,portal_industry_football_2024
Eli Fields,OT,Southern University Jaguars,,Entered,0,3.0,85.0,1081.0,107.0,2017,2023-11-28T14:10:00,https://on3static.com/uploads/assets/887/400/400887.png,https://www.on3.com/db/eli-fields-40941/,portal_industry_football_2024
Jakeen Harris,S,NC State Wolfpack,North Carolina Tar Heels,Committed,0,3.0,87.0,1082.0,40.0,2019,2023-12-25T18:42:00,https://on3static.com/uploads/dev/assets/220/10/10220.jpg,https://www.on3.com/db/jakeen-harris-53978/,portal_industry_football_2024
McKel Broussard,ATH,UTEP Miners,,Entered,0,3.0,85.0,1083.0,4.0,2019,2023-11-29T16:44:00,https://on3static.com/uploads/assets/567/75/75567.jpeg,https://www.on3.com/db/mckel-broussard-86882/,portal_industry_football_2024
C.J. Clark,DL,NC State Wolfpack,Miami Hurricanes,Committed,238415,3.0,87.0,1084.0,61.0,2019,2023-12-15T18:01:00,https://on3static.com/uploads/dev/assets/218/10/10218.jpg,https://www.on3.com/db/cj-clark-16385/,portal_industry_football_2024
Tavyn Jackson,S,Coastal Carolina Chanticleers,,Entered,0,3.0,85.0,1085.0,179.0,2017,2024-04-18T12:31:00,https://on3static.com/uploads/assets/599/75/75599.JPG,https://www.on3.com/db/tavyn-jackson-141453/,portal_industry_football_2024
Ahmad McCullough,LB,Washington State Cougars,,Entered,0,3.0,85.0,1086.0,156.0,2018,2023-11-30T15:45:00,https://on3static.com/uploads/dev/assets/457/6/6457.jpg,https://www.on3.com/db/ahmad-mccullough-1879/,portal_industry_football_2024
Charvis Thornton,RB,Louisiana Tech Bulldogs,,Entered,0,3.0,85.0,1087.0,139.0,2019,2023-11-30T15:15:00,https://on3static.com/uploads/assets/567/263/263567.png,https://www.on3.com/db/charvis-thornton-20551/,portal_industry_football_2024
Tristan Driggers,LB,Louisiana-Monroe Warhawks,,Entered,0,3.0,85.0,1088.0,158.0,2019,2023-12-07T12:50:00,https://on3static.com/uploads/assets/495/132/132495.jpeg,https://www.on3.com/db/tristan-driggers-116411/,portal_industry_football_2024
Zach Morris,CB,New Mexico Lobos,UTSA Roadrunners,Committed,0,3.0,86.0,1090.0,118.0,2022,2024-02-07T08:57:00,https://on3static.com/uploads/assets/889/178/178889.png,https://www.on3.com/db/zach-morris-149904/,portal_industry_football_2024
Thad Franklin Jr.,RB,Louisiana-Monroe Warhawks,,Entered,0,3.0,85.0,1091.0,123.0,2021,2023-12-03T15:45:00,https://on3static.com/uploads/assets/432/264/264432.jpeg,https://www.on3.com/db/thad-franklin-jr-112072/,portal_industry_football_2024
Joshua Hardy,EDGE,Boston College Eagles,,Entered,0,3.0,85.0,1092.0,105.0,2022,2023-12-04T06:34:00,https://on3static.com/uploads/assets/262/165/165262.png,https://www.on3.com/db/joshua-hardy-67942/,portal_industry_football_2024
Richard Pearce,IOL,East Carolina Pirates,New Mexico Lobos,Committed,0,3.0,85.0,1093.0,135.0,2021,2024-01-07T13:22:00,https://on3static.com/uploads/assets/857/213/213857.jpeg,https://www.on3.com/db/richard-pearce-100028/,portal_industry_football_2024
Mason Garcia,QB,East Carolina Pirates,Austin Peay Governors,Committed,0,3.0,85.0,1094.0,127.0,2020,2023-12-13T20:45:00,https://on3static.com/uploads/assets/485/213/213485.jpeg,https://www.on3.com/db/mason-garcia-84760/,portal_industry_football_2024
Isaiah Foote,OT,East Carolina Pirates,,Entered,0,3.0,85.0,1095.0,115.0,2020,2023-12-04T07:26:00,https://on3static.com/uploads/assets/826/213/213826.jpeg,https://www.on3.com/db/isaiah-foote-49484/,portal_industry_football_2024
Shawn Miller,WR,Illinois Fighting Illini,New Mexico Lobos,Committed,0,3.0,85.0,1096.0,219.0,2022,2024-01-07T10:05:00,https://on3static.com/uploads/assets/952/264/264952.jpg,https://www.on3.com/db/shawn-miller-106921/,portal_industry_football_2024
Owen Chambliss,LB,Utah Utes,San Diego State Aztecs,Committed,0,3.0,86.0,1097.0,105.0,2023,2024-01-10T19:22:00,https://on3static.com/uploads/assets/906/576/576906.png,https://www.on3.com/db/owen-chambliss-146628/,portal_industry_football_2024
Stephan Byrd,RB,Cincinnati Bearcats,,Entered,0,3.0,85.0,1098.0,127.0,2022,2023-12-04T09:32:00,https://on3static.com/uploads/assets/392/226/226392.png,https://www.on3.com/db/stephan-byrd-108314/,portal_industry_football_2024
Adrian Cole,CB,FIU Golden Panthers,Arkansas State Red Wolves,Committed,0,3.0,85.0,1099.0,198.0,2019,2024-05-02T13:53:00,https://on3static.com/uploads/dev/assets/781/9/9781.jpg,https://www.on3.com/db/adrian-cole-1633/,portal_industry_football_2024
Devin Lafayette,S,Northern Illinois Huskies,Troy Trojans,Committed,0,3.0,86.0,1100.0,116.0,2020,2024-01-16T16:46:00,https://on3static.com/uploads/assets/690/264/264690.jpeg,https://www.on3.com/db/devin-lafayette-36072/,portal_industry_football_2024
Montavious Cunningham,OT,Georgia State Panthers,Virginia Tech Hokies,Committed,0,3.0,88.0,1101.0,27.0,2021,2023-12-14T11:03:00,https://on3static.com/uploads/assets/737/173/173737.png,https://www.on3.com/db/montavious-cunningham-90201/,portal_industry_football_2024
Chandler Matthews,LB,Limestone University Saints,Western Kentucky Hilltoppers,Committed,0,3.0,85.0,1102.0,172.0,2020,2023-12-20T22:35:00,https://on3static.com/uploads/assets/693/264/264693.png,https://www.on3.com/db/chandler-matthews-239048/,portal_industry_football_2024
Damon Miller,S,UAB Blazers,,Entered,0,3.0,85.0,1103.0,184.0,2019,2023-12-04T10:43:00,https://on3static.com/uploads/assets/750/89/89750.jpg,https://www.on3.com/db/damon-miller-28705/,portal_industry_football_2024
Brendan Jackson,LB,Gardner-Webb Runnin' Bulldogs,Troy Trojans,Committed,0,3.0,86.0,1104.0,126.0,2020,2024-01-07T14:45:00,https://on3static.com/uploads/assets/834/264/264834.png,https://www.on3.com/db/brendan-jackson-239054/,portal_industry_football_2024
Marlon Jones,CB,Eastern Washington Eagles,Vanderbilt Commodores,Committed,0,3.0,87.0,1105.0,71.0,2019,2023-12-21T18:01:00,https://on3static.com/uploads/assets/935/264/264935.png,https://www.on3.com/db/marlon-jones-143653/,portal_industry_football_2024
Markeston Douglas,TE,Florida State Seminoles,Arizona State Sun Devils,Committed,0,3.0,87.0,1106.0,24.0,2020,2023-12-08T20:16:00,https://on3static.com/uploads/assets/108/242/242108.jpeg,https://www.on3.com/db/markeston-douglas-83729/,portal_industry_football_2024
Taylon Doss,CB,Arkansas State Red Wolves,,Entered,0,3.0,85.0,1107.0,219.0,2020,2023-12-04T12:59:00,https://on3static.com/uploads/assets/865/264/264865.jpeg,https://www.on3.com/db/taylon-doss-157707/,portal_industry_football_2024
Donovan Spellman,EDGE,Appalachian State Mountaineers,Charlotte 49ers,Committed,0,3.0,85.0,1108.0,107.0,2022,2023-12-17T16:54:00,https://on3static.com/uploads/assets/147/170/170147.png,https://www.on3.com/db/donovan-spellman-38253/,portal_industry_football_2024
Jaylen Jenkins,RB,Washington State Cougars,Texas State Bobcats,Committed,0,3.0,86.0,1109.0,109.0,2022,2023-12-19T10:51:00,https://on3static.com/uploads/assets/356/219/219356.png,https://www.on3.com/db/jaylen-jenkins-144444/,portal_industry_football_2024
Travonte O'Neal,DL,FIU Golden Panthers,,Entered,0,3.0,85.0,1110.0,158.0,2021,2023-12-05T08:39:00,https://on3static.com/uploads/assets/310/76/76310.jpeg,https://www.on3.com/db/travonte-oneal-114830/,portal_industry_football_2024
Jordyn Morgan,S,UNLV Rebels,Louisiana Tech Bulldogs,Committed,0,3.0,85.0,1111.0,156.0,2020,2024-01-14T16:11:00,https://on3static.com/uploads/dev/assets/187/9/9187.jpg,https://www.on3.com/db/jordyn-morgan-66330/,portal_industry_football_2024
Jonathan Horton,LB,Virginia Cavaliers,,Entered,0,3.0,85.0,1112.0,168.0,2020,2023-12-05T11:54:00,https://on3static.com/uploads/dev/assets/732/9/9732.jpg,https://www.on3.com/db/jonathan-horton-144793/,portal_industry_football_2024
Alred Luke,WR,Louisiana-Monroe Warhawks,,Entered,0,3.0,85.0,1113.0,244.0,2021,2023-12-05T13:58:00,https://on3static.com/uploads/assets/277/265/265277.png,https://www.on3.com/db/alred-luke-239120/,portal_industry_football_2024
Tayon Holloway,CB,North Carolina Tar Heels,Louisville Cardinals,Committed,0,3.0,88.0,1114.0,41.0,2022,2023-12-20T13:21:00,https://on3static.com/uploads/assets/784/87/87784.jpg,https://www.on3.com/db/tayon-holloway-110952/,portal_industry_football_2024
Malachi McLean,S,New Mexico State Aggies,Connecticut Huskies,Committed,0,3.0,84.0,1115.0,199.0,2022,2024-01-07T14:33:00,https://on3static.com/uploads/assets/446/469/469446.png,https://www.on3.com/db/malachi-mclean-81437/,portal_industry_football_2024
Raymond Scott,LB,Fresno State Bulldogs,James Madison Dukes,Committed,0,3.0,85.0,1116.0,165.0,2018,,https://on3static.com/uploads/dev/assets/910/4/4910.jpg,https://www.on3.com/db/raymond-scott-99027/,portal_industry_football_2024
Jackson McGohan,TE,LSU Tigers,Wisconsin Badgers,Committed,0,3.0,87.0,1117.0,27.0,2023,2023-12-14T12:02:00,https://on3static.com/uploads/assets/633/265/265633.png,https://www.on3.com/db/jackson-mcgohan-150193/,portal_industry_football_2024
Brevin Randle,LB,Louisiana Tech Bulldogs,UTSA Roadrunners,Committed,0,3.0,87.0,1118.0,73.0,2019,2024-01-04T13:38:00,https://on3static.com/uploads/assets/679/265/265679.png,https://www.on3.com/db/brevin-randle-200355/,portal_industry_football_2024
Justin Harris,CB,Cincinnati Bearcats,Texas State Bobcats,Committed,0,3.0,86.0,1119.0,190.0,2019,2023-12-20T14:10:00,https://on3static.com/uploads/dev/assets/397/10/10397.jpg,https://www.on3.com/db/justin-harris-69418/,portal_industry_football_2024
Aaron Willis,LB,Houston Cougars,,Entered,0,3.0,85.0,1120.0,139.0,2021,2023-12-06T21:34:00,https://on3static.com/uploads/assets/748/15/15748.jpeg,https://www.on3.com/db/aaron-willis-851/,portal_industry_football_2024
Jalen Denton,S,Georgia Southern Eagles,,Entered,0,3.0,85.0,1121.0,158.0,2020,2023-12-07T08:41:00,https://on3static.com/uploads/assets/790/265/265790.png,https://www.on3.com/db/jalen-denton-157939/,portal_industry_football_2024
Micah Bowens,QB,Charlotte 49ers,,Entered,0,3.0,85.0,1122.0,119.0,2020,2023-12-07T14:05:00,https://on3static.com/uploads/assets/320/18/18320.jpeg,https://www.on3.com/db/micah-bowens-87133/,portal_industry_football_2024
Reggie Akles,CB,New Mexico State Aggies,Connecticut Huskies,Committed,0,3.0,87.0,1123.0,113.0,0,2023-12-23T16:47:00,https://on3static.com/uploads/assets/23/266/266023.jpeg,https://www.on3.com/db/reggie-akles-161987/,portal_industry_football_2024
Chris Chernak,OT,Old Dominion Monarchs,,Entered,0,3.0,85.0,1124.0,87.0,2018,2023-12-08T09:44:00,https://on3static.com/uploads/assets/48/266/266048.png,https://www.on3.com/db/chris-chernak-21490/,portal_industry_football_2024
Jeremiah Caldwell,S,Miami (OH) RedHawks,,Entered,0,3.0,85.0,1125.0,181.0,2022,2023-12-08T08:58:00,https://on3static.com/uploads/assets/818/86/86818.jpg,https://www.on3.com/db/jeremiah-caldwell-60061/,portal_industry_football_2024
Deshawn McKnight,DL,Appalachian State Mountaineers,,Entered,0,3.0,85.0,1126.0,167.0,2021,2023-12-08T09:48:00,https://on3static.com/uploads/assets/117/170/170117.png,https://www.on3.com/db/deshawn-mcknight-35411/,portal_industry_football_2024
Jovon Jackson,S,Fairmont State Falcons,Texas Tech Red Raiders,Committed,0,3.0,87.0,1128.0,67.0,2020,2023-12-09T12:41:00,https://on3static.com/uploads/assets/310/266/266310.jpeg,https://www.on3.com/db/jovon-jackson-144733/,portal_industry_football_2024
Devon Marshall,CB,Villanova Wildcats,NC State Wolfpack,Committed,0,3.0,87.0,1129.0,83.0,2022,2024-01-04T19:30:00,https://on3static.com/uploads/assets/813/266/266813.png,https://www.on3.com/db/devon-marshall-233202/,portal_industry_football_2024
Tyler King,WR,Texas Tech Red Raiders,Wyoming Cowboys,Committed,0,3.0,85.0,1130.0,233.0,2022,2024-02-07T10:23:00,https://on3static.com/uploads/assets/225/167/167225.png,https://www.on3.com/db/tyler-king-117722/,portal_industry_football_2024
Sam Jackson,QB,California Golden Bears,Auburn Tigers,Committed,0,3.0,88.0,1131.0,39.0,2021,2023-12-27T19:57:00,https://on3static.com/uploads/assets/360/400/400360.png,https://www.on3.com/db/sam-jackson-144064/,portal_industry_football_2024
Elijah Reed,CB,Kentucky Wildcats,Akron Zips,Committed,0,3.0,85.0,1132.0,205.0,2022,2024-05-20T09:45:00,https://on3static.com/uploads/assets/886/72/72886.jpeg,https://www.on3.com/db/elijah-reed-147387/,portal_industry_football_2024
Riyad Wilmot,EDGE,Maryland Terrapins,,Entered,0,3.0,85.0,1133.0,103.0,2020,2023-12-11T12:36:00,https://on3static.com/uploads/dev/assets/522/6/6522.jpg,https://www.on3.com/db/riyad-wilmot-100639/,portal_industry_football_2024
Courtney Reese,RB,UNLV Rebels,,Entered,0,3.0,85.0,1134.0,138.0,2019,2023-12-11T15:54:00,https://on3static.com/uploads/assets/30/177/177030.png,https://www.on3.com/db/courtney-reese-26794/,portal_industry_football_2024
Antonio Meeks,WR,Tuskegee Golden Tigers,Louisville Cardinals,Committed,0,3.0,87.0,1135.0,102.0,0,2024-01-06T10:35:00,https://on3static.com/uploads/assets/91/267/267091.png,https://www.on3.com/db/antonio-meeks-239248/,portal_industry_football_2024
Jerand Bradley,WR,Texas Tech Red Raiders,Boston College Eagles,Committed,0,3.0,87.0,1136.0,80.0,2021,2023-12-18T19:18:00,https://on3static.com/uploads/dev/assets/561/7/7561.jpg,https://www.on3.com/db/jerand-bradley-59971/,portal_industry_football_2024
Jaden Nixon,RB,Oklahoma State Cowboys,Western Michigan Broncos,Committed,0,3.0,85.0,1137.0,128.0,2021,2024-07-19T13:10:00,https://on3static.com/uploads/assets/670/564/564670.PNG,https://www.on3.com/db/jaden-nixon-52664/,portal_industry_football_2024
Chance Black,RB,Virginia Tech Hokies,,Entered,0,3.0,85.0,1138.0,137.0,2021,2023-12-14T09:38:00,https://on3static.com/uploads/assets/428/16/16428.jpeg,https://www.on3.com/db/chance-black-19751/,portal_industry_football_2024
Garrett Miller,TE,Purdue Boilermakers,Texas A&M Aggies,Committed,0,3.0,87.0,1139.0,25.0,2019,2023-12-19T10:21:00,https://on3static.com/uploads/assets/302/217/217302.png,https://www.on3.com/db/garrett-miller-45018/,portal_industry_football_2024
Fitzgerald West Jr.,DL,LSU Tigers,Louisiana Ragin Cajuns,Committed,0,3.0,85.0,1140.0,144.0,2022,2024-02-07T16:17:00,https://on3static.com/uploads/assets/395/586/586395.jpg,https://www.on3.com/db/fitzgerald-west-jr-43836/,portal_industry_football_2024
Brionne Penny,WR,San Diego State Aztecs,James Madison Dukes,Committed,0,3.0,85.0,1141.0,227.0,2019,,https://on3static.com/uploads/assets/457/178/178457.png,https://www.on3.com/db/brionne-penny-14943/,portal_industry_football_2024
Nehemiah Martinez,WR,Texas Tech Red Raiders,,Entered,0,3.0,85.0,1142.0,237.0,2020,2023-12-14T14:55:00,https://on3static.com/uploads/assets/346/73/73346.jpeg,https://www.on3.com/db/nehemiah-martinez-91901/,portal_industry_football_2024
Isaiah Alston,WR,Army Black Knights,Iowa State Cyclones,Committed,0,3.0,87.0,1143.0,108.0,2019,,https://on3static.com/uploads/assets/72/268/268072.png,https://www.on3.com/db/isaiah-alston-179989/,portal_industry_football_2024
Nijel Mcgriff,DL,Louisiana Ragin Cajuns,,Entered,0,3.0,85.0,1144.0,152.0,2019,2023-12-18T11:47:00,https://on3static.com/uploads/assets/10/269/269010.png,https://www.on3.com/db/nijel-mcgriff-93319/,portal_industry_football_2024
Gevani McCoy,QB,Idaho Vandals,Oregon State Beavers,Committed,0,3.0,88.0,1145.0,42.0,2021,2023-12-21T18:04:00,https://on3static.com/uploads/assets/297/269/269297.png,https://www.on3.com/db/gevani-mccoy-46038/,portal_industry_football_2024
Tavion Woodard,EDGE,Ball State Cardinals,Boise State Broncos,Committed,0,3.0,86.0,1146.0,80.0,2019,2024-01-07T17:38:00,https://on3static.com/uploads/assets/417/274/274417.png,https://www.on3.com/db/tavion-woodard-110594/,portal_industry_football_2024
Raymond Woodie III,S,California Golden Bears,,Entered,0,3.0,85.0,1147.0,167.0,2019,2023-12-19T10:31:00,https://on3static.com/uploads/dev/assets/661/6/6661.jpg,https://www.on3.com/db/raymond-woodie-iii-99041/,portal_industry_football_2024
Zach Gibson,QB,Georgia Tech Yellow Jackets,Georgia State Panthers,Committed,0,3.0,85.0,1148.0,125.0,2019,2023-12-23T16:52:00,https://on3static.com/uploads/assets/423/86/86423.jpg,https://www.on3.com/db/zach-gibson-122734/,portal_industry_football_2024
Simion Hines,S,Louisiana-Monroe Warhawks,,Entered,0,3.0,85.0,1149.0,182.0,2022,2023-12-19T11:12:00,https://on3static.com/uploads/assets/310/269/269310.png,https://www.on3.com/db/simion-hines-158144/,portal_industry_football_2024
Treyshun Hurry,WR,Weber State Wildcats,San Jose State Spartans,Committed,0,3.0,85.0,1150.0,217.0,2022,2023-12-20T13:36:00,https://on3static.com/uploads/assets/903/440/440903.png,https://www.on3.com/db/treyshun-hurry-234446/,portal_industry_football_2024
Darius Bell,OT,Maine Black Bears,East Carolina Pirates,Committed,0,3.0,85.0,1151.0,95.0,2021,2023-12-20T18:21:00,https://on3static.com/uploads/assets/792/269/269792.png,https://www.on3.com/db/darius-bell-239498/,portal_industry_football_2024
Dion Wilson,DL,New Mexico State Aggies,Syracuse Orange,Committed,0,3.0,87.0,1152.0,54.0,2020,2024-01-01T16:26:00,https://on3static.com/uploads/dev/assets/843/6/6843.jpg,https://www.on3.com/db/dion-wilson-37162/,portal_industry_football_2024
Aaron Key,LB,Western Kentucky Hilltoppers,Connecticut Huskies,Committed,0,3.0,85.0,1153.0,159.0,2020,2024-01-10T18:54:00,https://on3static.com/uploads/assets/440/469/469440.png,https://www.on3.com/db/aaron-key-574/,portal_industry_football_2024
Ja'koby Banks,WR,Houston Cougars,Memphis Tigers,Committed,0,3.0,85.0,1154.0,201.0,2023,2024-01-05T11:16:00,https://on3static.com/uploads/assets/396/223/223396.png,https://www.on3.com/db/jakoby-banks-50630/,portal_industry_football_2024
Gavin Potter,LB,Arkansas State Red Wolves,Tulsa Golden Hurricane,Committed,0,3.0,85.0,1155.0,170.0,2019,2024-01-06T17:07:00,https://on3static.com/uploads/dev/assets/917/8/8917.jpg,https://www.on3.com/db/gavin-potter-45438/,portal_industry_football_2024
Parker McKenna,LB,Portland State Vikings,Washington State Cougars,Committed,0,3.0,86.0,1156.0,106.0,2020,2023-12-23T16:47:00,https://on3static.com/uploads/assets/268/289/289268.jpeg,https://www.on3.com/db/parker-mckenna-95055/,portal_industry_football_2024
Darian Chestnut,CB,LSU Tigers,Syracuse Orange,Committed,0,3.0,87.0,1157.0,85.0,2021,2024-01-01T08:06:00,https://on3static.com/uploads/assets/862/17/17862.jpeg,https://www.on3.com/db/darian-chestnut-39305/,portal_industry_football_2024
Chris Rodgers,LB,Troy Trojans,Tulane Green Wave,Committed,0,3.0,86.0,1158.0,128.0,2023,2024-01-07T12:27:00,https://on3static.com/uploads/assets/968/270/270968.png,https://www.on3.com/db/chris-rodgers-155764/,portal_industry_football_2024
Ze'Vian Capers,WR,Western Kentucky Hilltoppers,,Entered,0,3.0,85.0,1159.0,242.0,2020,2023-12-27T08:40:00,https://on3static.com/uploads/assets/3/18/18003.jpeg,https://www.on3.com/db/zevian-capers-123678/,portal_industry_football_2024
Blue Smith,WR,Western Kentucky Hilltoppers,,Entered,0,3.0,85.0,1160.0,243.0,2018,2023-12-27T08:46:00,https://on3static.com/uploads/assets/922/17/17922.jpeg,https://www.on3.com/db/blue-smith-77304/,portal_industry_football_2024
Kamari Stephens,DL,Jacksonville State Gamecocks,Arkansas State Red Wolves,Committed,0,3.0,87.0,1161.0,60.0,2019,2024-02-07T12:02:00,https://on3static.com/uploads/assets/182/189/189182.jpeg,https://www.on3.com/db/kamari-stephens-70950/,portal_industry_football_2024
KJ Wallace,CB,Georgia Tech Yellow Jackets,UCLA Bruins,Committed,0,3.0,88.0,1162.0,54.0,2019,2024-01-13T12:00:00,https://on3static.com/uploads/assets/461/164/164461.png,https://www.on3.com/db/kj-wallace-75466/,portal_industry_football_2024
Randolph Kpai,LB,Nebraska Cornhuskers,New Mexico Lobos,Committed,0,3.0,85.0,1163.0,142.0,2021,2024-06-05T12:30:00,https://on3static.com/uploads/dev/assets/268/7/7268.jpg,https://www.on3.com/db/randolph-kpai-98270/,portal_industry_football_2024
Malik Hornsby,QB,Texas State Bobcats,Arkansas State Red Wolves,Committed,0,3.0,85.0,1164.0,120.0,2020,2024-01-06T13:34:00,https://on3static.com/uploads/assets/198/174/174198.png,https://www.on3.com/db/malik-hornsby-142690/,portal_industry_football_2024
Spencer Lovell,OT,Kansas Jayhawks,Nevada Wolf Pack,Committed,0,3.0,85.0,1165.0,113.0,2018,2024-01-09T10:00:00,https://on3static.com/uploads/assets/794/165/165794.png,https://www.on3.com/db/spencer-lovell-108006/,portal_industry_football_2024
Shadeed Ahmed,WR,Texas State Bobcats,Louisiana Tech Bulldogs,Committed,0,3.0,85.0,1166.0,246.0,2019,,https://on3static.com/uploads/assets/454/145/145454.png,https://www.on3.com/db/shadeed-ahmed-106174/,portal_industry_football_2024
Tanner Miller,IOL,Oregon State Beavers,Michigan State Spartans,Committed,0,3.0,87.0,1167.0,38.0,2019,2024-01-07T11:37:00,https://on3static.com/uploads/assets/97/273/273097.png,https://www.on3.com/db/tanner-miller-110150/,portal_industry_football_2024
Armaj Reed-Adams,OT,Kansas Jayhawks,Texas A&M Aggies,Committed,0,3.0,87.0,1168.0,39.0,2020,2024-01-07T12:41:00,https://on3static.com/uploads/dev/assets/964/8/8964.jpg,https://www.on3.com/db/armaj-reed-adams-7488/,portal_industry_football_2024
Davonte Brown,CB,Miami Hurricanes,Florida State Seminoles,Committed,243223,3.0,87.0,1169.0,100.0,2020,2024-01-08T11:21:00,https://on3static.com/uploads/assets/437/222/222437.jpg,https://www.on3.com/db/davonte-brown-32498/,portal_industry_football_2024
Carter Peevy,QB,Mercer Bears,,Entered,0,3.0,85.0,1170.0,122.0,2020,2024-01-02T20:43:00,https://on3static.com/uploads/assets/305/273/273305.png,https://www.on3.com/db/carter-peevy-18929/,portal_industry_football_2024
Kamron Sandlin,RB,South Carolina Gamecocks,,Entered,0,3.0,85.0,1171.0,140.0,2023,2024-01-02T19:41:00,https://on3static.com/uploads/assets/30/257/257030.jpg,https://www.on3.com/db/kamron-sandlin-150986/,portal_industry_football_2024
Tim Grant-Randall,DL,Eastern Michigan Eagles,Massachusetts Minutemen,Committed,0,3.0,87.0,1173.0,75.0,2020,2024-01-24T12:42:00,https://on3static.com/uploads/assets/300/273/273300.png,https://www.on3.com/db/tim-grant-randall-156209/,portal_industry_football_2024
Wendol Philord,CB,Keiser University Seahawks,Florida Atlantic Owls,Committed,0,3.0,85.0,1174.0,223.0,2020,2024-01-06T13:47:00,,https://www.on3.com/db/wendol-philord-239579/,portal_industry_football_2024
Gilber Edmond,DL,Florida State Seminoles,South Carolina Gamecocks,Committed,0,3.0,87.0,1175.0,79.0,2020,2024-01-15T08:31:00,https://on3static.com/uploads/assets/112/242/242112.jpeg,https://www.on3.com/db/gilber-edmond-46086/,portal_industry_football_2024
Ralph Frias,OT,Utah State Aggies,,Entered,0,3.0,85.0,1176.0,84.0,2018,2024-01-04T19:29:00,https://on3static.com/uploads/assets/456/221/221456.jpg,https://www.on3.com/db/ralph-frias-98099/,portal_industry_football_2024
John Paul Flores,IOL,Louisville Cardinals,Liberty Flames,Committed,0,3.0,85.0,1177.0,123.0,2018,2024-02-07T09:38:00,https://on3static.com/uploads/assets/569/134/134569.jpeg,https://www.on3.com/db/john-paul-flores-63801/,portal_industry_football_2024
LaMareon James,CB,Old Dominion Monarchs,TCU Horned Frogs,Committed,0,3.0,88.0,1178.0,40.0,2020,2024-01-13T10:38:00,https://on3static.com/uploads/assets/166/171/171166.png,https://www.on3.com/db/lamareon-james-143965/,portal_industry_football_2024
Tommy Schuster,QB,North Dakota Fighting Hawks,Michigan State Spartans,Committed,0,3.0,87.0,1179.0,55.0,2019,2024-01-07T11:13:00,https://on3static.com/uploads/assets/298/274/274298.png,https://www.on3.com/db/tommy-schuster-113671/,portal_industry_football_2024
Devin Baldwin,DL,Jacksonville State Gamecocks,Memphis Tigers,Committed,0,3.0,84.0,1180.0,197.0,2019,2024-01-15T14:41:00,https://on3static.com/uploads/assets/152/17/17152.jpeg,https://www.on3.com/db/devin-baldwin-35907/,portal_industry_football_2024
Max Harris,LB,Louisiana-Monroe Warhawks,Texas State Bobcats,Committed,0,3.0,85.0,1181.0,146.0,2022,2024-01-09T11:01:00,https://on3static.com/uploads/assets/906/275/275906.png,https://www.on3.com/db/max-harris-239622/,portal_industry_football_2024
Deontre Morris,S,Kennesaw State Owls,Georgia Southern Eagles,Committed,0,3.0,86.0,1182.0,95.0,0,2024-01-06T13:50:00,https://on3static.com/uploads/assets/630/275/275630.png,https://www.on3.com/db/deontre-morris-197658/,portal_industry_football_2024
Giovanni Davis,DL,UT Martin Skyhawks,FIU Golden Panthers,Committed,0,3.0,86.0,1183.0,117.0,2020,2024-01-10T12:11:00,https://on3static.com/uploads/assets/590/275/275590.png,https://www.on3.com/db/giovanni-davis-46155/,portal_industry_football_2024
Jake Thaw,WR,Michigan Wolverines,,Entered,0,3.0,85.0,1184.0,221.0,2020,2024-01-10T11:31:00,https://on3static.com/uploads/assets/572/275/275572.png,https://www.on3.com/db/jake-thaw-239630/,portal_industry_football_2024
Jakobie James,WR,Eastern Washington Eagles,Massachusetts Minutemen,Committed,0,3.0,85.0,1185.0,225.0,2019,2023-11-27T14:17:00,https://on3static.com/uploads/assets/156/262/262156.png,https://www.on3.com/db/jakobie-james-144515/,portal_industry_football_2024
Clifton McDowell,QB,Montana Grizzlies,Temple Owls,Committed,0,3.0,86.0,1186.0,97.0,2019,2024-01-22T13:40:00,https://on3static.com/uploads/assets/834/275/275834.png,https://www.on3.com/db/clifton-mcdowell-24077/,portal_industry_football_2024
Darvon Hubbard,RB,Temple Owls,,Entered,0,3.0,85.0,1187.0,134.0,2020,2024-01-11T11:42:00,https://on3static.com/uploads/dev/assets/55/5/5055.jpg,https://www.on3.com/db/darvon-hubbard-143383/,portal_industry_football_2024
Jamel Johnson,CB,Charleston Southern Buccaneers,Temple Owls,Committed,0,3.0,86.0,1188.0,141.0,2022,2024-01-07T16:15:00,https://on3static.com/uploads/assets/530/284/284530.png,https://www.on3.com/db/jamel-johnson-239677/,portal_industry_football_2024
Jayden Hill,CB,Ohio Dominican Panthers,North Texas Mean Green,Committed,0,3.0,84.0,1189.0,251.0,0,2023-12-17T17:10:00,https://on3static.com/uploads/assets/225/276/276225.png,https://www.on3.com/db/jayden-hill-239679/,portal_industry_football_2024
Terez Traynor,WR,Idaho Vandals,Tulane Green Wave,Committed,0,3.0,85.0,1190.0,226.0,2018,2024-01-13T12:18:00,https://on3static.com/uploads/assets/406/309/309406.png,https://www.on3.com/db/terez-traynor-111260/,portal_industry_football_2024
Marc Pretto,LB,Fordham Rams,Northern Illinois Huskies,Committed,0,3.0,86.0,1191.0,93.0,2022,2024-01-14T21:57:00,,https://www.on3.com/db/marc-pretto-82277/,portal_industry_football_2024
Dre Butler,DL,Michigan State Spartans,Charlotte 49ers,Committed,0,3.0,85.0,1192.0,142.0,2018,,https://on3static.com/uploads/assets/203/235/235203.png,https://www.on3.com/db/dre-butler-32953/,portal_industry_football_2024
Aidan Vaughan,LB,Wisconsin Badgers,Liberty Flames,Committed,0,3.0,87.0,1194.0,71.0,2022,2024-01-16T12:25:00,https://on3static.com/uploads/assets/387/36/36387.jpeg,https://www.on3.com/db/aidan-vaughan-146213/,portal_industry_football_2024
Jayden Curry,S,USF Bulls,,Entered,0,3.0,85.0,1195.0,157.0,2019,2024-01-16T20:01:00,https://on3static.com/uploads/assets/69/216/216069.png,https://www.on3.com/db/jayden-curry-58631/,portal_industry_football_2024
James Robinson,IOL,South Alabama Jaguars,Valdosta State Blazers,Committed,0,3.0,85.0,1196.0,131.0,2020,,https://on3static.com/uploads/assets/77/524/524077.png,https://www.on3.com/db/james-robinson-55862/,portal_industry_football_2024
Jack Wilty,IOL,Colorado Buffaloes,USF Bulls,Committed,0,3.0,85.0,1197.0,120.0,2020,2024-04-08T13:02:00,https://on3static.com/uploads/assets/373/242/242373.jpeg,https://www.on3.com/db/jack-wilty-51438/,portal_industry_football_2024
Tony Georges,IOL,Akron Zips,Kent State Golden Flashes,Committed,0,3.0,85.0,1198.0,127.0,2020,2024-05-10T11:30:00,https://on3static.com/uploads/assets/544/279/279544.png,https://www.on3.com/db/tony-georges-113866/,portal_industry_football_2024
Alex Robarge,IOL,Akron Zips,,Entered,0,3.0,85.0,1199.0,128.0,2019,2024-01-23T11:46:00,https://on3static.com/uploads/assets/540/279/279540.png,https://www.on3.com/db/alex-robarge-179497/,portal_industry_football_2024
Jordan Ford,RB,Tulsa Golden Hurricane,Georgia State Panthers,Committed,0,3.0,85.0,1200.0,141.0,2019,,https://on3static.com/uploads/assets/982/74/74982.jpeg,https://www.on3.com/db/jordan-ford-65470/,portal_industry_football_2024
Jalen McGaughy,WR,Central Michigan Chippewas,Louisiana Tech Bulldogs,Committed,0,3.0,85.0,1201.0,249.0,2019,2024-08-01T11:25:00,https://on3static.com/uploads/assets/642/35/35642.jpeg,https://www.on3.com/db/jalen-mcgaughy-54392/,portal_industry_football_2024
Jevon McIver,CB,Austin Peay Governors,TCU Horned Frogs,Committed,0,3.0,86.0,1202.0,191.0,2021,2024-01-13T17:39:00,https://on3static.com/uploads/assets/333/273/273333.png,https://www.on3.com/db/jevon-mciver-61461/,portal_industry_football_2024
Jordan Vincent,S,New Mexico State Aggies,Utah State Aggies,Committed,0,3.0,86.0,1203.0,105.0,2020,2024-02-07T10:15:00,https://on3static.com/uploads/assets/823/129/129823.png,https://www.on3.com/db/jordan-vincent-174924/,portal_industry_football_2024
Charlie Gordinier,TE,Boston College Eagles,,Entered,0,3.0,85.0,1204.0,76.0,2020,2024-02-08T10:48:00,https://on3static.com/uploads/dev/assets/705/10/10705.jpg,https://www.on3.com/db/charlie-gordinier-20428/,portal_industry_football_2024
Spencer Curtis,WR,Nevada Wolf Pack,,Entered,0,3.0,85.0,1205.0,208.0,2017,2024-03-27T08:03:00,https://on3static.com/uploads/dev/assets/371/6/6371.jpg,https://www.on3.com/db/spencer-curtis-107949/,portal_industry_football_2024
Allen Smith,EDGE,Florida A&M Rattlers,,Entered,0,3.0,85.0,1206.0,101.0,2019,2024-04-04T12:58:00,https://on3static.com/uploads/dev/assets/764/10/10764.jpg,https://www.on3.com/db/allen-smith-3860/,portal_industry_football_2024
Johnathan Edwards,CB,Indiana State Sycamores,Tulane Green Wave,Committed,0,3.0,85.0,1207.0,211.0,2020,2024-04-29T14:44:00,,https://www.on3.com/db/johnathan-edwards-63851/,portal_industry_football_2024
Hunter Rapolla,DL,New Mexico Lobos,UTEP Miners,Committed,0,3.0,85.0,1208.0,156.0,2021,2024-05-23T11:25:00,https://on3static.com/uploads/assets/971/178/178971.png,https://www.on3.com/db/hunter-rapolla-179527/,portal_industry_football_2024
Rian Davis,LB,UCF Knights,,Entered,0,3.0,85.0,1209.0,166.0,2019,2024-04-03T16:05:00,https://on3static.com/uploads/dev/assets/462/2/2462.jpg,https://www.on3.com/db/rian-davis-99812/,portal_industry_football_2024
La'Vell Wright,RB,Kentucky Wildcats,Austin Peay Governors,Committed,0,3.0,85.0,1210.0,132.0,2021,2024-04-24T09:41:00,https://on3static.com/uploads/assets/149/396/396149.png,https://www.on3.com/db/lavell-wright-77384/,portal_industry_football_2024
Brayden Hall,CB,Notre Dame College Falcons,Coastal Carolina Chanticleers,Committed,0,3.0,85.0,1211.0,213.0,2022,,https://on3static.com/uploads/assets/830/576/576830.png,https://www.on3.com/db/brayden-hall-241480/,portal_industry_football_2024
Billy Wiles,QB,Southern Miss Golden Eagles,Appalachian State Mountaineers,Committed,0,3.0,85.0,1212.0,121.0,2021,2024-04-25T10:27:00,https://on3static.com/uploads/assets/922/85/85922.jpg,https://www.on3.com/db/billy-wiles-10561/,portal_industry_football_2024
Jordan Moore,S,Florida A&M Rattlers,,Entered,0,3.0,85.0,1213.0,175.0,2018,2024-04-15T11:51:00,https://on3static.com/uploads/assets/706/17/17706.jpeg,https://www.on3.com/db/jordan-moore-65788/,portal_industry_football_2024
Jeremiah Josephs,S,Tennessee State Tigers,,Entered,0,3.0,86.0,1214.0,144.0,2019,2024-04-15T11:31:00,https://on3static.com/uploads/assets/730/306/306730.png,https://www.on3.com/db/jeremiah-josephs-143708/,portal_industry_football_2024
Josh Moore,S,Florida Atlantic Owls,,Entered,229910,3.0,85.0,1215.0,174.0,2021,2024-04-12T14:06:00,https://on3static.com/uploads/assets/773/18/18773.jpeg,https://www.on3.com/db/josh-moore-67379/,portal_industry_football_2024
Cole Schnettgoecke,DL,Quincy Hawks,New Mexico State Aggies,Committed,0,3.0,85.0,1216.0,166.0,0,,,https://www.on3.com/db/cole-schnettgoecke-241950/,portal_industry_football_2024
Andrew Chamblee,OT,Arkansas Razorbacks,SMU Mustangs,Committed,0,3.0,87.0,1217.0,29.0,2022,2024-05-06T11:08:00,https://on3static.com/uploads/assets/276/72/72276.jpeg,https://www.on3.com/db/andrew-chamblee-4920/,portal_industry_football_2024
Jack Hestera,WR,Charlotte 49ers,Utah State Aggies,Committed,0,3.0,85.0,1218.0,211.0,2021,2024-05-12T20:00:00,https://on3static.com/uploads/assets/79/137/137079.png,https://www.on3.com/db/jack-hestera-175526/,portal_industry_football_2024
D.J. Stepney,S,Central Michigan Chippewas,Marshall Thundering Herd,Committed,0,3.0,85.0,1219.0,161.0,2021,2024-05-14T14:48:00,https://on3static.com/uploads/assets/950/306/306950.png,https://www.on3.com/db/dj-stepney-27670/,portal_industry_football_2024
Christian Veilleux,QB,Pittsburgh Panthers,Georgia State Panthers,Committed,0,3.0,85.0,1220.0,107.0,2021,2024-05-01T11:16:00,https://on3static.com/uploads/dev/assets/794/8/8794.jpg,https://www.on3.com/db/christian-veilleux-23219/,portal_industry_football_2024
Seven McGee,WR,Jackson State Tigers,,Entered,0,3.0,85.0,1221.0,213.0,2021,2024-04-16T08:41:00,https://on3static.com/uploads/assets/525/16/16525.jpeg,https://www.on3.com/db/seven-mcgee-106135/,portal_industry_football_2024
Trent Singleton,S,Mississippi State Bulldogs,South Alabama Jaguars,Committed,0,3.0,85.0,1222.0,165.0,2022,2024-05-06T14:02:00,https://on3static.com/uploads/assets/783/21/21783.jpeg,https://www.on3.com/db/trent-singleton-115341/,portal_industry_football_2024
Jaelon Barbarin,RB,Michigan State Spartans,,Entered,0,3.0,85.0,1223.0,126.0,2023,2024-04-16T11:49:00,https://on3static.com/uploads/assets/71/235/235071.png,https://www.on3.com/db/jaelon-barbarin-151364/,portal_industry_football_2024
CJ Hester,RB,Western Michigan Broncos,Massachusetts Minutemen,Committed,0,3.0,85.0,1224.0,133.0,2023,,https://on3static.com/uploads/assets/958/306/306958.png,https://www.on3.com/db/cj-hester-147155/,portal_industry_football_2024
Eric Fields,LB,Nebraska Cornhuskers,,Entered,0,3.0,85.0,1225.0,171.0,2023,2024-04-16T09:03:00,https://on3static.com/uploads/assets/691/137/137691.jpeg,https://www.on3.com/db/eric-fields-174302/,portal_industry_football_2024
Ethon Cole,S,Purdue Boilermakers,,Entered,0,3.0,85.0,1226.0,183.0,2023,2024-04-16T09:23:00,https://on3static.com/uploads/assets/72/217/217072.png,https://www.on3.com/db/ethon-cole-154013/,portal_industry_football_2024
Broc Lowry,QB,Indiana Hoosiers,Western Michigan Broncos,Committed,0,3.0,84.0,1227.0,153.0,2023,2024-04-29T14:03:00,https://on3static.com/uploads/assets/737/26/26737.png,https://www.on3.com/db/broc-lowry-150028/,portal_industry_football_2024
James BlackStrain,WR,Georgia Tech Yellow Jackets,,Entered,0,3.0,85.0,1228.0,223.0,2021,2024-04-16T10:18:00,https://on3static.com/uploads/assets/465/164/164465.png,https://www.on3.com/db/james-blackstrain-55353/,portal_industry_football_2024
Jordan Smart,WR,North Texas Mean Green,Ole Miss Rebels,Committed,0,3.0,85.0,1230.0,197.0,2020,2024-06-01T17:11:00,https://on3static.com/uploads/assets/643/219/219643.png,https://www.on3.com/db/jordan-smart-66024/,portal_industry_football_2024
CJ Harris,LB,Kent State Golden Flashes,Louisiana Tech Bulldogs,Committed,0,3.0,85.0,1231.0,152.0,2018,,https://on3static.com/uploads/assets/505/307/307505.png,https://www.on3.com/db/cj-harris-23608/,portal_industry_football_2024
Khairi Manns,LB,Colorado Buffaloes,James Madison Dukes,Committed,0,3.0,85.0,1232.0,169.0,2019,,https://on3static.com/uploads/assets/354/242/242354.jpeg,https://www.on3.com/db/khairi-manns-74777/,portal_industry_football_2024
Cristian Dixon,WR,Michigan Wolverines,,Entered,0,3.0,85.0,1233.0,245.0,2021,2024-04-17T12:36:00,https://on3static.com/uploads/assets/263/18/18263.jpeg,https://www.on3.com/db/cristian-dixon-26993/,portal_industry_football_2024
Vann Schield,RB,Colorado State Rams,,Entered,0,3.0,85.0,1234.0,119.0,2021,2024-04-17T22:06:00,https://on3static.com/uploads/assets/832/307/307832.png,https://www.on3.com/db/vann-schield-119322/,portal_industry_football_2024
Aubrey Smith,LB,Houston Cougars,,Entered,0,3.0,85.0,1236.0,150.0,2022,2024-04-18T10:09:00,https://on3static.com/uploads/assets/376/223/223376.png,https://www.on3.com/db/aubrey-smith-8034/,portal_industry_football_2024
Jevon Banks,DL,Kansas State Wildcats,Connecticut Huskies,Committed,0,3.0,85.0,1238.0,151.0,2020,2024-04-29T10:53:00,https://on3static.com/uploads/assets/617/207/207617.jpeg,https://www.on3.com/db/jevon-banks-61444/,portal_industry_football_2024
Tank Green,OT,Charlotte 49ers,Connecticut Huskies,Committed,0,3.0,85.0,1240.0,106.0,2020,2024-05-06T14:39:00,https://on3static.com/uploads/assets/533/473/473533.png,https://www.on3.com/db/tank-green-50622/,portal_industry_football_2024
Hakeem Ajijolaiya,DL,Houston Cougars,TCU Horned Frogs,Committed,0,3.0,85.0,1241.0,160.0,2019,2024-05-05T14:06:00,https://on3static.com/uploads/assets/602/73/73602.jpeg,https://www.on3.com/db/hakeem-ajijolaiya-47341/,portal_industry_football_2024
Sean Brown,CB,Michigan State Spartans,,Entered,0,3.0,85.0,1243.0,197.0,2023,2024-04-22T12:40:00,https://on3static.com/uploads/assets/131/235/235131.png,https://www.on3.com/db/sean-brown-154200/,portal_industry_football_2024
Wesley Steiner,LB,Auburn Tigers,Washington State Cougars,Committed,0,3.0,85.0,1244.0,151.0,2020,,https://on3static.com/uploads/assets/22/18/18022.jpeg,https://www.on3.com/db/wesley-steiner-120497/,portal_industry_football_2024
Jamarrien Burt,CB,South Alabama Jaguars,,Entered,0,3.0,85.0,1245.0,204.0,2022,2024-04-23T08:38:00,https://on3static.com/uploads/assets/176/86/86176.jpeg,https://www.on3.com/db/jamarrien-burt-55207/,portal_industry_football_2024
Travis Throckmorton,QB,Oregon State Beavers,,Entered,0,3.0,85.0,1246.0,124.0,2022,2024-04-22T20:34:00,https://on3static.com/uploads/assets/781/217/217781.png,https://www.on3.com/db/travis-throckmorton-114738/,portal_industry_football_2024
Michael Johnson Jr.,QB,Florida Atlantic Owls,Syracuse Orange,Committed,0,3.0,85.0,1248.0,126.0,2019,2024-05-09T09:04:00,https://on3static.com/uploads/assets/340/18/18340.jpeg,https://www.on3.com/db/michael-johnson-jr-142107/,portal_industry_football_2024
Aaron Armitage,LB,Stanford Cardinal,FIU Golden Panthers,Committed,0,3.0,85.0,1249.0,136.0,2021,2024-12-22T16:05:00,https://on3static.com/uploads/assets/552/16/16552.jpeg,https://www.on3.com/db/aaron-armitage-306/,portal_industry_football_2024
Quincy Wright,DL,Oregon State Beavers,Sam Houston State Bearkats,Committed,0,3.0,85.0,1250.0,145.0,2022,,https://on3static.com/uploads/assets/83/22/22083.jpeg,https://www.on3.com/db/quincy-wright-97452/,portal_industry_football_2024
Jack Nickel,TE,Michigan State Spartans,UAB Blazers,Committed,0,3.0,85.0,1251.0,67.0,2022,2024-05-28T14:29:00,https://on3static.com/uploads/assets/250/235/235250.png,https://www.on3.com/db/jack-nickel-51251/,portal_industry_football_2024
Clyde Washington,LB,Purdue Boilermakers,Utah State Aggies,Committed,0,3.0,85.0,1252.0,157.0,2020,2024-05-07T10:56:00,https://on3static.com/uploads/assets/141/217/217141.png,https://www.on3.com/db/clyde-washington-24173/,portal_industry_football_2024
Caleb Offord,CB,Buffalo Bulls,Alabama State Hornets,Committed,0,3.0,85.0,1253.0,199.0,2020,,https://on3static.com/uploads/dev/assets/839/5/5839.jpg,https://www.on3.com/db/caleb-offord-17121/,portal_industry_football_2024
Martin Tine,IOL,California Golden Bears,,Entered,0,3.0,85.0,1254.0,118.0,2020,2024-04-25T17:25:00,https://on3static.com/uploads/assets/498/310/310498.png,https://www.on3.com/db/martin-tine-84523/,portal_industry_football_2024
Deijon Laffitte,DL,USC Trojans,Fresno State Bulldogs,Committed,0,3.0,85.0,1255.0,150.0,2023,2024-05-22T10:24:00,https://on3static.com/uploads/assets/943/218/218943.png,https://www.on3.com/db/deijon-laffitte-154382/,portal_industry_football_2024
Payten Singletary,TE,Cincinnati Bearcats,USF Bulls,Committed,0,3.0,85.0,1256.0,64.0,2020,2024-05-09T18:49:00,https://on3static.com/uploads/dev/assets/451/10/10451.jpg,https://www.on3.com/db/payten-singletary-95925/,portal_industry_football_2024
CJ Tiller,QB,Boise State Broncos,Utah State Aggies,Committed,0,3.0,85.0,1257.0,108.0,2023,2024-05-05T10:15:00,https://on3static.com/uploads/assets/729/310/310729.png,https://www.on3.com/db/cj-tiller-23674/,portal_industry_football_2024
Diesel Gordon,S,Washington Huskies,,Entered,0,3.0,85.0,1259.0,177.0,2023,2024-04-27T19:53:00,https://on3static.com/uploads/assets/288/219/219288.png,https://www.on3.com/db/diesel-gordon-152105/,portal_industry_football_2024
Kamarro Edmonds,RB,East Carolina Pirates,,Entered,0,3.0,85.0,1260.0,122.0,2021,2024-04-29T08:15:00,https://on3static.com/uploads/assets/506/88/88506.jpeg,https://www.on3.com/db/kamarro-edmonds-70962/,portal_industry_football_2024
Ethan Crisp,LB,Vanderbilt Commodores,Liberty Flames,Committed,0,3.0,86.0,1261.0,132.0,2023,2024-04-28T16:50:00,https://on3static.com/uploads/assets/872/31/31872.JPG,https://www.on3.com/db/ethan-crisp-146621/,portal_industry_football_2024
Chase Mitchell,OT,Liberty Flames,Vanderbilt Commodores,Committed,0,3.0,85.0,1262.0,93.0,2020,,https://on3static.com/uploads/assets/724/73/73724.jpg,https://www.on3.com/db/chase-mitchell-20765/,portal_industry_football_2024
Bishop Thomas,DL,Colorado Buffaloes,Georgia State Panthers,Committed,0,3.0,85.0,1263.0,147.0,2022,2024-05-08T22:06:00,https://on3static.com/uploads/assets/421/242/242421.jpeg,https://www.on3.com/db/bishop-thomas-10588/,portal_industry_football_2024
Teddy Knox,WR,SMU Mustangs,,Entered,0,3.0,85.0,1264.0,236.0,2021,2024-04-30T08:00:00,https://on3static.com/uploads/assets/179/219/219179.jpg,https://www.on3.com/db/teddy-knox-112167/,portal_industry_football_2024
RJ Johnson,S,Arkansas Razorbacks,Colorado Buffaloes,Committed,0,3.0,85.0,1265.0,166.0,2023,2024-06-30T09:53:00,https://on3static.com/uploads/assets/920/303/303920.png,https://www.on3.com/db/rj-johnson-145722/,portal_industry_football_2024
Jayvontay Conner,TE,Ole Miss Rebels,East Carolina Pirates,Committed,0,3.0,85.0,1266.0,70.0,2023,2024-05-04T08:16:00,https://on3static.com/uploads/assets/371/572/572371.png,https://www.on3.com/db/jayvontay-conner-59280/,portal_industry_football_2024
Issiah Walker Jr.,OT,Texas State Bobcats,,Entered,0,3.0,85.0,1267.0,96.0,2020,2024-05-15T22:53:00,https://on3static.com/uploads/assets/658/15/15658.jpeg,https://www.on3.com/db/issiah-walker-jr-50081/,portal_industry_football_2024
Makhilyn Young,RB,New Mexico State Aggies,Vanderbilt Commodores,Committed,0,3.0,85.0,1268.0,121.0,2022,2024-05-15T15:31:00,https://on3static.com/uploads/assets/59/26/26059.png,https://www.on3.com/db/makhilyn-young-81381/,portal_industry_football_2024
Surahz Buncom,ATH,Kansas Jayhawks,Western Illinois Leathernecks,Committed,0,3.0,85.0,1269.0,5.0,2023,2024-05-15T08:44:00,https://on3static.com/uploads/assets/798/165/165798.png,https://www.on3.com/db/surahz-buncom-147152/,portal_industry_football_2024
Savio Frazier,DL,Mercer Bears,Miami (OH) RedHawks,Committed,0,3.0,85.0,1270.0,161.0,0,2024-05-20T13:51:00,,https://www.on3.com/db/savio-frazier-243302/,portal_industry_football_2024
Cam Ball,TE,Buffalo Bulls,Mississippi State Bulldogs,Committed,0,3.0,85.0,1271.0,62.0,2022,2023-12-17T12:41:00,https://on3static.com/uploads/assets/365/585/585365.png,https://www.on3.com/db/cam-ball-148045/,portal_industry_football_2024
Tyrin Smith,WR,UTEP Miners,Cincinnati Bearcats,Committed,0,3.0,88.0,1272.0,65.0,2020,,https://on3static.com/uploads/assets/467/88/88467.jpg,https://www.on3.com/db/tyrin-smith-118703/,portal_industry_football_2024
Spencer Petras,QB,Iowa Hawkeyes,Utah State Aggies,Committed,0,3.0,86.0,1273.0,85.0,2018,2023-12-03T17:07:00,https://on3static.com/uploads/assets/632/207/207632.JPG,https://www.on3.com/db/spencer-petras-108035/,portal_industry_football_2024
OC Brothers,LB,Purdue Boilermakers,UAB Blazers,Committed,0,3.0,87.0,1274.0,53.0,2019,2023-12-15T10:55:00,https://on3static.com/uploads/assets/124/217/217124.png,https://www.on3.com/db/oc-brothers-94184/,portal_industry_football_2024
Sage Ennis,TE,Clemson Tigers,Virginia Cavaliers,Committed,0,3.0,85.0,1275.0,71.0,2020,2024-01-08T14:05:00,https://on3static.com/uploads/assets/755/17/17755.jpeg,https://www.on3.com/db/sage-ennis-104081/,portal_industry_football_2024
Jordan Spasojevic-Moko,OT,Texas A&M Aggies,Charlotte 49ers,Committed,0,3.0,85.0,1276.0,98.0,2019,2023-12-11T17:12:00,https://on3static.com/uploads/assets/570/15/15570.jpeg,https://www.on3.com/db/jordan-spasojevic-moko-66046/,portal_industry_football_2024
Ethan Boyd,OT,Michigan State Spartans,Colorado Buffaloes,Committed,0,3.0,85.0,1277.0,80.0,2021,2024-05-02T14:18:00,https://on3static.com/uploads/assets/239/235/235239.png,https://www.on3.com/db/ethan-boyd-42870/,portal_industry_football_2024
Nate Anderson,OT,Oklahoma Sooners,SMU Mustangs,Committed,0,3.0,85.0,1278.0,82.0,2020,2023-12-18T18:04:00,https://on3static.com/uploads/assets/516/18/18516.jpeg,https://www.on3.com/db/nate-anderson-91102/,portal_industry_football_2024
Daughtry Richardson,OT,Florida State Seminoles,Florida Atlantic Owls,Committed,0,3.0,86.0,1279.0,52.0,2022,2023-12-17T08:37:00,https://on3static.com/uploads/assets/233/242/242233.jpeg,https://www.on3.com/db/daughtry-richardson-31276/,portal_industry_football_2024
T.K. Wright,LB,NC State Wolfpack,Temple Owls,Committed,0,3.0,85.0,1280.0,148.0,2022,2023-12-10T18:35:00,https://on3static.com/uploads/assets/558/225/225558.png,https://www.on3.com/db/tk-wright-114141/,portal_industry_football_2024
Joey Su'a,IOL,Arkansas Razorbacks,Arizona State Sun Devils,Committed,0,3.0,85.0,1281.0,119.0,2023,2023-12-16T18:39:00,https://on3static.com/uploads/assets/377/472/472377.jpg,https://www.on3.com/db/joey-sua-146521/,portal_industry_football_2024
Kenyatta Watson II,CB,Georgia Tech Yellow Jackets,Georgia State Panthers,Committed,0,3.0,85.0,1282.0,201.0,2019,2024-01-12T14:49:00,https://on3static.com/uploads/assets/414/86/86414.jpg,https://www.on3.com/db/kenyatta-watson-ii-73549/,portal_industry_football_2024
Keith Brown,LB,Louisville Cardinals,Washington State Cougars,Committed,0,3.0,85.0,1283.0,138.0,2021,2024-01-05T17:25:00,https://on3static.com/uploads/dev/assets/182/6/6182.jpg,https://www.on3.com/db/keith-brown-72042/,portal_industry_football_2024
Khafre Brown,WR,USF Bulls,Arkansas Razorbacks,Committed,0,3.0,86.0,1284.0,139.0,2019,2024-05-06T16:27:00,https://on3static.com/uploads/assets/64/91/91064.jpeg,https://www.on3.com/db/khafre-brown-74771/,portal_industry_football_2024
Brendan Sullivan,QB,Northwestern Wildcats,Iowa Hawkeyes,Committed,0,3.0,85.0,1285.0,114.0,2021,2024-05-08T15:19:00,https://on3static.com/uploads/assets/52/439/439052.jpg,https://www.on3.com/db/brendan-sullivan-13765/,portal_industry_football_2024
Mershawn Rice,WR,Purdue Boilermakers,,Entered,0,3.0,85.0,1286.0,232.0,2019,2023-11-27T10:07:00,https://on3static.com/uploads/assets/122/217/217122.png,https://www.on3.com/db/mershawn-rice-87083/,portal_industry_football_2024
Brayden Rohme,OT,California Golden Bears,Massachusetts Minutemen,Committed,0,3.0,85.0,1287.0,108.0,2019,2023-11-30T14:15:00,https://on3static.com/uploads/dev/assets/735/6/6735.jpg,https://www.on3.com/db/brayden-rohme-13559/,portal_industry_football_2024
Greg Gaines,WR,Iowa State Cyclones,Rhode Island Rams,Committed,0,3.0,85.0,1288.0,203.0,2022,2024-01-16T14:29:00,https://on3static.com/uploads/assets/842/225/225842.png,https://www.on3.com/db/greg-gaines-46813/,portal_industry_football_2024
Ra Ra Dillworth,LB,East Carolina Pirates,Troy Trojans,Entered,0,3.0,85.0,1289.0,162.0,2021,2023-12-12T10:19:00,https://on3static.com/uploads/dev/assets/120/10/10120.jpg,https://www.on3.com/db/ra-ra-dillworth-98394/,portal_industry_football_2024
Davion Hood,DL,Temple Owls,,Entered,0,3.0,85.0,1290.0,170.0,2021,2024-01-02T14:01:00,https://on3static.com/uploads/assets/906/266/266906.png,https://www.on3.com/db/davion-hood-179918/,portal_industry_football_2024
Liam Johnson,LB,Princeton Tigers,California Golden Bears,Committed,0,3.0,87.0,1291.0,58.0,2020,2024-03-22T10:31:00,https://on3static.com/uploads/assets/899/258/258899.png,https://www.on3.com/db/liam-johnson-144389/,portal_industry_football_2024
Jeremiah Wilson,CB,Syracuse Orange,Houston Cougars,Committed,0,3.0,86.0,1292.0,152.0,2022,2023-12-20T12:13:00,https://on3static.com/uploads/assets/134/392/392134.jpg,https://www.on3.com/db/jeremiah-wilson-60247/,portal_industry_football_2024
Elijah Green,RB,North Carolina Tar Heels,Indiana Hoosiers,Committed,0,3.0,86.0,1293.0,87.0,2020,2024-01-04T19:29:00,https://on3static.com/uploads/assets/783/222/222783.png,https://www.on3.com/db/elijah-green-41199/,portal_industry_football_2024
Trent Howland,RB,Indiana Hoosiers,Oklahoma State Cowboys,Committed,0,3.0,87.0,1294.0,64.0,2021,2024-04-26T20:28:00,https://on3static.com/uploads/assets/981/15/15981.jpeg,https://www.on3.com/db/trent-howland-146287/,portal_industry_football_2024
Quindarius Dunnigan,EDGE,Middle Tennessee State Blue Raiders,Michigan State Spartans,Committed,0,3.0,86.0,1295.0,62.0,2019,2023-12-20T09:01:00,https://on3static.com/uploads/assets/61/263/263061.png,https://www.on3.com/db/quindarius-dunnigan-97459/,portal_industry_football_2024
Cooper McDonald,EDGE,San Diego State Aztecs,TCU Horned Frogs,Committed,0,3.0,86.0,1296.0,65.0,2020,2023-12-15T12:15:00,https://on3static.com/uploads/dev/assets/241/4/4241.jpg,https://www.on3.com/db/cooper-mcdonald-25882/,portal_industry_football_2024
Victor Cutler,IOL,Ohio State Buckeyes,Louisville Cardinals,Committed,0,3.0,86.0,1297.0,102.0,2019,2023-12-17T13:08:00,https://on3static.com/uploads/assets/505/221/221505.jpeg,https://www.on3.com/db/victor-cutler-119510/,portal_industry_football_2024
Brandon Turnage,S,Tennessee Volunteers,Ole Miss Rebels,Committed,0,3.0,88.0,1298.0,22.0,2019,2024-01-19T17:28:00,https://on3static.com/uploads/assets/269/226/226269.jpeg,https://www.on3.com/db/brandon-turnage-13231/,portal_industry_football_2024
Cristian Driver,WR,Penn State Nittany Lions,Minnesota Golden Gophers,Committed,109701,3.0,87.0,1299.0,100.0,2022,2024-01-07T20:16:00,https://on3static.com/uploads/assets/98/120/120098.png,https://www.on3.com/db/cristian-driver-26994/,portal_industry_football_2024
Jamarius Dinkins,DL,Kentucky Wildcats,Purdue Boilermakers,Committed,0,3.0,87.0,1300.0,52.0,2021,2023-12-10T12:59:00,https://on3static.com/uploads/assets/475/343/343475.png,https://www.on3.com/db/jamarius-dinkins-55184/,portal_industry_football_2024
Tyrell Henry,WR,Michigan State Spartans,Wisconsin Badgers,Committed,0,3.0,86.0,1301.0,152.0,2022,2023-12-15T13:03:00,https://on3static.com/uploads/assets/68/235/235068.png,https://www.on3.com/db/tyrell-henry-118569/,portal_industry_football_2024
Javan Robinson,CB,Washington State Cougars,Arizona State Sun Devils,Committed,0,3.0,87.0,1302.0,74.0,2022,2023-12-10T11:06:00,https://on3static.com/uploads/assets/240/472/472240.jpg,https://www.on3.com/db/javan-robinson-57960/,portal_industry_football_2024
Capone Blue,CB,Kent State Golden Flashes,Wake Forest Demon Deacons,Committed,0,3.0,87.0,1303.0,92.0,2018,2023-12-18T11:23:00,https://on3static.com/uploads/assets/784/264/264784.jpeg,https://www.on3.com/db/capone-blue-18310/,portal_industry_football_2024
T.J. Crandall,S,Colorado State Rams,West Virginia Mountaineers,Committed,0,3.0,86.0,1304.0,111.0,2023,2023-12-18T20:38:00,https://on3static.com/uploads/assets/95/305/305095.png,https://www.on3.com/db/tj-crandall-113084/,portal_industry_football_2024
Nate Matlack,EDGE,Kansas State Wildcats,Pittsburgh Panthers,Committed,0,3.0,87.0,1305.0,39.0,2020,2023-12-17T12:47:00,https://on3static.com/uploads/dev/assets/334/8/8334.jpg,https://www.on3.com/db/nate-matlack-91280/,portal_industry_football_2024
Sebastian Cheeks,LB,North Carolina Tar Heels,Wisconsin Badgers,Committed,0,3.0,87.0,1306.0,67.0,2022,2023-12-28T13:04:00,https://on3static.com/uploads/assets/787/222/222787.png,https://www.on3.com/db/sebastian-cheeks-105745/,portal_industry_football_2024
Syeed Gibbs,CB,Rhode Island Rams,Georgia Tech Yellow Jackets,Committed,0,3.0,87.0,1307.0,70.0,2022,2023-12-17T11:18:00,https://on3static.com/uploads/assets/160/265/265160.png,https://www.on3.com/db/syeed-gibbs-228799/,portal_industry_football_2024
Michael Jackson III,WR,USC Trojans,Georgia Bulldogs,Committed,0,3.0,86.0,1308.0,133.0,2021,2024-01-04T15:08:00,https://on3static.com/uploads/assets/166/93/93166.png,https://www.on3.com/db/michael-jackson-iii-144295/,portal_industry_football_2024
Cam Fancher,QB,Marshall Thundering Herd,Florida Atlantic Owls,Committed,0,3.0,86.0,1309.0,69.0,2021,2023-12-27T16:37:00,https://on3static.com/uploads/assets/693/564/564693.PNG,https://www.on3.com/db/cam-fancher-17459/,portal_industry_football_2024
Loic Fouonji,WR,Texas Tech Red Raiders,Vanderbilt Commodores,Committed,0,3.0,86.0,1310.0,168.0,2020,2023-12-23T18:15:00,https://on3static.com/uploads/assets/421/18/18421.jpeg,https://www.on3.com/db/loic-fouonji-79946/,portal_industry_football_2024
Mekhi Mews,WR,Georgia Bulldogs,Houston Cougars,Committed,0,3.0,87.0,1311.0,101.0,2021,2024-01-08T14:41:00,https://on3static.com/uploads/assets/417/190/190417.png,https://www.on3.com/db/mekhi-mews-180811/,portal_industry_football_2024
JaTravis McCloud,CB,Utah Utes,TCU Horned Frogs,Committed,0,3.0,86.0,1312.0,139.0,2019,2024-01-07T13:08:00,https://on3static.com/uploads/dev/assets/575/4/4575.jpg,https://www.on3.com/db/jatravis-mccloud-57941/,portal_industry_football_2024
Darrell Simmons,IOL,Iowa State Cyclones,Kansas Jayhawks,Committed,0,3.0,86.0,1313.0,75.0,2019,2024-01-14T11:16:00,https://on3static.com/uploads/dev/assets/215/9/9215.jpg,https://www.on3.com/db/darrell-simmons-30680/,portal_industry_football_2024
Mike Lockhart,DL,West Virginia Mountaineers,SMU Mustangs,Committed,0,3.0,86.0,1314.0,96.0,2019,2023-12-16T13:00:00,https://on3static.com/uploads/dev/assets/943/10/10943.jpg,https://www.on3.com/db/mike-lockhart-87942/,portal_industry_football_2024
Doneiko Slaughter,S,Tennessee Volunteers,Arkansas Razorbacks,Committed,0,3.0,87.0,1315.0,53.0,2020,2023-12-15T15:07:00,https://on3static.com/uploads/assets/259/226/226259.jpeg,https://www.on3.com/db/doneiko-slaughter-38012/,portal_industry_football_2024
Blake Ruffin,S,Eastern Illinois Panthers,Louisville Cardinals,Committed,0,3.0,87.0,1316.0,58.0,2021,2023-12-18T22:04:00,https://on3static.com/uploads/assets/558/270/270558.png,https://www.on3.com/db/blake-ruffin-11003/,portal_industry_football_2024
Kristopher Ross,DL,Texas Longhorns,Nevada Wolf Pack,Committed,0,3.0,87.0,1317.0,56.0,2022,2024-07-24T10:57:00,https://on3static.com/uploads/assets/919/83/83919.png,https://www.on3.com/db/kristopher-ross-76129/,portal_industry_football_2024
Naquil Betrand,OT,Texas A&M Aggies,Alabama Crimson Tide,Committed,0,3.0,86.0,1318.0,57.0,2023,2023-12-30T13:24:00,https://on3static.com/uploads/assets/994/55/55994.jpeg,https://www.on3.com/db/naquil-betrand-91009/,portal_industry_football_2024
Reese Poffenbarger,QB,Albany Great Danes,Miami Hurricanes,Committed,0,3.0,88.0,1319.0,48.0,2020,2024-01-08T13:53:00,https://on3static.com/uploads/assets/787/269/269787.png,https://www.on3.com/db/reese-poffenbarger-99237/,portal_industry_football_2024
Jared Bartlett,LB,West Virginia Mountaineers,Cincinnati Bearcats,Committed,0,3.0,87.0,1320.0,38.0,2019,2024-01-08T09:21:00,https://on3static.com/uploads/dev/assets/338/7/7338.jpg,https://www.on3.com/db/jared-bartlett-56550/,portal_industry_football_2024
Jake Roberts,TE,Baylor Bears,Oklahoma Sooners,Committed,0,3.0,87.0,1321.0,23.0,2020,2024-01-08T20:31:00,https://on3static.com/uploads/assets/72/209/209072.jpeg,https://www.on3.com/db/jake-roberts-53788/,portal_industry_football_2024
Tunmise Adeleye,EDGE,Michigan State Spartans,Texas State Bobcats,Committed,0,3.0,86.0,1322.0,61.0,2021,2024-01-24T11:35:00,https://on3static.com/uploads/assets/207/235/235207.png,https://www.on3.com/db/tunmise-adeleye-116872/,portal_industry_football_2024
Kitan Crawford,CB,Texas Longhorns,Nevada Wolf Pack,Committed,0,3.0,86.0,1323.0,146.0,2020,2024-01-18T15:25:00,https://on3static.com/uploads/assets/305/415/415305.jpg,https://www.on3.com/db/kitan-crawford-75396/,portal_industry_football_2024
Kerry Martin,S,Akron Zips,NC State Wolfpack,Committed,0,3.0,87.0,1324.0,41.0,2019,2024-05-08T12:35:00,https://on3static.com/uploads/assets/339/17/17339.jpeg,https://www.on3.com/db/kerry-martin-73730/,portal_industry_football_2024
Cam Riley,LB,Auburn Tigers,Florida State Seminoles,Committed,0,3.0,87.0,1325.0,40.0,2020,2024-05-08T15:00:00,https://on3static.com/uploads/assets/999/17/17999.jpeg,https://www.on3.com/db/cam-riley-18044/,portal_industry_football_2024
Jacob Rich Kongaika,DL,Arizona Wildcats,Arizona State Sun Devils,Committed,0,3.0,87.0,1326.0,59.0,2022,2024-02-07T09:59:00,https://on3static.com/uploads/assets/422/472/472422.jpg,https://www.on3.com/db/jacob-rich-kongaika-52320/,portal_industry_football_2024
Reymello Murphy,WR,Old Dominion Monarchs,Arizona Wildcats,Committed,0,3.0,88.0,1327.0,63.0,2021,2024-04-29T16:38:00,https://on3static.com/uploads/assets/442/469/469442.png,https://www.on3.com/db/reymello-murphy-99735/,portal_industry_football_2024
C.J. Charleston,WR,Youngstown State Penguins,Michigan Wolverines,Committed,0,3.0,87.0,1329.0,112.0,2019,2024-05-01T16:08:00,https://on3static.com/uploads/assets/764/312/312764.jpeg,https://www.on3.com/db/cj-charleston-242321/,portal_industry_football_2024
E.J. Warner,QB,Temple Owls,Rice Owls,Committed,0,3.0,88.0,254.0,28.0,2022,2023-12-20T13:49:00,https://on3static.com/uploads/assets/677/262/262677.png,https://www.on3.com/db/ej-warner-41414/,portal_industry_football_2024
Michael Allen,RB,NC State Wolfpack,UNLV Rebels,Committed,0,3.0,86.0,1331.0,92.0,2022,2023-12-23T11:33:00,https://on3static.com/uploads/assets/526/225/225526.png,https://www.on3.com/db/michael-allen-87292/,portal_industry_football_2024
Kendren Smith,CB,Pennsylvania Quakers,Virginia Cavaliers,Committed,0,3.0,87.0,1332.0,72.0,2019,2023-12-14T15:21:00,https://on3static.com/uploads/assets/287/262/262287.png,https://www.on3.com/db/kendren-smith-72877/,portal_industry_football_2024
Louis Moore,S,Indiana Hoosiers,Ole Miss Rebels,Committed,0,3.0,88.0,1333.0,26.0,2020,2023-12-11T17:35:00,https://on3static.com/uploads/assets/503/263/263503.png,https://www.on3.com/db/louis-moore-155537/,portal_industry_football_2024
Dez Malone,CB,San Diego State Aztecs,Oklahoma Sooners,Committed,0,3.0,88.0,1334.0,51.0,2020,2023-12-10T10:38:00,https://on3static.com/uploads/assets/454/178/178454.png,https://www.on3.com/db/dez-malone-36805/,portal_industry_football_2024
Jaidyn Denis,CB,Elon Phoenix,Memphis Tigers,Committed,0,3.0,88.0,1335.0,46.0,2020,2023-12-20T14:00:00,https://on3static.com/uploads/assets/866/264/264866.png,https://www.on3.com/db/jaidyn-denis-53139/,portal_industry_football_2024
Nick Kidwell,OT,James Madison Dukes,Indiana Hoosiers,Committed,0,3.0,88.0,1336.0,28.0,2018,2023-12-24T14:33:00,https://on3static.com/uploads/assets/725/178/178725.jpeg,https://www.on3.com/db/nick-kidwell-92638/,portal_industry_football_2024
Hajj-Malik Williams,QB,Campbell Fighting Camels,UNLV Rebels,Committed,0,3.0,88.0,1337.0,41.0,0,2024-01-06T21:24:00,https://on3static.com/uploads/assets/79/274/274079.jpeg,https://www.on3.com/db/hajj-malik-williams-239602/,portal_industry_football_2024
Marcus Hicks,OT,Oklahoma Sooners,South Dakota State Jackrabbits,Committed,0,3.0,85.0,1338.0,90.0,2019,2023-12-04T11:33:00,https://on3static.com/uploads/assets/503/18/18503.jpeg,https://www.on3.com/db/marcus-hicks-82748/,portal_industry_football_2024
Noah Taylor,LB,Cornell Big Red,Northwestern Wildcats,Committed,0,3.0,85.0,1339.0,155.0,2020,2024-02-20T13:51:00,https://on3static.com/uploads/assets/171/247/247171.jpeg,https://www.on3.com/db/noah-taylor-238523/,portal_industry_football_2024
James Neal,LB,UTEP Miners,Texas State Bobcats,Committed,0,3.0,86.0,1340.0,109.0,2020,2023-12-13T23:42:00,https://on3static.com/uploads/assets/567/88/88567.jpg,https://www.on3.com/db/james-neal-157733/,portal_industry_football_2024
Jayden Simon,DL,Tulsa Golden Hurricane,Connecticut Huskies,Committed,0,3.0,86.0,1341.0,127.0,2019,2023-12-20T12:31:00,https://on3static.com/uploads/assets/992/262/262992.png,https://www.on3.com/db/jayden-simon-58702/,portal_industry_football_2024
Anthony Smith,WR,NC State Wolfpack,East Carolina Pirates,Committed,0,3.0,84.0,1342.0,268.0,2020,2023-12-19T08:35:00,https://on3static.com/uploads/dev/assets/331/10/10331.jpg,https://www.on3.com/db/anthony-smith-6569/,portal_industry_football_2024
Michael Batton,LB,Louisiana-Monroe Warhawks,Houston Cougars,Committed,0,3.0,85.0,1343.0,137.0,0,2023-12-14T11:57:00,https://on3static.com/uploads/assets/843/264/264843.png,https://www.on3.com/db/michael-batton-239057/,portal_industry_football_2024
Oliver Bridges,CB,Cincinnati Bearcats,Buffalo Bulls,Committed,0,3.0,86.0,1344.0,187.0,2022,2024-01-08T15:06:00,https://on3static.com/uploads/assets/371/226/226371.png,https://www.on3.com/db/oliver-bridges-94305/,portal_industry_football_2024
Jaylon Jimmerson,S,Liberty Flames,Sam Houston State Bearkats,Committed,0,3.0,85.0,1345.0,168.0,2019,2023-12-21T13:42:00,https://on3static.com/uploads/assets/679/73/73679.jpg,https://www.on3.com/db/jaylon-jimmerson-143814/,portal_industry_football_2024
Caleb Coombs,WR,Marshall Thundering Herd,Florida Atlantic Owls,Committed,0,3.0,85.0,1346.0,241.0,2021,,https://on3static.com/uploads/assets/503/265/265503.png,https://www.on3.com/db/caleb-coombs-16940/,portal_industry_football_2024
Demarko Williams,S,Ole Miss Rebels,Western Kentucky Hilltoppers,Committed,0,3.0,85.0,1347.0,160.0,2021,2024-01-29T14:11:00,https://on3static.com/uploads/assets/716/15/15716.jpeg,https://www.on3.com/db/demarko-williams-33813/,portal_industry_football_2024
Terry Lockett,DL,Syracuse Orange,James Madison Dukes,Committed,0,3.0,86.0,1348.0,107.0,2021,2024-01-05T22:10:00,https://on3static.com/uploads/assets/49/87/87049.jpeg,https://www.on3.com/db/terry-lockett-111855/,portal_industry_football_2024
Avery Huff,LB,FIU Golden Panthers,Louisiana Tech Bulldogs,Committed,0,3.0,84.0,1349.0,195.0,2019,2024-01-16T15:07:00,https://on3static.com/uploads/dev/assets/565/10/10565.jpg,https://www.on3.com/db/avery-huff-143749/,portal_industry_football_2024
Paul Tchio,OT,Georgia Tech Yellow Jackets,,Entered,0,3.0,85.0,1350.0,103.0,2020,2023-12-18T16:28:00,https://on3static.com/uploads/assets/744/17/17744.jpeg,https://www.on3.com/db/paul-tchio-95842/,portal_industry_football_2024
Blaze Berlowitz,QB,New Mexico State Aggies,Vanderbilt Commodores,Committed,0,3.0,82.0,1351.0,178.0,2023,2023-12-20T14:23:00,https://on3static.com/uploads/assets/323/269/269323.png,https://www.on3.com/db/blaze-berlowitz-158612/,portal_industry_football_2024
Xavier Simmons,LB,Missouri Tigers,Charlotte 49ers,Committed,0,3.0,86.0,1352.0,96.0,2022,2023-12-20T15:00:00,https://on3static.com/uploads/assets/388/21/21388.jpeg,https://www.on3.com/db/xavier-simmons-122160/,portal_industry_football_2024
Jalil Rivera-Harvey,DL,Marshall Thundering Herd,Western Kentucky Hilltoppers,Committed,0,3.0,84.0,1353.0,173.0,2020,2024-01-10T15:13:00,https://on3static.com/uploads/assets/830/270/270830.png,https://www.on3.com/db/jalil-rivera-harvey-150537/,portal_industry_football_2024
J.J. Dervil,S,New Mexico State Aggies,Northern Iowa Panthers,Committed,0,3.0,86.0,1354.0,146.0,2021,2024-01-14T12:37:00,https://on3static.com/uploads/assets/734/98/98734.png,https://www.on3.com/db/jj-dervil-60086/,portal_industry_football_2024
Keyshawn Cobb,S,West Virginia Mountaineers,Nevada Wolf Pack,Committed,0,3.0,86.0,1355.0,107.0,2019,2024-01-15T08:36:00,https://on3static.com/uploads/assets/921/396/396921.jpg,https://www.on3.com/db/keyshawn-cobb-147597/,portal_industry_football_2024
Rodney McGraw,DL,Louisville Cardinals,Western Michigan Broncos,Committed,0,3.0,85.0,1356.0,153.0,2021,2024-01-09T13:45:00,https://on3static.com/uploads/assets/317/18/18317.jpeg,https://www.on3.com/db/rodney-mcgraw-101728/,portal_industry_football_2024
Sirad Bryant,S,Georgia Tech Yellow Jackets,UAB Blazers,Committed,0,3.0,83.0,1357.0,236.0,2021,2024-01-13T14:27:00,https://on3static.com/uploads/assets/90/394/394090.jpg,https://www.on3.com/db/sirad-bryant-107633/,portal_industry_football_2024
Jake Shipley,DL,Oregon Ducks,North Texas Mean Green,Committed,0,3.0,86.0,1358.0,125.0,2020,2024-01-15T12:10:00,https://on3static.com/uploads/dev/assets/417/6/6417.jpg,https://www.on3.com/db/jake-shipley-53832/,portal_industry_football_2024
Zach Edwards,EDGE,Troy Trojans,Western Kentucky Hilltoppers,Committed,0,3.0,86.0,1359.0,95.0,2019,2024-04-22T11:01:00,https://on3static.com/uploads/dev/assets/748/10/10748.jpg,https://www.on3.com/db/zach-edwards-122698/,portal_industry_football_2024
Jaden Navarrette,LB,Oregon Ducks,UNLV Rebels,Committed,0,3.0,85.0,1360.0,164.0,2020,2024-01-11T14:12:00,https://on3static.com/uploads/dev/assets/167/6/6167.jpg,https://www.on3.com/db/jaden-navarrette-52661/,portal_industry_football_2024
Blake Smith,TE,Oklahoma Sooners,Texas State Bobcats,Committed,0,3.0,85.0,1361.0,63.0,2020,2024-01-14T15:34:00,https://on3static.com/uploads/assets/58/222/222058.png,https://www.on3.com/db/blake-smith-11025/,portal_industry_football_2024
Devin Goree,EDGE,Missouri State University Bears,UTEP Miners,Committed,0,3.0,86.0,1362.0,63.0,2020,2024-01-12T11:04:00,,https://www.on3.com/db/devin-goree-36030/,portal_industry_football_2024
Seth Robertson,CB,Georgia Southern Eagles,Appalachian State Mountaineers,Committed,0,3.0,86.0,1363.0,155.0,2020,2024-03-24T12:30:00,,https://www.on3.com/db/seth-robertson-106081/,portal_industry_football_2024
Dematrius Davis,QB,Alabama State Hornets,UTSA Roadrunners,Committed,0,3.0,84.0,1364.0,131.0,2021,2024-05-24T12:36:00,https://on3static.com/uploads/assets/672/17/17672.jpeg,https://www.on3.com/db/dematrius-davis-33841/,portal_industry_football_2024
Nick Campbell,DL,NC State Wolfpack,Appalachian State Mountaineers,Committed,0,3.0,85.0,1365.0,165.0,2022,,https://on3static.com/uploads/assets/563/225/225563.png,https://www.on3.com/db/nick-campbell-92352/,portal_industry_football_2024
Maurice Hampton,S,Memphis Tigers,Vanderbilt Commodores,Committed,0,3.0,84.0,1366.0,187.0,2019,2024-04-29T17:19:00,https://on3static.com/uploads/assets/301/332/332301.png,https://www.on3.com/db/maurice-hampton-86389/,portal_industry_football_2024
Tralon Mitchell,RB,Virginia Tech Hokies,,Entered,0,3.0,84.0,1367.0,149.0,2023,2024-04-17T15:53:00,https://on3static.com/uploads/assets/905/74/74905.PNG,https://www.on3.com/db/tralon-mitchell-153799/,portal_industry_football_2024
Tavorian Copeland,LB,Virginia Tech Hokies,,Entered,0,3.0,84.0,1368.0,187.0,2023,2024-04-19T10:40:00,https://on3static.com/uploads/assets/710/60/60710.jpg,https://www.on3.com/db/tavorian-copeland-151325/,portal_industry_football_2024
Juwaun Price,RB,Syracuse Orange,North Texas Mean Green,Committed,0,3.0,84.0,1369.0,173.0,2019,2024-05-04T14:43:00,https://on3static.com/uploads/assets/28/87/87028.jpeg,https://www.on3.com/db/juwaun-price-70136/,portal_industry_football_2024
Serigne Tounkara,DL,Missouri Tigers,California Golden Bears,Committed,0,3.0,85.0,1371.0,141.0,2023,2024-05-07T12:29:00,https://on3static.com/uploads/assets/941/222/222941.png,https://www.on3.com/db/serigne-tounkara-105949/,portal_industry_football_2024
Apollos Cook,WR,Duke Blue Devils,,Entered,0,3.0,85.0,1372.0,248.0,2023,2024-04-25T15:06:00,https://on3static.com/uploads/assets/812/164/164812.png,https://www.on3.com/db/apollos-cook-146436/,portal_industry_football_2024
Deago Benson,RB,Vanderbilt Commodores,,Entered,0,3.0,85.0,1373.0,135.0,2023,2024-04-26T12:40:00,https://on3static.com/uploads/assets/697/310/310697.png,https://www.on3.com/db/deago-benson-154782/,portal_industry_football_2024
Savion Red,WR,Texas Longhorns,Nevada Wolf Pack,Committed,0,3.0,83.0,1374.0,300.0,2022,2024-06-20T10:41:00,https://on3static.com/uploads/assets/901/83/83901.png,https://www.on3.com/db/savion-red-104953/,portal_industry_football_2024
RJ Martinez,QB,Baylor Bears,Texas State Bobcats,Committed,0,3.0,86.0,1375.0,72.0,2021,2024-05-07T09:09:00,https://on3static.com/uploads/assets/831/146/146831.jpeg,https://www.on3.com/db/rj-martinez-100673/,portal_industry_football_2024
Enokk Vimahi,IOL,Ohio State Buckeyes,Washington Huskies,Committed,0,3.0,84.0,1376.0,140.0,2019,2024-05-06T14:48:00,https://on3static.com/uploads/assets/594/221/221594.jpeg,https://www.on3.com/db/enokk-vimahi-41896/,portal_industry_football_2024
William Larkins,IOL,Indiana Hoosiers,Georgia State Panthers,Committed,0,3.0,85.0,1377.0,136.0,2023,2024-05-04T13:10:00,https://on3static.com/uploads/assets/574/338/338574.png,https://www.on3.com/db/william-larkins-147112/,portal_industry_football_2024
Codie Hornsby,IOL,Grambling State Tigers,Syracuse Orange,Committed,0,3.0,85.0,1378.0,137.0,2021,2024-03-13T13:15:00,https://on3static.com/uploads/assets/749/315/315749.png,https://www.on3.com/db/codie-hornsby-194410/,portal_industry_football_2024
Pat Conroy,TE,Merrimack Warriors,Old Dominion Monarchs,Committed,0,3.0,84.0,1379.0,91.0,2019,2024-01-09T13:02:00,https://on3static.com/uploads/assets/590/340/340590.png,https://www.on3.com/db/pat-conroy-242851/,portal_industry_football_2024
DeAgo Brumfield,CB,Memphis Tigers,Mississippi State Bulldogs,Committed,0,3.0,83.0,1380.0,306.0,2021,2024-04-20T14:15:00,https://on3static.com/uploads/assets/117/214/214117.jpeg,https://www.on3.com/db/deago-brumfield-178435/,portal_industry_football_2024
Clay Patterson,DL,Yale Bulldogs,Stanford Cardinal,Committed,0,3.0,86.0,1381.0,93.0,2019,2024-05-10T11:45:00,https://on3static.com/uploads/assets/670/337/337670.png,https://www.on3.com/db/clay-patterson-238991/,portal_industry_football_2024
Kobe Hylton,CB,UTEP Miners,Oklahoma State Cowboys,Committed,0,3.0,86.0,1382.0,125.0,2019,2023-12-16T14:49:00,https://on3static.com/uploads/assets/476/88/88476.jpg,https://www.on3.com/db/kobe-hylton-146281/,portal_industry_football_2024
Hank Bachmeier,QB,Louisiana Tech Bulldogs,Wake Forest Demon Deacons,Committed,0,3.0,87.0,1383.0,50.0,2019,2023-12-10T08:40:00,https://on3static.com/uploads/dev/assets/323/2/2323.jpg,https://www.on3.com/db/hank-bachmeier-47427/,portal_industry_football_2024
Christian Fitzpatrick,WR,Michigan State Spartans,Marshall Thundering Herd,Committed,0,3.0,85.0,1384.0,205.0,2020,2023-12-15T17:43:00,https://on3static.com/uploads/assets/135/235/235135.png,https://www.on3.com/db/christian-fitzpatrick-22888/,portal_industry_football_2024
Justice Ellison,RB,Wake Forest Demon Deacons,Indiana Hoosiers,Committed,0,3.0,87.0,1385.0,48.0,2020,2023-12-10T17:53:00,https://on3static.com/uploads/dev/assets/453/9/9453.jpg,https://www.on3.com/db/justice-ellison-68948/,portal_industry_football_2024
Nikhai Hill-Green,LB,Charlotte 49ers,Colorado Buffaloes,Committed,151204,3.0,87.0,1386.0,42.0,2020,2024-04-27T19:19:00,https://on3static.com/uploads/dev/assets/953/6/6953.jpg,https://www.on3.com/db/nikhai-hill-green-93353/,portal_industry_football_2024
Ke'Shawn Williams,WR,Wake Forest Demon Deacons,Indiana Hoosiers,Committed,0,3.0,87.0,1387.0,84.0,2020,2023-12-18T20:33:00,https://on3static.com/uploads/dev/assets/522/9/9522.jpg,https://www.on3.com/db/keshawn-williams-71610/,portal_industry_football_2024
Tychaun Chapman,WR,North Carolina Tar Heels,Marshall Thundering Herd,Committed,0,3.0,87.0,1388.0,107.0,2022,2023-12-12T11:39:00,https://on3static.com/uploads/assets/777/87/87777.jpg,https://www.on3.com/db/tychaun-chapman-117177/,portal_industry_football_2024
Terrell Timmons Jr.,WR,NC State Wolfpack,Colorado Buffaloes,Committed,0,3.0,85.0,1389.0,214.0,2022,2023-12-09T20:49:00,https://on3static.com/uploads/assets/593/225/225593.png,https://www.on3.com/db/terrell-timmons-jr-147102/,portal_industry_football_2024
John Henry Daley,EDGE,BYU Cougars,Utah Utes,Committed,792888,3.0,86.0,1390.0,83.0,2021,2023-12-20T11:56:00,https://on3static.com/uploads/assets/361/576/576361.png,https://www.on3.com/db/john-henry-daley-63784/,portal_industry_football_2024
D.J. Wesolak,EDGE,Missouri Tigers,Oregon State Beavers,Committed,0,3.0,88.0,1391.0,29.0,2022,2024-01-16T17:32:00,https://on3static.com/uploads/assets/922/222/222922.png,https://www.on3.com/db/dj-wesolak-37359/,portal_industry_football_2024
Trell Harris,WR,Kent State Golden Flashes,Virginia Cavaliers,Committed,0,3.0,86.0,1392.0,160.0,2022,2023-12-23T19:09:00,https://on3static.com/uploads/assets/542/270/270542.jpeg,https://www.on3.com/db/trell-harris-149973/,portal_industry_football_2024
Mikah Coleman,LB,Eastern Michigan Eagles,Cincinnati Bearcats,Committed,0,3.0,87.0,1393.0,63.0,2020,2023-12-08T17:14:00,https://on3static.com/uploads/assets/878/264/264878.jpeg,https://www.on3.com/db/mikah-coleman-88699/,portal_industry_football_2024
Marcus Major,RB,Oklahoma Sooners,Minnesota Golden Gophers,Committed,0,3.0,87.0,1394.0,56.0,2019,2024-01-07T20:29:00,https://on3static.com/uploads/assets/495/18/18495.jpeg,https://www.on3.com/db/marcus-major-82817/,portal_industry_football_2024
Kahlil Benson,OT,Indiana Hoosiers,Colorado Buffaloes,Committed,0,3.0,86.0,1395.0,61.0,2020,2023-12-09T23:54:00,https://on3static.com/uploads/assets/362/399/399362.png,https://www.on3.com/db/kahlil-benson-70484/,portal_industry_football_2024
Quindario Lee,DL,Central Michigan Chippewas,Houston Cougars,Committed,0,3.0,86.0,1396.0,87.0,2019,2023-12-20T16:30:00,https://on3static.com/uploads/assets/292/265/265292.jpeg,https://www.on3.com/db/quindario-lee-97454/,portal_industry_football_2024
Dorian Mausi,LB,Duke Blue Devils,Auburn Tigers,Committed,0,3.0,86.0,1397.0,84.0,2020,2023-12-20T13:25:00,https://on3static.com/uploads/dev/assets/31/11/11031.jpg,https://www.on3.com/db/dorian-mausi-38573/,portal_industry_football_2024
Kris Hutson,WR,Oregon Ducks,Washington State Cougars,Committed,0,3.0,87.0,1398.0,90.0,2020,2024-01-09T16:18:00,https://on3static.com/uploads/dev/assets/174/6/6174.jpg,https://www.on3.com/db/kris-hutson-143375/,portal_industry_football_2024
Joe Royer,TE,Ohio State Buckeyes,Cincinnati Bearcats,Committed,0,3.0,86.0,1399.0,46.0,2020,2024-01-08T16:26:00,https://on3static.com/uploads/assets/572/221/221572.jpeg,https://www.on3.com/db/joe-royer-62414/,portal_industry_football_2024
Ashley Williams,DL,Arizona State Sun Devils,Louisiana Ragin Cajuns,Committed,0,3.0,86.0,1400.0,120.0,2023,2023-12-12T14:00:00,https://on3static.com/uploads/assets/202/266/266202.png,https://www.on3.com/db/ashley-williams-151498/,portal_industry_football_2024
Zyrus Fiaseu,LB,San Diego State Aztecs,Arizona State Sun Devils,Committed,0,3.0,87.0,1401.0,47.0,2021,2023-12-20T14:18:00,https://on3static.com/uploads/assets/302/472/472302.jpg,https://www.on3.com/db/zyrus-fiaseu-123957/,portal_industry_football_2024
Trey Jones,S,Central Michigan Chippewas,Texas A&M Aggies,Committed,0,3.0,87.0,1402.0,65.0,2019,2023-12-18T14:05:00,https://on3static.com/uploads/assets/88/267/267088.png,https://www.on3.com/db/trey-jones-143981/,portal_industry_football_2024
Phillip Houston,IOL,FIU Golden Panthers,Colorado Buffaloes,Committed,0,3.0,87.0,1403.0,51.0,2021,2023-12-21T12:23:00,https://on3static.com/uploads/assets/319/269/269319.jpeg,https://www.on3.com/db/phillip-houston-179932/,portal_industry_football_2024
Elijah Hills,DL,Albany Great Danes,Wisconsin Badgers,Committed,0,3.0,86.0,1404.0,105.0,0,2024-01-09T15:05:00,https://on3static.com/uploads/assets/244/269/269244.png,https://www.on3.com/db/elijah-hills-218856/,portal_industry_football_2024
Mel Brown,RB,Gardner-Webb Runnin' Bulldogs,Connecticut Huskies,Committed,0,3.0,86.0,1405.0,97.0,2022,2023-12-21T16:06:00,https://on3static.com/uploads/assets/445/469/469445.png,https://www.on3.com/db/mel-brown-239424/,portal_industry_football_2024
Torrie Cox Jr.,CB,Ohio Bobcats,Illinois Fighting Illini,Committed,0,3.0,88.0,1406.0,53.0,2021,2024-05-21T15:30:00,https://on3static.com/uploads/assets/836/270/270836.png,https://www.on3.com/db/torrie-cox-jr-114179/,portal_industry_football_2024
Kaelon Black,RB,James Madison Dukes,Indiana Hoosiers,Committed,0,3.0,85.0,1407.0,124.0,2020,2023-12-24T15:05:00,https://on3static.com/uploads/assets/228/178/178228.jpeg,https://www.on3.com/db/kaelon-black-70449/,portal_industry_football_2024
Tyler Stephens,OT,James Madison Dukes,Indiana Hoosiers,Committed,0,3.0,86.0,1408.0,70.0,2020,2023-12-24T15:08:00,https://on3static.com/uploads/assets/736/178/178736.jpeg,https://www.on3.com/db/tyler-stephens-118126/,portal_industry_football_2024
Marquise Robinson,CB,South Alabama Jaguars,Arkansas Razorbacks,Committed,0,3.0,86.0,1409.0,130.0,2021,2024-01-05T12:37:00,https://on3static.com/uploads/assets/381/271/271381.png,https://www.on3.com/db/marquise-robinson-149829/,portal_industry_football_2024
Jurriente Davis,LB,Texas A&M Aggies,Louisville Cardinals,Committed,0,3.0,86.0,1410.0,108.0,2019,2024-01-06T20:36:00,https://on3static.com/uploads/assets/353/173/173353.jpeg,https://www.on3.com/db/jurriente-davis-68914/,portal_industry_football_2024
Rasheed Miller,OT,Georgia Southern Eagles,Louisville Cardinals,Committed,0,3.0,86.0,1411.0,60.0,2020,2024-01-06T10:37:00,https://on3static.com/uploads/assets/976/272/272976.png,https://www.on3.com/db/rasheed-miller-98700/,portal_industry_football_2024
Zevi Eckhaus,QB,Bryant University Bulldogs,Washington State Cougars,Committed,0,3.0,86.0,1412.0,71.0,2021,2024-01-06T09:59:00,https://on3static.com/uploads/assets/273/289/289273.jpg,https://www.on3.com/db/zevi-eckhaus-123779/,portal_industry_football_2024
Casey Kelly,TE,Oregon Ducks,East Carolina Pirates,Committed,0,3.0,86.0,1413.0,54.0,2019,2024-01-16T16:39:00,https://on3static.com/uploads/dev/assets/556/4/4556.jpg,https://www.on3.com/db/casey-kelly-19069/,portal_industry_football_2024
D'yoni Hill,CB,Marshall Thundering Herd,Miami Hurricanes,Committed,0,3.0,87.0,1414.0,67.0,2022,2024-04-28T17:00:00,https://on3static.com/uploads/assets/197/26/26197.png,https://www.on3.com/db/dyoni-hill-40153/,portal_industry_football_2024
Jayden Davis,S,Cincinnati Bearcats,Georgia Tech Yellow Jackets,Committed,0,3.0,87.0,1416.0,82.0,2023,2024-04-22T13:44:00,https://on3static.com/uploads/assets/359/226/226359.png,https://www.on3.com/db/jayden-davis-147235/,portal_industry_football_2024
Brandon Lane,DL,Stephen F. Austin Lumberjacks,Wisconsin Badgers,Committed,0,3.0,87.0,1417.0,76.0,2020,2024-05-24T11:13:00,https://on3static.com/uploads/assets/563/307/307563.png,https://www.on3.com/db/brandon-lane-12684/,portal_industry_football_2024
Jermayne Lole,,Louisville Cardinals,Texas Longhorns,Committed,0,3.0,87.0,1418.0,66.0,2018,2024-05-09T12:58:00,https://on3static.com/uploads/dev/assets/142/7/7142.jpg,https://www.on3.com/db/jermayne-lole-60831/,portal_industry_football_2024
Leyton Nelson,OT,Vanderbilt Commodores,Wisconsin Badgers,Committed,0,3.0,86.0,1419.0,56.0,2022,2024-04-22T12:05:00,https://on3static.com/uploads/assets/622/333/333622.png,https://www.on3.com/db/leyton-nelson-79417/,portal_industry_football_2024
Montre Miller,CB,West Virginia Mountaineers,Mississippi State Bulldogs,Committed,0,3.0,87.0,1420.0,77.0,2018,2024-05-10T11:40:00,https://on3static.com/uploads/assets/728/132/132728.jpeg,https://www.on3.com/db/montre-miller-90292/,portal_industry_football_2024
Jack Wright,WR,North Dakota Fighting Hawks,Tulsa Golden Hurricane,Committed,0,3.0,84.0,1421.0,291.0,2020,2025-06-02T14:26:00,,https://www.on3.com/db/jack-wright-51445/,portal_industry_football_2024
Lejond Cavazos,CB,North Carolina Tar Heels,Michigan State Spartans,Committed,0,3.0,84.0,1422.0,240.0,2020,2024-05-13T11:01:00,https://on3static.com/uploads/dev/assets/657/8/8657.jpg,https://www.on3.com/db/lejond-cavazos-78897/,portal_industry_football_2024
Dallas Sims,WR,Minnesota Golden Gophers,Old Dominion Monarchs,Committed,0,3.0,84.0,1423.0,277.0,2024,,https://on3static.com/uploads/assets/633/340/340633.png,https://www.on3.com/db/dallas-sims-28227/,portal_industry_football_2024
Walter Taylor,QB,Vanderbilt Commodores,Colorado Buffaloes,Committed,0,3.0,86.0,1424.0,94.0,2022,2023-12-17T14:25:00,https://on3static.com/uploads/assets/858/263/263858.png,https://www.on3.com/db/walter-taylor-147846/,portal_industry_football_2024
Justin Ball,TE,Vanderbilt Commodores,Mississippi State Bulldogs,Committed,0,3.0,87.0,1425.0,34.0,2019,2023-12-17T13:36:00,https://on3static.com/uploads/dev/assets/765/5/5765.jpg,https://www.on3.com/db/justin-ball-69039/,portal_industry_football_2024
O'Shae Baker,CB,UT Martin Skyhawks,,Entered,0,3.0,88.0,1426.0,59.0,2020,2023-12-08T11:31:00,https://on3static.com/uploads/assets/784/267/267784.png,https://www.on3.com/db/oshae-baker-239308/,portal_industry_football_2024
Jordan Riley-Scott,S,Ball State Cardinals,Kansas State Wildcats,Committed,0,3.0,87.0,1427.0,73.0,2021,2023-12-19T09:12:00,https://on3static.com/uploads/assets/238/269/269238.png,https://www.on3.com/db/jordan-riley-scott-65955/,portal_industry_football_2024
Darian Varner,EDGE,Wisconsin Badgers,Cincinnati Bearcats,Committed,0,3.0,87.0,1428.0,55.0,2020,2024-01-07T15:51:00,https://on3static.com/uploads/assets/53/74/74053.jpeg,https://www.on3.com/db/darian-varner-30025/,portal_industry_football_2024
AJ Watts,S,Louisiana-Monroe Warhawks,Memphis Tigers,Committed,0,3.0,88.0,1429.0,30.0,2019,2023-12-20T14:00:00,https://on3static.com/uploads/assets/729/269/269729.jpeg,https://www.on3.com/db/aj-watts-2248/,portal_industry_football_2024
Keyshaun Elliott,LB,New Mexico State Aggies,Arizona State Sun Devils,Committed,0,3.0,87.0,1430.0,62.0,2022,2023-12-27T16:42:00,https://on3static.com/uploads/assets/364/472/472364.jpg,https://www.on3.com/db/keyshaun-elliott-74703/,portal_industry_football_2024
Chance Williams,RB,Grambling State Tigers,Cincinnati Bearcats,Committed,0,3.0,87.0,1431.0,50.0,2022,,https://on3static.com/uploads/assets/630/304/304630.png,https://www.on3.com/db/chance-williams-19839/,portal_industry_football_2024
Deamontae Diggs,EDGE,Youngstown State Penguins,Coastal Carolina Chanticleers,Committed,0,3.0,86.0,1432.0,93.0,2020,,https://on3static.com/uploads/assets/922/307/307922.png,https://www.on3.com/db/deamontae-diggs-32889/,portal_industry_football_2024
Ayobami Tifase,DL,Florida State Seminoles,Georgia Tech Yellow Jackets,Committed,0,3.0,83.0,1434.0,233.0,2021,2023-12-30T13:49:00,https://on3static.com/uploads/assets/248/242/242248.jpeg,https://www.on3.com/db/ayobami-tifase-152211/,portal_industry_football_2024
CJ Clinkscales,CB,Boston College Eagles,Charlotte 49ers,Committed,0,3.0,85.0,1435.0,202.0,2022,2023-12-27T10:09:00,https://on3static.com/uploads/assets/270/165/165270.png,https://www.on3.com/db/cj-clinkscales-23579/,portal_industry_football_2024
Nick Norris,DL,Northern Colorado Bears,Oregon State Beavers,Committed,0,3.0,84.0,1436.0,185.0,2021,2023-12-11T12:28:00,https://on3static.com/uploads/assets/917/266/266917.jpeg,https://www.on3.com/db/nick-norris-239234/,portal_industry_football_2024
Adam Mohammed,RB,Arizona Wildcats,Washington Huskies,Committed,0,3.0,84.0,1437.0,146.0,2024,2024-01-21T23:13:00,https://on3static.com/uploads/assets/694/119/119694.jpg,https://www.on3.com/db/adam-mohammed-174273/,portal_industry_football_2024
Reginald Hughes,EDGE,Ole Miss Rebels,Jacksonville State Gamecocks,Committed,0,3.0,86.0,1438.0,96.0,2020,2024-02-07T11:32:00,https://on3static.com/uploads/assets/816/265/265816.png,https://www.on3.com/db/reginald-hughes-146112/,portal_industry_football_2024
Craig Burt,WR,Missouri State University Bears,,Entered,0,3.0,84.0,1439.0,254.0,2020,2023-08-18T14:18:00,https://on3static.com/uploads/assets/767/75/75767.jpg,https://www.on3.com/db/craig-burt-26857/,portal_industry_football_2024
Ty Garay-Harris,DL,Washington State Cougars,,Entered,0,3.0,84.0,1440.0,182.0,2019,2023-08-24T08:11:00,https://on3static.com/uploads/dev/assets/535/3/3535.jpg,https://www.on3.com/db/ty-garay-harris-116991/,portal_industry_football_2024
Nakai Poole,WR,Mississippi State Bulldogs,James Madison Dukes,Committed,0,3.0,86.0,1441.0,194.0,2023,,https://on3static.com/uploads/assets/315/257/257315.jpeg,https://www.on3.com/db/nakai-poole-150196/,portal_industry_football_2024
Nick Howard,QB,Dartmouth Big Green,,Entered,0,3.0,84.0,1442.0,139.0,2019,2023-11-16T09:30:00,https://on3static.com/uploads/assets/265/257/257265.jpeg,https://www.on3.com/db/nick-howard-238888/,portal_industry_football_2024
Treyvon Hobbs,S,Brown Bears,Chattanooga Mocs,Committed,0,3.0,84.0,1443.0,191.0,2020,2024-07-11T12:25:00,https://on3static.com/uploads/assets/968/258/258968.png,https://www.on3.com/db/treyvon-hobbs-116340/,portal_industry_football_2024
Joey Yellen,QB,Hawaii Rainbow Warriors,,Entered,0,3.0,84.0,1444.0,145.0,2019,2023-11-13T20:25:00,https://on3static.com/uploads/dev/assets/906/9/9906.jpg,https://www.on3.com/db/joey-yellen-62899/,portal_industry_football_2024
Colin King,OT,Florida State Seminoles,,Entered,0,3.0,84.0,1445.0,127.0,2022,2023-11-14T08:13:00,https://on3static.com/uploads/assets/250/256/256250.png,https://www.on3.com/db/colin-king-191932/,portal_industry_football_2024
Trevion Sneed,EDGE,Northwestern State Demons,,Entered,0,3.0,84.0,1446.0,112.0,2021,2023-11-14T16:41:00,https://on3static.com/uploads/assets/522/47/47522.jpeg,https://www.on3.com/db/trevion-sneed-115541/,portal_industry_football_2024
D.J. Harris,LB,Tarleton State Texans,,Entered,0,3.0,84.0,1447.0,197.0,2019,2023-11-06T15:12:00,https://on3static.com/uploads/assets/874/252/252874.jpeg,https://www.on3.com/db/dj-harris-238723/,portal_industry_football_2024
Malin White,LB,Cornell Big Red,Buffalo Bulls,Committed,0,3.0,84.0,1448.0,198.0,2020,,https://on3static.com/uploads/assets/781/253/253781.jpeg,https://www.on3.com/db/malin-white-238752/,portal_industry_football_2024
Jonathon Melvin,LB,Pennsylvania Quakers,,Entered,0,3.0,84.0,1449.0,201.0,2019,2023-11-06T09:06:00,https://on3static.com/uploads/assets/655/252/252655.jpeg,https://www.on3.com/db/jonathon-melvin-65026/,portal_industry_football_2024
Miles Kauderer,EDGE,Marist Red Foxes,,Entered,0,3.0,84.0,1450.0,113.0,2020,2023-11-21T07:08:00,,https://www.on3.com/db/miles-kauderer-143678/,portal_industry_football_2024
Mason Gilbert,TE,Lafayette Leopards,,Entered,0,3.0,84.0,1451.0,92.0,2020,2023-11-21T07:09:00,,https://www.on3.com/db/mason-gilbert-84764/,portal_industry_football_2024
Jalen Geiger,S,Kentucky Wildcats,Tulane Green Wave,Committed,0,3.0,86.0,1452.0,101.0,2019,2024-01-06T15:57:00,https://on3static.com/uploads/dev/assets/743/2/2743.jpg,https://www.on3.com/db/jalen-geiger-54277/,portal_industry_football_2024
Shitta Sillah,EDGE,Boston College Eagles,Purdue Boilermakers,Committed,0,3.0,86.0,1453.0,86.0,2019,2023-12-15T14:17:00,https://on3static.com/uploads/assets/870/343/343870.png,https://www.on3.com/db/shitta-sillah-107275/,portal_industry_football_2024
Aman Greenwood,CB,Syracuse Orange,Akron Zips,Committed,0,3.0,84.0,1454.0,228.0,2019,2024-06-01T10:26:00,https://on3static.com/uploads/dev/assets/805/9/9805.jpg,https://www.on3.com/db/aman-greenwood-4140/,portal_industry_football_2024
Andre Hines Jr.,RB,Boston College Eagles,,Entered,0,3.0,84.0,1455.0,159.0,2020,2023-11-27T15:15:00,https://on3static.com/uploads/dev/assets/633/10/10633.jpg,https://www.on3.com/db/andre-hines-jr-4588/,portal_industry_football_2024
Carter Hooper,EDGE,Connecticut Huskies,,Entered,0,3.0,84.0,1456.0,110.0,2020,2023-11-28T08:33:00,https://on3static.com/uploads/assets/455/262/262455.jpeg,https://www.on3.com/db/carter-hooper-18904/,portal_industry_football_2024
Marcus Winfield,DL,Kent State Golden Flashes,Albany Great Danes,Committed,0,3.0,84.0,1457.0,188.0,2019,2024-01-08T16:22:00,https://on3static.com/uploads/assets/565/138/138565.png,https://www.on3.com/db/marcus-winfield-175737/,portal_industry_football_2024
Noah Kim,QB,Michigan State Spartans,Coastal Carolina Chanticleers,Committed,0,3.0,87.0,1458.0,63.0,2020,2023-12-12T09:20:00,https://on3static.com/uploads/assets/115/235/235115.png,https://www.on3.com/db/noah-kim-93639/,portal_industry_football_2024
Jarrett Guest,QB,Coastal Carolina Chanticleers,,Entered,0,3.0,84.0,1459.0,148.0,2019,2023-11-28T11:25:00,https://on3static.com/uploads/dev/assets/810/2/2810.jpg,https://www.on3.com/db/jarrett-guest-57128/,portal_industry_football_2024
Patrick Garwo,RB,Boston College Eagles,Nevada Wolf Pack,Committed,0,3.0,86.0,1460.0,82.0,2019,2024-01-08T14:43:00,https://on3static.com/uploads/dev/assets/632/10/10632.jpg,https://www.on3.com/db/patrick-garwo-95381/,portal_industry_football_2024
Derek Boykins,LB,Charlotte 49ers,,Entered,0,3.0,84.0,1461.0,181.0,2019,2023-11-29T11:02:00,https://on3static.com/uploads/assets/673/17/17673.jpeg,https://www.on3.com/db/derek-boykins-34647/,portal_industry_football_2024
Christian Forbes,IOL,Wake Forest Demon Deacons,,Entered,0,3.0,84.0,1462.0,155.0,2020,2023-11-29T10:37:00,https://on3static.com/uploads/assets/644/225/225644.png,https://www.on3.com/db/christian-forbes-22892/,portal_industry_football_2024
Jerome Wilson Jr.,LB,UTEP Miners,,Entered,0,3.0,84.0,1463.0,190.0,2019,2023-11-29T17:19:00,https://on3static.com/uploads/assets/537/88/88537.jpg,https://www.on3.com/db/jerome-wilson-jr-60949/,portal_industry_football_2024
Tyson McWilliams,CB,California Golden Bears,,Entered,0,3.0,84.0,1464.0,236.0,2020,2023-11-30T10:20:00,https://on3static.com/uploads/assets/353/168/168353.png,https://www.on3.com/db/tyson-mcwilliams-119052/,portal_industry_football_2024
Isaiah Essissima,CB,Nevada Wolf Pack,Colorado State Rams,Committed,0,3.0,86.0,1465.0,163.0,2019,2024-01-17T10:50:00,https://on3static.com/uploads/assets/991/16/16991.jpeg,https://www.on3.com/db/isaiah-essissima-49471/,portal_industry_football_2024
Rico Arnold,WR,Georgia State Panthers,,Entered,0,3.0,84.0,1467.0,275.0,2017,2023-11-30T12:46:00,https://on3static.com/uploads/assets/214/132/132214.jpg,https://www.on3.com/db/rico-arnold-100387/,portal_industry_football_2024
Warren Burrell,CB,Tennessee Volunteers,Georgia Tech Yellow Jackets,Committed,0,3.0,86.0,1468.0,120.0,2019,2023-12-10T16:44:00,https://on3static.com/uploads/assets/170/226/226170.jpeg,https://www.on3.com/db/warren-burrell-120166/,portal_industry_football_2024
Santino Marucci,RB,Wake Forest Demon Deacons,New Mexico State Aggies,Committed,0,3.0,84.0,1469.0,144.0,2021,2024-05-24T15:32:00,https://on3static.com/uploads/assets/441/16/16441.jpeg,https://www.on3.com/db/santino-marucci-104882/,portal_industry_football_2024
Christian Moore,TE,Kansas State Wildcats,UNLV Rebels,Committed,0,3.0,84.0,1471.0,84.0,2020,2023-12-20T20:52:00,https://on3static.com/uploads/assets/854/407/407854.png,https://www.on3.com/db/christian-moore-23057/,portal_industry_football_2024
Devaughn Mortimer,WR,Louisiana-Monroe Warhawks,Western Michigan Broncos,Committed,0,3.0,84.0,1472.0,255.0,2022,2024-01-09T16:31:00,https://on3static.com/uploads/assets/331/22/22331.jpeg,https://www.on3.com/db/devaughn-mortimer-35834/,portal_industry_football_2024
TJ Springer,CB,Western Kentucky Hilltoppers,,Entered,0,3.0,84.0,1473.0,249.0,2019,2023-12-01T10:56:00,https://on3static.com/uploads/assets/868/75/75868.jpg,https://www.on3.com/db/tj-springer-114437/,portal_industry_football_2024
Gerad Lichtenhan,IOL,Colorado Buffaloes,Oregon State Beavers,Committed,0,3.0,86.0,1474.0,101.0,2020,2023-12-16T18:38:00,https://on3static.com/uploads/assets/399/242/242399.jpeg,https://www.on3.com/db/gerad-lichtenhan-45821/,portal_industry_football_2024
Chrishawn Gordon,S,Fresno State Bulldogs,,Entered,0,3.0,84.0,1475.0,189.0,2019,2023-12-01T16:27:00,https://on3static.com/uploads/assets/842/263/263842.png,https://www.on3.com/db/chrishawn-gordon-237071/,portal_industry_football_2024
Xavier Coleman,RB,Boston College Eagles,,Entered,0,3.0,84.0,1476.0,156.0,2021,2023-12-04T07:31:00,https://on3static.com/uploads/assets/195/16/16195.jpeg,https://www.on3.com/db/xavier-coleman-121968/,portal_industry_football_2024
Cam Barfield,RB,Boston College Eagles,Hawaii Rainbow Warriors,Committed,0,3.0,84.0,1477.0,157.0,2022,2024-01-07T14:27:00,https://on3static.com/uploads/assets/267/165/165267.png,https://www.on3.com/db/cam-barfield-17434/,portal_industry_football_2024
Nick Bryan,IOL,Kent State Golden Flashes,Eastern Kentucky Colonels,Committed,0,3.0,84.0,1478.0,148.0,2022,2024-01-05T22:21:00,https://on3static.com/uploads/assets/610/264/264610.jpeg,https://www.on3.com/db/nick-bryan-92332/,portal_industry_football_2024
Jah-mal Williams,EDGE,Cincinnati Bearcats,Troy Trojans,Committed,0,3.0,84.0,1479.0,122.0,2021,2024-01-13T14:44:00,https://on3static.com/uploads/assets/393/226/226393.png,https://www.on3.com/db/jah-mal-williams-52897/,portal_industry_football_2024
Rico Barfield,RB,Ball State Cardinals,,Entered,0,3.0,84.0,1480.0,158.0,2021,2023-12-04T08:01:00,https://on3static.com/uploads/assets/619/264/264619.jpeg,https://www.on3.com/db/rico-barfield-100388/,portal_industry_football_2024
Carnell Davis,CB,Rutgers Scarlet Knights,Duquesne Dukes,Committed,0,3.0,84.0,1481.0,239.0,2021,2023-12-20T09:32:00,https://on3static.com/uploads/assets/160/16/16160.jpeg,https://www.on3.com/db/carnell-davis-18659/,portal_industry_football_2024
Khordae Sydnor,DL,Purdue Boilermakers,Vanderbilt Commodores,Committed,0,3.0,86.0,1482.0,111.0,2021,2023-12-17T17:01:00,https://on3static.com/uploads/assets/278/217/217278.png,https://www.on3.com/db/khordae-sydnor-75044/,portal_industry_football_2024
Brady Olson,QB,Massachusetts Minutemen,,Entered,0,3.0,84.0,1483.0,140.0,2021,2023-12-04T08:40:00,https://on3static.com/uploads/assets/637/264/264637.png,https://www.on3.com/db/brady-olson-11894/,portal_industry_football_2024
Stephon Hall,S,Pittsburgh Panthers,Youngstown State Penguins,Committed,0,3.0,84.0,1484.0,192.0,2021,2024-01-18T10:02:00,https://on3static.com/uploads/assets/371/16/16371.jpeg,https://www.on3.com/db/stephon-hall-108558/,portal_industry_football_2024
Ja'Kavion Nonar,OT,Maryland Terrapins,Florida Atlantic Owls,Committed,0,3.0,84.0,1485.0,121.0,2022,,https://on3static.com/uploads/assets/150/165/165150.jpeg,https://www.on3.com/db/jakavion-nonar-146061/,portal_industry_football_2024
Tamarcus Cooley,S,Maryland Terrapins,NC State Wolfpack,Committed,388932,3.0,86.0,1486.0,148.0,2023,2023-12-18T12:04:00,https://on3static.com/uploads/assets/159/333/333159.png,https://www.on3.com/db/tamarcus-cooley-149766/,portal_industry_football_2024
Elijah Ellis,OT,Baylor Bears,Marshall Thundering Herd,Committed,0,3.0,84.0,1487.0,130.0,2019,2023-12-21T09:08:00,https://on3static.com/uploads/dev/assets/385/9/9385.jpg,https://www.on3.com/db/elijah-ellis-41169/,portal_industry_football_2024
Jordan Crook,LB,Arkansas Razorbacks,Arizona State Sun Devils,Committed,0,3.0,86.0,1488.0,97.0,2022,2023-12-20T12:23:00,https://on3static.com/uploads/assets/228/472/472228.jpg,https://www.on3.com/db/jordan-crook-65352/,portal_industry_football_2024
Kylic Horton,WR,South Carolina Gamecocks,,Entered,0,3.0,84.0,1489.0,272.0,2022,2023-12-04T09:28:00,https://on3static.com/uploads/assets/41/257/257041.jpg,https://www.on3.com/db/kylic-horton-146116/,portal_industry_football_2024
Marlon Krakue,EDGE,Florida Atlantic Owls,,Entered,0,3.0,84.0,1490.0,120.0,2020,2023-12-04T09:40:00,https://on3static.com/uploads/assets/151/74/74151.jpg,https://www.on3.com/db/marlon-krakue-83860/,portal_industry_football_2024
Ty Perkins,WR,Cincinnati Bearcats,,Entered,0,3.0,84.0,1491.0,281.0,2023,2023-12-04T09:53:00,https://on3static.com/uploads/assets/411/226/226411.png,https://www.on3.com/db/ty-perkins-117075/,portal_industry_football_2024
Dameon Wilson,LB,Missouri Tigers,East Carolina Pirates,Committed,0,3.0,86.0,1492.0,121.0,2021,2023-12-19T11:23:00,https://on3static.com/uploads/dev/assets/787/3/3787.jpg,https://www.on3.com/db/dameon-wilson-28486/,portal_industry_football_2024
Elijah Bowser,IOL,Louisiana Tech Bulldogs,,Entered,0,3.0,84.0,1493.0,163.0,2021,2023-12-04T10:15:00,https://on3static.com/uploads/assets/697/264/264697.jpeg,https://www.on3.com/db/elijah-bowser-41090/,portal_industry_football_2024
CJ James,IOL,New Mexico Lobos,UTSA Roadrunners,Committed,0,3.0,87.0,1494.0,50.0,2020,2023-12-13T10:05:00,https://on3static.com/uploads/assets/17/398/398017.jpg,https://www.on3.com/db/cj-james-179521/,portal_industry_football_2024
Richard Toney,S,Nevada Wolf Pack,TCU Horned Frogs,Committed,0,3.0,86.0,1495.0,108.0,2021,2024-01-13T10:33:00,https://on3static.com/uploads/assets/876/407/407876.png,https://www.on3.com/db/richard-toney-100069/,portal_industry_football_2024
Ishmael Burdine,S,TCU Horned Frogs,New Mexico Lobos,Committed,0,3.0,84.0,1497.0,205.0,2019,2024-06-05T13:17:00,https://on3static.com/uploads/assets/15/72/72015.jpeg,https://www.on3.com/db/ishmael-burdine-49916/,portal_industry_football_2024
Migo Jackson,EDGE,Charlotte 49ers,Utah State Aggies,Committed,0,3.0,85.0,1498.0,104.0,2021,2024-02-07T10:14:00,https://on3static.com/uploads/assets/876/91/91876.jpg,https://www.on3.com/db/migo-jackson-144404/,portal_industry_football_2024
Zach Evans,RB,Minnesota Golden Gophers,North Texas Mean Green,Committed,0,3.0,86.0,1499.0,106.0,2022,2023-12-14T11:15:00,https://on3static.com/uploads/assets/0/23/23000.jpeg,https://www.on3.com/db/zach-evans-122710/,portal_industry_football_2024
Destin Wade,QB,Kentucky Wildcats,Colorado Buffaloes,Committed,0,3.0,86.0,1500.0,93.0,2022,2023-12-15T11:13:00,https://on3static.com/uploads/assets/670/16/16670.jpeg,https://www.on3.com/db/destin-wade-35679/,portal_industry_football_2024
Makai Cope,WR,Utah Utes,Sacramento State Hornets,Committed,0,3.0,84.0,1501.0,271.0,2021,2024-01-17T09:40:00,https://on3static.com/uploads/dev/assets/577/4/4577.jpg,https://www.on3.com/db/makai-cope-81337/,portal_industry_football_2024
Bryquice Brown,CB,Georgia State Panthers,Boston College Eagles,Committed,0,3.0,86.0,1502.0,119.0,2019,2023-12-12T13:00:00,https://on3static.com/uploads/assets/677/173/173677.png,https://www.on3.com/db/bryquice-brown-16036/,portal_industry_football_2024
Jaharon Griffin,LB,Akron Zips,,Entered,0,3.0,84.0,1503.0,182.0,2022,2023-12-04T12:26:00,https://on3static.com/uploads/assets/832/264/264832.jpeg,https://www.on3.com/db/jaharon-griffin-52915/,portal_industry_football_2024
Austin Blaske,OT,Georgia Bulldogs,North Carolina Tar Heels,Committed,0,3.0,87.0,1504.0,42.0,2020,2023-12-15T07:57:00,https://on3static.com/uploads/assets/974/470/470974.jpg,https://www.on3.com/db/austin-blaske-8199/,portal_industry_football_2024
Jackson Meeks,WR,Georgia Bulldogs,Syracuse Orange,Committed,0,3.0,85.0,1505.0,200.0,2021,2023-12-12T11:07:00,https://on3static.com/uploads/dev/assets/531/2/2531.jpg,https://www.on3.com/db/jackson-meeks-51639/,portal_industry_football_2024
Dion Hunter,LB,Cincinnati Bearcats,,Entered,0,3.0,84.0,1506.0,180.0,2020,2023-12-04T12:50:00,https://on3static.com/uploads/assets/928/178/178928.png,https://www.on3.com/db/dion-hunter-145155/,portal_industry_football_2024
La'Vario Wiley,S,Central Michigan Chippewas,UNLV Rebels,Committed,0,3.0,84.0,1507.0,188.0,2021,2024-07-31T14:09:00,https://on3static.com/uploads/assets/890/264/264890.jpeg,https://www.on3.com/db/lavario-wiley-158282/,portal_industry_football_2024
Josh Minkins Jr.,S,Louisville Cardinals,Cincinnati Bearcats,Committed,0,3.0,86.0,1508.0,138.0,2020,2024-01-08T13:34:00,https://on3static.com/uploads/dev/assets/745/10/10745.jpg,https://www.on3.com/db/josh-minkins-jr-67368/,portal_industry_football_2024
Antonio Carter,S,Notre Dame Fighting Irish,Jacksonville State Gamecocks,Committed,0,3.0,86.0,1509.0,94.0,2019,2024-06-10T13:40:00,https://on3static.com/uploads/assets/856/235/235856.jpeg,https://www.on3.com/db/antonio-carter-179665/,portal_industry_football_2024
Marlyn Johnson,WR,Buffalo Bulls,Florida Atlantic Owls,Committed,0,3.0,86.0,1510.0,162.0,2019,2023-12-11T16:01:00,https://on3static.com/uploads/assets/226/179/179226.png,https://www.on3.com/db/marlyn-johnson-143059/,portal_industry_football_2024
Demariyon Houston,WR,Missouri Tigers,Old Dominion Monarchs,Committed,0,3.0,84.0,1511.0,252.0,2019,,https://on3static.com/uploads/assets/100/17/17100.jpeg,https://www.on3.com/db/demariyon-houston-142917/,portal_industry_football_2024
Jacob Waller,IOL,SMU Mustangs,Tulsa Golden Hurricane,Committed,0,3.0,84.0,1512.0,160.0,2022,2024-01-16T13:04:00,https://on3static.com/uploads/assets/235/219/219235.jpg,https://www.on3.com/db/jacob-waller-52290/,portal_industry_football_2024
Seth Williams,IOL,Appalachian State Mountaineers,,Entered,0,3.0,84.0,1513.0,161.0,2020,2023-12-05T12:08:00,https://on3static.com/uploads/assets/124/170/170124.png,https://www.on3.com/db/seth-williams-106118/,portal_industry_football_2024
Da'Wain Lofton,WR,Virginia Tech Hokies,Oklahoma State Cowboys,Committed,0,3.0,86.0,1514.0,167.0,2021,2024-02-05T09:07:00,https://on3static.com/uploads/assets/429/16/16429.jpeg,https://www.on3.com/db/dawain-lofton-27787/,portal_industry_football_2024
Vincent Nunley,CB,Washington Huskies,,Entered,0,3.0,84.0,1516.0,247.0,2021,2023-12-05T17:01:00,https://on3static.com/uploads/assets/616/16/16616.jpeg,https://www.on3.com/db/vincent-nunley-119767/,portal_industry_football_2024
Antwone Watts,S,Louisiana-Monroe Warhawks,,Entered,0,3.0,84.0,1517.0,198.0,2021,2023-12-19T11:28:00,https://on3static.com/uploads/assets/320/265/265320.jpeg,https://www.on3.com/db/antwone-watts-175697/,portal_industry_football_2024
Tyler Fromm,TE,Auburn Tigers,Georgia Southern Eagles,Committed,0,3.0,86.0,1518.0,56.0,2019,2023-12-13T11:38:00,https://on3static.com/uploads/assets/36/18/18036.jpeg,https://www.on3.com/db/tyler-fromm-117585/,portal_industry_football_2024
Nick Mosley,RB,Bowling Green Falcons,,Entered,0,3.0,84.0,1519.0,152.0,2021,2023-12-06T12:05:00,https://on3static.com/uploads/assets/347/76/76347.jpeg,https://www.on3.com/db/nick-mosley-92781/,portal_industry_football_2024
Damani Dent,S,Charlotte 49ers,,Entered,0,3.0,84.0,1520.0,197.0,2022,2023-12-06T11:17:00,https://on3static.com/uploads/assets/689/21/21689.jpeg,https://www.on3.com/db/damani-dent-146240/,portal_industry_football_2024
Maurice Wilmer,LB,Connecticut Huskies,,Entered,0,3.0,84.0,1521.0,206.0,2019,2023-12-06T13:33:00,https://on3static.com/uploads/assets/419/133/133419.jpg,https://www.on3.com/db/maurice-wilmer-86507/,portal_industry_football_2024
Lancine Turay,DL,Temple Owls,,Entered,0,3.0,84.0,1522.0,180.0,2018,2023-12-06T15:16:00,https://on3static.com/uploads/assets/57/74/74057.jpeg,https://www.on3.com/db/lancine-turay-77924/,portal_industry_football_2024
Tristan Cox,DL,Ohio Bobcats,,Entered,0,3.0,84.0,1523.0,192.0,2021,2023-12-07T08:53:00,https://on3static.com/uploads/assets/216/168/168216.png,https://www.on3.com/db/tristan-cox-116405/,portal_industry_football_2024
Isaiah Paul,LB,UCF Knights,,Entered,0,3.0,84.0,1524.0,199.0,2018,2023-12-07T09:38:00,https://on3static.com/uploads/assets/139/139/139139.png,https://www.on3.com/db/isaiah-paul-175757/,portal_industry_football_2024
Amari Johnson,WR,UCF Knights,,Entered,0,3.0,84.0,1525.0,286.0,2019,2023-12-07T09:36:00,https://on3static.com/uploads/assets/282/223/223282.png,https://www.on3.com/db/amari-johnson-143729/,portal_industry_football_2024
Kitione Tau,EDGE,Bowling Green Falcons,Nevada Wolf Pack,Committed,0,3.0,84.0,1526.0,129.0,2019,,https://on3static.com/uploads/assets/596/179/179596.png,https://www.on3.com/db/kitione-tau-75399/,portal_industry_football_2024
Macyo Williams,DL,Kent State Golden Flashes,Utah State Aggies,Committed,0,3.0,84.0,1528.0,186.0,2021,2023-12-20T13:53:00,https://on3static.com/uploads/assets/958/349/349958.jpg,https://www.on3.com/db/macyo-williams-81226/,portal_industry_football_2024
Casey Cain,WR,Texas Longhorns,UNLV Rebels,Committed,0,3.0,85.0,1529.0,206.0,2021,2023-12-21T11:18:00,https://on3static.com/uploads/assets/909/15/15909.jpeg,https://www.on3.com/db/casey-cain-19029/,portal_industry_football_2024
Tevita Pome'e,DL,Oregon Ducks,Oregon State Beavers,Committed,0,3.0,86.0,1530.0,138.0,2023,2024-01-16T21:38:00,https://on3static.com/uploads/assets/21/219/219021.png,https://www.on3.com/db/tevita-pomee-148233/,portal_industry_football_2024
Keelan Cox,EDGE,Wyoming Cowboys,,Entered,0,3.0,84.0,1531.0,132.0,2020,2024-04-19T15:13:00,https://on3static.com/uploads/assets/315/266/266315.png,https://www.on3.com/db/keelan-cox-71815/,portal_industry_football_2024
Anthony Jones,LB,Indiana Hoosiers,Michigan State Spartans,Committed,0,3.0,86.0,1532.0,116.0,2022,2024-04-21T21:47:00,https://on3static.com/uploads/assets/894/93/93894.jpeg,https://www.on3.com/db/anthony-jones-145193/,portal_industry_football_2024
Ethan Wright,RB,Cincinnati Bearcats,,Entered,0,3.0,84.0,1533.0,147.0,2020,2023-12-11T08:06:00,https://on3static.com/uploads/dev/assets/430/10/10430.jpg,https://www.on3.com/db/ethan-wright-43093/,portal_industry_football_2024
Corey Thomas,S,Akron Zips,Virginia Cavaliers,Committed,0,3.0,88.0,1534.0,31.0,2019,2023-12-11T16:05:00,https://on3static.com/uploads/assets/991/266/266991.png,https://www.on3.com/db/corey-thomas-26348/,portal_industry_football_2024
Bryce Llewellyn,S,Charleston Southern Buccaneers,Eastern Michigan Eagles,Committed,0,3.0,86.0,1535.0,126.0,0,2023-12-21T12:51:00,https://on3static.com/uploads/assets/858/266/266858.jpeg,https://www.on3.com/db/bryce-llewellyn-239226/,portal_industry_football_2024
Malone Mataele,CB,Utah State Aggies,,Entered,0,3.0,84.0,1536.0,224.0,2018,2023-12-11T11:54:00,https://on3static.com/uploads/dev/assets/638/4/4638.jpg,https://www.on3.com/db/malone-mataele-82101/,portal_industry_football_2024
Marvin Landy,TE,Florida Atlantic Owls,,Entered,0,3.0,84.0,1537.0,98.0,2020,2023-12-11T11:16:00,https://on3static.com/uploads/assets/287/217/217287.png,https://www.on3.com/db/marvin-landy-237246/,portal_industry_football_2024
Nik Ognenovic,TE,Akron Zips,,Entered,0,3.0,84.0,1538.0,95.0,2019,2023-12-11T14:17:00,https://on3static.com/uploads/assets/599/17/17599.jpeg,https://www.on3.com/db/nik-ognenovic-93429/,portal_industry_football_2024
Chisom Ifeanyi,DL,Shippensburg University,Florida Atlantic Owls,Committed,0,3.0,85.0,1539.0,149.0,0,2023-12-11T16:51:00,https://on3static.com/uploads/assets/15/267/267015.png,https://www.on3.com/db/chisom-ifeanyi-239243/,portal_industry_football_2024
Popeye Williams,EDGE,Louisville Cardinals,Western Michigan Broncos,Committed,0,3.0,86.0,1540.0,76.0,2022,2023-12-13T15:01:00,https://on3static.com/uploads/assets/409/164/164409.png,https://www.on3.com/db/popeye-williams-96754/,portal_industry_football_2024
Dylan Brown,DL,Florida State Seminoles,,Entered,0,3.0,84.0,1541.0,174.0,2018,2023-12-12T12:23:00,https://on3static.com/uploads/assets/42/242/242042.jpeg,https://www.on3.com/db/dylan-brown-178153/,portal_industry_football_2024
Andre Johnson,WR,Arizona State Sun Devils,Miami (OH) RedHawks,Committed,0,3.0,84.0,1542.0,270.0,2019,2024-01-05T14:26:00,https://on3static.com/uploads/dev/assets/138/7/7138.jpg,https://www.on3.com/db/andre-johnson-144069/,portal_industry_football_2024
Zymir Cobbs,DL,Temple Owls,,Entered,0,3.0,84.0,1543.0,194.0,2018,2023-12-12T08:43:00,https://on3static.com/uploads/assets/136/267/267136.png,https://www.on3.com/db/zymir-cobbs-123946/,portal_industry_football_2024
Devon Robinson,DL,Akron Zips,,Entered,0,3.0,84.0,1544.0,198.0,2018,2023-12-12T15:48:00,https://on3static.com/uploads/assets/625/17/17625.jpeg,https://www.on3.com/db/devon-robinson-36451/,portal_industry_football_2024
Jai Barnes,DL,Gardner-Webb Runnin' Bulldogs,,Entered,0,3.0,84.0,1545.0,183.0,0,2023-12-13T10:19:00,https://on3static.com/uploads/assets/464/267/267464.png,https://www.on3.com/db/jai-barnes-239279/,portal_industry_football_2024
Andrew Milek,IOL,USC Trojans,,Entered,0,3.0,84.0,1546.0,157.0,2020,2023-12-13T07:28:00,https://on3static.com/uploads/assets/31/94/94031.png,https://www.on3.com/db/andrew-milek-5223/,portal_industry_football_2024
Malik Bowen-Sims,WR,Duke Blue Devils,Austin Peay Governors,Committed,0,3.0,84.0,1547.0,290.0,2020,2023-12-17T14:07:00,https://on3static.com/uploads/dev/assets/21/11/11021.jpg,https://www.on3.com/db/malik-bowen-sims-81742/,portal_industry_football_2024
Fredrick Seabrough,TE,NC State Wolfpack,,Entered,0,3.0,84.0,1548.0,82.0,2021,2023-12-14T09:50:00,https://on3static.com/uploads/assets/336/16/16336.jpeg,https://www.on3.com/db/fredrick-seabrough-44414/,portal_industry_football_2024
Javon Swinton,WR,Eastern Michigan Eagles,,Entered,0,3.0,84.0,1549.0,287.0,2020,2023-12-14T08:52:00,https://on3static.com/uploads/dev/assets/210/6/6210.jpg,https://www.on3.com/db/javon-swinton-58179/,portal_industry_football_2024
Fred Farrier,WR,UAB Blazers,Kentucky Wildcats,Committed,0,3.0,86.0,1550.0,169.0,2021,2024-01-07T15:42:00,https://on3static.com/uploads/assets/355/89/89355.jpg,https://www.on3.com/db/fred-farrier-44205/,portal_industry_football_2024
Wes Hoeh,IOL,Syracuse Orange,Connecticut Huskies,Committed,0,3.0,84.0,1551.0,159.0,2021,2023-12-21T22:32:00,https://on3static.com/uploads/assets/796/473/473796.png,https://www.on3.com/db/wes-hoeh-120375/,portal_industry_football_2024
Tyquan Henderson,WR,Southern Miss Golden Eagles,,Entered,0,3.0,84.0,1552.0,289.0,2020,2023-12-15T10:45:00,https://on3static.com/uploads/assets/35/268/268035.png,https://www.on3.com/db/tyquan-henderson-118343/,portal_industry_football_2024
Dallaz Corbitt,EDGE,UCF Knights,,Entered,0,3.0,84.0,1553.0,126.0,2019,2023-12-15T14:12:00,https://on3static.com/uploads/assets/313/223/223313.png,https://www.on3.com/db/dallaz-corbitt-28243/,portal_industry_football_2024
Ryan Raybuck,S,Saint Anselm Hawks,Western Michigan Broncos,Committed,0,3.0,86.0,1554.0,153.0,2020,2023-12-17T12:41:00,https://on3static.com/uploads/assets/2/269/269002.png,https://www.on3.com/db/ryan-raybuck-239363/,portal_industry_football_2024
Etinosa Reuben,DL,Georgia Tech Yellow Jackets,Massachusetts Minutemen,Committed,0,3.0,84.0,1555.0,203.0,2019,2024-02-01T14:21:00,https://on3static.com/uploads/assets/450/164/164450.png,https://www.on3.com/db/etinosa-reuben-43104/,portal_industry_football_2024
Tygee Hill,DL,LSU Tigers,Oregon State Beavers,Committed,0,3.0,86.0,1556.0,134.0,2022,2024-01-05T18:41:00,https://on3static.com/uploads/assets/182/37/37182.jpeg,https://www.on3.com/db/tygee-hill-117221/,portal_industry_football_2024
Ronnie Hamrick II,CB,Texas State Bobcats,,Entered,0,3.0,84.0,1557.0,241.0,2021,2023-12-19T09:45:00,https://on3static.com/uploads/assets/696/75/75696.jpeg,https://www.on3.com/db/ronnie-hamrick-ii-102313/,portal_industry_football_2024
Timothy Dawn,IOL,Baylor Bears,Arkansas Razorbacks,Committed,0,3.0,84.0,1558.0,158.0,2022,,https://on3static.com/uploads/assets/65/174/174065.jpeg,https://www.on3.com/db/timothy-dawn-112947/,portal_industry_football_2024
Jae'vone Brown,IOL,New Mexico State Aggies,Southeastern Oklahoma State Savage Storm,Committed,0,3.0,84.0,1559.0,171.0,2020,2024-01-03T10:47:00,https://on3static.com/uploads/assets/186/99/99186.jpg,https://www.on3.com/db/jaevone-brown-52784/,portal_industry_football_2024
Mason Pierce,WR,Marshall Thundering Herd,,Entered,0,3.0,84.0,1560.0,265.0,2019,2023-12-19T12:17:00,https://on3static.com/uploads/assets/376/127/127376.jpeg,https://www.on3.com/db/mason-pierce-174802/,portal_industry_football_2024
Qualan Jones,RB,Baylor Bears,Stephen F. Austin Lumberjacks,Committed,0,3.0,84.0,1561.0,160.0,2019,2024-01-21T09:13:00,https://on3static.com/uploads/assets/96/18/18096.jpeg,https://www.on3.com/db/qualan-jones-142666/,portal_industry_football_2024
Damien Moore,RB,Fresno State Bulldogs,,Entered,0,3.0,84.0,1562.0,148.0,2020,2023-12-19T18:17:00,https://on3static.com/uploads/dev/assets/704/6/6704.jpg,https://www.on3.com/db/damien-moore-28583/,portal_industry_football_2024
Robert Rahimi,S,Liberty Flames,San Jose State Spartans,Committed,0,3.0,86.0,1563.0,127.0,2019,2023-12-20T13:35:00,https://on3static.com/uploads/assets/86/397/397086.jpg,https://www.on3.com/db/robert-rahimi-101261/,portal_industry_football_2024
Ellis Adams,IOL,Tennessee Tech Golden Eagles,Middle Tennessee State Blue Raiders,Committed,0,3.0,84.0,1564.0,149.0,2023,2023-12-20T17:45:00,https://on3static.com/uploads/assets/132/276/276132.png,https://www.on3.com/db/ellis-adams-239502/,portal_industry_football_2024
Casey Thompson,QB,Florida Atlantic Owls,Oklahoma Sooners,Committed,148398,3.0,87.0,1565.0,52.0,2018,2024-01-11T18:01:00,https://on3static.com/uploads/assets/21/185/185021.jpg,https://www.on3.com/db/casey-thompson-19117/,portal_industry_football_2024
Christian Lee,TE,North Texas Mean Green,,Entered,0,3.0,84.0,1566.0,97.0,2020,2023-12-21T14:58:00,https://on3static.com/uploads/assets/251/75/75251.jpeg,https://www.on3.com/db/christian-lee-22995/,portal_industry_football_2024
Sammy Anderson,CB,Cincinnati Bearcats,Charlotte 49ers,Committed,0,3.0,84.0,1568.0,245.0,2020,2023-12-21T15:55:00,https://on3static.com/uploads/dev/assets/406/10/10406.jpg,https://www.on3.com/db/sammy-anderson-104671/,portal_industry_football_2024
Je'Vaun Dabon,S,UTSA Roadrunners,,Entered,0,3.0,84.0,1569.0,209.0,2020,2023-12-24T13:38:00,https://on3static.com/uploads/assets/772/73/73772.jpeg,https://www.on3.com/db/jevaun-dabon-59368/,portal_industry_football_2024
D.J. Jones,RB,North Carolina Tar Heels,Wyoming Cowboys,Committed,0,3.0,84.0,1572.0,170.0,2020,2024-02-07T10:26:00,https://on3static.com/uploads/dev/assets/144/10/10144.jpg,https://www.on3.com/db/dj-jones-144663/,portal_industry_football_2024
LV Bunkley-Shelton,WR,Oklahoma Sooners,Georgia Southern Eagles,Committed,0,3.0,84.0,1573.0,284.0,2020,2024-01-05T12:46:00,https://on3static.com/uploads/assets/160/86/86160.jpeg,https://www.on3.com/db/lv-bunkley-shelton-81009/,portal_industry_football_2024
Brian Norris,LB,USF Bulls,,Entered,0,3.0,84.0,1574.0,207.0,2018,2023-12-26T21:02:00,https://on3static.com/uploads/assets/99/216/216099.png,https://www.on3.com/db/brian-norris-14672/,portal_industry_football_2024
Jordan Anthony,WR,Texas A&M Aggies,Arkansas Razorbacks,Committed,0,3.0,85.0,1575.0,238.0,2022,2024-01-02T15:46:00,https://on3static.com/uploads/assets/84/271/271084.png,https://www.on3.com/db/jordan-anthony-146113/,portal_industry_football_2024
Derrell Bailey Jr.,OT,USF Bulls,East Tennessee State Buccaneers,Committed,0,3.0,84.0,1576.0,122.0,2020,,https://on3static.com/uploads/assets/184/91/91184.jpeg,https://www.on3.com/db/derrell-bailey-jr-144283/,portal_industry_football_2024
D'Andre Greeley,CB,Buffalo Bulls,,Entered,0,3.0,84.0,1577.0,260.0,2020,2023-12-28T08:42:00,https://on3static.com/uploads/assets/300/271/271300.png,https://www.on3.com/db/dandre-greeley-27302/,portal_industry_football_2024
Jack Tchienchou,CB,Troy Trojans,Tulane Green Wave,Committed,0,3.0,85.0,1578.0,221.0,2023,2024-01-07T11:30:00,https://on3static.com/uploads/assets/685/275/275685.png,https://www.on3.com/db/jack-tchienchou-149736/,portal_industry_football_2024
Jake Garcia,QB,Missouri Tigers,East Carolina Pirates,Committed,0,3.0,86.0,1579.0,78.0,2021,2024-01-16T16:38:00,https://on3static.com/uploads/assets/829/12/12829.jpeg,https://www.on3.com/db/jake-garcia-53483/,portal_industry_football_2024
Emmonte Davis,CB,Central Oklahoma Bronchos,Louisiana Tech Bulldogs,Committed,0,3.0,86.0,1580.0,162.0,0,2024-01-15T17:27:00,,https://www.on3.com/db/emmonte-davis-239552/,portal_industry_football_2024
Bryce Cage,EDGE,Texas State Bobcats,Utah State Aggies,Committed,0,3.0,84.0,1581.0,108.0,2021,2024-02-07T10:13:00,https://on3static.com/uploads/assets/765/143/143765.jpeg,https://www.on3.com/db/bryce-cage-15716/,portal_industry_football_2024
Latarie Kinsler,DL,FIU Golden Panthers,,Entered,0,3.0,84.0,1582.0,204.0,2020,2023-12-29T14:19:00,https://on3static.com/uploads/dev/assets/785/9/9785.jpg,https://www.on3.com/db/latarie-kinsler-78427/,portal_industry_football_2024
Jalen Kitna,QB,Florida Gators,UAB Blazers,Committed,0,3.0,84.0,1583.0,134.0,2021,2023-12-30T09:17:00,https://on3static.com/uploads/assets/646/15/15646.jpeg,https://www.on3.com/db/jalen-kitna-54347/,portal_industry_football_2024
Trent Fraley,IOL,Marshall Thundering Herd,North Dakota State Bison,Committed,0,3.0,84.0,1584.0,165.0,2022,,https://on3static.com/uploads/assets/701/579/579701.png,https://www.on3.com/db/trent-fraley-146165/,portal_industry_football_2024
Victor Stoffel,IOL,Temple Owls,California Golden Bears,Committed,0,3.0,87.0,1585.0,44.0,2019,2024-01-08T16:07:00,https://on3static.com/uploads/assets/76/74/74076.jpeg,https://www.on3.com/db/victor-stoffel-119578/,portal_industry_football_2024
Avery Morris,LB,UTSA Roadrunners,Charlotte 49ers,Committed,0,3.0,86.0,1586.0,87.0,2020,2024-08-06T12:40:00,https://on3static.com/uploads/assets/770/73/73770.jpeg,https://www.on3.com/db/avery-morris-8923/,portal_industry_football_2024
Duece Jones,WR,New Mexico Lobos,,Entered,0,3.0,84.0,1587.0,274.0,2020,2024-01-02T09:51:00,https://on3static.com/uploads/assets/907/178/178907.png,https://www.on3.com/db/duece-jones-179515/,portal_industry_football_2024
Ke'Travion Hargrove,RB,Memphis Tigers,,Entered,0,3.0,84.0,1588.0,163.0,2021,2024-01-02T12:32:00,https://on3static.com/uploads/assets/686/15/15686.jpeg,https://www.on3.com/db/ketravion-hargrove-71613/,portal_industry_football_2024
Deshaun Batiste,EDGE,Troy Trojans,Tulane Green Wave,Committed,0,3.0,84.0,1589.0,135.0,2023,2024-01-06T13:57:00,https://on3static.com/uploads/assets/934/272/272934.png,https://www.on3.com/db/deshaun-batiste-154450/,portal_industry_football_2024
Elijuwan Mack,S,Rutgers Scarlet Knights,,Entered,0,3.0,84.0,1591.0,202.0,2020,2024-01-02T17:08:00,https://on3static.com/uploads/dev/assets/967/9/9967.jpg,https://www.on3.com/db/elijuwan-mack-41455/,portal_industry_football_2024
Davon Hicks,LB,Washington State Cougars,Georgia Southern Eagles,Committed,0,3.0,84.0,1592.0,200.0,2021,2024-01-06T13:49:00,https://on3static.com/uploads/assets/644/180/180644.png,https://www.on3.com/db/davon-hicks-32447/,portal_industry_football_2024
Ian Hover,IOL,Texas State Bobcats,,Entered,0,3.0,84.0,1593.0,162.0,0,2024-01-02T17:05:00,https://on3static.com/uploads/assets/234/174/174234.png,https://www.on3.com/db/ian-hover-179128/,portal_industry_football_2024
Lawson Bachelder,WR,Georgia Southern Eagles,,Entered,0,3.0,84.0,1594.0,266.0,2020,2024-01-04T09:04:00,,https://www.on3.com/db/lawson-bachelder-157981/,portal_industry_football_2024
Sevaughn Clark,RB,Georgia Bulldogs,Toledo Rockets,Committed,0,3.0,84.0,1595.0,167.0,2019,,https://on3static.com/uploads/assets/50/153/153050.jpg,https://www.on3.com/db/sevaughn-clark-106132/,portal_industry_football_2024
Mikele Colasurdo,QB,Georgia State Panthers,,Entered,0,3.0,84.0,1596.0,149.0,2020,2024-01-05T11:38:00,https://on3static.com/uploads/assets/686/173/173686.png,https://www.on3.com/db/mikele-colasurdo-89543/,portal_industry_football_2024
Olasunkonmi Agunloye,EDGE,Virginia Cavaliers,Marshall Thundering Herd,Committed,0,3.0,84.0,1597.0,127.0,2020,2024-05-14T14:57:00,https://on3static.com/uploads/dev/assets/619/9/9619.jpg,https://www.on3.com/db/olasunkonmi-agunloye-94286/,portal_industry_football_2024
Myles Burkett,QB,Wisconsin Badgers,Albany Great Danes,Committed,0,3.0,84.0,1598.0,129.0,2022,2024-01-08T12:59:00,https://on3static.com/uploads/assets/692/22/22692.jpeg,https://www.on3.com/db/myles-burkett-90655/,portal_industry_football_2024
Daved Jones Jr.,LB,Cincinnati Bearcats,,Entered,0,3.0,84.0,1599.0,208.0,2020,2024-01-09T10:37:00,https://on3static.com/uploads/dev/assets/424/10/10424.jpg,https://www.on3.com/db/daved-jones-jr-143545/,portal_industry_football_2024
Avarion Cole,S,North Carolina A&T Aggies,Appalachian State Mountaineers,Committed,0,3.0,86.0,1600.0,123.0,2021,2023-12-18T14:00:00,https://on3static.com/uploads/assets/621/275/275621.png,https://www.on3.com/db/avarion-cole-8866/,portal_industry_football_2024
Chance Gamble,S,Kennesaw State Owls,Georgia Southern Eagles,Committed,0,3.0,86.0,1601.0,142.0,0,2024-01-06T13:51:00,https://on3static.com/uploads/assets/634/275/275634.png,https://www.on3.com/db/chance-gamble-197525/,portal_industry_football_2024
Cameran Brown,QB,West Georgia Wolves,Texas Tech Red Raiders,Committed,0,3.0,84.0,1602.0,133.0,0,2023-12-21T13:23:00,https://on3static.com/uploads/assets/493/265/265493.png,https://www.on3.com/db/cameran-brown-232083/,portal_industry_football_2024
Jacob Conover,QB,Arizona State Sun Devils,Utah State Aggies,Committed,0,3.0,84.0,1603.0,144.0,2019,2024-05-13T16:16:00,https://on3static.com/uploads/assets/866/73/73866.jpg,https://www.on3.com/db/jacob-conover-51862/,portal_industry_football_2024
Tigana Cisse,OT,Idaho Vandals,Ohio Bobcats,Committed,0,3.0,84.0,1604.0,123.0,2022,2024-01-08T16:44:00,https://on3static.com/uploads/assets/683/275/275683.png,https://www.on3.com/db/tigana-cisse-112590/,portal_industry_football_2024
Brent Austin,CB,James Madison Dukes,USF Bulls,Committed,0,3.0,86.0,1605.0,169.0,2022,2024-01-10T17:01:00,https://on3static.com/uploads/assets/98/443/443098.png,https://www.on3.com/db/brent-austin-196945/,portal_industry_football_2024
William Haskell,QB,Washington Huskies,,Entered,0,3.0,84.0,1606.0,150.0,2021,2024-01-12T12:15:00,https://on3static.com/uploads/assets/850/12/12850.jpeg,https://www.on3.com/db/william-haskell-121262/,portal_industry_football_2024
Blake Bustard,OT,Wayne State Warriors,Eastern Michigan Eagles,Committed,0,3.0,84.0,1607.0,134.0,0,2023-12-15T12:56:00,https://on3static.com/uploads/assets/123/276/276123.png,https://www.on3.com/db/blake-bustard-239672/,portal_industry_football_2024
Oscar Hammond,TE,Central Oklahoma Bronchos,North Texas Mean Green,Committed,0,3.0,84.0,1608.0,87.0,2022,2023-12-14T17:16:00,https://on3static.com/uploads/assets/228/276/276228.png,https://www.on3.com/db/oscar-hammond-239681/,portal_industry_football_2024
Nolan Matthews-Harris,TE,SMU Mustangs,,Entered,0,3.0,84.0,1609.0,94.0,2019,2023-12-04T09:14:00,https://on3static.com/uploads/assets/187/219/219187.jpg,https://www.on3.com/db/nolan-matthews-harris-93886/,portal_industry_football_2024
Andy Alfieri,TE,California Golden Bears,Oregon State Beavers,Committed,0,3.0,84.0,1610.0,85.0,2020,2024-05-13T17:24:00,https://on3static.com/uploads/dev/assets/728/6/6728.jpg,https://www.on3.com/db/andy-alfieri-5535/,portal_industry_football_2024
D'Arco Perkins-McAllister,S,New Mexico Lobos,,Entered,0,3.0,84.0,1611.0,203.0,2021,2024-01-23T16:02:00,https://on3static.com/uploads/assets/625/24/24625.jpeg,https://www.on3.com/db/darco-perkins-mcallister-27371/,portal_industry_football_2024
Reece Atteberry,IOL,Michigan Wolverines,,Entered,0,3.0,84.0,1612.0,170.0,2020,2024-01-30T14:37:00,https://on3static.com/uploads/dev/assets/975/6/6975.jpg,https://www.on3.com/db/reece-atteberry-99145/,portal_industry_football_2024
Josh Knapp,S,Virginia Military Institute Keydets,Jacksonville State Gamecocks,Committed,0,3.0,86.0,1613.0,115.0,0,2024-01-31T17:41:00,https://on3static.com/uploads/assets/916/276/276916.png,https://www.on3.com/db/josh-knapp-239710/,portal_industry_football_2024
Kevaris Hall,CB,SMU Mustangs,,Entered,0,3.0,84.0,1614.0,242.0,2020,2024-01-31T19:07:00,https://on3static.com/uploads/assets/163/219/219163.jpg,https://www.on3.com/db/kevaris-hall-73849/,portal_industry_football_2024
Devante Keys,EDGE,Louisiana-Monroe Warhawks,,Entered,0,3.0,84.0,1615.0,109.0,2020,2024-02-16T07:09:00,,https://www.on3.com/db/devante-keys-35795/,portal_industry_football_2024
Cherif Seye,DL,Florida A&M Rattlers,UCLA Bruins,Committed,0,3.0,86.0,1616.0,119.0,2019,2024-05-04T14:16:00,https://on3static.com/uploads/assets/529/313/313529.png,https://www.on3.com/db/cherif-seye-191508/,portal_industry_football_2024
Blake Austin,IOL,Troy Trojans,Western Kentucky Hilltoppers,Committed,0,3.0,86.0,1617.0,104.0,2019,,https://on3static.com/uploads/assets/643/129/129643.jpg,https://www.on3.com/db/blake-austin-10738/,portal_industry_football_2024
Eamonn Dennis,WR,Michigan Wolverines,Ohio Bobcats,Committed,0,3.0,85.0,1618.0,210.0,2020,2024-05-21T11:31:00,https://on3static.com/uploads/assets/55/222/222055.png,https://www.on3.com/db/eamonn-dennis-40262/,portal_industry_football_2024
Jordan van den Berg,DL,Penn State Nittany Lions,Georgia Tech Yellow Jackets,Committed,0,3.0,85.0,1619.0,169.0,2020,2024-03-12T17:17:00,https://on3static.com/uploads/assets/557/25/25557.jpg,https://www.on3.com/db/jordan-van-den-berg-146289/,portal_industry_football_2024
Tyce Ferrell,TE,Indiana State Sycamores,Ball State Cardinals,Committed,0,3.0,84.0,1620.0,81.0,2020,2024-05-01T10:56:00,,https://www.on3.com/db/tyce-ferrell-117173/,portal_industry_football_2024
Choe Bryant-Strother,LB,UCLA Bruins,BYU Cougars,Committed,0,3.0,84.0,1621.0,178.0,2020,,https://on3static.com/uploads/dev/assets/188/5/5188.jpg,https://www.on3.com/db/choe-bryant-strother-21226/,portal_industry_football_2024
Max Hurleman,RB,Colgate Raiders,Notre Dame Fighting Irish,Committed,0,3.0,84.0,1622.0,151.0,0,2024-03-12T17:10:00,https://on3static.com/uploads/assets/304/297/297304.png,https://www.on3.com/db/max-hurleman-187263/,portal_industry_football_2024
Jeremiah McClendon,CB,FIU Golden Panthers,,Entered,0,3.0,84.0,1623.0,255.0,2021,2024-02-28T09:56:00,https://on3static.com/uploads/assets/779/35/35779.jpeg,https://www.on3.com/db/jeremiah-mcclendon-60154/,portal_industry_football_2024
Joel Williams,CB,Memphis Tigers,,Entered,0,3.0,84.0,1624.0,259.0,2020,2024-04-04T10:38:00,https://on3static.com/uploads/dev/assets/730/2/2730.jpg,https://www.on3.com/db/joel-williams-62700/,portal_industry_football_2024
Wahkeem Roman,IOL,Notre Dame College Falcons,Delaware Fightin' Blue Hens,Committed,0,3.0,84.0,1625.0,168.0,2021,2024-04-29T10:39:00,,https://www.on3.com/db/wahkeem-roman-119982/,portal_industry_football_2024
Ladarian Paulk,CB,FIU Golden Panthers,,Entered,0,3.0,84.0,1626.0,244.0,2021,2024-04-11T15:20:00,https://on3static.com/uploads/assets/31/183/183031.png,https://www.on3.com/db/ladarian-paulk-150479/,portal_industry_football_2024
Garrett Bishop,IOL,New Mexico State Aggies,,Entered,0,3.0,84.0,1627.0,166.0,2020,2024-04-10T13:04:00,https://on3static.com/uploads/assets/189/99/99189.jpg,https://www.on3.com/db/garrett-bishop-44882/,portal_industry_football_2024
Connor Neville,QB,Northern Illinois Huskies,,Entered,0,3.0,84.0,1628.0,154.0,2017,2024-01-31T15:42:00,https://on3static.com/uploads/assets/133/282/282133.jpeg,https://www.on3.com/db/connor-neville-25655/,portal_industry_football_2024
Terrell Dawkins,EDGE,South Carolina Gamecocks,North Texas Mean Green,Committed,0,3.0,84.0,1629.0,133.0,2019,2024-05-30T16:59:00,https://on3static.com/uploads/assets/619/256/256619.png,https://www.on3.com/db/terrell-dawkins-111522/,portal_industry_football_2024
Tyjon Jones,S,Youngstown State Penguins,UAB Blazers,Committed,0,3.0,84.0,1630.0,190.0,2020,2024-05-01T16:33:00,https://on3static.com/uploads/assets/591/306/306591.jpeg,https://www.on3.com/db/tyjon-jones-144774/,portal_industry_football_2024
Derrick Bohler,WR,Indiana Hoosiers,,Entered,0,3.0,84.0,1631.0,262.0,2023,2024-04-16T07:45:00,https://on3static.com/uploads/assets/8/74/74008.png,https://www.on3.com/db/derrick-bohler-150323/,portal_industry_football_2024
Bam Booker,LB,Bowling Green Falcons,,Entered,0,3.0,84.0,1632.0,202.0,2021,2024-04-16T11:55:00,https://on3static.com/uploads/assets/14/16/16014.jpeg,https://www.on3.com/db/bam-booker-9266/,portal_industry_football_2024
Dalevon Campbell,WR,Nevada Wolf Pack,South Carolina Gamecocks,Committed,0,3.0,86.0,1633.0,179.0,2019,2024-04-30T21:01:00,https://on3static.com/uploads/dev/assets/958/5/5958.jpg,https://www.on3.com/db/dalevon-campbell-28141/,portal_industry_football_2024
Kaden Moorman,S,Louisville Cardinals,,Entered,0,3.0,84.0,1634.0,185.0,2023,2024-04-16T13:52:00,https://on3static.com/uploads/assets/260/56/56260.jpg,https://www.on3.com/db/kaden-moorman-147141/,portal_industry_football_2024
Muwaffaq Parkman,RB,Syracuse Orange,,Entered,0,3.0,84.0,1635.0,150.0,2023,2024-04-16T11:41:00,https://on3static.com/uploads/assets/79/307/307079.png,https://www.on3.com/db/muwaffaq-parkman-90564/,portal_industry_football_2024
Jacob Page,WR,Colorado Buffaloes,,Entered,0,3.0,84.0,1636.0,293.0,2023,2024-04-16T13:16:00,https://on3static.com/uploads/assets/281/148/148281.jpeg,https://www.on3.com/db/jacob-page-146417/,portal_industry_football_2024
Koli Faaiu,IOL,Utah Utes,Texas A&M Aggies,Committed,0,3.0,86.0,1637.0,76.0,2021,2024-04-20T08:17:00,https://on3static.com/uploads/assets/599/16/16599.jpeg,https://www.on3.com/db/koli-faaiu-75762/,portal_industry_football_2024
Joe Borjon,,Arizona Wildcats,San Diego State Aztecs,Committed,0,3.0,85.0,1638.0,117.0,2020,2024-04-29T17:18:00,https://on3static.com/uploads/assets/547/73/73547.jpg,https://www.on3.com/db/joe-borjon-150129/,portal_industry_football_2024
Zaid Hamdan,DL,Tulsa Golden Hurricane,Kent State Golden Flashes,Committed,0,3.0,84.0,1639.0,202.0,2018,2024-07-01T11:21:00,https://on3static.com/uploads/assets/621/216/216621.png,https://www.on3.com/db/zaid-hamdan-123461/,portal_industry_football_2024
Amari Pouncy,EDGE,New Mexico State Aggies,,Entered,0,3.0,84.0,1640.0,137.0,2020,2024-04-16T16:30:00,https://on3static.com/uploads/assets/326/307/307326.png,https://www.on3.com/db/amari-pouncy-179800/,portal_industry_football_2024
De'Andre Wilborn,EDGE,Georgetown Hoyas,,Entered,0,3.0,84.0,1641.0,139.0,2020,2024-04-16T15:26:00,https://on3static.com/uploads/assets/298/307/307298.jpeg,https://www.on3.com/db/deandre-wilborn-32760/,portal_industry_football_2024
Lucas Coley,QB,Houston Cougars,,Entered,0,3.0,84.0,1642.0,136.0,2021,2024-04-17T10:05:00,https://on3static.com/uploads/assets/327/89/89327.jpeg,https://www.on3.com/db/lucas-coley-80320/,portal_industry_football_2024
Dannis Jackson,WR,Missouri Tigers,Southern Miss Golden Eagles,Committed,0,3.0,84.0,1643.0,261.0,2019,2024-05-15T12:07:00,https://on3static.com/uploads/assets/58/18/18058.jpeg,https://www.on3.com/db/dannis-jackson-142658/,portal_industry_football_2024
Owen Anderson,TE,Illinois Fighting Illini,,Entered,0,3.0,84.0,1644.0,93.0,2022,2024-04-17T10:59:00,https://on3static.com/uploads/assets/827/304/304827.png,https://www.on3.com/db/owen-anderson-94771/,portal_industry_football_2024
Isaiah Bigby,CB,Minot State Beavers,,Entered,0,3.0,84.0,1645.0,254.0,2019,2024-04-17T10:51:00,https://on3static.com/uploads/assets/501/307/307501.jpeg,https://www.on3.com/db/isaiah-bigby-241983/,portal_industry_football_2024
Sam Martin Jr,S,Temple Owls,,Entered,0,3.0,84.0,1646.0,208.0,2022,2024-04-17T09:32:00,https://on3static.com/uploads/assets/479/307/307479.png,https://www.on3.com/db/sam-martin-jr-104384/,portal_industry_football_2024
Treylin Payne,LB,Houston Cougars,Texas State Bobcats,Committed,0,3.0,87.0,1647.0,81.0,2022,2024-05-09T09:47:00,https://on3static.com/uploads/assets/594/73/73594.jpeg,https://www.on3.com/db/treylin-payne-116322/,portal_industry_football_2024
Vito Tisdale,S,Colorado Buffaloes,,Entered,0,3.0,84.0,1648.0,186.0,2020,2024-04-17T11:40:00,https://on3static.com/uploads/dev/assets/698/2/2698.jpg,https://www.on3.com/db/vito-tisdale-119870/,portal_industry_football_2024
Shane Whitter,LB,Oklahoma Sooners,North Texas Mean Green,Committed,0,3.0,84.0,1649.0,183.0,2020,,https://on3static.com/uploads/assets/518/18/18518.jpeg,https://www.on3.com/db/shane-whitter-106549/,portal_industry_football_2024
Tevin Shaw,IOL,Houston Cougars,New Mexico Lobos,Committed,0,3.0,84.0,1650.0,147.0,2022,2024-06-05T13:09:00,https://on3static.com/uploads/assets/393/223/223393.png,https://www.on3.com/db/tevin-shaw-112003/,portal_industry_football_2024
Yusuf Terry,WR,USF Bulls,,Entered,0,3.0,84.0,1651.0,285.0,2019,2024-04-17T12:45:00,https://on3static.com/uploads/assets/171/17/17171.jpeg,https://www.on3.com/db/yusuf-terry-122422/,portal_industry_football_2024
Gabriel Arena,IOL,Virginia Tech Hokies,Buffalo Bulls,Committed,0,3.0,84.0,1652.0,153.0,2023,,https://on3static.com/uploads/assets/258/341/341258.png,https://www.on3.com/db/gabriel-arena-147060/,portal_industry_football_2024
Connor Henderson,LB,Cornell Big Red,North Texas Mean Green,Committed,0,3.0,84.0,1653.0,174.0,0,,https://on3static.com/uploads/assets/40/308/308040.png,https://www.on3.com/db/connor-henderson-242005/,portal_industry_football_2024
J.J. Davis,RB,Morgan State Bears,,Entered,0,3.0,84.0,1654.0,143.0,2019,2024-04-18T13:44:00,https://on3static.com/uploads/assets/196/308/308196.png,https://www.on3.com/db/jj-davis-242026/,portal_industry_football_2024
Champ Lewis,CB,TCU Horned Frogs,Tulsa Golden Hurricane,Committed,0,3.0,84.0,1655.0,227.0,2022,2024-05-11T10:15:00,https://on3static.com/uploads/assets/175/223/223175.png,https://www.on3.com/db/champ-lewis-102179/,portal_industry_football_2024
Torren Union,CB,New Mexico State Aggies,Utah State Aggies,Committed,0,3.0,84.0,1656.0,230.0,2019,2024-05-23T10:23:00,https://on3static.com/uploads/assets/820/98/98820.png,https://www.on3.com/db/torren-union-114140/,portal_industry_football_2024
Marqui Lowery Jr,CB,Michigan State Spartans,,Entered,0,3.0,84.0,1657.0,248.0,2020,2024-04-18T13:33:00,https://on3static.com/uploads/assets/173/235/235173.png,https://www.on3.com/db/marqui-lowery-jr-84087/,portal_industry_football_2024
Collin Vaughn,DL,Limestone University Saints,Utah State Aggies,Committed,0,3.0,84.0,1658.0,206.0,2020,2024-05-21T11:23:00,,https://www.on3.com/db/collin-vaughn-242043/,portal_industry_football_2024
Ugo Nosike,DL,Eastern Michigan Eagles,,Entered,0,3.0,84.0,1659.0,201.0,2020,2024-04-19T12:10:00,https://on3static.com/uploads/dev/assets/842/6/6842.jpg,https://www.on3.com/db/ugo-nosike-119156/,portal_industry_football_2024
Charlie Williams,TE,UNLV Rebels,Colorado Buffaloes,Committed,0,3.0,84.0,1660.0,100.0,2023,2024-04-19T16:38:00,https://on3static.com/uploads/assets/811/308/308811.png,https://www.on3.com/db/charlie-williams-175512/,portal_industry_football_2024
John Ward,EDGE,Utah State Aggies,San Jose State Spartans,Committed,0,3.0,84.0,1661.0,134.0,2019,2024-07-29T13:58:00,https://on3static.com/uploads/dev/assets/359/5/5359.jpg,https://www.on3.com/db/john-ward-63717/,portal_industry_football_2024
Iverson Celestine,RB,Tulane Green Wave,South Alabama Jaguars,Committed,0,3.0,84.0,1662.0,153.0,2021,2024-05-23T13:15:00,https://on3static.com/uploads/assets/110/74/74110.jpeg,https://www.on3.com/db/iverson-celestine-50143/,portal_industry_football_2024
Maxie Baudoin IV,DL,Tulane Green Wave,Louisiana Ragin Cajuns,Committed,0,3.0,84.0,1663.0,196.0,2022,,https://on3static.com/uploads/assets/7/215/215007.jpeg,https://www.on3.com/db/maxie-baudoin-iv-86783/,portal_industry_football_2024
Israel Polk,WR,Pittsburgh Panthers,Akron Zips,Committed,0,3.0,84.0,1665.0,258.0,2023,2024-05-22T12:26:00,https://on3static.com/uploads/assets/488/308/308488.png,https://www.on3.com/db/israel-polk-50040/,portal_industry_football_2024
Taylor Love,LB,Tulane Green Wave,,Entered,0,3.0,84.0,1666.0,204.0,2022,2024-04-22T13:14:00,https://on3static.com/uploads/assets/797/214/214797.jpeg,https://www.on3.com/db/taylor-love-110824/,portal_industry_football_2024
Clifton Mosley,DL,Utah State Aggies,,Entered,0,3.0,84.0,1667.0,190.0,2020,2024-04-22T12:59:00,,https://www.on3.com/db/clifton-mosley-24079/,portal_industry_football_2024
Davon Banks,CB,Washington Huskies,Boise State Broncos,Committed,0,3.0,84.0,1668.0,262.0,2021,2024-05-22T15:55:00,https://on3static.com/uploads/assets/613/16/16613.jpeg,https://www.on3.com/db/davon-banks-32422/,portal_industry_football_2024
Jon Maye,LB,Lenoir-Rhyne Bears,Utah State Aggies,Committed,0,3.0,84.0,1669.0,186.0,2020,2024-05-16T09:52:00,,https://www.on3.com/db/jon-maye-242106/,portal_industry_football_2024
David Holloman,RB,Indiana Hoosiers,,Entered,0,3.0,84.0,1670.0,171.0,2021,2024-04-23T10:45:00,https://on3static.com/uploads/assets/975/15/15975.jpeg,https://www.on3.com/db/david-holloman-31760/,portal_industry_football_2024
Brandon Guzman,CB,Colorado State Rams,,Entered,0,3.0,84.0,1671.0,229.0,2020,2024-04-24T08:58:00,https://on3static.com/uploads/assets/79/310/310079.png,https://www.on3.com/db/brandon-guzman-12557/,portal_industry_football_2024
Mehki Wall,WR,Duke Blue Devils,North Carolina Central Eagles,Committed,0,3.0,84.0,1672.0,253.0,2022,2024-05-02T15:40:00,https://on3static.com/uploads/assets/989/85/85989.jpg,https://www.on3.com/db/mehki-wall-86930/,portal_industry_football_2024
Tylon Dunlap,EDGE,Georgia State Panthers,,Entered,0,3.0,84.0,1673.0,138.0,2021,2024-04-24T11:27:00,https://on3static.com/uploads/assets/717/173/173717.png,https://www.on3.com/db/tylon-dunlap-118293/,portal_industry_football_2024
Cheikh Fall,LB,Eastern Kentucky Colonels,California Golden Bears,Committed,0,3.0,84.0,1674.0,213.0,2020,2024-05-15T09:58:00,https://on3static.com/uploads/assets/982/315/315982.png,https://www.on3.com/db/cheikh-fall-190209/,portal_industry_football_2024
Jonah Rodriguez,IOL,San Diego State Aztecs,Arizona Wildcats,Committed,0,3.0,84.0,1675.0,142.0,2023,2024-05-06T10:32:00,https://on3static.com/uploads/assets/157/310/310157.png,https://www.on3.com/db/jonah-rodriguez-64465/,portal_industry_football_2024
Lawrence Falatea,EDGE,Washington State Cougars,Utah State Aggies,Committed,0,3.0,84.0,1676.0,116.0,2021,2024-05-21T11:05:00,https://on3static.com/uploads/assets/634/16/16634.jpeg,https://www.on3.com/db/lawrence-falatea-78615/,portal_industry_football_2024
Jalen Rouse,RB,Tennessee State Tigers,,Entered,0,3.0,84.0,1677.0,166.0,2020,2024-04-24T15:35:00,https://on3static.com/uploads/assets/281/310/310281.jpeg,https://www.on3.com/db/jalen-rouse-242155/,portal_industry_football_2024
Jordan Robinson,CB,Kentucky Wildcats,Cincinnati Bearcats,Committed,0,3.0,84.0,1678.0,258.0,2021,,https://on3static.com/uploads/assets/314/334/334314.png,https://www.on3.com/db/jordan-robinson-65964/,portal_industry_football_2024
Garner Langlo,OT,Auburn Tigers,Appalachian State Mountaineers,Committed,0,3.0,85.0,1679.0,91.0,2021,2024-04-30T13:12:00,https://on3static.com/uploads/assets/995/17/17995.jpeg,https://www.on3.com/db/garner-langlo-44841/,portal_industry_football_2024
Elijah Mc-Cantos,CB,Illinois Fighting Illini,Appalachian State Mountaineers,Committed,0,3.0,85.0,1680.0,210.0,2022,2024-05-06T10:35:00,https://on3static.com/uploads/assets/28/176/176028.jpeg,https://www.on3.com/db/elijah-mc-cantos-41263/,portal_industry_football_2024
Ethan Pouncey,CB,Florida Gators,Georgia Southern Eagles,Committed,0,3.0,84.0,1681.0,225.0,2020,2024-06-02T10:14:00,https://on3static.com/uploads/assets/172/240/240172.png,https://www.on3.com/db/ethan-pouncey-43012/,portal_industry_football_2024
Tarian Lee Jr.,LB,Georgia Southern Eagles,SMU Mustangs,Committed,0,3.0,84.0,1682.0,185.0,2019,2024-06-21T11:53:00,https://on3static.com/uploads/dev/assets/75/5/5075.jpg,https://www.on3.com/db/tarian-lee-jr-110278/,portal_industry_football_2024
Dorien Ford,IOL,Pittsburgh Panthers,,Entered,0,3.0,84.0,1683.0,150.0,2021,2024-04-25T09:54:00,https://on3static.com/uploads/assets/368/16/16368.jpeg,https://www.on3.com/db/dorien-ford-38604/,portal_industry_football_2024
James Wilborn Jr.,EDGE,Boise State Broncos,,Entered,0,3.0,84.0,1684.0,136.0,2021,2024-04-25T15:07:00,https://on3static.com/uploads/assets/510/310/310510.png,https://www.on3.com/db/james-wilborn-jr-56041/,portal_industry_football_2024
Jordan Castleberry,RB,UT Martin Skyhawks,Akron Zips,Committed,0,3.0,84.0,1685.0,168.0,2019,2024-07-27T10:32:00,https://on3static.com/uploads/assets/648/310/310648.png,https://www.on3.com/db/jordan-castleberry-65313/,portal_industry_football_2024
Caleb Otlewski,EDGE,San Diego State Aztecs,,Entered,0,3.0,84.0,1686.0,124.0,2023,2024-04-26T11:39:00,https://on3static.com/uploads/assets/687/37/37687.jpeg,https://www.on3.com/db/caleb-otlewski-150231/,portal_industry_football_2024
Sean Boyle,QB,West Virginia Mountaineers,,Entered,0,3.0,84.0,1687.0,152.0,2023,2024-04-26T09:44:00,https://on3static.com/uploads/assets/90/305/305090.png,https://www.on3.com/db/sean-boyle-147717/,portal_industry_football_2024
Tramel Logan,EDGE,USF Bulls,Louisville Cardinals,Committed,0,3.0,88.0,1688.0,34.0,2020,2024-04-30T14:29:00,https://on3static.com/uploads/assets/68/216/216068.png,https://www.on3.com/db/tramel-logan-114404/,portal_industry_football_2024
Orlando Greenlow,WR,Indiana Hoosiers,,Entered,0,3.0,84.0,1689.0,296.0,2023,2024-04-26T19:56:00,,https://www.on3.com/db/orlando-greenlow-147513/,portal_industry_football_2024
Antonio Ferguson,TE,East Carolina Pirates,FIU Golden Panthers,Committed,0,3.0,84.0,1690.0,99.0,2023,,https://on3static.com/uploads/assets/894/213/213894.jpeg,https://www.on3.com/db/antonio-ferguson-153865/,portal_industry_football_2024
Jonathan Perkins,LB,Marshall Thundering Herd,,Entered,0,3.0,84.0,1691.0,212.0,2019,2024-04-29T15:16:00,https://on3static.com/uploads/assets/245/17/17245.jpeg,https://www.on3.com/db/jonathan-perkins-64853/,portal_industry_football_2024
Demetrius Freeney,CB,Miami Hurricanes,Arizona Wildcats,Committed,0,3.0,82.0,1692.0,349.0,2022,2024-05-19T21:20:00,https://on3static.com/uploads/assets/456/222/222456.jpg,https://www.on3.com/db/demetrius-freeney-33954/,portal_industry_football_2024
Bryce Simpson,OT,Baylor Bears,,Entered,0,3.0,84.0,1693.0,137.0,2022,2024-04-29T16:49:00,https://on3static.com/uploads/assets/67/209/209067.jpeg,https://www.on3.com/db/bryce-simpson-15928/,portal_industry_football_2024
Demarkcus Bowman,RB,UCF Knights,,Entered,0,3.0,84.0,1694.0,142.0,2020,2024-04-30T10:15:00,https://on3static.com/uploads/assets/805/18/18805.jpeg,https://www.on3.com/db/demarkcus-bowman-33810/,portal_industry_football_2024
Chaz Ah You,LB,BYU Cougars,,Entered,0,3.0,84.0,1696.0,184.0,2017,2024-04-30T13:17:00,https://on3static.com/uploads/dev/assets/877/2/2877.jpg,https://www.on3.com/db/chaz-ah-you-20983/,portal_industry_football_2024
Jayden Williams,CB,Miami (OH) RedHawks,,Entered,0,3.0,84.0,1697.0,253.0,2019,2024-04-30T13:15:00,https://on3static.com/uploads/assets/461/17/17461.jpeg,https://www.on3.com/db/jayden-williams-58722/,portal_industry_football_2024
River Hanson,S,Duke Blue Devils,,Entered,0,3.0,84.0,1698.0,210.0,2023,2024-04-30T14:06:00,https://on3static.com/uploads/assets/820/164/164820.png,https://www.on3.com/db/river-hanson-150855/,portal_industry_football_2024
Skielar Mann,LB,Ole Miss Rebels,,Entered,0,3.0,84.0,1699.0,211.0,2023,2024-04-30T16:12:00,https://on3static.com/uploads/assets/784/296/296784.png,https://www.on3.com/db/skielar-mann-151766/,portal_industry_football_2024
Gavin Freeman,WR,Oklahoma Sooners,Oklahoma State Cowboys,Committed,0,3.0,84.0,1701.0,295.0,2022,2024-05-05T12:43:00,https://on3static.com/uploads/assets/214/86/86214.jpeg,https://www.on3.com/db/gavin-freeman-147050/,portal_industry_football_2024
Golden Israel-Achumba,IOL,Penn State Nittany Lions,,Entered,0,3.0,84.0,1703.0,145.0,2020,2024-05-02T13:38:00,https://on3static.com/uploads/assets/420/222/222420.png,https://www.on3.com/db/golden-israel-achumba-143897/,portal_industry_football_2024
Jordan Whitney,LB,Washington Huskies,,Entered,0,3.0,84.0,1704.0,177.0,2023,2024-05-02T12:47:00,https://on3static.com/uploads/assets/293/219/219293.png,https://www.on3.com/db/jordan-whitney-151308/,portal_industry_football_2024
Jack Shields,QB,Old Dominion Monarchs,Buffalo Bulls,Committed,0,3.0,84.0,1705.0,135.0,2021,2024-05-06T10:08:00,https://on3static.com/uploads/assets/471/494/494471.jpg,https://www.on3.com/db/jack-shields-51332/,portal_industry_football_2024
Ivan Yates,CB,Furman Paladins,Colorado Buffaloes,Committed,0,3.0,84.0,1707.0,235.0,2020,2024-05-06T13:00:00,https://on3static.com/uploads/assets/657/313/313657.png,https://www.on3.com/db/ivan-yates-50140/,portal_industry_football_2024
Khary Crump,CB,Michigan State Spartans,Houston Christian Huskies,Committed,0,3.0,84.0,1708.0,231.0,2020,,https://on3static.com/uploads/assets/186/235/235186.png,https://www.on3.com/db/khary-crump-74996/,portal_industry_football_2024
Ahmarian Granger,WR,Old Dominion Monarchs,Akron Zips,Committed,0,3.0,84.0,1709.0,257.0,2022,2024-06-01T09:56:00,https://on3static.com/uploads/assets/176/171/171176.png,https://www.on3.com/db/ahmarian-granger-1924/,portal_industry_football_2024
Drew Tuazama,EDGE,South Carolina Gamecocks,UCLA Bruins,Committed,0,3.0,84.0,1710.0,115.0,2018,2024-06-22T21:20:00,https://on3static.com/uploads/assets/10/257/257010.png,https://www.on3.com/db/drew-tuazama-39207/,portal_industry_football_2024
Jimmy Wyrick,S,Stanford Cardinal,UTSA Roadrunners,Committed,0,3.0,84.0,1711.0,206.0,2021,2024-05-01T15:02:00,https://on3static.com/uploads/assets/549/16/16549.jpeg,https://www.on3.com/db/jimmy-wyrick-61838/,portal_industry_football_2024
Andy Nwaoko,EDGE,Boise State Broncos,Middle Tennessee State Blue Raiders,Committed,0,3.0,84.0,1712.0,140.0,2022,,,https://www.on3.com/db/andy-nwaoko-159554/,portal_industry_football_2024
Colin Truett,OT,Chattanooga Mocs,Baylor Bears,Committed,0,3.0,84.0,1713.0,124.0,2018,2024-06-13T18:43:00,,https://www.on3.com/db/colin-truett-242940/,portal_industry_football_2024
Myron Warren,DL,Texas State Bobcats,,Entered,0,3.0,84.0,1714.0,191.0,2019,2024-05-13T11:57:00,https://on3static.com/uploads/assets/243/174/174243.png,https://www.on3.com/db/myron-warren-90846/,portal_industry_football_2024
AJ Thomas,EDGE,Tulane Green Wave,McNeese State Cowboys,Committed,0,3.0,84.0,1715.0,117.0,2023,2024-05-15T08:38:00,https://on3static.com/uploads/assets/786/51/51786.jpeg,https://www.on3.com/db/aj-thomas-152149/,portal_industry_football_2024
Al Wooten II,RB,Mercer Bears,Duke Blue Devils,Committed,0,3.0,84.0,1716.0,145.0,2020,2024-05-20T17:08:00,https://on3static.com/uploads/assets/356/317/317356.png,https://www.on3.com/db/al-wooten-ii-2411/,portal_industry_football_2024
Jason Essex,WR,Iowa State Cyclones,Tarleton State Texans,Committed,0,3.0,84.0,1717.0,256.0,2022,2024-05-27T15:54:00,https://on3static.com/uploads/assets/847/225/225847.png,https://www.on3.com/db/jason-essex-57525/,portal_industry_football_2024
Jackson Stratton,QB,Colorado State Rams,Iowa Hawkeyes,Committed,0,3.0,84.0,1718.0,151.0,2022,2024-06-01T21:47:00,https://on3static.com/uploads/assets/931/394/394931.JPG,https://www.on3.com/db/jackson-stratton-51714/,portal_industry_football_2024
Seth McGowan,RB,Oklahoma Sooners,New Mexico State Aggies,Committed,0,3.0,84.0,1719.0,172.0,2020,2024-05-23T15:31:00,https://on3static.com/uploads/assets/519/18/18519.jpeg,https://www.on3.com/db/seth-mcgowan-106051/,portal_industry_football_2024
Jordan Hall,IOL,Monmouth Hawks,Liberty Flames,Committed,0,3.0,84.0,1720.0,164.0,2020,2024-05-24T12:48:00,https://on3static.com/uploads/assets/72/390/390072.png,https://www.on3.com/db/jordan-hall-243440/,portal_industry_football_2024
Charles Brown,WR,Texas State Bobcats,Nevada Wolf Pack,Committed,0,3.0,84.0,1721.0,297.0,2020,2024-06-18T11:41:00,https://on3static.com/uploads/assets/984/67/67984.jpg,https://www.on3.com/db/charles-brown-20044/,portal_industry_football_2024
Mike Barr,IOL,Lafayette Leopards,Duke Blue Devils,Committed,0,3.0,86.0,1722.0,111.0,2020,2024-01-30T15:33:00,https://on3static.com/uploads/assets/899/261/261899.png,https://www.on3.com/db/mike-barr-238996/,portal_industry_football_2024
Cole Snyder,QB,Buffalo Bulls,Eastern Michigan Eagles,Committed,0,3.0,86.0,1723.0,87.0,2019,2024-01-09T12:39:00,https://on3static.com/uploads/dev/assets/954/9/9954.jpg,https://www.on3.com/db/cole-snyder-24864/,portal_industry_football_2024
Zaylin Wood,DL,Middle Tennessee State Blue Raiders,Vanderbilt Commodores,Committed,0,3.0,86.0,1724.0,88.0,2019,2023-11-28T20:01:00,https://on3static.com/uploads/assets/70/262/262070.png,https://www.on3.com/db/zaylin-wood-123664/,portal_industry_football_2024
Sterling Porcher,OT,Middle Tennessee State Blue Raiders,Texas Tech Red Raiders,Committed,0,3.0,86.0,1725.0,68.0,2020,2023-12-19T11:40:00,https://on3static.com/uploads/assets/495/262/262495.png,https://www.on3.com/db/sterling-porcher-150531/,portal_industry_football_2024
Kyirin Heath,TE,Ole Miss Rebels,Southern Miss Golden Eagles,Committed,0,3.0,86.0,1726.0,48.0,2022,2023-12-26T12:04:00,https://on3static.com/uploads/assets/643/264/264643.png,https://www.on3.com/db/kyirin-heath-76338/,portal_industry_football_2024
Max Brown,QB,Florida Gators,Charlotte 49ers,Committed,0,3.0,86.0,1727.0,81.0,2022,2023-12-11T17:11:00,https://on3static.com/uploads/assets/794/93/93794.jpg,https://www.on3.com/db/max-brown-146246/,portal_industry_football_2024
Tyson Durant,CB,Akron Zips,Washington State Cougars,Committed,0,3.0,87.0,1728.0,91.0,2020,2024-01-07T12:03:00,https://on3static.com/uploads/assets/281/265/265281.png,https://www.on3.com/db/tyson-durant-157753/,portal_industry_football_2024
Keontez Lewis,WR,Wisconsin Badgers,Southern Illinois Salukis,Committed,0,3.0,86.0,1729.0,173.0,2021,2024-01-22T17:30:00,https://on3static.com/uploads/assets/772/18/18772.jpeg,https://www.on3.com/db/keontez-lewis-73679/,portal_industry_football_2024
Carson Bruno,OT,Louisiana Tech Bulldogs,TCU Horned Frogs,Committed,0,3.0,86.0,1730.0,62.0,2021,2023-12-07T12:05:00,https://on3static.com/uploads/assets/109/266/266109.jpeg,https://www.on3.com/db/carson-bruno-18724/,portal_industry_football_2024
CJ Stokes,RB,Michigan Wolverines,Charlotte 49ers,Committed,0,3.0,86.0,1731.0,74.0,2022,2024-01-10T16:14:00,https://on3static.com/uploads/assets/107/23/23107.jpeg,https://www.on3.com/db/cj-stokes-23665/,portal_industry_football_2024
Jaden Dugger,S,Georgetown Hoyas,Louisiana Ragin Cajuns,Committed,0,3.0,87.0,1732.0,75.0,0,2023-12-20T12:36:00,https://on3static.com/uploads/assets/836/266/266836.png,https://www.on3.com/db/jaden-dugger-239223/,portal_industry_football_2024
Javier Derritt,DL,North Dakota State Bison,Kansas Jayhawks,Committed,0,3.0,86.0,1733.0,89.0,2019,2024-01-11T17:12:00,https://on3static.com/uploads/assets/346/271/271346.png,https://www.on3.com/db/javier-derritt-58043/,portal_industry_football_2024
Winston Wright,WR,Florida State Seminoles,East Carolina Pirates,Committed,0,3.0,86.0,1734.0,138.0,2019,2023-12-22T13:45:00,https://on3static.com/uploads/assets/267/242/242267.jpeg,https://www.on3.com/db/winston-wright-121702/,portal_industry_football_2024
Myles Jackson,EDGE,Indiana Hoosiers,Tulsa Golden Hurricane,Committed,0,3.0,86.0,1735.0,82.0,2020,2023-12-11T18:36:00,https://on3static.com/uploads/dev/assets/277/5/5277.jpg,https://www.on3.com/db/myles-jackson-144075/,portal_industry_football_2024
Jadarrius Perkins,S,Florida Gators,Toledo Rockets,Committed,0,3.0,86.0,1736.0,118.0,2019,2023-12-19T11:41:00,https://on3static.com/uploads/assets/173/240/240173.png,https://www.on3.com/db/jadarrius-perkins-52553/,portal_industry_football_2024
Jermarius Lewis,S,New Mexico Lobos,UTSA Roadrunners,Committed,0,3.0,87.0,1737.0,70.0,2022,2024-01-09T13:36:00,https://on3static.com/uploads/assets/894/178/178894.png,https://www.on3.com/db/jermarius-lewis-149902/,portal_industry_football_2024
Gerry Bohanon,QB,USF Bulls,BYU Cougars,Committed,0,3.0,86.0,1738.0,82.0,2018,2024-01-04T16:48:00,https://on3static.com/uploads/assets/101/18/18101.jpeg,https://www.on3.com/db/gerry-bohanon-46022/,portal_industry_football_2024
Jordan Houston,RB,NC State Wolfpack,Marshall Thundering Herd,Committed,0,3.0,86.0,1739.0,76.0,2019,2023-12-20T13:53:00,https://on3static.com/uploads/assets/807/163/163807.jpeg,https://www.on3.com/db/jordan-houston-141909/,portal_industry_football_2024
Omari Kelly,WR,Auburn Tigers,Middle Tennessee State Blue Raiders,Committed,0,3.0,86.0,1740.0,145.0,2022,2023-12-18T16:06:00,https://on3static.com/uploads/assets/365/440/440365.png,https://www.on3.com/db/omari-kelly-94446/,portal_industry_football_2024
Taurean Carter,DL,Arkansas Razorbacks,Colorado Buffaloes,Committed,0,3.0,86.0,1741.0,90.0,2019,2024-01-11T13:12:00,https://on3static.com/uploads/dev/assets/177/2/2177.jpg,https://www.on3.com/db/taurean-carter-110455/,portal_industry_football_2024
Logan Kyle,WR,Vanderbilt Commodores,James Madison Dukes,Committed,0,3.0,86.0,1742.0,134.0,2020,2024-01-25T10:24:00,https://on3static.com/uploads/dev/assets/732/5/5732.jpg,https://www.on3.com/db/logan-kyle-79773/,portal_industry_football_2024
Isaiah Taylor,S,Arizona Wildcats,Miami Hurricanes,Committed,0,3.0,86.0,1744.0,91.0,2021,2024-01-11T13:13:00,https://on3static.com/uploads/assets/469/16/16469.jpeg,https://www.on3.com/db/isaiah-taylor-49798/,portal_industry_football_2024
Xavion Brice,S,Texas Longhorns,North Texas Mean Green,Committed,0,3.0,86.0,1745.0,120.0,2022,2023-12-09T11:32:00,https://on3static.com/uploads/assets/898/83/83898.png,https://www.on3.com/db/xavion-brice-122229/,portal_industry_football_2024
Andrew Savaiinaea,TE,Florida Gators,Nevada Wolf Pack,Committed,0,3.0,85.0,1746.0,69.0,2022,2024-01-07T16:39:00,https://on3static.com/uploads/assets/799/93/93799.jpg,https://www.on3.com/db/andrew-savaiinaea-5371/,portal_industry_football_2024
Brice Bass,EDGE,Gardner-Webb Runnin' Bulldogs,Texas State Bobcats,Committed,0,3.0,87.0,1747.0,57.0,2020,2023-12-20T09:48:00,https://on3static.com/uploads/assets/904/275/275904.png,https://www.on3.com/db/brice-bass-14874/,portal_industry_football_2024
Porter Rooks,WR,NC State Wolfpack,Eastern Michigan Eagles,Committed,0,3.0,86.0,1748.0,177.0,2020,2023-12-12T15:26:00,https://on3static.com/uploads/dev/assets/235/10/10235.jpg,https://www.on3.com/db/porter-rooks-96765/,portal_industry_football_2024
Marlon Martinez,IOL,LSU Tigers,Mississippi State Bulldogs,Committed,0,3.0,85.0,1750.0,126.0,2020,2023-12-19T11:24:00,https://on3static.com/uploads/assets/664/18/18664.png,https://www.on3.com/db/marlon-martinez-83867/,portal_industry_football_2024
George Gumbs,EDGE,Northern Illinois Huskies,Florida Gators,Committed,0,3.0,86.0,1751.0,67.0,2021,2024-01-04T15:45:00,https://on3static.com/uploads/assets/932/287/287932.png,https://www.on3.com/db/george-gumbs-45695/,portal_industry_football_2024
Kyle Maxwell,WR,Louisiana Tech Bulldogs,Washington State Cougars,Committed,0,3.0,86.0,1752.0,185.0,2019,2024-01-09T11:40:00,https://on3static.com/uploads/assets/144/267/267144.jpeg,https://www.on3.com/db/kyle-maxwell-76767/,portal_industry_football_2024
Jacob Busic,EDGE,Navy Midshipmen,UCLA Bruins,Committed,0,3.0,85.0,1753.0,106.0,2019,2024-01-06T09:15:00,https://on3static.com/uploads/assets/120/444/444120.png,https://www.on3.com/db/jacob-busic-51834/,portal_industry_football_2024
Malcolm Ray,DL,Florida State Seminoles,Rutgers Scarlet Knights,Committed,0,3.0,85.0,1754.0,146.0,2019,2024-01-06T09:35:00,https://on3static.com/uploads/assets/232/242/242232.jpeg,https://www.on3.com/db/malcolm-ray-81610/,portal_industry_football_2024
Nikhil Webb Walker,LB,New Mexico State Aggies,Colorado Buffaloes,Committed,0,3.0,86.0,1755.0,85.0,2022,2024-01-12T13:30:00,https://on3static.com/uploads/assets/172/276/276172.png,https://www.on3.com/db/nikhil-webb-walker-179893/,portal_industry_football_2024
Kyndrich Breedlove,CB,Colorado Buffaloes,Purdue Boilermakers,Committed,0,3.0,84.0,1756.0,234.0,2021,2024-01-07T15:39:00,https://on3static.com/uploads/assets/223/472/472223.jpg,https://www.on3.com/db/kyndrich-breedlove-77193/,portal_industry_football_2024
Jakiah Leftwich,OT,Georgia Tech Yellow Jackets,North Carolina Tar Heels,Committed,0,3.0,86.0,1757.0,76.0,2021,2024-02-04T15:18:00,https://on3static.com/uploads/assets/280/16/16280.jpeg,https://www.on3.com/db/jakiah-leftwich-53996/,portal_industry_football_2024
Naejuan Barber,DL,South Carolina State Bulldogs,Coastal Carolina Chanticleers,Committed,0,3.0,86.0,1758.0,122.0,2021,,https://on3static.com/uploads/assets/637/275/275637.png,https://www.on3.com/db/naejuan-barber-239640/,portal_industry_football_2024
Sedarius McConnell,DL,Illinois Fighting Illini,Boston College Eagles,Committed,0,3.0,84.0,1759.0,205.0,2021,2024-01-09T16:13:00,https://on3static.com/uploads/dev/assets/15/6/6015.jpg,https://www.on3.com/db/sedarius-mcconnell-105792/,portal_industry_football_2024
Jaivion Green,CB,Washington Huskies,Stanford Cardinal,Committed,0,3.0,85.0,1760.0,194.0,2022,2024-01-14T21:30:00,https://on3static.com/uploads/assets/238/223/223238.png,https://www.on3.com/db/jaivion-green-53231/,portal_industry_football_2024
Eric Schon,IOL,Holy Cross Crusaders,Duke Blue Devils,Committed,0,3.0,86.0,1761.0,82.0,2020,2024-01-29T10:28:00,https://on3static.com/uploads/assets/205/281/281205.png,https://www.on3.com/db/eric-schon-188204/,portal_industry_football_2024
Michael Wooten,OT,Oregon Ducks,Arizona Wildcats,Committed,0,3.0,86.0,1762.0,53.0,2022,2024-04-28T14:51:00,https://on3static.com/uploads/assets/102/22/22102.jpeg,https://www.on3.com/db/michael-wooten-88566/,portal_industry_football_2024
Justin Harrington,CB,Oklahoma Sooners,Washington Huskies,Committed,0,3.0,85.0,1763.0,193.0,2018,2024-04-30T11:26:00,https://on3static.com/uploads/assets/513/18/18513.jpeg,https://www.on3.com/db/justin-harrington-69413/,portal_industry_football_2024
Jason Duclona,CB,UCF Knights,Liberty Flames,Committed,0,3.0,85.0,1764.0,212.0,2023,2024-05-19T08:19:00,https://on3static.com/uploads/assets/327/572/572327.png,https://www.on3.com/db/jason-duclona-57515/,portal_industry_football_2024
Juju Lewis,WR,Georgia Tech Yellow Jackets,FIU Golden Panthers,Committed,0,3.0,84.0,1766.0,273.0,2022,2024-01-05T15:03:00,https://on3static.com/uploads/assets/431/86/86431.jpg,https://www.on3.com/db/juju-lewis-68816/,portal_industry_football_2024
Teagan Wilk,S,East Carolina Pirates,Houston Cougars,Committed,0,3.0,86.0,1767.0,140.0,2020,,https://on3static.com/uploads/assets/148/394/394148.png,https://www.on3.com/db/teagan-wilk-111022/,portal_industry_football_2024
Nick James,DL,Indiana Hoosiers,Pittsburgh Panthers,Committed,0,3.0,87.0,1768.0,74.0,2022,2023-12-17T16:55:00,https://on3static.com/uploads/assets/549/308/308549.png,https://www.on3.com/db/nick-james-144878/,portal_industry_football_2024
Ryland Goede,TE,Mississippi State Bulldogs,Georgia Tech Yellow Jackets,Committed,0,3.0,86.0,1769.0,60.0,2019,2023-12-14T21:16:00,https://on3static.com/uploads/dev/assets/649/2/2649.jpg,https://www.on3.com/db/ryland-goede-103987/,portal_industry_football_2024
Zarian McGill,IOL,Louisiana-Monroe Warhawks,Louisiana Tech Bulldogs,Committed,0,3.0,87.0,1770.0,54.0,2020,2023-12-17T17:15:00,https://on3static.com/uploads/assets/592/263/263592.jpeg,https://www.on3.com/db/zarian-mcgill-149942/,portal_industry_football_2024
Mumu Bin-Wahad,CB,Connecticut Huskies,Georgia State Panthers,Committed,0,3.0,87.0,1771.0,66.0,2022,2024-04-10T11:03:00,https://on3static.com/uploads/assets/810/85/85810.jpeg,https://www.on3.com/db/mumu-bin-wahad-90531/,portal_industry_football_2024
Kolbey Taylor,CB,Wyoming Cowboys,Vanderbilt Commodores,Committed,0,3.0,86.0,1772.0,159.0,2021,2023-12-10T20:16:00,https://on3static.com/uploads/assets/647/264/264647.png,https://www.on3.com/db/kolbey-taylor-75720/,portal_industry_football_2024
Dakota White,IOL,Louisiana Tech Bulldogs,Houston Cougars,Committed,0,3.0,87.0,1773.0,59.0,2020,2023-12-20T12:17:00,https://on3static.com/uploads/assets/47/268/268047.jpeg,https://www.on3.com/db/dakota-white-28093/,portal_industry_football_2024
Braylon Braxton,QB,Tulsa Golden Hurricane,Marshall Thundering Herd,Committed,0,3.0,86.0,1774.0,84.0,2021,2023-12-22T13:45:00,https://on3static.com/uploads/assets/968/12/12968.jpeg,https://www.on3.com/db/braylon-braxton-13611/,portal_industry_football_2024
James Hansen,EDGE,Nevada Wolf Pack,Texas Tech Red Raiders,Committed,0,3.0,86.0,1775.0,74.0,2018,2024-01-06T09:27:00,https://on3static.com/uploads/assets/583/273/273583.png,https://www.on3.com/db/james-hansen-55605/,portal_industry_football_2024
Desmyn Baker,LB,Western Kentucky Hilltoppers,Southern Miss Golden Eagles,Committed,0,3.0,87.0,1776.0,65.0,2019,2023-12-22T13:56:00,https://on3static.com/uploads/assets/303/88/88303.jpg,https://www.on3.com/db/desmyn-baker-35661/,portal_industry_football_2024
Dorian Hopkins,LB,Tulsa Golden Hurricane,UTEP Miners,Committed,0,3.0,84.0,1777.0,194.0,2019,2024-01-08T13:15:00,https://on3static.com/uploads/assets/44/75/75044.jpeg,https://www.on3.com/db/dorian-hopkins-38565/,portal_industry_football_2024
Norman Massey,LB,Louisiana-Monroe Warhawks,,Entered,0,3.0,84.0,1778.0,192.0,0,2023-12-03T15:22:00,https://on3static.com/uploads/assets/427/264/264427.png,https://www.on3.com/db/norman-massey-159365/,portal_industry_football_2024
Saveon Brown,S,Western Michigan Broncos,Buffalo Bulls,Committed,0,3.0,83.0,1779.0,216.0,2022,2024-01-11T21:54:00,https://on3static.com/uploads/assets/609/264/264609.jpeg,https://www.on3.com/db/saveon-brown-104936/,portal_industry_football_2024
Justin Holmes,TE,Kent State Golden Flashes,Marshall Thundering Herd,Committed,0,3.0,87.0,1780.0,35.0,2022,2023-12-14T14:01:00,https://on3static.com/uploads/assets/535/435/435535.jpg,https://www.on3.com/db/justin-holmes-149972/,portal_industry_football_2024
Dekel Crowdus,WR,Kentucky Wildcats,Hawaii Rainbow Warriors,Committed,0,3.0,87.0,1781.0,114.0,2021,2024-01-19T08:39:00,https://on3static.com/uploads/assets/663/15/15663.jpeg,https://www.on3.com/db/dekel-crowdus-33482/,portal_industry_football_2024
Ryan Barnes,CB,Notre Dame Fighting Irish,Massachusetts Minutemen,Committed,0,3.0,83.0,1782.0,274.0,2021,2024-01-15T16:46:00,https://on3static.com/uploads/assets/845/235/235845.jpeg,https://www.on3.com/db/ryan-barnes-102891/,portal_industry_football_2024
Beau Sparks,WR,Utah Tech Trailblazers,Texas State Bobcats,Committed,0,3.0,87.0,1783.0,117.0,2023,2023-12-20T09:55:00,https://on3static.com/uploads/assets/832/142/142832.jpeg,https://www.on3.com/db/beau-sparks-175885/,portal_industry_football_2024
Dylan Frazier,DL,SMU Mustangs,Sam Houston State Bearkats,Committed,0,3.0,85.0,1784.0,148.0,2022,2024-01-04T15:04:00,https://on3static.com/uploads/assets/159/219/219159.jpg,https://www.on3.com/db/dylan-frazier-39891/,portal_industry_football_2024
Jayden York,TE,Texas Tech Red Raiders,Houston Cougars,Committed,0,3.0,83.0,1785.0,119.0,2020,2024-01-07T09:23:00,https://on3static.com/uploads/assets/250/167/167250.png,https://www.on3.com/db/jayden-york-58729/,portal_industry_football_2024
Jamoi Mayes,WR,Chattanooga Mocs,Cincinnati Bearcats,Committed,0,3.0,87.0,1786.0,76.0,2020,,https://on3static.com/uploads/assets/840/266/266840.jpeg,https://www.on3.com/db/jamoi-mayes-56307/,portal_industry_football_2024
George Maile,IOL,Baylor Bears,Utah State Aggies,Committed,0,3.0,82.0,1787.0,199.0,2022,2023-12-07T16:25:00,https://on3static.com/uploads/assets/69/209/209069.jpeg,https://www.on3.com/db/george-maile-45715/,portal_industry_football_2024
Zach Marcheselli,LB,TCU Horned Frogs,Tulsa Golden Hurricane,Committed,0,3.0,84.0,1788.0,191.0,2019,2024-01-06T17:08:00,https://on3static.com/uploads/dev/assets/752/7/7752.jpg,https://www.on3.com/db/zach-marcheselli-122873/,portal_industry_football_2024
Jeremiah Vessel,CB,New Mexico State Aggies,UNLV Rebels,Committed,0,3.0,85.0,1789.0,208.0,2023,2024-01-05T13:20:00,,https://www.on3.com/db/jeremiah-vessel-60230/,portal_industry_football_2024
Tray Dunson,LB,Gardner-Webb Runnin' Bulldogs,UTEP Miners,Committed,0,3.0,84.0,1790.0,210.0,2019,2023-12-19T14:32:00,https://on3static.com/uploads/assets/856/265/265856.png,https://www.on3.com/db/tray-dunson-239178/,portal_industry_football_2024
Noah Collins,EDGE,Georgia Tech Yellow Jackets,Arkansas State Red Wolves,Committed,0,3.0,84.0,1791.0,119.0,2021,2024-01-10T16:21:00,https://on3static.com/uploads/assets/276/16/16276.jpeg,https://www.on3.com/db/noah-collins-93568/,portal_industry_football_2024
Heston Edwards,OT,Texas-Permian Basin Falcons,Coastal Carolina Chanticleers,Committed,0,3.0,85.0,1792.0,116.0,2021,,https://on3static.com/uploads/assets/494/340/340494.png,https://www.on3.com/db/heston-edwards-48123/,portal_industry_football_2024
Brannon Spector,WR,Clemson Tigers,Jacksonville State Gamecocks,Committed,0,3.0,84.0,1793.0,259.0,2019,2024-01-10T16:01:00,https://on3static.com/uploads/assets/764/17/17764.jpeg,https://www.on3.com/db/brannon-spector-13416/,portal_industry_football_2024
Andres Dewerk,OT,USC Trojans,Appalachian State Mountaineers,Committed,0,3.0,84.0,1794.0,136.0,2020,2024-05-04T10:29:00,https://on3static.com/uploads/assets/887/92/92887.png,https://www.on3.com/db/andres-dewerk-4808/,portal_industry_football_2024
Reese Mooney,QB,Liberty Flames,Louisiana-Monroe Warhawks,Committed,0,3.0,84.0,1795.0,130.0,2023,2024-05-31T09:45:00,https://on3static.com/uploads/assets/682/24/24682.jpg,https://www.on3.com/db/reese-mooney-99233/,portal_industry_football_2024
Carter Miller,IOL,James Madison Dukes,Louisiana-Monroe Warhawks,Committed,0,3.0,87.0,1796.0,63.0,2022,2023-12-19T13:51:00,https://on3static.com/uploads/assets/727/564/564727.PNG,https://www.on3.com/db/carter-miller-18921/,portal_industry_football_2024
LaDarrius Bishop,CB,Arkansas Razorbacks,UNLV Rebels,Committed,0,3.0,84.0,1797.0,238.0,2018,2024-01-14T11:35:00,https://on3static.com/uploads/dev/assets/134/2/2134.jpg,https://www.on3.com/db/ladarrius-bishop-77489/,portal_industry_football_2024
Joshua Black,IOL,Louisville Cardinals,Georgia State Panthers,Committed,0,3.0,84.0,1798.0,167.0,2019,2024-01-25T09:30:00,https://on3static.com/uploads/dev/assets/778/10/10778.jpg,https://www.on3.com/db/joshua-black-67828/,portal_industry_football_2024
Hayes Sutton,WR,Duke Blue Devils,Middle Tennessee State Blue Raiders,Committed,0,3.0,86.0,1799.0,180.0,2019,,https://on3static.com/uploads/assets/118/222/222118.png,https://www.on3.com/db/hayes-sutton-237609/,portal_industry_football_2024
Bryce Childress,WR,New Mexico State Aggies,Western Kentucky Hilltoppers,Committed,0,3.0,84.0,1800.0,292.0,2019,2024-04-22T12:17:00,https://on3static.com/uploads/assets/242/99/99242.jpg,https://www.on3.com/db/bryce-childress-15729/,portal_industry_football_2024
Derrick Shepard,DL,Cincinnati Bearcats,UAB Blazers,Committed,0,3.0,87.0,1801.0,81.0,2022,2024-05-07T11:25:00,https://on3static.com/uploads/assets/420/226/226420.png,https://www.on3.com/db/derrick-shepard-35191/,portal_industry_football_2024
David Conner,OT,Colorado Buffaloes,Texas State Bobcats,Committed,0,3.0,85.0,1802.0,118.0,2022,2024-05-28T15:57:00,https://on3static.com/uploads/assets/388/242/242388.jpeg,https://www.on3.com/db/david-conner-31557/,portal_industry_football_2024
Christopher Townsel,CB,USF Bulls,,Entered,0,3.0,84.0,1804.0,243.0,2020,2024-04-17T15:47:00,https://on3static.com/uploads/assets/89/216/216089.png,https://www.on3.com/db/christopher-townsel-23426/,portal_industry_football_2024
Jalyn Stanford,S,Houston Cougars,,Entered,0,3.0,83.0,1805.0,228.0,2023,2024-04-18T10:14:00,https://on3static.com/uploads/assets/380/223/223380.png,https://www.on3.com/db/jalyn-stanford-151885/,portal_industry_football_2024
Lonnie Johnson,TE,SMU Mustangs,,Entered,0,3.0,83.0,1806.0,130.0,2023,2024-04-18T08:36:00,https://on3static.com/uploads/assets/851/588/588851.jpg,https://www.on3.com/db/lonnie-johnson-146433/,portal_industry_football_2024
Jayden Hobson,OT,Mississippi State Bulldogs,,Entered,0,3.0,83.0,1808.0,164.0,2023,2024-04-23T12:53:00,https://on3static.com/uploads/assets/868/222/222868.png,https://www.on3.com/db/jayden-hobson-155022/,portal_industry_football_2024
Ryan Hoerstkamp,TE,Missouri Tigers,Middle Tennessee State Blue Raiders,Committed,0,3.0,84.0,1809.0,79.0,2021,,https://on3static.com/uploads/dev/assets/462/3/3462.jpg,https://www.on3.com/db/ryan-hoerstkamp-103291/,portal_industry_football_2024
LeDarrius Cox,DL,Indiana Hoosiers,UAB Blazers,Committed,0,3.0,86.0,1810.0,110.0,2019,2023-12-13T20:44:00,https://on3static.com/uploads/assets/62/18/18062.jpeg,https://www.on3.com/db/ledarrius-cox-78787/,portal_industry_football_2024
James Monds III,CB,Indiana Hoosiers,Middle Tennessee State Blue Raiders,Committed,0,3.0,86.0,1811.0,177.0,2022,2023-12-20T11:00:00,https://on3static.com/uploads/assets/549/587/587549.png,https://www.on3.com/db/james-monds-iii-55759/,portal_industry_football_2024
Nate Kapongo,DL,New Hampshire Wildcats,Akron Zips,Committed,0,3.0,86.0,1812.0,135.0,2019,2023-12-20T18:53:00,https://on3static.com/uploads/assets/39/262/262039.jpeg,https://www.on3.com/db/nate-kapongo-239017/,portal_industry_football_2024
Landon Peterson,OT,Texas Tech Red Raiders,North Texas Mean Green,Committed,0,3.0,85.0,1813.0,105.0,2019,2023-12-16T15:56:00,https://on3static.com/uploads/assets/449/18/18449.jpeg,https://www.on3.com/db/landon-peterson-78015/,portal_industry_football_2024
Jake Overman,TE,Oregon State Beavers,Pittsburgh Panthers,Committed,0,3.0,84.0,1814.0,90.0,2020,2023-12-19T19:39:00,https://on3static.com/uploads/dev/assets/129/6/6129.jpg,https://www.on3.com/db/jake-overman-53720/,portal_industry_football_2024
Enyce Sledge,DL,Auburn Tigers,Illinois Fighting Illini,Committed,0,3.0,85.0,1815.0,159.0,2022,2023-12-09T14:38:00,https://on3static.com/uploads/assets/697/162/162697.jpeg,https://www.on3.com/db/enyce-sledge-41910/,portal_industry_football_2024
Maurice Clipper Jr.,IOL,Tennessee Volunteers,Charlotte 49ers,Committed,0,3.0,85.0,1816.0,133.0,2022,2023-12-11T17:20:00,https://on3static.com/uploads/assets/722/386/386722.jpg,https://www.on3.com/db/maurice-clipper-jr-86347/,portal_industry_football_2024
Lyndon Cooper,IOL,NC State Wolfpack,Pittsburgh Panthers,Committed,0,3.0,86.0,1817.0,80.0,2021,2024-01-03T16:54:00,https://on3static.com/uploads/dev/assets/279/10/10279.jpg,https://www.on3.com/db/lyndon-cooper-81042/,portal_industry_football_2024
Geno VanDeMark,IOL,Michigan State Spartans,Alabama Crimson Tide,Committed,114739,3.0,86.0,1818.0,73.0,2021,2024-05-11T12:33:00,https://on3static.com/uploads/assets/236/235/235236.png,https://www.on3.com/db/geno-vandemark-45558/,portal_industry_football_2024
Justin Medlock,LB,Utah Utes,SMU Mustangs,Committed,0,3.0,85.0,1819.0,140.0,2022,2023-12-20T15:15:00,https://on3static.com/uploads/assets/109/333/333109.png,https://www.on3.com/db/justin-medlock-69580/,portal_industry_football_2024
Jaylen Lewis,CB,Arkansas Razorbacks,Temple Owls,Committed,0,3.0,86.0,1820.0,173.0,2022,2023-12-18T18:25:00,https://on3static.com/uploads/assets/224/72/72224.jpeg,https://www.on3.com/db/jaylen-lewis-58907/,portal_industry_football_2024
DJ Graham,CB,Oklahoma Sooners,Utah State Aggies,Committed,0,3.0,86.0,1821.0,160.0,2020,2024-02-07T10:06:00,https://on3static.com/uploads/assets/508/18/18508.jpeg,https://www.on3.com/db/dj-graham-37295/,portal_industry_football_2024
Valen Erickson,OT,Missouri Tigers,NC State Wolfpack,Committed,0,3.0,85.0,1822.0,89.0,2022,2023-12-09T20:15:00,https://on3static.com/uploads/assets/948/222/222948.png,https://www.on3.com/db/valen-erickson-119267/,portal_industry_football_2024
Donovan Westmoreland,EDGE,South Carolina Gamecocks,Kennesaw State Owls,Committed,0,3.0,86.0,1823.0,85.0,2022,2024-01-07T20:12:00,https://on3static.com/uploads/assets/999/256/256999.png,https://www.on3.com/db/donovan-westmoreland-38269/,portal_industry_football_2024
Anterio Thompson,DL,Iowa Hawkeyes,Western Michigan Broncos,Committed,0,3.0,86.0,1824.0,106.0,2021,2024-01-05T19:33:00,https://on3static.com/uploads/assets/91/171/171091.jpg,https://www.on3.com/db/anterio-thompson-154964/,portal_industry_football_2024
William Nimmo,S,UCLA Bruins,San Diego State Aztecs,Committed,0,3.0,85.0,1825.0,169.0,2019,2023-12-19T21:35:00,https://on3static.com/uploads/dev/assets/297/5/5297.jpg,https://www.on3.com/db/william-nimmo-121326/,portal_industry_football_2024
Tony Johnson,WR,Florida Atlantic Owls,Cincinnati Bearcats,Committed,0,3.0,82.0,1826.0,384.0,2021,2023-12-18T11:03:00,https://on3static.com/uploads/assets/933/264/264933.jpeg,https://www.on3.com/db/tony-johnson-237220/,portal_industry_football_2024
Larry Turner-Gooden,S,Texas Longhorns,San Jose State Spartans,Committed,0,3.0,86.0,1827.0,96.0,2022,2023-12-17T22:31:00,https://on3static.com/uploads/assets/958/71/71958.jpeg,https://www.on3.com/db/larry-turner-gooden-78382/,portal_industry_football_2024
Jeff Sims,QB,Nebraska Cornhuskers,Arizona State Sun Devils,Committed,0,3.0,86.0,1828.0,75.0,2020,2024-05-11T15:27:00,https://on3static.com/uploads/assets/220/472/472220.jpg,https://www.on3.com/db/jeff-sims-59657/,portal_industry_football_2024
D'Marco Augustin,CB,Youngstown State Penguins,USF Bulls,Committed,0,3.0,86.0,1829.0,150.0,0,2023-12-12T11:37:00,https://on3static.com/uploads/assets/477/267/267477.png,https://www.on3.com/db/dmarco-augustin-239281/,portal_industry_football_2024
James Djonkam,EDGE,Arizona State Sun Devils,Eastern Michigan Eagles,Committed,0,3.0,84.0,1830.0,114.0,2021,2024-01-07T12:46:00,https://on3static.com/uploads/assets/982/396/396982.jpg,https://www.on3.com/db/james-djonkam-147886/,portal_industry_football_2024
Kourtlan Marsh,CB,Samford Bulldogs,Memphis Tigers,Committed,0,3.0,87.0,1831.0,107.0,2021,2023-12-20T13:00:00,https://on3static.com/uploads/assets/694/269/269694.jpeg,https://www.on3.com/db/kourtlan-marsh-163783/,portal_industry_football_2024
Chubba Purdy,QB,Nebraska Cornhuskers,Nevada Wolf Pack,Committed,0,3.0,86.0,1832.0,105.0,2020,2024-01-22T12:51:00,https://on3static.com/uploads/dev/assets/978/10/10978.jpg,https://www.on3.com/db/chubba-purdy-23464/,portal_industry_football_2024
Ty Son Lawton,RB,James Madison Dukes,Indiana Hoosiers,Committed,0,3.0,85.0,1833.0,116.0,2018,2023-12-20T15:26:00,https://on3static.com/uploads/assets/235/178/178235.jpeg,https://www.on3.com/db/ty-son-lawton-117142/,portal_industry_football_2024
Sailasa Vadrawale,CB,California Golden Bears,Oregon State Beavers,Committed,0,3.0,84.0,1834.0,232.0,2023,2024-01-07T14:47:00,https://on3static.com/uploads/assets/648/88/88648.jpg,https://www.on3.com/db/sailasa-vadrawale-151274/,portal_industry_football_2024
Matt Keeler,IOL,Texas Tech Red Raiders,Northwestern Wildcats,Committed,0,3.0,85.0,1835.0,138.0,2020,2024-02-19T13:01:00,https://on3static.com/uploads/assets/410/18/18410.jpeg,https://www.on3.com/db/matt-keeler-85396/,portal_industry_football_2024
Dan Foster,LB,Texas State Bobcats,Louisville Cardinals,Committed,0,3.0,86.0,1836.0,111.0,2019,2024-04-25T13:05:00,https://on3static.com/uploads/assets/64/144/144064.jpg,https://www.on3.com/db/dan-foster-28837/,portal_industry_football_2024
Rene Konga,DL,Rutgers Scarlet Knights,Louisville Cardinals,Committed,0,3.0,84.0,1837.0,171.0,2020,2024-04-26T20:40:00,https://on3static.com/uploads/dev/assets/81/10/10081.jpg,https://www.on3.com/db/rene-konga-99645/,portal_industry_football_2024
Anthony Miller,TE,Indiana Hoosiers,Tulane Green Wave,Committed,0,3.0,85.0,1838.0,68.0,2023,2024-05-08T10:30:00,https://on3static.com/uploads/assets/714/573/573714.png,https://www.on3.com/db/anthony-miller-152089/,portal_industry_football_2024
Tyler Gillison,DL,Cincinnati Bearcats,Michigan State Spartans,Committed,0,3.0,86.0,1839.0,136.0,2022,2024-05-06T13:00:00,https://on3static.com/uploads/assets/427/568/568427.png,https://www.on3.com/db/tyler-gillison-117608/,portal_industry_football_2024
Collin Gill,CB,Oregon Ducks,Georgia Bulldogs,Committed,0,3.0,85.0,1840.0,216.0,2023,2024-06-06T14:42:00,https://on3static.com/uploads/assets/638/401/401638.png,https://www.on3.com/db/collin-gill-150052/,portal_industry_football_2024
Landon Samson,WR,South Carolina Gamecocks,,Entered,0,3.0,82.0,1841.0,374.0,2022,2023-12-04T14:06:00,https://on3static.com/uploads/assets/89/257/257089.jpg,https://www.on3.com/db/landon-samson-78024/,portal_industry_football_2024
Curtis Deville,WR,Purdue Boilermakers,,Entered,0,3.0,82.0,1842.0,410.0,2022,2023-12-04T11:00:00,https://on3static.com/uploads/assets/111/217/217111.png,https://www.on3.com/db/curtis-deville-27121/,portal_industry_football_2024
Jaylen Varner,WR,Emporia State Hornets,Minnesota Golden Gophers,Committed,0,3.0,87.0,1843.0,94.0,2019,2024-01-08T12:18:00,https://on3static.com/uploads/assets/605/274/274605.jpeg,https://www.on3.com/db/jaylen-varner-58991/,portal_industry_football_2024
Dallas Branch,CB,San Diego State Aztecs,Kent State Golden Flashes,Committed,0,3.0,86.0,1844.0,154.0,2019,2023-12-19T12:17:00,https://on3static.com/uploads/assets/458/178/178458.png,https://www.on3.com/db/dallas-branch-28158/,portal_industry_football_2024
Ryan Johnson,EDGE,Akron Zips,Southern Miss Golden Eagles,Committed,0,3.0,86.0,1845.0,89.0,2019,2023-12-05T13:12:00,https://on3static.com/uploads/assets/916/249/249916.png,https://www.on3.com/db/ryan-johnson-144000/,portal_industry_football_2024
Wes Dorsey,OT,Western Kentucky Hilltoppers,UCF Knights,Committed,0,3.0,85.0,1846.0,92.0,2019,2024-01-07T20:26:00,https://on3static.com/uploads/assets/487/76/76487.jpg,https://www.on3.com/db/wes-dorsey-120362/,portal_industry_football_2024
Mitchell Mayes,OT,Clemson Tigers,Charlotte 49ers,Committed,0,3.0,85.0,1847.0,81.0,2020,2023-12-11T17:17:00,https://on3static.com/uploads/assets/750/17/17750.jpeg,https://www.on3.com/db/mitchell-mayes-89990/,portal_industry_football_2024
Jonathan Odom,TE,Florida Gators,Eastern Michigan Eagles,Committed,0,3.0,86.0,1848.0,43.0,2020,2023-12-15T10:37:00,https://on3static.com/uploads/dev/assets/412/2/2412.jpg,https://www.on3.com/db/jonathan-odom-64835/,portal_industry_football_2024
Justin Wodtly,EDGE,Cincinnati Bearcats,Arizona State Sun Devils,Committed,0,3.0,86.0,1849.0,81.0,2020,2023-12-20T12:22:00,https://on3static.com/uploads/assets/418/472/472418.jpg,https://www.on3.com/db/justin-wodtly-70010/,portal_industry_football_2024
Andreas Keaton,S,Western Carolina Catamounts,Temple Owls,Committed,0,3.0,86.0,1850.0,124.0,2021,2023-12-20T07:14:00,https://on3static.com/uploads/assets/87/266/266087.png,https://www.on3.com/db/andreas-keaton-4786/,portal_industry_football_2024
Cameren Jenkins,S,UNLV Rebels,Baylor Bears,Committed,0,3.0,86.0,1851.0,104.0,2023,2023-12-20T11:27:00,https://on3static.com/uploads/assets/316/267/267316.png,https://www.on3.com/db/cameren-jenkins-145390/,portal_industry_football_2024
Mateen Ibirogba,DL,Georgetown Hoyas,Wake Forest Demon Deacons,Committed,0,3.0,86.0,1852.0,94.0,2022,2024-01-06T09:30:00,https://on3static.com/uploads/assets/971/268/268971.png,https://www.on3.com/db/mateen-ibirogba-239357/,portal_industry_football_2024
Jermarian Jackson,CB,Robert Morris Colonials,Virginia Cavaliers,Committed,0,3.0,86.0,1853.0,183.0,2022,2024-01-06T09:06:00,https://on3static.com/uploads/assets/959/275/275959.png,https://www.on3.com/db/jermarian-jackson-163669/,portal_industry_football_2024
Jalen McMurray,CB,Temple Owls,Tennessee Volunteers,Committed,0,3.0,86.0,1854.0,129.0,2021,2024-01-09T14:03:00,https://on3static.com/uploads/assets/26/74/74026.jpeg,https://www.on3.com/db/jalen-mcmurray-54398/,portal_industry_football_2024
Zach Greenberg,IOL,Muhlenberg College Mules,North Carolina Tar Heels,Committed,0,3.0,84.0,1855.0,172.0,0,2024-01-15T15:37:00,https://on3static.com/uploads/assets/615/314/314615.png,https://www.on3.com/db/zach-greenberg-187204/,portal_industry_football_2024
Jordan Mayer,EDGE,Wisconsin Badgers,Penn State Nittany Lions,Committed,0,3.0,85.0,1856.0,100.0,2023,2024-01-05T16:19:00,https://on3static.com/uploads/assets/170/222/222170.png,https://www.on3.com/db/jordan-mayer-150260/,portal_industry_football_2024
Treyson Bourguet,QB,Western Michigan Broncos,BYU Cougars,Committed,0,3.0,84.0,1857.0,142.0,2022,2024-01-06T19:28:00,https://on3static.com/uploads/assets/992/275/275992.png,https://www.on3.com/db/treyson-bourguet-116328/,portal_industry_football_2024
Adrian Maddox,CB,Alabama State Hornets,UAB Blazers,Committed,0,3.0,86.0,1858.0,124.0,2022,2024-02-08T16:43:00,https://on3static.com/uploads/assets/212/276/276212.png,https://www.on3.com/db/adrian-maddox-239678/,portal_industry_football_2024
Will Nixon,RB,Washington Huskies,Syracuse Orange,Committed,0,3.0,86.0,1859.0,79.0,2020,2024-05-24T11:03:00,https://on3static.com/uploads/dev/assets/216/7/7216.jpg,https://www.on3.com/db/will-nixon-121327/,portal_industry_football_2024
Shane Calhoun,TE,East Carolina Pirates,Texas A&M Aggies,Committed,0,3.0,85.0,1860.0,72.0,2020,2024-04-22T14:19:00,https://on3static.com/uploads/assets/864/213/213864.jpeg,https://www.on3.com/db/shane-calhoun-106390/,portal_industry_football_2024
Dontez Fagan,CB,Charlotte 49ers,West Virginia Mountaineers,Committed,0,3.0,87.0,1861.0,68.0,2019,2024-04-28T11:46:00,https://on3static.com/uploads/assets/18/211/211018.jpeg,https://www.on3.com/db/dontez-fagan-38473/,portal_industry_football_2024
V'Lique Carter,WR,Arkansas-Pine Bluff Golden Lions,,Entered,0,3.0,83.0,1862.0,315.0,2018,2023-08-18T10:11:00,https://on3static.com/uploads/assets/921/16/16921.jpeg,https://www.on3.com/db/vlique-carter-119236/,portal_industry_football_2024
Jordon Simmons,RB,Michigan State Spartans,Akron Zips,Committed,0,3.0,85.0,1863.0,118.0,2020,2023-12-20T18:54:00,https://on3static.com/uploads/assets/632/397/397632.jpg,https://www.on3.com/db/jordon-simmons-66311/,portal_industry_football_2024
Jamar Sekona,DL,USC Trojans,Hawaii Rainbow Warriors,Committed,0,3.0,86.0,1864.0,123.0,2020,2024-04-30T10:30:00,https://on3static.com/uploads/assets/305/96/96305.png,https://www.on3.com/db/jamar-sekona-55049/,portal_industry_football_2024
Terrence Lane II,DL,Brown Bears,,Entered,0,3.0,86.0,1865.0,121.0,2019,2023-11-21T08:10:00,https://on3static.com/uploads/assets/336/259/259336.png,https://www.on3.com/db/terrence-lane-ii-238941/,portal_industry_football_2024
Matthew Hudson,LB,Harvard Crimson,Memphis Tigers,Committed,0,3.0,85.0,1866.0,160.0,2020,2023-12-20T16:59:00,https://on3static.com/uploads/assets/403/259/259403.png,https://www.on3.com/db/matthew-hudson-144841/,portal_industry_football_2024
Nasjzae Bryant,RB,Hawaii Rainbow Warriors,,Entered,0,3.0,83.0,1867.0,178.0,2016,2023-11-13T20:21:00,https://on3static.com/uploads/assets/253/256/256253.png,https://www.on3.com/db/nasjzae-bryant-91077/,portal_industry_football_2024
Tee Hodge,RB,Indiana State Sycamores,,Entered,0,3.0,83.0,1868.0,181.0,2020,2023-11-17T08:20:00,https://on3static.com/uploads/assets/557/257/257557.jpeg,https://www.on3.com/db/tee-hodge-114825/,portal_industry_football_2024
Isaac Boston,WR,Dartmouth Big Green,,Entered,0,3.0,83.0,1869.0,305.0,2020,2023-11-16T09:05:00,https://on3static.com/uploads/assets/253/257/257253.png,https://www.on3.com/db/isaac-boston-238885/,portal_industry_football_2024
Austin Flax,WR,Drake Bulldogs,,Entered,0,3.0,83.0,1870.0,306.0,2021,2023-11-14T10:29:00,https://on3static.com/uploads/assets/320/256/256320.png,https://www.on3.com/db/austin-flax-8370/,portal_industry_football_2024
Scooter Adams,RB,Northwestern State Demons,,Entered,0,3.0,83.0,1871.0,182.0,2018,2023-10-31T08:21:00,https://on3static.com/uploads/assets/316/250/250316.png,https://www.on3.com/db/scooter-adams-105033/,portal_industry_football_2024
Kobe Stewart,WR,Florida Atlantic Owls,,Entered,0,3.0,83.0,1872.0,307.0,2020,2023-10-31T19:29:00,https://on3static.com/uploads/assets/542/75/75542.jpg,https://www.on3.com/db/kobe-stewart-75580/,portal_industry_football_2024
Keenan McCaddy,S,Boise State Broncos,,Entered,0,3.0,83.0,1873.0,218.0,2022,2023-11-14T10:42:00,https://on3static.com/uploads/assets/326/256/256326.png,https://www.on3.com/db/keenan-mccaddy-146215/,portal_industry_football_2024
Kobi Thomas,LB,Maryland Terrapins,,Entered,0,3.0,83.0,1874.0,218.0,2019,2023-11-15T15:42:00,https://on3static.com/uploads/assets/24/257/257024.png,https://www.on3.com/db/kobi-thomas-238880/,portal_industry_football_2024
Tyler Devera,TE,New Mexico State Aggies,,Entered,0,3.0,83.0,1875.0,106.0,2019,2023-09-11T17:41:00,https://on3static.com/uploads/assets/37/17/17037.jpeg,https://www.on3.com/db/tyler-devera-117506/,portal_industry_football_2024
Alec Pell,TE,Northern Colorado Bears,,Entered,0,3.0,83.0,1876.0,107.0,2019,2023-11-14T15:15:00,https://on3static.com/uploads/assets/206/18/18206.jpeg,https://www.on3.com/db/alec-pell-2679/,portal_industry_football_2024
William Hawkins IV,WR,Miami Hurricanes,Charlotte 49ers,Committed,0,3.0,83.0,1877.0,308.0,2022,2024-04-29T14:59:00,https://on3static.com/uploads/assets/532/256/256532.png,https://www.on3.com/db/william-hawkins-iv-121264/,portal_industry_football_2024
Jay Rudolph,TE,San Diego State Aztecs,,Entered,0,3.0,83.0,1878.0,113.0,2020,2023-09-27T15:47:00,https://on3static.com/uploads/assets/508/178/178508.png,https://www.on3.com/db/jay-rudolph-58496/,portal_industry_football_2024
Rasean Thomas,LB,Cornell Big Red,,Entered,0,3.0,83.0,1879.0,223.0,2020,2023-10-17T13:29:00,https://on3static.com/uploads/assets/809/244/244809.jpeg,https://www.on3.com/db/rasean-thomas-238460/,portal_industry_football_2024
Justin White,CB,Michigan State Spartans,,Entered,0,3.0,83.0,1880.0,279.0,2019,2023-11-01T14:49:00,https://on3static.com/uploads/assets/175/235/235175.png,https://www.on3.com/db/justin-white-157646/,portal_industry_football_2024
Aaron Diggs,S,Coastal Carolina Chanticleers,,Entered,0,3.0,83.0,1881.0,223.0,2020,2023-11-08T15:45:00,https://on3static.com/uploads/dev/assets/837/2/2837.jpg,https://www.on3.com/db/aaron-diggs-440/,portal_industry_football_2024
Jordan Cooper,IOL,Northwestern State Demons,,Entered,0,3.0,83.0,1882.0,183.0,2019,2023-10-30T09:45:00,https://on3static.com/uploads/assets/949/249/249949.png,https://www.on3.com/db/jordan-cooper-238612/,portal_industry_football_2024
Tyler Lassiter,EDGE,Miami Hurricanes,,Entered,0,3.0,83.0,1883.0,146.0,2023,2023-11-14T15:45:00,https://on3static.com/uploads/assets/531/256/256531.png,https://www.on3.com/db/tyler-lassiter-152270/,portal_industry_football_2024
Onome Kessington,DL,Cornell Big Red,,Entered,0,3.0,83.0,1884.0,252.0,2019,2023-10-17T13:28:00,https://on3static.com/uploads/assets/808/244/244808.jpeg,https://www.on3.com/db/onome-kessington-238459/,portal_industry_football_2024
Spencer Cassell,OT,Harvard Crimson,Rice Owls,Committed,0,3.0,86.0,1885.0,74.0,2019,2023-12-20T16:59:00,https://on3static.com/uploads/assets/909/261/261909.jpeg,https://www.on3.com/db/spencer-cassell-107940/,portal_industry_football_2024
Jostein Clarke,WR,UTEP Miners,,Entered,0,3.0,83.0,1886.0,329.0,2019,2023-11-22T12:34:00,https://on3static.com/uploads/assets/524/75/75524.jpeg,https://www.on3.com/db/jostein-clarke-68247/,portal_industry_football_2024
Christian Wells,WR,Amherst College Mammoths,,Entered,0,3.0,83.0,1887.0,322.0,2019,2023-11-26T11:40:00,https://on3static.com/uploads/assets/204/132/132204.jpg,https://www.on3.com/db/christian-wells-23235/,portal_industry_football_2024
Kedrick Bingley-Jones,DL,North Carolina Tar Heels,Mississippi State Bulldogs,Committed,0,3.0,86.0,1888.0,130.0,2020,2023-12-13T10:48:00,https://on3static.com/uploads/dev/assets/153/10/10153.jpg,https://www.on3.com/db/kedrick-bingley-jones-71747/,portal_industry_football_2024
Aaron Steinfeldt,TE,Indiana Hoosiers,Albany Great Danes,Committed,0,3.0,86.0,1889.0,59.0,2021,2024-01-09T09:47:00,https://on3static.com/uploads/assets/977/15/15977.jpeg,https://www.on3.com/db/aaron-steinfeldt-782/,portal_industry_football_2024
Cortez Braham,WR,West Virginia Mountaineers,Nevada Wolf Pack,Committed,0,3.0,83.0,1890.0,302.0,2019,2024-01-08T08:25:00,https://on3static.com/uploads/assets/798/85/85798.jpeg,https://www.on3.com/db/cortez-braham-26518/,portal_industry_football_2024
Caleb Fauria,TE,Colorado Buffaloes,Delaware Fightin' Blue Hens,Committed,0,3.0,83.0,1891.0,109.0,2020,2024-02-08T16:31:00,https://on3static.com/uploads/assets/415/242/242415.jpeg,https://www.on3.com/db/caleb-fauria-16974/,portal_industry_football_2024
Jason Scott,CB,Boston College Eagles,Delaware Fightin' Blue Hens,Committed,0,3.0,83.0,1892.0,282.0,2020,2024-01-07T11:29:00,https://on3static.com/uploads/dev/assets/636/10/10636.jpg,https://www.on3.com/db/jason-scott-57762/,portal_industry_football_2024
Jacob Trussell,TE,New Mexico Lobos,,Entered,0,3.0,83.0,1893.0,114.0,2021,2023-11-28T09:25:00,https://on3static.com/uploads/assets/914/178/178914.png,https://www.on3.com/db/jacob-trussell-52276/,portal_industry_football_2024
George Udo,S,Cincinnati Bearcats,Ball State Cardinals,Committed,0,3.0,84.0,1894.0,195.0,2019,2024-01-16T10:47:00,https://on3static.com/uploads/dev/assets/153/3/3153.jpg,https://www.on3.com/db/george-udo-45787/,portal_industry_football_2024
Abdul-Lateef Audu,CB,Western Kentucky Hilltoppers,,Entered,0,3.0,83.0,1895.0,285.0,2019,2023-11-28T12:16:00,https://on3static.com/uploads/assets/578/73/73578.jpeg,https://www.on3.com/db/abdul-lateef-audu-150294/,portal_industry_football_2024
Joshua Nicholson,WR,San Diego State Aztecs,,Entered,0,3.0,83.0,1896.0,318.0,2021,2023-11-28T12:07:00,https://on3static.com/uploads/assets/510/178/178510.png,https://www.on3.com/db/joshua-nicholson-68014/,portal_industry_football_2024
Hunter Helms,QB,Clemson Tigers,,Entered,0,3.0,83.0,1897.0,173.0,2020,2023-11-28T13:53:00,https://on3static.com/uploads/dev/assets/797/10/10797.jpg,https://www.on3.com/db/hunter-helms-48476/,portal_industry_football_2024
Joshua Sales,OT,Indiana Hoosiers,Purdue Boilermakers,Committed,0,3.0,85.0,1898.0,109.0,2021,2023-12-28T10:18:00,https://on3static.com/uploads/assets/874/343/343874.png,https://www.on3.com/db/joshua-sales-68075/,portal_industry_football_2024
Aydin Henningham,LB,Pittsburgh Panthers,Albany State University Golden Rams,Committed,0,3.0,83.0,1899.0,221.0,2020,2023-12-28T10:00:00,https://on3static.com/uploads/dev/assets/17/10/10017.jpg,https://www.on3.com/db/aydin-henningham-9027/,portal_industry_football_2024
Hunter Talley,TE,Arkansas Razorbacks,,Entered,0,3.0,83.0,1900.0,112.0,2022,2023-11-29T09:30:00,https://on3static.com/uploads/assets/258/72/72258.jpeg,https://www.on3.com/db/hunter-talley-48638/,portal_industry_football_2024
Marquese Allen-Patmon,S,Nevada Wolf Pack,,Entered,0,3.0,83.0,1901.0,222.0,2020,2023-11-29T15:11:00,https://on3static.com/uploads/assets/153/263/263153.png,https://www.on3.com/db/marquese-allen-patmon-84019/,portal_industry_football_2024
Nick Rempert,WR,Tulsa Golden Hurricane,North Texas Mean Green,Committed,0,3.0,83.0,1902.0,331.0,2019,,https://on3static.com/uploads/assets/990/262/262990.png,https://www.on3.com/db/nick-rempert-149784/,portal_industry_football_2024
Bryce Bailey,WR,Middle Tennessee State Blue Raiders,,Entered,0,3.0,83.0,1903.0,333.0,2020,2023-11-29T15:38:00,,https://www.on3.com/db/bryce-bailey-144851/,portal_industry_football_2024
Cameron Threatt,CB,Akron Zips,,Entered,0,3.0,83.0,1904.0,295.0,2020,2023-11-29T11:44:00,https://on3static.com/uploads/dev/assets/42/3/3042.jpg,https://www.on3.com/db/cameron-threatt-18130/,portal_industry_football_2024
James Camden,LB,Cincinnati Bearcats,,Entered,0,3.0,83.0,1905.0,240.0,2020,2023-11-29T11:14:00,https://on3static.com/uploads/assets/379/226/226379.png,https://www.on3.com/db/james-camden-220699/,portal_industry_football_2024
Francois Nolton,DL,Syracuse Orange,,Entered,0,3.0,86.0,1906.0,116.0,2022,2023-11-29T15:42:00,https://on3static.com/uploads/assets/52/87/87052.jpeg,https://www.on3.com/db/francois-nolton-43986/,portal_industry_football_2024
Roman Fuller,QB,Tulsa Golden Hurricane,,Entered,0,3.0,83.0,1907.0,156.0,2020,2023-11-30T10:52:00,https://on3static.com/uploads/assets/988/74/74988.jpeg,https://www.on3.com/db/roman-fuller-101939/,portal_industry_football_2024
Zamar Wise,WR,Massachusetts Minutemen,,Entered,0,3.0,83.0,1908.0,304.0,2020,2023-11-30T10:31:00,https://on3static.com/uploads/assets/159/17/17159.jpeg,https://www.on3.com/db/zamar-wise-123535/,portal_industry_football_2024
Matt Lawson,DL,Northwestern Wildcats,New Mexico State Aggies,Committed,0,3.0,83.0,1909.0,212.0,2018,2024-04-22T15:56:00,https://on3static.com/uploads/assets/840/180/180840.png,https://www.on3.com/db/matt-lawson-85438/,portal_industry_football_2024
Nigel Williams,CB,Northwestern Wildcats,New Mexico Lobos,Committed,0,3.0,83.0,1910.0,278.0,2020,2024-03-25T10:40:00,https://on3static.com/uploads/assets/18/463/463018.png,https://www.on3.com/db/nigel-williams-93306/,portal_industry_football_2024
Emmett Brown,QB,Washington State Cougars,San Jose State Spartans,Committed,0,3.0,83.0,1911.0,158.0,2022,2024-01-27T09:29:00,https://on3static.com/uploads/assets/277/402/402277.png,https://www.on3.com/db/emmett-brown-41832/,portal_industry_football_2024
Tanner Blount,LB,Fresno State Bulldogs,,Entered,0,3.0,83.0,1912.0,224.0,2019,2023-11-30T16:07:00,https://on3static.com/uploads/assets/586/263/263586.png,https://www.on3.com/db/tanner-blount-110056/,portal_industry_football_2024
Demick Starling,WR,Virginia Cavaliers,Western Kentucky Hilltoppers,Committed,0,3.0,83.0,1913.0,324.0,2020,,https://on3static.com/uploads/dev/assets/753/9/9753.jpg,https://www.on3.com/db/demick-starling-34049/,portal_industry_football_2024
Jalen Huff,CB,Florida Atlantic Owls,,Entered,0,3.0,83.0,1914.0,272.0,2020,2023-12-01T12:18:00,https://on3static.com/uploads/dev/assets/912/10/10912.jpg,https://www.on3.com/db/jalen-huff-142624/,portal_industry_football_2024
Quinton Patten,WR,Charlotte 49ers,,Entered,0,3.0,83.0,1916.0,334.0,2019,2023-12-01T12:23:00,https://on3static.com/uploads/assets/868/91/91868.jpg,https://www.on3.com/db/quinton-patten-97697/,portal_industry_football_2024
Malcolm Britt,LB,Old Dominion Monarchs,,Entered,0,3.0,83.0,1917.0,235.0,2020,2023-12-01T11:32:00,https://on3static.com/uploads/assets/162/171/171162.png,https://www.on3.com/db/malcolm-britt-81507/,portal_industry_football_2024
Kalil Girault,WR,Arkansas Razorbacks,,Entered,0,3.0,83.0,1918.0,321.0,2021,2023-12-01T16:42:00,https://on3static.com/uploads/assets/969/163/163969.jpg,https://www.on3.com/db/kalil-girault-70820/,portal_industry_football_2024
Matthew McCallister,WR,Louisiana Tech Bulldogs,,Entered,0,3.0,83.0,1919.0,336.0,2021,2023-12-01T16:43:00,https://on3static.com/uploads/assets/850/263/263850.jpeg,https://www.on3.com/db/matthew-mccallister-86132/,portal_industry_football_2024
Chris Thompson Jr.,LB,USC Trojans,Tulsa Golden Hurricane,Committed,0,3.0,84.0,1921.0,175.0,2020,2024-01-07T12:38:00,https://on3static.com/uploads/assets/59/96/96059.png,https://www.on3.com/db/chris-thompson-jr-22566/,portal_industry_football_2024
Chris Rhone,WR,Coastal Carolina Chanticleers,,Entered,0,3.0,83.0,1923.0,337.0,2021,2023-12-04T07:05:00,https://on3static.com/uploads/assets/582/75/75582.jpg,https://www.on3.com/db/chris-rhone-22368/,portal_industry_football_2024
Joseph McKay,RB,East Carolina Pirates,,Entered,0,3.0,83.0,1924.0,201.0,2021,2023-12-04T07:38:00,https://on3static.com/uploads/assets/602/213/213602.jpeg,https://www.on3.com/db/joseph-mckay-66605/,portal_industry_football_2024
Naahlyee Bryant,LB,Western Michigan Broncos,,Entered,0,3.0,83.0,1925.0,246.0,2021,2023-12-04T07:48:00,https://on3static.com/uploads/assets/616/264/264616.jpeg,https://www.on3.com/db/naahlyee-bryant-90870/,portal_industry_football_2024
Xavier McIver,DL,East Carolina Pirates,,Entered,0,3.0,83.0,1926.0,249.0,2020,2023-12-04T08:02:00,https://on3static.com/uploads/assets/771/213/213771.jpeg,https://www.on3.com/db/xavier-mciver-122090/,portal_industry_football_2024
Amaad Foston,RB,Virginia Cavaliers,Hampton Pirates,Committed,0,3.0,83.0,1927.0,199.0,2021,2023-12-20T09:07:00,https://on3static.com/uploads/assets/399/16/16399.jpeg,https://www.on3.com/db/amaad-foston-4127/,portal_industry_football_2024
Tevin Carter,QB,Memphis Tigers,Tennessee State Tigers,Committed,0,3.0,86.0,1928.0,96.0,2022,2023-12-19T17:44:00,https://on3static.com/uploads/dev/assets/248/11/11248.jpg,https://www.on3.com/db/tevin-carter-111967/,portal_industry_football_2024
Sean Sallis,TE,Marshall Thundering Herd,,Entered,0,3.0,83.0,1929.0,105.0,2022,2023-12-04T08:12:00,https://on3static.com/uploads/assets/199/26/26199.png,https://www.on3.com/db/sean-sallis-105625/,portal_industry_football_2024
André Oben,OT,Purdue Boilermakers,Monmouth Hawks,Committed,0,3.0,83.0,1930.0,141.0,2022,2024-01-12T09:46:00,https://on3static.com/uploads/assets/356/151/151356.png,https://www.on3.com/db/andr-oben-4643/,portal_industry_football_2024
Maurice Jones,RB,Marshall Thundering Herd,,Entered,0,3.0,83.0,1931.0,203.0,2022,2023-12-04T08:19:00,https://on3static.com/uploads/assets/97/26/26097.png,https://www.on3.com/db/maurice-jones-144823/,portal_industry_football_2024
Zion Steptoe,CB,Purdue Boilermakers,Tulsa Golden Hurricane,Committed,0,3.0,85.0,1932.0,209.0,2022,2023-12-20T09:00:00,https://on3static.com/uploads/assets/134/217/217134.png,https://www.on3.com/db/zion-steptoe-123873/,portal_industry_football_2024
Dylan Downing,RB,Purdue Boilermakers,Miami (OH) RedHawks,Committed,0,3.0,86.0,1933.0,94.0,2020,2024-01-03T09:47:00,https://on3static.com/uploads/assets/129/217/217129.png,https://www.on3.com/db/dylan-downing-39866/,portal_industry_football_2024
Joseph Bakhole,EDGE,Louisiana-Monroe Warhawks,Appalachian State Mountaineers,Committed,0,3.0,83.0,1934.0,148.0,2020,2025-01-17T09:27:00,https://on3static.com/uploads/assets/823/133/133823.jpg,https://www.on3.com/db/joseph-bakhole-175235/,portal_industry_football_2024
Jackson Hamilton,LB,Louisville Cardinals,Georgia Tech Yellow Jackets,Committed,0,3.0,84.0,1936.0,179.0,2021,2023-12-11T11:12:00,https://on3static.com/uploads/assets/501/333/333501.png,https://www.on3.com/db/jackson-hamilton-51580/,portal_industry_football_2024
Douglas Newsome,CB,Charlotte 49ers,,Entered,0,3.0,83.0,1937.0,284.0,2021,2023-12-04T08:40:00,https://on3static.com/uploads/assets/669/91/91669.jpg,https://www.on3.com/db/douglas-newsome-38740/,portal_industry_football_2024
Jeremiah Piper,CB,Western Michigan Broncos,,Entered,0,3.0,83.0,1938.0,317.0,2020,2023-12-04T08:39:00,https://on3static.com/uploads/assets/639/264/264639.png,https://www.on3.com/db/jeremiah-piper-60184/,portal_industry_football_2024
A.D. Diamond,CB,UAB Blazers,,Entered,0,3.0,83.0,1939.0,270.0,2021,2023-12-04T08:45:00,https://on3static.com/uploads/assets/965/12/12965.jpeg,https://www.on3.com/db/ad-diamond-7518/,portal_industry_football_2024
Jalen Nettles,IOL,UAB Blazers,,Entered,0,3.0,83.0,1940.0,181.0,0,2023-12-04T08:50:00,https://on3static.com/uploads/assets/634/137/137634.jpeg,https://www.on3.com/db/jalen-nettles-175631/,portal_industry_football_2024
Jocelyn Malaska,CB,Utah Utes,Oklahoma Sooners,Committed,0,3.0,86.0,1941.0,175.0,2022,2024-01-02T11:44:00,https://on3static.com/uploads/assets/997/331/331997.png,https://www.on3.com/db/jocelyn-malaska-61962/,portal_industry_football_2024
Christion Stokes,S,West Virginia Mountaineers,,Entered,0,3.0,86.0,1942.0,134.0,2022,2023-12-04T09:21:00,https://on3static.com/uploads/assets/811/85/85811.jpeg,https://www.on3.com/db/christion-stokes-23277/,portal_industry_football_2024
Robert Johnson,CB,North Texas Mean Green,,Entered,0,3.0,83.0,1943.0,293.0,2021,2023-12-04T09:31:00,https://on3static.com/uploads/assets/204/75/75204.jpeg,https://www.on3.com/db/robert-johnson-145407/,portal_industry_football_2024
Jason Llewellyn,TE,Oklahoma Sooners,,Entered,0,3.0,86.0,1945.0,49.0,2022,2023-12-04T10:02:00,https://on3static.com/uploads/assets/919/21/21919.jpeg,https://www.on3.com/db/jason-llewellyn-57638/,portal_industry_football_2024
Javen Jacobs,RB,Arizona State Sun Devils,New Mexico Lobos,Committed,0,3.0,83.0,1946.0,190.0,2022,2024-01-07T09:04:00,https://on3static.com/uploads/dev/assets/306/11/11306.jpg,https://www.on3.com/db/javen-jacobs-144690/,portal_industry_football_2024
Carson Haggard,QB,Tulane Green Wave,Abilene Christian Wildcats,Committed,0,3.0,83.0,1947.0,170.0,2022,2024-01-11T12:35:00,https://on3static.com/uploads/assets/218/90/90218.jpeg,https://www.on3.com/db/carson-haggard-18765/,portal_industry_football_2024
Patrick Smith,RB,Vanderbilt Commodores,UT Martin Skyhawks,Committed,0,3.0,86.0,1948.0,95.0,2021,2024-01-16T13:27:00,https://on3static.com/uploads/assets/794/15/15794.jpeg,https://www.on3.com/db/patrick-smith-95572/,portal_industry_football_2024
Jaden Moore,LB,Tulsa Golden Hurricane,,Entered,0,3.0,83.0,1949.0,237.0,2021,2023-12-04T10:42:00,https://on3static.com/uploads/assets/997/74/74997.jpeg,https://www.on3.com/db/jaden-moore-52655/,portal_industry_football_2024
Branden Alvarez,WR,San Jose State Spartans,,Entered,0,3.0,83.0,1950.0,338.0,2021,2023-12-04T11:04:00,https://on3static.com/uploads/assets/292/177/177292.png,https://www.on3.com/db/branden-alvarez-12032/,portal_industry_football_2024
Isaiah Norris,CB,South Carolina Gamecocks,Georgia Southern Eagles,Committed,0,3.0,83.0,1951.0,292.0,2019,2024-01-12T11:17:00,https://on3static.com/uploads/assets/43/257/257043.jpg,https://www.on3.com/db/isaiah-norris-49671/,portal_industry_football_2024
Chris Scott,CB,NC State Wolfpack,,Entered,0,3.0,83.0,1952.0,275.0,2020,2023-12-04T11:09:00,https://on3static.com/uploads/dev/assets/249/10/10249.jpg,https://www.on3.com/db/chris-scott-22434/,portal_industry_football_2024
Jyaire Shorter,WR,Auburn Tigers,Memphis Tigers,Committed,0,3.0,86.0,1953.0,142.0,2018,2023-12-20T08:39:00,https://on3static.com/uploads/assets/178/75/75178.jpeg,https://www.on3.com/db/jyaire-shorter-70160/,portal_industry_football_2024
Coen Sutton,WR,Appalachian State Mountaineers,,Entered,0,3.0,83.0,1954.0,339.0,2021,2023-12-04T11:29:00,https://on3static.com/uploads/assets/142/170/170142.png,https://www.on3.com/db/coen-sutton-24483/,portal_industry_football_2024
Jamir Gardner,CB,Kent State Golden Flashes,,Entered,0,3.0,83.0,1955.0,318.0,2022,2023-12-04T11:29:00,https://on3static.com/uploads/assets/783/264/264783.jpeg,https://www.on3.com/db/jamir-gardner-179295/,portal_industry_football_2024
Kyrik Mason,OT,Monmouth Hawks,Georgia State Panthers,Committed,0,3.0,85.0,1956.0,97.0,2021,2023-12-10T15:52:00,https://on3static.com/uploads/assets/790/264/264790.png,https://www.on3.com/db/kyrik-mason-77252/,portal_industry_football_2024
Kajuan Banks,S,South Carolina Gamecocks,USF Bulls,Committed,0,3.0,85.0,1957.0,159.0,2022,2024-01-05T17:03:00,https://on3static.com/uploads/assets/995/256/256995.png,https://www.on3.com/db/kajuan-banks-70623/,portal_industry_football_2024
Will Huggins,TE,Kansas Jayhawks,Pittsburg State Gorillas,Committed,0,3.0,83.0,1958.0,102.0,2020,2024-02-20T09:55:00,https://on3static.com/uploads/dev/assets/996/8/8996.jpg,https://www.on3.com/db/will-huggins-144525/,portal_industry_football_2024
Jakobus Seth,OT,Washington State Cougars,Nevada Wolf Pack,Committed,0,3.0,83.0,1959.0,160.0,2022,2024-01-14T09:30:00,https://on3static.com/uploads/assets/13/22/22013.jpeg,https://www.on3.com/db/jakobus-seth-54037/,portal_industry_football_2024
Henry Wilson,WR,Western Michigan Broncos,,Entered,0,3.0,83.0,1960.0,332.0,2021,2023-12-04T12:42:00,https://on3static.com/uploads/assets/839/264/264839.jpeg,https://www.on3.com/db/henry-wilson-48054/,portal_industry_football_2024
Detraveon Brown,WR,North Texas Mean Green,,Entered,0,3.0,83.0,1961.0,341.0,2020,2023-12-04T12:37:00,https://on3static.com/uploads/assets/167/75/75167.jpeg,https://www.on3.com/db/detraveon-brown-35702/,portal_industry_football_2024
Scottie Alexander,WR,Tulsa Golden Hurricane,,Entered,0,3.0,83.0,1962.0,343.0,2021,2023-12-04T12:40:00,https://on3static.com/uploads/assets/998/74/74998.jpeg,https://www.on3.com/db/scottie-alexander-105257/,portal_industry_football_2024
Austin Smith,QB,Eastern Michigan Eagles,,Entered,0,3.0,86.0,1963.0,89.0,2021,2023-12-04T12:57:00,https://on3static.com/uploads/assets/860/264/264860.jpeg,https://www.on3.com/db/austin-smith-8717/,portal_industry_football_2024
Malcolm Johnson Jr.,WR,Auburn Tigers,Bowling Green Falcons,Committed,0,3.0,86.0,1964.0,155.0,2020,2023-12-25T11:25:00,https://on3static.com/uploads/assets/8/18/18008.jpeg,https://www.on3.com/db/malcolm-johnson-jr-142978/,portal_industry_football_2024
Myles Norwood,CB,Iowa State Cyclones,Ball State Cardinals,Committed,0,3.0,83.0,1965.0,265.0,2021,2024-05-23T09:58:00,https://on3static.com/uploads/assets/872/225/225872.png,https://www.on3.com/db/myles-norwood-90740/,portal_industry_football_2024
Kasen Weisman,QB,Colorado Buffaloes,Florida Atlantic Owls,Committed,0,3.0,83.0,1966.0,161.0,2023,2024-04-27T17:22:00,https://on3static.com/uploads/assets/291/242/242291.jpeg,https://www.on3.com/db/kasen-weisman-71406/,portal_industry_football_2024
Sol-Jay Maiava,QB,BYU Cougars,New Mexico Lobos,Committed,0,3.0,83.0,1967.0,167.0,2020,2024-04-14T12:29:00,https://on3static.com/uploads/dev/assets/53/3/3053.jpg,https://www.on3.com/db/sol-jay-maiava-107783/,portal_industry_football_2024
Jordan Johnson,RB,Hawaii Rainbow Warriors,,Entered,0,3.0,83.0,1968.0,186.0,2021,2023-12-04T17:17:00,https://on3static.com/uploads/assets/996/264/264996.png,https://www.on3.com/db/jordan-johnson-145238/,portal_industry_football_2024
Dorian Morris,WR,North Texas Mean Green,,Entered,0,3.0,83.0,1969.0,330.0,2019,2023-12-04T16:53:00,https://on3static.com/uploads/assets/181/75/75181.jpeg,https://www.on3.com/db/dorian-morris-38578/,portal_industry_football_2024
Dominic Tatum,CB,Washington State Cougars,New Mexico Lobos,Committed,0,3.0,83.0,1970.0,294.0,2019,2024-06-05T12:38:00,https://on3static.com/uploads/assets/50/181/181050.png,https://www.on3.com/db/dominic-tatum-37555/,portal_industry_football_2024
Jace Tutty,CB,Penn State Nittany Lions,,Entered,0,3.0,83.0,1971.0,297.0,2020,2023-12-04T14:55:00,https://on3static.com/uploads/assets/870/94/94870.png,https://www.on3.com/db/jace-tutty-158637/,portal_industry_football_2024
Wing Green,OT,Georgia Tech Yellow Jackets,Campbell Fighting Camels,Committed,0,3.0,83.0,1973.0,156.0,2020,2024-04-29T12:45:00,https://on3static.com/uploads/assets/268/16/16268.jpeg,https://www.on3.com/db/wing-green-121674/,portal_industry_football_2024
Ashtin Rustemeyer,DL,Arkansas State Red Wolves,,Entered,0,3.0,83.0,1974.0,232.0,2022,2023-12-04T12:55:00,https://on3static.com/uploads/assets/858/264/264858.jpeg,https://www.on3.com/db/ashtin-rustemeyer-7844/,portal_industry_football_2024
Jamin Graham,DL,UAB Blazers,,Entered,0,3.0,83.0,1975.0,236.0,2019,2023-12-04T15:51:00,https://on3static.com/uploads/dev/assets/368/7/7368.jpg,https://www.on3.com/db/jamin-graham-56242/,portal_industry_football_2024
Jahbari Hill,CB,Florida Atlantic Owls,,Entered,0,3.0,83.0,1976.0,316.0,2021,2023-12-04T15:23:00,https://on3static.com/uploads/assets/234/217/217234.png,https://www.on3.com/db/jahbari-hill-52917/,portal_industry_football_2024
Tyriece Thomas,DL,New Mexico State Aggies,,Entered,0,3.0,83.0,1977.0,250.0,2019,2023-12-04T14:53:00,https://on3static.com/uploads/assets/918/264/264918.jpeg,https://www.on3.com/db/tyriece-thomas-179891/,portal_industry_football_2024
Izaiah Reed,IOL,Louisville Cardinals,Memphis Tigers,Committed,0,3.0,86.0,1978.0,105.0,2022,2023-12-20T08:40:00,https://on3static.com/uploads/assets/430/164/164430.png,https://www.on3.com/db/izaiah-reed-50191/,portal_industry_football_2024
Tyler Walton,WR,Ohio Bobcats,Eastern Michigan Eagles,Committed,0,3.0,85.0,1979.0,224.0,2018,2024-01-07T12:48:00,https://on3static.com/uploads/assets/108/265/265108.png,https://www.on3.com/db/tyler-walton-118221/,portal_industry_football_2024
Jeremiah Frazier,IOL,Troy Trojans,,Entered,0,3.0,83.0,1980.0,176.0,2021,2023-12-05T09:06:00,https://on3static.com/uploads/assets/138/265/265138.png,https://www.on3.com/db/jeremiah-frazier-150523/,portal_industry_football_2024
William Simpkins III,CB,Virginia Cavaliers,,Entered,0,3.0,83.0,1982.0,277.0,2021,2023-12-05T10:06:00,https://on3static.com/uploads/assets/408/16/16408.jpeg,https://www.on3.com/db/william-simpkins-iii-121367/,portal_industry_football_2024
Kivon Wright,EDGE,Boise State Broncos,,Entered,0,3.0,83.0,1983.0,145.0,2022,2023-12-04T19:39:00,https://on3static.com/uploads/assets/122/141/141122.jpeg,https://www.on3.com/db/kivon-wright-75408/,portal_industry_football_2024
CJ Williams,CB,Hawaii Rainbow Warriors,,Entered,0,3.0,83.0,1984.0,301.0,2021,2023-12-04T17:59:00,https://on3static.com/uploads/assets/6/265/265006.jpeg,https://www.on3.com/db/cj-williams-175660/,portal_industry_football_2024
BJ Ragland,DL,Charlotte 49ers,,Entered,0,3.0,83.0,1985.0,235.0,2021,2023-12-05T08:39:00,https://on3static.com/uploads/assets/781/91/91781.jpg,https://www.on3.com/db/bj-ragland-10620/,portal_industry_football_2024
Cort Bradley,IOL,UAB Blazers,,Entered,0,3.0,83.0,1986.0,190.0,2021,2023-12-05T10:45:00,https://on3static.com/uploads/assets/633/15/15633.jpg,https://www.on3.com/db/cort-bradley-26504/,portal_industry_football_2024
Jonathan Patrick Jr.,WR,UTEP Miners,,Entered,0,3.0,83.0,1987.0,352.0,2018,2023-12-05T09:49:00,https://on3static.com/uploads/assets/166/72/72166.png,https://www.on3.com/db/jonathan-patrick-jr-64846/,portal_industry_football_2024
George Johnson III,CB,Massachusetts Minutemen,Florida Atlantic Owls,Committed,0,3.0,86.0,1989.0,166.0,2019,2023-12-16T08:38:00,https://on3static.com/uploads/assets/279/18/18279.jpeg,https://www.on3.com/db/george-johnson-iii-142153/,portal_industry_football_2024
Isiah Cox,S,Cincinnati Bearcats,,Entered,0,3.0,83.0,1990.0,235.0,2021,2023-12-05T12:57:00,https://on3static.com/uploads/assets/352/226/226352.png,https://www.on3.com/db/isiah-cox-49962/,portal_industry_football_2024
Ty Moss,S,East Carolina Pirates,,Entered,0,3.0,83.0,1991.0,237.0,2020,2023-12-05T11:28:00,https://on3static.com/uploads/assets/593/213/213593.jpeg,https://www.on3.com/db/ty-moss-117059/,portal_industry_football_2024
David Johnson,WR,Washington State Cougars,,Entered,0,3.0,83.0,1992.0,346.0,2022,2023-12-05T11:57:00,https://on3static.com/uploads/assets/354/219/219354.png,https://www.on3.com/db/david-johnson-146178/,portal_industry_football_2024
Wande Owens,CB,Yale Bulldogs,,Entered,0,3.0,86.0,1993.0,156.0,2019,2023-11-22T12:00:00,,https://www.on3.com/db/wande-owens-239121/,portal_industry_football_2024
Aidan Kaler,LB,Stony Brook Seawolves,Charlotte 49ers,Committed,0,3.0,86.0,1994.0,100.0,2019,2023-12-20T15:00:00,https://on3static.com/uploads/assets/739/269/269739.png,https://www.on3.com/db/aidan-kaler-163886/,portal_industry_football_2024
Christopher Pearson,S,Houston Cougars,Arkansas State Red Wolves,Committed,0,3.0,83.0,1995.0,227.0,2023,2024-02-07T11:29:00,https://on3static.com/uploads/assets/924/59/59924.png,https://www.on3.com/db/christopher-pearson-151458/,portal_industry_football_2024
Jasaiah Gathings,WR,Akron Zips,Connecticut Huskies,Committed,0,3.0,86.0,1996.0,163.0,2021,2024-01-12T12:02:00,https://on3static.com/uploads/assets/365/265/265365.png,https://www.on3.com/db/jasaiah-gathings-57318/,portal_industry_football_2024
Keenan Cupit,EDGE,UCF Knights,,Entered,0,3.0,83.0,1997.0,150.0,2020,2023-12-05T16:27:00,https://on3static.com/uploads/assets/302/223/223302.png,https://www.on3.com/db/keenan-cupit-71845/,portal_industry_football_2024
Malik Curtis,CB,Miami Hurricanes,,Entered,0,3.0,83.0,1998.0,302.0,2021,2023-12-05T19:44:00,https://on3static.com/uploads/assets/61/172/172061.jpg,https://www.on3.com/db/malik-curtis-81795/,portal_industry_football_2024
Jonathan Thomas,LB,Nevada Wolf Pack,,Entered,0,3.0,83.0,1999.0,238.0,2019,2023-12-05T18:12:00,https://on3static.com/uploads/assets/357/265/265357.png,https://www.on3.com/db/jonathan-thomas-64954/,portal_industry_football_2024
Malik Chavis,CB,Arkansas Razorbacks,UNLV Rebels,Committed,0,3.0,86.0,2000.0,186.0,2019,2024-01-07T12:41:00,https://on3static.com/uploads/assets/855/163/163855.jpg,https://www.on3.com/db/malik-chavis-81775/,portal_industry_football_2024
Devin Price,WR,Florida Atlantic Owls,Ole Miss Rebels,Committed,0,3.0,84.0,2001.0,267.0,2020,2023-12-06T16:30:00,https://on3static.com/uploads/dev/assets/940/4/4940.jpg,https://www.on3.com/db/devin-price-36175/,portal_industry_football_2024
Jameel Sanders,CB,USF Bulls,,Entered,0,3.0,83.0,2002.0,287.0,0,2023-12-06T08:22:00,https://on3static.com/uploads/assets/36/155/155036.jpeg,https://www.on3.com/db/jameel-sanders-177605/,portal_industry_football_2024
Wallace Unamba,IOL,Florida Atlantic Owls,New Mexico Lobos,Committed,0,3.0,83.0,2003.0,192.0,2021,2023-12-18T16:58:00,https://on3static.com/uploads/assets/550/440/440550.jpg,https://www.on3.com/db/wallace-unamba-174810/,portal_industry_football_2024
Cam Griffin,CB,Western Michigan Broncos,,Entered,0,3.0,83.0,2004.0,314.0,2020,2023-12-06T15:58:00,https://on3static.com/uploads/assets/680/265/265680.png,https://www.on3.com/db/cam-griffin-17463/,portal_industry_football_2024
Thomas Shrader,OT,Florida State Seminoles,Appalachian State Mountaineers,Committed,0,3.0,87.0,2005.0,44.0,2020,2024-01-07T13:36:00,https://on3static.com/uploads/assets/240/242/242240.jpeg,https://www.on3.com/db/thomas-shrader-112458/,portal_industry_football_2024
Shawn Charles,WR,Arizona State Sun Devils,,Entered,0,3.0,83.0,2006.0,363.0,2020,2023-12-07T10:45:00,https://on3static.com/uploads/assets/300/217/217300.png,https://www.on3.com/db/shawn-charles-237252/,portal_industry_football_2024
Dillion Williams,S,North Texas Mean Green,UTEP Miners,Committed,0,3.0,83.0,2007.0,241.0,2021,2024-01-10T12:21:00,https://on3static.com/uploads/assets/132/75/75132.jpeg,https://www.on3.com/db/dillion-williams-36967/,portal_industry_football_2024
Clay Nanke,TE,Colorado State Rams,Wyoming Cowboys,Committed,0,3.0,83.0,2009.0,123.0,2021,2024-02-07T12:39:00,https://on3static.com/uploads/assets/942/265/265942.png,https://www.on3.com/db/clay-nanke-23866/,portal_industry_football_2024
Johnny Dickson,IOL,Virginia Tech Hokies,North Texas Mean Green,Committed,0,3.0,86.0,2010.0,106.0,2022,2023-12-17T12:03:00,https://on3static.com/uploads/assets/872/86/86872.jpeg,https://www.on3.com/db/johnny-dickson-63993/,portal_industry_football_2024
Dylan Rollins,OT,BYU Cougars,,Entered,0,3.0,83.0,2011.0,154.0,2021,2023-12-11T10:38:00,https://on3static.com/uploads/assets/924/73/73924.jpg,https://www.on3.com/db/dylan-rollins-40033/,portal_industry_football_2024
Elijah Russell,DL,Marshall Thundering Herd,,Entered,0,3.0,83.0,2012.0,237.0,2022,2023-12-11T13:11:00,https://on3static.com/uploads/assets/198/26/26198.png,https://www.on3.com/db/elijah-russell-41355/,portal_industry_football_2024
Willtrell Hartson,RB,Ohio State Buckeyes,Southern Illinois Salukis,Committed,0,3.0,83.0,2013.0,174.0,2023,2024-01-11T09:14:00,https://on3static.com/uploads/assets/942/266/266942.png,https://www.on3.com/db/willtrell-hartson-121627/,portal_industry_football_2024
Tanaka Scott,WR,Kansas Jayhawks,North Alabama Lions,Committed,0,3.0,83.0,2014.0,323.0,2021,2024-01-16T09:57:00,https://on3static.com/uploads/assets/836/15/15836.jpeg,https://www.on3.com/db/tanaka-scott-110015/,portal_industry_football_2024
Joshua Rawlings,TE,Virginia Cavaliers,,Entered,0,3.0,83.0,2015.0,122.0,2020,2023-12-11T14:35:00,https://on3static.com/uploads/dev/assets/748/9/9748.jpg,https://www.on3.com/db/joshua-rawlings-68061/,portal_industry_football_2024
Dylan Barrett,IOL,Wisconsin Badgers,Iowa State Cyclones,Committed,0,3.0,83.0,2016.0,180.0,2020,,https://on3static.com/uploads/assets/937/465/465937.PNG,https://www.on3.com/db/dylan-barrett-39784/,portal_industry_football_2024
Chadwick Bailey,CB,Tulane Green Wave,,Entered,0,3.0,83.0,2017.0,267.0,2021,2023-12-12T09:55:00,https://on3static.com/uploads/assets/824/214/214824.jpeg,https://www.on3.com/db/chadwick-bailey-160908/,portal_industry_football_2024
Carl Biddings,DL,Indiana Hoosiers,,Entered,0,3.0,83.0,2018.0,230.0,2022,2024-04-22T18:57:00,https://on3static.com/uploads/assets/120/267/267120.png,https://www.on3.com/db/carl-biddings-18340/,portal_industry_football_2024
Javion Posey,WR,Florida Atlantic Owls,,Entered,0,3.0,83.0,2019.0,340.0,2019,2023-12-12T14:47:00,https://on3static.com/uploads/assets/13/74/74013.jpg,https://www.on3.com/db/javion-posey-58089/,portal_industry_football_2024
Quinton Cannon,LB,Western Michigan Broncos,,Entered,0,3.0,83.0,2020.0,241.0,2020,2023-12-12T15:12:00,https://on3static.com/uploads/assets/313/267/267313.png,https://www.on3.com/db/quinton-cannon-97644/,portal_industry_football_2024
Nicolas Session,S,Oklahoma State Cowboys,New Mexico State Aggies,Committed,0,3.0,83.0,2021.0,232.0,2020,2024-01-14T09:03:00,https://on3static.com/uploads/dev/assets/861/7/7861.jpg,https://www.on3.com/db/nicolas-session-93236/,portal_industry_football_2024
Isaiah Jones,WR,Syracuse Orange,,Entered,0,3.0,83.0,2022.0,362.0,2019,2023-12-12T17:44:00,https://on3static.com/uploads/dev/assets/827/9/9827.jpg,https://www.on3.com/db/isaiah-jones-145027/,portal_industry_football_2024
Jymetre Hester,WR,Florida Atlantic Owls,,Entered,0,3.0,83.0,2023.0,327.0,2019,2023-12-13T09:57:00,https://on3static.com/uploads/assets/284/217/217284.png,https://www.on3.com/db/jymetre-hester-70170/,portal_industry_football_2024
Fernando Garza,TE,Texas A&M Aggies,Sam Houston State Bearkats,Committed,0,3.0,85.0,2024.0,74.0,2021,2024-01-08T11:09:00,https://on3static.com/uploads/assets/940/71/71940.jpeg,https://www.on3.com/db/fernando-garza-43782/,portal_industry_football_2024
Elijah Downing,WR,Louisville Cardinals,,Entered,0,3.0,83.0,2026.0,326.0,2019,2023-12-14T14:58:00,https://on3static.com/uploads/assets/431/164/164431.png,https://www.on3.com/db/elijah-downing-41160/,portal_industry_football_2024
Steven Mahar,TE,Syracuse Orange,,Entered,0,3.0,83.0,2027.0,124.0,2020,2023-12-14T16:29:00,https://on3static.com/uploads/dev/assets/834/9/9834.jpg,https://www.on3.com/db/steven-mahar-109009/,portal_industry_football_2024
Tyler Gibson,OT,Georgia Tech Yellow Jackets,Charlotte 49ers,Committed,0,3.0,86.0,2029.0,69.0,2022,2024-01-05T16:43:00,https://on3static.com/uploads/assets/596/86/86596.jpg,https://www.on3.com/db/tyler-gibson-117604/,portal_industry_football_2024
Elias Cloy,IOL,Georgia Tech Yellow Jackets,,Entered,0,3.0,83.0,2030.0,177.0,2023,2023-12-15T09:10:00,https://on3static.com/uploads/assets/481/164/164481.png,https://www.on3.com/db/elias-cloy-151473/,portal_industry_football_2024
Malcolm Pugh,DL,Georgia Tech Yellow Jackets,Louisiana Tech Bulldogs,Committed,0,3.0,83.0,2031.0,214.0,2023,,https://on3static.com/uploads/assets/3/268/268003.png,https://www.on3.com/db/malcolm-pugh-159034/,portal_industry_football_2024
Siaosi Lauhingoa,DL,Utah State Aggies,,Entered,0,3.0,83.0,2032.0,238.0,2018,2023-12-15T14:20:00,https://on3static.com/uploads/assets/102/268/268102.png,https://www.on3.com/db/siaosi-lauhingoa-107372/,portal_industry_football_2024
Tyler Hibbler,S,Missouri Tigers,,Entered,116850,3.0,83.0,2033.0,234.0,2021,2023-12-15T14:28:00,https://on3static.com/uploads/assets/28/164/164028.jpeg,https://www.on3.com/db/tyler-hibbler-117692/,portal_industry_football_2024
Todd Bowles Jr.,S,Rutgers Scarlet Knights,,Entered,0,3.0,83.0,2034.0,224.0,2021,2023-12-17T10:43:00,https://on3static.com/uploads/assets/591/176/176591.jpeg,https://www.on3.com/db/todd-bowles-jr-113271/,portal_industry_football_2024
Aaron Young,RB,Rutgers Scarlet Knights,Old Dominion Monarchs,Committed,0,3.0,84.0,2035.0,162.0,2019,2024-01-08T18:20:00,https://on3static.com/uploads/dev/assets/274/9/9274.jpg,https://www.on3.com/db/aaron-young-869/,portal_industry_football_2024
Kierron Smith,DL,Georgia Southern Eagles,,Entered,0,3.0,83.0,2036.0,211.0,2018,2023-12-17T22:00:00,,https://www.on3.com/db/kierron-smith-75161/,portal_industry_football_2024
Terrance Butler,LB,Charlotte 49ers,,Entered,0,3.0,83.0,2037.0,231.0,2021,2023-12-18T09:12:00,https://on3static.com/uploads/assets/26/16/16026.jpeg,https://www.on3.com/db/terrance-butler-111312/,portal_industry_football_2024
Louis Frye,S,Northern Illinois Huskies,Temple Owls,Committed,0,3.0,83.0,2038.0,239.0,2021,2024-01-06T16:19:00,https://on3static.com/uploads/assets/928/268/268928.png,https://www.on3.com/db/louis-frye-156201/,portal_industry_football_2024
Ryan King,WR,East Carolina Pirates,,Entered,0,3.0,83.0,2039.0,350.0,2020,2023-12-18T09:03:00,https://on3static.com/uploads/dev/assets/904/10/10904.jpg,https://www.on3.com/db/ryan-king-103327/,portal_industry_football_2024
Larry Simmons,WR,Ole Miss Rebels,Southern Miss Golden Eagles,Committed,0,3.0,86.0,2040.0,170.0,2022,2023-12-24T12:15:00,https://on3static.com/uploads/assets/810/21/21810.jpeg,https://www.on3.com/db/larry-simmons-78356/,portal_industry_football_2024
Bradley Schlom,WR,UCLA Bruins,,Entered,0,3.0,83.0,2041.0,355.0,2020,2023-12-19T00:08:00,https://on3static.com/uploads/dev/assets/459/5/5459.jpg,https://www.on3.com/db/bradley-schlom-11806/,portal_industry_football_2024
Snoop Leota-Amaama,OT,Virginia Cavaliers,Nevada Wolf Pack,Committed,0,3.0,83.0,2042.0,153.0,2022,2024-01-08T13:08:00,https://on3static.com/uploads/assets/66/164/164066.png,https://www.on3.com/db/snoop-leota-amaama-110240/,portal_industry_football_2024
Lannden Zanders,S,Clemson Tigers,,Entered,0,3.0,83.0,2043.0,231.0,2019,2023-12-19T15:25:00,https://on3static.com/uploads/assets/773/17/17773.jpeg,https://www.on3.com/db/lannden-zanders-78125/,portal_industry_football_2024
Anthony Enechukwu,S,Western Michigan Broncos,,Entered,0,3.0,83.0,2044.0,243.0,2020,2023-12-19T14:06:00,https://on3static.com/uploads/assets/373/269/269373.png,https://www.on3.com/db/anthony-enechukwu-6062/,portal_industry_football_2024
Saipale Fuimaono,OT,Allen Hancock,San Diego State Aztecs,Committed,0,3.0,83.0,2045.0,143.0,0,2023-12-20T13:28:00,https://on3static.com/uploads/assets/677/269/269677.png,https://www.on3.com/db/saipale-fuimaono-239449/,portal_industry_football_2024
Kalani Norris,WR,Middle Tennessee State Blue Raiders,,Entered,0,3.0,83.0,2046.0,317.0,2019,2023-12-20T11:45:00,https://on3static.com/uploads/dev/assets/939/10/10939.jpg,https://www.on3.com/db/kalani-norris-70642/,portal_industry_football_2024
Kaedric Cobbs,RB,UTSA Roadrunners,,Entered,0,3.0,83.0,2047.0,195.0,2020,2023-12-20T09:08:00,https://on3static.com/uploads/assets/751/73/73751.jpeg,https://www.on3.com/db/kaedric-cobbs-70435/,portal_industry_football_2024
Alec Eckert,DL,Washington State Cougars,Montana State Bobcats,Committed,0,3.0,83.0,2048.0,229.0,2021,2024-01-06T09:55:00,https://on3static.com/uploads/assets/253/24/24253.jpeg,https://www.on3.com/db/alec-eckert-2639/,portal_industry_football_2024
Tanoai Letuli,LB,Army Black Knights,San Diego State Aztecs,Committed,0,3.0,83.0,2049.0,247.0,2022,2023-12-30T17:01:00,,https://www.on3.com/db/tanoai-letuli-110232/,portal_industry_football_2024
Quintell Quinn,RB,Ohio Bobcats,,Entered,0,3.0,83.0,2050.0,183.0,2021,2023-12-21T17:57:00,https://on3static.com/uploads/assets/967/12/12967.jpeg,https://www.on3.com/db/quintell-quinn-97563/,portal_industry_football_2024
Joseph Solomon,OT,Appalachian State Mountaineers,,Entered,0,3.0,83.0,2051.0,157.0,2020,2023-12-22T12:00:00,https://on3static.com/uploads/assets/173/74/74173.jpeg,https://www.on3.com/db/joseph-solomon-66683/,portal_industry_football_2024
Reece Adkins,TE,Eastern Kentucky Colonels,UCF Knights,Committed,0,3.0,83.0,2052.0,108.0,2020,2023-12-20T22:58:00,https://on3static.com/uploads/assets/658/270/270658.png,https://www.on3.com/db/reece-adkins-190194/,portal_industry_football_2024
Dylan Shelton,DL,Indianapolis Greyhounds,Eastern Michigan Eagles,Committed,0,3.0,84.0,2054.0,200.0,2019,2023-12-20T08:05:00,,https://www.on3.com/db/dylan-shelton-40048/,portal_industry_football_2024
Kervins Choute,EDGE,UCF Knights,Connecticut Huskies,Committed,0,3.0,84.0,2055.0,130.0,2020,2023-12-17T11:19:00,https://on3static.com/uploads/assets/450/473/473450.png,https://www.on3.com/db/kervins-choute-73756/,portal_industry_football_2024
Jalen Frazier,CB,UNLV Rebels,,Entered,0,3.0,83.0,2056.0,283.0,2019,2023-12-20T07:48:00,https://on3static.com/uploads/dev/assets/224/10/10224.jpg,https://www.on3.com/db/jalen-frazier-54270/,portal_industry_football_2024
Rashon Myles Jr.,S,Northern Illinois Huskies,Abilene Christian Wildcats,Committed,0,3.0,83.0,2057.0,246.0,2022,,https://on3static.com/uploads/assets/148/268/268148.png,https://www.on3.com/db/rashon-myles-jr-98738/,portal_industry_football_2024
Chase Dial-Watson,S,Georgia Southern Eagles,,Entered,0,3.0,83.0,2058.0,244.0,2020,2023-12-18T16:22:00,,https://www.on3.com/db/chase-dial-watson-239532/,portal_industry_football_2024
Alexander Doost,IOL,Northwestern Wildcats,Arizona Wildcats,Committed,0,3.0,84.0,2059.0,146.0,2023,2023-12-30T13:34:00,https://on3static.com/uploads/assets/630/219/219630.png,https://www.on3.com/db/alexander-doost-3550/,portal_industry_football_2024
Naki Fahina,EDGE,UNLV Rebels,New Mexico State Aggies,Committed,0,3.0,83.0,2060.0,151.0,2019,2024-01-05T10:46:00,https://on3static.com/uploads/assets/4/177/177004.png,https://www.on3.com/db/naki-fahina-90962/,portal_industry_football_2024
Ben Johnson,S,Ohio Bobcats,,Entered,0,3.0,83.0,2061.0,238.0,2019,2023-12-27T13:19:00,https://on3static.com/uploads/assets/79/271/271079.jpeg,https://www.on3.com/db/ben-johnson-143803/,portal_industry_football_2024
Marvin Covington,S,New Mexico Lobos,,Entered,0,3.0,83.0,2062.0,247.0,2021,2023-12-28T13:45:00,https://on3static.com/uploads/assets/894/12/12894.jpeg,https://www.on3.com/db/marvin-covington-84599/,portal_industry_football_2024
Deston Hawkins,RB,Syracuse Orange,Nevada Wolf Pack,Committed,0,3.0,83.0,2063.0,200.0,2019,,https://on3static.com/uploads/assets/786/271/271786.png,https://www.on3.com/db/deston-hawkins-35684/,portal_industry_football_2024
Cam'Ron Stewart,DL,Rutgers Scarlet Knights,Temple Owls,Committed,0,3.0,83.0,2064.0,225.0,2021,2024-01-06T16:19:00,https://on3static.com/uploads/assets/152/16/16152.jpeg,https://www.on3.com/db/camron-stewart-17549/,portal_industry_football_2024
Q'yaeir Price,DL,Rutgers Scarlet Knights,Delaware Fightin' Blue Hens,Committed,0,3.0,83.0,2065.0,247.0,2022,2024-02-08T16:32:00,https://on3static.com/uploads/assets/518/22/22518.jpeg,https://www.on3.com/db/qyaeir-price-96999/,portal_industry_football_2024
Jaylon Shelton,CB,Texas State Bobcats,UTEP Miners,Committed,0,3.0,83.0,2066.0,312.0,2020,2024-01-15T12:44:00,https://on3static.com/uploads/assets/805/85/85805.jpeg,https://www.on3.com/db/jaylon-shelton-59147/,portal_industry_football_2024
Jairus Satele,DL,San Jose State Spartans,Fresno State Bulldogs,Committed,0,3.0,83.0,2067.0,244.0,2022,2024-01-14T12:20:00,https://on3static.com/uploads/assets/344/177/177344.png,https://www.on3.com/db/jairus-satele-53205/,portal_industry_football_2024
Aidan Warner,QB,Yale Bulldogs,Florida Gators,Committed,0,3.0,83.0,2070.0,164.0,2023,,https://on3static.com/uploads/assets/440/335/335440.png,https://www.on3.com/db/aidan-warner-150714/,portal_industry_football_2024
DeWayne Gissendanner,CB,Presbyterian Blue Hose,West Georgia Wolves,Committed,0,3.0,83.0,2071.0,300.0,2022,2024-01-09T11:07:00,https://on3static.com/uploads/assets/937/272/272937.png,https://www.on3.com/db/dewayne-gissendanner-239574/,portal_industry_football_2024
Damarius Good,RB,Texas State Bobcats,,Entered,0,3.0,83.0,2072.0,175.0,2019,2024-01-29T11:30:00,https://on3static.com/uploads/assets/204/174/174204.png,https://www.on3.com/db/damarius-good-28450/,portal_industry_football_2024
Isaac Washington,DL,Charlotte 49ers,,Entered,0,3.0,83.0,2073.0,251.0,2021,2023-12-04T12:42:00,https://on3static.com/uploads/assets/883/91/91883.jpg,https://www.on3.com/db/isaac-washington-49297/,portal_industry_football_2024
Christian Pedersen,TE,FIU Golden Panthers,,Entered,0,3.0,83.0,2074.0,103.0,2021,2024-01-02T19:13:00,https://on3static.com/uploads/assets/813/17/17813.jpeg,https://www.on3.com/db/christian-pedersen-23095/,portal_industry_football_2024
Jake Wilson,EDGE,Penn State Nittany Lions,,Entered,0,3.0,83.0,2075.0,147.0,2020,2024-01-02T13:58:00,https://on3static.com/uploads/assets/218/222/222218.png,https://www.on3.com/db/jake-wilson-53957/,portal_industry_football_2024
Rodney Groce Jr.,LB,UTSA Roadrunners,Ole Miss Rebels,Committed,0,3.0,83.0,2077.0,239.0,2020,2024-08-21T16:33:00,https://on3static.com/uploads/dev/assets/65/3/3065.jpg,https://www.on3.com/db/rodney-groce-jr-101703/,portal_industry_football_2024
Grant Daley,WR,California Golden Bears,,Entered,0,3.0,83.0,2078.0,364.0,2020,2024-01-03T07:43:00,https://on3static.com/uploads/dev/assets/713/6/6713.jpg,https://www.on3.com/db/grant-daley-46432/,portal_industry_football_2024
Elijah Canion,WR,Purdue Boilermakers,Liberty Flames,Committed,0,3.0,83.0,2079.0,298.0,2020,2024-05-06T08:02:00,https://on3static.com/uploads/assets/112/217/217112.png,https://www.on3.com/db/elijah-canion-41117/,portal_industry_football_2024
Jalen Mayala,EDGE,UAB Blazers,,Entered,0,3.0,83.0,2080.0,156.0,2020,2024-01-03T14:18:00,https://on3static.com/uploads/assets/955/15/15955.jpeg,https://www.on3.com/db/jalen-mayala-54380/,portal_industry_football_2024
Cameron George,LB,Louisiana Ragin Cajuns,,Entered,0,3.0,83.0,2081.0,249.0,2021,2024-01-03T18:26:00,,https://www.on3.com/db/cameron-george-17812/,portal_industry_football_2024
Jayhvion Gipson,LB,New Mexico State Aggies,,Entered,0,3.0,83.0,2082.0,232.0,2021,2024-01-08T12:17:00,https://on3static.com/uploads/assets/916/12/12916.jpeg,https://www.on3.com/db/jayhvion-gipson-58760/,portal_industry_football_2024
Ibrahim Traore,OT,Penn State Nittany Lions,Toledo Rockets,Committed,0,3.0,83.0,2083.0,147.0,2020,2024-07-16T15:05:00,https://on3static.com/uploads/assets/419/222/222419.png,https://www.on3.com/db/ibrahim-traore-48895/,portal_industry_football_2024
Tyson Meiguez,LB,Georgia Tech Yellow Jackets,Murray State Racers,Committed,0,3.0,83.0,2084.0,225.0,2020,2024-05-07T10:55:00,https://on3static.com/uploads/assets/265/16/16265.jpeg,https://www.on3.com/db/tyson-meiguez-119053/,portal_industry_football_2024
Yessman Green,CB,Jacksonville State Gamecocks,UTEP Miners,Committed,0,3.0,83.0,2085.0,291.0,2020,2024-01-08T11:43:00,https://on3static.com/uploads/assets/211/181/181211.png,https://www.on3.com/db/yessman-green-179716/,portal_industry_football_2024
Elvin Harris,OT,Campbell Fighting Camels,New Mexico Lobos,Committed,0,3.0,83.0,2086.0,158.0,2023,2024-01-08T11:52:00,https://on3static.com/uploads/assets/165/47/47165.jpeg,https://www.on3.com/db/elvin-harris-41593/,portal_industry_football_2024
Keegan Wilburn,WR,Ohio Bobcats,,Entered,0,3.0,83.0,2087.0,313.0,2020,2024-01-09T14:52:00,,https://www.on3.com/db/keegan-wilburn-71807/,portal_industry_football_2024
Chance Carroll,IOL,North Carolina Tar Heels,Georgia Southern Eagles,Committed,0,3.0,83.0,2088.0,178.0,2020,,https://on3static.com/uploads/dev/assets/163/10/10163.jpg,https://www.on3.com/db/chance-carroll-19757/,portal_industry_football_2024
Brandon McElroy,DL,Marshall Thundering Herd,San Diego State Aztecs,Committed,0,3.0,83.0,2089.0,215.0,0,2024-01-10T12:30:00,https://on3static.com/uploads/assets/210/266/266210.png,https://www.on3.com/db/brandon-mcelroy-179707/,portal_industry_football_2024
Andrew Jacobs,WR,Charlotte 49ers,,Entered,0,3.0,83.0,2090.0,314.0,2022,2024-01-10T14:51:00,https://on3static.com/uploads/assets/706/135/135706.png,https://www.on3.com/db/andrew-jacobs-145471/,portal_industry_football_2024
Jahquez Robinson,S,Colorado Buffaloes,Auburn Tigers,Committed,0,3.0,83.0,2091.0,230.0,2020,,https://on3static.com/uploads/assets/282/242/242282.jpeg,https://www.on3.com/db/jahquez-robinson-53049/,portal_industry_football_2024
Will Prendergast,DL,FIU Golden Panthers,Colorado State Rams,Committed,0,3.0,83.0,2092.0,243.0,2020,,,https://www.on3.com/db/will-prendergast-120985/,portal_industry_football_2024
Griffin Waiss,TE,Washington Huskies,Stanford Cardinal,Committed,0,3.0,83.0,2093.0,133.0,2021,,https://on3static.com/uploads/assets/618/16/16618.jpeg,https://www.on3.com/db/griffin-waiss-47171/,portal_industry_football_2024
Tevin Griffey,CB,Florida A&M Rattlers,Boise State Broncos,Committed,0,3.0,83.0,2094.0,290.0,2020,2024-02-07T15:04:00,,https://www.on3.com/db/tevin-griffey-111982/,portal_industry_football_2024
Sifa Leota,LB,North Texas Mean Green,Louisiana Tech Bulldogs,Committed,0,3.0,84.0,2095.0,209.0,2021,,https://on3static.com/uploads/assets/674/219/219674.png,https://www.on3.com/db/sifa-leota-161421/,portal_industry_football_2024
Bleu Stewart,S,Utah Utes,BYU Cougars,Committed,0,3.0,83.0,2096.0,215.0,2021,,https://on3static.com/uploads/assets/603/16/16603.jpeg,https://www.on3.com/db/bleu-stewart-30864/,portal_industry_football_2024
Amaun Williams,CB,Wisconsin Badgers,,Entered,0,3.0,83.0,2098.0,289.0,2020,2023-12-04T11:41:00,https://on3static.com/uploads/dev/assets/489/10/10489.jpg,https://www.on3.com/db/amaun-williams-4242/,portal_industry_football_2024
Jordan Jakes,WR,UNLV Rebels,,Entered,0,3.0,83.0,2099.0,353.0,2019,2023-11-29T17:31:00,https://on3static.com/uploads/assets/15/17/17015.jpeg,https://www.on3.com/db/jordan-jakes-143675/,portal_industry_football_2024
Ross Gengler,LB,Wisconsin Badgers,,Entered,0,3.0,83.0,2100.0,245.0,2020,2023-12-04T11:43:00,https://on3static.com/uploads/dev/assets/506/10/10506.jpg,https://www.on3.com/db/ross-gengler-102495/,portal_industry_football_2024
Jalen Glaze,CB,Florida A&M Rattlers,,Entered,0,3.0,83.0,2101.0,321.0,2020,,https://on3static.com/uploads/assets/359/253/253359.jpg,https://www.on3.com/db/jalen-glaze-54278/,portal_industry_football_2024
Aaron Greene,TE,San Diego State Aztecs,,Entered,0,3.0,83.0,2102.0,132.0,2020,2023-11-29T15:03:00,https://on3static.com/uploads/assets/517/178/178517.png,https://www.on3.com/db/aaron-greene-518/,portal_industry_football_2024
Brandon Niemenski,TE,Connecticut Huskies,,Entered,0,3.0,83.0,2103.0,104.0,2020,2024-01-16T15:10:00,https://on3static.com/uploads/assets/268/277/277268.png,https://www.on3.com/db/brandon-niemenski-12890/,portal_industry_football_2024
Davone Walden,CB,UNLV Rebels,,Entered,0,3.0,83.0,2104.0,320.0,2019,2024-01-16T14:01:00,https://on3static.com/uploads/assets/45/177/177045.png,https://www.on3.com/db/davone-walden-32482/,portal_industry_football_2024
Hunter Sellers,CB,New Mexico Lobos,,Entered,0,3.0,83.0,2105.0,310.0,2020,2024-01-17T13:37:00,https://on3static.com/uploads/dev/assets/939/9/9939.jpg,https://www.on3.com/db/hunter-sellers-48607/,portal_industry_football_2024
Sam Hill,IOL,FIU Golden Panthers,,Entered,0,3.0,83.0,2106.0,195.0,2021,2024-01-17T12:40:00,,https://www.on3.com/db/sam-hill-150579/,portal_industry_football_2024
Noah Stewart,OT,Michigan Wolverines,,Entered,0,3.0,83.0,2108.0,161.0,2020,2024-01-18T16:11:00,https://on3static.com/uploads/dev/assets/963/6/6963.jpg,https://www.on3.com/db/noah-stewart-93764/,portal_industry_football_2024
Brian Crespo,OT,Colorado State Rams,,Entered,0,3.0,83.0,2109.0,165.0,2020,2024-01-18T17:34:00,https://on3static.com/uploads/assets/151/278/278151.png,https://www.on3.com/db/brian-crespo-14434/,portal_industry_football_2024
Justin Beadles,DL,Houston Cougars,New Mexico State Aggies,Committed,0,3.0,83.0,2110.0,224.0,2020,2024-04-19T11:02:00,https://on3static.com/uploads/assets/14/25/25014.jpeg,https://www.on3.com/db/justin-beadles-69049/,portal_industry_football_2024
Antonio Smith,EDGE,Akron Zips,,Entered,0,3.0,83.0,2111.0,141.0,2018,2024-01-23T15:10:00,https://on3static.com/uploads/assets/566/279/279566.png,https://www.on3.com/db/antonio-smith-7088/,portal_industry_football_2024
Jalen Klemm,OT,Washington Huskies,Arizona State Sun Devils,Committed,0,3.0,86.0,2112.0,66.0,2022,2024-02-05T06:54:00,https://on3static.com/uploads/assets/392/472/472392.jpg,https://www.on3.com/db/jalen-klemm-147566/,portal_industry_football_2024
Jeremiah Robinson,S,Southern Miss Golden Eagles,,Entered,0,3.0,83.0,2113.0,217.0,2021,2024-01-30T15:36:00,https://on3static.com/uploads/assets/970/75/75970.jpeg,https://www.on3.com/db/jeremiah-robinson-60194/,portal_industry_football_2024
Jake Tafelski,RB,Central Michigan Chippewas,Notre Dame Fighting Irish,Committed,0,3.0,83.0,2114.0,202.0,2020,,https://on3static.com/uploads/assets/542/282/282542.png,https://www.on3.com/db/jake-tafelski-53892/,portal_industry_football_2024
Willie Harts,CB,Arizona State Sun Devils,,Entered,0,3.0,83.0,2115.0,305.0,2019,2024-02-05T12:17:00,https://on3static.com/uploads/dev/assets/887/6/6887.jpg,https://www.on3.com/db/willie-harts-121509/,portal_industry_football_2024
Michael Watkins,IOL,Arizona Wildcats,Washington Huskies,Committed,0,3.0,84.0,2116.0,141.0,2024,2024-02-29T19:12:00,https://on3static.com/uploads/assets/593/146/146593.png,https://www.on3.com/db/michael-watkins-176332/,portal_industry_football_2024
Connor Witthoft,TE,New Mexico Lobos,Delaware Fightin' Blue Hens,Committed,0,3.0,83.0,2117.0,101.0,2020,2024-02-08T16:30:00,https://on3static.com/uploads/assets/927/178/178927.png,https://www.on3.com/db/connor-witthoft-25754/,portal_industry_football_2024
Nate Evans,CB,NC State Wolfpack,Delaware Fightin' Blue Hens,Committed,0,3.0,83.0,2118.0,308.0,2021,2024-02-08T16:33:00,https://on3static.com/uploads/dev/assets/262/10/10262.jpg,https://www.on3.com/db/nate-evans-91198/,portal_industry_football_2024
LeShaun Bell,EDGE,UNLV Rebels,,Entered,0,3.0,83.0,2119.0,142.0,2020,2024-02-14T19:15:00,https://on3static.com/uploads/assets/82/177/177082.png,https://www.on3.com/db/leshaun-bell-79211/,portal_industry_football_2024
Clyde Price,RB,Akron Zips,,Entered,0,3.0,83.0,2120.0,179.0,2019,2024-02-26T12:16:00,https://on3static.com/uploads/dev/assets/273/8/8273.jpg,https://www.on3.com/db/clyde-price-24167/,portal_industry_football_2024
Gunnar Smith,QB,UCF Knights,,Entered,0,3.0,83.0,2121.0,162.0,2022,2024-03-15T15:27:00,https://on3static.com/uploads/assets/231/190/190231.png,https://www.on3.com/db/gunnar-smith-47222/,portal_industry_football_2024
Jack Grusser,QB,Michigan Wolverines,,Entered,0,3.0,83.0,2122.0,163.0,2023,2024-03-28T15:25:00,https://on3static.com/uploads/assets/610/302/302610.png,https://www.on3.com/db/jack-grusser-51119/,portal_industry_football_2024
Poukesi Vakauta,DL,Utah State Aggies,Colorado State Rams,Committed,0,3.0,83.0,2123.0,220.0,2020,,,https://www.on3.com/db/poukesi-vakauta-96769/,portal_industry_football_2024
Derrian Brown,RB,Texas Longhorns,,Entered,0,3.0,83.0,2124.0,189.0,2019,2024-04-02T12:27:00,https://on3static.com/uploads/assets/299/17/17299.jpeg,https://www.on3.com/db/derrian-brown-34983/,portal_industry_football_2024
Cameron Johnson,TE,Washington State Cougars,,Entered,0,3.0,83.0,2126.0,127.0,2018,2024-04-05T10:26:00,https://on3static.com/uploads/assets/384/219/219384.png,https://www.on3.com/db/cameron-johnson-155127/,portal_industry_football_2024
Logan Mauldin,WR,Coastal Carolina Chanticleers,,Entered,0,3.0,83.0,2127.0,360.0,2020,2024-02-27T09:11:00,https://on3static.com/uploads/assets/650/75/75650.jpg,https://www.on3.com/db/logan-mauldin-79797/,portal_industry_football_2024
Dorian Lewis,RB,New Mexico Lobos,,Entered,0,3.0,83.0,2128.0,197.0,2020,2024-03-18T17:16:00,,https://www.on3.com/db/dorian-lewis-38569/,portal_industry_football_2024
Francis Sherman,TE,Arkansas Razorbacks,Cincinnati Bearcats,Committed,0,3.0,83.0,2129.0,134.0,2020,,https://on3static.com/uploads/assets/14/305/305014.jpg,https://www.on3.com/db/francis-sherman-241769/,portal_industry_football_2024
Sam Hicks,RB,Central Michigan Chippewas,,Entered,0,3.0,83.0,2130.0,204.0,2020,2024-02-27T09:36:00,,https://www.on3.com/db/sam-hicks-179607/,portal_industry_football_2024
Naysean Conway,IOL,Notre Dame College Falcons,,Entered,0,3.0,83.0,2131.0,182.0,0,2024-04-10T11:51:00,,https://www.on3.com/db/naysean-conway-241806/,portal_industry_football_2024
Hayden Hagler,TE,Jackson State Tigers,,Entered,0,3.0,83.0,2132.0,117.0,2019,2024-01-29T09:41:00,https://on3static.com/uploads/assets/573/76/76573.jpg,https://www.on3.com/db/hayden-hagler-47784/,portal_industry_football_2024
Marcus Young,TE,Central Michigan Chippewas,,Entered,0,3.0,83.0,2133.0,118.0,2021,2024-04-10T14:11:00,,https://www.on3.com/db/marcus-young-179755/,portal_industry_football_2024
Quenton Rice,CB,BYU Cougars,Kansas State Wildcats,Committed,0,3.0,83.0,2134.0,326.0,2021,2024-03-01T13:17:00,https://on3static.com/uploads/assets/882/73/73882.jpg,https://www.on3.com/db/quenton-rice-97312/,portal_industry_football_2024
Bryan Massey,S,SMU Mustangs,Houston Cougars,Committed,0,3.0,86.0,2135.0,98.0,2020,2024-05-04T17:10:00,https://on3static.com/uploads/assets/186/219/219186.jpg,https://www.on3.com/db/bryan-massey-15492/,portal_industry_football_2024
Richie Aguilar,EDGE,Shepherd Rams,Coastal Carolina Chanticleers,Committed,0,3.0,83.0,2136.0,144.0,0,2024-04-15T15:51:00,https://on3static.com/uploads/assets/537/340/340537.png,https://www.on3.com/db/richie-aguilar-241949/,portal_industry_football_2024
Kyle Lowe,QB,Middle Tennessee State Blue Raiders,Georgia State Panthers,Committed,0,3.0,83.0,2137.0,166.0,2022,2024-05-07T14:05:00,https://on3static.com/uploads/assets/113/26/26113.png,https://www.on3.com/db/kyle-lowe-76743/,portal_industry_football_2024
Jake Bostick,WR,Iowa Hawkeyes,Texas A&M Aggies,Committed,0,3.0,86.0,2138.0,192.0,2022,2024-05-08T09:05:00,https://on3static.com/uploads/assets/593/139/139593.JPG,https://www.on3.com/db/jake-bostick-51809/,portal_industry_football_2024
Chazz Wallace,DL,Colorado Buffaloes,NC State Wolfpack,Committed,0,3.0,86.0,2139.0,98.0,2020,2024-05-08T22:31:00,https://on3static.com/uploads/assets/378/242/242378.jpeg,https://www.on3.com/db/chazz-wallace-21044/,portal_industry_football_2024
Kamryn Perry,WR,Indiana Hoosiers,Miami (OH) RedHawks,Committed,0,3.0,83.0,2140.0,316.0,2022,2024-04-21T15:09:00,https://on3static.com/uploads/assets/952/306/306952.png,https://www.on3.com/db/kamryn-perry-71129/,portal_industry_football_2024
DC Tabscott,QB,New Mexico Lobos,,Entered,0,3.0,83.0,2141.0,174.0,2021,2024-04-16T08:14:00,https://on3static.com/uploads/assets/196/147/147196.png,https://www.on3.com/db/dc-tabscott-32735/,portal_industry_football_2024
Souleymane Bangoura,CB,Miami Hurricanes,,Entered,0,3.0,83.0,2142.0,327.0,0,2024-04-16T12:00:00,,https://www.on3.com/db/souleymane-bangoura-241970/,portal_industry_football_2024
Jarra Anderson,DL,Memphis Tigers,Arizona Wildcats,Committed,0,3.0,86.0,2143.0,132.0,2023,2024-04-24T10:37:00,https://on3static.com/uploads/assets/603/214/214603.jpeg,https://www.on3.com/db/jarra-anderson-57015/,portal_industry_football_2024
McCae Hillstead,QB,Utah State Aggies,BYU Cougars,Committed,0,3.0,84.0,2144.0,132.0,2023,2024-04-25T11:50:00,https://on3static.com/uploads/assets/36/307/307036.png,https://www.on3.com/db/mccae-hillstead-86859/,portal_industry_football_2024
Quan Peterson,CB,Syracuse Orange,Coastal Carolina Chanticleers,Committed,0,3.0,83.0,2145.0,266.0,2022,,https://on3static.com/uploads/assets/27/87/87027.jpeg,https://www.on3.com/db/quan-peterson-97088/,portal_industry_football_2024
Cevan Edwards,DL,Memphis Tigers,,Entered,0,3.0,83.0,2146.0,242.0,2023,2024-04-16T13:29:00,https://on3static.com/uploads/assets/605/214/214605.jpeg,https://www.on3.com/db/cevan-edwards-158953/,portal_industry_football_2024
Donovan Giles,WR,Florida Atlantic Owls,,Entered,0,3.0,83.0,2147.0,358.0,2022,2024-04-16T14:27:00,https://on3static.com/uploads/assets/219/217/217219.png,https://www.on3.com/db/donovan-giles-38177/,portal_industry_football_2024
Eric Gaston,DL,Memphis Tigers,,Entered,0,3.0,83.0,2148.0,245.0,2022,2024-04-16T12:51:00,https://on3static.com/uploads/dev/assets/358/8/8358.jpg,https://www.on3.com/db/eric-gaston-42115/,portal_industry_football_2024
Jaden Milliner-Jones,S,Colorado Buffaloes,SMU Mustangs,Committed,0,3.0,86.0,2149.0,84.0,2023,2024-05-01T14:00:00,https://on3static.com/uploads/assets/314/242/242314.jpeg,https://www.on3.com/db/jaden-milliner-jones-52652/,portal_industry_football_2024
De'Eric Mister,OT,Minnesota Golden Gophers,,Entered,0,3.0,83.0,2150.0,140.0,2023,2024-04-16T16:10:00,https://on3static.com/uploads/assets/323/307/307323.png,https://www.on3.com/db/deeric-mister-151166/,portal_industry_football_2024
Briton Allen,S,Utah Utes,,Entered,0,3.0,83.0,2151.0,213.0,2019,2024-04-16T18:12:00,https://on3static.com/uploads/assets/531/95/95531.png,https://www.on3.com/db/briton-allen-14965/,portal_industry_football_2024
Tate Zimmerman,LB,New Mexico Lobos,,Entered,0,3.0,83.0,2152.0,242.0,2022,2024-04-16T16:32:00,https://on3static.com/uploads/assets/921/178/178921.png,https://www.on3.com/db/tate-zimmerman-149892/,portal_industry_football_2024
John Howse IV,S,Vanderbilt Commodores,Middle Tennessee State Blue Raiders,Committed,0,3.0,83.0,2153.0,226.0,2021,,https://on3static.com/uploads/assets/984/17/17984.jpeg,https://www.on3.com/db/john-howse-iv-144807/,portal_industry_football_2024
Connor Gilbreath,TE,LSU Tigers,Boise State Broncos,Committed,0,3.0,83.0,2154.0,136.0,2022,2024-05-14T14:57:00,https://on3static.com/uploads/assets/155/184/184155.jpg,https://www.on3.com/db/connor-gilbreath-180025/,portal_industry_football_2024
Larry Preston,CB,FIU Golden Panthers,,Entered,0,3.0,83.0,2155.0,323.0,2020,2024-04-17T12:08:00,https://on3static.com/uploads/assets/565/307/307565.png,https://www.on3.com/db/larry-preston-78339/,portal_industry_football_2024
Bralyn Oliver,S,Syracuse Orange,Florida A&M Rattlers,Committed,0,3.0,83.0,2156.0,225.0,2021,2024-07-03T13:32:00,https://on3static.com/uploads/assets/422/384/384422.jpg,https://www.on3.com/db/bralyn-oliver-12012/,portal_industry_football_2024
Karson Jones,OT,Houston Cougars,East Carolina Pirates,Committed,0,3.0,83.0,2158.0,152.0,2022,,https://on3static.com/uploads/assets/390/223/223390.png,https://www.on3.com/db/karson-jones-145704/,portal_industry_football_2024
Grant Tisdale,QB,TCU Horned Frogs,North Texas Mean Green,Committed,0,3.0,83.0,2159.0,159.0,2019,,https://on3static.com/uploads/assets/660/17/17660.jpeg,https://www.on3.com/db/grant-tisdale-46606/,portal_industry_football_2024
Josh Palmer,TE,Vanderbilt Commodores,,Entered,0,3.0,83.0,2160.0,135.0,2023,2024-04-18T12:31:00,https://on3static.com/uploads/assets/143/308/308143.png,https://www.on3.com/db/josh-palmer-150171/,portal_industry_football_2024
Cade McConnell,IOL,Minnesota Golden Gophers,Vanderbilt Commodores,Committed,0,3.0,86.0,2161.0,112.0,2022,2024-04-19T16:15:00,https://on3static.com/uploads/assets/320/332/332320.png,https://www.on3.com/db/cade-mcconnell-16626/,portal_industry_football_2024
Al Ashford III,CB,Utah State Aggies,,Entered,0,3.0,83.0,2162.0,281.0,2021,2024-04-19T16:16:00,https://on3static.com/uploads/assets/181/16/16181.jpeg,https://www.on3.com/db/al-ashford-iii-2387/,portal_industry_football_2024
Joseph Appiah Darkwa,DL,Temple Owls,,Entered,0,3.0,83.0,2163.0,246.0,2019,2024-04-19T15:13:00,https://on3static.com/uploads/assets/958/25/25958.jpg,https://www.on3.com/db/joseph-appiah-darkwa-66745/,portal_industry_football_2024
Genson Hooper-Price,WR,Coastal Carolina Chanticleers,,Entered,0,3.0,83.0,2164.0,348.0,2019,2024-04-22T08:37:00,https://on3static.com/uploads/dev/assets/576/8/8576.jpg,https://www.on3.com/db/genson-hooper-price-45560/,portal_industry_football_2024
Chase Kennedy,EDGE,Utah Utes,Arizona Wildcats,Committed,0,3.0,84.0,2165.0,118.0,2022,2024-04-29T16:45:00,https://on3static.com/uploads/assets/637/175/175637.jpeg,https://www.on3.com/db/chase-kennedy-20724/,portal_industry_football_2024
J.J. Hawkins,DL,Colorado Buffaloes,Marshall Thundering Herd,Committed,0,3.0,83.0,2166.0,207.0,2021,2024-05-03T15:32:00,https://on3static.com/uploads/assets/449/245/245449.png,https://www.on3.com/db/jj-hawkins-61544/,portal_industry_football_2024
David Stickle,IOL,Florida State Seminoles,Rice Owls,Committed,0,3.0,83.0,2167.0,174.0,2020,,,https://www.on3.com/db/david-stickle-159911/,portal_industry_football_2024
Keshon Artis,LB,Northern Illinois Huskies,,Entered,0,3.0,83.0,2168.0,222.0,2018,2024-04-22T16:24:00,https://on3static.com/uploads/dev/assets/554/9/9554.jpg,https://www.on3.com/db/keshon-artis-73814/,portal_industry_football_2024
Syncere Massey,DL,Abilene Christian Wildcats,,Entered,0,3.0,83.0,2169.0,219.0,2022,2024-04-22T16:11:00,https://on3static.com/uploads/assets/164/22/22164.jpeg,https://www.on3.com/db/syncere-massey-109355/,portal_industry_football_2024
Isaiah Newell,RB,Oregon State Beavers,,Entered,0,3.0,83.0,2170.0,194.0,2020,2024-04-22T15:04:00,https://on3static.com/uploads/dev/assets/98/6/6098.jpg,https://www.on3.com/db/isaiah-newell-49664/,portal_industry_football_2024
Cole Mitchell,TE,Pittsburgh Panthers,,Entered,0,3.0,83.0,2171.0,129.0,2021,2024-04-22T13:17:00,https://on3static.com/uploads/assets/299/72/72299.jpg,https://www.on3.com/db/cole-mitchell-155697/,portal_industry_football_2024
Davion Primm,RB,Michigan State Spartans,,Entered,0,3.0,83.0,2172.0,177.0,2021,2024-04-22T20:28:00,https://on3static.com/uploads/assets/163/235/235163.png,https://www.on3.com/db/davion-primm-32315/,portal_industry_football_2024
Deacon Hill,QB,Iowa Hawkeyes,Utah Tech Trailblazers,Committed,0,3.0,84.0,2173.0,147.0,2021,2024-05-18T08:21:00,https://on3static.com/uploads/assets/124/171/171124.jpg,https://www.on3.com/db/deacon-hill-32877/,portal_industry_football_2024
Sammy Malignaggi,RB,James Madison Dukes,,Entered,0,3.0,83.0,2174.0,188.0,2020,2024-04-22T20:35:00,https://on3static.com/uploads/assets/435/178/178435.jpeg,https://www.on3.com/db/sammy-malignaggi-104693/,portal_industry_football_2024
Nathan Voorhis,LB,Connecticut Huskies,,Entered,0,3.0,83.0,2175.0,244.0,2022,2024-04-23T11:08:00,https://on3static.com/uploads/assets/38/26/26038.png,https://www.on3.com/db/nathan-voorhis-147322/,portal_industry_football_2024
Luke Rucker,QB,Florida Atlantic Owls,USF Bulls,Committed,0,3.0,83.0,2176.0,172.0,2023,2024-07-02T12:06:00,https://on3static.com/uploads/assets/197/217/217197.png,https://www.on3.com/db/luke-rucker-80872/,portal_industry_football_2024
Cooper Lovelace,IOL,USC Trojans,Northwestern Wildcats,Committed,0,3.0,83.0,2177.0,194.0,2019,2024-05-14T10:23:00,https://on3static.com/uploads/assets/298/96/96298.png,https://www.on3.com/db/cooper-lovelace-25875/,portal_industry_football_2024
Ty Gordon,DL,Syracuse Orange,,Entered,0,3.0,83.0,2178.0,253.0,2023,2024-04-23T12:52:00,https://on3static.com/uploads/assets/969/304/304969.png,https://www.on3.com/db/ty-gordon-159105/,portal_industry_football_2024
Gharin Stansbury,DL,Arizona State Sun Devils,Jacksonville State Gamecocks,Committed,0,3.0,83.0,2179.0,239.0,2021,,https://on3static.com/uploads/assets/490/16/16490.jpeg,https://www.on3.com/db/gharin-stansbury-46043/,portal_industry_football_2024
Ethan Hubbard,OT,Duke Blue Devils,South Alabama Jaguars,Committed,0,3.0,83.0,2180.0,149.0,2023,2024-05-09T17:08:00,https://on3static.com/uploads/assets/821/164/164821.png,https://www.on3.com/db/ethan-hubbard-151634/,portal_industry_football_2024
Ricardo Williams,DL,Georgia State Panthers,Old Dominion Monarchs,Committed,0,3.0,83.0,2181.0,208.0,2021,2024-05-07T17:05:00,https://on3static.com/uploads/assets/669/173/173669.png,https://www.on3.com/db/ricardo-williams-159428/,portal_industry_football_2024
Jason White,IOL,Oregon State Beavers,,Entered,0,3.0,83.0,2182.0,189.0,2021,2024-04-24T16:46:00,https://on3static.com/uploads/assets/540/16/16540.jpeg,https://www.on3.com/db/jason-white-57861/,portal_industry_football_2024
CJ Johnson,LB,Memphis Tigers,Sam Houston State Bearkats,Committed,0,3.0,83.0,2184.0,233.0,2020,2024-06-05T12:18:00,https://on3static.com/uploads/assets/91/214/214091.jpeg,https://www.on3.com/db/cj-johnson-173999/,portal_industry_football_2024
Zamar Grove,EDGE,Temple Owls,,Entered,0,3.0,83.0,2185.0,157.0,2022,2024-04-25T15:11:00,https://on3static.com/uploads/assets/511/310/310511.png,https://www.on3.com/db/zamar-grove-150460/,portal_industry_football_2024
Joe More,OT,Syracuse Orange,Arkansas Razorbacks,Committed,0,3.0,85.0,2186.0,104.0,2018,2024-04-29T13:04:00,https://on3static.com/uploads/assets/733/132/132733.jpeg,https://www.on3.com/db/joe-more-62337/,portal_industry_football_2024
Reggie Ellis,CB,Tulsa Golden Hurricane,,Entered,0,3.0,83.0,2187.0,264.0,2019,2024-04-26T12:20:00,https://on3static.com/uploads/assets/994/74/74994.jpeg,https://www.on3.com/db/reggie-ellis-99322/,portal_industry_football_2024
Jayden Bass,OT,Syracuse Orange,,Entered,0,3.0,83.0,2188.0,150.0,2023,2024-04-26T09:15:00,https://on3static.com/uploads/assets/799/473/473799.png,https://www.on3.com/db/jayden-bass-156097/,portal_industry_football_2024
Marquis Black,DL,Western Kentucky Hilltoppers,Gardner-Webb Runnin' Bulldogs,Committed,0,3.0,83.0,2189.0,248.0,2020,2024-05-19T11:15:00,https://on3static.com/uploads/assets/375/475/475375.png,https://www.on3.com/db/marquis-black-84113/,portal_industry_football_2024
Jalin Speed,CB,Sacramento State Hornets,,Entered,0,3.0,83.0,2190.0,324.0,2020,2024-04-26T10:31:00,,https://www.on3.com/db/jalin-speed-54667/,portal_industry_football_2024
Jernias Tafia,DL,Washington State Cougars,Colorado State Rams,Committed,0,3.0,83.0,2191.0,218.0,2020,,https://on3static.com/uploads/dev/assets/420/3/3420.jpg,https://www.on3.com/db/jernias-tafia-60854/,portal_industry_football_2024
AJ Lawson,CB,Iowa Hawkeyes,,Entered,0,3.0,83.0,2192.0,299.0,2020,2024-04-27T19:57:00,https://on3static.com/uploads/assets/592/139/139592.JPG,https://www.on3.com/db/aj-lawson-2189/,portal_industry_football_2024
Calib Perez,OT,Duke Blue Devils,UAB Blazers,Committed,0,3.0,83.0,2193.0,163.0,2020,,https://on3static.com/uploads/dev/assets/51/11/11051.jpg,https://www.on3.com/db/calib-perez-17270/,portal_industry_football_2024
Wes Thompson,OT,Tennessee Tech Golden Eagles,,Entered,0,3.0,83.0,2194.0,146.0,0,2024-04-29T11:45:00,,https://www.on3.com/db/wes-thompson-242247/,portal_industry_football_2024
Dimitri Madden,DL,UTEP Miners,Akron Zips,Committed,0,3.0,83.0,2195.0,241.0,2021,2024-05-13T11:29:00,https://on3static.com/uploads/assets/275/127/127275.jpeg,https://www.on3.com/db/dimitri-madden-174788/,portal_industry_football_2024
Zachary Tobe,CB,Illinois Fighting Illini,Georgia Tech Yellow Jackets,Committed,0,3.0,86.0,2196.0,144.0,2023,2024-04-29T11:11:00,https://on3static.com/uploads/assets/365/464/464365.jpg,https://www.on3.com/db/zachary-tobe-150831/,portal_industry_football_2024
Chris Curry,RB,Utah Utes,,Entered,0,3.0,83.0,2197.0,196.0,2018,2024-04-29T15:20:00,https://on3static.com/uploads/dev/assets/580/4/4580.jpg,https://www.on3.com/db/chris-curry-21585/,portal_industry_football_2024
Omari Philyaw,CB,Appalachian State Mountaineers,,Entered,0,3.0,83.0,2198.0,325.0,2022,2024-04-29T13:06:00,https://on3static.com/uploads/assets/60/170/170060.png,https://www.on3.com/db/omari-philyaw-94457/,portal_industry_football_2024
Jordan McIntyre,WR,Brown Bears,Colorado State Rams,Committed,0,3.0,83.0,2199.0,368.0,2021,,https://on3static.com/uploads/assets/661/311/311661.png,https://www.on3.com/db/jordan-mcintyre-65738/,portal_industry_football_2024
Walter Samuel,RB,Memphis Tigers,,Entered,0,3.0,83.0,2200.0,184.0,2023,2024-04-29T18:43:00,https://on3static.com/uploads/assets/973/132/132973.png,https://www.on3.com/db/walter-samuel-155097/,portal_industry_football_2024
Chris Washington,OT,Miami Hurricanes,,Entered,0,3.0,83.0,2201.0,159.0,2020,2024-04-29T16:48:00,https://on3static.com/uploads/assets/565/222/222565.jpg,https://www.on3.com/db/chris-washington-22632/,portal_industry_football_2024
Noah Gardner,OT,Tulane Green Wave,,Entered,0,3.0,83.0,2202.0,145.0,2023,2024-04-30T11:23:00,,https://www.on3.com/db/noah-gardner-154309/,portal_industry_football_2024
Brian Hannibal,IOL,Liberty Flames,,Entered,0,3.0,83.0,2203.0,191.0,2020,2024-04-30T14:43:00,https://on3static.com/uploads/assets/761/73/73761.jpg,https://www.on3.com/db/brian-hannibal-14540/,portal_industry_football_2024
Brione Ramsey-Brooks,IOL,TCU Horned Frogs,,Entered,0,3.0,83.0,2204.0,179.0,2023,2024-04-30T17:59:00,https://on3static.com/uploads/assets/191/223/223191.png,https://www.on3.com/db/brione-ramsey-brooks-14942/,portal_industry_football_2024
Dajon Harrison,WR,Connecticut Huskies,,Entered,0,3.0,83.0,2205.0,342.0,2020,2024-05-01T07:28:00,https://on3static.com/uploads/dev/assets/616/7/7616.jpg,https://www.on3.com/db/dajon-harrison-27976/,portal_industry_football_2024
Keyshon Mills,CB,SMU Mustangs,,Entered,0,3.0,83.0,2206.0,313.0,2022,2024-05-01T07:29:00,https://on3static.com/uploads/assets/193/219/219193.jpg,https://www.on3.com/db/keyshon-mills-74739/,portal_industry_football_2024
Ryder Burton,QB,BYU Cougars,West Virginia Mountaineers,Committed,0,3.0,83.0,2207.0,171.0,2023,,https://on3static.com/uploads/assets/436/403/403436.png,https://www.on3.com/db/ryder-burton-153901/,portal_industry_football_2024
Zyun Reeves,EDGE,Louisiana Tech Bulldogs,,Entered,0,3.0,83.0,2208.0,155.0,2021,2024-04-30T15:21:00,https://on3static.com/uploads/assets/897/12/12897.jpeg,https://www.on3.com/db/zyun-reeves-123958/,portal_industry_football_2024
Dazalin Worsham,WR,UAB Blazers,,Entered,0,3.0,83.0,2209.0,367.0,2020,2024-05-01T07:31:00,https://on3static.com/uploads/assets/833/93/93833.jpg,https://www.on3.com/db/dazalin-worsham-32724/,portal_industry_football_2024
Ru'Quan Buckley,DL,Nebraska Cornhuskers,Michigan State Spartans,Committed,0,3.0,83.0,2210.0,240.0,2021,2024-05-06T14:04:00,https://on3static.com/uploads/assets/139/168/168139.jpg,https://www.on3.com/db/ruquan-buckley-102653/,portal_industry_football_2024
Jordan Reagan,CB,Oklahoma State Cowboys,Marshall Thundering Herd,Committed,0,3.0,83.0,2211.0,307.0,2020,2024-06-28T15:22:00,https://on3static.com/uploads/dev/assets/927/7/7927.jpg,https://www.on3.com/db/jordan-reagan-65927/,portal_industry_football_2024
Jared Badie,LB,Illinois Fighting Illini,San Diego State Aztecs,Committed,0,3.0,86.0,2212.0,134.0,2022,2024-05-06T11:02:00,https://on3static.com/uploads/assets/608/313/313608.png,https://www.on3.com/db/jared-badie-56538/,portal_industry_football_2024
Solomon Vanhorse,RB,James Madison Dukes,Indiana Hoosiers,Committed,0,3.0,83.0,2213.0,187.0,2018,2024-05-04T17:11:00,https://on3static.com/uploads/assets/216/178/178216.jpeg,https://www.on3.com/db/solomon-vanhorse-107852/,portal_industry_football_2024
Elijah Boyd,TE,UTEP Miners,Bowling Green Falcons,Committed,0,3.0,83.0,2214.0,131.0,2022,,,https://www.on3.com/db/elijah-boyd-175403/,portal_industry_football_2024
Hayden Moore,LB,Michigan Wolverines,Washington Huskies,Committed,0,3.0,84.0,2215.0,205.0,2023,2024-05-08T13:14:00,https://on3static.com/uploads/assets/634/302/302634.png,https://www.on3.com/db/hayden-moore-151565/,portal_industry_football_2024
Payton Edwards,CB,Indiana State Sycamores,,Entered,0,3.0,83.0,2216.0,315.0,0,2024-05-08T11:41:00,,https://www.on3.com/db/payton-edwards-242733/,portal_industry_football_2024
Sir Mells,DL,Utah State Aggies,Georgia State Panthers,Committed,0,3.0,83.0,2217.0,209.0,2022,,https://on3static.com/uploads/assets/919/93/93919.jpeg,https://www.on3.com/db/sir-mells-107620/,portal_industry_football_2024
Kaylin Moore,CB,California Golden Bears,UCLA Bruins,Committed,0,3.0,86.0,2218.0,127.0,2020,2024-05-13T13:35:00,https://on3static.com/uploads/assets/807/315/315807.png,https://www.on3.com/db/kaylin-moore-71554/,portal_industry_football_2024
Mitchell Bothwell,TE,Villanova Wildcats,Boise State Broncos,Committed,0,3.0,83.0,2219.0,125.0,2020,2024-05-13T08:22:00,https://on3static.com/uploads/assets/618/315/315618.jpeg,https://www.on3.com/db/mitchell-bothwell-89940/,portal_industry_football_2024
Jalen O'Neal,CB,Abilene Christian Wildcats,Sam Houston State Bearkats,Committed,0,3.0,83.0,2220.0,288.0,2023,2024-05-14T13:24:00,https://on3static.com/uploads/assets/616/83/83616.jpg,https://www.on3.com/db/jalen-oneal-152125/,portal_industry_football_2024
Aveon Grose,S,Southern Illinois Salukis,Michigan State Spartans,Committed,0,3.0,83.0,2221.0,233.0,2022,,https://on3static.com/uploads/assets/686/91/91686.jpg,https://www.on3.com/db/aveon-grose-8870/,portal_industry_football_2024
Joshua Burrell,ATH,Florida State Seminoles,Furman Paladins,Committed,0,3.0,83.0,2222.0,6.0,2021,2024-05-20T15:21:00,https://on3static.com/uploads/assets/44/242/242044.jpeg,https://www.on3.com/db/joshua-burrell-67854/,portal_industry_football_2024
Bryce Cohoon,WR,Syracuse Orange,Kansas Jayhawks,Committed,0,3.0,83.0,2223.0,312.0,2023,2024-05-25T09:54:00,https://on3static.com/uploads/assets/777/304/304777.png,https://www.on3.com/db/bryce-cohoon-156455/,portal_industry_football_2024
Julian Calvez,QB,Grambling State Tigers,UT Martin Skyhawks,Committed,0,3.0,83.0,2224.0,169.0,2022,2024-05-28T15:59:00,https://on3static.com/uploads/assets/844/145/145844.jpg,https://www.on3.com/db/julian-calvez-68568/,portal_industry_football_2024
John Miller,LB,Oregon State Beavers,Utah State Aggies,Committed,0,3.0,83.0,2225.0,230.0,2020,2024-05-23T11:58:00,https://on3static.com/uploads/assets/533/16/16533.jpeg,https://www.on3.com/db/john-miller-63429/,portal_industry_football_2024
Carson Goda,TE,Saint Anselm Hawks,Illinois Fighting Illini,Committed,0,3.0,83.0,2226.0,128.0,0,2024-05-27T11:18:00,,https://www.on3.com/db/carson-goda-243475/,portal_industry_football_2024
Harold Nash III,CB,Memphis Tigers,North Texas Mean Green,Committed,0,3.0,83.0,2227.0,311.0,2018,2024-05-21T12:36:00,https://on3static.com/uploads/assets/404/214/214404.jpeg,https://www.on3.com/db/harold-nash-iii-47527/,portal_industry_football_2024
Tommy Winton III,WR,East Tennessee State Buccaneers,Tennessee Volunteers,Committed,0,3.0,83.0,2228.0,357.0,2022,2024-05-27T12:17:00,https://on3static.com/uploads/assets/931/318/318931.png,https://www.on3.com/db/tommy-winton-iii-113711/,portal_industry_football_2024
Charles Ross,WR,San Jose State Spartans,USC Trojans,Committed,0,3.0,83.0,2229.0,359.0,2019,2024-05-28T11:42:00,https://on3static.com/uploads/assets/863/407/407863.png,https://www.on3.com/db/charles-ross-20281/,portal_industry_football_2024
Jaxon King,OT,Grambling State Tigers,Massachusetts Minutemen,Committed,0,3.0,83.0,2230.0,166.0,0,2024-05-24T13:46:00,,https://www.on3.com/db/jaxon-king-163557/,portal_industry_football_2024
Connor Keyes,LB,Minnesota Golden Gophers,Cincinnati Bearcats,Committed,0,3.0,83.0,2231.0,229.0,2020,,https://on3static.com/uploads/dev/assets/62/7/7062.jpg,https://www.on3.com/db/connor-keyes-25598/,portal_industry_football_2024
Chris Akporoghene,IOL,Bowling Green Falcons,,Entered,0,3.0,83.0,2232.0,186.0,2019,2024-05-30T15:50:00,https://on3static.com/uploads/assets/84/18/18084.jpeg,https://www.on3.com/db/chris-akporoghene-21247/,portal_industry_football_2024
Ian Massey,S,Oregon State Beavers,Colorado Buffaloes,Committed,0,3.0,83.0,2233.0,248.0,2018,,https://on3static.com/uploads/assets/388/73/73388.jpeg,https://www.on3.com/db/ian-massey-48806/,portal_industry_football_2024
Kaleb Moody,S,Harvard Crimson,Kent State Golden Flashes,Committed,0,3.0,87.0,2234.0,80.0,2020,2023-12-20T16:33:00,https://on3static.com/uploads/assets/404/259/259404.jpeg,https://www.on3.com/db/kaleb-moody-238945/,portal_industry_football_2024
Josh Kaltenberger,IOL,Purdue Boilermakers,Maryland Terrapins,Committed,0,3.0,86.0,2235.0,108.0,2020,2023-12-13T20:43:00,https://on3static.com/uploads/assets/173/217/217173.png,https://www.on3.com/db/josh-kaltenberger-144460/,portal_industry_football_2024
PJ Lucas,DL,Indiana Hoosiers,Memphis Tigers,Committed,0,3.0,86.0,2236.0,139.0,2019,2023-12-18T10:21:00,https://on3static.com/uploads/dev/assets/541/4/4541.jpg,https://www.on3.com/db/pj-lucas-95451/,portal_industry_football_2024
Devontae Houston,RB,Connecticut Huskies,East Tennessee State Buccaneers,Committed,0,3.0,85.0,2237.0,125.0,2020,2024-02-07T13:54:00,https://on3static.com/uploads/assets/33/263/263033.png,https://www.on3.com/db/devontae-houston-145156/,portal_industry_football_2024
Logan Fife,QB,Fresno State Bulldogs,Montana Grizzlies,Committed,0,3.0,86.0,2238.0,88.0,2020,2024-01-16T10:32:00,https://on3static.com/uploads/assets/691/264/264691.jpeg,https://www.on3.com/db/logan-fife-79718/,portal_industry_football_2024
James Pogorelc,OT,Stanford Cardinal,Duke Blue Devils,Committed,0,3.0,84.0,2239.0,120.0,2020,2024-01-27T09:23:00,https://on3static.com/uploads/dev/assets/997/5/5997.jpg,https://www.on3.com/db/james-pogorelc-55824/,portal_industry_football_2024
De'Shawn Rucker,S,Tennessee Volunteers,USF Bulls,Committed,0,3.0,85.0,2241.0,162.0,2021,2023-12-25T18:35:00,https://on3static.com/uploads/assets/250/226/226250.jpeg,https://www.on3.com/db/deshawn-rucker-32842/,portal_industry_football_2024
Jackson Hawes,TE,Yale Bulldogs,Georgia Tech Yellow Jackets,Committed,0,3.0,85.0,2242.0,73.0,2019,2023-12-11T16:00:00,https://on3static.com/uploads/assets/4/267/267004.jpeg,https://www.on3.com/db/jackson-hawes-51589/,portal_industry_football_2024
Solomon Davis,WR,Valparaiso Beacons,Central Michigan Chippewas,Committed,0,3.0,86.0,2243.0,140.0,2020,2023-12-20T16:27:00,https://on3static.com/uploads/assets/950/275/275950.png,https://www.on3.com/db/solomon-davis-232554/,portal_industry_football_2024
Miles Kitselman,TE,Alabama Crimson Tide,Tennessee Volunteers,Committed,0,3.0,84.0,2244.0,77.0,2021,2024-01-12T23:05:00,https://on3static.com/uploads/assets/675/225/225675.jpeg,https://www.on3.com/db/miles-kitselman-154869/,portal_industry_football_2024
Jalen Satchell,DL,Old Dominion Monarchs,Michigan State Spartans,Committed,0,3.0,85.0,2245.0,154.0,2021,2024-05-15T16:04:00,https://on3static.com/uploads/assets/92/74/74092.jpeg,https://www.on3.com/db/jalen-satchell-54502/,portal_industry_football_2024
Justin Olson,WR,Middle Tennessee State Blue Raiders,Charlotte 49ers,Committed,0,3.0,87.0,2246.0,116.0,2019,2023-12-11T17:03:00,https://on3static.com/uploads/dev/assets/188/10/10188.jpg,https://www.on3.com/db/justin-olson-69652/,portal_industry_football_2024
Jack Purcell,OT,Pennsylvania Quakers,Duke Blue Devils,Committed,0,3.0,86.0,2248.0,75.0,2019,2023-12-29T17:02:00,https://on3static.com/uploads/assets/527/259/259527.jpeg,https://www.on3.com/db/jack-purcell-238960/,portal_industry_football_2024
Sulaiman Kpaka,DL,Purdue Boilermakers,Mississippi State Bulldogs,Committed,0,3.0,84.0,2249.0,175.0,2019,2023-12-17T14:23:00,https://on3static.com/uploads/assets/175/217/217175.png,https://www.on3.com/db/sulaiman-kpaka-109254/,portal_industry_football_2024
Brendon Harris,S,Wake Forest Demon Deacons,Middle Tennessee State Blue Raiders,Committed,0,3.0,85.0,2250.0,170.0,2018,2023-12-18T12:10:00,https://on3static.com/uploads/assets/865/162/162865.png,https://www.on3.com/db/brendon-harris-13822/,portal_industry_football_2024
Cameron Harpole,TE,San Diego State Aztecs,Arizona State Sun Devils,Committed,0,3.0,84.0,2251.0,88.0,2021,2023-12-10T12:51:00,https://on3static.com/uploads/assets/233/472/472233.jpg,https://www.on3.com/db/cameron-harpole-17841/,portal_industry_football_2024
Aidan Keanaaina,DL,Notre Dame Fighting Irish,California Golden Bears,Committed,0,3.0,85.0,2252.0,143.0,2020,2023-12-16T13:50:00,https://on3static.com/uploads/assets/900/235/235900.jpeg,https://www.on3.com/db/aidan-keanaaina-2001/,portal_industry_football_2024
CJ Beasley,RB,Coastal Carolina Chanticleers,Georgia State Panthers,Committed,0,3.0,86.0,2253.0,90.0,2020,2023-12-20T17:41:00,https://on3static.com/uploads/dev/assets/830/2/2830.jpg,https://www.on3.com/db/cj-beasley-23560/,portal_industry_football_2024
AJ Williams,S,Wake Forest Demon Deacons,Coastal Carolina Chanticleers,Committed,0,3.0,86.0,2254.0,112.0,2019,2024-02-07T09:29:00,https://on3static.com/uploads/dev/assets/464/9/9464.jpg,https://www.on3.com/db/aj-williams-2252/,portal_industry_football_2024
Drew Viotto,QB,Minnesota Golden Gophers,Eastern Michigan Eagles,Committed,0,3.0,85.0,2255.0,117.0,2023,2023-12-10T11:43:00,https://on3static.com/uploads/assets/912/31/31912.jpg,https://www.on3.com/db/drew-viotto-39218/,portal_industry_football_2024
Felix Hixon,DL,South Carolina Gamecocks,Middle Tennessee State Blue Raiders,Committed,0,3.0,84.0,2256.0,178.0,2022,2024-01-07T13:06:00,https://on3static.com/uploads/assets/67/257/257067.jpg,https://www.on3.com/db/felix-hixon-43747/,portal_industry_football_2024
Martez Thrower,LB,Kentucky Wildcats,,Entered,0,3.0,84.0,2257.0,173.0,2021,2023-12-04T12:58:00,https://on3static.com/uploads/assets/664/15/15664.jpeg,https://www.on3.com/db/martez-thrower-84470/,portal_industry_football_2024
Langston Long,S,Virginia Cavaliers,USF Bulls,Committed,0,3.0,84.0,2258.0,196.0,2021,2024-02-05T10:12:00,https://on3static.com/uploads/assets/406/16/16406.jpeg,https://www.on3.com/db/langston-long-78109/,portal_industry_football_2024
Barrett Maddox,OT,Vanderbilt Commodores,Marshall Thundering Herd,Committed,0,3.0,85.0,2259.0,114.0,2023,2023-12-20T13:14:00,https://on3static.com/uploads/assets/395/585/585395.jpg,https://www.on3.com/db/barrett-maddox-151528/,portal_industry_football_2024
Cedric Melton,OT,Ole Miss Rebels,Houston Cougars,Committed,0,3.0,84.0,2260.0,133.0,2020,2024-01-04T14:29:00,https://on3static.com/uploads/dev/assets/552/4/4552.jpg,https://www.on3.com/db/cedric-melton-19356/,portal_industry_football_2024
KD McDaniel,EDGE,UCF Knights,Georgia State Panthers,Committed,0,3.0,84.0,2261.0,125.0,2019,2024-01-22T09:53:00,https://on3static.com/uploads/dev/assets/749/2/2749.jpg,https://www.on3.com/db/kd-mcdaniel-71598/,portal_industry_football_2024
Roman Pitre,LB,Purdue Boilermakers,Arizona State Sun Devils,Committed,0,3.0,83.0,2262.0,227.0,2022,2024-01-07T17:32:00,https://on3static.com/uploads/assets/248/472/472248.jpg,https://www.on3.com/db/roman-pitre-101954/,portal_industry_football_2024
Jaden McKenzie,DL,Ohio State Buckeyes,East Carolina Pirates,Committed,0,3.0,84.0,2263.0,179.0,2019,2024-01-16T16:37:00,https://on3static.com/uploads/assets/553/221/221553.jpeg,https://www.on3.com/db/jaden-mckenzie-52648/,portal_industry_football_2024
Zeke Blake,CB,Youngstown State Penguins,Toledo Rockets,Committed,0,3.0,84.0,2264.0,246.0,0,2023-12-20T16:40:00,https://on3static.com/uploads/assets/682/275/275682.png,https://www.on3.com/db/zeke-blake-239643/,portal_industry_football_2024
Zachary Franks,OT,Northwestern Wildcats,Duke Blue Devils,Committed,0,3.0,84.0,2265.0,138.0,2019,2024-02-28T14:15:00,https://on3static.com/uploads/dev/assets/614/8/8614.jpg,https://www.on3.com/db/zachary-franks-123222/,portal_industry_football_2024
Tariq Watson,CB,Minnesota Golden Gophers,UAB Blazers,Committed,0,3.0,85.0,2266.0,222.0,2022,2024-05-09T12:32:00,https://on3static.com/uploads/assets/989/22/22989.jpeg,https://www.on3.com/db/tariq-watson-146064/,portal_industry_football_2024
Logan Sagapolu,IOL,Miami Hurricanes,Washington Huskies,Committed,0,3.0,84.0,2267.0,144.0,2019,2024-04-22T13:18:00,https://on3static.com/uploads/assets/550/222/222550.jpg,https://www.on3.com/db/logan-sagapolu-79872/,portal_industry_football_2024
Tawfiq Thomas,DL,Louisville Cardinals,Colorado Buffaloes,Committed,0,3.0,84.0,2268.0,181.0,2022,2024-05-03T10:58:00,https://on3static.com/uploads/assets/435/164/164435.png,https://www.on3.com/db/tawfiq-thomas-110647/,portal_industry_football_2024
Andreas Paaske,TE,Eastern Michigan Eagles,Arkansas Razorbacks,Committed,0,3.0,86.0,2269.0,57.0,2021,2023-12-10T09:47:00,https://on3static.com/uploads/assets/494/266/266494.png,https://www.on3.com/db/andreas-paaske-4787/,portal_industry_football_2024
Paul Lewis III,CB,Cornell Big Red,Akron Zips,Committed,0,3.0,85.0,2270.0,214.0,2019,2023-12-11T15:33:00,https://on3static.com/uploads/assets/616/242/242616.jpeg,https://www.on3.com/db/paul-lewis-iii-238364/,portal_industry_football_2024
Leonard St. Gourdin,CB,Dartmouth Big Green,Massachusetts Minutemen,Committed,0,3.0,84.0,2271.0,257.0,2020,2024-01-24T13:05:00,,https://www.on3.com/db/leonard-st-gourdin-239006/,portal_industry_football_2024
Ben Finley,QB,California Golden Bears,Akron Zips,Committed,0,3.0,86.0,2272.0,92.0,2020,2024-01-03T11:08:00,https://on3static.com/uploads/dev/assets/226/10/10226.jpg,https://www.on3.com/db/ben-finley-9730/,portal_industry_football_2024
Bryce Duke,RB,Virginia Tech Hokies,Old Dominion Monarchs,Committed,0,3.0,84.0,2273.0,155.0,2022,2024-01-05T16:27:00,https://on3static.com/uploads/assets/33/72/72033.jpg,https://www.on3.com/db/bryce-duke-15758/,portal_industry_football_2024
Evan Simon,QB,Rutgers Scarlet Knights,Temple Owls,Committed,0,3.0,86.0,2274.0,103.0,2020,2023-12-15T12:30:00,https://on3static.com/uploads/assets/748/491/491748.png,https://www.on3.com/db/evan-simon-43412/,portal_industry_football_2024
Isaia Glass,OT,Arizona State Sun Devils,Oklahoma State Cowboys,Committed,0,3.0,85.0,2275.0,88.0,2021,2023-12-16T15:22:00,https://on3static.com/uploads/assets/765/18/18765.jpeg,https://www.on3.com/db/isaia-glass-49324/,portal_industry_football_2024
Jake Appleget,TE,Nebraska Cornhuskers,Northern Illinois Huskies,Committed,0,3.0,84.0,2276.0,89.0,2022,2023-12-19T13:20:00,https://on3static.com/uploads/assets/860/172/172860.jpeg,https://www.on3.com/db/jake-appleget-53304/,portal_industry_football_2024
Michael Marotta,IOL,Valdosta State Blazers,Appalachian State Mountaineers,Committed,0,3.0,86.0,2277.0,103.0,0,2024-01-04T13:27:00,https://on3static.com/uploads/assets/497/265/265497.png,https://www.on3.com/db/michael-marotta-239140/,portal_industry_football_2024
Andrew Wilson-Lamp,CB,West Virginia Mountaineers,East Carolina Pirates,Committed,0,3.0,86.0,2278.0,172.0,2021,2024-01-04T13:44:00,https://on3static.com/uploads/dev/assets/279/7/7279.jpg,https://www.on3.com/db/andrew-wilson-lamp-5504/,portal_industry_football_2024
Eli Hall,DL,Wake Forest Demon Deacons,Liberty Flames,Committed,0,3.0,85.0,2279.0,157.0,2022,2023-12-18T08:59:00,https://on3static.com/uploads/assets/630/86/86630.jpeg,https://www.on3.com/db/eli-hall-40947/,portal_industry_football_2024
Wyatt Hummel,OT,Villanova Wildcats,Colorado Buffaloes,Committed,0,3.0,84.0,2280.0,125.0,2019,2024-04-26T14:45:00,https://on3static.com/uploads/assets/779/315/315779.png,https://www.on3.com/db/wyatt-hummel-143998/,portal_industry_football_2024
Clay Millen,QB,Colorado State Rams,Florida Gators,Committed,0,3.0,86.0,2281.0,64.0,2021,2024-01-14T16:53:00,https://on3static.com/uploads/assets/938/287/287938.png,https://www.on3.com/db/clay-millen-23863/,portal_industry_football_2024
Deuce Hogan,QB,Kentucky Wildcats,New Mexico State Aggies,Committed,0,3.0,84.0,2282.0,143.0,2020,2024-01-06T13:11:00,https://on3static.com/uploads/assets/879/72/72879.jpeg,https://www.on3.com/db/deuce-hogan-35725/,portal_industry_football_2024
Sterling Smith,S,Holy Cross Crusaders,Purdue Boilermakers,Committed,0,3.0,87.0,2283.0,64.0,2023,2023-12-20T13:57:00,https://on3static.com/uploads/assets/947/343/343947.png,https://www.on3.com/db/sterling-smith-239561/,portal_industry_football_2024
Bryan Whitehead,EDGE,Liberty Flames,Arkansas State Red Wolves,Committed,0,3.0,87.0,2284.0,45.0,2021,2023-12-19T13:37:00,https://on3static.com/uploads/assets/182/576/576182.png,https://www.on3.com/db/bryan-whitehead-173798/,portal_industry_football_2024
Ryan Stewart,OT,San Jose State Spartans,Arizona Wildcats,Committed,0,3.0,84.0,2285.0,139.0,2021,2024-02-07T13:39:00,https://on3static.com/uploads/assets/349/177/177349.png,https://www.on3.com/db/ryan-stewart-103776/,portal_industry_football_2024
Grayson James,QB,FIU Golden Panthers,Boston College Eagles,Committed,0,3.0,85.0,2286.0,116.0,2021,2024-01-18T12:05:00,https://on3static.com/uploads/assets/236/76/76236.jpeg,https://www.on3.com/db/grayson-james-144935/,portal_industry_football_2024
Cameron Roetherford,DL,Arkansas-Pine Bluff Golden Lions,Cincinnati Bearcats,Committed,0,3.0,85.0,2287.0,162.0,2022,2024-04-29T12:47:00,https://on3static.com/uploads/assets/323/334/334323.png,https://www.on3.com/db/cameron-roetherford-18049/,portal_industry_football_2024
Okiki Olorunfunmi,EDGE,Weber State Wildcats,New Mexico Lobos,Committed,0,3.0,82.0,2288.0,163.0,2019,2023-12-04T14:26:00,https://on3static.com/uploads/assets/791/244/244791.png,https://www.on3.com/db/okiki-olorunfunmi-94254/,portal_industry_football_2024
J.R. Walker,S,Virginia Tech Hokies,,Entered,0,3.0,85.0,2289.0,173.0,2019,2023-11-02T06:59:00,https://on3static.com/uploads/dev/assets/558/9/9558.jpg,https://www.on3.com/db/jr-walker-50516/,portal_industry_football_2024
Jefferson Boaz,QB,North Carolina Tar Heels,,Entered,0,3.0,85.0,2290.0,111.0,2020,2023-11-27T12:19:00,https://on3static.com/uploads/dev/assets/126/10/10126.jpg,https://www.on3.com/db/jefferson-boaz-59718/,portal_industry_football_2024
Jaden Watkins,CB,Duke Blue Devils,,Entered,0,3.0,85.0,2291.0,200.0,2022,2023-11-28T09:09:00,https://on3static.com/uploads/assets/990/85/85990.jpg,https://www.on3.com/db/jaden-watkins-52719/,portal_industry_football_2024
Tristan Souza,DL,Washington State Cougars,Buffalo Bulls,Committed,0,3.0,83.0,2292.0,221.0,2020,2024-01-08T14:22:00,https://on3static.com/uploads/dev/assets/461/3/3461.jpg,https://www.on3.com/db/tristan-souza-116464/,portal_industry_football_2024
James Middleton,OT,Southern Miss Golden Eagles,,Entered,0,3.0,85.0,2293.0,112.0,2018,2023-11-28T11:06:00,https://on3static.com/uploads/assets/523/262/262523.png,https://www.on3.com/db/james-middleton-55744/,portal_industry_football_2024
Frank Ladson,WR,Miami Hurricanes,Massachusetts Minutemen,Committed,112346,3.0,85.0,2294.0,198.0,2019,2023-12-26T20:50:00,https://on3static.com/uploads/assets/519/222/222519.jpg,https://www.on3.com/db/frank-ladson-44049/,portal_industry_football_2024
Jeremy Jones,OT,Tulsa Golden Hurricane,Marshall Thundering Herd,Committed,0,3.0,85.0,2295.0,101.0,2019,2023-12-20T13:16:00,https://on3static.com/uploads/assets/73/75/75073.jpeg,https://www.on3.com/db/jeremy-jones-144169/,portal_industry_football_2024
Jaylen Hudson,EDGE,Wake Forest Demon Deacons,,Entered,0,3.0,84.0,2296.0,121.0,2019,2023-11-29T14:22:00,https://on3static.com/uploads/dev/assets/454/9/9454.jpg,https://www.on3.com/db/jaylen-hudson-144077/,portal_industry_football_2024
Stephen Sings,EDGE,Auburn Tigers,Charlotte 49ers,Committed,0,3.0,85.0,2297.0,102.0,2020,,https://on3static.com/uploads/assets/625/73/73625.jpg,https://www.on3.com/db/stephen-sings-108501/,portal_industry_football_2024
Joshua Nobles,DL,Western Michigan Broncos,,Entered,0,3.0,85.0,2298.0,155.0,2021,2023-12-04T07:19:00,https://on3static.com/uploads/assets/598/264/264598.jpeg,https://www.on3.com/db/joshua-nobles-68018/,portal_industry_football_2024
Jameel Gardner,WR,Kent State Golden Flashes,,Entered,0,3.0,85.0,2299.0,234.0,2022,2023-12-04T08:51:00,https://on3static.com/uploads/assets/645/264/264645.png,https://www.on3.com/db/jameel-gardner-55228/,portal_industry_football_2024
Adryan Lara,QB,Kansas State Wildcats,Louisiana Ragin Cajuns,Committed,0,3.0,85.0,2300.0,109.0,2022,2024-05-23T11:22:00,https://on3static.com/uploads/assets/411/86/86411.jpeg,https://www.on3.com/db/adryan-lara-1788/,portal_industry_football_2024
Addison Copeland,WR,Pittsburgh Panthers,,Entered,0,3.0,85.0,2301.0,220.0,2022,2023-12-04T09:04:00,https://on3static.com/uploads/assets/790/87/87790.jpeg,https://www.on3.com/db/addison-copeland-1460/,portal_industry_football_2024
Colten Gauthier,QB,South Carolina Gamecocks,Gardner-Webb Runnin' Bulldogs,Committed,0,3.0,85.0,2302.0,112.0,2021,2024-01-07T18:18:00,https://on3static.com/uploads/assets/114/257/257114.jpg,https://www.on3.com/db/colten-gauthier-25280/,portal_industry_football_2024
Ja'Shaun Poke,WR,West Virginia Mountaineers,San Diego State Aztecs,Committed,0,3.0,85.0,2303.0,207.0,2019,2023-12-20T14:13:00,https://on3static.com/uploads/assets/571/135/135571.jpeg,https://www.on3.com/db/jashaun-poke-50690/,portal_industry_football_2024
EJ Ndoma-Ogar,IOL,Missouri Tigers,Arkansas State Red Wolves,Committed,0,3.0,85.0,2304.0,117.0,2019,2023-12-17T13:38:00,https://on3static.com/uploads/dev/assets/407/3/3407.jpg,https://www.on3.com/db/ej-ndoma-ogar-40832/,portal_industry_football_2024
Samuel Mbake,WR,Arkansas Razorbacks,,Entered,0,3.0,85.0,2305.0,209.0,2022,2023-12-04T10:25:00,https://on3static.com/uploads/assets/512/370/370512.png,https://www.on3.com/db/samuel-mbake-104790/,portal_industry_football_2024
Michael Daley,LB,BYU Cougars,Rice Owls,Committed,0,3.0,82.0,2306.0,280.0,2019,2023-12-18T09:14:00,https://on3static.com/uploads/assets/892/73/73892.jpg,https://www.on3.com/db/michael-daley-87583/,portal_industry_football_2024
Deuce Caldwell,LB,North Carolina Tar Heels,,Entered,0,3.0,85.0,2307.0,144.0,2022,2023-12-04T12:24:00,https://on3static.com/uploads/assets/795/222/222795.png,https://www.on3.com/db/deuce-caldwell-35721/,portal_industry_football_2024
Thaiu Jones-Bell,WR,Alabama Crimson Tide,,Entered,0,3.0,85.0,2308.0,196.0,2020,2023-12-04T16:04:00,https://on3static.com/uploads/assets/612/18/18612.jpeg,https://www.on3.com/db/thaiu-jones-bell-143369/,portal_industry_football_2024
Diante Vines,WR,Iowa Hawkeyes,Old Dominion Monarchs,Committed,0,3.0,85.0,2309.0,218.0,2020,2024-04-24T21:40:00,https://on3static.com/uploads/assets/990/15/15990.jpeg,https://www.on3.com/db/diante-vines-36890/,portal_industry_football_2024
CJ Doggette Jr.,DL,Cincinnati Bearcats,Ohio Bobcats,Committed,0,3.0,83.0,2310.0,216.0,2022,2024-01-20T11:34:00,https://on3static.com/uploads/assets/381/226/226381.png,https://www.on3.com/db/cj-doggette-jr-23593/,portal_industry_football_2024
JuTahn McClain,RB,Kentucky Wildcats,,Entered,0,3.0,85.0,2311.0,130.0,2020,2023-12-04T12:00:00,https://on3static.com/uploads/dev/assets/712/2/2712.jpg,https://www.on3.com/db/jutahn-mcclain-70079/,portal_industry_football_2024
Graham Walker,WR,Brown Bears,Rice Owls,Committed,0,3.0,85.0,2312.0,239.0,2020,2024-08-01T15:15:00,,https://www.on3.com/db/graham-walker-239122/,portal_industry_football_2024
Kaiya Sheron,QB,Kentucky Wildcats,UT Martin Skyhawks,Committed,0,3.0,85.0,2313.0,115.0,2021,2024-01-01T09:41:00,https://on3static.com/uploads/dev/assets/704/2/2704.jpg,https://www.on3.com/db/kaiya-sheron-70616/,portal_industry_football_2024
Shawn Russ,S,Arizona State Sun Devils,Bethune-Cookman Wildcats,Committed,0,3.0,85.0,2314.0,171.0,2023,2023-12-23T09:06:00,https://on3static.com/uploads/assets/306/217/217306.png,https://www.on3.com/db/shawn-russ-106959/,portal_industry_football_2024
Grayson Mains,IOL,South Carolina Gamecocks,Temple Owls,Committed,0,3.0,85.0,2315.0,129.0,2022,2024-01-07T16:16:00,https://on3static.com/uploads/assets/75/257/257075.jpg,https://www.on3.com/db/grayson-mains-46675/,portal_industry_football_2024
Jeremiah Aaron,WR,West Virginia Mountaineers,North Texas Mean Green,Committed,0,3.0,85.0,2316.0,204.0,2020,2024-01-16T08:26:00,https://on3static.com/uploads/assets/795/85/85795.jpeg,https://www.on3.com/db/jeremiah-aaron-60019/,portal_industry_football_2024
Jaquez Smith,WR,Indiana Hoosiers,Missouri State University Bears,Committed,0,3.0,85.0,2317.0,199.0,2021,2024-01-19T10:51:00,https://on3static.com/uploads/assets/972/15/15972.jpeg,https://www.on3.com/db/jaquez-smith-56483/,portal_industry_football_2024
Aveon Smith,QB,Miami (OH) RedHawks,,Entered,0,3.0,85.0,2318.0,123.0,2020,2023-12-04T12:58:00,https://on3static.com/uploads/assets/862/264/264862.jpeg,https://www.on3.com/db/aveon-smith-8871/,portal_industry_football_2024
Solomanie Bambara,EDGE,Buffalo Bulls,,Entered,0,3.0,83.0,2320.0,152.0,2021,2023-12-18T15:40:00,https://on3static.com/uploads/assets/237/179/179237.png,https://www.on3.com/db/solomanie-bambara-154889/,portal_industry_football_2024
Moso'oipala Tuitele,LB,California Golden Bears,New Mexico Lobos,Committed,0,3.0,83.0,2321.0,226.0,2022,2024-01-16T13:36:00,https://on3static.com/uploads/assets/333/168/168333.png,https://www.on3.com/db/mosooipala-tuitele-94002/,portal_industry_football_2024
Davis Beville,QB,Oklahoma Sooners,South Carolina Gamecocks,Committed,0,3.0,85.0,2322.0,118.0,2019,2024-01-10T19:13:00,https://on3static.com/uploads/dev/assets/907/9/9907.jpg,https://www.on3.com/db/davis-beville-32352/,portal_industry_football_2024
Skyler Locklear,QB,Austin Peay Governors,UTEP Miners,Committed,0,3.0,83.0,2323.0,175.0,2022,2023-12-18T17:54:00,https://on3static.com/uploads/assets/143/276/276143.png,https://www.on3.com/db/skyler-locklear-182099/,portal_industry_football_2024
Quinzavious Warren,DL,Jacksonville State Gamecocks,UTEP Miners,Committed,0,3.0,83.0,2324.0,234.0,2021,2024-01-15T17:28:00,https://on3static.com/uploads/assets/111/450/450111.png,https://www.on3.com/db/quinzavious-warren-175667/,portal_industry_football_2024
Justin Eklund,LB,San Jose State Spartans,Bowling Green Falcons,Committed,0,3.0,82.0,2325.0,260.0,2022,,https://on3static.com/uploads/assets/324/177/177324.png,https://www.on3.com/db/justin-eklund-69285/,portal_industry_football_2024
Ryan Burger,QB,Appalachian State Mountaineers,Liberty Flames,Committed,0,3.0,83.0,2326.0,160.0,2022,2024-01-17T13:17:00,https://on3static.com/uploads/assets/64/170/170064.png,https://www.on3.com/db/ryan-burger-102975/,portal_industry_football_2024
Jarvis Ware,CB,UCF Knights,UNLV Rebels,Committed,0,3.0,85.0,2327.0,196.0,2018,2024-05-07T20:41:00,https://on3static.com/uploads/assets/649/17/17649.jpeg,https://www.on3.com/db/jarvis-ware-57299/,portal_industry_football_2024
Tyler Huff,QB,Furman Paladins,Jacksonville State Gamecocks,Committed,0,3.0,84.0,2328.0,137.0,2019,2024-03-23T11:01:00,,https://www.on3.com/db/tyler-huff-143893/,portal_industry_football_2024
DJ Warnell,S,Arizona Wildcats,Indiana Hoosiers,Committed,0,3.0,85.0,2329.0,180.0,2020,2024-05-01T21:02:00,https://on3static.com/uploads/dev/assets/207/5/5207.jpg,https://www.on3.com/db/dj-warnell-37358/,portal_industry_football_2024
Eian Pugh,WR,Illinois Fighting Illini,Ohio Bobcats,Committed,0,3.0,85.0,2330.0,247.0,2022,2024-05-06T13:20:00,https://on3static.com/uploads/assets/799/304/304799.png,https://www.on3.com/db/eian-pugh-40805/,portal_industry_football_2024
Jerry Johnson,RB,Texas A&M Aggies,California Golden Bears,Committed,0,3.0,85.0,2331.0,131.0,2019,2024-05-16T17:00:00,https://on3static.com/uploads/assets/449/75/75449.jpeg,https://www.on3.com/db/jerry-johnson-144516/,portal_industry_football_2024
Kevin Green,WR,Arizona Wildcats,Washington Huskies,Committed,0,3.0,85.0,2332.0,216.0,2022,2024-05-06T13:08:00,https://on3static.com/uploads/assets/16/22/22016.jpeg,https://www.on3.com/db/kevin-green-74123/,portal_industry_football_2024
Malcolm Folk,S,Syracuse Orange,Kent State Golden Flashes,Committed,0,3.0,84.0,2333.0,194.0,2021,2023-12-09T18:43:00,https://on3static.com/uploads/assets/863/17/17863.jpeg,https://www.on3.com/db/malcolm-folk-81555/,portal_industry_football_2024
Jordan Wright,CB,Kansas State Wildcats,Connecticut Huskies,Committed,0,3.0,83.0,2334.0,268.0,2019,2023-12-11T18:44:00,https://on3static.com/uploads/assets/407/86/86407.jpeg,https://www.on3.com/db/jordan-wright-66254/,portal_industry_football_2024
Lardarius Webb Jr.,S,Oklahoma State Cowboys,South Alabama Jaguars,Committed,0,3.0,84.0,2335.0,200.0,2021,2024-01-10T08:30:00,https://on3static.com/uploads/assets/572/226/226572.png,https://www.on3.com/db/lardarius-webb-jr-78164/,portal_industry_football_2024
Mao Glynn,OT,Cincinnati Bearcats,Massachusetts Minutemen,Committed,0,3.0,84.0,2336.0,132.0,2021,2024-01-16T12:37:00,https://on3static.com/uploads/assets/401/226/226401.png,https://www.on3.com/db/mao-glynn-82226/,portal_industry_football_2024
Jefferson Adam,EDGE,Iowa State Cyclones,Eastern Michigan Eagles,Committed,0,3.0,83.0,2337.0,149.0,2020,2023-12-29T12:49:00,https://on3static.com/uploads/assets/884/225/225884.png,https://www.on3.com/db/jefferson-adam-59716/,portal_industry_football_2024
Ryheem Craig,DL,Louisville Cardinals,East Carolina Pirates,Committed,0,3.0,84.0,2338.0,187.0,2021,2023-12-16T17:29:00,https://on3static.com/uploads/assets/419/164/164419.png,https://www.on3.com/db/ryheem-craig-103960/,portal_industry_football_2024
De'jon Benton,DL,USC Trojans,New Mexico Lobos,Committed,0,3.0,83.0,2339.0,227.0,2019,2024-01-16T13:07:00,https://on3static.com/uploads/assets/646/92/92646.png,https://www.on3.com/db/dejon-benton-33428/,portal_industry_football_2024
Tre Wright,CB,Memphis Tigers,Mississippi State Bulldogs,Committed,0,3.0,83.0,2340.0,273.0,2023,2023-12-17T11:31:00,https://on3static.com/uploads/assets/116/214/214116.jpeg,https://www.on3.com/db/tre-wright-156726/,portal_industry_football_2024
Blake Burris,DL,Texas Tech Red Raiders,SMU Mustangs,Committed,0,3.0,83.0,2341.0,228.0,2020,2024-02-04T22:26:00,https://on3static.com/uploads/assets/364/73/73364.jpeg,https://www.on3.com/db/blake-burris-10785/,portal_industry_football_2024
Dylan Wittke,QB,Virginia Tech Hokies,Minnesota Golden Gophers,Committed,0,3.0,84.0,2342.0,146.0,2023,2024-04-24T11:00:00,https://on3static.com/uploads/assets/801/162/162801.png,https://www.on3.com/db/dylan-wittke-145824/,portal_industry_football_2024
CJ Campbell Jr.,RB,Florida State Seminoles,Florida Atlantic Owls,Committed,0,3.0,86.0,2344.0,102.0,2021,2023-12-20T09:27:00,https://on3static.com/uploads/assets/67/242/242067.jpeg,https://www.on3.com/db/cj-campbell-jr-23572/,portal_industry_football_2024
Dayne Shor,OT,Connecticut Huskies,Akron Zips,Committed,0,3.0,86.0,2345.0,71.0,2022,2024-01-07T17:24:00,https://on3static.com/uploads/assets/670/21/21670.jpeg,https://www.on3.com/db/dayne-shor-32668/,portal_industry_football_2024
Harold Blood,QB,Southern University Jaguars,Missouri Tigers,Committed,0,3.0,86.0,2346.0,95.0,2019,2024-01-08T21:52:00,https://on3static.com/uploads/assets/81/220/220081.png,https://www.on3.com/db/harold-blood-47505/,portal_industry_football_2024
Justin Bowick,WR,Eastern Illinois Panthers,Ball State Cardinals,Committed,0,3.0,86.0,2347.0,184.0,2022,2023-12-13T16:43:00,https://on3static.com/uploads/assets/955/275/275955.png,https://www.on3.com/db/justin-bowick-239664/,portal_industry_football_2024
Ronan Chambers,OT,Akron Zips,Auburn Tigers,Committed,0,3.0,86.0,2348.0,77.0,2020,2024-05-06T15:33:00,https://on3static.com/uploads/assets/971/304/304971.png,https://www.on3.com/db/ronan-chambers-102234/,portal_industry_football_2024
Malick Meiga,WR,Penn State Nittany Lions,Coastal Carolina Chanticleers,Committed,0,3.0,86.0,2349.0,137.0,2020,2024-05-08T10:35:00,https://on3static.com/uploads/assets/917/16/16917.jpeg,https://www.on3.com/db/malick-meiga-81700/,portal_industry_football_2024
Bryce Pierre,TE,Arizona State Sun Devils,UCLA Bruins,Committed,0,3.0,86.0,2350.0,47.0,2019,2024-04-29T13:22:00,https://on3static.com/uploads/assets/292/217/217292.png,https://www.on3.com/db/bryce-pierre-15898/,portal_industry_football_2024
Deeve Harris,LB,Colorado Buffaloes,Marshall Thundering Herd,Committed,0,3.0,86.0,2351.0,94.0,2020,2024-05-09T15:17:00,https://on3static.com/uploads/assets/336/242/242336.jpeg,https://www.on3.com/db/deeve-harris-155904/,portal_industry_football_2024
Max Whisner,TE,Missouri Tigers,Akron Zips,Committed,0,3.0,85.0,2352.0,61.0,2022,2023-12-18T20:35:00,https://on3static.com/uploads/assets/954/222/222954.png,https://www.on3.com/db/max-whisner-86763/,portal_industry_football_2024
Gabriel Iniguez,DL,New Mexico State Aggies,Utah State Aggies,Committed,0,3.0,87.0,2353.0,80.0,2019,2024-02-07T10:15:00,https://on3static.com/uploads/assets/732/270/270732.png,https://www.on3.com/db/gabriel-iniguez-144258/,portal_industry_football_2024
Kyler Laing,LB,Buffalo Bulls,Florida Atlantic Owls,Committed,0,3.0,85.0,2354.0,163.0,2019,2023-12-19T08:37:00,https://on3static.com/uploads/assets/253/179/179253.png,https://www.on3.com/db/kyler-laing-77147/,portal_industry_football_2024
Christian Fuhrman,LB,Southeast Missouri State Redhawks,Northern Illinois Huskies,Committed,0,3.0,84.0,2355.0,196.0,2020,2023-12-04T15:26:00,https://on3static.com/uploads/assets/413/259/259413.jpeg,https://www.on3.com/db/christian-fuhrman-238947/,portal_industry_football_2024
Prince James Boyd Jr.,DL,Purdue Boilermakers,Florida Atlantic Owls,Committed,0,3.0,84.0,2356.0,195.0,2018,2024-01-07T16:34:00,https://on3static.com/uploads/assets/279/217/217279.png,https://www.on3.com/db/prince-james-boyd-jr-146286/,portal_industry_football_2024
Jarvarius Sims,S,Central Michigan Chippewas,Connecticut Huskies,Committed,0,3.0,86.0,2357.0,114.0,2022,2024-01-15T16:38:00,https://on3static.com/uploads/assets/596/264/264596.jpeg,https://www.on3.com/db/jarvarius-sims-57232/,portal_industry_football_2024
Mason White,CB,TCU Horned Frogs,Oregon State Beavers,Committed,0,3.0,83.0,2358.0,263.0,2020,2023-12-14T10:35:00,https://on3static.com/uploads/assets/167/223/223167.png,https://www.on3.com/db/mason-white-84924/,portal_industry_football_2024
Treyveon McGee,S,Iowa State Cyclones,Charlotte 49ers,Committed,0,3.0,84.0,2359.0,201.0,2020,2023-12-12T14:11:00,https://on3static.com/uploads/assets/868/225/225868.png,https://www.on3.com/db/treyveon-mcgee-160067/,portal_industry_football_2024
Dylan Brown-Turner,LB,Florida State Seminoles,UTEP Miners,Committed,0,3.0,84.0,2360.0,189.0,2023,2024-01-10T13:13:00,https://on3static.com/uploads/assets/43/242/242043.jpeg,https://www.on3.com/db/dylan-brown-turner-39809/,portal_industry_football_2024
Joe Labas,QB,Iowa Hawkeyes,Central Michigan Chippewas,Committed,0,3.0,84.0,2361.0,138.0,2021,2024-01-05T19:33:00,https://on3static.com/uploads/assets/1/16/16001.jpeg,https://www.on3.com/db/joe-labas-62812/,portal_industry_football_2024
Cecil Powell,CB,NC State Wolfpack,Troy Trojans,Committed,0,3.0,85.0,2362.0,218.0,2019,2024-01-09T16:22:00,https://on3static.com/uploads/dev/assets/217/10/10217.jpg,https://www.on3.com/db/cecil-powell-19267/,portal_industry_football_2024
Kyle Taylor,LB,Tarleton State Texans,Arkansas State Red Wolves,Committed,0,3.0,85.0,2363.0,154.0,2021,2023-12-15T13:40:00,https://on3static.com/uploads/assets/625/275/275625.png,https://www.on3.com/db/kyle-taylor-77000/,portal_industry_football_2024
Charles Wright,QB,Texas Longhorns,Appalachian State Mountaineers,Committed,0,3.0,85.0,2364.0,110.0,2021,2024-01-13T12:26:00,https://on3static.com/uploads/dev/assets/598/7/7598.jpg,https://www.on3.com/db/charles-wright-20365/,portal_industry_football_2024
Herman Smith,S,Idaho State Bengals,Colorado Buffaloes,Committed,0,3.0,83.0,2365.0,221.0,2021,2024-01-19T13:37:00,https://on3static.com/uploads/assets/114/137/137114.jpeg,https://www.on3.com/db/herman-smith-48099/,portal_industry_football_2024
Logan Locklear,OT,The Citadel Bulldogs,,Entered,0,3.0,82.0,2366.0,183.0,2023,2023-08-07T08:49:00,https://on3static.com/uploads/assets/256/213/213256.jpg,https://www.on3.com/db/logan-locklear-157357/,portal_industry_football_2024
Luke Duby,QB,Cornell Big Red,,Entered,0,3.0,82.0,2367.0,176.0,2019,2023-10-18T10:26:00,https://on3static.com/uploads/assets/107/245/245107.jpeg,https://www.on3.com/db/luke-duby-80618/,portal_industry_football_2024
Cornelious Brown,QB,Alabama A&M Bulldogs,,Entered,0,3.0,82.0,2368.0,184.0,2019,2023-10-22T18:00:00,https://on3static.com/uploads/assets/739/35/35739.jpeg,https://www.on3.com/db/cornelious-brown-26435/,portal_industry_football_2024
Kenzel Lawler,CB,Utah Utes,Montana Grizzlies,Committed,0,3.0,82.0,2369.0,328.0,2020,2024-01-17T09:39:00,https://on3static.com/uploads/dev/assets/612/4/4612.jpg,https://www.on3.com/db/kenzel-lawler-73581/,portal_industry_football_2024
Brayden Staggs,IOL,Northwestern State Demons,,Entered,0,3.0,82.0,2370.0,202.0,2020,2023-10-30T20:17:00,https://on3static.com/uploads/assets/313/250/250313.png,https://www.on3.com/db/brayden-staggs-13571/,portal_industry_football_2024
Tre Simmons,QB,McNeese State Cowboys,,Entered,0,3.0,82.0,2371.0,203.0,2021,2023-10-02T14:57:00,https://on3static.com/uploads/assets/334/238/238334.jpeg,https://www.on3.com/db/tre-simmons-115043/,portal_industry_football_2024
Da'Shawn Brown,WR,Alabama A&M Bulldogs,,Entered,0,3.0,82.0,2372.0,400.0,2021,2023-09-21T08:35:00,https://on3static.com/uploads/assets/637/129/129637.jpeg,https://www.on3.com/db/dashawn-brown-27764/,portal_industry_football_2024
Jalen Waddy,LB,Texas A&M Aggies,,Entered,0,3.0,82.0,2373.0,264.0,2019,2023-09-18T09:35:00,https://on3static.com/uploads/assets/936/71/71936.jpeg,https://www.on3.com/db/jalen-waddy-54566/,portal_industry_football_2024
Micaiah Bell,DL,Harvard Crimson,,Entered,0,3.0,82.0,2374.0,260.0,2020,2023-09-11T09:38:00,https://on3static.com/uploads/assets/543/228/228543.jpeg,https://www.on3.com/db/micaiah-bell-237824/,portal_industry_football_2024
Jadon Pearson,S,Utah Utes,Utah State Aggies,Committed,0,3.0,82.0,2375.0,264.0,2019,2023-12-20T13:52:00,https://on3static.com/uploads/assets/754/175/175754.jpeg,https://www.on3.com/db/jadon-pearson-52752/,portal_industry_football_2024
Steve Lubischer,S,Bowling Green Falcons,,Entered,0,3.0,82.0,2376.0,270.0,2019,2023-10-09T15:16:00,https://on3static.com/uploads/assets/264/241/241264.png,https://www.on3.com/db/steve-lubischer-108756/,portal_industry_football_2024
Nic Sani,TE,Dartmouth Big Green,,Entered,0,3.0,82.0,2377.0,142.0,2020,2023-11-16T09:16:00,https://on3static.com/uploads/assets/256/257/257256.jpeg,https://www.on3.com/db/nic-sani-92069/,portal_industry_football_2024
Jordan Green,TE,Texas Tech Red Raiders,,Entered,0,3.0,82.0,2378.0,145.0,2023,2023-09-07T13:53:00,https://on3static.com/uploads/assets/922/226/226922.jpeg,https://www.on3.com/db/jordan-green-65532/,portal_industry_football_2024
Jourdan Powell,CB,Robert Morris Colonials,,Entered,0,3.0,82.0,2379.0,358.0,2019,2023-10-19T16:39:00,https://on3static.com/uploads/assets/534/245/245534.png,https://www.on3.com/db/jourdan-powell-238479/,portal_industry_football_2024
Nathan Kibambe,LB,Appalachian State Mountaineers,,Entered,0,3.0,82.0,2380.0,289.0,2018,2023-10-19T10:27:00,https://on3static.com/uploads/assets/428/245/245428.jpeg,https://www.on3.com/db/nathan-kibambe-181564/,portal_industry_football_2024
Josh Shodipo,CB,Western Kentucky Hilltoppers,,Entered,0,3.0,82.0,2381.0,360.0,2018,2023-11-20T14:28:00,https://on3static.com/uploads/assets/943/258/258943.png,https://www.on3.com/db/josh-shodipo-67590/,portal_industry_football_2024
Grant Copeland,IOL,East Carolina Pirates,,Entered,0,3.0,82.0,2382.0,225.0,2020,2023-11-20T11:58:00,https://on3static.com/uploads/assets/825/213/213825.jpeg,https://www.on3.com/db/grant-copeland-46428/,portal_industry_football_2024
Kwame Sarkodie,EDGE,Northwestern State Demons,,Entered,0,3.0,82.0,2383.0,165.0,2019,2023-10-10T08:42:00,https://on3static.com/uploads/assets/528/241/241528.jpeg,https://www.on3.com/db/kwame-sarkodie-238325/,portal_industry_football_2024
Deven Foster,S,Northern Iowa Panthers,,Entered,0,3.0,82.0,2384.0,282.0,2020,2023-11-16T09:58:00,https://on3static.com/uploads/assets/275/257/257275.png,https://www.on3.com/db/deven-foster-227218/,portal_industry_football_2024
Robert Matthew Peters,CB,Navy Midshipmen,,Entered,0,3.0,82.0,2385.0,363.0,2020,2023-09-19T08:59:00,https://on3static.com/uploads/assets/78/232/232078.jpeg,https://www.on3.com/db/robert-matthew-peters-101407/,portal_industry_football_2024
Anthony Thurman,TE,The Citadel Bulldogs,,Entered,0,3.0,82.0,2386.0,156.0,2023,2023-08-24T10:33:00,https://on3static.com/uploads/assets/325/220/220325.png,https://www.on3.com/db/anthony-thurman-237480/,portal_industry_football_2024
Jeriah Hightower,LB,Eastern Kentucky Colonels,,Entered,0,3.0,82.0,2387.0,305.0,2020,2023-11-16T13:00:00,https://on3static.com/uploads/assets/391/257/257391.jpeg,https://www.on3.com/db/jeriah-hightower-60645/,portal_industry_football_2024
Rent Montie,QB,Lafayette Leopards,Duke Blue Devils,Committed,0,3.0,82.0,2388.0,224.0,2020,,https://on3static.com/uploads/assets/288/247/247288.png,https://www.on3.com/db/rent-montie-99669/,portal_industry_football_2024
Payton Pyle,OT,Central Michigan Chippewas,,Entered,0,3.0,82.0,2389.0,180.0,2022,2023-11-22T10:20:00,https://on3static.com/uploads/assets/960/259/259960.jpeg,https://www.on3.com/db/payton-pyle-179744/,portal_industry_football_2024
Stephon Wright,DL,SMU Mustangs,Texas Southern Tigers,Committed,0,3.0,84.0,2390.0,172.0,2019,2024-06-04T08:57:00,https://on3static.com/uploads/assets/540/469/469540.png,https://www.on3.com/db/stephon-wright-108585/,portal_industry_football_2024
Jonah Brewster,OT,Louisiana Tech Bulldogs,,Entered,0,3.0,82.0,2391.0,177.0,2019,2023-11-25T15:23:00,https://on3static.com/uploads/assets/775/261/261775.jpeg,https://www.on3.com/db/jonah-brewster-64426/,portal_industry_football_2024
Paxton Martin,S,Nicholls State Colonels,,Entered,0,3.0,82.0,2392.0,284.0,2021,2023-11-26T12:45:00,https://on3static.com/uploads/assets/770/261/261770.png,https://www.on3.com/db/paxton-martin-204430/,portal_industry_football_2024
Tofa Wilson,LB,Northern Colorado Bears,,Entered,0,3.0,82.0,2394.0,274.0,2020,2023-11-27T11:37:00,https://on3static.com/uploads/assets/103/262/262103.png,https://www.on3.com/db/tofa-wilson-113362/,portal_industry_football_2024
Quinton Gregory,WR,Holy Cross Crusaders,,Entered,0,3.0,82.0,2395.0,415.0,2020,2023-11-27T09:25:00,https://on3static.com/uploads/assets/952/261/261952.png,https://www.on3.com/db/quinton-gregory-97669/,portal_industry_football_2024
Ren Hefley,QB,Middle Tennessee State Blue Raiders,,Entered,0,3.0,82.0,2397.0,183.0,2019,2023-11-28T09:32:00,https://on3static.com/uploads/assets/545/134/134545.jpeg,https://www.on3.com/db/ren-hefley-175087/,portal_industry_football_2024
Mason Bowers,OT,Coastal Carolina Chanticleers,,Entered,0,3.0,82.0,2398.0,174.0,2020,2023-11-28T07:58:00,https://on3static.com/uploads/assets/721/381/381721.jpg,https://www.on3.com/db/mason-bowers-84703/,portal_industry_football_2024
Julian Kameristy,DL,Indiana Hoosiers,Murray State Racers,Committed,0,3.0,82.0,2399.0,254.0,2021,2024-01-05T10:49:00,https://on3static.com/uploads/assets/986/15/15986.jpeg,https://www.on3.com/db/julian-kameristy-145778/,portal_industry_football_2024
Jett Huff,QB,Houston Cougars,,Entered,0,3.0,82.0,2400.0,187.0,2022,2023-11-28T09:07:00,https://on3static.com/uploads/assets/367/223/223367.png,https://www.on3.com/db/jett-huff-145071/,portal_industry_football_2024
Zach Perkins,IOL,USF Bulls,,Entered,0,3.0,82.0,2401.0,198.0,2020,2023-11-28T12:32:00,https://on3static.com/uploads/assets/187/91/91187.jpeg,https://www.on3.com/db/zach-perkins-122962/,portal_industry_football_2024
Robert Armes,RB,Florida Atlantic Owls,,Entered,0,3.0,82.0,2402.0,212.0,2019,2023-11-28T14:28:00,https://on3static.com/uploads/assets/224/217/217224.png,https://www.on3.com/db/robert-armes-100908/,portal_industry_football_2024
Jestus Johnson,IOL,Virginia Cavaliers,,Entered,0,3.0,84.0,2403.0,139.0,2020,2023-11-29T10:29:00,https://on3static.com/uploads/dev/assets/735/9/9735.jpg,https://www.on3.com/db/jestus-johnson-144046/,portal_industry_football_2024
Ari Patu,QB,Stanford Cardinal,North Alabama Lions,Committed,0,3.0,84.0,2404.0,128.0,2021,,https://on3static.com/uploads/assets/239/18/18239.jpeg,https://www.on3.com/db/ari-patu-7398/,portal_industry_football_2024
Griffin Brewster,QB,Kent State Golden Flashes,,Entered,0,3.0,82.0,2405.0,188.0,2020,2023-11-29T09:00:00,https://on3static.com/uploads/assets/900/262/262900.jpeg,https://www.on3.com/db/griffin-brewster-47118/,portal_industry_football_2024
Stone Hollenbach,QB,Western Michigan Broncos,,Entered,0,3.0,82.0,2406.0,198.0,2019,2023-11-29T14:51:00,https://on3static.com/uploads/dev/assets/40/2/2040.jpg,https://www.on3.com/db/stone-hollenbach-109185/,portal_industry_football_2024
Dru Dotter,CB,East Carolina Pirates,,Entered,0,3.0,82.0,2407.0,338.0,2020,2023-11-29T09:21:00,https://on3static.com/uploads/assets/566/213/213566.jpeg,https://www.on3.com/db/dru-dotter-39257/,portal_industry_football_2024
Bershard Glaspie,LB,Tulsa Golden Hurricane,,Entered,0,3.0,82.0,2410.0,268.0,2019,2023-11-30T10:48:00,https://on3static.com/uploads/assets/48/75/75048.jpeg,https://www.on3.com/db/bershard-glaspie-10335/,portal_industry_football_2024
Anthony Fisher,CB,Virginia Cavaliers,,Entered,0,3.0,82.0,2411.0,331.0,2022,2023-11-30T13:24:00,https://on3static.com/uploads/assets/530/263/263530.png,https://www.on3.com/db/anthony-fisher-6093/,portal_industry_football_2024
Matthew Colombo,RB,USC Trojans,San Diego Toreros,Committed,0,3.0,82.0,2412.0,205.0,2020,2023-12-22T10:34:00,https://on3static.com/uploads/assets/62/96/96062.png,https://www.on3.com/db/matthew-colombo-86020/,portal_industry_football_2024
Jalen Tate,S,Georgia State Panthers,,Entered,0,3.0,82.0,2413.0,277.0,2020,2023-11-30T15:20:00,https://on3static.com/uploads/assets/700/173/173700.png,https://www.on3.com/db/jalen-tate-54547/,portal_industry_football_2024
Luke Fulton,LB,Kentucky Wildcats,Kent State Golden Flashes,Committed,0,3.0,84.0,2414.0,193.0,2019,2024-01-12T12:20:00,https://on3static.com/uploads/dev/assets/612/9/9612.jpg,https://www.on3.com/db/luke-fulton-80660/,portal_industry_football_2024
Bailey Carraway,LB,Coastal Carolina Chanticleers,,Entered,0,3.0,82.0,2415.0,261.0,2021,2023-12-01T09:59:00,https://on3static.com/uploads/assets/695/75/75695.jpg,https://www.on3.com/db/bailey-carraway-9196/,portal_industry_football_2024
Jax Smith,WR,Akron Zips,,Entered,0,3.0,82.0,2416.0,376.0,2023,2023-12-01T10:47:00,https://on3static.com/uploads/assets/734/263/263734.png,https://www.on3.com/db/jax-smith-179495/,portal_industry_football_2024
Isaiah Smith,WR,Old Dominion Monarchs,,Entered,0,3.0,82.0,2417.0,379.0,2022,2023-12-01T11:11:00,https://on3static.com/uploads/assets/304/171/171304.png,https://www.on3.com/db/isaiah-smith-178872/,portal_industry_football_2024
Joshua McTier,CB,Marshall Thundering Herd,,Entered,0,3.0,82.0,2418.0,345.0,2020,2023-12-01T10:29:00,https://on3static.com/uploads/assets/729/263/263729.png,https://www.on3.com/db/joshua-mctier-155955/,portal_industry_football_2024
Aiden DeCorte,IOL,Central Michigan Chippewas,,Entered,0,3.0,82.0,2419.0,214.0,2023,2023-12-01T10:48:00,https://on3static.com/uploads/assets/736/263/263736.jpeg,https://www.on3.com/db/aiden-decorte-237034/,portal_industry_football_2024
Blake Antzoulatos,LB,California Golden Bears,,Entered,0,3.0,84.0,2420.0,203.0,2019,2023-12-01T17:29:00,https://on3static.com/uploads/dev/assets/723/6/6723.jpg,https://www.on3.com/db/blake-antzoulatos-10729/,portal_industry_football_2024
Joey Wright,OT,San Diego State Aztecs,,Entered,0,3.0,82.0,2421.0,168.0,2020,2023-12-01T16:49:00,https://on3static.com/uploads/assets/506/178/178506.png,https://www.on3.com/db/joey-wright-62898/,portal_industry_football_2024
Aran Mohamad-Ali,RB,Middle Tennessee State Blue Raiders,,Entered,0,3.0,82.0,2422.0,219.0,2019,2023-12-01T15:58:00,https://on3static.com/uploads/assets/835/263/263835.png,https://www.on3.com/db/aran-mohamad-ali-160363/,portal_industry_football_2024
DeAnthony Becton,S,Central Michigan Chippewas,,Entered,0,3.0,82.0,2423.0,263.0,2021,2023-12-04T07:04:00,https://on3static.com/uploads/assets/605/264/264605.jpeg,https://www.on3.com/db/deanthony-becton-33140/,portal_industry_football_2024
Laurence Sullivan,CB,Coastal Carolina Chanticleers,,Entered,0,3.0,82.0,2424.0,339.0,2021,2023-12-04T07:08:00,https://on3static.com/uploads/assets/607/264/264607.jpeg,https://www.on3.com/db/laurence-sullivan-175523/,portal_industry_football_2024
Eli Samples,IOL,East Carolina Pirates,,Entered,0,3.0,82.0,2427.0,208.0,2022,2023-12-04T07:39:00,https://on3static.com/uploads/assets/861/213/213861.jpeg,https://www.on3.com/db/eli-samples-146029/,portal_industry_football_2024
Jaleel Davis,OT,NC State Wolfpack,FIU Golden Panthers,Committed,0,3.0,84.0,2428.0,129.0,2021,2023-12-20T14:30:00,https://on3static.com/uploads/assets/337/16/16337.jpeg,https://www.on3.com/db/jaleel-davis-54098/,portal_industry_football_2024
Shane Slattery,LB,Kent State Golden Flashes,,Entered,0,3.0,82.0,2429.0,270.0,2021,2023-12-04T07:51:00,https://on3static.com/uploads/assets/617/264/264617.jpeg,https://www.on3.com/db/shane-slattery-106522/,portal_industry_football_2024
Eli Hillman,S,Coastal Carolina Chanticleers,,Entered,0,3.0,82.0,2430.0,259.0,0,2023-12-04T07:51:00,https://on3static.com/uploads/assets/907/171/171907.png,https://www.on3.com/db/eli-hillman-178912/,portal_industry_football_2024
Bryson Summers,OT,Coastal Carolina Chanticleers,,Entered,0,3.0,82.0,2431.0,176.0,2022,2023-12-04T07:57:00,https://on3static.com/uploads/assets/618/264/264618.jpeg,https://www.on3.com/db/bryson-summers-149574/,portal_industry_football_2024
Zion Agnew,WR,East Carolina Pirates,Lenoir-Rhyne Bears,Committed,0,3.0,82.0,2432.0,369.0,2023,2024-01-08T21:49:00,https://on3static.com/uploads/assets/887/213/213887.jpeg,https://www.on3.com/db/zion-agnew-151301/,portal_industry_football_2024
Tony McCray,CB,Georgia State Panthers,,Entered,0,3.0,82.0,2433.0,337.0,2021,2023-12-04T08:14:00,https://on3static.com/uploads/assets/698/173/173698.png,https://www.on3.com/db/tony-mccray-113915/,portal_industry_football_2024
Zion Gunn,CB,Purdue Boilermakers,,Entered,0,3.0,82.0,2435.0,329.0,2023,2023-12-04T08:36:00,https://on3static.com/uploads/assets/71/217/217071.png,https://www.on3.com/db/zion-gunn-155293/,portal_industry_football_2024
D'mor Jean-Baptiste,S,FIU Golden Panthers,,Entered,0,3.0,82.0,2436.0,267.0,2021,2023-12-04T08:41:00,https://on3static.com/uploads/assets/285/76/76285.jpeg,https://www.on3.com/db/dmor-jean-baptiste-145566/,portal_industry_football_2024
Dorian Helm,S,Massachusetts Minutemen,,Entered,0,3.0,82.0,2437.0,278.0,2021,2023-12-04T08:42:00,https://on3static.com/uploads/assets/636/264/264636.png,https://www.on3.com/db/dorian-helm-38559/,portal_industry_football_2024
Jordan Herman,OT,Florida Gators,Charlotte 49ers,Committed,0,3.0,84.0,2438.0,126.0,2021,2023-12-16T22:13:00,https://on3static.com/uploads/assets/161/240/240161.png,https://www.on3.com/db/jordan-herman-154649/,portal_industry_football_2024
Thai Chiaokhiao-Bowman,WR,Florida Gators,Rice Owls,Committed,0,3.0,84.0,2439.0,269.0,2020,,https://on3static.com/uploads/assets/438/469/469438.png,https://www.on3.com/db/thai-chiaokhiao-bowman-112107/,portal_industry_football_2024
Dante Capolungo,WR,Colorado Buffaloes,,Entered,0,3.0,82.0,2440.0,382.0,0,2023-12-04T09:22:00,https://on3static.com/uploads/assets/338/242/242338.jpeg,https://www.on3.com/db/dante-capolungo-216195/,portal_industry_football_2024
Dameon Smallwood,IOL,North Texas Mean Green,,Entered,0,3.0,82.0,2441.0,210.0,2022,2023-12-04T09:27:00,https://on3static.com/uploads/assets/121/26/26121.png,https://www.on3.com/db/dameon-smallwood-28483/,portal_industry_football_2024
Theo Grabill,TE,West Virginia Mountaineers,,Entered,0,3.0,82.0,2442.0,144.0,2021,2023-12-04T09:36:00,https://on3static.com/uploads/assets/842/85/85842.jpeg,https://www.on3.com/db/theo-grabill-112145/,portal_industry_football_2024
Kaleb Hutchinson,S,Coastal Carolina Chanticleers,Mercer Bears,Committed,0,3.0,82.0,2443.0,253.0,2022,,https://on3static.com/uploads/assets/903/171/171903.png,https://www.on3.com/db/kaleb-hutchinson-146194/,portal_industry_football_2024
Collin Dunn,LB,Kansas State Wildcats,,Entered,0,3.0,84.0,2444.0,188.0,2023,2023-12-04T09:56:00,https://on3static.com/uploads/assets/189/209/209189.jpeg,https://www.on3.com/db/collin-dunn-149722/,portal_industry_football_2024
Jaquan Dixon,RB,Georgia State Panthers,,Entered,0,3.0,82.0,2445.0,218.0,2021,2023-12-04T10:17:00,https://on3static.com/uploads/assets/703/264/264703.jpeg,https://www.on3.com/db/jaquan-dixon-56409/,portal_industry_football_2024
DT Sheffield,WR,Washington State Cougars,North Texas Mean Green,Committed,0,3.0,84.0,2446.0,280.0,2020,2023-12-20T12:00:00,https://on3static.com/uploads/assets/242/463/463242.jpg,https://www.on3.com/db/dt-sheffield-39274/,portal_industry_football_2024
Ashton Schumann,WR,Tulsa Golden Hurricane,Central Oklahoma Bronchos,Committed,0,3.0,82.0,2447.0,377.0,2023,,https://on3static.com/uploads/assets/561/554/554561.png,https://www.on3.com/db/ashton-schumann-7924/,portal_industry_football_2024
Canyon Moses,CB,Arizona Wildcats,,Entered,0,3.0,84.0,2448.0,250.0,2023,2023-12-04T10:33:00,https://on3static.com/uploads/assets/756/264/264756.png,https://www.on3.com/db/canyon-moses-146728/,portal_industry_football_2024
Dom Henry,WR,BYU Cougars,Florida Atlantic Owls,Committed,0,3.0,82.0,2449.0,385.0,2022,,https://on3static.com/uploads/assets/878/166/166878.png,https://www.on3.com/db/dom-henry-150353/,portal_industry_football_2024
Jakob James,OT,Ohio State Buckeyes,Toledo Rockets,Committed,0,3.0,84.0,2450.0,128.0,2020,2023-12-20T16:39:00,https://on3static.com/uploads/assets/535/221/221535.jpeg,https://www.on3.com/db/jakob-james-143513/,portal_industry_football_2024
Joey Merritt,WR,UAB Blazers,,Entered,0,3.0,82.0,2451.0,386.0,2023,2023-12-04T10:48:00,https://on3static.com/uploads/assets/744/264/264744.png,https://www.on3.com/db/joey-merritt-62832/,portal_industry_football_2024
Trenton Kintigh,DL,Old Dominion Monarchs,,Entered,0,3.0,82.0,2452.0,271.0,2023,2023-12-04T11:04:00,,https://www.on3.com/db/trenton-kintigh-158852/,portal_industry_football_2024
Romal Webb,RB,Middle Tennessee State Blue Raiders,,Entered,0,3.0,82.0,2453.0,220.0,2021,2023-12-04T11:00:00,https://on3static.com/uploads/assets/763/264/264763.png,https://www.on3.com/db/romal-webb-101925/,portal_industry_football_2024
Chernet Estes,WR,Colorado Buffaloes,,Entered,0,3.0,82.0,2454.0,387.0,2022,2023-12-04T11:13:00,https://on3static.com/uploads/assets/409/242/242409.jpeg,https://www.on3.com/db/chernet-estes-21075/,portal_industry_football_2024
Bryce Harrison,TE,Northern Illinois Huskies,Stetson Hatters,Committed,0,3.0,82.0,2455.0,143.0,2023,2024-01-08T11:24:00,https://on3static.com/uploads/assets/838/264/264838.png,https://www.on3.com/db/bryce-harrison-151848/,portal_industry_football_2024
Aidan Behymer,TE,Air Force Falcons,,Entered,0,3.0,82.0,2456.0,149.0,2023,2023-12-04T11:27:00,,https://www.on3.com/db/aidan-behymer-176338/,portal_industry_football_2024
Gideon Bedada,EDGE,Old Dominion Monarchs,,Entered,0,3.0,82.0,2457.0,160.0,2023,2023-12-04T11:31:00,https://on3static.com/uploads/assets/286/171/171286.png,https://www.on3.com/db/gideon-bedada-155166/,portal_industry_football_2024
Hunter Clark,RB,Connecticut Huskies,Boston College Eagles,Committed,0,3.0,82.0,2458.0,207.0,2022,2024-06-03T13:45:00,https://on3static.com/uploads/assets/796/264/264796.jpeg,https://www.on3.com/db/hunter-clark-180520/,portal_industry_football_2024
Ethan Presutty,WR,Old Dominion Monarchs,,Entered,0,3.0,82.0,2459.0,417.0,2023,2023-12-04T11:46:00,https://on3static.com/uploads/assets/799/264/264799.jpeg,https://www.on3.com/db/ethan-presutty-159322/,portal_industry_football_2024
Carmycah Glass,LB,Missouri Tigers,Louisiana Ragin Cajuns,Committed,0,3.0,84.0,2460.0,176.0,2022,2023-12-20T09:33:00,https://on3static.com/uploads/assets/809/264/264809.jpeg,https://www.on3.com/db/carmycah-glass-150415/,portal_industry_football_2024
James Edwards,CB,Appalachian State Mountaineers,,Entered,0,3.0,82.0,2461.0,334.0,2022,2023-12-04T12:05:00,https://on3static.com/uploads/assets/67/170/170067.png,https://www.on3.com/db/james-edwards-55519/,portal_industry_football_2024
Justin Kanyuk,IOL,North Carolina Tar Heels,Georgia Southern Eagles,Committed,0,3.0,84.0,2462.0,154.0,2022,2024-01-09T11:51:00,https://on3static.com/uploads/assets/914/87/87914.jpg,https://www.on3.com/db/justin-kanyuk-146134/,portal_industry_football_2024
Jesiah Stevens-Silva,TE,Central Michigan Chippewas,,Entered,0,3.0,82.0,2463.0,139.0,2023,2023-12-04T12:11:00,https://on3static.com/uploads/assets/826/264/264826.jpeg,https://www.on3.com/db/jesiah-stevens-silva-156741/,portal_industry_football_2024
Mason Howard,IOL,Old Dominion Monarchs,,Entered,0,3.0,82.0,2464.0,212.0,2022,2023-12-04T12:10:00,https://on3static.com/uploads/assets/132/26/26132.png,https://www.on3.com/db/mason-howard-149931/,portal_industry_football_2024
Ryan Kilburg,S,Western Michigan Broncos,,Entered,0,3.0,82.0,2465.0,254.0,2020,2023-12-04T12:29:00,https://on3static.com/uploads/assets/835/264/264835.jpeg,https://www.on3.com/db/ryan-kilburg-103323/,portal_industry_football_2024
Daemian Wimberly,DL,SMU Mustangs,UTSA Roadrunners,Committed,0,3.0,85.0,2466.0,164.0,2023,2023-12-10T08:14:00,https://on3static.com/uploads/assets/250/219/219250.jpg,https://www.on3.com/db/daemian-wimberly-150278/,portal_industry_football_2024
Mike Ciaffoni,IOL,Rutgers Scarlet Knights,,Entered,0,3.0,84.0,2467.0,152.0,2019,2023-12-04T14:56:00,https://on3static.com/uploads/assets/743/16/16743.jpeg,https://www.on3.com/db/mike-ciaffoni-88840/,portal_industry_football_2024
Jordan Perry,S,Kansas State Wildcats,Troy Trojans,Committed,0,3.0,83.0,2468.0,229.0,2022,2024-01-10T14:46:00,https://on3static.com/uploads/assets/526/86/86526.jpeg,https://www.on3.com/db/jordan-perry-65877/,portal_industry_football_2024
Cole Freeman,QB,Northwestern Wildcats,,Entered,0,3.0,82.0,2469.0,191.0,2021,2023-12-04T12:44:00,https://on3static.com/uploads/assets/877/23/23877.jpg,https://www.on3.com/db/cole-freeman-24688/,portal_industry_football_2024
Christian Hunt,QB,Arkansas State Red Wolves,,Entered,0,3.0,82.0,2470.0,195.0,2023,2023-12-04T16:38:00,https://on3static.com/uploads/assets/284/472/472284.jpg,https://www.on3.com/db/christian-hunt-156497/,portal_industry_football_2024
Rambo Mageo,IOL,San Diego State Aztecs,,Entered,0,3.0,82.0,2471.0,197.0,2022,2023-12-04T14:15:00,https://on3static.com/uploads/assets/902/264/264902.jpeg,https://www.on3.com/db/rambo-mageo-149919/,portal_industry_football_2024
Rocky Shields,DL,Washington State Cougars,Carroll College Fighting Saints,Committed,0,3.0,82.0,2472.0,256.0,2023,2024-02-07T09:30:00,https://on3static.com/uploads/assets/392/219/219392.png,https://www.on3.com/db/rocky-shields-163047/,portal_industry_football_2024
Cole Boscia,WR,Colorado Buffaloes,California Golden Bears,Committed,0,3.0,82.0,2473.0,389.0,2022,2023-12-21T16:42:00,https://on3static.com/uploads/assets/412/242/242412.jpeg,https://www.on3.com/db/cole-boscia-24618/,portal_industry_football_2024
Amaari Smith,CB,Western Kentucky Hilltoppers,,Entered,0,3.0,82.0,2474.0,340.0,2022,2023-12-04T15:02:00,https://on3static.com/uploads/assets/365/88/88365.jpg,https://www.on3.com/db/amaari-smith-149946/,portal_industry_football_2024
Mychai Williams,CB,Colorado State Rams,,Entered,0,3.0,82.0,2475.0,342.0,2022,2023-12-04T15:03:00,https://on3static.com/uploads/assets/923/264/264923.png,https://www.on3.com/db/mychai-williams-90576/,portal_industry_football_2024
Yirayah Lanier,DL,Louisville Cardinals,,Entered,0,3.0,82.0,2476.0,264.0,2022,2023-12-04T14:31:00,https://on3static.com/uploads/assets/907/264/264907.jpeg,https://www.on3.com/db/yirayah-lanier-239064/,portal_industry_football_2024
Ta'ir Brooks,WR,New Mexico State Aggies,Northern Arizona Lumberjacks,Committed,0,3.0,82.0,2477.0,406.0,2019,2024-01-09T10:49:00,https://on3static.com/uploads/assets/198/446/446198.png,https://www.on3.com/db/tair-brooks-149900/,portal_industry_football_2024
Jonah Chong,QB,Hawaii Rainbow Warriors,,Entered,0,3.0,82.0,2478.0,211.0,2020,2023-12-04T17:33:00,https://on3static.com/uploads/assets/393/386/386393.jpg,https://www.on3.com/db/jonah-chong-64433/,portal_industry_football_2024
Hayden Pulis,IOL,Fresno State Bulldogs,,Entered,0,3.0,82.0,2479.0,215.0,2021,2023-12-04T16:32:00,https://on3static.com/uploads/assets/972/264/264972.jpeg,https://www.on3.com/db/hayden-pulis-175644/,portal_industry_football_2024
Tyson Berry,WR,San Diego State Aztecs,,Entered,0,3.0,82.0,2480.0,372.0,2023,2023-12-04T14:20:00,https://on3static.com/uploads/assets/903/264/264903.jpeg,https://www.on3.com/db/tyson-berry-118989/,portal_industry_football_2024
Charles Hodge IV,WR,Tulsa Golden Hurricane,,Entered,0,3.0,82.0,2481.0,391.0,2022,2023-12-05T09:57:00,https://on3static.com/uploads/assets/159/265/265159.png,https://www.on3.com/db/charles-hodge-iv-149970/,portal_industry_football_2024
Ace Cobb,WR,Florida Atlantic Owls,,Entered,0,3.0,82.0,2482.0,392.0,2022,2023-12-05T10:47:00,https://on3static.com/uploads/assets/198/217/217198.png,https://www.on3.com/db/ace-cobb-150520/,portal_industry_football_2024
Joe Enick,IOL,Central Michigan Chippewas,,Entered,0,3.0,82.0,2483.0,205.0,2023,2023-12-04T20:03:00,https://on3static.com/uploads/assets/29/265/265029.jpeg,https://www.on3.com/db/joe-enick-155824/,portal_industry_football_2024
Meonta Kimbrough,DL,Memphis Tigers,,Entered,0,3.0,82.0,2484.0,266.0,0,2023-12-05T08:36:00,https://on3static.com/uploads/assets/132/265/265132.png,https://www.on3.com/db/meonta-kimbrough-178541/,portal_industry_football_2024
Brian Bates,LB,Charlotte 49ers,,Entered,0,3.0,82.0,2485.0,282.0,2023,2023-12-05T09:16:00,https://on3static.com/uploads/assets/572/212/212572.jpeg,https://www.on3.com/db/brian-bates-177224/,portal_industry_football_2024
Myles Winslow,DL,Georgia Southern Eagles,,Entered,0,3.0,82.0,2486.0,272.0,2021,2023-12-05T10:08:00,https://on3static.com/uploads/assets/169/265/265169.jpeg,https://www.on3.com/db/myles-winslow-90802/,portal_industry_football_2024
Malachi Preciado,IOL,Purdue Boilermakers,South Alabama Jaguars,Committed,0,3.0,83.0,2487.0,185.0,2022,2023-12-11T15:40:00,https://on3static.com/uploads/assets/172/217/217172.png,https://www.on3.com/db/malachi-preciado-81451/,portal_industry_football_2024
Cody Brown,RB,Virginia Cavaliers,,Entered,0,3.0,84.0,2488.0,169.0,2021,2023-12-05T11:48:00,https://on3static.com/uploads/assets/50/164/164050.png,https://www.on3.com/db/cody-brown-24254/,portal_industry_football_2024
Kaylon Washington,CB,Tulsa Golden Hurricane,,Entered,0,3.0,82.0,2489.0,350.0,2020,2023-12-05T13:14:00,https://on3static.com/uploads/assets/9/75/75009.jpeg,https://www.on3.com/db/kaylon-washington-71561/,portal_industry_football_2024
Daisjaun Mercer,CB,Miami (OH) RedHawks,,Entered,0,3.0,82.0,2490.0,352.0,2023,2023-12-05T14:07:00,https://on3static.com/uploads/assets/282/265/265282.jpeg,https://www.on3.com/db/daisjaun-mercer-156742/,portal_industry_football_2024
Micaiah Overton,DL,Texas A&M Aggies,Arkansas State Red Wolves,Committed,0,3.0,85.0,2491.0,168.0,2019,2024-01-05T22:21:00,https://on3static.com/uploads/assets/121/88/88121.jpg,https://www.on3.com/db/micaiah-overton-87257/,portal_industry_football_2024
Orin Patu,DL,Arizona Wildcats,,Entered,0,3.0,84.0,2492.0,177.0,2019,2023-12-05T17:59:00,https://on3static.com/uploads/dev/assets/721/6/6721.jpg,https://www.on3.com/db/orin-patu-94553/,portal_industry_football_2024
Javier Morton,CB,Nebraska Cornhuskers,Temple Owls,Committed,0,3.0,83.0,2493.0,276.0,2020,2024-01-05T17:11:00,https://on3static.com/uploads/assets/352/188/188352.png,https://www.on3.com/db/javier-morton-58053/,portal_industry_football_2024
Jaylen Jones,LB,Connecticut Huskies,,Entered,0,3.0,82.0,2494.0,278.0,2018,2023-12-05T14:42:00,https://on3static.com/uploads/assets/293/265/265293.jpeg,https://www.on3.com/db/jaylen-jones-142678/,portal_industry_football_2024
Zion Odoms,WR,Marshall Thundering Herd,,Entered,0,3.0,82.0,2495.0,421.0,2022,2023-12-06T08:39:00,https://on3static.com/uploads/assets/220/26/26220.png,https://www.on3.com/db/zion-odoms-147700/,portal_industry_football_2024
Micah Sumpter,OT,Charlotte 49ers,East Tennessee State Buccaneers,Committed,0,3.0,82.0,2496.0,167.0,2023,2023-12-17T14:06:00,https://on3static.com/uploads/assets/385/213/213385.jpeg,https://www.on3.com/db/micah-sumpter-158517/,portal_industry_football_2024
Tymere Burton,LB,Charlotte 49ers,,Entered,0,3.0,82.0,2497.0,294.0,2023,2023-12-06T12:10:00,https://on3static.com/uploads/assets/583/212/212583.jpeg,https://www.on3.com/db/tymere-burton-118310/,portal_industry_football_2024
Cejae Ceasar,S,Louisiana Ragin Cajuns,,Entered,0,3.0,82.0,2499.0,260.0,2021,2023-12-06T15:56:00,https://on3static.com/uploads/assets/681/265/265681.png,https://www.on3.com/db/cejae-ceasar-19452/,portal_industry_football_2024
Bryson Jordan,DL,Louisiana-Monroe Warhawks,,Entered,0,3.0,82.0,2501.0,273.0,2022,2023-12-07T18:42:00,https://on3static.com/uploads/assets/37/266/266037.jpeg,https://www.on3.com/db/bryson-jordan-158160/,portal_industry_football_2024
Omari Allen,IOL,East Carolina Pirates,,Entered,0,3.0,82.0,2502.0,217.0,2022,2023-12-08T08:32:00,https://on3static.com/uploads/assets/844/213/213844.jpeg,https://www.on3.com/db/omari-allen-146146/,portal_industry_football_2024
RJ Garcia II,WR,Kansas State Wildcats,Bowling Green Falcons,Committed,0,3.0,84.0,2503.0,278.0,2021,2023-12-19T23:17:00,https://on3static.com/uploads/assets/857/15/15857.jpeg,https://www.on3.com/db/rj-garcia-ii-100657/,portal_industry_football_2024
Will Meyer,IOL,Connecticut Huskies,,Entered,0,3.0,82.0,2505.0,218.0,2020,2023-12-08T15:33:00,https://on3static.com/uploads/assets/178/266/266178.jpeg,https://www.on3.com/db/will-meyer-120939/,portal_industry_football_2024
Hydee Barlow,DL,Memphis Tigers,,Entered,0,3.0,82.0,2506.0,275.0,2020,2023-12-08T13:30:00,https://on3static.com/uploads/assets/137/266/266137.png,https://www.on3.com/db/hydee-barlow-48697/,portal_industry_football_2024
Vaughn Mamea,DL,Utah State Aggies,,Entered,0,3.0,82.0,2507.0,259.0,0,2023-12-10T20:29:00,https://on3static.com/uploads/assets/713/266/266713.jpeg,https://www.on3.com/db/vaughn-mamea-175824/,portal_industry_football_2024
Reggie Foster,RB,Utah State Aggies,,Entered,0,3.0,82.0,2508.0,224.0,2023,2023-12-11T13:30:00,https://on3static.com/uploads/assets/920/266/266920.png,https://www.on3.com/db/reggie-foster-155206/,portal_industry_football_2024
Adam Tomczyk,DL,Utah State Aggies,,Entered,0,3.0,82.0,2509.0,258.0,2022,2023-12-11T14:22:00,https://on3static.com/uploads/assets/951/266/266951.png,https://www.on3.com/db/adam-tomczyk-147375/,portal_industry_football_2024
Ephraim Deese,EDGE,Charlotte 49ers,,Entered,0,3.0,82.0,2510.0,161.0,2023,2023-12-11T13:33:00,https://on3static.com/uploads/assets/316/211/211316.jpeg,https://www.on3.com/db/ephraim-deese-175610/,portal_industry_football_2024
Denim Edwards,RB,Navy Midshipmen,,Entered,0,3.0,82.0,2511.0,226.0,2022,2023-12-11T15:31:00,https://on3static.com/uploads/assets/985/266/266985.jpeg,https://www.on3.com/db/denim-edwards-34180/,portal_industry_football_2024
Alec Burton,TE,Ohio Bobcats,,Entered,0,3.0,82.0,2512.0,150.0,2018,2023-12-11T18:15:00,https://on3static.com/uploads/assets/64/267/267064.png,https://www.on3.com/db/alec-burton-2623/,portal_industry_football_2024
Kiland Harrison,CB,Tulane Green Wave,,Entered,0,3.0,82.0,2513.0,351.0,2019,2023-12-12T16:14:00,https://on3static.com/uploads/assets/117/74/74117.jpeg,https://www.on3.com/db/kiland-harrison-75186/,portal_industry_football_2024
Owen Westemeyer,IOL,Colorado Buffaloes,Iowa State Cyclones,Committed,0,3.0,82.0,2514.0,219.0,2023,,https://on3static.com/uploads/assets/379/242/242379.jpeg,https://www.on3.com/db/owen-westemeyer-237312/,portal_industry_football_2024
Isaiah Hackett,CB,UNLV Rebels,,Entered,0,3.0,82.0,2515.0,357.0,2020,2023-12-12T18:26:00,https://on3static.com/uploads/assets/355/267/267355.png,https://www.on3.com/db/isaiah-hackett-49524/,portal_industry_football_2024
Graham Faloona,LB,Texas State Bobcats,,Entered,0,3.0,82.0,2516.0,291.0,2020,2023-12-12T20:40:00,https://on3static.com/uploads/assets/709/75/75709.jpeg,https://www.on3.com/db/graham-faloona-46354/,portal_industry_football_2024
Chase Locke,WR,Wyoming Cowboys,Louisiana Tech Bulldogs,Committed,0,3.0,82.0,2517.0,409.0,2019,,https://on3static.com/uploads/dev/assets/137/5/5137.jpg,https://www.on3.com/db/chase-locke-20740/,portal_industry_football_2024
Raydrian McKneely,RB,Memphis Tigers,,Entered,0,3.0,82.0,2518.0,216.0,2023,2023-12-14T10:03:00,https://on3static.com/uploads/assets/356/214/214356.jpeg,https://www.on3.com/db/raydrian-mckneely-98932/,portal_industry_football_2024
Curtis Nixon,TE,Old Dominion Monarchs,,Entered,0,3.0,82.0,2519.0,146.0,2021,2023-12-14T09:34:00,https://on3static.com/uploads/assets/306/171/171306.png,https://www.on3.com/db/curtis-nixon-27176/,portal_industry_football_2024
Charlie Fish,WR,Charlotte 49ers,,Entered,0,3.0,82.0,2520.0,423.0,2020,2023-12-14T08:20:00,https://on3static.com/uploads/assets/839/91/91839.jpg,https://www.on3.com/db/charlie-fish-20424/,portal_industry_football_2024
Tyler Baker,QB,Navy Midshipmen,,Entered,0,3.0,82.0,2521.0,223.0,2022,2023-12-14T10:47:00,https://on3static.com/uploads/assets/796/267/267796.jpeg,https://www.on3.com/db/tyler-baker-117312/,portal_industry_football_2024
Jalil Smith,DL,Syracuse Orange,,Entered,0,3.0,82.0,2522.0,262.0,2023,2023-12-14T16:42:00,https://on3static.com/uploads/assets/923/267/267923.png,https://www.on3.com/db/jalil-smith-155274/,portal_industry_football_2024
Jacob Tafoya,LB,Air Force Falcons,,Entered,0,3.0,82.0,2523.0,303.0,2021,2023-12-14T12:40:00,https://on3static.com/uploads/assets/838/267/267838.png,https://www.on3.com/db/jacob-tafoya-52257/,portal_industry_football_2024
Larry Robinson,QB,Army Black Knights,,Entered,0,3.0,82.0,2524.0,222.0,2023,2023-12-15T09:40:00,https://on3static.com/uploads/assets/9/268/268009.jpeg,https://www.on3.com/db/larry-robinson-78344/,portal_industry_football_2024
Hunter McLain,OT,Virginia Tech Hokies,James Madison Dukes,Committed,0,3.0,82.0,2525.0,169.0,2022,,https://on3static.com/uploads/assets/871/86/86871.jpeg,https://www.on3.com/db/hunter-mclain-48536/,portal_industry_football_2024
Kyle Eaves,WR,UTSA Roadrunners,,Entered,0,3.0,82.0,2526.0,424.0,2020,2023-12-15T13:41:00,https://on3static.com/uploads/assets/774/73/73774.jpeg,https://www.on3.com/db/kyle-eaves-76561/,portal_industry_football_2024
Ezra Odinjor,EDGE,Georgia Tech Yellow Jackets,UAB Blazers,Committed,0,3.0,84.0,2527.0,131.0,2023,2024-01-05T22:11:00,https://on3static.com/uploads/assets/473/164/164473.png,https://www.on3.com/db/ezra-odinjor-151165/,portal_industry_football_2024
Quincy Darnell,LB,Georgia Southern Eagles,,Entered,0,3.0,82.0,2528.0,296.0,2019,2023-12-18T14:33:00,https://on3static.com/uploads/assets/74/269/269074.jpeg,https://www.on3.com/db/quincy-darnell-97385/,portal_industry_football_2024
Elijah Williams,DL,UAB Blazers,,Entered,0,3.0,82.0,2529.0,276.0,2023,2023-12-19T11:19:00,https://on3static.com/uploads/assets/372/52/52372.png,https://www.on3.com/db/elijah-williams-152222/,portal_industry_football_2024
Carmelo Crump,IOL,Louisiana-Monroe Warhawks,,Entered,0,3.0,82.0,2530.0,226.0,2023,2023-12-19T11:21:00,,https://www.on3.com/db/carmelo-crump-157989/,portal_industry_football_2024
Jaylen Dotson,CB,Monmouth Hawks,Kent State Golden Flashes,Committed,0,3.0,84.0,2532.0,261.0,2021,2023-12-20T17:06:00,https://on3static.com/uploads/assets/953/275/275953.png,https://www.on3.com/db/jaylen-dotson-202865/,portal_industry_football_2024
Dasheen Jackson,S,Troy Trojans,UAB Blazers,Committed,0,3.0,82.0,2533.0,261.0,2021,,https://on3static.com/uploads/assets/691/269/269691.png,https://www.on3.com/db/dasheen-jackson-174289/,portal_industry_football_2024
Matthew Reardon,WR,Miami (OH) RedHawks,,Entered,0,3.0,82.0,2535.0,420.0,2021,2023-12-22T12:25:00,,https://www.on3.com/db/matthew-reardon-85687/,portal_industry_football_2024
Brett Tommasini,LB,Boise State Broncos,,Entered,0,3.0,82.0,2536.0,272.0,2021,2023-12-22T19:13:00,,https://www.on3.com/db/brett-tommasini-14242/,portal_industry_football_2024
Ari Libenson,WR,UCLA Bruins,,Entered,0,3.0,82.0,2537.0,398.0,0,2023-12-24T18:30:00,,https://www.on3.com/db/ari-libenson-161004/,portal_industry_football_2024
Tyler Jordan,RB,Georgia Southern Eagles,,Entered,0,3.0,82.0,2538.0,209.0,2019,2023-12-18T16:29:00,,https://www.on3.com/db/tyler-jordan-239533/,portal_industry_football_2024
Richard Dandridge,WR,Temple Owls,Youngstown State Penguins,Committed,0,3.0,82.0,2539.0,422.0,2023,2024-01-09T16:09:00,https://on3static.com/uploads/assets/567/53/53567.jpg,https://www.on3.com/db/richard-dandridge-99921/,portal_industry_football_2024
Cole Smith,IOL,FIU Golden Panthers,,Entered,0,3.0,82.0,2540.0,206.0,2021,2023-12-18T16:40:00,,https://www.on3.com/db/cole-smith-239534/,portal_industry_football_2024
Jaydon Bailey,RB,Utah State Aggies,,Entered,0,3.0,82.0,2541.0,221.0,2023,2023-12-18T08:04:00,,https://www.on3.com/db/jaydon-bailey-152612/,portal_industry_football_2024
Kyle Trombley,IOL,San Diego State Aztecs,,Entered,0,3.0,82.0,2542.0,220.0,2019,2023-12-18T08:03:00,,https://www.on3.com/db/kyle-trombley-77028/,portal_industry_football_2024
Connor Knight,DL,UAB Blazers,,Entered,0,3.0,82.0,2544.0,277.0,2023,2023-12-11T08:10:00,https://on3static.com/uploads/assets/840/32/32840.PNG,https://www.on3.com/db/connor-knight-150086/,portal_industry_football_2024
Andi Etok,CB,Colorado Buffaloes,,Entered,0,3.0,82.0,2545.0,333.0,2021,2023-12-27T10:33:00,https://on3static.com/uploads/assets/362/242/242362.jpeg,https://www.on3.com/db/andi-etok-4433/,portal_industry_football_2024
Dejuan Butler,S,California Golden Bears,,Entered,0,3.0,82.0,2546.0,276.0,2020,2023-12-27T15:10:00,https://on3static.com/uploads/dev/assets/697/6/6697.jpg,https://www.on3.com/db/dejuan-butler-33452/,portal_industry_football_2024
Tony Hunley Jr.,CB,Auburn Tigers,,Entered,0,3.0,82.0,2547.0,332.0,2020,2023-12-27T18:55:00,https://on3static.com/uploads/assets/546/162/162546.jpeg,https://www.on3.com/db/tony-hunley-jr-163411/,portal_industry_football_2024
Bryce Kitrell,RB,Ohio Bobcats,,Entered,0,3.0,82.0,2548.0,231.0,2020,2023-12-27T13:19:00,https://on3static.com/uploads/assets/80/271/271080.png,https://www.on3.com/db/bryce-kitrell-15824/,portal_industry_football_2024
Teddy Davenport,WR,UAB Blazers,Samford Bulldogs,Committed,0,3.0,82.0,2549.0,429.0,0,2023-12-27T22:06:00,https://on3static.com/uploads/assets/301/271/271301.png,https://www.on3.com/db/teddy-davenport-215721/,portal_industry_football_2024
JD Sherrod,QB,Troy Trojans,Kent State Golden Flashes,Committed,0,3.0,82.0,2550.0,179.0,2023,2024-01-05T16:31:00,https://on3static.com/uploads/assets/951/275/275951.png,https://www.on3.com/db/jd-sherrod-158940/,portal_industry_football_2024
CJ Davis,CB,Marshall Thundering Herd,,Entered,0,3.0,82.0,2552.0,341.0,2023,2023-12-28T18:25:00,,https://www.on3.com/db/cj-davis-151379/,portal_industry_football_2024
Cinque Williams,S,UTSA Roadrunners,,Entered,0,3.0,82.0,2553.0,265.0,2021,2023-12-28T13:11:00,https://on3static.com/uploads/assets/384/271/271384.png,https://www.on3.com/db/cinque-williams-23546/,portal_industry_football_2024
Marcus Velez,TE,Marshall Thundering Herd,,Entered,0,3.0,82.0,2554.0,151.0,2020,2023-12-28T18:25:00,,https://www.on3.com/db/marcus-velez-155975/,portal_industry_football_2024
Jack Gogue,OT,New Mexico State Aggies,,Entered,0,3.0,82.0,2555.0,181.0,2023,2023-12-28T16:58:00,https://on3static.com/uploads/assets/437/271/271437.jpeg,https://www.on3.com/db/jack-gogue-175121/,portal_industry_football_2024
Stanley Dennis,DL,Rutgers Scarlet Knights,Sacred Heart Pioneers,Committed,0,3.0,82.0,2556.0,268.0,2020,2024-01-22T09:37:00,https://on3static.com/uploads/dev/assets/66/10/10066.jpg,https://www.on3.com/db/stanley-dennis-108175/,portal_industry_football_2024
Andrew Wimmer,RB,UNLV Rebels,,Entered,0,3.0,82.0,2557.0,225.0,0,2023-12-29T14:07:00,https://on3static.com/uploads/assets/35/177/177035.png,https://www.on3.com/db/andrew-wimmer-179376/,portal_industry_football_2024
Mason Kidd,QB,Northern Illinois Huskies,,Entered,0,3.0,82.0,2558.0,180.0,2023,2023-12-29T23:50:00,https://on3static.com/uploads/assets/888/57/57888.png,https://www.on3.com/db/mason-kidd-150913/,portal_industry_football_2024
Aidan Armenta,QB,New Mexico Lobos,Louisiana-Monroe Warhawks,Committed,0,3.0,82.0,2559.0,213.0,2023,2024-01-12T16:09:00,,https://www.on3.com/db/aidan-armenta-162246/,portal_industry_football_2024
Christian Nash,RB,Northern Illinois Huskies,,Entered,0,3.0,82.0,2560.0,208.0,2022,2024-01-01T11:11:00,https://on3static.com/uploads/assets/628/272/272628.png,https://www.on3.com/db/christian-nash-179027/,portal_industry_football_2024
Sawyer Pate,QB,Auburn Tigers,,Entered,0,3.0,82.0,2561.0,192.0,2020,2024-01-02T10:45:00,https://on3static.com/uploads/dev/assets/208/2/2208.jpg,https://www.on3.com/db/sawyer-pate-104991/,portal_industry_football_2024
Trevor Walton,CB,Memphis Tigers,,Entered,0,3.0,82.0,2562.0,336.0,2023,2024-01-02T10:18:00,https://on3static.com/uploads/assets/125/214/214125.jpeg,https://www.on3.com/db/trevor-walton-151657/,portal_industry_football_2024
Dontavius Burrows,LB,Texas State Bobcats,Louisiana-Monroe Warhawks,Committed,0,3.0,82.0,2563.0,292.0,2021,2024-05-12T15:19:00,https://on3static.com/uploads/assets/923/272/272923.png,https://www.on3.com/db/dontavius-burrows-174282/,portal_industry_football_2024
Rondell Cole,LB,Troy Trojans,,Entered,0,3.0,82.0,2564.0,298.0,2019,2024-01-02T11:53:00,https://on3static.com/uploads/assets/925/272/272925.png,https://www.on3.com/db/rondell-cole-102249/,portal_industry_football_2024
Liu Aumavae,QB,San Diego State Aztecs,,Entered,0,3.0,82.0,2565.0,181.0,2022,2024-01-02T13:37:00,https://on3static.com/uploads/assets/453/178/178453.png,https://www.on3.com/db/liu-aumavae-79571/,portal_industry_football_2024
Cartraven Walker,RB,UTEP Miners,,Entered,0,3.0,82.0,2566.0,210.0,2019,2024-01-02T18:34:00,https://on3static.com/uploads/assets/826/88/88826.jpg,https://www.on3.com/db/cartraven-walker-18979/,portal_industry_football_2024
Ryan Tuaolo,LB,UNLV Rebels,,Entered,0,3.0,82.0,2567.0,262.0,2022,2024-01-02T18:31:00,https://on3static.com/uploads/assets/53/177/177053.png,https://www.on3.com/db/ryan-tuaolo-147422/,portal_industry_football_2024
Kason Tullos,LB,Texas A&M Aggies,Sam Houston State Bearkats,Committed,0,3.0,82.0,2568.0,266.0,2021,,https://on3static.com/uploads/assets/934/71/71934.jpeg,https://www.on3.com/db/kason-tullos-71443/,portal_industry_football_2024
Tom Bambrick,IOL,Coastal Carolina Chanticleers,,Entered,0,3.0,82.0,2569.0,211.0,2021,2024-01-02T16:31:00,https://on3static.com/uploads/assets/720/75/75720.jpg,https://www.on3.com/db/tom-bambrick-113384/,portal_industry_football_2024
Jeremiah McCrimmon,OT,Colorado Buffaloes,,Entered,0,3.0,82.0,2571.0,173.0,2020,2024-01-03T15:14:00,https://on3static.com/uploads/assets/419/273/273419.jpg,https://www.on3.com/db/jeremiah-mccrimmon-236508/,portal_industry_football_2024
Isaac Ward,QB,USC Trojans,,Entered,0,3.0,82.0,2572.0,194.0,0,2024-01-03T16:46:00,https://on3static.com/uploads/assets/460/217/217460.png,https://www.on3.com/db/isaac-ward-230607/,portal_industry_football_2024
Gabe Liu,CB,Tulane Green Wave,,Entered,0,3.0,82.0,2574.0,344.0,2020,2024-01-04T15:05:00,https://on3static.com/uploads/assets/643/214/214643.jpeg,https://www.on3.com/db/gabe-liu-160946/,portal_industry_football_2024
Jax Van Zandt,LB,North Texas Mean Green,UAB Blazers,Committed,0,3.0,82.0,2576.0,285.0,2022,2024-01-06T11:33:00,https://on3static.com/uploads/assets/122/26/26122.png,https://www.on3.com/db/jax-van-zandt-58313/,portal_industry_football_2024
Holman Edwards,QB,Southern Miss Golden Eagles,,Entered,0,3.0,82.0,2577.0,206.0,2019,2024-01-09T12:35:00,https://on3static.com/uploads/assets/627/94/94627.jpeg,https://www.on3.com/db/holman-edwards-157847/,portal_industry_football_2024
Kade Renfro,QB,Arkansas Razorbacks,,Entered,0,3.0,82.0,2578.0,210.0,2020,2024-01-09T13:16:00,https://on3static.com/uploads/assets/705/15/15705.jpeg,https://www.on3.com/db/kade-renfro-70335/,portal_industry_football_2024
Jacob Godfrey,WR,New Mexico Lobos,Louisiana-Monroe Warhawks,Committed,0,3.0,82.0,2579.0,394.0,2023,2023-12-20T13:42:00,https://on3static.com/uploads/assets/893/275/275893.png,https://www.on3.com/db/jacob-godfrey-239656/,portal_industry_football_2024
Jakson Berman,CB,Washington Huskies,San Diego State Aztecs,Committed,0,3.0,82.0,2580.0,355.0,2022,2024-05-31T14:40:00,https://on3static.com/uploads/assets/289/219/219289.png,https://www.on3.com/db/jakson-berman-54053/,portal_industry_football_2024
Mario Aygen,RB,Louisville Cardinals,,Entered,0,3.0,82.0,2581.0,217.0,2018,2024-01-12T13:17:00,https://on3static.com/uploads/assets/220/223/223220.png,https://www.on3.com/db/mario-aygen-83167/,portal_industry_football_2024
John Anderson,CB,Charlotte 49ers,,Entered,0,3.0,82.0,2582.0,359.0,2021,2023-12-04T14:19:00,https://on3static.com/uploads/assets/326/211/211326.jpeg,https://www.on3.com/db/john-anderson-62926/,portal_industry_football_2024
Jermaine Donaldson,IOL,Temple Owls,Campbell Fighting Camels,Committed,0,3.0,82.0,2583.0,200.0,2019,2024-05-27T15:54:00,https://on3static.com/uploads/assets/70/74/74070.jpeg,https://www.on3.com/db/jermaine-donaldson-60711/,portal_industry_football_2024
Cole Wright,WR,Boise State Broncos,,Entered,0,3.0,82.0,2584.0,399.0,2020,2024-01-16T19:35:00,,https://www.on3.com/db/cole-wright-24924/,portal_industry_football_2024
Cookie Desiderio,RB,Tulsa Golden Hurricane,Massachusetts Minutemen,Committed,0,3.0,82.0,2585.0,214.0,2022,2024-01-16T16:59:00,https://on3static.com/uploads/assets/262/130/130262.jpg,https://www.on3.com/db/cookie-desiderio-174951/,portal_industry_football_2024
Billy Dozier,WR,Northern Illinois Huskies,,Entered,0,3.0,82.0,2586.0,393.0,2020,2024-01-17T13:44:00,,https://www.on3.com/db/billy-dozier-10460/,portal_industry_football_2024
Alex Johnson,QB,Washington Huskies,,Entered,0,3.0,82.0,2587.0,199.0,2020,2024-01-30T19:25:00,https://on3static.com/uploads/assets/284/219/219284.png,https://www.on3.com/db/alex-johnson-144611/,portal_industry_football_2024
Demarii Blanks,LB,Hawaii Rainbow Warriors,,Entered,0,3.0,82.0,2588.0,297.0,2018,2024-01-18T17:47:00,https://on3static.com/uploads/assets/175/278/278175.png,https://www.on3.com/db/demarii-blanks-33774/,portal_industry_football_2024
Mason Stahl,WR,Penn State Nittany Lions,,Entered,0,3.0,82.0,2589.0,381.0,2020,2024-01-25T15:32:00,https://on3static.com/uploads/assets/559/165/165559.png,https://www.on3.com/db/mason-stahl-84884/,portal_industry_football_2024
Shea Whiting,WR,Boise State Broncos,,Entered,0,3.0,82.0,2590.0,395.0,2019,2024-01-26T10:29:00,https://on3static.com/uploads/dev/assets/346/2/2346.jpg,https://www.on3.com/db/shea-whiting-107067/,portal_industry_football_2024
Kade Moore,WR,BYU Cougars,,Entered,0,3.0,82.0,2592.0,431.0,2018,2024-01-26T13:53:00,https://on3static.com/uploads/dev/assets/63/3/3063.jpg,https://www.on3.com/db/kade-moore-70329/,portal_industry_football_2024
Blake Matthews,LB,Troy Trojans,Delaware Fightin' Blue Hens,Committed,0,3.0,82.0,2593.0,256.0,2022,2024-02-08T16:32:00,,https://www.on3.com/db/blake-matthews-146208/,portal_industry_football_2024
Quinn Murphy,OT,Notre Dame Fighting Irish,Western Michigan Broncos,Committed,0,3.0,82.0,2594.0,172.0,2019,2024-04-29T14:47:00,https://on3static.com/uploads/assets/921/235/235921.jpeg,https://www.on3.com/db/quinn-murphy-97510/,portal_industry_football_2024
Garrett McGriff,S,Army Black Knights,Wyoming Cowboys,Committed,0,3.0,82.0,2595.0,257.0,2022,2024-02-07T14:14:00,,https://www.on3.com/db/garrett-mcgriff-45014/,portal_industry_football_2024
Hans Lillis,TE,Boston College Eagles,Eastern Michigan Eagles,Committed,0,3.0,82.0,2596.0,141.0,2020,,https://on3static.com/uploads/dev/assets/628/10/10628.jpg,https://www.on3.com/db/hans-lillis-47456/,portal_industry_football_2024
Konnor Near,LB,Oklahoma Sooners,,Entered,0,3.0,82.0,2597.0,250.0,2019,2024-03-18T12:43:00,https://on3static.com/uploads/assets/543/184/184543.png,https://www.on3.com/db/konnor-near-179903/,portal_industry_football_2024
Bobby Wooden,S,New Mexico Lobos,,Entered,0,3.0,82.0,2598.0,250.0,2020,2024-04-03T17:07:00,https://on3static.com/uploads/assets/893/178/178893.png,https://www.on3.com/db/bobby-wooden-11401/,portal_industry_football_2024
Ali Abdul-Hakeem,LB,Georgia State Panthers,,Entered,0,3.0,82.0,2599.0,259.0,2023,2024-02-26T13:04:00,,https://www.on3.com/db/ali-abdul-hakeem-157007/,portal_industry_football_2024
Camari Harris,LB,Akron Zips,,Entered,0,3.0,82.0,2600.0,269.0,2019,2024-03-25T12:41:00,,https://www.on3.com/db/camari-harris-17555/,portal_industry_football_2024
Dylan Davis,DL,Illinois Fighting Illini,Marshall Thundering Herd,Committed,0,3.0,82.0,2601.0,265.0,2020,2024-05-11T15:59:00,https://on3static.com/uploads/assets/387/176/176387.jpeg,https://www.on3.com/db/dylan-davis-39849/,portal_industry_football_2024
Jacob Switzer,QB,Oklahoma Sooners,,Entered,0,3.0,82.0,2602.0,204.0,2020,2024-04-05T15:50:00,https://on3static.com/uploads/assets/877/304/304877.png,https://www.on3.com/db/jacob-switzer-241739/,portal_industry_football_2024
Javoris Havis,RB,Memphis Tigers,,Entered,0,3.0,82.0,2603.0,215.0,2023,2024-03-07T15:48:00,,https://www.on3.com/db/javoris-havis-159329/,portal_industry_football_2024
Luke Harkless,WR,Troy Trojans,,Entered,0,3.0,82.0,2604.0,403.0,2023,2024-03-06T21:13:00,,https://www.on3.com/db/luke-harkless-157063/,portal_industry_football_2024
Tyler Rowe,CB,Georgia Tech Yellow Jackets,Miami Hurricanes,Committed,0,3.0,82.0,2605.0,356.0,2022,,https://on3static.com/uploads/assets/566/86/86566.jpg,https://www.on3.com/db/tyler-rowe-118033/,portal_industry_football_2024
Nick Billoups,QB,BYU Cougars,UCLA Bruins,Committed,0,3.0,82.0,2606.0,221.0,2020,2024-06-01T10:06:00,https://on3static.com/uploads/dev/assets/306/4/4306.jpg,https://www.on3.com/db/nick-billoups-92300/,portal_industry_football_2024
Da'Quan Thomas,IOL,North Carolina Central Eagles,,Entered,0,3.0,82.0,2607.0,228.0,0,2024-02-29T10:40:00,,https://www.on3.com/db/daquan-thomas-205117/,portal_industry_football_2024
Derrick Maxey,S,Coastal Carolina Chanticleers,Georgia State Panthers,Committed,0,3.0,83.0,2608.0,245.0,2023,2024-01-22T09:58:00,,https://www.on3.com/db/derrick-maxey-151148/,portal_industry_football_2024
Emmanuel Adebi,TE,Cornell Big Red,Vanderbilt Commodores,Committed,0,3.0,82.0,2609.0,137.0,0,2024-04-30T14:44:00,https://on3static.com/uploads/assets/238/312/312238.png,https://www.on3.com/db/emmanuel-adebi-240835/,portal_industry_football_2024
Patrick Turner,LB,NC State Wolfpack,,Entered,0,3.0,82.0,2610.0,253.0,2021,2024-04-10T08:28:00,https://on3static.com/uploads/assets/301/73/73301.jpg,https://www.on3.com/db/patrick-turner-95600/,portal_industry_football_2024
Danny Hughes,RB,Michigan Wolverines,,Entered,0,3.0,82.0,2611.0,222.0,2019,2024-04-11T08:35:00,https://on3static.com/uploads/assets/534/137/137534.jpeg,https://www.on3.com/db/danny-hughes-157656/,portal_industry_football_2024
Dalen Stovall,WR,Toledo Rockets,,Entered,0,3.0,82.0,2612.0,414.0,2021,2024-04-15T10:24:00,,https://www.on3.com/db/dalen-stovall-28139/,portal_industry_football_2024
Michael Erhart,LB,Oregon State Beavers,,Entered,0,3.0,82.0,2613.0,273.0,2019,2024-04-15T16:18:00,https://on3static.com/uploads/dev/assets/104/6/6104.jpg,https://www.on3.com/db/michael-erhart-87666/,portal_industry_football_2024
Braden Miller,OT,Michigan State Spartans,California Golden Bears,Committed,0,3.0,84.0,2616.0,135.0,2022,2024-04-21T08:33:00,https://on3static.com/uploads/assets/223/235/235223.png,https://www.on3.com/db/braden-miller-11707/,portal_industry_football_2024
Mason McHugh,QB,Appalachian State Mountaineers,,Entered,0,3.0,82.0,2617.0,177.0,2023,2024-04-16T09:03:00,https://on3static.com/uploads/assets/51/170/170051.png,https://www.on3.com/db/mason-mchugh-84812/,portal_industry_football_2024
Charlie Katarincic,IOL,West Virginia Mountaineers,,Entered,0,3.0,82.0,2618.0,196.0,2022,2024-04-16T08:41:00,https://on3static.com/uploads/assets/841/85/85841.jpeg,https://www.on3.com/db/charlie-katarincic-145596/,portal_industry_football_2024
Camani Cobbs,CB,Southeast Missouri State Redhawks,,Entered,0,3.0,82.0,2619.0,343.0,2023,2024-04-16T08:13:00,https://on3static.com/uploads/assets/970/306/306970.png,https://www.on3.com/db/camani-cobbs-152657/,portal_industry_football_2024
Zach Blackwood,DL,Colorado Buffaloes,,Entered,0,3.0,82.0,2620.0,263.0,2021,2024-04-16T08:43:00,https://on3static.com/uploads/assets/115/227/227115.png,https://www.on3.com/db/zach-blackwood-163338/,portal_industry_football_2024
Canaan Williams,LB,Bowling Green Falcons,Kent State Golden Flashes,Committed,0,3.0,82.0,2621.0,276.0,2022,2024-05-16T15:28:00,https://on3static.com/uploads/assets/404/76/76404.jpeg,https://www.on3.com/db/canaan-williams-18273/,portal_industry_football_2024
Tae'Shaun Johnson,WR,Bowling Green Falcons,,Entered,0,3.0,82.0,2622.0,407.0,2021,2024-04-16T08:29:00,https://on3static.com/uploads/assets/380/76/76380.jpeg,https://www.on3.com/db/taeshaun-johnson-145114/,portal_industry_football_2024
John Barr,WR,Louisiana-Monroe Warhawks,,Entered,0,3.0,82.0,2623.0,425.0,2023,2024-04-16T08:12:00,https://on3static.com/uploads/assets/969/306/306969.png,https://www.on3.com/db/john-barr-162389/,portal_industry_football_2024
Xavier Ward,QB,Sam Houston State Bearkats,San Jose State Spartans,Committed,0,3.0,82.0,2624.0,216.0,2021,2024-05-22T12:48:00,https://on3static.com/uploads/dev/assets/247/3/3247.jpg,https://www.on3.com/db/xavier-ward-122201/,portal_industry_football_2024
Trevor Carter,LB,Cincinnati Bearcats,,Entered,0,3.0,82.0,2625.0,290.0,2023,2024-04-16T07:41:00,https://on3static.com/uploads/assets/368/226/226368.png,https://www.on3.com/db/trevor-carter-115684/,portal_industry_football_2024
Evan Blalock,S,Louisiana-Monroe Warhawks,,Entered,0,3.0,82.0,2626.0,279.0,2023,2024-04-16T08:34:00,https://on3static.com/uploads/assets/978/306/306978.png,https://www.on3.com/db/evan-blalock-158783/,portal_industry_football_2024
Tyrik Henderson,CB,Eastern Kentucky Colonels,,Entered,0,3.0,82.0,2627.0,362.0,2020,2024-04-16T08:16:00,,https://www.on3.com/db/tyrik-henderson-118693/,portal_industry_football_2024
Anthony Cunningham,DL,Iowa State Cyclones,,Entered,0,3.0,82.0,2628.0,257.0,2023,2024-04-16T10:17:00,https://on3static.com/uploads/assets/913/225/225913.png,https://www.on3.com/db/anthony-cunningham-147475/,portal_industry_football_2024
Andon Carpenter,EDGE,Kansas Jayhawks,,Entered,0,3.0,82.0,2629.0,159.0,0,2024-04-16T16:57:00,,https://www.on3.com/db/andon-carpenter-223668/,portal_industry_football_2024
Deljay Bailey,QB,Ole Miss Rebels,,Entered,0,3.0,82.0,2630.0,212.0,2023,2024-04-16T14:23:00,https://on3static.com/uploads/assets/258/307/307258.png,https://www.on3.com/db/deljay-bailey-145031/,portal_industry_football_2024
Jalen Neal,CB,Boise State Broncos,,Entered,0,3.0,82.0,2631.0,361.0,2020,2024-04-16T14:24:00,https://on3static.com/uploads/assets/837/88/88837.jpeg,https://www.on3.com/db/jalen-neal-54429/,portal_industry_football_2024
Zaire Riley,CB,Florida A&M Rattlers,,Entered,0,3.0,82.0,2633.0,364.0,2022,2024-04-16T14:27:00,https://on3static.com/uploads/assets/261/307/307261.png,https://www.on3.com/db/zaire-riley-148503/,portal_industry_football_2024
Kamron Scott,IOL,UTSA Roadrunners,,Entered,0,3.0,82.0,2635.0,203.0,2021,2024-04-16T16:31:00,https://on3static.com/uploads/assets/927/73/73927.jpeg,https://www.on3.com/db/kamron-scott-71115/,portal_industry_football_2024
Timothy Dorsey,QB,East Tennessee State Buccaneers,Central Missouri State Mules,Committed,0,3.0,82.0,2636.0,218.0,2021,2024-05-23T15:51:00,https://on3static.com/uploads/assets/295/307/307295.png,https://www.on3.com/db/timothy-dorsey-112948/,portal_industry_football_2024
Prince Ford,CB,Illinois Fighting Illini,,Entered,0,3.0,82.0,2637.0,346.0,2021,2024-04-17T10:55:00,https://on3static.com/uploads/assets/936/225/225936.png,https://www.on3.com/db/prince-ford-237743/,portal_industry_football_2024
VJ Bronson,DL,Arkansas State Red Wolves,North Texas Mean Green,Committed,0,3.0,82.0,2639.0,278.0,2021,,https://on3static.com/uploads/assets/499/307/307499.png,https://www.on3.com/db/vj-bronson-115514/,portal_industry_football_2024
Christian Womack,RB,Purdue Boilermakers,Southeastern Louisiana Lions,Committed,0,3.0,82.0,2640.0,227.0,0,2024-06-17T14:07:00,https://on3static.com/uploads/assets/78/217/217078.png,https://www.on3.com/db/christian-womack-179697/,portal_industry_football_2024
Hunter Deuel,IOL,Utah Utes,,Entered,0,3.0,82.0,2641.0,216.0,2021,2024-04-17T12:06:00,https://on3static.com/uploads/assets/80/219/219080.png,https://www.on3.com/db/hunter-deuel-161716/,portal_industry_football_2024
Hunter Schroeder,RB,Utah Utes,,Entered,0,3.0,82.0,2642.0,229.0,2022,2024-04-17T12:07:00,https://on3static.com/uploads/assets/64/219/219064.png,https://www.on3.com/db/hunter-schroeder-231632/,portal_industry_football_2024
Tim Madison,WR,North Texas Mean Green,,Entered,0,3.0,82.0,2643.0,432.0,2023,2024-04-17T12:06:00,https://on3static.com/uploads/assets/564/307/307564.png,https://www.on3.com/db/tim-madison-237448/,portal_industry_football_2024
Vince Genatone,LB,Montana Grizzlies,Nebraska Cornhuskers,Committed,0,3.0,82.0,2644.0,304.0,2022,2024-04-23T18:27:00,https://on3static.com/uploads/assets/40/340/340040.png,https://www.on3.com/db/vince-genatone-147180/,portal_industry_football_2024
Andre Craig,WR,Alabama Crimson Tide,,Entered,0,3.0,82.0,2646.0,401.0,2023,2024-04-17T22:14:00,https://on3static.com/uploads/assets/733/53/53733.jpg,https://www.on3.com/db/andre-craig-151640/,portal_industry_football_2024
Corey Swiney,S,North Texas Mean Green,,Entered,0,3.0,82.0,2647.0,280.0,2023,2024-04-17T15:14:00,https://on3static.com/uploads/assets/672/219/219672.png,https://www.on3.com/db/corey-swiney-26341/,portal_industry_football_2024
Bryson Boone,DL,Coastal Carolina Chanticleers,,Entered,0,3.0,82.0,2648.0,282.0,2021,2024-04-17T15:13:00,https://on3static.com/uploads/assets/797/307/307797.png,https://www.on3.com/db/bryson-boone-235950/,portal_industry_football_2024
Cam'Ron McCoy,QB,Eastern Michigan Eagles,Southern University Jaguars,Committed,0,3.0,82.0,2649.0,197.0,2021,,https://on3static.com/uploads/assets/61/308/308061.png,https://www.on3.com/db/camron-mccoy-17544/,portal_industry_football_2024
Will Leys,IOL,Illinois Fighting Illini,San Jose State Spartans,Committed,0,3.0,82.0,2650.0,213.0,2021,2024-05-07T12:55:00,https://on3static.com/uploads/assets/821/304/304821.png,https://www.on3.com/db/will-leys-180679/,portal_industry_football_2024
Bryan Henry,TE,Houston Cougars,,Entered,0,3.0,82.0,2651.0,140.0,2022,2024-04-18T10:12:00,https://on3static.com/uploads/assets/398/223/223398.png,https://www.on3.com/db/bryan-henry-147082/,portal_industry_football_2024
Darson Herman,TE,Houston Cougars,North Texas Mean Green,Committed,0,3.0,82.0,2652.0,147.0,2022,2024-06-01T12:53:00,https://on3static.com/uploads/assets/397/223/223397.png,https://www.on3.com/db/darson-herman-31116/,portal_industry_football_2024
Josh McCarty,S,Eastern Michigan Eagles,Pittsburgh Panthers,Committed,0,3.0,82.0,2654.0,273.0,2019,2024-05-16T11:14:00,https://on3static.com/uploads/assets/304/316/316304.png,https://www.on3.com/db/josh-mccarty-67334/,portal_industry_football_2024
Griffin Schureman,IOL,Arizona State Sun Devils,New Mexico Lobos,Committed,0,3.0,82.0,2655.0,224.0,2023,2024-05-26T16:00:00,https://on3static.com/uploads/assets/216/308/308216.png,https://www.on3.com/db/griffin-schureman-237267/,portal_industry_football_2024
Darryl Minor,LB,Indiana Hoosiers,Memphis Tigers,Committed,0,3.0,82.0,2656.0,254.0,2019,2024-05-31T12:41:00,https://on3static.com/uploads/assets/825/88/88825.jpg,https://www.on3.com/db/darryl-minor-31052/,portal_industry_football_2024
Christian Lorenzo,DL,Illinois Fighting Illini,Georgia State Panthers,Committed,0,3.0,82.0,2657.0,255.0,0,,https://on3static.com/uploads/assets/520/338/338520.png,https://www.on3.com/db/christian-lorenzo-242045/,portal_industry_football_2024
Leyton Cure,TE,Fort Hays State Tigers,Kansas Jayhawks,Committed,0,3.0,82.0,2658.0,155.0,0,2024-05-08T12:59:00,,https://www.on3.com/db/leyton-cure-242044/,portal_industry_football_2024
Colin Henrich,IOL,Georgia State Panthers,Old Dominion Monarchs,Committed,0,3.0,82.0,2659.0,227.0,2021,,https://on3static.com/uploads/assets/742/15/15742.jpeg,https://www.on3.com/db/colin-henrich-25026/,portal_industry_football_2024
James Mitchell,OT,Memphis Tigers,,Entered,0,3.0,82.0,2660.0,175.0,2020,2024-04-19T12:00:00,https://on3static.com/uploads/assets/457/214/214457.jpeg,https://www.on3.com/db/james-mitchell-178532/,portal_industry_football_2024
Shane Hamm,QB,Kentucky Wildcats,,Entered,0,3.0,82.0,2661.0,217.0,2021,2024-04-19T11:35:00,https://on3static.com/uploads/assets/728/162/162728.jpeg,https://www.on3.com/db/shane-hamm-106433/,portal_industry_football_2024
BJ Lowery,CB,Old Dominion Monarchs,,Entered,0,3.0,82.0,2662.0,335.0,2023,2024-04-19T14:09:00,,https://www.on3.com/db/bj-lowery-158516/,portal_industry_football_2024
Saidou Ba,OT,Arkansas State Red Wolves,Tennessee State Tigers,Committed,0,3.0,82.0,2663.0,171.0,2022,2024-04-19T16:49:00,,https://www.on3.com/db/saidou-ba-147492/,portal_industry_football_2024
Jaden Floyd,CB,Florida State Seminoles,,Entered,0,3.0,82.0,2665.0,330.0,2021,2024-04-25T10:41:00,https://on3static.com/uploads/assets/125/242/242125.jpeg,https://www.on3.com/db/jaden-floyd-52596/,portal_industry_football_2024
Earl Woods,QB,Jacksonville State Gamecocks,,Entered,0,3.0,82.0,2666.0,208.0,2023,2024-04-22T10:58:00,https://on3static.com/uploads/assets/472/179/179472.png,https://www.on3.com/db/earl-woods-40314/,portal_industry_football_2024
Kamsi Arinze,LB,Houston Cougars,,Entered,0,3.0,82.0,2668.0,295.0,2023,2024-04-22T08:29:00,https://on3static.com/uploads/assets/388/223/223388.png,https://www.on3.com/db/kamsi-arinze-152103/,portal_industry_football_2024
Braxton Hicks,WR,Georgia Bulldogs,,Entered,0,3.0,82.0,2669.0,413.0,0,2024-04-22T12:19:00,https://on3static.com/uploads/assets/504/309/309504.png,https://www.on3.com/db/braxton-hicks-242076/,portal_industry_football_2024
Jakob Belton,OT,Colorado State Rams,,Entered,0,3.0,82.0,2670.0,178.0,0,2024-04-22T13:15:00,https://on3static.com/uploads/assets/563/309/309563.png,https://www.on3.com/db/jakob-belton-176678/,portal_industry_football_2024
Thane Martin Jr.,RB,Louisville Cardinals,,Entered,0,3.0,82.0,2671.0,232.0,2023,2024-04-22T13:11:00,https://on3static.com/uploads/dev/assets/191/7/7191.jpeg,https://www.on3.com/db/thane-martin-jr-145809/,portal_industry_football_2024
Eli Ntsasa,S,South Alabama Jaguars,,Entered,0,3.0,82.0,2672.0,281.0,2019,2024-04-22T16:14:00,,https://www.on3.com/db/eli-ntsasa-40974/,portal_industry_football_2024
Tylan Dunn,WR,Memphis Tigers,,Entered,0,3.0,82.0,2673.0,433.0,2023,2024-04-22T15:08:00,https://on3static.com/uploads/assets/132/214/214132.jpeg,https://www.on3.com/db/tylan-dunn-178439/,portal_industry_football_2024
Khalib Gilmore,LB,Syracuse Orange,Ball State Cardinals,Committed,0,3.0,82.0,2674.0,257.0,2021,2024-06-17T10:32:00,,https://www.on3.com/db/khalib-gilmore-242102/,portal_industry_football_2024
Demeatric Crenshaw,QB,Tennessee State Tigers,,Entered,0,3.0,82.0,2675.0,200.0,2020,2024-04-23T08:37:00,https://on3static.com/uploads/assets/803/309/309803.jpeg,https://www.on3.com/db/demeatric-crenshaw-33851/,portal_industry_football_2024
Marc Viechec,LB,Marshall Thundering Herd,,Entered,0,3.0,82.0,2677.0,293.0,2019,2024-04-22T20:30:00,https://on3static.com/uploads/assets/796/309/309796.png,https://www.on3.com/db/marc-viechec-82288/,portal_industry_football_2024
Xavier Williams,S,UCF Knights,Middle Tennessee State Blue Raiders,Committed,0,3.0,82.0,2678.0,269.0,2021,2024-05-04T18:51:00,https://on3static.com/uploads/assets/555/91/91555.jpg,https://www.on3.com/db/xavier-williams-122213/,portal_industry_football_2024
Jake McNamara,QB,UTEP Miners,New Mexico State Aggies,Committed,0,3.0,82.0,2680.0,182.0,2022,2024-04-23T12:43:00,https://on3static.com/uploads/assets/586/88/88586.jpg,https://www.on3.com/db/jake-mcnamara-146217/,portal_industry_football_2024
Trevor Hardy,S,Memphis Tigers,,Entered,0,3.0,82.0,2681.0,252.0,2022,2024-04-24T13:45:00,https://on3static.com/uploads/assets/126/214/214126.jpeg,https://www.on3.com/db/trevor-hardy-115740/,portal_industry_football_2024
Chris Fewell,LB,San Diego State Aztecs,,Entered,0,3.0,82.0,2682.0,275.0,2023,2024-04-24T11:24:00,https://on3static.com/uploads/assets/155/310/310155.png,https://www.on3.com/db/chris-fewell-148331/,portal_industry_football_2024
Matthew Weerts,LB,North Dakota State Bison,,Entered,0,3.0,82.0,2683.0,284.0,2021,2024-04-24T13:51:00,https://on3static.com/uploads/assets/476/16/16476.jpeg,https://www.on3.com/db/matthew-weerts-86271/,portal_industry_football_2024
Jackson Weng,WR,UTEP Miners,,Entered,0,3.0,82.0,2684.0,436.0,2023,2024-04-24T16:45:00,https://on3static.com/uploads/assets/301/310/310301.jpeg,https://www.on3.com/db/jackson-weng-177319/,portal_industry_football_2024
Trevor Pope,WR,Oregon State Beavers,,Entered,0,3.0,82.0,2685.0,437.0,2020,2024-04-24T16:46:00,https://on3static.com/uploads/dev/assets/127/6/6127.jpg,https://www.on3.com/db/trevor-pope-115810/,portal_industry_football_2024
Kyle Fitzgerald,S,Florida A&M Rattlers,,Entered,0,3.0,82.0,2686.0,285.0,2018,2024-04-24T09:44:00,https://on3static.com/uploads/assets/939/71/71939.jpeg,https://www.on3.com/db/kyle-fitzgerald-76585/,portal_industry_football_2024
Jeremiah Giedrys,WR,Florida State Seminoles,,Entered,0,3.0,82.0,2688.0,397.0,0,2024-04-25T10:41:00,https://on3static.com/uploads/assets/430/310/310430.png,https://www.on3.com/db/jeremiah-giedrys-191887/,portal_industry_football_2024
Favor Komolafe,IOL,Boise State Broncos,Georgia State Panthers,Committed,0,3.0,82.0,2689.0,204.0,0,,https://on3static.com/uploads/assets/582/338/338582.png,https://www.on3.com/db/favor-komolafe-179304/,portal_industry_football_2024
Tommy Hamann,DL,Iowa State Cyclones,,Entered,0,3.0,82.0,2690.0,270.0,2022,2024-04-25T11:12:00,https://on3static.com/uploads/assets/901/225/225901.png,https://www.on3.com/db/tommy-hamann-149923/,portal_industry_football_2024
Orel Gray,ATH,Florida A&M Rattlers,Itawamba Community College Indians,Committed,0,3.0,82.0,2691.0,7.0,2023,,https://on3static.com/uploads/assets/602/547/547602.png,https://www.on3.com/db/orel-gray-94540/,portal_industry_football_2024
Caeleb Schlachter,WR,South Alabama Jaguars,,Entered,0,3.0,82.0,2692.0,404.0,2022,2024-04-26T09:14:00,https://on3static.com/uploads/assets/625/310/310625.png,https://www.on3.com/db/caeleb-schlachter-148141/,portal_industry_football_2024
Gabe Kirschke,DL,Wisconsin Badgers,,Entered,0,3.0,82.0,2693.0,279.0,0,2024-04-26T11:13:00,https://on3static.com/uploads/assets/500/398/398500.png,https://www.on3.com/db/gabe-kirschke-242205/,portal_industry_football_2024
Jamarii Randolph,WR,Northern Colorado Bears,,Entered,0,3.0,82.0,2694.0,438.0,0,2024-04-26T11:47:00,,https://www.on3.com/db/jamarii-randolph-242210/,portal_industry_football_2024
Isaiah Fisher-Smith,S,Duke Blue Devils,,Entered,0,3.0,82.0,2695.0,251.0,2020,2024-04-27T19:59:00,https://on3static.com/uploads/dev/assets/15/11/11015.jpg,https://www.on3.com/db/isaiah-fisher-smith-49477/,portal_industry_football_2024
Destun Thomas,WR,Memphis Tigers,,Entered,0,3.0,82.0,2696.0,405.0,2022,2024-04-26T16:46:00,https://on3static.com/uploads/assets/561/214/214561.jpeg,https://www.on3.com/db/destun-thomas-147829/,portal_industry_football_2024
Oluwafunto Akinshilo,IOL,Iowa State Cyclones,UCLA Bruins,Committed,0,3.0,82.0,2697.0,201.0,2021,2024-06-24T11:06:00,https://on3static.com/uploads/assets/425/587/587425.png,https://www.on3.com/db/oluwafunto-akinshilo-153350/,portal_industry_football_2024
Jaxon Mull,CB,Purdue Boilermakers,,Entered,0,3.0,82.0,2698.0,353.0,2022,2024-04-29T11:47:00,https://on3static.com/uploads/assets/111/303/303111.png,https://www.on3.com/db/jaxon-mull-208724/,portal_industry_football_2024
Jacob Freeman,WR,Alabama State Hornets,,Entered,0,3.0,82.0,2699.0,416.0,2020,2024-04-26T11:09:00,https://on3static.com/uploads/assets/278/132/132278.jpeg,https://www.on3.com/db/jacob-freeman-51933/,portal_industry_football_2024
Matthew Rueve,QB,Boston College Eagles,,Entered,0,3.0,82.0,2701.0,201.0,2020,2024-04-29T14:32:00,https://on3static.com/uploads/dev/assets/611/10/10611.jpg,https://www.on3.com/db/matthew-rueve-86212/,portal_industry_football_2024
Lenox Lawson,CB,Arizona State Sun Devils,,Entered,0,3.0,82.0,2702.0,348.0,2023,2024-04-29T14:20:00,https://on3static.com/uploads/assets/291/217/217291.png,https://www.on3.com/db/lenox-lawson-78967/,portal_industry_football_2024
Sam Benjamin,DL,Arizona State Sun Devils,San Diego State Aztecs,Committed,0,3.0,82.0,2703.0,274.0,2022,2024-05-13T15:23:00,https://on3static.com/uploads/assets/346/217/217346.png,https://www.on3.com/db/sam-benjamin-195610/,portal_industry_football_2024
Bradley McGannon,DL,Washington Huskies,,Entered,0,3.0,82.0,2704.0,280.0,2020,2024-04-29T08:46:00,https://on3static.com/uploads/assets/266/223/223266.png,https://www.on3.com/db/bradley-mcgannon-11791/,portal_industry_football_2024
Kendal Stewart,WR,Colorado Buffaloes,,Entered,0,3.0,82.0,2705.0,435.0,2023,2024-04-29T12:17:00,https://on3static.com/uploads/assets/410/242/242410.jpeg,https://www.on3.com/db/kendal-stewart-237315/,portal_industry_football_2024
Itty Henry,TE,Houston Cougars,,Entered,0,3.0,82.0,2706.0,153.0,0,2024-04-29T12:05:00,,https://www.on3.com/db/itty-henry-242249/,portal_industry_football_2024
Brendon Strickland,QB,Louisiana Tech Bulldogs,,Entered,0,3.0,82.0,2707.0,207.0,2020,2024-04-30T09:21:00,https://on3static.com/uploads/assets/103/312/312103.png,https://www.on3.com/db/brendon-strickland-13836/,portal_industry_football_2024
Isaac Stopke,LB,Arizona State Sun Devils,,Entered,0,3.0,82.0,2708.0,301.0,0,2024-04-30T09:29:00,,https://www.on3.com/db/isaac-stopke-237261/,portal_industry_football_2024
Benjamin Hudson,LB,Stanford Cardinal,,Entered,0,3.0,82.0,2709.0,279.0,2022,2024-04-30T13:36:00,https://on3static.com/uploads/assets/325/226/226325.png,https://www.on3.com/db/benjamin-hudson-145179/,portal_industry_football_2024
Seth Mouser,QB,UTEP Miners,,Entered,0,3.0,82.0,2710.0,209.0,2023,2024-04-30T10:33:00,https://on3static.com/uploads/assets/223/312/312223.png,https://www.on3.com/db/seth-mouser-156559/,portal_industry_football_2024
Keenan Kuntz,WR,Washington State Cougars,,Entered,0,3.0,82.0,2711.0,430.0,2023,2024-04-30T10:26:00,https://on3static.com/uploads/assets/504/88/88504.jpg,https://www.on3.com/db/keenan-kuntz-151387/,portal_industry_football_2024
Deven Dyer,DL,New Mexico State Aggies,,Entered,0,3.0,82.0,2712.0,281.0,2022,2024-04-30T12:34:00,https://on3static.com/uploads/assets/224/312/312224.png,https://www.on3.com/db/deven-dyer-179877/,portal_industry_football_2024
Kofi Taylor-Barrocks,LB,Colorado Buffaloes,UTEP Miners,Committed,0,3.0,82.0,2713.0,255.0,2023,2024-06-12T14:03:00,https://on3static.com/uploads/assets/316/242/242316.jpeg,https://www.on3.com/db/kofi-taylor-barrocks-152550/,portal_industry_football_2024
Kiersten Lee,LB,Stanford Cardinal,Georgia State Panthers,Committed,0,3.0,82.0,2714.0,299.0,2020,,https://on3static.com/uploads/assets/341/312/312341.png,https://www.on3.com/db/kiersten-lee-75162/,portal_industry_football_2024
Jaylen Abston,QB,Murray State Racers,Cumberland Phoenix,Committed,0,3.0,82.0,2715.0,205.0,2023,2024-05-10T11:09:00,https://on3static.com/uploads/assets/445/312/312445.png,https://www.on3.com/db/jaylen-abston-58795/,portal_industry_football_2024
Isaac Haro,OT,Arizona State Sun Devils,,Entered,0,3.0,82.0,2716.0,182.0,2023,2024-05-01T22:52:00,,https://www.on3.com/db/isaac-haro-175181/,portal_industry_football_2024
Anthony Patt,OT,Arizona Wildcats,Old Dominion Monarchs,Committed,0,3.0,82.0,2717.0,179.0,2020,,https://on3static.com/uploads/assets/152/18/18152.jpeg,https://www.on3.com/db/anthony-patt-6438/,portal_industry_football_2024
David Kency,RB,Penn State Nittany Lions,,Entered,0,3.0,82.0,2718.0,228.0,2023,2024-05-02T13:22:00,https://on3static.com/uploads/assets/984/292/292984.png,https://www.on3.com/db/david-kency-179460/,portal_industry_football_2024
Drew Covington,S,Toledo Rockets,,Entered,0,3.0,82.0,2719.0,283.0,2022,2024-05-02T16:04:00,,https://www.on3.com/db/drew-covington-178702/,portal_industry_football_2024
Dante Caputo,S,Pittsburgh Panthers,,Entered,0,3.0,82.0,2720.0,262.0,2019,2024-05-03T12:19:00,https://on3static.com/uploads/assets/301/72/72301.jpg,https://www.on3.com/db/dante-caputo-29763/,portal_industry_football_2024
Ayden Duncanson,S,North Carolina Tar Heels,East Carolina Pirates,Committed,0,3.0,84.0,2721.0,204.0,2023,2024-05-07T13:12:00,https://on3static.com/uploads/assets/769/222/222769.png,https://www.on3.com/db/ayden-duncanson-9011/,portal_industry_football_2024
Hunter Summers,WR,Tulane Green Wave,Arkansas State Red Wolves,Committed,0,3.0,82.0,2722.0,402.0,2023,2024-05-14T15:23:00,,https://www.on3.com/db/hunter-summers-156098/,portal_industry_football_2024
Johnny Schmitt,S,Illinois Fighting Illini,Southern Illinois Salukis,Committed,0,3.0,82.0,2723.0,271.0,2023,2024-05-08T11:54:00,https://on3static.com/uploads/assets/808/304/304808.png,https://www.on3.com/db/johnny-schmitt-174411/,portal_industry_football_2024
Shea Kuykendall,QB,Northern Colorado Bears,Washington Huskies,Committed,0,3.0,82.0,2724.0,190.0,2022,2024-05-22T13:38:00,,https://www.on3.com/db/shea-kuykendall-107056/,portal_industry_football_2024
Ebon Person,S,Valparaiso Beacons,Indiana Hoosiers,Committed,0,3.0,82.0,2725.0,249.0,2022,2024-05-24T15:41:00,,https://www.on3.com/db/ebon-person-40384/,portal_industry_football_2024
Sully Burns,OT,Tulane Green Wave,Texas State Bobcats,Committed,0,3.0,82.0,2726.0,170.0,2022,2024-05-28T15:56:00,https://on3static.com/uploads/assets/897/214/214897.jpeg,https://www.on3.com/db/sully-burns-146160/,portal_industry_football_2024
Mike Jarvis,DL,Wisconsin Badgers,Liberty Flames,Committed,0,3.0,82.0,2727.0,269.0,2021,2024-05-18T11:42:00,https://on3static.com/uploads/assets/175/16/16175.jpeg,https://www.on3.com/db/mike-jarvis-144767/,portal_industry_football_2024
Lajuan Owens,IOL,Tulane Green Wave,New Mexico Lobos,Committed,0,3.0,82.0,2728.0,223.0,2023,2024-05-22T15:53:00,https://on3static.com/uploads/assets/805/390/390805.jpg,https://www.on3.com/db/lajuan-owens-77549/,portal_industry_football_2024
Naseri Danielson,LB,BYU Cougars,San Jose State Spartans,Committed,0,3.0,82.0,2730.0,302.0,2023,2024-05-20T15:46:00,https://on3static.com/uploads/assets/454/226/226454.png,https://www.on3.com/db/naseri-danielson-91024/,portal_industry_football_2024
CJ Dorsey,CB,Ferris State Bulldogs,South Carolina State Bulldogs,Committed,0,3.0,82.0,2731.0,365.0,2023,2024-05-24T16:47:00,,https://www.on3.com/db/cj-dorsey-159067/,portal_industry_football_2024
Kaden Taylor,WR,North Texas Mean Green,Sam Houston State Bearkats,Committed,0,3.0,82.0,2732.0,434.0,2022,,https://on3static.com/uploads/assets/701/219/219701.png,https://www.on3.com/db/kaden-taylor-70400/,portal_industry_football_2024
Will James,S,Mississippi State Bulldogs,Southern Miss Golden Eagles,Committed,356186,3.0,83.0,2733.0,211.0,2023,2023-12-20T09:11:00,https://on3static.com/uploads/assets/250/397/397250.jpg,https://www.on3.com/db/will-james-151621/,portal_industry_football_2024
Dexter Williams II,QB,Indiana Hoosiers,Georgia Southern Eagles,Committed,0,3.0,83.0,2734.0,155.0,2020,2023-12-21T13:52:00,https://on3static.com/uploads/dev/assets/192/6/6192.jpg,https://www.on3.com/db/dexter-williams-ii-36765/,portal_industry_football_2024
Keydrell Lewis,OT,Louisiana-Monroe Warhawks,Memphis Tigers,Committed,0,3.0,85.0,2735.0,94.0,2020,2023-12-17T14:07:00,https://on3static.com/uploads/assets/403/142/142403.jpeg,https://www.on3.com/db/keydrell-lewis-74638/,portal_industry_football_2024
D'Andre Martin,DL,South Carolina Gamecocks,Charlotte 49ers,Committed,0,3.0,83.0,2736.0,223.0,2022,2023-12-12T16:49:00,https://on3static.com/uploads/assets/101/257/257101.jpg,https://www.on3.com/db/dandre-martin-146065/,portal_industry_football_2024
Zack Conti,OT,Eastern Michigan Eagles,Southern Miss Golden Eagles,Committed,0,3.0,86.0,2737.0,64.0,2019,2023-12-11T16:35:00,https://on3static.com/uploads/assets/21/267/267021.png,https://www.on3.com/db/zack-conti-123310/,portal_industry_football_2024
Jacob Gill,WR,Northwestern Wildcats,Iowa Hawkeyes,Committed,0,3.0,83.0,2739.0,325.0,2021,2024-05-14T20:48:00,https://on3static.com/uploads/assets/891/394/394891.JPG,https://www.on3.com/db/jacob-gill-51952/,portal_industry_football_2024
Faybian Marks,CB,Utah Utes,Rice Owls,Committed,0,3.0,85.0,2740.0,215.0,2020,2024-05-06T16:06:00,https://on3static.com/uploads/dev/assets/634/4/4634.jpg,https://www.on3.com/db/faybian-marks-43719/,portal_industry_football_2024
Devon Smith,OT,New Mexico Lobos,Louisiana-Monroe Warhawks,Committed,0,3.0,85.0,2741.0,100.0,2021,2023-12-20T15:12:00,https://on3static.com/uploads/assets/953/178/178953.png,https://www.on3.com/db/devon-smith-36462/,portal_industry_football_2024
Gamarion Carter,WR,Vanderbilt Commodores,Middle Tennessee State Blue Raiders,Committed,0,3.0,85.0,2742.0,202.0,2021,2023-12-19T17:37:00,https://on3static.com/uploads/assets/981/17/17981.jpeg,https://www.on3.com/db/gamarion-carter-44792/,portal_industry_football_2024
Tyler Griffin,WR,UCF Knights,Louisiana-Monroe Warhawks,Committed,0,3.0,85.0,2743.0,215.0,2022,2023-12-21T10:13:00,https://on3static.com/uploads/assets/321/223/223321.png,https://www.on3.com/db/tyler-griffin-117627/,portal_industry_football_2024
JJ Sparkman,WR,Texas Tech Red Raiders,UTSA Roadrunners,Committed,0,3.0,85.0,2744.0,235.0,2020,2023-12-19T11:44:00,https://on3static.com/uploads/assets/433/18/18433.jpeg,https://www.on3.com/db/jj-sparkman-61891/,portal_industry_football_2024
Milan Tucker,CB,Appalachian State Mountaineers,Florida Atlantic Owls,Committed,0,3.0,85.0,2745.0,195.0,2019,2024-01-07T16:36:00,https://on3static.com/uploads/assets/39/170/170039.png,https://www.on3.com/db/milan-tucker-89625/,portal_industry_football_2024
Cedrick Nicely,IOL,Ole Miss Rebels,Marshall Thundering Herd,Committed,0,3.0,85.0,2746.0,121.0,2021,2024-01-10T13:09:00,https://on3static.com/uploads/assets/723/15/15723.jpeg,https://www.on3.com/db/cedrick-nicely-19432/,portal_industry_football_2024
Daniel Ogundipe,OT,UTSA Roadrunners,FIU Golden Panthers,Committed,0,3.0,85.0,2747.0,110.0,2021,2024-01-06T12:59:00,https://on3static.com/uploads/assets/931/438/438931.jpg,https://www.on3.com/db/daniel-ogundipe-29381/,portal_industry_football_2024
Joey Velazquez,LB,Michigan Wolverines,Ohio State Buckeyes,Committed,0,3.0,85.0,2748.0,161.0,2019,2024-02-12T14:05:00,https://on3static.com/uploads/assets/288/18/18288.jpeg,https://www.on3.com/db/joey-velazquez-62892/,portal_industry_football_2024
Allen Jones,OT,Prairie View A&M Panthers,Toledo Rockets,Committed,0,3.0,85.0,2749.0,102.0,2019,2023-12-20T16:38:00,https://on3static.com/uploads/assets/680/275/275680.png,https://www.on3.com/db/allen-jones-143004/,portal_industry_football_2024
Sidney Fugar,OT,South Carolina Gamecocks,Baylor Bears,Committed,0,3.0,85.0,2750.0,86.0,2021,2024-05-13T20:06:00,https://on3static.com/uploads/assets/86/257/257086.jpg,https://www.on3.com/db/sidney-fugar-107390/,portal_industry_football_2024
Ethan Sipe,OT,Dartmouth Big Green,Virginia Cavaliers,Committed,0,3.0,85.0,2751.0,119.0,2020,2024-05-01T16:48:00,https://on3static.com/uploads/assets/692/312/312692.png,https://www.on3.com/db/ethan-sipe-241659/,portal_industry_football_2024
Amipeleasi Fifita,DL,Houston Cougars,Oregon State Beavers,Committed,0,3.0,84.0,2752.0,189.0,2018,2023-12-18T14:42:00,https://on3static.com/uploads/assets/615/73/73615.jpeg,https://www.on3.com/db/amipeleasi-fifita-4283/,portal_industry_football_2024
Victoine Brown,DL,Louisville Cardinals,Georgia State Panthers,Committed,0,3.0,85.0,2753.0,163.0,2021,2023-12-20T09:03:00,https://on3static.com/uploads/assets/217/223/223217.png,https://www.on3.com/db/victoine-brown-119483/,portal_industry_football_2024
Luke Dalton,OT,Cincinnati Bearcats,Ball State Cardinals,Committed,0,3.0,83.0,2754.0,142.0,2022,2023-12-18T16:45:00,https://on3static.com/uploads/assets/403/226/226403.png,https://www.on3.com/db/luke-dalton-80600/,portal_industry_football_2024
Jaionte McMillan,CB,TCU Horned Frogs,Minnesota Golden Gophers,Committed,0,3.0,83.0,2755.0,298.0,2020,2023-12-17T14:48:00,https://on3static.com/uploads/dev/assets/747/7/7747.jpg,https://www.on3.com/db/jaionte-mcmillan-53177/,portal_industry_football_2024
JJ Jean-Louis,LB,Iowa State Cyclones,North Texas Mean Green,Committed,0,3.0,83.0,2756.0,215.0,2023,2023-12-13T12:07:00,https://on3static.com/uploads/assets/880/225/225880.png,https://www.on3.com/db/jj-jean-louis-151397/,portal_industry_football_2024
Davis Mallinger,WR,West Virginia Mountaineers,Nevada Wolf Pack,Committed,0,3.0,83.0,2758.0,299.0,2021,2024-01-15T08:28:00,https://on3static.com/uploads/dev/assets/285/7/7285.jpg,https://www.on3.com/db/davis-mallinger-32387/,portal_industry_football_2024
Anthony Romphf,CB,Western Michigan Broncos,Charlotte 49ers,Committed,0,3.0,83.0,2759.0,269.0,2020,2023-12-20T15:16:00,https://on3static.com/uploads/dev/assets/59/9/9059.jpg,https://www.on3.com/db/anthony-romphf-6507/,portal_industry_football_2024
JP Deeter,DL,Purdue Boilermakers,Arizona State Sun Devils,Committed,0,3.0,83.0,2760.0,217.0,2022,2023-12-10T16:45:00,https://on3static.com/uploads/assets/276/217/217276.png,https://www.on3.com/db/jp-deeter-68349/,portal_industry_football_2024
Tyquan King,LB,East Carolina Pirates,Temple Owls,Committed,0,3.0,83.0,2761.0,243.0,2021,2024-01-05T16:21:00,https://on3static.com/uploads/assets/462/469/469462.png,https://www.on3.com/db/tyquan-king-118344/,portal_industry_football_2024
Sawyer Goram-Welch,IOL,Texas Longhorns,Coastal Carolina Chanticleers,Committed,0,3.0,83.0,2762.0,184.0,2020,2024-01-06T13:45:00,https://on3static.com/uploads/dev/assets/654/7/7654.jpg,https://www.on3.com/db/sawyer-goram-welch-104986/,portal_industry_football_2024
Chase Harrison,QB,Marshall Thundering Herd,Ball State Cardinals,Committed,0,3.0,82.0,2763.0,189.0,2022,2023-12-17T16:40:00,https://on3static.com/uploads/assets/90/26/26090.png,https://www.on3.com/db/chase-harrison-20706/,portal_industry_football_2024
Stanley King,WR,Northwestern State Demons,Kent State Golden Flashes,Committed,0,3.0,84.0,2764.0,279.0,2019,2023-12-09T08:50:00,https://on3static.com/uploads/assets/150/17/17150.jpeg,https://www.on3.com/db/stanley-king-108192/,portal_industry_football_2024
Ashton Heflin,LB,Georgia Tech Yellow Jackets,Marshall Thundering Herd,Committed,0,3.0,82.0,2765.0,258.0,2023,2024-01-06T13:12:00,https://on3static.com/uploads/assets/472/164/164472.png,https://www.on3.com/db/ashton-heflin-146643/,portal_industry_football_2024
Gavin Frakes,QB,New Mexico State Aggies,Virginia Cavaliers,Committed,0,3.0,82.0,2766.0,219.0,2022,2024-01-05T22:03:00,https://on3static.com/uploads/assets/770/98/98770.jpg,https://www.on3.com/db/gavin-frakes-45383/,portal_industry_football_2024
Domonique Thomas,RB,Clemson Tigers,Georgia State Panthers,Committed,0,3.0,84.0,2767.0,164.0,2020,2023-12-23T16:51:00,https://on3static.com/uploads/assets/641/316/316641.png,https://www.on3.com/db/domonique-thomas-159662/,portal_industry_football_2024
Mitch Bartol,TE,Western Michigan Broncos,Illinois State Redbirds,Committed,0,3.0,83.0,2768.0,115.0,2020,2023-12-18T15:16:00,https://on3static.com/uploads/assets/262/262/262262.png,https://www.on3.com/db/mitch-bartol-89841/,portal_industry_football_2024
Trey Boll,TE,Wake Forest Demon Deacons,,Entered,0,3.0,83.0,2769.0,110.0,2020,2023-11-28T14:22:00,https://on3static.com/uploads/dev/assets/523/9/9523.jpg,https://www.on3.com/db/trey-boll-115924/,portal_industry_football_2024
JJ Guedet,OT,Minnesota Golden Gophers,Illinois State Redbirds,Committed,0,3.0,83.0,2770.0,144.0,2019,2023-12-13T10:21:00,https://on3static.com/uploads/dev/assets/69/7/7069.jpg,https://www.on3.com/db/jj-guedet-61872/,portal_industry_football_2024
Shawn Harris,WR,Amherst College Mammoths,,Entered,0,3.0,83.0,2771.0,301.0,2019,2023-11-30T09:11:00,https://on3static.com/uploads/assets/230/149/149230.jpeg,https://www.on3.com/db/shawn-harris-106891/,portal_industry_football_2024
Everett Johnson,IOL,California Golden Bears,Montana Grizzlies,Committed,0,3.0,83.0,2772.0,175.0,2020,2023-12-17T12:50:00,https://on3static.com/uploads/dev/assets/746/6/6746.jpg,https://www.on3.com/db/everett-johnson-143724/,portal_industry_football_2024
Stephen Johnson,DL,Auburn Tigers,McNeese State Cowboys,Committed,0,3.0,83.0,2773.0,210.0,2023,,https://on3static.com/uploads/assets/955/136/136955.png,https://www.on3.com/db/stephen-johnson-152276/,portal_industry_football_2024
Cedd Seabrough,TE,NC State Wolfpack,,Entered,0,3.0,83.0,2774.0,121.0,2021,2023-12-04T08:16:00,https://on3static.com/uploads/assets/335/16/16335.jpeg,https://www.on3.com/db/cedd-seabrough-19374/,portal_industry_football_2024
Brenden Deasfernandes,CB,Iowa Hawkeyes,Central Michigan Chippewas,Committed,0,3.0,83.0,2775.0,296.0,2020,2024-01-22T13:27:00,https://on3static.com/uploads/dev/assets/309/6/6309.jpg,https://www.on3.com/db/brenden-deasfernandes-13787/,portal_industry_football_2024
Anthony Frias,RB,Kansas State Wildcats,UCLA Bruins,Committed,0,3.0,83.0,2776.0,185.0,2021,2024-07-19T10:13:00,https://on3static.com/uploads/assets/217/209/209217.jpeg,https://www.on3.com/db/anthony-frias-154878/,portal_industry_football_2024
Carston Marshall,LB,Iowa State Cyclones,Youngstown State Penguins,Committed,0,3.0,83.0,2777.0,236.0,2021,2024-01-16T11:11:00,https://on3static.com/uploads/assets/825/15/15825.jpeg,https://www.on3.com/db/carston-marshall-18858/,portal_industry_football_2024
Ammon Allen,LB,Arizona Wildcats,,Entered,0,3.0,83.0,2779.0,214.0,2021,2023-12-04T08:00:00,https://on3static.com/uploads/assets/368/23/23368.jpeg,https://www.on3.com/db/ammon-allen-4353/,portal_industry_football_2024
Seth Martin,IOL,Texas Tech Red Raiders,,Entered,0,3.0,83.0,2780.0,188.0,2022,2023-12-06T12:14:00,https://on3static.com/uploads/assets/242/167/167242.png,https://www.on3.com/db/seth-martin-146979/,portal_industry_football_2024
Ma'Kyi Lee,OT,Missouri Tigers,North Texas Mean Green,Committed,0,3.0,83.0,2781.0,162.0,2020,2024-01-07T18:38:00,https://on3static.com/uploads/assets/323/164/164323.jpeg,https://www.on3.com/db/makyi-lee-81103/,portal_industry_football_2024
Nate Floyd,CB,Texas Tech Red Raiders,Nevada Wolf Pack,Committed,0,3.0,83.0,2782.0,304.0,2020,2024-01-15T12:53:00,https://on3static.com/uploads/assets/420/18/18420.jpeg,https://www.on3.com/db/nate-floyd-91202/,portal_industry_football_2024
Jamarcus Jones,LB,UAB Blazers,Louisiana Tech Bulldogs,Committed,0,3.0,82.0,2783.0,252.0,2021,2024-01-14T22:06:00,,https://www.on3.com/db/jamarcus-jones-145297/,portal_industry_football_2024
Sidney Mbanasor,WR,Utah Utes,Tulane Green Wave,Committed,0,3.0,83.0,2784.0,345.0,2022,2024-05-07T15:22:00,https://on3static.com/uploads/assets/635/175/175635.jpeg,https://www.on3.com/db/sidney-mbanasor-147658/,portal_industry_football_2024
Blake Boda,QB,Coastal Carolina Chanticleers,Arkansas Razorbacks,Committed,0,3.0,82.0,2785.0,215.0,2023,2024-04-30T20:11:00,https://on3static.com/uploads/assets/909/307/307909.png,https://www.on3.com/db/blake-boda-10764/,portal_industry_football_2024
Ricky Lolohea,DL,Oklahoma State Cowboys,Utah State Aggies,Committed,0,3.0,83.0,2786.0,222.0,2023,2023-12-20T13:57:00,https://on3static.com/uploads/assets/978/264/264978.png,https://www.on3.com/db/ricky-lolohea-151604/,portal_industry_football_2024
Jasper Lott,OT,TCU Horned Frogs,North Texas Mean Green,Committed,0,3.0,83.0,2787.0,155.0,2021,2023-12-14T09:28:00,https://on3static.com/uploads/dev/assets/804/7/7804.jpg,https://www.on3.com/db/jasper-lott-57899/,portal_industry_football_2024
Clayton Coll,LB,Ball State Cardinals,,Entered,0,3.0,87.0,2788.0,72.0,2019,2023-12-01T17:21:00,https://on3static.com/uploads/assets/861/263/263861.png,https://www.on3.com/db/clayton-coll-23909/,portal_industry_football_2024
D'Wan Mathis,WR,Temple Owls,,Entered,0,3.0,84.0,2789.0,251.0,2019,2023-10-25T08:22:00,https://on3static.com/uploads/assets/576/17/17576.jpeg,https://www.on3.com/db/dwan-mathis-27481/,portal_industry_football_2024
Chris Toudle,WR,NC State Wolfpack,Western Michigan Broncos,Committed,0,3.0,84.0,2790.0,276.0,2019,2023-12-17T15:40:00,https://on3static.com/uploads/dev/assets/256/10/10256.jpg,https://www.on3.com/db/chris-toudle-22583/,portal_industry_football_2024
Jaden Williams,WR,Boston College Eagles,Texas State Bobcats,Committed,0,3.0,84.0,2791.0,260.0,2021,2023-12-16T14:08:00,https://on3static.com/uploads/assets/205/16/16205.jpeg,https://www.on3.com/db/jaden-williams-52723/,portal_industry_football_2024
Kamar Missouri,OT,Rutgers Scarlet Knights,UTSA Roadrunners,Committed,0,3.0,84.0,2793.0,131.0,2020,2024-01-04T13:16:00,https://on3static.com/uploads/dev/assets/64/10/10064.jpg,https://www.on3.com/db/kamar-missouri-70933/,portal_industry_football_2024
JonDarius Morgan,IOL,South Carolina Gamecocks,UAB Blazers,Committed,0,3.0,84.0,2794.0,156.0,2021,2023-12-17T09:59:00,https://on3static.com/uploads/assets/78/257/257078.jpg,https://www.on3.com/db/jondarius-morgan-65048/,portal_industry_football_2024
Rishad Hence,S,Akron Zips,,Entered,0,3.0,84.0,2795.0,193.0,2021,2023-12-04T10:58:00,https://on3static.com/uploads/assets/755/264/264755.jpeg,https://www.on3.com/db/rishad-hence-100615/,portal_industry_football_2024
Terrell Crosby,CB,Iowa State Cyclones,Toledo Rockets,Committed,0,3.0,84.0,2796.0,233.0,2022,2023-12-20T13:50:00,https://on3static.com/uploads/assets/859/225/225859.png,https://www.on3.com/db/terrell-crosby-111517/,portal_industry_football_2024
Daveon Walker,WR,Vanderbilt Commodores,Florida A&M Rattlers,Committed,0,3.0,84.0,2797.0,283.0,2022,2023-12-20T13:28:00,https://on3static.com/uploads/assets/371/39/39371.jpeg,https://www.on3.com/db/daveon-walker-31385/,portal_industry_football_2024
Sam Telesa,IOL,New Mexico Lobos,Louisiana-Monroe Warhawks,Committed,0,3.0,84.0,2798.0,151.0,2019,2023-12-20T15:10:00,https://on3static.com/uploads/assets/218/265/265218.jpeg,https://www.on3.com/db/sam-telesa-104553/,portal_industry_football_2024
Taji Johnson,WR,Boston College Eagles,Buffalo Bulls,Committed,0,3.0,84.0,2799.0,288.0,2020,2024-01-08T14:20:00,https://on3static.com/uploads/dev/assets/704/10/10704.jpg,https://www.on3.com/db/taji-johnson-142468/,portal_industry_football_2024
Wyatt McClour,TE,New Mexico Lobos,Louisiana-Monroe Warhawks,Committed,0,3.0,84.0,2800.0,83.0,0,2023-12-20T13:46:00,https://on3static.com/uploads/assets/896/275/275896.png,https://www.on3.com/db/wyatt-mcclour-239657/,portal_industry_football_2024
Preston Daniel,TE,Florida State Seminoles,Miami (OH) RedHawks,Committed,0,3.0,84.0,2801.0,96.0,0,2024-02-26T16:21:00,,https://www.on3.com/db/preston-daniel-159893/,portal_industry_football_2024
EJ Horton,WR,West Virginia Mountaineers,Florida Atlantic Owls,Committed,0,3.0,84.0,2803.0,263.0,2020,2024-05-09T12:57:00,https://on3static.com/uploads/assets/841/407/407841.png,https://www.on3.com/db/ej-horton-145044/,portal_industry_football_2024
Pig Cage,S,UTSA Roadrunners,Louisiana Tech Bulldogs,Committed,0,3.0,84.0,2804.0,207.0,2020,2024-05-15T09:57:00,https://on3static.com/uploads/assets/940/401/401940.png,https://www.on3.com/db/pig-cage-97642/,portal_industry_football_2024
Jacob Proche,CB,Coastal Carolina Chanticleers,Massachusetts Minutemen,Entered,0,3.0,83.0,2805.0,280.0,2019,2023-12-08T08:55:00,https://on3static.com/uploads/assets/659/75/75659.jpg,https://www.on3.com/db/jacob-proche-52162/,portal_industry_football_2024
Brian Brewton,RB,Connecticut Huskies,Middle Tennessee State Blue Raiders,Committed,0,3.0,82.0,2806.0,206.0,2020,2023-12-20T10:00:00,https://on3static.com/uploads/assets/638/264/264638.jpeg,https://www.on3.com/db/brian-brewton-14362/,portal_industry_football_2024
Carl Fauntroy,S,UAB Blazers,Louisiana-Monroe Warhawks,Committed,0,3.0,82.0,2807.0,256.0,2022,2023-12-20T09:57:00,https://on3static.com/uploads/assets/731/89/89731.jpg,https://www.on3.com/db/carl-fauntroy-18359/,portal_industry_football_2024
Bryston Dixon,DL,Georgia Tech Yellow Jackets,South Alabama Jaguars,Committed,0,3.0,83.0,2808.0,213.0,2023,2023-12-21T14:08:00,https://on3static.com/uploads/assets/489/164/164489.png,https://www.on3.com/db/bryston-dixon-157470/,portal_industry_football_2024
Kiwaun Davis,CB,Washington State Cougars,Northern Illinois Huskies,Committed,0,3.0,83.0,2809.0,271.0,2023,2023-12-12T16:55:00,https://on3static.com/uploads/assets/349/219/219349.png,https://www.on3.com/db/kiwaun-davis-151304/,portal_industry_football_2024
Tyrell Lawrence,IOL,Minnesota Golden Gophers,Alabama A&M Bulldogs,Committed,0,3.0,82.0,2810.0,209.0,2020,2023-12-20T10:23:00,https://on3static.com/uploads/assets/88/16/16088.jpeg,https://www.on3.com/db/tyrell-lawrence-118571/,portal_industry_football_2024
Manny Moss,S,Western Kentucky Hilltoppers,,Entered,0,3.0,82.0,2811.0,266.0,2022,2023-12-04T12:00:00,,https://www.on3.com/db/manny-moss-161829/,portal_industry_football_2024
Rashad Rochelle,WR,Rutgers Scarlet Knights,Indiana State Sycamores,Committed,0,3.0,82.0,2812.0,371.0,2022,2023-12-04T16:23:00,https://on3static.com/uploads/assets/426/12/12426.jpg,https://www.on3.com/db/rashad-rochelle-98578/,portal_industry_football_2024
Dominic Mammarelli,TE,Miami Hurricanes,,Entered,0,3.0,82.0,2813.0,138.0,2020,2024-01-17T17:30:00,https://on3static.com/uploads/assets/848/17/17848.jpeg,https://www.on3.com/db/dominic-mammarelli-37508/,portal_industry_football_2024
Dylan Mehrotra,QB,UNLV Rebels,,Entered,0,3.0,82.0,2814.0,196.0,2021,2024-04-09T17:05:00,https://on3static.com/uploads/assets/676/89/89676.jpg,https://www.on3.com/db/dylan-mehrotra-39977/,portal_industry_football_2024
Sam Secrest,IOL,Louisville Cardinals,Houston Cougars,Committed,0,3.0,82.0,2815.0,222.0,2022,2024-05-03T14:50:00,https://on3static.com/uploads/assets/830/86/86830.jpg,https://www.on3.com/db/sam-secrest-104501/,portal_industry_football_2024
Jaelyn Lay,TE,Alabama State Hornets,Massachusetts Minutemen,Committed,0,3.0,84.0,2816.0,78.0,2019,2024-01-14T12:48:00,https://on3static.com/uploads/assets/770/17/17770.jpeg,https://www.on3.com/db/jaelyn-lay-52856/,portal_industry_football_2024
Derrick Edwards,CB,Louisville Cardinals,Charlotte 49ers,Committed,0,3.0,83.0,2817.0,309.0,2021,2024-01-06T16:43:00,https://on3static.com/uploads/assets/625/267/267625.png,https://www.on3.com/db/derrick-edwards-35066/,portal_industry_football_2024
Mekhi Mason,LB,Syracuse Orange,Louisiana Tech Bulldogs,Committed,0,3.0,83.0,2818.0,248.0,2022,2024-01-15T16:59:00,https://on3static.com/uploads/assets/111/268/268111.png,https://www.on3.com/db/mekhi-mason-86959/,portal_industry_football_2024
Luke Murphy,LB,Kent State Golden Flashes,Eastern Michigan Eagles,Committed,0,3.0,82.0,2819.0,283.0,2020,2023-12-10T12:40:00,https://on3static.com/uploads/assets/522/220/220522.jpeg,https://www.on3.com/db/luke-murphy-80807/,portal_industry_football_2024
Jason Shuford,DL,East Carolina Pirates,Marshall Thundering Herd,Committed,0,3.0,82.0,2820.0,267.0,2020,2023-12-18T13:18:00,https://on3static.com/uploads/assets/925/213/213925.jpeg,https://www.on3.com/db/jason-shuford-57776/,portal_industry_football_2024
Will Seiler,DL,Pennsylvania Quakers,Duke Blue Devils,Committed,0,3.0,84.0,2821.0,199.0,2019,2023-12-19T14:57:00,https://on3static.com/uploads/assets/945/266/266945.png,https://www.on3.com/db/will-seiler-121035/,portal_industry_football_2024
Tre Pinkney,LB,Coastal Carolina Chanticleers,Southern Miss Golden Eagles,Committed,0,3.0,83.0,2822.0,219.0,2019,2023-12-20T09:26:00,https://on3static.com/uploads/assets/687/75/75687.jpg,https://www.on3.com/db/tre-pinkney-116190/,portal_industry_football_2024
Jaden Woods,S,Akron Zips,East Tennessee State Buccaneers,Committed,0,3.0,83.0,2823.0,219.0,2019,2023-12-12T15:56:00,https://on3static.com/uploads/assets/847/241/241847.png,https://www.on3.com/db/jaden-woods-52729/,portal_industry_football_2024
Buddy Mack,S,Pittsburgh Panthers,South Carolina Gamecocks,Committed,0,3.0,83.0,2824.0,212.0,2020,2024-01-05T13:05:00,https://on3static.com/uploads/dev/assets/935/9/9935.jpg,https://www.on3.com/db/buddy-mack-16202/,portal_industry_football_2024
Christian Moss,WR,Virginia Tech Hokies,Kennesaw State Owls,Committed,0,3.0,83.0,2825.0,309.0,2021,2023-12-14T16:50:00,https://on3static.com/uploads/assets/439/16/16439.jpeg,https://www.on3.com/db/christian-moss-23064/,portal_industry_football_2024
Zachary Barlev,OT,Illinois Fighting Illini,Old Dominion Monarchs,Committed,0,3.0,83.0,2826.0,148.0,2021,2023-12-15T14:12:00,https://on3static.com/uploads/assets/948/15/15948.jpeg,https://www.on3.com/db/zachary-barlev-123193/,portal_industry_football_2024
Wesley Watson,WR,Kansas State Wildcats,Texas A&M Aggies,Committed,0,3.0,83.0,2827.0,310.0,2023,2023-12-21T16:06:00,https://on3static.com/uploads/assets/235/209/209235.jpeg,https://www.on3.com/db/wesley-watson-120448/,portal_industry_football_2024
Jordin Parker,WR,New Mexico State Aggies,Western Michigan Broncos,Committed,0,3.0,83.0,2828.0,328.0,2020,2023-12-19T15:38:00,https://on3static.com/uploads/assets/655/265/265655.png,https://www.on3.com/db/jordin-parker-179799/,portal_industry_football_2024
Reese Steele,IOL,New Mexico Lobos,Louisiana-Monroe Warhawks,Committed,0,3.0,83.0,2830.0,193.0,2022,2023-12-18T13:47:00,https://on3static.com/uploads/assets/898/275/275898.png,https://www.on3.com/db/reese-steele-177241/,portal_industry_football_2024
Josh Beetham,TE,Michigan Wolverines,Georgia Tech Yellow Jackets,Committed,0,3.0,83.0,2831.0,111.0,2020,2024-04-26T20:29:00,https://on3static.com/uploads/assets/361/464/464361.jpg,https://www.on3.com/db/josh-beetham-66836/,portal_industry_football_2024
Isaiah Jatta,OT,Colorado Buffaloes,BYU Cougars,Committed,0,3.0,83.0,2832.0,151.0,2019,2024-05-20T14:33:00,https://on3static.com/uploads/assets/377/242/242377.jpeg,https://www.on3.com/db/isaiah-jatta-156166/,portal_industry_football_2024
Ky Woods,RB,Texas Longhorns,Nevada Wolf Pack,Committed,0,3.0,83.0,2833.0,193.0,2022,2024-05-06T16:57:00,https://on3static.com/uploads/assets/910/85/85910.jpeg,https://www.on3.com/db/ky-woods-76314/,portal_industry_football_2024
Andrew Bench,TE,Bowling Green Falcons,South Alabama Jaguars,Committed,0,3.0,82.0,2835.0,157.0,2019,2024-01-06T14:07:00,https://on3static.com/uploads/assets/445/76/76445.jpeg,https://www.on3.com/db/andrew-bench-4851/,portal_industry_football_2024
Ryan Jankowski,QB,Akron Zips,Massachusetts Minutemen,Committed,0,3.0,82.0,2836.0,202.0,2020,2024-01-14T13:25:00,https://on3static.com/uploads/assets/634/264/264634.jpeg,https://www.on3.com/db/ryan-jankowski-145173/,portal_industry_football_2024
Jayven Hall,LB,Marshall Thundering Herd,Georgia State Panthers,Committed,0,3.0,82.0,2838.0,263.0,2023,2024-01-22T09:55:00,https://on3static.com/uploads/assets/419/265/265419.png,https://www.on3.com/db/jayven-hall-59261/,portal_industry_football_2024
Austin Ackel,LB,New Mexico Lobos,Louisiana-Monroe Warhawks,Committed,0,3.0,82.0,2839.0,288.0,2023,2023-12-17T13:22:00,https://on3static.com/uploads/assets/995/266/266995.png,https://www.on3.com/db/austin-ackel-155555/,portal_industry_football_2024
Anthony Ward,LB,Arizona Wildcats,Washington Huskies,Committed,0,3.0,82.0,2840.0,277.0,2020,2024-02-07T08:34:00,https://on3static.com/uploads/dev/assets/258/4/4258.jpg,https://www.on3.com/db/anthony-ward-6665/,portal_industry_football_2024
Anthony Garcia,QB,San Jose State Spartans,Arizona Wildcats,Committed,0,3.0,82.0,2841.0,214.0,2022,2024-04-21T08:35:00,https://on3static.com/uploads/assets/772/315/315772.png,https://www.on3.com/db/anthony-garcia-6121/,portal_industry_football_2024
Dino Kaliakmanis,WR,Minnesota Golden Gophers,Rutgers Scarlet Knights,Committed,0,3.0,83.0,2842.0,356.0,2021,2024-01-02T13:23:00,https://on3static.com/uploads/assets/377/465/465377.png,https://www.on3.com/db/dino-kaliakmanis-143926/,portal_industry_football_2024
Domanick Moon,LB,Purdue Boilermakers,Western Michigan Broncos,Committed,0,3.0,83.0,2843.0,220.0,2022,2023-12-17T15:00:00,https://on3static.com/uploads/assets/160/217/217160.png,https://www.on3.com/db/domanick-moon-37413/,portal_industry_football_2024
Taven Curry,RB,UAB Blazers,Louisiana-Monroe Warhawks,Committed,0,3.0,83.0,2844.0,192.0,2022,2023-12-20T13:43:00,https://on3static.com/uploads/assets/223/26/26223.png,https://www.on3.com/db/taven-curry-149949/,portal_industry_football_2024
Terrell James,EDGE,Arkansas State Red Wolves,Murray State Racers,Committed,0,3.0,83.0,2845.0,154.0,2023,2024-05-17T13:58:00,https://on3static.com/uploads/assets/977/43/43977.jpeg,https://www.on3.com/db/terrell-james-150065/,portal_industry_football_2024
Kameron Olds,EDGE,Buffalo Bulls,Kent State Golden Flashes,Committed,0,3.0,82.0,2846.0,162.0,2021,2024-01-21T09:24:00,https://on3static.com/uploads/assets/405/392/392405.jpg,https://www.on3.com/db/kameron-olds-149961/,portal_industry_football_2024
Jackson Kennedy,K,Cornell Big Red,,Entered,0,3.0,80.0,2847.0,17.0,2020,2023-10-30T14:10:00,https://on3static.com/uploads/assets/90/250/250090.jpeg,https://www.on3.com/db/jackson-kennedy-238622/,portal_industry_football_2024
Cooper Hamilton,K,Houston Cougars,,Entered,0,3.0,80.0,2848.0,21.0,2021,2023-11-28T09:20:00,https://on3static.com/uploads/assets/475/262/262475.png,https://www.on3.com/db/cooper-hamilton-239030/,portal_industry_football_2024
Jacob Lewis,K,Minnesota Golden Gophers,Ohio Bobcats,Committed,0,3.0,80.0,2849.0,16.0,2020,2024-01-02T10:25:00,https://on3static.com/uploads/assets/939/262/262939.png,https://www.on3.com/db/jacob-lewis-52051/,portal_industry_football_2024
Stone Springman,K,Miami Hurricanes,FIU Golden Panthers,Committed,0,3.0,80.0,2851.0,27.0,2023,,https://on3static.com/uploads/assets/447/263/263447.png,https://www.on3.com/db/stone-springman-153060/,portal_industry_football_2024
Derek McCormick,K,Louisiana-Monroe Warhawks,Indiana Hoosiers,Committed,0,3.0,80.0,2852.0,9.0,2021,2023-12-22T15:11:00,https://on3static.com/uploads/assets/587/263/263587.jpeg,https://www.on3.com/db/derek-mccormick-158158/,portal_industry_football_2024
Ethan Duane,P,Old Dominion Monarchs,Buffalo Bulls,Committed,0,3.0,80.0,2853.0,20.0,2020,,https://on3static.com/uploads/assets/309/171/171309.png,https://www.on3.com/db/ethan-duane-42915/,portal_industry_football_2024
Tyler Larco,K,Arkansas Razorbacks,,Entered,0,3.0,80.0,2854.0,29.0,2019,2023-12-01T16:40:00,https://on3static.com/uploads/assets/847/263/263847.png,https://www.on3.com/db/tyler-larco-117758/,portal_industry_football_2024
Owen Lawson,P,Arkansas Razorbacks,Albany Great Danes,Committed,0,3.0,80.0,2855.0,18.0,2021,2024-06-27T14:07:00,https://on3static.com/uploads/assets/874/263/263874.jpg,https://www.on3.com/db/owen-lawson-220448/,portal_industry_football_2024
Laith Marjan,K,East Carolina Pirates,South Alabama Jaguars,Committed,0,3.0,80.0,2857.0,33.0,2021,2024-01-08T14:07:00,https://on3static.com/uploads/assets/928/213/213928.jpeg,https://www.on3.com/db/laith-marjan-77543/,portal_industry_football_2024
Evan Crenshaw,P,Coastal Carolina Chanticleers,Troy Trojans,Committed,0,3.0,80.0,2858.0,27.0,2022,2024-01-17T13:17:00,https://on3static.com/uploads/assets/654/75/75654.jpg,https://www.on3.com/db/evan-crenshaw-147403/,portal_industry_football_2024
Blake Ochsendorf,P,Louisiana Tech Bulldogs,LSU Tigers,Committed,0,3.0,80.0,2859.0,24.0,2019,2024-05-27T13:57:00,https://on3static.com/uploads/assets/833/265/265833.jpeg,https://www.on3.com/db/blake-ochsendorf-156189/,portal_industry_football_2024
AJ Vinatieri,K,Ball State Cardinals,Louisville Cardinals,Committed,0,3.0,80.0,2860.0,52.0,2022,,https://on3static.com/uploads/assets/923/266/266923.jpeg,https://www.on3.com/db/aj-vinatieri-2244/,portal_industry_football_2024
Trent Carrizosa,P,Colorado Buffaloes,San Jose State Spartans,Committed,0,3.0,80.0,2861.0,17.0,2021,,https://on3static.com/uploads/assets/371/242/242371.jpeg,https://www.on3.com/db/trent-carrizosa-163939/,portal_industry_football_2024
RJ Lopez,K,UCLA Bruins,Purdue Boilermakers,Committed,0,3.0,80.0,2863.0,10.0,2020,2024-02-20T13:47:00,https://on3static.com/uploads/assets/836/405/405836.jpg,https://www.on3.com/db/rj-lopez-100669/,portal_industry_football_2024
Jack Thompson,K,New Mexico State Aggies,,Entered,0,3.0,80.0,2865.0,39.0,2022,2023-12-20T09:07:00,,https://www.on3.com/db/jack-thompson-179890/,portal_industry_football_2024
Johan Silver,K,Kent State Golden Flashes,,Entered,0,3.0,80.0,2866.0,53.0,2022,2023-12-22T13:28:00,,https://www.on3.com/db/johan-silver-179323/,portal_industry_football_2024
Isaac Pearson,P,Texas Longhorns,SMU Mustangs,Committed,0,3.0,80.0,2867.0,22.0,2021,2023-05-09T07:04:00,https://on3static.com/uploads/assets/967/15/15967.jpeg,https://www.on3.com/db/isaac-pearson-49240/,portal_industry_football_2024
Brook Honore,P,Texas Tech Red Raiders,Arkansas State Red Wolves,Committed,0,3.0,80.0,2868.0,28.0,0,2023-12-18T13:36:00,https://on3static.com/uploads/assets/623/275/275623.png,https://www.on3.com/db/brook-honore-239639/,portal_industry_football_2024
Redi Mustafaraj,K,Oklahoma Sooners,,Entered,0,3.0,80.0,2869.0,38.0,2020,2024-01-18T15:16:00,https://on3static.com/uploads/assets/823/238/238823.png,https://www.on3.com/db/redi-mustafaraj-238231/,portal_industry_football_2024
Jarrett Reeser,K,Michigan State Spartans,Boise State Broncos,Committed,0,3.0,80.0,2870.0,41.0,2021,2024-02-07T15:06:00,,https://www.on3.com/db/jarrett-reeser-57148/,portal_industry_football_2024
Josh Cupitt,K,Towson Tigers,Delaware Fightin' Blue Hens,Committed,0,3.0,80.0,2871.0,51.0,2021,2024-02-08T16:31:00,,https://www.on3.com/db/josh-cupitt-217013/,portal_industry_football_2024
Gavin Marshall,K,Oklahoma Sooners,Maryland Terrapins,Committed,0,3.0,80.0,2872.0,42.0,2022,,https://on3static.com/uploads/assets/481/297/297481.png,https://www.on3.com/db/gavin-marshall-161455/,portal_industry_football_2024
Jaren Van Winkle,P,Southwestern Oklahoma State Bulldogs,,Entered,0,3.0,80.0,2873.0,26.0,0,2024-04-08T12:45:00,,https://www.on3.com/db/jaren-van-winkle-241762/,portal_industry_football_2024
Joseph Weiers,P,Northwest Missouri State Bearcats,,Entered,0,3.0,80.0,2874.0,32.0,2020,2024-03-12T10:24:00,,https://www.on3.com/db/joseph-weiers-66728/,portal_industry_football_2024
Reed Harradine,K,Alabama Crimson Tide,,Entered,0,3.0,80.0,2875.0,43.0,2023,2024-04-16T17:06:00,https://on3static.com/uploads/assets/617/225/225617.jpeg,https://www.on3.com/db/reed-harradine-174915/,portal_industry_football_2024
Wyatt Redding,K,Boise State Broncos,,Entered,0,3.0,80.0,2876.0,44.0,2022,2024-04-17T11:56:00,https://on3static.com/uploads/assets/560/307/307560.png,https://www.on3.com/db/wyatt-redding-121823/,portal_industry_football_2024
Jackson Smith,K,Kentucky Wildcats,Western Kentucky Hilltoppers,Committed,0,3.0,80.0,2877.0,45.0,2022,2024-05-01T15:08:00,https://on3static.com/uploads/assets/894/340/340894.png,https://www.on3.com/db/jackson-smith-51704/,portal_industry_football_2024
Ethan Moczulski,K,Texas A&M Aggies,Illinois Fighting Illini,Committed,0,3.0,80.0,2878.0,46.0,2022,2024-05-11T13:28:00,https://on3static.com/uploads/assets/68/88/88068.jpg,https://www.on3.com/db/ethan-moczulski-146117/,portal_industry_football_2024
Ryan Millmore,P,Iowa State Cyclones,Western Michigan Broncos,Committed,0,3.0,80.0,2879.0,30.0,2023,2024-05-20T13:40:00,https://on3static.com/uploads/assets/938/225/225938.png,https://www.on3.com/db/ryan-millmore-196490/,portal_industry_football_2024
Aidan Laros,P,UT Martin Skyhawks,Kentucky Wildcats,Committed,0,3.0,80.0,2881.0,9.0,2021,,https://on3static.com/uploads/assets/205/448/448205.png,https://www.on3.com/db/aidan-laros-159593/,portal_industry_football_2024
Brody Richter,P,Northern Arizona Lumberjacks,UCLA Bruins,Committed,0,3.0,80.0,2882.0,13.0,0,2024-07-01T11:17:00,https://on3static.com/uploads/assets/606/442/442606.png,https://www.on3.com/db/brody-richter-242137/,portal_industry_football_2024
Tristan Lyon,K,Georgia State Panthers,,Entered,0,3.0,80.0,2884.0,49.0,2021,2024-04-29T11:06:00,https://on3static.com/uploads/assets/714/173/173714.png,https://www.on3.com/db/tristan-lyon-116430/,portal_industry_football_2024
Lucas Borrow,P,Ball State Cardinals,,Entered,0,3.0,80.0,2885.0,16.0,2020,2024-04-29T10:22:00,https://on3static.com/uploads/assets/550/311/311550.png,https://www.on3.com/db/lucas-borrow-80313/,portal_industry_football_2024
Anthony Venneri,P,Buffalo Bulls,Ohio State Buckeyes,Committed,0,3.0,80.0,2886.0,8.0,2022,2024-05-11T21:54:00,https://on3static.com/uploads/assets/721/564/564721.PNG,https://www.on3.com/db/anthony-venneri-179576/,portal_industry_football_2024
Max Hoskins,P,Washington State Cougars,,Entered,0,3.0,80.0,2887.0,35.0,2022,2024-05-02T14:17:00,https://on3static.com/uploads/assets/88/171/171088.jpg,https://www.on3.com/db/max-hoskins-177750/,portal_industry_football_2024
Eemil Herranen,P,Northern Arizona Lumberjacks,San Diego State Aztecs,Committed,0,3.0,80.0,2888.0,19.0,0,2024-05-27T16:56:00,,https://www.on3.com/db/eemil-herranen-206275/,portal_industry_football_2024
Ruben Anderson,P,Bucknell Bison,,Entered,0,3.0,80.0,2889.0,34.0,0,2024-05-16T11:53:00,,https://www.on3.com/db/ruben-anderson-184288/,portal_industry_football_2024
Austin Welch,K,Eastern Kentucky Colonels,Kennesaw State Owls,Committed,0,3.0,80.0,2890.0,48.0,2021,2024-05-30T17:01:00,https://on3static.com/uploads/assets/444/399/399444.png,https://www.on3.com/db/austin-welch-190247/,portal_industry_football_2024
Sam Henson,K,Concordia University Golden Bears,Minnesota Golden Gophers,Committed,0,3.0,80.0,2891.0,50.0,0,2024-06-06T12:51:00,,https://www.on3.com/db/sam-henson-243782/,portal_industry_football_2024
Graham Nicholson,K,Miami (OH) RedHawks,Alabama Crimson Tide,Committed,0,3.0,80.0,2892.0,1.0,2021,2024-04-21T20:51:00,https://on3static.com/uploads/assets/306/265/265306.png,https://www.on3.com/db/graham-nicholson-179270/,portal_industry_football_2024
Wydett Williams,S,Delta State Statesmen,Louisiana-Monroe Warhawks,Committed,0,3.0,82.0,2893.0,272.0,2022,2023-12-17T13:50:00,https://on3static.com/uploads/assets/899/275/275899.png,https://www.on3.com/db/wydett-williams-239658/,portal_industry_football_2024
Luke MacPhail,QB,Syracuse Orange,,Entered,0,3.0,82.0,2894.0,186.0,2020,2023-12-28T14:49:00,https://on3static.com/uploads/dev/assets/794/9/9794.jpg,https://www.on3.com/db/luke-macphail-80762/,portal_industry_football_2024
Quaron Adams,WR,Iowa State Cyclones,South Dakota Coyotes,Committed,0,3.0,84.0,2895.0,282.0,2022,2024-01-04T11:14:00,https://on3static.com/uploads/assets/865/225/225865.png,https://www.on3.com/db/quaron-adams-97145/,portal_industry_football_2024
Zephron Lester,DL,Stanford Cardinal,,Entered,0,3.0,82.0,2896.0,261.0,2020,2023-12-12T13:14:00,https://on3static.com/uploads/dev/assets/24/6/6024.jpg,https://www.on3.com/db/zephron-lester-123771/,portal_industry_football_2024
Cayden Hawkins,LB,Wyoming Cowboys,,Entered,0,3.0,82.0,2897.0,286.0,2022,2023-12-14T13:59:00,https://on3static.com/uploads/assets/868/267/267868.png,https://www.on3.com/db/cayden-hawkins-149913/,portal_industry_football_2024
Chris Rhodes,WR,Arkansas Razorbacks,,Entered,0,3.0,83.0,2898.0,320.0,2021,2023-11-29T13:59:00,https://on3static.com/uploads/assets/116/263/263116.png,https://www.on3.com/db/chris-rhodes-23398/,portal_industry_football_2024
AJ Toney,WR,Middle Tennessee State Blue Raiders,Alabama A&M Bulldogs,Committed,0,3.0,83.0,2899.0,303.0,2019,2024-06-24T12:21:00,https://on3static.com/uploads/assets/922/91/91922.jpeg,https://www.on3.com/db/aj-toney-2240/,portal_industry_football_2024
Tyler Dostin,TE,Kent State Golden Flashes,UT Martin Skyhawks,Committed,0,3.0,83.0,2900.0,116.0,2022,2024-01-09T17:11:00,https://on3static.com/uploads/assets/601/264/264601.jpeg,https://www.on3.com/db/tyler-dostin-146239/,portal_industry_football_2024
Joshua Crabtree,WR,NC State Wolfpack,,Entered,0,3.0,83.0,2901.0,319.0,2020,2023-12-04T07:49:00,https://on3static.com/uploads/dev/assets/326/10/10326.jpg,https://www.on3.com/db/joshua-crabtree-67883/,portal_industry_football_2024
Jaylon Griffin,WR,UCF Knights,Texas State Bobcats,Committed,0,3.0,83.0,2902.0,335.0,2019,,https://on3static.com/uploads/assets/283/223/223283.png,https://www.on3.com/db/jaylon-griffin-59108/,portal_industry_football_2024
Aramoni Rhone,WR,Ohio Bobcats,,Entered,0,3.0,83.0,2903.0,344.0,2021,2023-12-04T12:55:00,https://on3static.com/uploads/assets/853/264/264853.jpeg,https://www.on3.com/db/aramoni-rhone-7346/,portal_industry_football_2024
Jacob Flynn,WR,Connecticut Huskies,,Entered,0,3.0,83.0,2904.0,354.0,2019,2023-12-05T14:37:00,https://on3static.com/uploads/assets/294/265/265294.jpeg,https://www.on3.com/db/jacob-flynn-180530/,portal_industry_football_2024
Phillip Baynes Jr.,S,Northern Illinois Huskies,,Entered,0,3.0,83.0,2905.0,214.0,2023,2023-12-07T09:30:00,https://on3static.com/uploads/assets/801/265/265801.jpeg,https://www.on3.com/db/phillip-baynes-jr-174592/,portal_industry_football_2024
Javohn Thomas,WR,USF Bulls,,Entered,0,3.0,83.0,2906.0,347.0,2022,2023-12-07T12:45:00,https://on3static.com/uploads/assets/79/216/216079.png,https://www.on3.com/db/javohn-thomas-58102/,portal_industry_football_2024
Chris Harris,WR,Arkansas Razorbacks,,Entered,0,3.0,83.0,2907.0,351.0,2020,2023-12-15T14:21:00,https://on3static.com/uploads/assets/281/72/72281.jpeg,https://www.on3.com/db/chris-harris-21854/,portal_industry_football_2024
Christian Carter,WR,Memphis Tigers,,Entered,0,3.0,83.0,2908.0,365.0,2019,2023-12-31T10:47:00,https://on3static.com/uploads/assets/93/190/190093.png,https://www.on3.com/db/christian-carter-180720/,portal_industry_football_2024
Chance Luper,WR,Missouri Tigers,,Entered,116901,3.0,83.0,2909.0,349.0,2020,2024-04-29T16:33:00,https://on3static.com/uploads/dev/assets/295/3/3295.jpg,https://www.on3.com/db/chance-luper-19790/,portal_industry_football_2024
Mitch Jeter,K,South Carolina Gamecocks,Notre Dame Fighting Irish,Committed,0,3.0,80.0,2911.0,2.0,2020,2023-12-14T10:45:00,https://on3static.com/uploads/assets/100/257/257100.jpg,https://www.on3.com/db/mitch-jeter-144865/,portal_industry_football_2024
Dominic Zvada,K,Arkansas State Red Wolves,Michigan Wolverines,Committed,0,3.0,80.0,2912.0,3.0,2022,2024-04-24T11:13:00,https://on3static.com/uploads/assets/291/325/325291.png,https://www.on3.com/db/dominic-zvada-150509/,portal_industry_football_2024
Luca Rodarte,LS,Washington State Cougars,Nevada Wolf Pack,Committed,0,3.0,79.0,2913.0,4.0,2021,2023-12-30T09:28:00,https://on3static.com/uploads/assets/361/219/219361.png,https://www.on3.com/db/luca-rodarte-234202/,portal_industry_football_2024
Justin Duff,LS,UTEP Miners,,Entered,0,3.0,79.0,2914.0,6.0,2021,2023-11-26T12:44:00,https://on3static.com/uploads/assets/779/261/261779.jpeg,https://www.on3.com/db/justin-duff-239012/,portal_industry_football_2024
Mark Langston,LS,Georgia Southern Eagles,Indiana Hoosiers,Committed,0,3.0,79.0,2915.0,11.0,2019,2023-12-20T15:18:00,https://on3static.com/uploads/assets/822/270/270822.png,https://www.on3.com/db/mark-langston-239035/,portal_industry_football_2024
Xander Echols,LS,UAB Blazers,,Entered,0,3.0,79.0,2917.0,21.0,2021,2023-12-04T12:10:00,https://on3static.com/uploads/assets/782/89/89782.jpg,https://www.on3.com/db/xander-echols-121888/,portal_industry_football_2024
Alex McLaughlin,LS,Illinois Fighting Illini,Kentucky Wildcats,Committed,0,3.0,79.0,2918.0,15.0,2021,,https://on3static.com/uploads/assets/975/86/86975.jpg,https://www.on3.com/db/alex-mclaughlin-3200/,portal_industry_football_2024
Logan MacGregor,LS,New Mexico State Aggies,Alabama A&M Bulldogs,Committed,0,3.0,79.0,2919.0,23.0,2020,2024-01-10T10:46:00,https://on3static.com/uploads/assets/16/269/269016.png,https://www.on3.com/db/logan-macgregor-179838/,portal_industry_football_2024
Jenson Walker,LS,Southeast Missouri State Redhawks,North Texas Mean Green,Committed,0,3.0,79.0,2920.0,20.0,2020,2023-12-21T09:00:00,https://on3static.com/uploads/assets/860/269/269860.jpeg,https://www.on3.com/db/jenson-walker-59931/,portal_industry_football_2024
Pierson Parent,LS,Tulane Green Wave,Houston Cougars,Committed,0,3.0,79.0,2921.0,22.0,2023,,https://on3static.com/uploads/assets/702/271/271702.jpeg,https://www.on3.com/db/pierson-parent-159140/,portal_industry_football_2024
Liam Reardon,LS,Iowa Hawkeyes,Akron Zips,Committed,0,3.0,79.0,2922.0,18.0,2020,2024-05-01T10:49:00,https://on3static.com/uploads/assets/793/156/156793.jpg,https://www.on3.com/db/liam-reardon-161130/,portal_industry_football_2024
Payton Bunch,LS,Coastal Carolina Chanticleers,Virginia Cavaliers,Committed,0,3.0,79.0,2925.0,19.0,2019,,https://on3static.com/uploads/dev/assets/866/2/2866.jpg,https://www.on3.com/db/payton-bunch-95933/,portal_industry_football_2024
Justin Holloway,LS,Ohio Bobcats,,Entered,0,3.0,79.0,2926.0,3.0,0,2024-04-04T17:10:00,,https://www.on3.com/db/justin-holloway-160423/,portal_industry_football_2024
Cameron Warchuck,LS,Colorado Buffaloes,Washington Huskies,Committed,0,3.0,79.0,2927.0,27.0,2021,,https://on3static.com/uploads/assets/387/242/242387.jpeg,https://www.on3.com/db/cameron-warchuck-18162/,portal_industry_football_2024
Jack Bernstein,LS,Georgia State Panthers,UCF Knights,Committed,0,3.0,79.0,2928.0,12.0,0,2024-04-24T16:27:00,,https://www.on3.com/db/jack-bernstein-193576/,portal_industry_football_2024
Daniel Meunier,LS,USC Trojans,Texas State Bobcats,Committed,0,3.0,79.0,2929.0,28.0,2019,2024-05-30T11:49:00,https://on3static.com/uploads/assets/28/94/94028.png,https://www.on3.com/db/daniel-meunier-29349/,portal_industry_football_2024
Ray Gallagher,LS,Stony Brook Seawolves,,Entered,0,3.0,79.0,2930.0,29.0,0,2024-05-16T11:18:00,,https://www.on3.com/db/ray-gallagher-212616/,portal_industry_football_2024
Kameron Hawkins,LS,Arizona Wildcats,Colorado Buffaloes,Committed,0,3.0,79.0,2931.0,10.0,2020,2024-05-18T08:23:00,https://on3static.com/uploads/dev/assets/808/6/6808.jpg,https://www.on3.com/db/kameron-hawkins-71025/,portal_industry_football_2024
Jack Burgess,P,Weber State Wildcats,Texas Tech Red Raiders,Committed,0,3.0,80.0,2932.0,6.0,2022,2023-12-10T15:27:00,https://on3static.com/uploads/assets/974/266/266974.png,https://www.on3.com/db/jack-burgess-234341/,portal_industry_football_2024
Mateen Bhaghani,K,California Golden Bears,UCLA Bruins,Committed,0,3.0,80.0,2933.0,40.0,0,2023-12-19T14:09:00,https://on3static.com/uploads/assets/672/315/315672.png,https://www.on3.com/db/mateen-bhaghani-239596/,portal_industry_football_2024
Dylan Laible,QB,Missouri Tigers,,Entered,0,3.0,82.0,2934.0,185.0,0,2023-11-29T14:15:00,https://on3static.com/uploads/assets/928/222/222928.png,https://www.on3.com/db/dylan-laible-174280/,portal_industry_football_2024
Brycen Yarmo,TE,Akron Zips,,Entered,0,3.0,82.0,2935.0,148.0,2018,2023-11-29T15:02:00,https://on3static.com/uploads/assets/149/263/263149.png,https://www.on3.com/db/brycen-yarmo-15998/,portal_industry_football_2024
Jashawn Johnson,WR,Western Michigan Broncos,,Entered,0,3.0,82.0,2936.0,378.0,2022,2023-12-04T06:34:00,https://on3static.com/uploads/assets/602/264/264602.jpeg,https://www.on3.com/db/jashawn-johnson-146201/,portal_industry_football_2024
Trey Andersen,IOL,Pittsburgh Panthers,Utah State Aggies,Committed,0,3.0,82.0,2937.0,207.0,2019,2023-12-20T14:03:00,https://on3static.com/uploads/dev/assets/977/9/9977.jpg,https://www.on3.com/db/trey-andersen-115900/,portal_industry_football_2024
Trey Urwiler,WR,Northern Illinois Huskies,,Entered,0,3.0,82.0,2939.0,383.0,2021,2023-12-04T10:20:00,https://on3static.com/uploads/assets/706/264/264706.jpeg,https://www.on3.com/db/trey-urwiler-116275/,portal_industry_football_2024
Jaret Frantz,WR,Toledo Rockets,,Entered,0,3.0,82.0,2941.0,419.0,2021,2023-12-06T08:54:00,https://on3static.com/uploads/assets/448/265/265448.png,https://www.on3.com/db/jaret-frantz-56912/,portal_industry_football_2024
Cruz Rushing,S,Arizona Wildcats,Oregon Ducks,Committed,0,3.0,82.0,2942.0,275.0,2022,,https://on3static.com/uploads/assets/719/265/265719.jpeg,https://www.on3.com/db/cruz-rushing-147446/,portal_industry_football_2024
Javon Gantt,WR,Central Michigan Chippewas,,Entered,0,3.0,82.0,2943.0,418.0,2019,2023-12-12T11:50:00,https://on3static.com/uploads/assets/216/267/267216.png,https://www.on3.com/db/javon-gantt-58133/,portal_industry_football_2024
Nathan Ruble,LB,Northern Illinois Huskies,,Entered,0,3.0,82.0,2944.0,287.0,2022,2023-12-12T13:55:00,https://on3static.com/uploads/assets/284/267/267284.png,https://www.on3.com/db/nathan-ruble-150550/,portal_industry_football_2024
Josiah Jeffery,LB,Syracuse Orange,Anderson Trojans,Committed,0,3.0,82.0,2945.0,271.0,2023,,https://on3static.com/uploads/assets/344/267/267344.png,https://www.on3.com/db/josiah-jeffery-174970/,portal_industry_football_2024
Marlon Crockett,WR,Arkansas Razorbacks,,Entered,0,3.0,82.0,2946.0,375.0,2021,2023-12-26T10:45:00,https://on3static.com/uploads/assets/628/130/130628.jpeg,https://www.on3.com/db/marlon-crockett-83842/,portal_industry_football_2024
Hayden Neighbors,WR,Alabama Crimson Tide,Nicholls State Colonels,Committed,0,3.0,82.0,2947.0,428.0,2020,2024-05-17T22:52:00,https://on3static.com/uploads/assets/938/273/273938.jpeg,https://www.on3.com/db/hayden-neighbors-47821/,portal_industry_football_2024
Max Patterson,WR,Rutgers Scarlet Knights,Delaware Fightin' Blue Hens,Committed,0,3.0,82.0,2948.0,396.0,2021,2024-02-08T16:34:00,https://on3static.com/uploads/assets/156/16/16156.jpeg,https://www.on3.com/db/max-patterson-86700/,portal_industry_football_2024
Ryan Coe,K,North Carolina Tar Heels,California Golden Bears,Committed,0,3.0,80.0,2949.0,19.0,2019,2023-12-21T13:06:00,https://on3static.com/uploads/assets/330/132/132330.jpeg,https://www.on3.com/db/ryan-coe-149848/,portal_industry_football_2024
Caden Costa,K,Ole Miss Rebels,Memphis Tigers,Committed,0,3.0,80.0,2950.0,14.0,2021,2023-12-18T18:32:00,https://on3static.com/uploads/assets/726/15/15726.jpeg,https://www.on3.com/db/caden-costa-16705/,portal_industry_football_2024
Atticus Sappington,K,Oregon State Beavers,Oregon Ducks,Committed,0,3.0,80.0,2951.0,5.0,2021,2023-12-27T12:29:00,https://on3static.com/uploads/assets/480/225/225480.png,https://www.on3.com/db/atticus-sappington-237332/,portal_industry_football_2024
Chris Freeman,K,Indiana Hoosiers,Connecticut Huskies,Committed,0,3.0,80.0,2952.0,8.0,2020,2023-12-30T16:46:00,https://on3static.com/uploads/assets/534/469/469534.png,https://www.on3.com/db/chris-freeman-21735/,portal_industry_football_2024
Jacob Barnes,K,Louisiana Tech Bulldogs,Tulane Green Wave,Committed,0,3.0,80.0,2955.0,12.0,2019,,https://on3static.com/uploads/assets/585/263/263585.jpeg,https://www.on3.com/db/jacob-barnes-51785/,portal_industry_football_2024
Charlie Ham,K,Duke Blue Devils,Georgia Bulldogs,Committed,0,3.0,80.0,2956.0,13.0,2019,,https://on3static.com/uploads/dev/assets/37/11/11037.jpg,https://www.on3.com/db/charlie-ham-20435/,portal_industry_football_2024
Noe Ruelas,K,Connecticut Huskies,James Madison Dukes,Committed,0,3.0,80.0,2957.0,24.0,2020,,https://on3static.com/uploads/assets/695/564/564695.PNG,https://www.on3.com/db/noe-ruelas-180517/,portal_industry_football_2024
Parker Lewis,K,Ohio State Buckeyes,Arizona State Sun Devils,Committed,0,3.0,80.0,2958.0,28.0,2020,2024-01-06T09:02:00,https://on3static.com/uploads/assets/544/221/221544.jpeg,https://www.on3.com/db/parker-lewis-95046/,portal_industry_football_2024
Alex Bacchetta,P,Penn State Nittany Lions,Rice Owls,Committed,0,3.0,80.0,2959.0,21.0,2022,2023-12-20T16:58:00,https://on3static.com/uploads/assets/107/120/120107.png,https://www.on3.com/db/alex-bacchetta-2799/,portal_industry_football_2024
Seth Morgan,K,Memphis Tigers,Tulsa Golden Hurricane,Committed,0,3.0,80.0,2960.0,20.0,2020,2024-05-20T12:39:00,https://on3static.com/uploads/assets/100/214/214100.jpeg,https://www.on3.com/db/seth-morgan-106063/,portal_industry_football_2024
Adam Mihalek,K,Florida Gators,,Entered,0,3.0,80.0,2961.0,30.0,2021,2023-12-04T09:00:00,https://on3static.com/uploads/assets/801/93/93801.jpg,https://www.on3.com/db/adam-mihalek-1262/,portal_industry_football_2024
Rory Bell,K,Cincinnati Bearcats,,Entered,0,3.0,80.0,2962.0,31.0,2020,2023-12-04T12:29:00,https://on3static.com/uploads/assets/49/74/74049.jpeg,https://www.on3.com/db/rory-bell-102426/,portal_industry_football_2024
Matthew Shipley,K,Hawaii Rainbow Warriors,Arkansas Razorbacks,Committed,0,3.0,80.0,2963.0,7.0,2020,2023-12-17T14:06:00,https://on3static.com/uploads/assets/8/265/265008.png,https://www.on3.com/db/matthew-shipley-86227/,portal_industry_football_2024
Carson Allen,K,Mississippi State Bulldogs,,Entered,0,3.0,80.0,2964.0,35.0,2023,2023-12-04T17:16:00,https://on3static.com/uploads/assets/876/222/222876.png,https://www.on3.com/db/carson-allen-156259/,portal_industry_football_2024
Jared Zirkel,K,Georgia Bulldogs,Texas A&M Aggies,Committed,0,3.0,80.0,2965.0,23.0,2020,2023-12-31T21:13:00,https://on3static.com/uploads/dev/assets/662/2/2662.jpg,https://www.on3.com/db/jared-zirkel-56851/,portal_industry_football_2024
Danny King,K,West Virginia Mountaineers,Southern Utah Thunderbirds,Committed,0,3.0,80.0,2966.0,26.0,2020,2023-12-19T08:31:00,https://on3static.com/uploads/dev/assets/301/7/7301.jpg,https://www.on3.com/db/danny-king-29621/,portal_industry_football_2024
Chase Meyer,K,Tulsa Golden Hurricane,Penn State Nittany Lions,Committed,0,3.0,80.0,2967.0,4.0,2022,2023-12-17T14:00:00,https://on3static.com/uploads/assets/924/416/416924.png,https://www.on3.com/db/chase-meyer-147089/,portal_industry_football_2024
Tyler Keltner,K,Florida State Seminoles,Oklahoma Sooners,Committed,0,3.0,80.0,2968.0,6.0,2019,2024-01-03T10:01:00,https://on3static.com/uploads/assets/199/242/242199.jpeg,https://www.on3.com/db/tyler-keltner-117714/,portal_industry_football_2024
Joshua Sloan,P,UTEP Miners,Memphis Tigers,Committed,0,3.0,80.0,2969.0,2.0,2020,2023-12-17T17:01:00,https://on3static.com/uploads/assets/791/88/88791.jpg,https://www.on3.com/db/joshua-sloan-157765/,portal_industry_football_2024
Jonathon Batzke,P,Toledo Rockets,,Entered,0,3.0,80.0,2970.0,11.0,2021,2023-12-12T08:12:00,https://on3static.com/uploads/assets/123/267/267123.jpeg,https://www.on3.com/db/jonathon-batzke-65018/,portal_industry_football_2024
Joe McFadden,K,Connecticut Huskies,Nevada Wolf Pack,Committed,0,3.0,80.0,2971.0,25.0,2021,,https://on3static.com/uploads/assets/434/267/267434.png,https://www.on3.com/db/joe-mcfadden-62310/,portal_industry_football_2024
Sam Vander Haar,P,Pittsburgh Panthers,BYU Cougars,Committed,0,3.0,80.0,2972.0,15.0,2022,2023-12-20T12:02:00,https://on3static.com/uploads/assets/483/22/22483.jpeg,https://www.on3.com/db/sam-vander-haar-146135/,portal_industry_football_2024
Connor Stutz,P,Sacramento State Hornets,Connecticut Huskies,Committed,0,3.0,80.0,2973.0,23.0,2020,2023-12-20T12:32:00,https://on3static.com/uploads/assets/494/469/469494.png,https://www.on3.com/db/connor-stutz-239441/,portal_industry_football_2024
Orion Phillips,P,Murray State Racers,Missouri Tigers,Committed,0,3.0,80.0,2975.0,3.0,2023,,https://on3static.com/uploads/assets/111/404/404111.png,https://www.on3.com/db/orion-phillips-239535/,portal_industry_football_2024
Jesse Mirco,P,Ohio State Buckeyes,Vanderbilt Commodores,Committed,0,3.0,80.0,2976.0,4.0,2021,2024-01-03T13:39:00,https://on3static.com/uploads/assets/558/221/221558.jpeg,https://www.on3.com/db/jesse-mirco-61294/,portal_industry_football_2024
Riley Williams,P,Missouri Tigers,,Entered,0,3.0,80.0,2977.0,7.0,0,2023-12-30T20:51:00,https://on3static.com/uploads/assets/893/143/143893.png,https://www.on3.com/db/riley-williams-176024/,portal_industry_football_2024
Blake Ford,K,Arkansas Razorbacks,North Texas Mean Green,Committed,0,3.0,80.0,2978.0,37.0,2022,2023-11-06T08:23:00,https://on3static.com/uploads/assets/897/163/163897.jpg,https://www.on3.com/db/blake-ford-10841/,portal_industry_football_2024
Carson Voss,P,Western Michigan Broncos,Michigan State Spartans,Committed,0,3.0,80.0,2979.0,25.0,2021,2024-01-09T11:48:00,https://on3static.com/uploads/assets/110/266/266110.png,https://www.on3.com/db/carson-voss-164288/,portal_industry_football_2024
Zach Haynes,P,New Mexico State Aggies,Mississippi State Bulldogs,Committed,0,3.0,80.0,2980.0,14.0,0,2023-12-29T20:45:00,https://on3static.com/uploads/assets/799/272/272799.png,https://www.on3.com/db/zach-haynes-175467/,portal_industry_football_2024
David Chapeau,P,East Carolina Pirates,Central Michigan Chippewas,Committed,0,3.0,80.0,2981.0,31.0,2019,2023-12-14T16:26:00,https://on3static.com/uploads/assets/637/213/213637.jpeg,https://www.on3.com/db/david-chapeau-150465/,portal_industry_football_2024
Maddux Trujillo,K,Austin Peay Governors,Temple Owls,Committed,0,3.0,80.0,2982.0,15.0,0,2023-12-20T16:23:00,https://on3static.com/uploads/assets/211/276/276211.png,https://www.on3.com/db/maddux-trujillo-159513/,portal_industry_football_2024
Keelan Crimmins,P,Mississippi State Bulldogs,Purdue Boilermakers,Committed,0,3.0,80.0,2984.0,10.0,2023,2024-04-20T08:18:00,https://on3static.com/uploads/assets/478/343/343478.png,https://www.on3.com/db/keelan-crimmins-175310/,portal_industry_football_2024
Bryce McFerson,P,Notre Dame Fighting Irish,Maryland Terrapins,Committed,0,3.0,80.0,2985.0,12.0,2022,2024-05-01T10:48:00,https://on3static.com/uploads/assets/910/235/235910.jpeg,https://www.on3.com/db/bryce-mcferson-15851/,portal_industry_football_2024
Max Fletcher,P,Arkansas Razorbacks,Cincinnati Bearcats,Committed,0,3.0,80.0,2986.0,1.0,2022,2024-04-19T12:06:00,https://on3static.com/uploads/assets/257/72/72257.jpeg,https://www.on3.com/db/max-fletcher-147490/,portal_industry_football_2024
Jacob Zuhr,LS,Wake Forest Demon Deacons,Syracuse Orange,Committed,0,3.0,79.0,2987.0,9.0,2020,2024-04-03T17:28:00,https://on3static.com/uploads/dev/assets/528/9/9528.jpg,https://www.on3.com/db/jacob-zuhr-52319/,portal_industry_football_2024
Nilay Upadhyayula,LS,Connecticut Huskies,Pittsburgh Panthers,Committed,0,3.0,79.0,2988.0,16.0,2020,,https://on3static.com/uploads/assets/924/262/262924.jpeg,https://www.on3.com/db/nilay-upadhyayula-180523/,portal_industry_football_2024
Austin Riggs,LS,BYU Cougars,Rutgers Scarlet Knights,Committed,0,3.0,79.0,2989.0,17.0,2018,2024-01-07T09:34:00,https://on3static.com/uploads/dev/assets/105/3/3105.jpg,https://www.on3.com/db/austin-riggs-8659/,portal_industry_football_2024
Hank Pepper,LS,Michigan State Spartans,USC Trojans,Committed,0,3.0,79.0,2990.0,1.0,2021,2023-12-06T13:52:00,https://on3static.com/uploads/assets/176/235/235176.png,https://www.on3.com/db/hank-pepper-47441/,portal_industry_football_2024
Cayson Pfeiffer,LS,Cincinnati Bearcats,Wisconsin Badgers,Committed,0,3.0,79.0,2991.0,2.0,2019,2023-12-11T11:51:00,https://on3static.com/uploads/assets/875/266/266875.png,https://www.on3.com/db/cayson-pfeiffer-239228/,portal_industry_football_2024
Keane Bessert,LS,Wisconsin Badgers,Kansas State Wildcats,Committed,0,3.0,79.0,2992.0,24.0,2023,2023-12-20T13:45:00,https://on3static.com/uploads/assets/877/266/266877.png,https://www.on3.com/db/keane-bessert-156094/,portal_industry_football_2024
Kaden Schickel,LS,James Madison Dukes,Michigan State Spartans,Committed,0,3.0,79.0,2993.0,8.0,2021,2023-12-26T11:17:00,https://on3static.com/uploads/assets/570/273/273570.png,https://www.on3.com/db/kaden-schickel-197272/,portal_industry_football_2024
Byron Floyd,LS,Pittsburgh Panthers,Buffalo Bulls,Committed,0,3.0,79.0,2994.0,13.0,0,2023-12-10T14:24:00,https://on3static.com/uploads/assets/251/341/341251.png,https://www.on3.com/db/byron-floyd-164099/,portal_industry_football_2024
Dominic Sisneros,LS,Iowa State Cyclones,,Entered,0,3.0,79.0,2995.0,26.0,2021,2024-01-16T13:34:00,https://on3static.com/uploads/assets/881/225/225881.png,https://www.on3.com/db/dominic-sisneros-179074/,portal_industry_football_2024
Kyle Vaccarella,LS,Auburn Tigers,,Entered,0,3.0,79.0,2996.0,5.0,2021,2024-04-17T09:54:00,https://on3static.com/uploads/assets/636/15/15636.jpg,https://www.on3.com/db/kyle-vaccarella-77035/,portal_industry_football_2024
Tre Bradford,RB,LSU Tigers,North Texas Mean Green,Entered,0,0.0,,,,2020,2023-12-04T11:56:00,https://on3static.com/uploads/assets/659/18/18659.png,https://www.on3.com/db/tre-bradford-74614/,portal_industry_football_2024
Andre Seldon Jr.,CB,New Mexico State Aggies,TCU Horned Frogs,Committed,0,0.0,,,,2020,2024-01-13T12:19:00,https://on3static.com/uploads/dev/assets/905/6/6905.jpg,https://www.on3.com/db/andre-seldon-jr-4684/,portal_industry_football_2024
Kaden Johnson,LB,Wisconsin Badgers,Nevada Wolf Pack,Committed,0,0.0,,,,2020,2024-01-16T14:25:00,https://on3static.com/uploads/assets/377/18/18377.jpeg,https://www.on3.com/db/kaden-johnson-143640/,portal_industry_football_2024
Kendrick Blackshire,LB,Alabama Crimson Tide,Texas Longhorns,Committed,0,0.0,,,,2021,2024-01-16T18:26:00,https://on3static.com/uploads/assets/564/225/225564.jpeg,https://www.on3.com/db/kendrick-blackshire-72893/,portal_industry_football_2024
Taulia Tagovailoa,QB,Maryland Terrapins,,Entered,0,0.0,,,,2019,2024-01-05T12:59:00,https://on3static.com/uploads/dev/assets/430/6/6430.jpg,https://www.on3.com/db/taulia-tagovailoa-110451/,portal_industry_football_2024
Raymond Cottrell,WR,Texas A&M Aggies,Kentucky Wildcats,Committed,0,0.0,,,,2023,2023-12-09T09:29:00,https://on3static.com/uploads/assets/886/23/23886.jpeg,https://www.on3.com/db/raymond-cottrell-98978/,portal_industry_football_2024
Tony Mitchell,S,Alabama Crimson Tide,,Entered,0,0.0,,,,2023,2024-04-30T08:50:00,https://on3static.com/uploads/assets/696/225/225696.jpeg,https://www.on3.com/db/tony-mitchell-113925/,portal_industry_football_2024
Paki Finau,IOL,Oak Hills Bulldogs,,Entered,0,0.0,,,,2024,,https://on3static.com/uploads/assets/702/297/297702.png,https://www.on3.com/db/paki-finau-152262/,portal_industry_football_2024
Jason Harris,EDGE,Arizona Wildcats,Marshall Thundering Herd,Committed,0,0.0,,,,2020,2024-01-10T17:09:00,https://on3static.com/uploads/dev/assets/780/6/6780.jpg,https://www.on3.com/db/jason-harris-57585/,portal_industry_football_2024
Steven Parker,EDGE,Incarnate Word Cardinals,Texas State Bobcats,Committed,0,0.0,,,,2019,2024-01-17T11:38:00,https://on3static.com/uploads/dev/assets/902/8/8902.jpg,https://www.on3.com/db/steven-parker-109045/,portal_industry_football_2024
Isaiah Raikes,DL,Texas A&M Aggies,USC Trojans,Committed,0,0.0,,,,2020,2024-01-09T15:44:00,https://on3static.com/uploads/dev/assets/129/5/5129.jpg,https://www.on3.com/db/isaiah-raikes-49706/,portal_industry_football_2024
Goldie Lawrence,WR,Florida State Seminoles,UCF Knights,Committed,0,0.0,,,,2023,2024-01-08T17:02:00,https://on3static.com/uploads/assets/204/242/242204.jpeg,https://www.on3.com/db/goldie-lawrence-30769/,portal_industry_football_2024
Qae'shon Sapp,IOL,Florida State Seminoles,East Carolina Pirates,Committed,0,0.0,,,,2022,2024-01-04T13:45:00,https://on3static.com/uploads/assets/238/242/242238.jpeg,https://www.on3.com/db/qaeshon-sapp-97010/,portal_industry_football_2024
Amorion Walker,CB,Michigan Wolverines,Ole Miss Rebels,Committed,0,0.0,,,,2022,2024-01-17T14:45:00,https://on3static.com/uploads/assets/728/22/22728.jpg,https://www.on3.com/db/amorion-walker-4381/,portal_industry_football_2024
Zavier Carter,EDGE,UNLV Rebels,UCF Knights,Committed,0,0.0,,,,2021,2024-01-08T13:06:00,https://on3static.com/uploads/assets/75/396/396075.png,https://www.on3.com/db/zavier-carter-123634/,portal_industry_football_2024
Wesley Walker,S,Tennessee Volunteers,Louisville Cardinals,Committed,0,0.0,,,,2019,2024-01-08T12:31:00,https://on3static.com/uploads/assets/272/226/226272.jpeg,https://www.on3.com/db/wesley-walker-120505/,portal_industry_football_2024
Rodney Hill,RB,Florida State Seminoles,Florida A&M Rattlers,Committed,0,0.0,,,,2022,2023-12-22T15:11:00,https://on3static.com/uploads/assets/168/242/242168.jpeg,https://www.on3.com/db/rodney-hill-101717/,portal_industry_football_2024
Jordan Shaw,CB,Indiana Hoosiers,Arizona Wildcats,Committed,0,0.0,,,,2023,2023-12-11T18:20:00,https://on3static.com/uploads/assets/66/267/267066.png,https://www.on3.com/db/jordan-shaw-66007/,portal_industry_football_2024
Caleb Bryant,DL,Mississippi State Bulldogs,Southern Miss Golden Eagles,Committed,0,0.0,,,,2023,2024-05-04T11:27:00,https://on3static.com/uploads/assets/225/585/585225.jpg,https://www.on3.com/db/caleb-bryant-16908/,portal_industry_football_2024
Junior Uzebu,OT,Vanderbilt Commodores,USF Bulls,Committed,0,0.0,,,,2018,2024-01-10T11:13:00,https://on3static.com/uploads/assets/334/17/17334.jpeg,https://www.on3.com/db/junior-uzebu-68890/,portal_industry_football_2024
Jayden de Laura,QB,Arizona Wildcats,Texas State Bobcats,Committed,0,0.0,,,,2020,2024-01-15T15:45:00,https://on3static.com/uploads/dev/assets/217/3/3217.jpg,https://www.on3.com/db/jayden-de-laura-58637/,portal_industry_football_2024
AJ Tisdell,CB,Wisconsin Badgers,,Entered,0,0.0,,,,2023,2024-04-26T14:48:00,https://on3static.com/uploads/assets/485/304/304485.png,https://www.on3.com/db/aj-tisdell-148571/,portal_industry_football_2024
Brandon Campbell,RB,Houston Cougars,,Entered,0,0.0,,,,2021,2024-04-10T14:20:00,https://on3static.com/uploads/assets/641/89/89641.jpeg,https://www.on3.com/db/brandon-campbell-12290/,portal_industry_football_2024
Chamon Metayer,TE,Cincinnati Bearcats,Colorado Buffaloes,Committed,0,0.0,,,,2021,2023-12-10T18:00:00,https://on3static.com/uploads/assets/675/472/472675.jpg,https://www.on3.com/db/chamon-metayer-19727/,portal_industry_football_2024
C.J. Nelson,WR,Houston Cougars,,Entered,0,0.0,,,,2022,2024-04-17T14:50:00,https://on3static.com/uploads/assets/629/94/94629.jpeg,https://www.on3.com/db/cj-nelson-23642/,portal_industry_football_2024
Mani Powell,LB,Arkansas Razorbacks,UNLV Rebels,Committed,0,0.0,,,,2022,2024-01-13T13:16:00,https://on3static.com/uploads/assets/857/407/407857.png,https://www.on3.com/db/mani-powell-82151/,portal_industry_football_2024
Latrell Jean,EDGE,Florida Atlantic Owls,Temple Owls,Committed,0,0.0,,,,2019,2024-05-14T12:14:00,https://on3static.com/uploads/assets/559/75/75559.jpg,https://www.on3.com/db/latrell-jean-142904/,portal_industry_football_2024
Jordan Yates,RB,Sam Houston State Bearkats,,Entered,0,0.0,,,,2019,2023-11-30T09:42:00,https://on3static.com/uploads/dev/assets/902/10/10902.jpg,https://www.on3.com/db/jordan-yates-66260/,portal_industry_football_2024
Jayden McDonald,LB,Troy Trojans,Indiana Hoosiers,Committed,0,0.0,,,,2018,2024-01-05T16:19:00,https://on3static.com/uploads/assets/19/17/17019.jpeg,https://www.on3.com/db/jayden-mcdonald-58672/,portal_industry_football_2024
Tiumalu Afalava,DL,California Golden Bears,San Diego State Aztecs,Committed,0,0.0,,,,2023,2024-08-01T15:07:00,https://on3static.com/uploads/assets/243/314/314243.png,https://www.on3.com/db/tiumalu-afalava-151169/,portal_industry_football_2024
Decamerion Richardson,CB,Mississippi State Bulldogs,,Entered,0,0.0,,,,2020,2023-12-13T10:57:00,https://on3static.com/uploads/dev/assets/37/3/3037.jpg,https://www.on3.com/db/decamerion-richardson-33193/,portal_industry_football_2024
Trey Smith,EDGE,Illinois Fighting Illini,Purdue Boilermakers,Committed,0,0.0,,,,2023,2024-05-14T16:03:00,https://on3static.com/uploads/assets/890/343/343890.png,https://www.on3.com/db/trey-smith-17394/,portal_industry_football_2024
Tyler Jeffries,IOL,Indiana Hoosiers,,Entered,0,0.0,,,,2023,2024-04-20T13:08:00,https://on3static.com/uploads/assets/893/59/59893.jpg,https://www.on3.com/db/tyler-jeffries-146522/,portal_industry_football_2024
Bruno Fina,OT,UCLA Bruins,Duke Blue Devils,Committed,0,0.0,,,,2020,2024-05-13T14:55:00,https://on3static.com/uploads/dev/assets/453/5/5453.jpg,https://www.on3.com/db/bruno-fina-15364/,portal_industry_football_2024
Will Shaffer,LB,Arizona State Sun Devils,Utah State Aggies,Committed,0,0.0,,,,2020,2023-12-13T15:46:00,https://on3static.com/uploads/dev/assets/896/6/6896.jpg,https://www.on3.com/db/will-shaffer-121037/,portal_industry_football_2024
Zion Turner,QB,Connecticut Huskies,Jacksonville State Gamecocks,Committed,0,0.0,,,,2022,2024-01-17T22:10:00,https://on3static.com/uploads/assets/26/15/15026.jpeg,https://www.on3.com/db/zion-turner-123876/,portal_industry_football_2024
O'Mega Blake,WR,South Carolina Gamecocks,East Carolina Pirates,Committed,0,0.0,,,,2021,2023-12-19T08:34:00,https://on3static.com/uploads/assets/95/257/257095.jpg,https://www.on3.com/db/omega-blake-94084/,portal_industry_football_2024
Savion Riley,S,Vanderbilt Commodores,Miami Hurricanes,Committed,0,0.0,,,,2022,2023-12-16T17:00:00,https://on3static.com/uploads/assets/374/39/39374.jpeg,https://www.on3.com/db/savion-riley-146048/,portal_industry_football_2024
Donny Stephens,LB,Oklahoma State Cowboys,Bowling Green Falcons,Committed,0,0.0,,,,2021,,https://on3static.com/uploads/assets/881/15/15881.jpeg,https://www.on3.com/db/donny-stephens-38255/,portal_industry_football_2024
Dakerric Hobbs,CB,Sam Houston State Bearkats,New Mexico State Aggies,Committed,0,0.0,,,,2020,,,https://www.on3.com/db/dakerric-hobbs-28024/,portal_industry_football_2024
Jashon Watkins,CB,Tennessee State Tigers,Massachusetts Minutemen,Committed,0,0.0,,,,2019,2024-01-08T12:05:00,https://on3static.com/uploads/assets/673/35/35673.jpeg,https://www.on3.com/db/jashon-watkins-57365/,portal_industry_football_2024
Sinn Brennan,EDGE,San Diego State Aztecs,Ohio Bobcats,Committed,0,0.0,,,,2023,2024-06-02T12:57:00,,https://www.on3.com/db/sinn-brennan-107557/,portal_industry_football_2024
Charles Yates,CB,Old Dominion Monarchs,Liberty Flames,Committed,0,0.0,,,,0,2024-04-27T12:54:00,https://on3static.com/uploads/assets/988/276/276988.png,https://www.on3.com/db/charles-yates-175586/,portal_industry_football_2024
Zavier Short,WR,South Carolina Gamecocks,Appalachian State Mountaineers,Committed,0,0.0,,,,2022,2024-01-06T13:26:00,https://on3static.com/uploads/assets/28/257/257028.jpg,https://www.on3.com/db/zavier-short-123638/,portal_industry_football_2024
Demarcus Lacey,WR,North Alabama Lions,Jacksonville State Gamecocks,Committed,0,0.0,,,,2022,2024-02-07T15:29:00,,https://www.on3.com/db/demarcus-lacey-33722/,portal_industry_football_2024
Aidan Bitter,WR,Iowa State Cyclones,,Entered,0,0.0,,,,2020,2024-04-04T09:43:00,https://on3static.com/uploads/dev/assets/243/9/9243.jpg,https://www.on3.com/db/aidan-bitter-1978/,portal_industry_football_2024
Joseph Walker Jr.,WR,Eastern Michigan Eagles,,Entered,0,0.0,,,,2023,2024-04-19T13:00:00,https://on3static.com/uploads/assets/554/137/137554.jpg,https://www.on3.com/db/joseph-walker-jr-151372/,portal_industry_football_2024
Stevie Rocker,RB,Arizona Wildcats,Montana Grizzlies,Committed,0,0.0,,,,2021,2024-01-15T14:26:00,https://on3static.com/uploads/dev/assets/802/6/6802.jpg,https://www.on3.com/db/stevie-rocker-109142/,portal_industry_football_2024
Patrick Smith-Young,S,North Texas Mean Green,Old Dominion Monarchs,Committed,0,0.0,,,,2022,2023-12-25T14:10:00,https://on3static.com/uploads/assets/285/216/216285.png,https://www.on3.com/db/patrick-smith-young-95570/,portal_industry_football_2024
Brayden Schager,QB,Hawaii Rainbow Warriors,,Entered,0,0.0,,,,2021,2023-12-06T16:03:00,https://on3static.com/uploads/assets/674/265/265674.png,https://www.on3.com/db/brayden-schager-13564/,portal_industry_football_2024
Raylen Sharpe,,Missouri State University Bears,Fresno State Bulldogs,Committed,0,0.0,,,,2020,2024-05-01T13:11:00,https://on3static.com/uploads/dev/assets/479/8/8479.jpg,https://www.on3.com/db/raylen-sharpe-98944/,portal_industry_football_2024
Ryan Smith,LB,Duke Blue Devils,,Entered,0,0.0,,,,2020,2023-12-22T07:22:00,https://on3static.com/uploads/assets/233/16/16233.jpeg,https://www.on3.com/db/ryan-smith-103744/,portal_industry_football_2024
Trent Henry,CB,Grambling State Tigers,Troy Trojans,Committed,0,0.0,,,,2022,2024-01-13T14:57:00,,https://www.on3.com/db/trent-henry-115285/,portal_industry_football_2024
Ethan Barr,LB,Vanderbilt Commodores,UCF Knights,Committed,0,0.0,,,,2020,,https://on3static.com/uploads/dev/assets/747/5/5747.jpg,https://www.on3.com/db/ethan-barr-42864/,portal_industry_football_2024
Dariyan Wiley,WR,Louisiana-Monroe Warhawks,Nevada Wolf Pack,Committed,0,0.0,,,,2019,2024-01-08T11:43:00,https://on3static.com/uploads/assets/658/262/262658.png,https://www.on3.com/db/dariyan-wiley-30479/,portal_industry_football_2024
Jase Bauer,QB,Central Michigan Chippewas,Sam Houston State Bearkats,Committed,0,0.0,,,,2021,2023-12-16T17:45:00,https://on3static.com/uploads/assets/376/389/389376.jpg,https://www.on3.com/db/jase-bauer-57320/,portal_industry_football_2024
Jacoby Windmon,LB,Michigan State Spartans,,Entered,0,0.0,,,,2019,2023-12-11T07:54:00,https://on3static.com/uploads/assets/72/235/235072.png,https://www.on3.com/db/jacoby-windmon-52397/,portal_industry_football_2024
Chedon James,WR,Idaho State Bengals,Fresno State Bulldogs,Committed,0,0.0,,,,2022,2024-04-30T11:42:00,https://on3static.com/uploads/assets/544/567/567544.png,https://www.on3.com/db/chedon-james-147922/,portal_industry_football_2024
Tyren Mason,WR,Western Michigan Broncos,,Entered,0,0.0,,,,2021,2023-11-30T11:04:00,,https://www.on3.com/db/tyren-mason-118619/,portal_industry_football_2024
Ta'ron Keith,RB,Bowling Green Falcons,Western Kentucky Hilltoppers,Committed,0,0.0,,,,2020,2024-01-08T12:19:00,https://on3static.com/uploads/assets/384/76/76384.jpeg,https://www.on3.com/db/taron-keith-110350/,portal_industry_football_2024
Tom Ellard,P,Western Kentucky Hilltoppers,,Entered,0,0.0,,,,2022,2023-12-04T14:11:00,https://on3static.com/uploads/assets/376/88/88376.jpg,https://www.on3.com/db/tom-ellard-113404/,portal_industry_football_2024
Zyell Griffin,WR,UNLV Rebels,Eastern Michigan Eagles,Committed,0,0.0,,,,2020,2024-04-30T14:11:00,https://on3static.com/uploads/assets/15/177/177015.png,https://www.on3.com/db/zyell-griffin-123932/,portal_industry_football_2024
Marcus Miller,IOL,UNLV Rebels,Middle Tennessee State Blue Raiders,Committed,0,0.0,,,,2020,,https://on3static.com/uploads/assets/66/177/177066.png,https://www.on3.com/db/marcus-miller-82871/,portal_industry_football_2024
Derrick Graham,OT,Troy Trojans,Texas A&M Aggies,Committed,0,0.0,,,,2020,2024-01-07T15:23:00,https://on3static.com/uploads/assets/298/273/273298.png,https://www.on3.com/db/derrick-graham-35081/,portal_industry_football_2024
Jackson Manning,TE,Massachusetts Minutemen,Kennesaw State Owls,Committed,0,0.0,,,,2020,2024-05-22T15:36:00,,https://www.on3.com/db/jackson-manning-51621/,portal_industry_football_2024
Mark Davis,CB,Southern Illinois Salukis,Vanderbilt Commodores,Committed,0,0.0,,,,2019,2024-04-25T14:08:00,https://on3static.com/uploads/assets/450/315/315450.png,https://www.on3.com/db/mark-davis-83365/,portal_industry_football_2024
John McConnell,P,Marshall Thundering Herd,,Entered,0,0.0,,,,2021,2023-12-20T12:51:00,,https://www.on3.com/db/john-mcconnell-63413/,portal_industry_football_2024
Richard Kinley II,EDGE,Middle Tennessee State Blue Raiders,Memphis Tigers,Committed,0,0.0,,,,2019,2023-12-20T08:41:00,https://on3static.com/uploads/assets/489/262/262489.png,https://www.on3.com/db/richard-kinley-ii-99974/,portal_industry_football_2024
Jack Barton,EDGE,Furman Paladins,Georgia Tech Yellow Jackets,Committed,0,0.0,,,,2019,2023-12-20T09:24:00,https://on3static.com/uploads/assets/963/266/266963.png,https://www.on3.com/db/jack-barton-50950/,portal_industry_football_2024
Ja'Corey Benjamin,CB,Texas Southern Tigers,Bowling Green Falcons,Committed,0,0.0,,,,2019,2023-12-30T13:55:00,,https://www.on3.com/db/jacorey-benjamin-50598/,portal_industry_football_2024
Austin Hill,WR,Ball State Cardinals,,Entered,0,0.0,,,,2020,2023-12-04T11:34:00,,https://www.on3.com/db/austin-hill-8459/,portal_industry_football_2024
Julian Richardson,LB,Akron Zips,,Entered,0,0.0,,,,2019,2023-10-30T11:07:00,,https://www.on3.com/db/julian-richardson-68662/,portal_industry_football_2024
Kanious Vaughn,EDGE,UTEP Miners,Utah Utes,Committed,0,0.0,,,,2022,2024-02-07T14:51:00,https://on3static.com/uploads/assets/263/262/262263.png,https://www.on3.com/db/kanious-vaughn-177280/,portal_industry_football_2024
Dwayne Moorehead,WR,Ball State Cardinals,,Entered,0,0.0,,,,2021,2023-11-28T10:15:00,,https://www.on3.com/db/dwayne-moorehead-39643/,portal_industry_football_2024
Reuben Unije,OT,Houston Cougars,Louisville Cardinals,Committed,0,0.0,,,,2018,2024-01-06T11:23:00,https://on3static.com/uploads/assets/890/17/17890.jpeg,https://www.on3.com/db/reuben-unije-99702/,portal_industry_football_2024
Alex Howard,LB,Youngstown State Penguins,Texas A&M Aggies,Committed,0,0.0,,,,2019,2023-12-16T13:21:00,https://on3static.com/uploads/assets/194/265/265194.png,https://www.on3.com/db/alex-howard-143713/,portal_industry_football_2024
Keenan Landry,DL,Florida Gators,Louisiana Tech Bulldogs,Committed,0,0.0,,,,2021,2023-12-16T17:15:00,https://on3static.com/uploads/assets/428/265/265428.png,https://www.on3.com/db/keenan-landry-71865/,portal_industry_football_2024
Will Norman,DL,Florida Gators,,Entered,0,0.0,,,,2023,2023-12-07T11:08:00,https://on3static.com/uploads/assets/125/240/240125.png,https://www.on3.com/db/will-norman-120953/,portal_industry_football_2024
John Lee Eldridge,RB,Air Force Falcons,,Entered,0,0.0,,,,2019,2023-12-07T15:34:00,https://on3static.com/uploads/assets/933/265/265933.png,https://www.on3.com/db/john-lee-eldridge-63137/,portal_industry_football_2024
Macklin Ayers,LB,Dartmouth Big Green,Massachusetts Minutemen,Committed,0,0.0,,,,2020,2024-01-19T13:36:00,https://on3static.com/uploads/assets/244/267/267244.png,https://www.on3.com/db/macklin-ayers-81221/,portal_industry_football_2024
Hunter Hopperton,TE,Rhode Island Rams,Kent State Golden Flashes,Committed,0,0.0,,,,2022,2023-12-05T15:38:00,https://on3static.com/uploads/assets/954/275/275954.png,https://www.on3.com/db/hunter-hopperton-48493/,portal_industry_football_2024
Ise Matautia,IOL,New Mexico Lobos,Arizona State Sun Devils,Committed,0,0.0,,,,2021,2023-12-17T13:11:00,https://on3static.com/uploads/assets/954/178/178954.png,https://www.on3.com/db/ise-matautia-106365/,portal_industry_football_2024
Jaden Smith,WR,Eastern Kentucky Colonels,UTEP Miners,Committed,0,0.0,,,,2021,2023-12-17T19:44:00,https://on3static.com/uploads/assets/147/276/276147.png,https://www.on3.com/db/jaden-smith-52701/,portal_industry_football_2024
Ashanti Cole,OT,Grambling State Tigers,Louisiana Tech Bulldogs,Committed,0,0.0,,,,2022,,https://on3static.com/uploads/assets/537/270/270537.png,https://www.on3.com/db/ashanti-cole-194341/,portal_industry_football_2024
Jordan Mahoney,CB,Massachusetts Minutemen,Arkansas State Red Wolves,Committed,0,0.0,,,,2021,2023-12-25T11:35:00,https://on3static.com/uploads/assets/749/270/270749.png,https://www.on3.com/db/jordan-mahoney-65694/,portal_industry_football_2024
Dijon Jennings,QB,Akron Zips,,Entered,0,0.0,,,,2022,2023-12-04T08:47:00,,https://www.on3.com/db/dijon-jennings-144556/,portal_industry_football_2024
Melvin Priestly,IOL,Grambling State Tigers,Illinois Fighting Illini,Committed,0,0.0,,,,2022,2024-01-12T14:24:00,https://on3static.com/uploads/assets/532/282/282532.jpeg,https://www.on3.com/db/melvin-priestly-87035/,portal_industry_football_2024
Chase Soper,QB,Wofford Terriers,,Entered,0,0.0,,,,2020,2023-12-06T09:51:00,,https://www.on3.com/db/chase-soper-20836/,portal_industry_football_2024
Eni Falayi,TE,Massachusetts Minutemen,Utah Tech Trailblazers,Committed,0,0.0,,,,2021,,https://on3static.com/uploads/assets/231/446/446231.png,https://www.on3.com/db/eni-falayi-41881/,portal_industry_football_2024
Qway McCoy,LB,Louisiana-Monroe Warhawks,,Entered,0,0.0,,,,2023,2023-12-04T10:09:00,,https://www.on3.com/db/qway-mccoy-177240/,portal_industry_football_2024
C.J. Brown,S,Northern Illinois Huskies,Bowling Green Falcons,Committed,0,0.0,,,,2020,2023-12-27T10:38:00,https://on3static.com/uploads/assets/220/428/428220.png,https://www.on3.com/db/cj-brown-16376/,portal_industry_football_2024
Eric O'Neill,EDGE,Long Island,James Madison Dukes,Committed,468618,0.0,,,,2021,2024-01-05T13:56:00,https://on3static.com/uploads/assets/739/464/464739.png,https://www.on3.com/db/eric-oneill-42304/,portal_industry_football_2024
Devonte' Mathews,CB,Nicholls State Colonels,Western Kentucky Hilltoppers,Committed,0,0.0,,,,2019,2023-12-23T14:29:00,https://on3static.com/uploads/assets/864/340/340864.png,https://www.on3.com/db/devonte-mathews-36628/,portal_industry_football_2024
Amipeleasi Langi Jr,DL,Houston Cougars,Texas State Bobcats,Committed,0,0.0,,,,2018,2024-05-28T14:33:00,,https://www.on3.com/db/amipeleasi-langi-jr-245038/,portal_industry_football_2024
Devonta Davis,DL,Jackson State Tigers,Florida Atlantic Owls,Committed,0,0.0,,,,2019,2024-05-03T12:51:00,https://on3static.com/uploads/assets/449/309/309449.png,https://www.on3.com/db/devonta-davis-158579/,portal_industry_football_2024
Cole Maynard,P,North Carolina Tar Heels,Western Kentucky Hilltoppers,Committed,0,0.0,,,,2021,,https://on3static.com/uploads/assets/446/263/263446.png,https://www.on3.com/db/cole-maynard-161383/,portal_industry_football_2024
Shaun Dolac,LB,Buffalo Bulls,Utah State Aggies,Committed,0,0.0,,,,2019,2024-02-07T10:14:00,https://on3static.com/uploads/assets/919/364/364919.jpg,https://www.on3.com/db/shaun-dolac-106759/,portal_industry_football_2024
Riley Tolsma,LB,Hillsdale College Chargers,Ball State Cardinals,Committed,0,0.0,,,,2020,2023-12-20T16:44:00,https://on3static.com/uploads/assets/867/264/264867.png,https://www.on3.com/db/riley-tolsma-100581/,portal_industry_football_2024
Anthony Johnson,DL,Youngstown State Penguins,Illinois Fighting Illini,Committed,0,0.0,,,,2020,2023-12-15T12:24:00,https://on3static.com/uploads/assets/473/265/265473.png,https://www.on3.com/db/anthony-johnson-239134/,portal_industry_football_2024
Gunnar Gundy,QB,Oklahoma State Cowboys,Ohio Bobcats,Committed,0,0.0,,,,2020,2024-01-05T16:45:00,https://on3static.com/uploads/dev/assets/858/7/7858.jpg,https://www.on3.com/db/gunnar-gundy-47204/,portal_industry_football_2024
Edward Rhambo,CB,Northern Arizona Lumberjacks,Bowling Green Falcons,Committed,0,0.0,,,,0,2023-12-27T15:09:00,https://on3static.com/uploads/assets/190/391/391190.png,https://www.on3.com/db/edward-rhambo-206367/,portal_industry_football_2024
Leon Franklin,RB,Michigan Wolverines,,Entered,0,0.0,,,,2020,2023-12-20T15:15:00,https://on3static.com/uploads/assets/747/269/269747.png,https://www.on3.com/db/leon-franklin-161160/,portal_industry_football_2024
Kory Chapman,S,Austin Peay Governors,UTEP Miners,Committed,0,0.0,,,,2020,2023-12-19T19:00:00,https://on3static.com/uploads/assets/137/276/276137.png,https://www.on3.com/db/kory-chapman-159469/,portal_industry_football_2024
Trey Goodman,WR,Austin Peay Governors,UTEP Miners,Committed,0,0.0,,,,2021,2023-12-19T18:28:00,https://on3static.com/uploads/assets/782/154/154782.png,https://www.on3.com/db/trey-goodman-159476/,portal_industry_football_2024
Blake Thompson,S,Iowa State Cyclones,Louisiana Tech Bulldogs,Committed,0,0.0,,,,2021,2024-01-08T17:13:00,https://on3static.com/uploads/assets/864/225/225864.png,https://www.on3.com/db/blake-thompson-11052/,portal_industry_football_2024
Ryan Leavy,P,Furman Paladins,Duke Blue Devils,Committed,0,0.0,,,,0,,https://on3static.com/uploads/assets/80/390/390080.png,https://www.on3.com/db/ryan-leavy-239580/,portal_industry_football_2024
Joshua Donald,DL,Southern University Jaguars,Troy Trojans,Committed,0,0.0,,,,2021,2024-01-12T14:53:00,https://on3static.com/uploads/assets/121/390/390121.png,https://www.on3.com/db/joshua-donald-240791/,portal_industry_football_2024
Jabril White,CB,Cincinnati Bearcats,New Mexico State Aggies,Committed,0,0.0,,,,0,2024-05-20T10:31:00,https://on3static.com/uploads/assets/366/226/226366.png,https://www.on3.com/db/jabril-white-236061/,portal_industry_football_2024
Darrian Bell,LB,Louisville Cardinals,,Entered,0,0.0,,,,2020,2023-12-29T09:18:00,,https://www.on3.com/db/darrian-bell-242056/,portal_industry_football_2024
William Bressi,OT,Southwest Baptist Bearcats,,Entered,0,0.0,,,,2022,2023-11-15T09:21:00,,https://www.on3.com/db/william-bressi-242057/,portal_industry_football_2024
Thomas Buxton,OT,Stonehill College Skyhawks,,Entered,0,0.0,,,,2020,2023-11-27T09:47:00,,https://www.on3.com/db/thomas-buxton-242058/,portal_industry_football_2024
Tedros Gleaton,QB,Navy Midshipmen,,Entered,0,0.0,,,,2021,2023-12-04T10:03:00,,https://www.on3.com/db/tedros-gleaton-242059/,portal_industry_football_2024
Jackson Desilva,WR,NC State Wolfpack,,Entered,0,0.0,,,,0,2023-12-30T10:55:00,https://on3static.com/uploads/assets/609/225/225609.png,https://www.on3.com/db/jackson-desilva-163544/,portal_industry_football_2024
Treymon Echols,WR,Kent State Golden Flashes,,Entered,0,0.0,,,,0,2023-12-04T11:05:00,,https://www.on3.com/db/treymon-echols-177250/,portal_industry_football_2024
Justin Wood,LS,Miami Hurricanes,,Entered,0,0.0,,,,2023,2024-04-16T11:11:00,,https://www.on3.com/db/justin-wood-242073/,portal_industry_football_2024
Luke Shields,WR,Virginia Tech Hokies,,Entered,0,0.0,,,,2022,2023-12-05T11:15:00,,https://www.on3.com/db/luke-shields-242075/,portal_industry_football_2024
Reece Thomas,WR,Kansas Jayhawks,,Entered,0,0.0,,,,2020,2023-12-04T11:50:00,,https://www.on3.com/db/reece-thomas-223967/,portal_industry_football_2024
Zach Long,K,Troy Trojans,Bowling Green Falcons,Committed,0,0.0,,,,2021,,,https://www.on3.com/db/zach-long-242081/,portal_industry_football_2024
Nick Lopez,K,Louisville Cardinals,San Diego State Aztecs,Committed,0,0.0,,,,2019,2024-01-01T13:55:00,,https://www.on3.com/db/nick-lopez-242082/,portal_industry_football_2024
James Fineran,LS,Pittsburgh Panthers,,Entered,0,0.0,,,,0,2023-12-21T12:52:00,,https://www.on3.com/db/james-fineran-164098/,portal_industry_football_2024
Julian Ashby,LS,Furman Paladins,Vanderbilt Commodores,Committed,0,0.0,,,,2020,,https://on3static.com/uploads/assets/309/332/332309.png,https://www.on3.com/db/julian-ashby-242083/,portal_industry_football_2024
Jack Sauder,K,Bowling Green Falcons,,Entered,0,0.0,,,,2020,2023-12-05T12:59:00,,https://www.on3.com/db/jack-sauder-242084/,portal_industry_football_2024
Luka Zurak,P,Butler Bulldogs,,Entered,0,0.0,,,,2019,2023-11-28T13:03:00,,https://www.on3.com/db/luka-zurak-242085/,portal_industry_football_2024
Tyler Rieger,LS,Akron Zips,,Entered,0,0.0,,,,2021,2023-11-29T13:05:00,,https://www.on3.com/db/tyler-rieger-242086/,portal_industry_football_2024
Drew Clausen,LS,Northern Iowa Panthers,Iowa State Cyclones,Committed,0,0.0,,,,0,,https://on3static.com/uploads/assets/890/579/579890.jpg,https://www.on3.com/db/drew-clausen-227180/,portal_industry_football_2024
Ethan Gettman,K,Bryant University Bulldogs,,Entered,0,0.0,,,,2020,2023-11-24T14:19:00,,https://www.on3.com/db/ethan-gettman-242089/,portal_industry_football_2024
Aidan Davenport,LS,Bucknell Bison,Oklahoma State Cowboys,Committed,0,0.0,,,,2020,,,https://www.on3.com/db/aidan-davenport-184384/,portal_industry_football_2024
Deco Wilson,S,Florida A&M Rattlers,,Entered,0,0.0,,,,0,2024-04-26T12:24:00,,https://www.on3.com/db/deco-wilson-242216/,portal_industry_football_2024
Khari Crump,CB,Michigan State Spartans,,Entered,0,0.0,,,,0,2024-05-01T22:49:00,,https://www.on3.com/db/khari-crump-160227/,portal_industry_football_2024
Donte Thompson,CB,Arkansas State Red Wolves,Texas State Bobcats,Committed,0,0.0,,,,2020,,https://on3static.com/uploads/assets/493/446/446493.png,https://www.on3.com/db/donte-thompson-175648/,portal_industry_football_2024
AJ Abbasi,DL,West Virginia State Yellow Jackets,James Madison Dukes,Committed,0,0.0,,,,2017,2024-02-07T10:32:00,,https://www.on3.com/db/aj-abbasi-242670/,portal_industry_football_2024
Blake Leake,LB,Bucknell Bison,Ohio Bobcats,Committed,0,0.0,,,,0,2023-12-23T11:06:00,,https://www.on3.com/db/blake-leake-184600/,portal_industry_football_2024
Lucas Banks,DL,Mississippi Valley State Delta Devils,Arkansas State Red Wolves,Committed,0,0.0,,,,2021,2024-01-07T11:38:00,,https://www.on3.com/db/lucas-banks-242680/,portal_industry_football_2024
Ben McNaboe,DL,North Dakota Fighting Hawks,Ohio Bobcats,Committed,0,0.0,,,,2019,2024-01-01T11:54:00,,https://www.on3.com/db/ben-mcnaboe-9880/,portal_industry_football_2024
Dustin Johnson,S,Northern Colorado Bears,Ohio Bobcats,Committed,0,0.0,,,,0,2024-01-04T11:56:00,,https://www.on3.com/db/dustin-johnson-227005/,portal_industry_football_2024
Da'Quarise Brown,IOL,Newberry Wolves,Georgia State Panthers,Committed,0,0.0,,,,2023,2024-02-07T12:01:00,,https://www.on3.com/db/daquarise-brown-242681/,portal_industry_football_2024
Trez Moore,CB,UTEP Miners,Texas State Bobcats,Committed,0,0.0,,,,2020,2023-12-20T12:11:00,,https://www.on3.com/db/trez-moore-242682/,portal_industry_football_2024
Antoineo Harris Jr.,EDGE,Indiana State Sycamores,New Mexico Lobos,Committed,0,0.0,,,,2020,2023-12-18T13:30:00,https://on3static.com/uploads/assets/531/469/469531.png,https://www.on3.com/db/antoineo-harris-jr-242690/,portal_industry_football_2024
Ibrahim Diawara,EDGE,Shippensburg University,Coastal Carolina Chanticleers,Committed,0,0.0,,,,0,2024-02-07T13:34:00,https://on3static.com/uploads/assets/496/340/340496.png,https://www.on3.com/db/ibrahim-diawara-238990/,portal_industry_football_2024
Angelo Rankin Jr.,CB,Richmond Spiders,Old Dominion Monarchs,Committed,0,0.0,,,,0,2023-12-13T13:48:00,,https://www.on3.com/db/angelo-rankin-jr-229270/,portal_industry_football_2024
Kam Snell,QB,Gannon University Golden Knights,Jacksonville State Gamecocks,Committed,0,0.0,,,,2019,2024-01-22T13:51:00,,https://www.on3.com/db/kam-snell-242692/,portal_industry_football_2024
Amieh Williams,EDGE,Angelo State Rams,Tulsa Golden Hurricane,Committed,0,0.0,,,,2019,2023-12-13T13:53:00,,https://www.on3.com/db/amieh-williams-242693/,portal_industry_football_2024
Brennen Bailey,CB,West Liberty Hilltoppers,Massachusetts Minutemen,Committed,0,0.0,,,,2023,2024-01-14T13:59:00,,https://www.on3.com/db/brennen-bailey-242694/,portal_industry_football_2024
Jayden Flaker,LB,North Carolina Central Eagles,Memphis Tigers,Committed,0,0.0,,,,2022,2023-12-15T15:06:00,https://on3static.com/uploads/assets/299/483/483299.png,https://www.on3.com/db/jayden-flaker-204964/,portal_industry_football_2024
Eddie Walls,EDGE,Bethune-Cookman Wildcats,FIU Golden Panthers,Committed,0,0.0,,,,2023,2023-12-20T15:16:00,https://on3static.com/uploads/assets/216/444/444216.png,https://www.on3.com/db/eddie-walls-183014/,portal_industry_football_2024
Dalesean Staley,S,Northern Iowa Panthers,San Diego State Aztecs,Committed,0,0.0,,,,0,2024-01-07T13:09:00,https://on3static.com/uploads/assets/807/578/578807.png,https://www.on3.com/db/dalesean-staley-227416/,portal_industry_football_2024
Marquez Beason,CB,Alabama A&M Bulldogs,,Entered,0,,,,,2019,2024-04-23T08:50:00,https://on3static.com/uploads/dev/assets/38/6/6038.jpg,https://www.on3.com/db/marquez-beason-84041/,portal_industry_football_2024
Dontae Lucas,IOL,South Alabama Jaguars,Southern Miss Golden Eagles,Committed,0,,,,,2019,2024-05-01T14:04:00,https://on3static.com/uploads/dev/assets/107/11/11107.jpg,https://www.on3.com/db/dontae-lucas-38328/,portal_industry_football_2024
Marcus Bradley,DL,Massachusetts Minutemen,Arkansas State Red Wolves,Committed,0,,,,,2021,2024-05-31T14:00:00,https://on3static.com/uploads/assets/788/15/15788.jpeg,https://www.on3.com/db/marcus-bradley-82510/,portal_industry_football_2024
Jamil Burroughs,DL,Miami Hurricanes,,Entered,0,,,,,2020,2024-01-25T16:08:00,https://on3static.com/uploads/assets/581/15/15581.jpeg,https://www.on3.com/db/jamil-burroughs-56204/,portal_industry_football_2024
Ja'Maric Morris,S,UCF Knights,Georgia State Panthers,Committed,0,,,,,2021,,https://on3static.com/uploads/assets/531/338/338531.png,https://www.on3.com/db/jamaric-morris-158962/,portal_industry_football_2024
Ben Roberts,DL,Oregon Ducks,Michigan State Spartans,Committed,0,,,,,2022,2024-05-15T20:46:00,https://on3static.com/uploads/assets/922/93/93922.jpeg,https://www.on3.com/db/ben-roberts-9970/,portal_industry_football_2024
Jonathan Denis,IOL,Miami Hurricanes,,Entered,0,,,,,2020,2024-04-29T16:07:00,https://on3static.com/uploads/assets/453/222/222453.jpg,https://www.on3.com/db/jonathan-denis-64617/,portal_industry_football_2024
Nyquee Hawkins,S,Virginia Tech Hokies,Sam Houston State Bearkats,Committed,0,,,,,2019,,https://on3static.com/uploads/dev/assets/555/9/9555.jpg,https://www.on3.com/db/nyquee-hawkins-94058/,portal_industry_football_2024
Kaydin Pope,WR,New Mexico Lobos,,Entered,0,,,,,2022,2024-04-24T09:08:00,https://on3static.com/uploads/assets/995/25/25995.jpg,https://www.on3.com/db/kaydin-pope-71535/,portal_industry_football_2024
Mathias Malaki-Donaldson,LB,Oregon State Beavers,,Entered,0,,,,,2022,2024-04-29T09:38:00,https://on3static.com/uploads/assets/95/22/22095.jpeg,https://www.on3.com/db/mathias-malaki-donaldson-85009/,portal_industry_football_2024
Jahvante Royal,CB,Pittsburgh Panthers,New Mexico Lobos,Committed,0,,,,,2020,2024-06-05T12:24:00,https://on3static.com/uploads/dev/assets/911/9/9911.jpg,https://www.on3.com/db/jahvante-royal-53068/,portal_industry_football_2024
Jalynn Williams,WR,Western Carolina Catamounts,,Entered,0,,,,,2018,2024-04-23T08:16:00,https://on3static.com/uploads/assets/62/310/310062.png,https://www.on3.com/db/jalynn-williams-54719/,portal_industry_football_2024
Myles Farmer,S,Syracuse Orange,Appalachian State Mountaineers,Committed,0,,,,,2019,2024-01-08T14:18:00,https://on3static.com/uploads/dev/assets/199/7/7199.jpg,https://www.on3.com/db/myles-farmer-90683/,portal_industry_football_2024
Tommy McIntosh,WR,Wisconsin Badgers,Central Michigan Chippewas,Committed,0,,,,,2022,2024-07-04T13:41:00,https://on3static.com/uploads/assets/479/304/304479.png,https://www.on3.com/db/tommy-mcintosh-113642/,portal_industry_football_2024
T.J. Harvison,RB,Pittsburgh Panthers,,Entered,0,,,,,2023,2023-12-04T10:03:00,https://on3static.com/uploads/assets/314/47/47314.jpeg,https://www.on3.com/db/tj-harvison-109485/,portal_industry_football_2024
Terian Williams II,S,Stanford Cardinal,Bucknell Bison,Committed,0,,,,,2022,,https://on3static.com/uploads/assets/609/267/267609.jpg,https://www.on3.com/db/terian-williams-ii-111262/,portal_industry_football_2024
DeShawn Lynch,EDGE,Sacramento State Hornets,Washington Huskies,Committed,0,,,,,2020,2024-05-10T10:38:00,,https://www.on3.com/db/deshawn-lynch-35406/,portal_industry_football_2024
Kamryn Farrar,LB,SMU Mustangs,,Entered,0,,,,,2019,2023-12-08T09:36:00,https://on3static.com/uploads/assets/39/84/84039.jpeg,https://www.on3.com/db/kamryn-farrar-71125/,portal_industry_football_2024
Velton Gardner,RB,SMU Mustangs,Texas Longhorns,Committed,0,,,,,2019,2024-08-21T15:12:00,https://on3static.com/uploads/assets/160/219/219160.jpg,https://www.on3.com/db/velton-gardner-119385/,portal_industry_football_2024
Jamari Brown,CB,Mississippi State Bulldogs,,Entered,0,,,,,2018,2023-12-13T23:58:00,https://on3static.com/uploads/assets/189/168/168189.png,https://www.on3.com/db/jamari-brown-55110/,portal_industry_football_2024
Dorian Jones,LB,Cincinnati Bearcats,Virginia Cavaliers,Committed,0,,,,,2019,,https://on3static.com/uploads/dev/assets/765/10/10765.jpg,https://www.on3.com/db/dorian-jones-142751/,portal_industry_football_2024
Adonis Forrest,S,Eastern Illinois Panthers,Colorado Buffaloes,Committed,0,,,,,2018,,https://on3static.com/uploads/assets/372/304/304372.png,https://www.on3.com/db/adonis-forrest-1564/,portal_industry_football_2024
Micah Woods,WR,Buffalo Bulls,South Alabama Jaguars,Committed,0,,,,,2022,2024-05-19T12:06:00,,https://www.on3.com/db/micah-woods-175415/,portal_industry_football_2024
Jalen Hampton,RB,Elon Phoenix,Western Kentucky Hilltoppers,Committed,0,,,,,2020,,https://on3static.com/uploads/dev/assets/570/9/9570.jpg,https://www.on3.com/db/jalen-hampton-54304/,portal_industry_football_2024
Jay Ducker,RB,Memphis Tigers,,Entered,0,,,,,2020,2024-04-16T11:15:00,https://on3static.com/uploads/assets/636/35/35636.jpeg,https://www.on3.com/db/jay-ducker-61480/,portal_industry_football_2024
Dupre Mendoza,DL,Fresno State Bulldogs,,Entered,0,,,,,2022,2024-08-03T08:10:00,,https://www.on3.com/db/dupre-mendoza-175417/,portal_industry_football_2024
Qualon Farrar,RB,North Texas Mean Green,,Entered,0,,,,,2022,2024-04-29T09:22:00,https://on3static.com/uploads/assets/118/26/26118.png,https://www.on3.com/db/qualon-farrar-97076/,portal_industry_football_2024
Xavier Morrow,LB,Jacksonville State Gamecocks,,Entered,0,,,,,2020,2024-01-02T09:23:00,,https://www.on3.com/db/xavier-morrow-122100/,portal_industry_football_2024
Davon Martin,CB,Arkansas State Red Wolves,,Entered,0,,,,,2020,2024-04-23T08:56:00,https://on3static.com/uploads/assets/750/35/35750.jpeg,https://www.on3.com/db/davon-martin-32450/,portal_industry_football_2024
Carson Black,QB,Charlotte 49ers,,Entered,0,,,,,2023,2024-04-23T08:31:00,https://on3static.com/uploads/assets/59/211/211059.jpeg,https://www.on3.com/db/carson-black-18716/,portal_industry_football_2024
Rodeo Graham,RB,Southeastern Louisiana Lions,,Entered,0,,,,,2022,2023-12-05T09:57:00,https://on3static.com/uploads/assets/269/269/269269.jpeg,https://www.on3.com/db/rodeo-graham-35080/,portal_industry_football_2024
Ender Aguilar,OT,California Golden Bears,Tulsa Golden Hurricane,Committed,0,,,,,2020,2024-06-01T16:08:00,https://on3static.com/uploads/dev/assets/748/6/6748.jpg,https://www.on3.com/db/ender-aguilar-41875/,portal_industry_football_2024
Jaden Bradley,WR,Charlotte 49ers,UNLV Rebels,Committed,0,4.0,90.0,,48.0,2021,2024-05-29T10:31:00,https://on3static.com/uploads/assets/372/16/16372.jpeg,https://www.on3.com/db/jaden-bradley-52575/,portal_industry_football_2024
Mondrell Dean,,Miami (OH) RedHawks,,Entered,0,,,,,2023,,https://on3static.com/uploads/assets/68/217/217068.png,https://www.on3.com/db/mondrell-dean-147461/,portal_industry_football_2024
Jayden Jones,EDGE,SMU Mustangs,Arkansas State Red Wolves,Committed,0,,,,,2021,2024-04-27T15:03:00,https://on3static.com/uploads/assets/175/219/219175.jpg,https://www.on3.com/db/jayden-jones-145177/,portal_industry_football_2024
Austin Roon,LB,Syracuse Orange,,Entered,0,,,,,2021,2025-01-13T09:57:00,https://on3static.com/uploads/assets/391/16/16391.jpeg,https://www.on3.com/db/austin-roon-8672/,portal_industry_football_2024
Brandon Hayes,WR,Southern Miss Golden Eagles,,Entered,0,,,,,2020,2024-01-11T09:30:00,https://on3static.com/uploads/assets/980/75/75980.jpeg,https://www.on3.com/db/brandon-hayes-12601/,portal_industry_football_2024
Chance Coleman,LB,FIU Golden Panthers,,Entered,0,,,,,2020,2024-08-19T09:29:00,https://on3static.com/uploads/assets/275/76/76275.jpeg,https://www.on3.com/db/chance-coleman-19761/,portal_industry_football_2024
Orion Peters,WR,Washington State Cougars,Idaho Vandals,Committed,0,,,,,2021,2024-01-05T09:57:00,https://on3static.com/uploads/assets/629/16/16629.jpeg,https://www.on3.com/db/orion-peters-94557/,portal_industry_football_2024
Devin Riles,QB,Middle Tennessee State Blue Raiders,Georgia State Panthers,Committed,0,,,,,2022,,https://on3static.com/uploads/assets/519/338/338519.png,https://www.on3.com/db/devin-riles-36186/,portal_industry_football_2024
Baraka Beckett,IOL,Campbell Fighting Camels,New Mexico Lobos,Committed,0,,,,,2018,2024-01-11T12:54:00,https://on3static.com/uploads/dev/assets/451/5/5451.jpg,https://www.on3.com/db/baraka-beckett-9292/,portal_industry_football_2024
Zy Brockington,DL,Memphis Tigers,Akron Zips,Committed,0,,,,,2021,2024-06-03T11:34:00,https://on3static.com/uploads/assets/959/213/213959.jpeg,https://www.on3.com/db/zy-brockington-123924/,portal_industry_football_2024
Mike Franklin,RB,UTEP Miners,Jacksonville State Gamecocks,Committed,0,,,,,2019,,,https://www.on3.com/db/mike-franklin-88957/,portal_industry_football_2024
Jake Steele,IOL,San Jose State Spartans,Boise State Broncos,Committed,0,,,,,2022,2024-04-21T14:54:00,https://on3static.com/uploads/assets/354/177/177354.png,https://www.on3.com/db/jake-steele-53874/,portal_industry_football_2024
Chase Atkinson,CB,Coastal Carolina Chanticleers,,Entered,0,,,,,2020,2024-04-23T08:28:00,https://on3static.com/uploads/assets/814/9/9814.jpg,https://www.on3.com/db/chase-atkinson-20573/,portal_industry_football_2024
Reise Collier,LB,UAB Blazers,Ohio Bobcats,Committed,0,,,,,2020,,https://on3static.com/uploads/assets/650/89/89650.jpg,https://www.on3.com/db/reise-collier-99578/,portal_industry_football_2024
Artis Cole,WR,Fresno State Bulldogs,Louisiana-Monroe Warhawks,Committed,0,,,,,2021,2024-06-13T12:28:00,https://on3static.com/uploads/assets/157/445/445157.png,https://www.on3.com/db/artis-cole-176190/,portal_industry_football_2024
Chauncey Carter,CB,Wyoming Cowboys,,Entered,0,,,,,2023,2024-04-29T09:25:00,https://on3static.com/uploads/assets/106/312/312106.png,https://www.on3.com/db/chauncey-carter-175396/,portal_industry_football_2024
D'Marea Weaver,CB,Sam Houston State Bearkats,,Entered,0,,,,,2023,2024-04-23T08:19:00,https://on3static.com/uploads/assets/65/310/310065.jpeg,https://www.on3.com/db/dmarea-weaver-158575/,portal_industry_football_2024
Yaser Alawadi,OT,Western Illinois Leathernecks,Ball State Cardinals,Committed,0,,,,,2022,2023-12-17T16:46:00,https://on3static.com/uploads/assets/956/275/275956.png,https://www.on3.com/db/yaser-alawadi-122324/,portal_industry_football_2024
Kaden Kelly,S,Sam Houston State Bearkats,,Entered,0,,,,,2023,2024-04-23T08:22:00,https://on3static.com/uploads/assets/66/310/310066.jpeg,https://www.on3.com/db/kaden-kelly-156716/,portal_industry_football_2024
Bryson Harrison,QB,Georgia State Panthers,East Carolina Pirates,Committed,0,,,,,2023,,https://on3static.com/uploads/assets/674/173/173674.png,https://www.on3.com/db/bryson-harrison-156911/,portal_industry_football_2024
Micah Mariteragi,IOL,Hawaii Rainbow Warriors,,Entered,0,,,,,2018,2025-04-16T15:26:00,https://on3static.com/uploads/assets/879/17/17879.jpeg,https://www.on3.com/db/micah-mariteragi-87183/,portal_industry_football_2024
Keynan Higgins,WR,San Jose State Spartans,Colorado State Rams,Committed,0,,,,,2023,,,https://www.on3.com/db/keynan-higgins-74656/,portal_industry_football_2024
Errol Rogers,WR,Liberty Flames,,Entered,0,,,,,2020,2024-01-06T12:53:00,https://on3static.com/uploads/assets/920/138/138920.jpeg,https://www.on3.com/db/errol-rogers-42794/,portal_industry_football_2024
Tre Watson,TE,Fresno State Bulldogs,Washington Huskies,Committed,0,,,,,2021,2023-12-24T13:04:00,https://on3static.com/uploads/assets/73/269/269073.png,https://www.on3.com/db/tre-watson-115072/,portal_industry_football_2024
Michael Lantz,K,Georgia Southern Eagles,USC Trojans,Committed,0,,,,,2019,2024-04-29T11:46:00,https://on3static.com/uploads/dev/assets/61/7/7061.jpg,https://www.on3.com/db/michael-lantz-87912/,portal_industry_football_2024
Jayshaun Coffman,DL,Marshall Thundering Herd,Central Michigan Chippewas,Committed,0,,,,,2019,2024-07-05T13:47:00,,https://www.on3.com/db/jayshaun-coffman-59214/,portal_industry_football_2024
Dean Clark,CB,Fresno State Bulldogs,,Entered,0,,,,,2019,,https://on3static.com/uploads/assets/617/335/335617.png,https://www.on3.com/db/dean-clark-32895/,portal_industry_football_2024
Dylan Kedzior,RB,Buffalo Bulls,,Entered,0,,,,,2021,2024-04-21T08:49:00,,https://www.on3.com/db/dylan-kedzior-174407/,portal_industry_football_2024
Teivis Tuioti,IOL,Colorado State Rams,San Diego State Aztecs,Committed,0,,,,,2020,2024-06-27T15:27:00,https://on3static.com/uploads/assets/177/340/340177.jpg,https://www.on3.com/db/teivis-tuioti-111134/,portal_industry_football_2024
Caron Robinson,RB,Buffalo Bulls,,Entered,0,,,,,2020,2024-04-29T09:06:00,https://on3static.com/uploads/assets/242/179/179242.png,https://www.on3.com/db/caron-robinson-18672/,portal_industry_football_2024
Reginald Ellis,CB,Tulsa Golden Hurricane,,Entered,0,,,,,2019,2024-04-26T10:51:00,https://on3static.com/uploads/assets/654/310/310654.png,https://www.on3.com/db/reginald-ellis-99476/,portal_industry_football_2024
Viczaril Alobwede,DL,North Texas Mean Green,Memphis Tigers,Committed,0,,,,,2020,2024-06-01T10:00:00,https://on3static.com/uploads/assets/70/185/185070.png,https://www.on3.com/db/viczaril-alobwede-119600/,portal_industry_football_2024
Rashie Hodge,LB,Western Kentucky Hilltoppers,,Entered,0,,,,,2017,2024-06-19T13:42:00,https://on3static.com/uploads/assets/367/23/23367.jpeg,https://www.on3.com/db/rashie-hodge-98717/,portal_industry_football_2024
Durrell Johnson,EDGE,Charlotte 49ers,,Entered,0,,,,,2018,2023-12-04T07:19:00,https://on3static.com/uploads/assets/675/73/73675.jpg,https://www.on3.com/db/durrell-johnson-145045/,portal_industry_football_2024
CK Carter,OT,Georgia Southern Eagles,UTEP Miners,Committed,0,,,,,2020,2024-04-26T13:57:00,https://on3static.com/uploads/assets/376/390/390376.png,https://www.on3.com/db/ck-carter-158143/,portal_industry_football_2024
Jalen Morrison,QB,Duquesne Dukes,,Entered,0,,,,,2023,2024-04-23T08:49:00,https://on3static.com/uploads/assets/75/310/310075.png,https://www.on3.com/db/jalen-morrison-54418/,portal_industry_football_2024
Connor Cmiel,WR,Ohio State Buckeyes,Coastal Carolina Chanticleers,Committed,0,,,,,2020,,https://on3static.com/uploads/assets/934/250/250934.jpeg,https://www.on3.com/db/connor-cmiel-25513/,portal_industry_football_2024
Tyson Schilling,WR,Mississippi State Bulldogs,,Entered,0,,,,,0,2023-11-15T11:13:00,https://on3static.com/uploads/assets/878/256/256878.jpeg,https://www.on3.com/db/tyson-schilling-236685/,portal_industry_football_2024
Marquez Taylor,RB,Austin Peay Governors,UTEP Miners,Committed,0,,,,,2023,2023-12-18T18:38:00,https://on3static.com/uploads/assets/140/276/276140.png,https://www.on3.com/db/marquez-taylor-146614/,portal_industry_football_2024
Theodore Jackson,,Troy Trojans,,Entered,0,,,,,2020,,https://on3static.com/uploads/assets/587/273/273587.png,https://www.on3.com/db/theodore-jackson-144835/,portal_industry_football_2024
Mason Woods,LB,Towson Tigers,Kent State Golden Flashes,Committed,0,,,,,2021,2024-01-05T22:19:00,https://on3static.com/uploads/assets/952/275/275952.png,https://www.on3.com/db/mason-woods-84933/,portal_industry_football_2024
Austin Harnetiaux,LB,Washington Huskies,Nevada Wolf Pack,Committed,0,,,,,2022,2024-01-18T12:32:00,https://on3static.com/uploads/assets/297/219/219297.png,https://www.on3.com/db/austin-harnetiaux-8426/,portal_industry_football_2024
Gavin Rupp,QB,Rutgers Scarlet Knights,,Entered,0,,,,,2021,2023-09-14T09:31:00,https://on3static.com/uploads/assets/588/176/176588.jpeg,https://www.on3.com/db/gavin-rupp-45446/,portal_industry_football_2024
Hayden Erickson,TE,Utah Utes,,Entered,0,,,,,2018,2023-12-04T09:41:00,https://on3static.com/uploads/dev/assets/586/4/4586.jpg,https://www.on3.com/db/hayden-erickson-47773/,portal_industry_football_2024
Beau Gardner,LS,UCLA Bruins,Georgia Bulldogs,Committed,0,,,,,2020,,https://on3static.com/uploads/dev/assets/389/5/5389.jpg,https://www.on3.com/db/beau-gardner-9510/,portal_industry_football_2024
Nasir Pogue,S,Missouri Tigers,,Entered,0,,,,,2022,,https://on3static.com/uploads/assets/538/595/595538.png,https://www.on3.com/db/nasir-pogue-91070/,portal_industry_football_2024
Antonio Robinson,WR,Marshall Thundering Herd,,Entered,0,,,,,2021,2024-04-21T08:47:00,,https://www.on3.com/db/antonio-robinson-7070/,portal_industry_football_2024
Dillion Allen,EDGE,Purdue Boilermakers,,Entered,0,,,,,2023,2024-04-21T08:50:00,,https://www.on3.com/db/dillion-allen-158817/,portal_industry_football_2024
Kenneth Jiles,EDGE,San Diego State Aztecs,,Entered,0,,,,,0,2024-04-22T08:26:00,https://on3static.com/uploads/assets/794/309/309794.jpeg,https://www.on3.com/db/kenneth-jiles-177271/,portal_industry_football_2024
Jay Barry Jr.,WR,FIU Golden Panthers,,Entered,0,,,,,2021,2024-04-29T08:54:00,https://on3static.com/uploads/assets/88/312/312088.png,https://www.on3.com/db/jay-barry-jr-58383/,portal_industry_football_2024
Jace Wilson,QB,Furman Paladins,,Entered,0,,,,,2021,2024-01-15T11:29:00,https://on3static.com/uploads/assets/814/329/329814.png,https://www.on3.com/db/jace-wilson-50922/,portal_industry_football_2024
Keion Battle,WR,Illinois Fighting Illini,Western Illinois Leathernecks,Committed,0,,,,,2020,2024-05-13T14:33:00,https://on3static.com/uploads/assets/394/176/176394.jpeg,https://www.on3.com/db/keion-battle-71961/,portal_industry_football_2024
Adam Damante,QB,Northern Arizona Lumberjacks,Arizona Wildcats,Committed,0,,,,,2023,2024-05-28T09:30:00,https://on3static.com/uploads/assets/218/428/428218.png,https://www.on3.com/db/adam-damante-156101/,portal_industry_football_2024
Luke Popma,IOL,Georgetown Hoyas,James Madison Dukes,Committed,0,,,,,2020,,https://on3static.com/uploads/assets/363/338/338363.png,https://www.on3.com/db/luke-popma-80841/,portal_industry_football_2024
Nicholas Scalise,OT,UTEP Miners,UNLV Rebels,Committed,0,,,,,2020,2024-05-13T11:26:00,,https://www.on3.com/db/nicholas-scalise-92192/,portal_industry_football_2024
JeCareon Lathan,CB,Old Dominion Monarchs,Texas State Bobcats,Committed,0,,,,,2020,,https://on3static.com/uploads/assets/137/26/26137.png,https://www.on3.com/db/jecareon-lathan-149935/,portal_industry_football_2024
Terreance Ellis,LB,Alcorn State Braves,Western Kentucky Hilltoppers,Committed,0,,,,,2020,,https://on3static.com/uploads/assets/857/340/340857.png,https://www.on3.com/db/terreance-ellis-111459/,portal_industry_football_2024
Donald Lee,CB,Grambling State Tigers,UAB Blazers,Committed,0,,,,,2021,2024-05-10T15:05:00,,https://www.on3.com/db/donald-lee-37897/,portal_industry_football_2024
Denver Warren,DL,New Mexico State Aggies,Sam Houston State Bearkats,Committed,0,,,,,2020,2024-05-14T11:04:00,https://on3static.com/uploads/assets/453/76/76453.jpeg,https://www.on3.com/db/denver-warren-34288/,portal_industry_football_2024
Jalen Macon,QB,Arkansas-Pine Bluff Golden Lions,Northern Illinois Huskies,Committed,0,,,,,2021,2024-02-08T13:54:00,,https://www.on3.com/db/jalen-macon-54368/,portal_industry_football_2024
Cameron Watts,CB,Texas Tech Red Raiders,New Mexico Lobos,Committed,0,,,,,2019,2024-05-05T12:11:00,https://on3static.com/uploads/assets/429/18/18429.jpeg,https://www.on3.com/db/cameron-watts-18167/,portal_industry_football_2024
Bryce Bernard,LS,USF Bulls,Georgia Southern Eagles,Committed,0,,,,,2020,,https://on3static.com/uploads/assets/248/216/216248.jpeg,https://www.on3.com/db/bryce-bernard-161499/,portal_industry_football_2024
Cooper Jones,RB,Utah State Aggies,Boise State Broncos,Committed,0,,,,,0,2024-07-01T10:41:00,https://on3static.com/uploads/assets/768/267/267768.png,https://www.on3.com/db/cooper-jones-179342/,portal_industry_football_2024
Amari Ward,OT,Jackson State Tigers,Colorado Buffaloes,Committed,0,,,,,2022,2023-12-05T00:08:00,https://on3static.com/uploads/assets/113/193/193113.jpeg,https://www.on3.com/db/amari-ward-180510/,portal_industry_football_2024
CJ Kiss,TE,Notre Dame College Falcons,Western Kentucky Hilltoppers,Committed,0,,,,,2019,2023-12-11T21:00:00,https://on3static.com/uploads/assets/523/253/253523.jpeg,https://www.on3.com/db/cj-kiss-23624/,portal_industry_football_2024
Donte Lee,WR,Shaw University,Liberty Flames,Committed,0,,,,,2022,2024-01-06T09:24:00,https://on3static.com/uploads/assets/469/260/260469.png,https://www.on3.com/db/donte-lee-238994/,portal_industry_football_2024
Niles King,EDGE,Grand Valley State Lakers,,Entered,0,,,,,2021,2023-12-12T13:11:00,,https://www.on3.com/db/niles-king-93450/,portal_industry_football_2024
Connor Briggs,TE,Southeastern Louisiana Lions,Miami (OH) RedHawks,Committed,0,,,,,0,2024-01-14T14:46:00,,https://www.on3.com/db/connor-briggs-210757/,portal_industry_football_2024
Jake Ligos,IOL,Pennsylvania Quakers,,Entered,0,,,,,0,2023-12-04T10:41:00,https://on3static.com/uploads/assets/255/269/269255.png,https://www.on3.com/db/jake-ligos-239415/,portal_industry_football_2024
Ben Shellenback,OT,Tusculum University Pioneers,FIU Golden Panthers,Committed,0,,,,,2019,2023-12-17T16:47:00,https://on3static.com/uploads/assets/129/276/276129.png,https://www.on3.com/db/ben-shellenback-239483/,portal_industry_football_2024
Nazeviah Burris,WR,Stetson Hatters,FIU Golden Panthers,Committed,0,,,,,2020,2023-12-17T16:49:00,https://on3static.com/uploads/assets/126/276/276126.png,https://www.on3.com/db/nazeviah-burris-239484/,portal_industry_football_2024
Kenny Odom,WR,Austin Peay Governors,UTEP Miners,Committed,0,,,,,2022,2023-12-19T17:57:00,https://on3static.com/uploads/assets/142/276/276142.png,https://www.on3.com/db/kenny-odom-182121/,portal_industry_football_2024
Ashton Nickelberry,WR,Austin Peay Governors,UTEP Miners,Committed,0,,,,,2020,2023-12-20T07:00:00,https://on3static.com/uploads/assets/139/276/276139.png,https://www.on3.com/db/ashton-nickelberry-7911/,portal_industry_football_2024
Kam Thomas,WR,Austin Peay Governors,UTEP Miners,Committed,0,,,,,2021,2023-12-20T12:00:00,,https://www.on3.com/db/kam-thomas-163456/,portal_industry_football_2024
Brennan Smith,IOL,Austin Peay Governors,UTEP Miners,Committed,0,,,,,2021,2023-12-19T20:50:00,https://on3static.com/uploads/assets/387/443/443387.png,https://www.on3.com/db/brennan-smith-13880/,portal_industry_football_2024
Jayden Brown,WR,Gardner-Webb Runnin' Bulldogs,Connecticut Huskies,Committed,0,,,,,2021,2023-12-21T22:31:00,,https://www.on3.com/db/jayden-brown-58615/,portal_industry_football_2024
Tyler Wigglesworth,LS,Northern Arizona Lumberjacks,Arizona State Sun Devils,Committed,0,,,,,2022,2023-11-27T13:57:00,https://on3static.com/uploads/assets/362/472/472362.jpg,https://www.on3.com/db/tyler-wigglesworth-206416/,portal_industry_football_2024
Jayden Perry,LS,Indiana State Sycamores,Cincinnati Bearcats,Committed,0,,,,,0,2023-12-05T13:59:00,https://on3static.com/uploads/assets/638/304/304638.png,https://www.on3.com/db/jayden-perry-239546/,portal_industry_football_2024
Jireh Ojata,EDGE,Franklin College Grizzlies,Purdue Boilermakers,Committed,0,,,,,2020,2023-12-28T13:45:00,https://on3static.com/uploads/assets/883/343/343883.png,https://www.on3.com/db/jireh-ojata-239560/,portal_industry_football_2024
Jared White,P,Montana State Bobcats,,Entered,0,,,,,0,2024-01-15T12:40:00,,https://www.on3.com/db/jared-white-203348/,portal_industry_football_2024
Jayden George,QB,Miami Hurricanes,Florida Atlantic Owls,Committed,0,,,,,2019,,https://on3static.com/uploads/assets/962/276/276962.png,https://www.on3.com/db/jayden-george-58647/,portal_industry_football_2024
Wardy Joubert,WR,Luther College,,Entered,0,,,,,0,2024-01-16T11:46:00,,https://www.on3.com/db/wardy-joubert-239733/,portal_industry_football_2024
Dorian Royal,DL,Maine Black Bears,Georgia State Panthers,Committed,0,,,,,2021,,https://on3static.com/uploads/assets/518/338/338518.png,https://www.on3.com/db/dorian-royal-241383/,portal_industry_football_2024
Garrison Walker,DL,Auburn Tigers,New Mexico Lobos,Committed,0,,,,,2021,2024-06-06T13:46:00,https://on3static.com/uploads/assets/671/303/303671.png,https://www.on3.com/db/garrison-walker-182020/,portal_industry_football_2024
Christopher Fitzgerald,DL,Youngstown State Penguins,James Madison Dukes,Committed,0,,,,,0,,https://on3static.com/uploads/assets/373/338/338373.png,https://www.on3.com/db/christopher-fitzgerald-241888/,portal_industry_football_2024
Ashton Messick,TE,Troy Trojans,,Entered,0,,,,,0,2024-04-16T11:29:00,,https://www.on3.com/db/ashton-messick-241966/,portal_industry_football_2024
Mark Young,TE,Central Michigan Chippewas,,Entered,0,,,,,0,2024-04-18T17:11:00,,https://www.on3.com/db/mark-young-242035/,portal_industry_football_2024
Davion Westmoreland,EDGE,Kansas Jayhawks,Florida A&M Rattlers,Committed,0,,,,,2020,2024-05-30T10:39:00,https://on3static.com/uploads/assets/788/165/165788.png,https://www.on3.com/db/davion-westmoreland-32335/,portal_industry_football_2024
Jamal McMurrin,CB,Missouri State University Bears,,Entered,0,,,,,2019,2024-04-23T08:26:00,https://on3static.com/uploads/dev/assets/379/3/3379.jpg,https://www.on3.com/db/jamal-mcmurrin-54899/,portal_industry_football_2024
Darius Hyde,WR,San Diego State Aztecs,,Entered,0,,,,,0,2024-04-23T08:32:00,https://on3static.com/uploads/assets/484/178/178484.png,https://www.on3.com/db/darius-hyde-179480/,portal_industry_football_2024
Jeshari Houston,WR,Tulsa Golden Hurricane,,Entered,0,,,,,2021,2024-04-23T08:43:00,https://on3static.com/uploads/assets/72/310/310072.png,https://www.on3.com/db/jeshari-houston-231368/,portal_industry_football_2024
Tyler Hatcher,TE,Louisiana Ragin Cajuns,,Entered,0,,,,,2021,2024-04-23T08:51:00,https://on3static.com/uploads/assets/76/310/310076.png,https://www.on3.com/db/tyler-hatcher-158091/,portal_industry_football_2024
DeAngelo Alexander,CB,Prairie View A&M Panthers,,Entered,0,,,,,2018,2024-04-23T08:55:00,https://on3static.com/uploads/assets/78/310/310078.jpeg,https://www.on3.com/db/deangelo-alexander-33078/,portal_industry_football_2024
Jordan Murrell,WR,Wagner Seahawks,,Entered,0,,,,,0,2024-04-26T10:52:00,,https://www.on3.com/db/jordan-murrell-242204/,portal_industry_football_2024
Chavaris Dumas,CB,Western Kentucky Hilltoppers,,Entered,0,,,,,2023,2024-04-29T08:45:00,,https://www.on3.com/db/chavaris-dumas-177275/,portal_industry_football_2024
Stefan Cameron,CB,UTEP Miners,,Entered,0,,,,,2021,2024-04-29T09:24:00,https://on3static.com/uploads/assets/702/137/137702.jpg,https://www.on3.com/db/stefan-cameron-175658/,portal_industry_football_2024
Devin Pringle,CB,Grand Valley State Lakers,,Entered,0,,,,,0,2024-05-03T11:58:00,,https://www.on3.com/db/devin-pringle-194942/,portal_industry_football_2024
Bronson Burton,IOL,Avila University Eagles,Central Michigan Chippewas,Committed,0,,,,,2023,2024-06-21T12:12:00,,https://www.on3.com/db/bronson-burton-243774/,portal_industry_football_2024
Robert Scott,LB,Campbell Fighting Camels,,Entered,0,,,,,0,2024-06-06T13:07:00,,https://www.on3.com/db/robert-scott-243788/,portal_industry_football_2024
Marvin James,IOL,West Georgia Wolves,,Entered,0,,,,,0,2024-07-19T10:50:00,,https://www.on3.com/db/marvin-james-232159/,portal_industry_football_2024
Keondre Williams,LB,West Georgia Wolves,Western Kentucky Hilltoppers,Committed,0,,,,,0,,,https://www.on3.com/db/keondre-williams-232281/,portal_industry_football_2024
Erwin Taomi,OT,Allen Hancock,,Entered,0,,,,,0,2024-07-24T11:41:00,,https://www.on3.com/db/erwin-taomi-244717/,portal_industry_football_2024
Andre Washington,QB,South Carolina State Bulldogs,Charlotte 49ers,Committed,0,,,,,0,,https://on3static.com/uploads/assets/890/337/337890.png,https://www.on3.com/db/andre-washington-244909/,portal_industry_football_2024
Montez Green,WR,Bridgewater College,Charlotte 49ers,Committed,0,,,,,0,,https://on3static.com/uploads/assets/903/337/337903.png,https://www.on3.com/db/montez-green-244912/,portal_industry_football_2024
Bronson Long,K,South Dakota School of Mines Hardrockers,Charlotte 49ers,Committed,0,,,,,0,,https://on3static.com/uploads/assets/908/337/337908.png,https://www.on3.com/db/bronson-long-244913/,portal_industry_football_2024
Noah Perez,K,Akron Zips,Akron Zips,Committed,0,,,,,0,,,https://www.on3.com/db/noah-perez-244915/,portal_industry_football_2024
Brett Karhu,LB,Oklahoma Baptist Bison,Memphis Tigers,Committed,0,,,,,2022,2023-12-04T13:16:00,,https://www.on3.com/db/brett-karhu-207204/,portal_industry_football_2024
Trent Spence,CB,Holy Cross Crusaders,James Madison Dukes,Committed,0,,,,,0,,https://on3static.com/uploads/assets/348/338/338348.png,https://www.on3.com/db/trent-spence-244951/,portal_industry_football_2024
Ray Williams,S,Howard Bison,James Madison Dukes,Committed,0,,,,,2019,,https://on3static.com/uploads/assets/349/338/338349.png,https://www.on3.com/db/ray-williams-98920/,portal_industry_football_2024
Jordan Taylor,CB,Tusculum University Pioneers,James Madison Dukes,Committed,0,,,,,0,,,https://www.on3.com/db/jordan-taylor-244952/,portal_industry_football_2024
Ja'Kai Young,S,Gardner-Webb Runnin' Bulldogs,James Madison Dukes,Committed,0,,,,,0,,https://on3static.com/uploads/assets/353/338/338353.png,https://www.on3.com/db/jakai-young-244953/,portal_industry_football_2024
Cristiano Rosa,K,Central Connecticut State Blue Devils,James Madison Dukes,Committed,0,,,,,0,,https://on3static.com/uploads/assets/371/338/338371.png,https://www.on3.com/db/cristiano-rosa-244954/,portal_industry_football_2024
Dorian Gibson,CB,Campbell Fighting Camels,Georgia State Panthers,Committed,0,,,,,0,,https://on3static.com/uploads/assets/542/338/338542.png,https://www.on3.com/db/dorian-gibson-244963/,portal_industry_football_2024
Jonathan Edward,S,Indiana State Sycamores,Tulane Green Wave,Committed,0,,,,,0,,https://on3static.com/uploads/assets/985/338/338985.png,https://www.on3.com/db/jonathan-edward-244978/,portal_industry_football_2024
Jakson Judge,QB,Middle Tennessee State Blue Raiders,Tulane Green Wave,Committed,0,,,,,0,,https://on3static.com/uploads/assets/992/338/338992.png,https://www.on3.com/db/jakson-judge-202452/,portal_industry_football_2024
Javon Carter,DL,Grambling State Tigers,Tulane Green Wave,Committed,0,,,,,0,,https://on3static.com/uploads/assets/33/339/339033.png,https://www.on3.com/db/javon-carter-194331/,portal_industry_football_2024
Josh Lee,EDGE,Hillsdale College Chargers,Toledo Rockets,Committed,0,,,,,2022,2024-01-02T15:29:00,https://on3static.com/uploads/assets/353/339/339353.png,https://www.on3.com/db/josh-lee-244989/,portal_industry_football_2024
Sam Lee,TE,Hillsdale College Chargers,Toledo Rockets,Committed,0,,,,,2022,2024-01-02T15:30:00,https://on3static.com/uploads/assets/346/339/339346.png,https://www.on3.com/db/sam-lee-244986/,portal_industry_football_2024
Kylin James,RB,Central Arkansas Bears,UNLV Rebels,Committed,0,,,,,2021,2023-12-20T14:00:00,,https://www.on3.com/db/kylin-james-144554/,portal_industry_football_2024
Jude Okolo,DL,Florida Atlantic Owls,Marshall Thundering Herd,Committed,0,,,,,0,2024-05-11T14:41:00,https://on3static.com/uploads/assets/195/217/217195.png,https://www.on3.com/db/jude-okolo-178731/,portal_industry_football_2024
Tyler Thomas,EDGE,UAB Blazers,South Alabama Jaguars,Committed,0,,,,,2023,2024-07-09T14:51:00,https://on3static.com/uploads/assets/809/588/588809.png,https://www.on3.com/db/tyler-thomas-154963/,portal_industry_football_2024
Chris Williams,IOL,Florida A&M Rattlers,Louisiana-Monroe Warhawks,Committed,0,,,,,2022,2024-02-07T11:54:00,,https://www.on3.com/db/chris-williams-22675/,portal_industry_football_2024
Max Larson,K,Florida State Seminoles,Louisiana-Monroe Warhawks,Committed,0,,,,,2021,2024-02-07T12:56:00,,https://www.on3.com/db/max-larson-191948/,portal_industry_football_2024
McKenzie Agnello,OT,East Texas A&M Commerce Lions,New Mexico Lobos,Committed,0,4.0,90.0,,48.0,2021,2023-12-18T13:01:00,https://on3static.com/uploads/assets/564/392/392564.png,https://www.on3.com/db/mckenzie-agnello-86886/,portal_industry_football_2024
Matthew Henry,WR,Livingstone College Blue Bears,,Entered,0,,,,,2021,2023-12-11T14:04:00,https://on3static.com/uploads/assets/293/402/402293.png,https://www.on3.com/db/matthew-henry-246969/,portal_industry_football_2024
Shawn Foster,RB,Hope College Flying Dutchmen,,Entered,0,,,,,0,2025-04-08T02:15:00,,https://www.on3.com/db/shawn-foster-250537/,portal_industry_football_2024
Nolan Hay,OT,Houston Christian Huskies,,Entered,0,,,,,2022,2025-04-28T09:47:00,https://on3static.com/uploads/assets/586/443/443586.png,https://www.on3.com/db/nolan-hay-250953/,portal_industry_football_2024
Hayden Bray,DL,Oklahoma Sooners,Vanderbilt Commodores,Committed,0,,,,,2021,,https://on3static.com/uploads/assets/222/86/86222.jpeg,https://www.on3.com/db/hayden-bray-47755/,portal_industry_football_2024
Trent Allen,IOL,Davenport Panthers,Ohio Bobcats,Committed,0,,,,,2022,2023-12-14T21:29:00,,https://www.on3.com/db/trent-allen-261859/,portal_industry_football_2024
Christian Davis,DL,Northwestern State Demons,Louisiana Tech Bulldogs,Committed,0,,,,,2023,2024-01-03T14:29:00,https://on3static.com/uploads/assets/271/579/579271.jpeg,https://www.on3.com/db/christian-davis-283602/,portal_industry_football_2024
Andrew Body,QB,Texas Southern Tigers,,Entered,0,,,,,2021,2023-12-01T16:47:00,https://on3static.com/uploads/assets/485/581/581485.png,https://www.on3.com/db/andrew-body-4863/,portal_industry_football_2024
Carson Smith,K,East Carolina Pirates,,Entered,0,,,,,2020,2025-12-01T21:05:00,https://on3static.com/uploads/assets/870/582/582870.jpg,https://www.on3.com/db/carson-smith-234605/,portal_industry_football_2024
Mark Shenouda,P,Memphis Tigers,,Entered,0,,,,,2023,2024-04-24T09:41:00,https://on3static.com/uploads/assets/505/587/587505.png,https://www.on3.com/db/mark-shenouda-284019/,portal_industry_football_2024
