name,position,from_school,to_school,status,nil_valuation,stars,rating,national_rank,position_rank,class_year,commit_date,headshot_url,profile_url,source
Horatio Fields,WR,Auburn Tigers,Ole Miss Rebels,Committed,0,3.0,87.0,225.0,136.0,2021,2026-02-02T16:23:00,https://on3static.com/uploads/assets/457/16/16457.jpeg,https://www.on3.com/db/horatio-fields-48222/,portal_wire_football_2026
Jaylin Acevedo,OT,Navy Midshipmen,USF Bulls,Committed,0,3.0,82.0,2866.0,217.0,2023,2026-02-01T14:51:00,https://on3static.com/uploads/assets/585/587/587585.png,https://www.on3.com/db/jaylin-acevedo-174745/,portal_wire_football_2026
Khalifa Keith,RB,Appalachian State Mountaineers,Alabama Crimson Tide,Committed,0,,,,,2023,2026-01-31T17:40:00,https://on3static.com/uploads/assets/215/226/226215.jpeg,https://www.on3.com/db/khalifa-keith-74849/,portal_wire_football_2026
Fred Hinton,OT,Eastern Kentucky Colonels,Oklahoma Sooners,Committed,0,0.0,,,,2024,2026-01-31T15:09:00,https://on3static.com/uploads/assets/910/594/594910.png,https://www.on3.com/db/fred-hinton-179039/,portal_wire_football_2026
Armon Parker,DL,Washington Huskies,Maryland Terrapins,Committed,0,3.0,83.0,2765.0,296.0,2022,2026-01-30T11:44:00,https://on3static.com/uploads/assets/469/583/583469.png,https://www.on3.com/db/armon-parker-150335/,portal_wire_football_2026
Jayvon Parker,DL,Washington Huskies,Maryland Terrapins,Committed,0,3.0,85.0,2243.0,257.0,2022,2026-01-30T11:43:00,https://on3static.com/uploads/assets/321/219/219321.png,https://www.on3.com/db/jayvon-parker-150336/,portal_wire_football_2026
Johnathan Cline,IOL,East Tennessee State Buccaneers,Miami Hurricanes,Committed,0,,,,,2023,2026-01-30T10:22:00,https://on3static.com/uploads/assets/303/397/397303.png,https://www.on3.com/db/johnathan-cline-150256/,portal_wire_football_2026
Sterling Berkhalter,WR,Wake Forest Demon Deacons,Texas Longhorns,Committed,0,3.0,86.0,1685.0,176.0,2020,2026-01-30T09:41:00,https://on3static.com/uploads/assets/554/139/139554.jpg,https://www.on3.com/db/sterling-berkhalter-108597/,portal_wire_football_2026
Simeon Price,RB,Colorado Buffaloes,Oregon Ducks,Committed,0,3.0,86.0,1686.0,140.0,2021,2026-01-29T19:16:00,https://on3static.com/uploads/assets/459/586/586459.png,https://www.on3.com/db/simeon-price-107482/,portal_wire_football_2026
Da'Wain Lofton,WR,Oklahoma State Cowboys,Delaware Fightin' Blue Hens,Committed,0,3.0,84.0,2489.0,345.0,2021,2026-01-29T17:15:00,https://on3static.com/uploads/assets/429/16/16429.jpeg,https://www.on3.com/db/dawain-lofton-27787/,portal_wire_football_2026
Henry Belin,QB,Duke Blue Devils,Missouri State University Bears,Committed,0,3.0,85.0,2143.0,136.0,2022,2026-01-29T06:50:00,https://on3static.com/uploads/assets/987/85/85987.jpg,https://www.on3.com/db/henry-belin-47948/,portal_wire_football_2026
Artavius Jones,DL,Miami Hurricanes,UCF Knights,Committed,0,3.0,87.0,859.0,127.0,2024,2026-01-28T13:07:00,https://on3static.com/uploads/assets/307/206/206307.jpeg,https://www.on3.com/db/artavius-jones-155143/,portal_wire_football_2026
Vasean Washington,OT,Dartmouth Big Green,Ohio State Buckeyes,Committed,0,0.0,,,,2022,2026-01-28T11:38:00,https://on3static.com/uploads/assets/361/593/593361.png,https://www.on3.com/db/vasean-washington-150350/,portal_wire_football_2026
Bodpegn Miller,WR,Ohio State Buckeyes,Washington Huskies,Committed,0,3.0,88.0,786.0,71.0,2025,2026-01-28T11:12:00,https://on3static.com/uploads/assets/408/353/353408.jpg,https://www.on3.com/db/bodpegn-miller-240918/,portal_wire_football_2026
Ken Meir,OT,Temple Owls,New Mexico Lobos,Committed,0,,,,,2022,2026-01-28T07:04:00,https://on3static.com/uploads/assets/210/593/593210.png,https://www.on3.com/db/ken-meir-260860/,portal_wire_football_2026
Kasen Long,DL,Texas Tech Red Raiders,Utah State Aggies,Committed,0,3.0,86.0,1575.0,203.0,2024,2026-01-27T21:42:00,https://on3static.com/uploads/assets/628/236/236628.jpeg,https://www.on3.com/db/kasen-long-152133/,portal_wire_football_2026
Cooper Barkate,WR,Duke Blue Devils,Miami Hurricanes,Committed,0,4.0,92.0,27.0,3.0,2022,2026-01-27T21:06:00,https://on3static.com/uploads/assets/448/386/386448.jpg,https://www.on3.com/db/cooper-barkate-25829/,portal_wire_football_2026
Darian Mensah,QB,Duke Blue Devils,Miami Hurricanes,Committed,2161001,4.0,96.0,5.0,2.0,2023,2026-01-27T21:01:00,https://on3static.com/uploads/assets/133/392/392133.jpg,https://www.on3.com/db/darian-mensah-153939/,portal_wire_football_2026
Carter Shaw,WR,UCLA Bruins,Stanford Cardinal,Committed,0,3.0,81.0,2952.0,426.0,2023,2026-01-27T15:44:00,https://on3static.com/uploads/assets/971/214/214971.jpeg,https://www.on3.com/db/carter-shaw-156601/,portal_wire_football_2026
Laurance Seymore,IOL,Western Kentucky Hilltoppers,Texas Longhorns,Committed,0,3.0,87.0,843.0,66.0,2021,2026-01-27T14:19:00,https://on3static.com/uploads/assets/59/172/172059.jpg,https://www.on3.com/db/laurance-seymore-78497/,portal_wire_football_2026
Conrad Hussey,S,Oregon State Beavers,Miami Hurricanes,Committed,0,3.0,86.0,1842.0,156.0,2023,2026-01-27T13:26:00,https://on3static.com/uploads/assets/171/242/242171.jpeg,https://www.on3.com/db/conrad-hussey-145752/,portal_wire_football_2026
David Onuoha,EDGE,Massachusetts Minutemen,North Texas Mean Green,Committed,0,3.0,87.0,2024.0,101.0,2022,2026-01-27T11:39:00,https://on3static.com/uploads/assets/783/568/568783.png,https://www.on3.com/db/david-onuoha-209859/,portal_wire_football_2026
Cam Wallace,RB,Penn State Nittany Lions,Penn State Nittany Lions,Withdrawn,0,0.0,,,,2023,2026-01-27T11:29:00,https://on3static.com/uploads/assets/552/199/199552.png,https://www.on3.com/db/cam-wallace-162224/,portal_wire_football_2026
Justin Horne,LB,Texas Tech Red Raiders,Alabama State Hornets,Committed,0,3.0,84.0,2463.0,243.0,2023,2026-01-27T11:18:00,https://on3static.com/uploads/assets/906/145/145906.jpeg,https://www.on3.com/db/justin-horne-153354/,portal_wire_football_2026
Joshisa Trader,WR,Miami Hurricanes,NC State Wolfpack,Committed,0,3.0,88.0,283.0,55.0,2024,2026-01-26T17:48:00,https://on3static.com/uploads/assets/381/297/297381.png,https://www.on3.com/db/joshisa-trader-67793/,portal_wire_football_2026
Ace Ciongoli,WR,Indiana Hoosiers,Florida Gators,Committed,0,3.0,81.0,2983.0,438.0,2025,2026-01-26T15:50:00,https://on3static.com/uploads/assets/423/589/589423.png,https://www.on3.com/db/ace-ciongoli-284197/,portal_wire_football_2026
Nino Francavilla,IOL,Miami Hurricanes,Buffalo Bulls,Committed,0,3.0,83.0,2799.0,219.0,2024,2026-01-26T15:27:00,https://on3static.com/uploads/assets/401/297/297401.png,https://www.on3.com/db/nino-francavilla-236816/,portal_wire_football_2026
Elijah Brown,QB,Stanford Cardinal,Washington Huskies,Committed,0,3.0,87.0,1665.0,62.0,2024,2026-01-26T13:35:00,https://on3static.com/uploads/assets/635/337/337635.png,https://www.on3.com/db/elijah-brown-41099/,portal_wire_football_2026
Jamel Howard,DL,Wisconsin Badgers,Sacramento State Hornets,Committed,0,3.0,85.0,2149.0,251.0,2023,2026-01-26T11:58:00,https://on3static.com/uploads/assets/497/304/304497.png,https://www.on3.com/db/jamel-howard-151287/,portal_wire_football_2026
Bekkem Kritza,QB,Penn State Nittany Lions,Alabama A&M Bulldogs,Committed,0,3.0,86.0,1380.0,86.0,2025,2026-01-26T11:08:00,https://on3static.com/uploads/assets/455/421/421455.png,https://www.on3.com/db/bekkem-kritza-148384/,portal_wire_football_2026
Trequan Jones,RB,Old Dominion Monarchs,Tulsa Golden Hurricane,Committed,0,3.0,89.0,193.0,19.0,2023,2026-01-26T10:56:00,https://on3static.com/uploads/assets/619/511/511619.png,https://www.on3.com/db/trequan-jones-246797/,portal_wire_football_2026
Lukas Ungar,TE,New Mexico State Aggies,Virginia Cavaliers,Committed,0,,,,,2020,2026-01-26T10:44:00,https://on3static.com/uploads/dev/assets/13/6/6013.jpg,https://www.on3.com/db/lukas-ungar-80519/,portal_wire_football_2026
Raul Aguirre,LB,Miami Hurricanes,NC State Wolfpack,Committed,0,,,,,2023,2026-01-25T22:46:00,https://on3static.com/uploads/assets/427/222/222427.jpg,https://www.on3.com/db/raul-aguirre-98760/,portal_wire_football_2026
Kam Moore,LB,UCF Knights,Arkansas State Red Wolves,Committed,0,3.0,84.0,2434.0,234.0,2022,2026-01-25T19:18:00,https://on3static.com/uploads/assets/714/564/564714.PNG,https://www.on3.com/db/kam-moore-70883/,portal_wire_football_2026
Drake Martinez,TE,UT Martin Skyhawks,Tennessee Volunteers,Committed,0,0.0,,,,2021,2026-01-25T15:48:00,https://on3static.com/uploads/assets/716/589/589716.png,https://www.on3.com/db/drake-martinez-38807/,portal_wire_football_2026
Mark Iheanachor,LB,SMU Mustangs,UNLV Rebels,Committed,0,3.0,86.0,1545.0,144.0,2025,2026-01-25T14:37:00,https://on3static.com/uploads/assets/316/277/277316.jpg,https://www.on3.com/db/mark-iheanachor-174696/,portal_wire_football_2026
Jadais Richard,CB,Miami Hurricanes,Tennessee Volunteers,Committed,0,3.0,86.0,1751.0,199.0,2022,2026-01-25T14:16:00,https://on3static.com/uploads/assets/546/222/222546.jpg,https://www.on3.com/db/jadais-richard-50604/,portal_wire_football_2026
Grayson O'Bara,WR,Dartmouth Big Green,North Texas Mean Green,Committed,0,,,,,2022,2026-01-25T14:01:00,https://on3static.com/uploads/assets/880/592/592880.PNG,https://www.on3.com/db/grayson-obara-46686/,portal_wire_football_2026
Ian Duarte,WR,Idaho State Bengals,Tennessee Volunteers,Committed,0,3.0,85.0,2028.0,294.0,2023,2026-01-25T13:07:00,https://on3static.com/uploads/assets/314/568/568314.png,https://www.on3.com/db/ian-duarte-48762/,portal_wire_football_2026
Hosea Wheeler,DL,Indiana Hoosiers,Baylor Bears,Committed,0,3.0,88.0,377.0,42.0,2021,2026-01-25T05:44:00,https://on3static.com/uploads/assets/441/393/393441.png,https://www.on3.com/db/hosea-wheeler-164260/,portal_wire_football_2026
AJ Newberry,RB,Vanderbilt Commodores,Oregon State Beavers,Committed,0,3.0,85.0,2196.0,168.0,2023,2026-01-24T18:05:00,https://on3static.com/uploads/assets/290/332/332290.png,https://www.on3.com/db/aj-newberry-149106/,portal_wire_football_2026
Jaden Allen,TE,Fordham Rams,Central Michigan Chippewas,Committed,0,3.0,86.0,1368.0,103.0,2021,2026-01-24T17:41:00,https://on3static.com/uploads/assets/526/576/576526.png,https://www.on3.com/db/jaden-allen-52568/,portal_wire_football_2026
Keona Davis,DL,Nebraska Cornhuskers,Miami Hurricanes,Committed,0,3.0,88.0,362.0,43.0,2024,2026-01-24T16:08:00,https://on3static.com/uploads/assets/439/350/350439.png,https://www.on3.com/db/keona-davis-175026/,portal_wire_football_2026
Cayden Lee,WR,Ole Miss Rebels,Missouri Tigers,Committed,0,4.0,90.0,115.0,20.0,2023,2026-01-24T15:12:00,https://on3static.com/uploads/assets/658/590/590658.png,https://www.on3.com/db/cayden-lee-19228/,portal_wire_football_2026
Tommy Kinsler,OT,Miami Hurricanes,Ole Miss Rebels,Committed,0,3.0,86.0,1745.0,115.0,2023,2026-01-24T14:52:00,https://on3static.com/uploads/assets/473/222/222473.jpg,https://www.on3.com/db/tommy-kinsler-146504/,portal_wire_football_2026
Bobby Washington Jr.,LB,Miami Hurricanes,Missouri Tigers,Committed,0,3.0,85.0,2302.0,207.0,2023,2026-01-24T02:53:00,https://on3static.com/uploads/assets/567/222/222567.jpg,https://www.on3.com/db/bobby-washington-jr-147481/,portal_wire_football_2026
Deangelo Thompson,EDGE,Syracuse Orange,Memphis Tigers,Committed,0,3.0,82.0,2852.0,217.0,2025,2026-01-23T20:19:00,https://on3static.com/uploads/assets/477/356/356477.png,https://www.on3.com/db/deangelo-thompson-237745/,portal_wire_football_2026
Jordan Seaton,OT,Colorado Buffaloes,LSU Tigers,Committed,1664984,4.0,96.0,8.0,2.0,2024,2026-01-23T19:59:00,https://on3static.com/uploads/assets/249/342/342249.png,https://www.on3.com/db/jordan-seaton-65999/,portal_wire_football_2026
Ty Jones,S,Norfolk State Spartans,Louisiana Tech Bulldogs,Committed,0,3.0,86.0,1754.0,133.0,0,2026-01-23T16:47:00,https://on3static.com/uploads/assets/185/591/591185.png,https://www.on3.com/db/ty-jones-284393/,portal_wire_football_2026
Devin Dunn,CB,Arizona Wildcats,Montana Grizzlies,Committed,0,3.0,83.0,2790.0,316.0,2021,2026-01-23T16:14:00,https://on3static.com/uploads/assets/431/217/217431.png,https://www.on3.com/db/devin-dunn-161039/,portal_wire_football_2026
Julian Allen,WR,Toledo Rockets,Connecticut Huskies,Committed,0,3.0,81.0,2976.0,420.0,2023,2026-01-23T15:27:00,,https://www.on3.com/db/julian-allen-158988/,portal_wire_football_2026
Jamal Meriweather,OT,Georgia Bulldogs,Miami Hurricanes,Committed,0,3.0,88.0,375.0,31.0,2023,2026-01-23T15:17:00,https://on3static.com/uploads/assets/112/591/591112.png,https://www.on3.com/db/jamal-meriweather-150904/,portal_wire_football_2026
Eli Adams,WR,Louisville Cardinals,Wisconsin Badgers,Committed,0,3.0,81.0,2984.0,434.0,2024,2026-01-23T14:44:00,https://on3static.com/uploads/assets/123/591/591123.png,https://www.on3.com/db/eli-adams-40916/,portal_wire_football_2026
Griffin Scroggs,IOL,Appalachian State Mountaineers,UNLV Rebels,Committed,0,3.0,87.0,1284.0,76.0,2022,2026-01-23T14:34:00,https://on3static.com/uploads/assets/347/572/572347.png,https://www.on3.com/db/griffin-scroggs-47167/,portal_wire_football_2026
Luke Moga,QB,Oregon Ducks,New Mexico Lobos,Committed,0,3.0,87.0,814.0,66.0,2024,2026-01-23T14:14:00,https://on3static.com/uploads/assets/987/303/303987.png,https://www.on3.com/db/luke-moga-162744/,portal_wire_football_2026
Troy Omeire,WR,UNLV Rebels,New Mexico Lobos,Committed,0,3.0,87.0,775.0,87.0,2020,2026-01-23T13:35:00,https://on3static.com/uploads/dev/assets/607/7/7607.jpg,https://www.on3.com/db/troy-omeire-116686/,portal_wire_football_2026
Joshua Brantley,TE,Tulane Green Wave,Louisiana Tech Bulldogs,Committed,0,3.0,84.0,2619.0,133.0,2025,2026-01-23T12:35:00,https://on3static.com/uploads/assets/185/290/290185.jpg,https://www.on3.com/db/joshua-brantley-156350/,portal_wire_football_2026
Demario Bookhart,CB,South Carolina State Bulldogs,Louisiana Tech Bulldogs,Committed,0,,,,,2024,2026-01-23T11:51:00,https://on3static.com/uploads/assets/186/591/591186.png,https://www.on3.com/db/demario-bookhart-284394/,portal_wire_football_2026
Khristian Tyson,S,North Carolina A&T Aggies,Long Island University Sharks,Committed,0,,,,,2024,2026-01-23T10:57:00,https://on3static.com/uploads/assets/565/595/595565.jpg,https://www.on3.com/db/khristian-tyson-159406/,portal_wire_football_2026
Justin Williams-Thomas,RB,Marshall Thundering Herd,Massachusetts Minutemen,Committed,0,3.0,85.0,2333.0,174.0,2022,2026-01-23T10:56:00,https://on3static.com/uploads/assets/863/439/439863.jpg,https://www.on3.com/db/justin-williams-thomas-69984/,portal_wire_football_2026
J'mari Monette,DL,Indiana Hoosiers,,Entered,0,3.0,84.0,2640.0,282.0,2022,2026-01-23T10:35:00,https://on3static.com/uploads/assets/938/590/590938.png,https://www.on3.com/db/jmari-monette-50246/,portal_wire_football_2026
Arlis Boardingham,TE,Bowling Green Falcons,Auburn Tigers,Committed,0,3.0,86.0,1367.0,82.0,2022,2026-01-23T10:25:00,https://on3static.com/uploads/assets/933/590/590933.png,https://www.on3.com/db/arlis-boardingham-7482/,portal_wire_football_2026
Jaden Miller,RB,Keiser University Seahawks,Louisiana Tech Bulldogs,Committed,0,,,,,2023,2026-01-23T07:57:00,https://on3static.com/uploads/assets/190/591/591190.png,https://www.on3.com/db/jaden-miller-284395/,portal_wire_football_2026
Malik Bryant,LB,Miami Hurricanes,Missouri Tigers,Committed,0,3.0,87.0,864.0,117.0,2023,2026-01-23T07:56:00,https://on3static.com/uploads/assets/439/222/222439.jpg,https://www.on3.com/db/malik-bryant-81762/,portal_wire_football_2026
Robby Meyer,K,Missouri Tigers,UC Davis Aggies,Committed,0,3.0,80.0,2999.0,58.0,2025,2026-01-22T23:00:00,https://on3static.com/uploads/assets/304/377/377304.png,https://www.on3.com/db/robby-meyer-243824/,portal_wire_football_2026
Hunter Herring,QB,Louisiana-Monroe Warhawks,Auburn Tigers,Committed,0,3.0,83.0,2803.0,188.0,2021,2026-01-22T21:31:00,https://on3static.com/uploads/assets/569/135/135569.png,https://www.on3.com/db/hunter-herring-48483/,portal_wire_football_2026
Michael Matthews-Canty,LB,Hampton Pirates,Auburn Tigers,Committed,0,3.0,86.0,1756.0,193.0,2024,2026-01-22T21:28:00,https://on3static.com/uploads/assets/911/188/188911.png,https://www.on3.com/db/michael-matthews-canty-162052/,portal_wire_football_2026
Mason Ellens,S,Iowa State Cyclones,Miami (OH) RedHawks,Committed,0,3.0,86.0,1331.0,178.0,2025,2026-01-22T21:14:00,https://on3static.com/uploads/assets/985/465/465985.PNG,https://www.on3.com/db/mason-ellens-179844/,portal_wire_football_2026
Devon Martin,TE,SMU Mustangs,SMU Mustangs,Withdrawn,0,0.0,,,,2021,2026-01-22T21:13:00,https://on3static.com/uploads/assets/252/387/387252.png,https://www.on3.com/db/devon-martin-36414/,portal_wire_football_2026
Connor Barry,QB,Christopher Newport University Captains,Penn State Nittany Lions,Committed,0,3.0,86.0,1755.0,106.0,2022,2026-01-22T21:04:00,https://on3static.com/uploads/assets/878/590/590878.png,https://www.on3.com/db/connor-barry-181387/,portal_wire_football_2026
Rico Walker,TE,Purdue Boilermakers,California Golden Bears,Committed,0,3.0,86.0,1519.0,74.0,2023,2026-01-22T20:37:00,https://on3static.com/uploads/assets/616/303/303616.png,https://www.on3.com/db/rico-walker-100429/,portal_wire_football_2026
Tae Meadows,RB,Troy Trojans,Auburn Tigers,Committed,0,3.0,87.0,518.0,96.0,2022,2026-01-22T19:45:00,https://on3static.com/uploads/assets/53/511/511053.png,https://www.on3.com/db/tae-meadows-109698/,portal_wire_football_2026
Jaden Rashada,QB,Sacramento State Hornets,Mississippi State Bulldogs,Committed,0,3.0,85.0,2173.0,161.0,2023,2026-01-22T17:25:00,https://on3static.com/uploads/assets/229/24/24229.jpg,https://www.on3.com/db/jaden-rashada-52678/,portal_wire_football_2026
Khalil Walker,OT,USF Bulls,Hawaii Rainbow Warriors,Committed,0,3.0,85.0,2214.0,176.0,2022,2026-01-22T15:07:00,https://on3static.com/uploads/assets/470/370/370470.png,https://www.on3.com/db/khalil-walker-74937/,portal_wire_football_2026
Bryce Anderson,TE,Memphis Tigers,Marist Red Foxes,Committed,0,3.0,86.0,1310.0,85.0,2023,2026-01-22T14:58:00,https://on3static.com/uploads/dev/assets/523/330/330523.png,https://www.on3.com/db/bryce-anderson-242040/,portal_wire_football_2026
Damon Wilson II,EDGE,Missouri Tigers,Miami Hurricanes,Committed,1313993,4.0,96.0,7.0,3.0,2023,2026-01-22T14:08:00,https://on3static.com/uploads/assets/341/401/401341.png,https://www.on3.com/db/damon-wilson-ii-28748/,portal_wire_football_2026
Glory Stephen-Wangboje,DL,Sacred Heart Pioneers,Northwestern Wildcats,Committed,0,3.0,85.0,2310.0,227.0,2023,2026-01-22T13:03:00,https://on3static.com/uploads/assets/598/590/590598.png,https://www.on3.com/db/glory-stephen-wangboje-284316/,portal_wire_football_2026
Luke Ferrelli,LB,Clemson Tigers,Ole Miss Rebels,Committed,0,3.0,89.0,213.0,14.0,2024,2026-01-22T12:56:00,https://on3static.com/uploads/assets/119/581/581119.png,https://www.on3.com/db/luke-ferrelli-153248/,portal_wire_football_2026
Jacob Houseworth,TE,California Golden Bears,UC Davis Aggies,Committed,0,,,,,2025,2026-01-22T12:55:00,https://on3static.com/uploads/assets/24/327/327024.png,https://www.on3.com/db/jacob-houseworth-238953/,portal_wire_football_2026
Quincy Wright,DL,Arkansas State Red Wolves,Utah State Aggies,Committed,0,3.0,84.0,2606.0,261.0,2022,2026-01-22T09:53:00,https://on3static.com/uploads/assets/83/22/22083.jpeg,https://www.on3.com/db/quincy-wright-97452/,portal_wire_football_2026
Kevyn Humes,CB,Maryland Terrapins,Rutgers Scarlet Knights,Committed,0,3.0,87.0,723.0,71.0,2024,2026-01-22T08:49:00,https://on3static.com/uploads/assets/613/162/162613.JPG,https://www.on3.com/db/kevyn-humes-145603/,portal_wire_football_2026
MJ Morris,QB,Coastal Carolina Chanticleers,Texas Longhorns,Committed,0,3.0,86.0,1486.0,117.0,2022,2026-01-22T08:17:00,https://on3static.com/uploads/assets/529/225/225529.png,https://www.on3.com/db/mj-morris-90053/,portal_wire_football_2026
Dominic Kirks,DL,Ohio State Buckeyes,Northwestern Wildcats,Committed,0,3.0,87.0,637.0,106.0,2024,2026-01-21T21:16:00,https://on3static.com/uploads/assets/887/187/187887.jpg,https://www.on3.com/db/dominic-kirks-155056/,portal_wire_football_2026
Kanye Udoh,RB,Arizona State Sun Devils,Liberty Flames,Committed,0,3.0,88.0,364.0,48.0,2022,2026-01-21T21:02:00,https://on3static.com/uploads/assets/225/472/472225.jpg,https://www.on3.com/db/kanye-udoh-71193/,portal_wire_football_2026
Deryc Plazz,IOL,Miami Hurricanes,Auburn Tigers,Committed,0,3.0,86.0,1736.0,120.0,2024,2026-01-21T20:44:00,https://on3static.com/uploads/assets/405/297/297405.png,https://www.on3.com/db/deryc-plazz-150697/,portal_wire_football_2026
Zion Paret,CB,Florida Atlantic Owls,Connecticut Huskies,Committed,0,3.0,86.0,1467.0,186.0,2025,2026-01-21T20:33:00,https://on3static.com/uploads/assets/493/278/278493.png,https://www.on3.com/db/zion-paret-181024/,portal_wire_football_2026
Tyler Jacklich,RB,West Virginia Mountaineers,San Jose State Spartans,Committed,0,3.0,83.0,2680.0,220.0,2023,2026-01-21T19:19:00,https://on3static.com/uploads/assets/748/484/484748.jpg,https://www.on3.com/db/tyler-jacklich-153943/,portal_wire_football_2026
Owen Snively,IOL,Eastern Michigan Eagles,Boston College Eagles,Committed,0,3.0,87.0,1205.0,81.0,2020,2026-01-21T19:16:00,https://on3static.com/uploads/assets/507/132/132507.jpeg,https://www.on3.com/db/owen-snively-94828/,portal_wire_football_2026
Jabari Ishmael,DL,Southern Miss Golden Eagles,Memphis Tigers,Committed,0,3.0,86.0,1699.0,194.0,2021,2026-01-21T18:34:00,https://on3static.com/uploads/assets/58/172/172058.jpg,https://www.on3.com/db/jabari-ishmael-144189/,portal_wire_football_2026
Kameron Reddic,S,Stephen F. Austin Lumberjacks,West Virginia Mountaineers,Committed,0,3.0,86.0,1722.0,127.0,2024,2026-01-21T18:22:00,https://on3static.com/uploads/assets/291/588/588291.png,https://www.on3.com/db/kameron-reddic-284119/,portal_wire_football_2026
Corey Kelly,LB,Baylor Bears,Kennesaw State Owls,Committed,0,3.0,86.0,2159.0,163.0,2023,2026-01-21T17:36:00,https://on3static.com/uploads/assets/51/209/209051.jpeg,https://www.on3.com/db/corey-kelly-26189/,portal_wire_football_2026
Aidan O’Callaghan,LB,Weber State Wildcats,Memphis Tigers,Committed,0,3.0,84.0,2631.0,219.0,2024,2026-01-21T16:55:00,https://on3static.com/uploads/assets/63/590/590063.png,https://www.on3.com/db/aidan-ocallaghan-284255/,portal_wire_football_2026
Harrison Tuck,P,Alabama State Hornets,Memphis Tigers,Committed,0,3.0,80.0,3112.0,26.0,0,2026-01-21T16:46:00,https://on3static.com/uploads/assets/57/590/590057.png,https://www.on3.com/db/harrison-tuck-284254/,portal_wire_football_2026
Will Karoll,P,UCLA Bruins,Texas Tech Red Raiders,Committed,0,3.0,80.0,3078.0,14.0,2023,2026-01-21T16:42:00,https://on3static.com/uploads/assets/452/445/445452.png,https://www.on3.com/db/will-karoll-251067/,portal_wire_football_2026
Jackson Kollock,QB,Minnesota Golden Gophers,UC Davis Aggies,Committed,0,3.0,87.0,1126.0,69.0,2025,2026-01-21T16:22:00,https://on3static.com/uploads/assets/308/201/201308.png,https://www.on3.com/db/jackson-kollock-174279/,portal_wire_football_2026
Will Monney,TE,Oklahoma State Cowboys,Utah Utes,Committed,0,3.0,83.0,2756.0,150.0,2023,2026-01-21T16:14:00,https://on3static.com/uploads/assets/894/393/393894.png,https://www.on3.com/db/will-monney-156990/,portal_wire_football_2026
Emory Williams,QB,Miami Hurricanes,East Carolina Pirates,Committed,0,3.0,86.0,1742.0,109.0,2023,2026-01-21T15:17:00,https://on3static.com/uploads/assets/571/222/222571.jpg,https://www.on3.com/db/emory-williams-151457/,portal_wire_football_2026
Malcolm Jones,S,Jacksonville State Gamecocks,Iowa State Cyclones,Committed,0,3.0,87.0,821.0,109.0,2022,2026-01-21T14:49:00,https://on3static.com/uploads/assets/165/235/235165.png,https://www.on3.com/db/malcolm-jones-146066/,portal_wire_football_2026
Jayvin James,OT,Mississippi State Bulldogs,Alabama Crimson Tide,Committed,205304,3.0,87.0,854.0,55.0,2023,2026-01-21T14:41:00,https://on3static.com/uploads/assets/169/391/391169.jpg,https://www.on3.com/db/jayvin-james-156413/,portal_wire_football_2026
Kendric Council,LB,Saint Francis (PA) Red Flash,Massachusetts Minutemen,Committed,0,3.0,86.0,1740.0,161.0,2024,2026-01-21T14:33:00,,https://www.on3.com/db/kendric-council-153306/,portal_wire_football_2026
Tellek Lockette,IOL,Texas State Bobcats,Maryland Terrapins,Committed,0,3.0,89.0,216.0,14.0,2022,2026-01-21T14:08:00,https://on3static.com/uploads/assets/584/263/263584.jpeg,https://www.on3.com/db/tellek-lockette-111146/,portal_wire_football_2026
Drew Clemens,TE,Utah Utes,North Texas Mean Green,Committed,0,3.0,85.0,2219.0,111.0,2025,2026-01-21T14:04:00,https://on3static.com/uploads/assets/453/302/302453.png,https://www.on3.com/db/drew-clemens-240712/,portal_wire_football_2026
MaKari Bodiford,RB,Memphis Tigers,Kansas State Wildcats,Committed,0,3.0,84.0,2456.0,204.0,2024,2026-01-21T13:52:00,https://on3static.com/uploads/assets/3/590/590003.png,https://www.on3.com/db/makari-bodiford-81358/,portal_wire_football_2026
Samuel Okunlola,DL,Colorado Buffaloes,Virginia Tech Hokies,Committed,0,3.0,87.0,574.0,134.0,2022,2026-01-21T13:41:00,https://on3static.com/uploads/assets/994/589/589994.png,https://www.on3.com/db/samuel-okunlola-104798/,portal_wire_football_2026
Evan Lawrence,OT,Indiana Hoosiers,San Diego State Aztecs,Committed,0,3.0,87.0,860.0,93.0,2024,2026-01-21T13:40:00,https://on3static.com/uploads/assets/92/238/238092.jpeg,https://www.on3.com/db/evan-lawrence-235973/,portal_wire_football_2026
Shamar McNeil,CB,Missouri Tigers,Akron Zips,Committed,0,3.0,85.0,2126.0,255.0,2023,2026-01-21T13:21:00,https://on3static.com/uploads/assets/936/222/222936.png,https://www.on3.com/db/shamar-mcneil-152336/,portal_wire_football_2026
Cody Haddad,S,Ohio State Buckeyes,Iowa Hawkeyes,Committed,0,3.0,87.0,1093.0,56.0,2025,2026-01-21T13:07:00,https://on3static.com/uploads/assets/413/353/353413.jpg,https://www.on3.com/db/cody-haddad-174485/,portal_wire_football_2026
Brandon Sneh,OT,UAB Blazers,Mississippi State Bulldogs,Committed,0,3.0,89.0,262.0,25.0,2021,2026-01-21T12:20:00,https://on3static.com/uploads/assets/669/396/396669.jpg,https://www.on3.com/db/brandon-sneh-247531/,portal_wire_football_2026
Nico Brown,WR,Yale Bulldogs,Stanford Cardinal,Committed,0,3.0,89.0,177.0,25.0,2022,2026-01-21T12:09:00,https://on3static.com/uploads/assets/305/567/567305.png,https://www.on3.com/db/nico-brown-147474/,portal_wire_football_2026
Jack Small,OT,Duke Blue Devils,Delaware Fightin' Blue Hens,Committed,0,,,,,2024,2026-01-21T11:48:00,https://on3static.com/uploads/assets/631/146/146631.png,https://www.on3.com/db/jack-small-176306/,portal_wire_football_2026
Tye Hylton,OT,Florida State Seminoles,Louisiana Tech Bulldogs,Committed,0,3.0,86.0,1875.0,120.0,2024,2026-01-21T11:42:00,https://on3static.com/uploads/assets/39/577/577039.png,https://www.on3.com/db/tye-hylton-154532/,portal_wire_football_2026
Boston Everitt,P,University of Melbourne,Iowa Hawkeyes,Committed,0,,,,,2025,2026-01-21T11:07:00,https://on3static.com/uploads/assets/379/588/588379.jpg,https://www.on3.com/db/boston-everitt-283852/,portal_wire_football_2026
Jadon Lafontant,IOL,Boston College Eagles,Rhode Island Rams,Committed,0,,,,,2024,2026-01-21T10:54:00,https://on3static.com/uploads/assets/637/309/309637.png,https://www.on3.com/db/jadon-lafontant-176877/,portal_wire_football_2026
Trey Hall,RB,Ole Miss Rebels,Old Dominion Monarchs,Committed,0,3.0,86.0,1701.0,113.0,2024,2026-01-21T10:15:00,https://on3static.com/uploads/assets/438/389/389438.png,https://www.on3.com/db/trey-hall-246788/,portal_wire_football_2026
Princewill Umanmielen,EDGE,Ole Miss Rebels,LSU Tigers,Committed,1409339,4.0,97.0,4.0,1.0,2023,2026-01-21T10:14:00,https://on3static.com/uploads/assets/649/336/336649.png,https://www.on3.com/db/princewill-umanmielen-147578/,portal_wire_football_2026
Boski Barrett,WR,Vanderbilt Commodores,Arkansas State Red Wolves,Committed,0,3.0,85.0,2076.0,283.0,2024,2026-01-21T09:51:00,https://on3static.com/uploads/assets/331/332/332331.png,https://www.on3.com/db/boski-barrett-147612/,portal_wire_football_2026
Jordy Lowery,CB,East Carolina Pirates,Florida Gators,Committed,0,3.0,87.0,858.0,129.0,2022,2026-01-21T09:49:00,https://on3static.com/uploads/assets/654/405/405654.png,https://www.on3.com/db/jordy-lowery-66322/,portal_wire_football_2026
Lawrence Hattar,IOL,Michigan Wolverines,Michigan Wolverines,Withdrawn,0,0.0,,,,2023,2026-01-21T09:18:00,https://on3static.com/uploads/assets/617/395/395617.png,https://www.on3.com/db/lawrence-hattar-247312/,portal_wire_football_2026
Jordyn Bailey,WR,TCU Horned Frogs,Iowa State Cyclones,Committed,0,3.0,84.0,2633.0,356.0,2023,2026-01-21T09:00:00,https://on3static.com/uploads/assets/182/223/223182.png,https://www.on3.com/db/jordyn-bailey-145710/,portal_wire_football_2026
Mark Shenouda,P,Tennessee State Tigers,Missouri Tigers,Committed,0,3.0,80.0,3108.0,27.0,2023,2026-01-20T22:39:00,https://on3static.com/uploads/assets/505/587/587505.png,https://www.on3.com/db/mark-shenouda-284019/,portal_wire_football_2026
Noah King,CB,Colorado Buffaloes,Sacramento State Hornets,Committed,0,3.0,87.0,885.0,68.0,2025,2026-01-20T22:04:00,https://on3static.com/uploads/assets/390/444/444390.png,https://www.on3.com/db/noah-king-180257/,portal_wire_football_2026
Darrell Prater,DL,Jacksonville State Gamecocks,Illinois Fighting Illini,Committed,0,3.0,86.0,1739.0,159.0,2022,2026-01-20T20:46:00,https://on3static.com/uploads/assets/703/589/589703.png,https://www.on3.com/db/darrell-prater-196724/,portal_wire_football_2026
Hannes Hammer,OT,Virginia Tech Hokies,Connecticut Huskies,Committed,0,3.0,84.0,2564.0,201.0,2023,2026-01-20T19:28:00,https://on3static.com/uploads/assets/819/162/162819.png,https://www.on3.com/db/hannes-hammer-152421/,portal_wire_football_2026
Bubba Craig,IOL,Arkansas Razorbacks,Old Dominion Monarchs,Committed,0,3.0,85.0,2232.0,169.0,2023,2026-01-20T16:34:00,https://on3static.com/uploads/assets/21/383/383021.png,https://www.on3.com/db/bubba-craig-245986/,portal_wire_football_2026
Jaylen Early,IOL,Missouri Tigers,Texas State Bobcats,Committed,0,3.0,87.0,618.0,55.0,2022,2026-01-20T16:24:00,https://on3static.com/uploads/assets/111/242/242111.jpeg,https://www.on3.com/db/jaylen-early-58855/,portal_wire_football_2026
Kaleb Jones,DL,Arizona Wildcats,Iowa State Cyclones,Committed,0,3.0,84.0,2626.0,271.0,2025,2026-01-20T15:59:00,https://on3static.com/uploads/assets/167/323/323167.png,https://www.on3.com/db/kaleb-jones-157888/,portal_wire_football_2026
Cameron Seldon,WR,Virginia Tech Hokies,USF Bulls,Committed,0,3.0,87.0,1097.0,160.0,2023,2026-01-20T15:50:00,https://on3static.com/uploads/assets/255/226/226255.jpeg,https://www.on3.com/db/cameron-seldon-146300/,portal_wire_football_2026
Alberto Mendoza,QB,Indiana Hoosiers,Georgia Tech Yellow Jackets,Committed,0,3.0,87.0,1096.0,47.0,2024,2026-01-20T15:08:00,https://on3static.com/uploads/assets/382/132/132382.png,https://www.on3.com/db/alberto-mendoza-174850/,portal_wire_football_2026
Amari Wallace,S,Miami Hurricanes,,Entered,0,3.0,87.0,856.0,77.0,2025,2026-01-20T14:39:00,https://on3static.com/uploads/assets/544/589/589544.png,https://www.on3.com/db/amari-wallace-155165/,portal_wire_football_2026
Manasse Itete,IOL,Florida State Seminoles,Arkansas State Red Wolves,Committed,0,3.0,86.0,1338.0,126.0,2024,2026-01-20T14:37:00,https://on3static.com/uploads/assets/930/189/189930.jpg,https://www.on3.com/db/manasse-itete-156159/,portal_wire_football_2026
Udoka Ezeani,LB,UTEP Miners,North Texas Mean Green,Committed,0,,,,,2021,2026-01-20T14:09:00,,https://www.on3.com/db/udoka-ezeani-119150/,portal_wire_football_2026
Jaylen Henderson,QB,West Virginia Mountaineers,Liberty Flames,Committed,0,3.0,86.0,1419.0,94.0,2021,2026-01-20T14:07:00,https://on3static.com/uploads/assets/848/182/182848.png,https://www.on3.com/db/jaylen-henderson-58892/,portal_wire_football_2026
MJ Moultrie II,S,Hampton Pirates,Louisiana Tech Bulldogs,Committed,0,3.0,87.0,2299.0,111.0,2023,2026-01-20T13:50:00,https://on3static.com/uploads/assets/999/589/589999.png,https://www.on3.com/db/mj-moultrie-ii-284250/,portal_wire_football_2026
Joquez Smith,RB,Temple Owls,New Hampshire Wildcats,Committed,0,3.0,85.0,1982.0,182.0,2023,2026-01-20T13:19:00,https://on3static.com/uploads/assets/104/47/47104.jpeg,https://www.on3.com/db/joquez-smith-147466/,portal_wire_football_2026
Grant McAtee,TE,North Central College,Tulsa Golden Hurricane,Committed,0,3.0,84.0,2636.0,146.0,2024,2026-01-20T13:17:00,https://on3static.com/uploads/assets/986/586/586986.png,https://www.on3.com/db/grant-mcatee-46528/,portal_wire_football_2026
Caldra Williford,CB,Baylor Bears,Tulsa Golden Hurricane,Committed,0,3.0,87.0,737.0,111.0,2022,2026-01-20T13:16:00,https://on3static.com/uploads/assets/817/443/443817.png,https://www.on3.com/db/caldra-williford-16856/,portal_wire_football_2026
Kenneth McManus,IOL,Akron Zips,Auburn Tigers,Committed,0,3.0,87.0,857.0,83.0,2025,2026-01-20T13:14:00,https://on3static.com/uploads/assets/400/113/113400.jpg,https://www.on3.com/db/kenneth-mcmanus-162920/,portal_wire_football_2026
Harry Lodge,TE,Wake Forest Demon Deacons,UCLA Bruins,Committed,0,3.0,86.0,1806.0,81.0,2022,2026-01-20T13:09:00,https://on3static.com/uploads/assets/628/86/86628.jpeg,https://www.on3.com/db/harry-lodge-47662/,portal_wire_football_2026
Vander Ploog,TE,Oregon Ducks,NC State Wolfpack,Committed,119936,4.0,90.0,126.0,7.0,2025,2026-01-20T12:51:00,https://on3static.com/uploads/assets/955/304/304955.jpg,https://www.on3.com/db/vander-ploog-238007/,portal_wire_football_2026
KaTron Evans,DL,Marshall Thundering Herd,NC State Wolfpack,Committed,0,3.0,85.0,2272.0,241.0,2021,2026-01-20T12:44:00,https://on3static.com/uploads/assets/819/132/132819.jpeg,https://www.on3.com/db/katron-evans-71470/,portal_wire_football_2026
Jayden Bradford,QB,Liberty Flames,USF Bulls,Committed,0,3.0,81.0,2901.0,196.0,2024,2026-01-20T12:24:00,https://on3static.com/uploads/assets/262/62/62262.jpg,https://www.on3.com/db/jayden-bradford-147066/,portal_wire_football_2026
Jaden Minkins,CB,Louisville Cardinals,Stephen F. Austin Lumberjacks,Committed,0,,,,,2023,2026-01-20T12:23:00,https://on3static.com/uploads/assets/832/592/592832.png,https://www.on3.com/db/jaden-minkins-284524/,portal_wire_football_2026
Tony Mitchell,S,Mississippi State Bulldogs,Ole Miss Rebels,Committed,0,3.0,88.0,1184.0,39.0,2023,2026-01-20T12:19:00,https://on3static.com/uploads/assets/696/225/225696.jpeg,https://www.on3.com/db/tony-mitchell-113925/,portal_wire_football_2026
Devontae Armstrong,IOL,Ohio State Buckeyes,Miami (OH) RedHawks,Committed,0,3.0,87.0,704.0,118.0,2024,2026-01-20T12:05:00,https://on3static.com/uploads/assets/673/332/332673.png,https://www.on3.com/db/devontae-armstrong-150191/,portal_wire_football_2026
Braydon Bennett,RB,Virginia Tech Hokies,Eastern Michigan Eagles,Committed,0,3.0,87.0,604.0,107.0,2020,2026-01-20T12:04:00,https://on3static.com/uploads/dev/assets/836/2/2836.jpg,https://www.on3.com/db/braydon-bennett-13587/,portal_wire_football_2026
Aubrey Melvin,DL,Connecticut Huskies,Massachusetts Minutemen,Committed,0,3.0,86.0,1707.0,153.0,2025,2026-01-20T12:01:00,https://on3static.com/uploads/assets/15/474/474015.png,https://www.on3.com/db/aubrey-melvin-238896/,portal_wire_football_2026
Daniel Coles,CB,North Carolina A&T Aggies,,Entered,0,3.0,83.0,2798.0,310.0,2024,2026-01-20T11:32:00,https://on3static.com/uploads/assets/920/146/146920.png,https://www.on3.com/db/daniel-coles-152237/,portal_wire_football_2026
Enai White,EDGE,Penn State Nittany Lions,Oklahoma State Cowboys,Committed,0,3.0,86.0,1616.0,162.0,2022,2026-01-20T11:18:00,https://on3static.com/uploads/assets/690/416/416690.png,https://www.on3.com/db/enai-white-41874/,portal_wire_football_2026
Jayvon Thomas,CB,Texas A&M Aggies,SMU Mustangs,Committed,0,3.0,87.0,969.0,116.0,2023,2026-01-20T11:10:00,https://on3static.com/uploads/assets/743/88/88743.jpg,https://www.on3.com/db/jayvon-thomas-59277/,portal_wire_football_2026
Khory Moss,CB,Miami (OH) RedHawks,Akron Zips,Committed,0,3.0,82.0,2856.0,322.0,2025,2026-01-20T10:25:00,https://on3static.com/uploads/assets/486/356/356486.png,https://www.on3.com/db/khory-moss-240607/,portal_wire_football_2026
Garrison Blank,OT,UCLA Bruins,Sacramento State Hornets,Committed,0,3.0,87.0,847.0,65.0,2025,2026-01-20T10:24:00,https://on3static.com/uploads/assets/692/199/199692.png,https://www.on3.com/db/garrison-blank-162582/,portal_wire_football_2026
Tamarion Crumpley,CB,UAB Blazers,,Entered,0,3.0,86.0,1738.0,192.0,2021,2026-01-20T10:22:00,https://on3static.com/uploads/assets/369/16/16369.jpeg,https://www.on3.com/db/tamarion-crumpley-109972/,portal_wire_football_2026
Croix Stewart,S,UCLA Bruins,Fresno State Bulldogs,Committed,0,3.0,84.0,2630.0,232.0,2022,2026-01-20T10:20:00,https://on3static.com/uploads/dev/assets/532/11/11532.jpg,https://www.on3.com/db/croix-stewart-27009/,portal_wire_football_2026
Javon Robinson,TE,Georgia State Panthers,Utah State Aggies,Committed,0,3.0,87.0,861.0,59.0,2023,2026-01-20T10:12:00,https://on3static.com/uploads/assets/715/402/402715.png,https://www.on3.com/db/javon-robinson-158840/,portal_wire_football_2026
Clay Martineau,LB,Boise State Broncos,New Mexico Lobos,Committed,0,3.0,84.0,2345.0,236.0,2024,2026-01-20T10:10:00,https://on3static.com/uploads/assets/931/568/568931.png,https://www.on3.com/db/clay-martineau-176679/,portal_wire_football_2026
Dylan Paine,RB,Washington State Cougars,Montana Grizzlies,Committed,0,3.0,81.0,2922.0,232.0,2020,2026-01-20T10:04:00,https://on3static.com/uploads/dev/assets/356/3/3356.jpg,https://www.on3.com/db/dylan-paine-39996/,portal_wire_football_2026
Vic Shaw,EDGE,UTSA Roadrunners,New Mexico State Aggies,Committed,0,3.0,86.0,1867.0,152.0,2023,2026-01-20T10:03:00,https://on3static.com/uploads/assets/53/216/216053.png,https://www.on3.com/db/vic-shaw-119472/,portal_wire_football_2026
Travon Sylvester,DL,UTSA Roadrunners,Stephen F. Austin Lumberjacks,Committed,0,3.0,84.0,2634.0,274.0,2022,2026-01-20T10:02:00,,https://www.on3.com/db/travon-sylvester-237081/,portal_wire_football_2026
Matt Hoffman,EDGE,Connecticut Huskies,Connecticut Huskies,Withdrawn,0,0.0,,,,2022,2026-01-20T10:00:00,https://on3static.com/uploads/assets/374/475/475374.png,https://www.on3.com/db/matt-hoffman-146140/,portal_wire_football_2026
Justin Agu,CB,Louisville Cardinals,,Entered,0,3.0,86.0,1737.0,157.0,2021,2026-01-20T09:27:00,https://on3static.com/uploads/assets/663/399/399663.png,https://www.on3.com/db/justin-agu-69000/,portal_wire_football_2026
Anthony Simpson,WR,Michigan Wolverines,Toledo Rockets,Committed,0,3.0,86.0,1718.0,238.0,2020,2026-01-20T09:26:00,https://on3static.com/uploads/assets/466/16/16466.jpeg,https://www.on3.com/db/anthony-simpson-6562/,portal_wire_football_2026
Keyone Jenkins,QB,FIU Golden Panthers,UCF Knights,Committed,0,3.0,87.0,836.0,61.0,2023,2026-01-20T09:09:00,https://on3static.com/uploads/assets/138/392/392138.jpg,https://www.on3.com/db/keyone-jenkins-144992/,portal_wire_football_2026
Cameron Kossmann,TE,Florida Gators,Boston College Eagles,Committed,0,3.0,83.0,2697.0,152.0,2025,2026-01-20T08:27:00,https://on3static.com/uploads/assets/829/395/395829.png,https://www.on3.com/db/cameron-kossmann-242686/,portal_wire_football_2026
Joshua Mickens,EDGE,Ohio State Buckeyes,Connecticut Huskies,Committed,0,3.0,86.0,1659.0,151.0,2023,2026-01-20T08:25:00,https://on3static.com/uploads/assets/557/221/221557.jpeg,https://www.on3.com/db/joshua-mickens-67995/,portal_wire_football_2026
Chris Graves Jr.,CB,Ole Miss Rebels,Missouri Tigers,Committed,0,3.0,88.0,265.0,33.0,2022,2026-01-20T07:39:00,https://on3static.com/uploads/assets/479/21/21479.jpg,https://www.on3.com/db/chris-graves-jr-21798/,portal_wire_football_2026
Devin Alves,S,Virginia Tech Hokies,Hawaii Rainbow Warriors,Committed,0,3.0,84.0,2597.0,247.0,2022,2026-01-19T23:18:00,https://on3static.com/uploads/assets/837/86/86837.jpeg,https://www.on3.com/db/devin-alves-150383/,portal_wire_football_2026
Brian Grant,OT,Tennessee Volunteers,Memphis Tigers,Committed,0,3.0,85.0,2195.0,155.0,2022,2026-01-19T22:13:00,https://on3static.com/uploads/assets/196/226/226196.jpeg,https://www.on3.com/db/brian-grant-14525/,portal_wire_football_2026
Bo Burkes,IOL,North Carolina Tar Heels,Jacksonville State Gamecocks,Committed,0,3.0,84.0,2627.0,215.0,2022,2026-01-19T22:02:00,https://on3static.com/uploads/assets/917/87/87917.jpg,https://www.on3.com/db/bo-burkes-11146/,portal_wire_football_2026
Terry Nwabuisi-Ezeala,DL,Vanderbilt Commodores,Marshall Thundering Herd,Committed,0,3.0,84.0,2585.0,276.0,2025,2026-01-19T21:47:00,https://on3static.com/uploads/assets/697/304/304697.png,https://www.on3.com/db/terry-nwabuisi-ezeala-161886/,portal_wire_football_2026
Ivan Moore,EDGE,Northern Illinois Huskies,Sacramento State Hornets,Committed,0,3.0,82.0,2868.0,219.0,2024,2026-01-19T21:46:00,https://on3static.com/uploads/assets/346/589/589346.png,https://www.on3.com/db/ivan-moore-178554/,portal_wire_football_2026
Tony Livingston,TE,Florida Gators,Baylor Bears,Committed,0,3.0,87.0,801.0,32.0,2022,2026-01-19T19:33:00,https://on3static.com/uploads/assets/502/335/335502.png,https://www.on3.com/db/tony-livingston-113906/,portal_wire_football_2026
AJ Tuitele,LB,USC Trojans,California Golden Bears,Committed,0,3.0,87.0,851.0,83.0,2025,2026-01-19T19:05:00,https://on3static.com/uploads/assets/352/410/410352.png,https://www.on3.com/db/aj-tuitele-246578/,portal_wire_football_2026
CJ Hawkins,TE,Stanford Cardinal,Rhode Island Rams,Committed,0,3.0,85.0,2301.0,109.0,2022,2026-01-19T17:39:00,https://on3static.com/uploads/assets/342/226/226342.png,https://www.on3.com/db/cj-hawkins-23612/,portal_wire_football_2026
Alex Taylor,WR,North Carolina Tar Heels,Georgia Southern Eagles,Committed,0,3.0,86.0,1726.0,228.0,2024,2026-01-19T17:22:00,https://on3static.com/uploads/assets/53/297/297053.png,https://www.on3.com/db/alex-taylor-147632/,portal_wire_football_2026
Kyle Hicks,LS,Tennessee State Tigers,UCF Knights,Committed,0,,,,,2024,2026-01-19T17:12:00,https://on3static.com/uploads/assets/36/589/589036.PNG,https://www.on3.com/db/kyle-hicks-284168/,portal_wire_football_2026
Ebubedike Nnabugwu,IOL,Missouri State University Bears,South Carolina Gamecocks,Committed,0,3.0,88.0,1795.0,52.0,2023,2026-01-19T16:33:00,https://on3static.com/uploads/assets/520/567/567520.png,https://www.on3.com/db/ebubedike-nnabugwu-40386/,portal_wire_football_2026
Cleto Chol,EDGE,Connecticut Huskies,Colorado State Rams,Committed,0,3.0,83.0,2759.0,209.0,2023,2026-01-19T16:09:00,https://on3static.com/uploads/assets/541/473/473541.png,https://www.on3.com/db/cleto-chol-156325/,portal_wire_football_2026
Evan Chieca,TE,New Haven Chargers,Florida Gators,Committed,0,3.0,85.0,2005.0,125.0,2023,2026-01-19T14:47:00,https://on3static.com/uploads/assets/803/567/567803.png,https://www.on3.com/db/evan-chieca-283144/,portal_wire_football_2026
Michael Diatta,DL,Oklahoma State Cowboys,Vanderbilt Commodores,Committed,0,3.0,86.0,1401.0,161.0,2021,2026-01-19T14:33:00,https://on3static.com/uploads/assets/414/16/16414.jpeg,https://www.on3.com/db/michael-diatta-87609/,portal_wire_football_2026
Dailen Howard,DL,East Tennessee State Buccaneers,Tulsa Golden Hurricane,Committed,0,3.0,85.0,2304.0,233.0,2023,2026-01-19T14:28:00,https://on3static.com/uploads/assets/538/589/589538.png,https://www.on3.com/db/dailen-howard-284209/,portal_wire_football_2026
Willie Goodwyn,CB,Cincinnati Bearcats,Tulsa Golden Hurricane,Committed,0,3.0,84.0,2522.0,303.0,2024,2026-01-19T14:18:00,https://on3static.com/uploads/assets/635/304/304635.png,https://www.on3.com/db/willie-goodwyn-177742/,portal_wire_football_2026
Durell Robinson,RB,Auburn Tigers,Colorado State Rams,Committed,0,3.0,87.0,702.0,74.0,2023,2026-01-19T13:56:00,https://on3static.com/uploads/assets/139/392/392139.jpg,https://www.on3.com/db/durell-robinson-147128/,portal_wire_football_2026
Jamond Mathis,EDGE,Kent State Golden Flashes,Texas Tech Red Raiders,Committed,0,3.0,88.0,1501.0,31.0,2023,2026-01-19T13:36:00,https://on3static.com/uploads/assets/199/585/585199.png,https://www.on3.com/db/jamond-mathis-56323/,portal_wire_football_2026
Corey Amos,EDGE,Ole Miss Rebels,Grambling State Tigers,Committed,0,3.0,86.0,1684.0,129.0,2025,2026-01-19T13:26:00,https://on3static.com/uploads/assets/969/266/266969.jpg,https://www.on3.com/db/corey-amos-178947/,portal_wire_football_2026
Evan Malcore,OT,Northern Illinois Huskies,Miami (OH) RedHawks,Committed,0,3.0,88.0,901.0,32.0,2022,2026-01-19T13:24:00,https://on3static.com/uploads/assets/631/511/511631.png,https://www.on3.com/db/evan-malcore-43319/,portal_wire_football_2026
Shamar Riser-Pressley,EDGE,Buffalo Bulls,Connecticut Huskies,Committed,0,3.0,81.0,2668.0,225.0,2024,2026-01-19T12:45:00,https://on3static.com/uploads/assets/10/328/328010.jpeg,https://www.on3.com/db/shamar-riser-pressley-154619/,portal_wire_football_2026
Elo Modozie,EDGE,Georgia Bulldogs,Purdue Boilermakers,Committed,0,3.0,88.0,145.0,51.0,2022,2026-01-19T12:40:00,https://on3static.com/uploads/assets/356/440/440356.png,https://www.on3.com/db/elo-modozie-250623/,portal_wire_football_2026
Chapman Lewis,S,Texas Tech Red Raiders,Utah State Aggies,Committed,0,3.0,87.0,749.0,59.0,2023,2026-01-19T12:36:00,https://on3static.com/uploads/assets/260/167/167260.png,https://www.on3.com/db/chapman-lewis-150414/,portal_wire_football_2026
Dara Adeyemi,OT,Bucknell Bison,Stanford Cardinal,Committed,0,3.0,86.0,1913.0,125.0,2023,2026-01-19T12:23:00,https://on3static.com/uploads/assets/355/585/585355.png,https://www.on3.com/db/dara-adeyemi-283898/,portal_wire_football_2026
Stylz Blackmon,IOL,Augustana Vikings,Wisconsin Badgers,Committed,0,3.0,84.0,2300.0,192.0,2024,2026-01-19T11:45:00,https://on3static.com/uploads/assets/897/588/588897.png,https://www.on3.com/db/stylz-blackmon-180893/,portal_wire_football_2026
Gav Holman,LB,Florida State Seminoles,Mississippi State Bulldogs,Committed,0,3.0,85.0,2303.0,210.0,2024,2026-01-19T11:42:00,https://on3static.com/uploads/assets/945/589/589945.png,https://www.on3.com/db/gav-holman-284241/,portal_wire_football_2026
Gavin Sawchuk,RB,Florida State Seminoles,Northwestern Wildcats,Committed,0,3.0,88.0,577.0,36.0,2022,2026-01-19T11:30:00,https://on3static.com/uploads/assets/189/86/86189.jpeg,https://www.on3.com/db/gavin-sawchuk-45449/,portal_wire_football_2026
DJ Black,WR,UCF Knights,South Carolina Gamecocks,Committed,0,3.0,84.0,2127.0,340.0,2022,2026-01-19T11:29:00,https://on3static.com/uploads/assets/681/564/564681.PNG,https://www.on3.com/db/dj-black-152556/,portal_wire_football_2026
Landen Marshall,DL,Georgia Tech Yellow Jackets,Georgia Tech Yellow Jackets,Withdrawn,0,0.0,,,,2024,2026-01-19T11:29:00,https://on3static.com/uploads/assets/542/333/333542.png,https://www.on3.com/db/landen-marshall-153251/,portal_wire_football_2026
Tim Grear,WR,Akron Zips,,Entered,0,3.0,84.0,2635.0,365.0,2021,2026-01-19T11:28:00,https://on3static.com/uploads/assets/106/390/390106.png,https://www.on3.com/db/tim-grear-174313/,portal_wire_football_2026
Samuel Dankah,EDGE,East Carolina Pirates,,Entered,0,3.0,86.0,1743.0,156.0,2022,2026-01-19T11:28:00,https://on3static.com/uploads/assets/469/213/213469.jpeg,https://www.on3.com/db/samuel-dankah-148383/,portal_wire_football_2026
Kobi Albert,S,Connecticut Huskies,,Entered,0,3.0,84.0,2632.0,238.0,2022,2026-01-19T11:23:00,https://on3static.com/uploads/assets/826/465/465826.jpg,https://www.on3.com/db/kobi-albert-50627/,portal_wire_football_2026
Davi Belfort,QB,UCF Knights,James Madison Dukes,Committed,172943,3.0,85.0,2256.0,125.0,2024,2026-01-19T11:07:00,https://on3static.com/uploads/assets/684/564/564684.PNG,https://www.on3.com/db/davi-belfort-31395/,portal_wire_football_2026
Brayden Hall,CB,Central Connecticut State Blue Devils,Marshall Thundering Herd,Committed,0,3.0,87.0,597.0,81.0,2022,2026-01-19T10:50:00,https://on3static.com/uploads/assets/830/576/576830.png,https://www.on3.com/db/brayden-hall-241480/,portal_wire_football_2026
Shane Carr,WR,Southern Utah Thunderbirds,Kentucky Wildcats,Committed,0,3.0,87.0,1088.0,148.0,2023,2026-01-19T10:45:00,https://on3static.com/uploads/assets/826/588/588826.png,https://www.on3.com/db/shane-carr-283862/,portal_wire_football_2026
Carson Brown,WR,Iowa State Cyclones,Hawaii Rainbow Warriors,Committed,0,3.0,84.0,2465.0,330.0,2022,2026-01-19T10:44:00,https://on3static.com/uploads/assets/262/576/576262.png,https://www.on3.com/db/carson-brown-163515/,portal_wire_football_2026
Kamari Todd,CB,Chattanooga Mocs,Auburn Tigers,Committed,0,3.0,87.0,1724.0,146.0,2025,2026-01-19T10:33:00,https://on3static.com/uploads/assets/324/589/589324.png,https://www.on3.com/db/kamari-todd-241601/,portal_wire_football_2026
Wyatt Hook,TE,Michigan State Spartans,Akron Zips,Committed,0,3.0,84.0,2485.0,143.0,2024,2026-01-19T10:27:00,https://on3static.com/uploads/assets/651/269/269651.png,https://www.on3.com/db/wyatt-hook-155781/,portal_wire_football_2026
Jeremiah Beck Jr.,TE,Arkansas Razorbacks,Southern Miss Golden Eagles,Committed,0,,,,,2023,2026-01-19T10:27:00,https://on3static.com/uploads/assets/310/593/593310.png,https://www.on3.com/db/jeremiah-beck-jr-284575/,portal_wire_football_2026
Anthony Crenshaw,S,Delaware Fightin' Blue Hens,Baylor Bears,Committed,0,3.0,85.0,2308.0,201.0,2023,2026-01-19T10:25:00,https://on3static.com/uploads/assets/385/589/589385.png,https://www.on3.com/db/anthony-crenshaw-5999/,portal_wire_football_2026
Maximus McCree,OT,Washington Huskies,Washington State Cougars,Committed,0,3.0,86.0,1744.0,150.0,2020,2026-01-19T10:22:00,https://on3static.com/uploads/assets/655/316/316655.png,https://www.on3.com/db/maximus-mccree-146062/,portal_wire_football_2026
Mason Barton,OT,Jackson State Tigers,Coastal Carolina Chanticleers,Committed,0,3.0,86.0,1741.0,138.0,2024,2026-01-19T10:19:00,https://on3static.com/uploads/assets/370/589/589370.png,https://www.on3.com/db/mason-barton-284195/,portal_wire_football_2026
Tyler Thomas,DL,South Alabama Jaguars,Kentucky Wildcats,Committed,0,3.0,87.0,2292.0,124.0,2023,2026-01-19T10:16:00,https://on3static.com/uploads/assets/809/588/588809.png,https://www.on3.com/db/tyler-thomas-154963/,portal_wire_football_2026
Mason Mims,QB,Louisville Cardinals,East Tennessee State Buccaneers,Committed,0,3.0,86.0,1729.0,119.0,2025,2026-01-19T10:11:00,https://on3static.com/uploads/assets/128/123/123128.png,https://www.on3.com/db/mason-mims-162846/,portal_wire_football_2026
Garret Rangel,QB,Virginia Tech Hokies,The University of Texas Rio Grande Valley Vaqueros,Committed,0,3.0,86.0,2051.0,101.0,2022,2026-01-19T09:59:00,https://on3static.com/uploads/assets/582/226/226582.png,https://www.on3.com/db/garret-rangel-44868/,portal_wire_football_2026
Tommy Ulatowski,QB,Kennesaw State Owls,Appalachian State Mountaineers,Committed,0,3.0,85.0,2305.0,137.0,2022,2026-01-19T09:57:00,https://on3static.com/uploads/assets/355/589/589355.png,https://www.on3.com/db/tommy-ulatowski-113698/,portal_wire_football_2026
Ricky Johnson,WR,Mississippi State Bulldogs,Utah Utes,Committed,0,3.0,85.0,2286.0,302.0,2024,2026-01-19T09:54:00,https://on3static.com/uploads/assets/267/332/332267.png,https://www.on3.com/db/ricky-johnson-176484/,portal_wire_football_2026
Chance Harrison,S,Colorado State Rams,Western Illinois Leathernecks,Committed,0,3.0,84.0,2637.0,254.0,2024,2026-01-19T09:53:00,https://on3static.com/uploads/assets/368/213/213368.jpg,https://www.on3.com/db/chance-harrison-154187/,portal_wire_football_2026
Troy Stellato,WR,Kentucky Wildcats,UNLV Rebels,Committed,0,3.0,86.0,1366.0,243.0,2021,2026-01-19T09:52:00,https://on3static.com/uploads/assets/795/18/18795.jpeg,https://www.on3.com/db/troy-stellato-116714/,portal_wire_football_2026
Keegan Patterson,QB,Indiana State Sycamores,Northern Colorado Bears,Committed,0,3.0,85.0,2306.0,146.0,2022,2026-01-19T09:49:00,https://on3static.com/uploads/assets/655/95/95655.png,https://www.on3.com/db/keegan-patterson-157277/,portal_wire_football_2026
William Boone,OT,North Carolina Tar Heels,Texas State Bobcats,Committed,0,3.0,87.0,1127.0,51.0,2022,2026-01-19T08:50:00,https://on3static.com/uploads/assets/970/470/470970.png,https://www.on3.com/db/william-boone-247293/,portal_wire_football_2026
Makhi Frazier,RB,Michigan State Spartans,Ole Miss Rebels,Committed,0,4.0,90.0,129.0,9.0,2024,2026-01-19T08:49:00,https://on3static.com/uploads/assets/730/561/561730.png,https://www.on3.com/db/makhi-frazier-81375/,portal_wire_football_2026
Kaleb Jackson,RB,LSU Tigers,North Carolina Tar Heels,Committed,0,3.0,87.0,914.0,63.0,2023,2026-01-19T08:48:00,https://on3static.com/uploads/assets/818/588/588818.png,https://www.on3.com/db/kaleb-jackson-145458/,portal_wire_football_2026
Zack Owens,IOL,Mississippi State Bulldogs,Missouri Tigers,Committed,0,3.0,87.0,853.0,98.0,2023,2026-01-19T08:42:00,https://on3static.com/uploads/assets/762/588/588762.jpg,https://www.on3.com/db/zack-owens-146502/,portal_wire_football_2026
Brandon Homady,IOL,West Virginia Mountaineers,North Carolina Tar Heels,Committed,0,3.0,81.0,2958.0,233.0,2025,2026-01-19T08:04:00,https://on3static.com/uploads/assets/567/386/386567.png,https://www.on3.com/db/brandon-homady-180414/,portal_wire_football_2026
Mantrez Walker,LB,Colorado Buffaloes,UAB Blazers,Committed,0,3.0,86.0,1964.0,154.0,2025,2026-01-19T07:45:00,https://on3static.com/uploads/assets/945/210/210945.png,https://www.on3.com/db/mantrez-walker-151526/,portal_wire_football_2026
Keshawn Hayden,DL,Central Michigan Chippewas,Eastern Kentucky Colonels,Committed,0,3.0,86.0,1458.0,199.0,2023,2026-01-19T07:23:00,https://on3static.com/uploads/assets/383/589/589383.png,https://www.on3.com/db/keshawn-hayden-151262/,portal_wire_football_2026
Melvin Jordan,LB,Georgia Tech Yellow Jackets,Georgia Tech Yellow Jackets,Withdrawn,0,,,,,2022,2026-01-18T23:14:00,https://on3static.com/uploads/assets/76/22/22076.jpeg,https://www.on3.com/db/melvin-jordan-144441/,portal_wire_football_2026
Justin Terry,OT,Ohio State Buckeyes,Virginia Tech Hokies,Committed,0,3.0,85.0,1898.0,183.0,2024,2026-01-18T22:20:00,https://on3static.com/uploads/assets/911/580/580911.png,https://www.on3.com/db/justin-terry-176627/,portal_wire_football_2026
D'antre Robinson,DL,North Carolina Tar Heels,Oregon Ducks,Committed,0,4.0,90.0,109.0,8.0,2024,2026-01-18T22:07:00,https://on3static.com/uploads/assets/939/470/470939.jpg,https://www.on3.com/db/dantre-robinson-150731/,portal_wire_football_2026
Kamar Mothudi,LB,Oregon Ducks,California Golden Bears,Committed,0,3.0,88.0,799.0,44.0,2024,2026-01-18T21:47:00,https://on3static.com/uploads/assets/129/304/304129.png,https://www.on3.com/db/kamar-mothudi-158404/,portal_wire_football_2026
Nathaniel Staehling,LB,North Dakota State Bison,Michigan Wolverines,Committed,0,3.0,87.0,1095.0,96.0,2022,2026-01-18T21:38:00,https://on3static.com/uploads/assets/899/588/588899.png,https://www.on3.com/db/nathaniel-staehling-146026/,portal_wire_football_2026
J'Dan Burnett,EDGE,Tulsa Golden Hurricane,Rutgers Scarlet Knights,Committed,0,3.0,87.0,1135.0,78.0,2021,2026-01-18T21:15:00,https://on3static.com/uploads/assets/99/390/390099.png,https://www.on3.com/db/jdan-burnett-50233/,portal_wire_football_2026
Brycen Scott,CB,Elon Phoenix,Louisville Cardinals,Committed,0,3.0,86.0,1346.0,222.0,2024,2026-01-18T20:51:00,https://on3static.com/uploads/assets/425/589/589425.png,https://www.on3.com/db/brycen-scott-238423/,portal_wire_football_2026
Dominic Macon,DL,Washington Huskies,Oklahoma State Cowboys,Committed,0,3.0,86.0,1627.0,200.0,2025,2026-01-18T20:31:00,https://on3static.com/uploads/assets/538/327/327538.png,https://www.on3.com/db/dominic-macon-242180/,portal_wire_football_2026
Tyler Johnson,OT,Auburn Tigers,Kansas State Wildcats,Committed,0,3.0,86.0,1601.0,108.0,2023,2026-01-18T20:04:00,https://on3static.com/uploads/assets/657/303/303657.png,https://www.on3.com/db/tyler-johnson-152297/,portal_wire_football_2026
Mose Phillips III,S,Missouri Tigers,Oklahoma State Cowboys,Committed,0,3.0,86.0,1676.0,119.0,2023,2026-01-18T19:35:00,https://on3static.com/uploads/assets/802/162/162802.png,https://www.on3.com/db/mose-phillips-iii-154885/,portal_wire_football_2026
Myles Libman,WR,Stanford Cardinal,New Mexico State Aggies,Committed,0,3.0,84.0,2422.0,379.0,2023,2026-01-18T19:32:00,https://on3static.com/uploads/assets/319/226/226319.png,https://www.on3.com/db/myles-libman-147503/,portal_wire_football_2026
Moussa Kane,S,Duke Blue Devils,Connecticut Huskies,Committed,0,3.0,85.0,2221.0,195.0,2023,2026-01-18T18:47:00,https://on3static.com/uploads/assets/669/304/304669.png,https://www.on3.com/db/moussa-kane-146551/,portal_wire_football_2026
Mike Baker,K,Ole Miss Rebels,Connecticut Huskies,Committed,0,3.0,80.0,3111.0,56.0,2024,2026-01-18T18:45:00,https://on3static.com/uploads/assets/550/274/274550.jpg,https://www.on3.com/db/mike-baker-239607/,portal_wire_football_2026
Zion Kearney,WR,Oklahoma Sooners,Wisconsin Badgers,Committed,0,3.0,87.0,1047.0,139.0,2024,2026-01-18T18:42:00,https://on3static.com/uploads/assets/952/331/331952.png,https://www.on3.com/db/zion-kearney-150589/,portal_wire_football_2026
David Laganga,LS,Kentucky Wildcats,Connecticut Huskies,Committed,0,3.0,80.0,3090.0,45.0,2022,2026-01-18T17:23:00,,https://www.on3.com/db/david-laganga-199286/,portal_wire_football_2026
Enoch Wangoy,OT,Florida Gators,Ole Miss Rebels,Committed,0,3.0,86.0,1859.0,107.0,2024,2026-01-18T17:18:00,https://on3static.com/uploads/assets/496/335/335496.png,https://www.on3.com/db/enoch-wangoy-238872/,portal_wire_football_2026
JD Davis,WR,Kansas State Wildcats,Memphis Tigers,Committed,0,3.0,86.0,1720.0,254.0,2023,2026-01-18T17:06:00,https://on3static.com/uploads/assets/35/383/383035.jpg,https://www.on3.com/db/jd-davis-246674/,portal_wire_football_2026
Markus Boswell,LB,Akron Zips,Texas Longhorns,Committed,0,3.0,87.0,1695.0,106.0,2025,2026-01-18T16:59:00,https://on3static.com/uploads/assets/682/161/161682.png,https://www.on3.com/db/markus-boswell-161869/,portal_wire_football_2026
Jonathan Allen,DL,UAB Blazers,Virginia Cavaliers,Committed,0,3.0,86.0,2289.0,149.0,2023,2026-01-18T16:54:00,https://on3static.com/uploads/assets/486/588/588486.png,https://www.on3.com/db/jonathan-allen-64511/,portal_wire_football_2026
Joshua Pierce,EDGE,North Texas Mean Green,California Golden Bears,Committed,0,3.0,86.0,1868.0,124.0,2023,2026-01-18T16:51:00,https://on3static.com/uploads/assets/311/576/576311.png,https://www.on3.com/db/joshua-pierce-176450/,portal_wire_football_2026
Kaleb Beasley,CB,Tennessee Volunteers,Louisville Cardinals,Committed,0,3.0,87.0,1080.0,82.0,2024,2026-01-18T16:47:00,https://on3static.com/uploads/assets/108/194/194108.png,https://www.on3.com/db/kaleb-beasley-70665/,portal_wire_football_2026
Mason Clinton,DL,Southern Miss Golden Eagles,Florida Gators,Committed,0,3.0,85.0,1920.0,237.0,2023,2026-01-18T16:30:00,https://on3static.com/uploads/assets/483/370/370483.png,https://www.on3.com/db/mason-clinton-175643/,portal_wire_football_2026
Trajen Odom,DL,Ohio State Buckeyes,Arkansas Razorbacks,Committed,0,3.0,87.0,1084.0,87.0,2025,2026-01-18T16:21:00,https://on3static.com/uploads/assets/278/317/317278.jpg,https://www.on3.com/db/trajen-odom-236253/,portal_wire_football_2026
Isaiah Fuhrmann,WR,Elon Phoenix,Georgia Tech Yellow Jackets,Committed,0,3.0,87.0,1793.0,96.0,2024,2026-01-18T16:15:00,https://on3static.com/uploads/assets/35/153/153035.png,https://www.on3.com/db/isaiah-fuhrmann-177229/,portal_wire_football_2026
Khalil Wilkins,QB,West Virginia Mountaineers,Marshall Thundering Herd,Committed,0,3.0,85.0,1814.0,140.0,2024,2026-01-18T16:14:00,https://on3static.com/uploads/assets/919/334/334919.png,https://www.on3.com/db/khalil-wilkins-155261/,portal_wire_football_2026
Jayvon McFadden,IOL,Ohio State Buckeyes,Colorado Buffaloes,Committed,135900,3.0,88.0,763.0,30.0,2025,2026-01-18T16:11:00,https://on3static.com/uploads/assets/871/188/188871.png,https://www.on3.com/db/jayvon-mcfadden-153203/,portal_wire_football_2026
Jadyn Davis,QB,Michigan Wolverines,East Tennessee State Buccaneers,Committed,132462,3.0,87.0,923.0,58.0,2024,2026-01-18T16:04:00,https://on3static.com/uploads/assets/596/302/302596.png,https://www.on3.com/db/jadyn-davis-52766/,portal_wire_football_2026
Jordan Davis,OT,South Alabama Jaguars,UCLA Bruins,Committed,0,3.0,86.0,1721.0,112.0,2021,2026-01-18T16:03:00,https://on3static.com/uploads/dev/assets/697/4/4697.jpg,https://www.on3.com/db/jordan-davis-65370/,portal_wire_football_2026
Jonah Martinez,CB,TCU Horned Frogs,Southern Miss Golden Eagles,Committed,0,3.0,86.0,1728.0,234.0,2023,2026-01-18T16:02:00,https://on3static.com/uploads/assets/442/387/387442.png,https://www.on3.com/db/jonah-martinez-246756/,portal_wire_football_2026
Jaden Hart,RB,Syracuse Orange,Connecticut Huskies,Committed,0,3.0,86.0,1727.0,158.0,2024,2026-01-18T16:01:00,https://on3static.com/uploads/assets/895/588/588895.jpg,https://www.on3.com/db/jaden-hart-52621/,portal_wire_football_2026
Jah Jah Boyd,CB,Indiana Hoosiers,Colorado Buffaloes,Committed,0,3.0,87.0,1635.0,127.0,2024,2026-01-18T15:53:00,https://on3static.com/uploads/assets/381/127/127381.png,https://www.on3.com/db/jah-jah-boyd-174797/,portal_wire_football_2026
Corey Smith,RB,Penn State Nittany Lions,Toledo Rockets,Committed,0,3.0,87.0,685.0,106.0,2024,2026-01-18T15:47:00,https://on3static.com/uploads/assets/546/346/346546.png,https://www.on3.com/db/corey-smith-151584/,portal_wire_football_2026
Bleu Dantzler,EDGE,Oregon State Beavers,Oregon Ducks,Committed,0,3.0,85.0,2294.0,166.0,2025,2026-01-18T15:32:00,https://on3static.com/uploads/assets/989/355/355989.png,https://www.on3.com/db/bleu-dantzler-179095/,portal_wire_football_2026
Joshua Dye,RB,Southern Utah Thunderbirds,Ole Miss Rebels,Committed,0,3.0,88.0,1999.0,31.0,2023,2026-01-18T15:22:00,https://on3static.com/uploads/assets/177/391/391177.png,https://www.on3.com/db/joshua-dye-177318/,portal_wire_football_2026
Micah Harper,CB,Montana Grizzlies,Iowa State Cyclones,Committed,0,3.0,87.0,1083.0,72.0,2020,2026-01-18T14:53:00,https://on3static.com/uploads/dev/assets/28/3/3028.jpg,https://www.on3.com/db/micah-harper-87162/,portal_wire_football_2026
Ethan Tranel,P,Wisconsin La Crosse Eagles,Wisconsin Badgers,Committed,0,3.0,80.0,3116.0,28.0,2023,2026-01-18T14:42:00,https://on3static.com/uploads/assets/20/590/590020.png,https://www.on3.com/db/ethan-tranel-284251/,portal_wire_football_2026
Le'Kell McGowan,EDGE,Memphis Tigers,Louisiana-Monroe Warhawks,Committed,0,3.0,81.0,2690.0,230.0,2024,2026-01-18T14:32:00,https://on3static.com/uploads/assets/287/232/232287.png,https://www.on3.com/db/lekell-mcgowan-180686/,portal_wire_football_2026
Ryan Staub,QB,Colorado Buffaloes,Tennessee Volunteers,Committed,0,3.0,86.0,1871.0,115.0,2023,2026-01-18T14:29:00,https://on3static.com/uploads/assets/289/242/242289.jpeg,https://www.on3.com/db/ryan-staub-148008/,portal_wire_football_2026
Noah Bennee,TE,Weber State Wildcats,Utah Utes,Committed,0,3.0,85.0,2290.0,126.0,2021,2026-01-18T14:28:00,https://on3static.com/uploads/assets/400/588/588400.png,https://www.on3.com/db/noah-bennee-161707/,portal_wire_football_2026
Dilan Williamson,CB,Concordia University Golden Bears,Memphis Tigers,Committed,0,3.0,85.0,2291.0,279.0,2022,2026-01-18T14:24:00,https://on3static.com/uploads/assets/447/589/589447.png,https://www.on3.com/db/dilan-williamson-284127/,portal_wire_football_2026
Rickey Stewart Jr.,RB,Texas Longhorns,Stephen F. Austin Lumberjacks,Committed,0,3.0,87.0,1264.0,62.0,2025,2026-01-18T14:14:00,https://on3static.com/uploads/assets/974/304/304974.png,https://www.on3.com/db/rickey-stewart-jr-152172/,portal_wire_football_2026
Noah Mangham,CB,Abilene Christian Wildcats,Georgia Southern Eagles,Committed,0,0.0,,,,2022,2026-01-18T14:05:00,https://on3static.com/uploads/assets/523/589/589523.png,https://www.on3.com/db/noah-mangham-284206/,portal_wire_football_2026
Sterling Sanders,DL,Boston College Eagles,UAB Blazers,Committed,0,3.0,84.0,2347.0,262.0,2025,2026-01-18T14:04:00,https://on3static.com/uploads/assets/24/200/200024.JPG,https://www.on3.com/db/sterling-sanders-180031/,portal_wire_football_2026
Jaden Barnes,WR,Appalachian State Mountaineers,Charlotte 49ers,Committed,0,,,,,2023,2026-01-18T13:55:00,https://on3static.com/uploads/assets/179/392/392179.png,https://www.on3.com/db/jaden-barnes-159179/,portal_wire_football_2026
Trevor Wilson,TE,Campbell Fighting Camels,Buffalo Bulls,Committed,0,,,,,2022,2026-01-18T13:44:00,https://on3static.com/uploads/assets/486/589/589486.png,https://www.on3.com/db/trevor-wilson-163733/,portal_wire_football_2026
Isaiah Hardge,WR,Colorado Buffaloes,Tennessee Volunteers,Committed,0,3.0,84.0,2246.0,369.0,2023,2026-01-18T13:41:00,https://on3static.com/uploads/assets/302/242/242302.jpeg,https://www.on3.com/db/isaiah-hardge-146431/,portal_wire_football_2026
Tyson Davis,WR,Central Michigan Chippewas,Virginia Cavaliers,Committed,0,3.0,86.0,1883.0,177.0,2021,2026-01-18T13:29:00,https://on3static.com/uploads/assets/362/389/389362.png,https://www.on3.com/db/tyson-davis-119011/,portal_wire_football_2026
Dylan Rowsey,S,Louisville Cardinals,Murray State Racers,Committed,0,,,,,2023,2026-01-18T12:39:00,https://on3static.com/uploads/assets/33/586/586033.png,https://www.on3.com/db/dylan-rowsey-283956/,portal_wire_football_2026
Christian Moss,WR,Kennesaw State Owls,Washington Huskies,Committed,0,3.0,87.0,1001.0,99.0,2021,2026-01-18T12:25:00,https://on3static.com/uploads/assets/439/16/16439.jpeg,https://www.on3.com/db/christian-moss-23064/,portal_wire_football_2026
James Williams,IOL,UTEP Miners,New Mexico State Aggies,Committed,0,,,,,2024,2026-01-18T12:22:00,https://on3static.com/uploads/assets/455/589/589455.png,https://www.on3.com/db/james-williams-249664/,portal_wire_football_2026
Jack Luttrell,S,Arizona Wildcats,Auburn Tigers,Committed,0,3.0,86.0,1923.0,181.0,2023,2026-01-18T12:18:00,https://on3static.com/uploads/assets/222/226/226222.jpeg,https://www.on3.com/db/jack-luttrell-51197/,portal_wire_football_2026
Jack Leyrer,OT,Stanford Cardinal,Auburn Tigers,Committed,0,3.0,86.0,1995.0,118.0,2021,2026-01-18T12:17:00,https://on3static.com/uploads/assets/557/16/16557.jpeg,https://www.on3.com/db/jack-leyrer-51183/,portal_wire_football_2026
Preztynn Harrison,WR,Texas Tech Red Raiders,Howard Payne Yellow Jackets,Committed,0,3.0,87.0,564.0,129.0,2025,2026-01-18T12:16:00,https://on3static.com/uploads/assets/228/279/279228.png,https://www.on3.com/db/preztynn-harrison-239933/,portal_wire_football_2026
Joshua Ofor,LB,NC State Wolfpack,Arkansas State Red Wolves,Committed,0,,,,,2024,2026-01-18T12:15:00,https://on3static.com/uploads/assets/369/297/297369.png,https://www.on3.com/db/joshua-ofor-175781/,portal_wire_football_2026
Andrew Laurich,DL,Colorado State Rams,Connecticut Huskies,Committed,0,3.0,86.0,1723.0,213.0,2023,2026-01-18T12:14:00,https://on3static.com/uploads/assets/339/588/588339.png,https://www.on3.com/db/andrew-laurich-151330/,portal_wire_football_2026
Braden Sullivan,LB,Eastern Kentucky Colonels,UAB Blazers,Committed,0,0.0,,,,2023,2026-01-18T12:11:00,https://on3static.com/uploads/assets/479/567/567479.png,https://www.on3.com/db/braden-sullivan-238525/,portal_wire_football_2026
Devin Ellison,WR,Washington State Cougars,New Mexico State Aggies,Committed,0,3.0,84.0,2389.0,373.0,2020,2026-01-18T12:05:00,https://on3static.com/uploads/assets/806/402/402806.png,https://www.on3.com/db/devin-ellison-35993/,portal_wire_football_2026
Tyrese Whitaker,EDGE,Temple Owls,Tennessee Tech Golden Eagles,Committed,0,3.0,84.0,2399.0,197.0,2023,2026-01-18T12:04:00,https://on3static.com/uploads/assets/51/56/56051.jpeg,https://www.on3.com/db/tyrese-whitaker-152327/,portal_wire_football_2026
Max Drag,TE,UCF Knights,South Carolina Gamecocks,Committed,0,3.0,85.0,2293.0,112.0,2023,2026-01-18T12:04:00,https://on3static.com/uploads/assets/746/564/564746.PNG,https://www.on3.com/db/max-drag-156758/,portal_wire_football_2026
Parker Fulghum,WR,Clemson Tigers,Louisiana-Monroe Warhawks,Committed,0,,,,,2024,2026-01-18T11:59:00,https://on3static.com/uploads/assets/826/592/592826.png,https://www.on3.com/db/parker-fulghum-284523/,portal_wire_football_2026
Ty Doughty,RB,Mercer Bears,,Entered,0,,,,,2025,2026-01-18T11:54:00,https://on3static.com/uploads/assets/438/589/589438.png,https://www.on3.com/db/ty-doughty-241291/,portal_wire_football_2026
Javin Simpkins,RB,Coastal Carolina Chanticleers,UAB Blazers,Committed,0,3.0,86.0,1651.0,123.0,2023,2026-01-18T11:51:00,https://on3static.com/uploads/assets/452/340/340452.png,https://www.on3.com/db/javin-simpkins-58065/,portal_wire_football_2026
Tanner Philpott,P,Simpson College Storm,Iowa Hawkeyes,Committed,0,3.0,80.0,3110.0,45.0,2024,2026-01-18T11:50:00,https://on3static.com/uploads/assets/754/587/587754.jpg,https://www.on3.com/db/tanner-philpott-284093/,portal_wire_football_2026
Brady Jones,QB,Western Michigan Broncos,Oregon State Beavers,Committed,0,0.0,,,,2022,2026-01-18T11:49:00,https://on3static.com/uploads/assets/434/589/589434.png,https://www.on3.com/db/brady-jones-284198/,portal_wire_football_2026
Jason Hall,LB,Villanova Wildcats,West Virginia Mountaineers,Committed,0,3.0,86.0,1925.0,186.0,2023,2026-01-18T11:48:00,https://on3static.com/uploads/assets/328/588/588328.jpg,https://www.on3.com/db/jason-hall-284121/,portal_wire_football_2026
Justin Wallace,EDGE,Western Carolina Catamounts,Memphis Tigers,Committed,0,3.0,85.0,2408.0,182.0,2022,2026-01-18T11:46:00,https://on3static.com/uploads/assets/545/567/567545.png,https://www.on3.com/db/justin-wallace-233615/,portal_wire_football_2026
Desmond Umeozulu,EDGE,South Carolina Gamecocks,Alabama Crimson Tide,Committed,0,3.0,87.0,845.0,91.0,2023,2026-01-18T11:36:00,https://on3static.com/uploads/assets/983/256/256983.png,https://www.on3.com/db/desmond-umeozulu-147291/,portal_wire_football_2026
CJ Bell,CB,Iowa Hawkeyes,Connecticut Huskies,Committed,0,3.0,86.0,1602.0,212.0,2025,2026-01-18T11:32:00,https://on3static.com/uploads/assets/355/491/491355.jpg,https://www.on3.com/db/cj-bell-158350/,portal_wire_football_2026
Joshua Raymond,OT,Florida State Seminoles,Georgia Southern Eagles,Committed,0,3.0,84.0,2588.0,192.0,2024,2026-01-18T11:16:00,https://on3static.com/uploads/assets/338/176/176338.png,https://www.on3.com/db/joshua-raymond-177133/,portal_wire_football_2026
Blanche Gold,EDGE,Morgan State Bears,UAB Blazers,Committed,0,0.0,,,,2022,2026-01-18T11:15:00,https://on3static.com/uploads/assets/408/567/567408.png,https://www.on3.com/db/blanche-gold-203439/,portal_wire_football_2026
Ricky Lee,CB,Sacramento State Hornets,Middle Tennessee State Blue Raiders,Committed,0,3.0,87.0,1277.0,80.0,2023,2026-01-18T11:15:00,https://on3static.com/uploads/assets/178/391/391178.png,https://www.on3.com/db/ricky-lee-150814/,portal_wire_football_2026
Kenneth Williams,RB,Nebraska Cornhuskers,Michigan State Spartans,Committed,0,3.0,81.0,2753.0,227.0,2023,2026-01-18T11:13:00,https://on3static.com/uploads/assets/434/333/333434.png,https://www.on3.com/db/kenneth-williams-236112/,portal_wire_football_2026
Chase Jenkins,QB,Rice Owls,Kansas Jayhawks,Committed,0,3.0,85.0,2091.0,141.0,2023,2026-01-18T11:07:00,https://on3static.com/uploads/assets/588/575/575588.png,https://www.on3.com/db/chase-jenkins-145070/,portal_wire_football_2026
Dylan Edwards,RB,Kansas State Wildcats,Kansas Jayhawks,Committed,102930,3.0,88.0,230.0,34.0,2023,2026-01-18T11:04:00,https://on3static.com/uploads/assets/272/242/242272.jpeg,https://www.on3.com/db/dylan-edwards-39872/,portal_wire_football_2026
Dylan Chiedo,EDGE,Furman Paladins,South Alabama Jaguars,Committed,0,,,,,2022,2026-01-18T11:03:00,https://on3static.com/uploads/assets/817/13/13817.jpeg,https://www.on3.com/db/dylan-chiedo-39825/,portal_wire_football_2026
Austin Ausberry,S,LSU Tigers,Baylor Bears,Committed,0,3.0,86.0,1926.0,120.0,2022,2026-01-18T10:58:00,https://on3static.com/uploads/assets/832/93/93832.jpg,https://www.on3.com/db/austin-ausberry-8159/,portal_wire_football_2026
Kayden Luke,RB,Arizona Wildcats,West Virginia Mountaineers,Committed,0,3.0,83.0,2802.0,221.0,2023,2026-01-18T10:53:00,https://on3static.com/uploads/assets/341/580/580341.jpg,https://www.on3.com/db/kayden-luke-283656/,portal_wire_football_2026
Enow Etta,DL,Michigan Wolverines,Michigan Wolverines,Withdrawn,0,0.0,,,,2023,2026-01-18T10:00:00,https://on3static.com/uploads/assets/907/578/578907.png,https://www.on3.com/db/enow-etta-41898/,portal_wire_football_2026
Dwight Nunoo,LB,FIU Golden Panthers,Akron Zips,Committed,0,,,,,2022,2026-01-18T09:46:00,https://on3static.com/uploads/assets/768/588/588768.png,https://www.on3.com/db/dwight-nunoo-39721/,portal_wire_football_2026
Chris Johnson,CB,Arizona State Sun Devils,Montana Grizzlies,Committed,0,3.0,86.0,1339.0,207.0,2024,2026-01-18T09:44:00,https://on3static.com/uploads/assets/276/472/472276.jpg,https://www.on3.com/db/chris-johnson-175651/,portal_wire_football_2026
Ryan Brubaker,OT,South Carolina Gamecocks,Virginia Cavaliers,Committed,0,3.0,86.0,1912.0,152.0,2022,2026-01-17T21:52:00,https://on3static.com/uploads/assets/84/257/257084.jpg,https://www.on3.com/db/ryan-brubaker-102965/,portal_wire_football_2026
Jaylan Hornsby,WR,Syracuse Orange,Purdue Boilermakers,Committed,0,3.0,86.0,1924.0,200.0,2024,2026-01-17T21:47:00,https://on3static.com/uploads/assets/133/75/75133.png,https://www.on3.com/db/jaylan-hornsby-154717/,portal_wire_football_2026
Davion Dozier,WR,Appalachian State Mountaineers,NC State Wolfpack,Committed,0,3.0,86.0,1824.0,194.0,2023,2026-01-17T21:46:00,https://on3static.com/uploads/assets/977/303/303977.png,https://www.on3.com/db/davion-dozier-151107/,portal_wire_football_2026
Ricky Fletcher,CB,Ole Miss Rebels,California Golden Bears,Committed,0,3.0,86.0,1075.0,156.0,2022,2026-01-17T21:41:00,https://on3static.com/uploads/assets/426/441/441426.jpeg,https://www.on3.com/db/ricky-fletcher-146207/,portal_wire_football_2026
Jerome Simmons,DL,Louisiana-Monroe Warhawks,Oregon Ducks,Committed,0,3.0,85.0,1917.0,253.0,2023,2026-01-17T21:35:00,https://on3static.com/uploads/assets/332/586/586332.png,https://www.on3.com/db/jerome-simmons-238109/,portal_wire_football_2026
Michael Smith,TE,South Carolina Gamecocks,Ole Miss Rebels,Committed,0,3.0,88.0,344.0,28.0,2024,2026-01-17T21:34:00,https://on3static.com/uploads/assets/742/331/331742.png,https://www.on3.com/db/michael-smith-150319/,portal_wire_football_2026
Jason Stokes,CB,Utah Utes,Colorado Buffaloes,Committed,0,3.0,88.0,832.0,62.0,2025,2026-01-17T21:34:00,https://on3static.com/uploads/assets/415/259/259415.png,https://www.on3.com/db/jason-stokes-238948/,portal_wire_football_2026
Richard Young,RB,Alabama Crimson Tide,Colorado Buffaloes,Committed,0,3.0,87.0,1017.0,98.0,2023,2026-01-17T19:45:00,https://on3static.com/uploads/assets/338/225/225338.jpg,https://www.on3.com/db/richard-young-100090/,portal_wire_football_2026
Evan Wibberley,IOL,Kentucky Wildcats,Louisville Cardinals,Committed,0,3.0,87.0,1087.0,84.0,2022,2026-01-17T19:42:00,https://on3static.com/uploads/assets/404/88/88404.jpg,https://www.on3.com/db/evan-wibberley-43461/,portal_wire_football_2026
Kaleb Annett,QB,Boise State Broncos,UCF Knights,Committed,0,3.0,83.0,2797.0,186.0,2024,2026-01-17T18:40:00,https://on3static.com/uploads/assets/721/589/589721.PNG,https://www.on3.com/db/kaleb-annett-178288/,portal_wire_football_2026
Markus Dixon,TE,Clemson Tigers,Oregon Ducks,Committed,0,3.0,87.0,855.0,58.0,2023,2026-01-17T18:33:00,https://on3static.com/uploads/assets/515/588/588515.png,https://www.on3.com/db/markus-dixon-146453/,portal_wire_football_2026
DJ Burks,S,Appalachian State Mountaineers,Tennessee Volunteers,Committed,0,3.0,86.0,1819.0,138.0,2022,2026-01-17T18:08:00,https://on3static.com/uploads/assets/71/170/170071.png,https://www.on3.com/db/dj-burks-37264/,portal_wire_football_2026
Manny Covey,RB,Cincinnati Bearcats,Memphis Tigers,Committed,0,3.0,86.0,1581.0,129.0,2023,2026-01-17T18:03:00,https://on3static.com/uploads/assets/376/226/226376.png,https://www.on3.com/db/manny-covey-147548/,portal_wire_football_2026
Armando Nieves,OT,New Mexico State Aggies,South Carolina Gamecocks,Committed,0,3.0,85.0,1916.0,168.0,0,2026-01-17T17:51:00,https://on3static.com/uploads/assets/84/588/588084.jpeg,https://www.on3.com/db/armando-nieves-249669/,portal_wire_football_2026
Jaiven Plummer,WR,California Golden Bears,Georgia Tech Yellow Jackets,Committed,0,3.0,84.0,2245.0,371.0,2022,2026-01-17T17:49:00,https://on3static.com/uploads/assets/149/22/22149.jpeg,https://www.on3.com/db/jaiven-plummer-53226/,portal_wire_football_2026
Mar'Kel Porter,RB,Bowling Green Falcons,Northwestern Wildcats,Committed,0,3.0,82.0,2857.0,222.0,2024,2026-01-17T17:16:00,https://on3static.com/uploads/assets/602/232/232602.png,https://www.on3.com/db/markel-porter-154929/,portal_wire_football_2026
Samu Taumanupepe,DL,Baylor Bears,Colorado Buffaloes,Committed,0,3.0,84.0,2226.0,280.0,2023,2026-01-17T16:53:00,https://on3static.com/uploads/assets/807/39/39807.jpeg,https://www.on3.com/db/samu-taumanupepe-104740/,portal_wire_football_2026
Justin Krueger,EDGE,William & Mary Tribe,Massachusetts Minutemen,Committed,0,3.0,87.0,529.0,113.0,2024,2026-01-17T16:42:00,https://on3static.com/uploads/assets/569/570/570569.png,https://www.on3.com/db/justin-krueger-179795/,portal_wire_football_2026
Charly Mullaly,WR,Holy Cross Crusaders,South Carolina Gamecocks,Committed,0,3.0,84.0,2377.0,331.0,2023,2026-01-17T16:32:00,https://on3static.com/uploads/assets/19/588/588019.jpeg,https://www.on3.com/db/charly-mullaly-284094/,portal_wire_football_2026
Ezekiel Durham-Campbell,EDGE,Coastal Carolina Chanticleers,West Virginia Mountaineers,Committed,0,3.0,83.0,2211.0,216.0,2022,2026-01-17T16:24:00,https://on3static.com/uploads/assets/530/440/440530.jpg,https://www.on3.com/db/ezekiel-durham-campbell-200231/,portal_wire_football_2026
Jericho Johnson,DL,Oregon Ducks,California Golden Bears,Committed,0,3.0,87.0,263.0,115.0,2024,2026-01-17T16:20:00,https://on3static.com/uploads/assets/148/304/304148.png,https://www.on3.com/db/jericho-johnson-153184/,portal_wire_football_2026
Khamari Terrell,CB,Texas State Bobcats,Washington State Cougars,Committed,0,3.0,86.0,1682.0,214.0,2022,2026-01-17T16:18:00,https://on3static.com/uploads/assets/897/93/93897.jpeg,https://www.on3.com/db/khamari-terrell-147704/,portal_wire_football_2026
Shalik Hubbard,IOL,Monmouth Hawks,South Alabama Jaguars,Committed,0,3.0,88.0,1772.0,43.0,2022,2026-01-17T16:17:00,https://on3static.com/uploads/assets/88/558/558088.png,https://www.on3.com/db/shalik-hubbard-202906/,portal_wire_football_2026
Jaylen Moson,CB,Utah Utes,South Alabama Jaguars,Committed,0,3.0,85.0,2655.0,262.0,2023,2026-01-17T16:17:00,https://on3static.com/uploads/assets/94/442/442094.png,https://www.on3.com/db/jaylen-moson-154349/,portal_wire_football_2026
Seidrion Langston,LB,Louisiana-Monroe Warhawks,South Alabama Jaguars,Committed,0,,,,,2023,2026-01-17T16:16:00,,https://www.on3.com/db/seidrion-langston-239691/,portal_wire_football_2026
Keith Adams Jr.,RB,Clemson Tigers,Georgia State Panthers,Committed,0,3.0,83.0,2656.0,212.0,2022,2026-01-17T16:14:00,https://on3static.com/uploads/assets/926/85/85926.jpg,https://www.on3.com/db/keith-adams-jr-72016/,portal_wire_football_2026
Witt Edwards,TE,Vanderbilt Commodores,Missouri State University Bears,Committed,0,0.0,,,,2024,2026-01-17T16:13:00,https://on3static.com/uploads/assets/329/332/332329.png,https://www.on3.com/db/witt-edwards-177183/,portal_wire_football_2026
Bjorn Jurgensen,QB,Virginia Cavaliers,Hawaii Rainbow Warriors,Committed,0,3.0,86.0,1681.0,90.0,2025,2026-01-17T16:08:00,https://on3static.com/uploads/assets/99/312/312099.png,https://www.on3.com/db/bjorn-jurgensen-154096/,portal_wire_football_2026
Marcus Goree,S,Tennessee Volunteers,Troy Trojans,Committed,0,3.0,87.0,1139.0,116.0,2024,2026-01-17T16:02:00,https://on3static.com/uploads/assets/709/133/133709.jpg,https://www.on3.com/db/marcus-goree-152390/,portal_wire_football_2026
Stacy Gage,RB,UCF Knights,LSU Tigers,Committed,0,3.0,86.0,1861.0,161.0,2024,2026-01-17T15:58:00,https://on3static.com/uploads/assets/702/564/564702.PNG,https://www.on3.com/db/stacy-gage-108131/,portal_wire_football_2026
Asher Tomaszewski,DL,Kansas State Wildcats,South Dakota Coyotes,Committed,0,,,,,2023,2026-01-17T15:56:00,https://on3static.com/uploads/assets/238/209/209238.jpeg,https://www.on3.com/db/asher-tomaszewski-157310/,portal_wire_football_2026
Hunter McKee,K,Eastern Washington Eagles,Washington Huskies,Committed,0,3.0,80.0,3122.0,48.0,2025,2026-01-17T15:51:00,https://on3static.com/uploads/assets/584/589/589584.png,https://www.on3.com/db/hunter-mckee-244682/,portal_wire_football_2026
Stevie Bracey,LB,Virginia Cavaliers,Buffalo Bulls,Committed,0,3.0,83.0,2700.0,248.0,2022,2026-01-17T15:48:00,https://on3static.com/uploads/assets/908/86/86908.jpeg,https://www.on3.com/db/stevie-bracey-109131/,portal_wire_football_2026
Isaiah Thomison,DL,Bowling Green Falcons,Illinois Fighting Illini,Committed,0,3.0,87.0,1094.0,75.0,2023,2026-01-17T15:48:00,https://on3static.com/uploads/assets/416/214/214416.jpeg,https://www.on3.com/db/isaiah-thomison-158958/,portal_wire_football_2026
Omillio Agard,CB,Wisconsin Badgers,Virginia Cavaliers,Committed,0,3.0,88.0,819.0,35.0,2024,2026-01-17T15:47:00,https://on3static.com/uploads/assets/853/55/55853.png,https://www.on3.com/db/omillio-agard-94498/,portal_wire_football_2026
Kavion Henderson,DL,Arkansas Razorbacks,Troy Trojans,Committed,0,3.0,86.0,1398.0,180.0,2024,2026-01-17T15:42:00,https://on3static.com/uploads/assets/914/303/303914.png,https://www.on3.com/db/kavion-henderson-71496/,portal_wire_football_2026
Ki'Shawn Harvey,DL,East Tennessee State Buccaneers,Appalachian State Mountaineers,Committed,0,,,,,2023,2026-01-17T15:39:00,https://on3static.com/uploads/assets/576/589/589576.png,https://www.on3.com/db/kishawn-harvey-156674/,portal_wire_football_2026
Evan Smith,CB,Northwestern Wildcats,Duke Blue Devils,Committed,0,3.0,86.0,1747.0,220.0,2022,2026-01-17T15:18:00,https://on3static.com/uploads/assets/95/88/88095.jpeg,https://www.on3.com/db/evan-smith-43416/,portal_wire_football_2026
Jamorie Flagg,DL,Florida State Seminoles,FIU Golden Panthers,Committed,0,3.0,85.0,2008.0,252.0,2024,2026-01-17T15:16:00,https://on3static.com/uploads/assets/474/332/332474.png,https://www.on3.com/db/jamorie-flagg-56338/,portal_wire_football_2026
Timothy Taylor Jr.,DL,Jacksonville State Gamecocks,Bowling Green Falcons,Committed,0,,,,,2025,2026-01-17T15:14:00,,https://www.on3.com/db/timothy-taylor-jr-249709/,portal_wire_football_2026
Ryan Kingston,P,Southeast Missouri State Redhawks,Bowling Green Falcons,Committed,0,,,,,2022,2026-01-17T15:12:00,,https://www.on3.com/db/ryan-kingston-156184/,portal_wire_football_2026
Armorion Smith,S,Michigan State Spartans,Toledo Rockets,Committed,0,,,,,2021,2026-01-17T15:10:00,https://on3static.com/uploads/assets/147/235/235147.png,https://www.on3.com/db/armorion-smith-7584/,portal_wire_football_2026
Jabari Smith,WR,Florida Atlantic Owls,Ball State Cardinals,Committed,0,3.0,85.0,2018.0,281.0,2023,2026-01-17T15:06:00,https://on3static.com/uploads/assets/283/217/217283.png,https://www.on3.com/db/jabari-smith-152515/,portal_wire_football_2026
Rocco Nicholl,LB,USF Bulls,Kent State Golden Flashes,Committed,0,3.0,86.0,1511.0,194.0,2022,2026-01-17T15:05:00,,https://www.on3.com/db/rocco-nicholl-179318/,portal_wire_football_2026
Jaylen Poe,RB,Northern Illinois Huskies,Georgia State Panthers,Committed,0,,,,,2023,2026-01-17T15:04:00,,https://www.on3.com/db/jaylen-poe-175624/,portal_wire_football_2026
Paul Omodia,CB,Lamar Cardinals,Colorado Buffaloes,Committed,0,3.0,87.0,1169.0,137.0,2023,2026-01-17T15:01:00,https://on3static.com/uploads/assets/281/567/567281.png,https://www.on3.com/db/paul-omodia-150627/,portal_wire_football_2026
Terrance Green,DL,Oregon Ducks,Alabama Crimson Tide,Committed,0,3.0,89.0,167.0,15.0,2023,2026-01-17T15:01:00,https://on3static.com/uploads/assets/32/219/219032.png,https://www.on3.com/db/terrance-green-150634/,portal_wire_football_2026
Antonio Meeks,WR,Louisville Cardinals,Wake Forest Demon Deacons,Committed,0,3.0,84.0,2296.0,343.0,0,2026-01-17T15:00:00,https://on3static.com/uploads/assets/91/267/267091.png,https://www.on3.com/db/antonio-meeks-239248/,portal_wire_football_2026
Lawson Petty,IOL,Incarnate Word Cardinals,Baylor Bears,Committed,0,3.0,86.0,2295.0,149.0,2023,2026-01-17T14:59:00,https://on3static.com/uploads/assets/472/44/44472.jpg,https://www.on3.com/db/lawson-petty-150217/,portal_wire_football_2026
Dashawn Womack,EDGE,Ole Miss Rebels,Auburn Tigers,Committed,206153,4.0,90.0,106.0,14.0,2023,2026-01-17T14:58:00,https://on3static.com/uploads/assets/154/392/392154.jpg,https://www.on3.com/db/dashawn-womack-31247/,portal_wire_football_2026
Jaden Roper,DL,Georgia State Panthers,Bryant University Bulldogs,Committed,0,,,,,2023,2026-01-17T14:56:00,https://on3static.com/uploads/assets/496/370/370496.png,https://www.on3.com/db/jaden-roper-245880/,portal_wire_football_2026
Curtis Jones,LB,West Virginia Mountaineers,Virginia Tech Hokies,Committed,0,3.0,86.0,1657.0,145.0,2024,2026-01-17T14:54:00,https://on3static.com/uploads/assets/928/334/334928.png,https://www.on3.com/db/curtis-jones-158387/,portal_wire_football_2026
Daelen Alexander,RB,Rice Owls,Coastal Carolina Chanticleers,Committed,0,3.0,87.0,1286.0,108.0,2023,2026-01-17T14:53:00,https://on3static.com/uploads/assets/303/572/572303.png,https://www.on3.com/db/daelen-alexander-156373/,portal_wire_football_2026
Joseph Griffin Jr,WR,Wisconsin Badgers,Massachusetts Minutemen,Committed,0,3.0,86.0,1195.0,229.0,2022,2026-01-17T14:50:00,https://on3static.com/uploads/assets/228/165/165228.png,https://www.on3.com/db/joseph-griffin-jr-66551/,portal_wire_football_2026
Nathan Gonzales,EDGE,Indiana State Sycamores,Western Kentucky Hilltoppers,Committed,0,0.0,,,,2023,2026-01-17T14:49:00,https://on3static.com/uploads/assets/436/567/567436.png,https://www.on3.com/db/nathan-gonzales-154009/,portal_wire_football_2026
Andrew Hines,EDGE,Eastern Kentucky Colonels,South Alabama Jaguars,Committed,0,,,,,2025,2026-01-17T14:46:00,https://on3static.com/uploads/assets/947/253/253947.png,https://www.on3.com/db/andrew-hines-180666/,portal_wire_football_2026
TJ Chukwurah,WR,Black Hills State Yellow Jackets,North Texas Mean Green,Committed,0,3.0,86.0,1938.0,239.0,2021,2026-01-17T14:44:00,https://on3static.com/uploads/assets/878/552/552878.png,https://www.on3.com/db/tj-chukwurah-282423/,portal_wire_football_2026
Aaron Scott Jr.,CB,Ohio State Buckeyes,Oregon Ducks,Committed,134569,3.0,89.0,173.0,15.0,2024,2026-01-17T14:44:00,https://on3static.com/uploads/assets/657/332/332657.png,https://www.on3.com/db/aaron-scott-jr-151968/,portal_wire_football_2026
Anthony Ivey,WR,Penn State Nittany Lions,San Jose State Spartans,Committed,0,3.0,84.0,2470.0,336.0,2022,2026-01-17T14:42:00,https://on3static.com/uploads/assets/97/120/120097.png,https://www.on3.com/db/anthony-ivey-144669/,portal_wire_football_2026
Tyler Woodard,S,Mississippi State Bulldogs,Coastal Carolina Chanticleers,Committed,0,3.0,85.0,2234.0,211.0,2022,2026-01-17T14:39:00,https://on3static.com/uploads/assets/269/332/332269.png,https://www.on3.com/db/tyler-woodard-118274/,portal_wire_football_2026
Davion Weatherspoon,IOL,Ohio Bobcats,Arkansas Razorbacks,Committed,0,3.0,89.0,235.0,20.0,2021,2026-01-17T14:11:00,https://on3static.com/uploads/assets/750/584/584750.jpeg,https://www.on3.com/db/davion-weatherspoon-32334/,portal_wire_football_2026
Peyton Taylor,CB,Emporia State Hornets,North Texas Mean Green,Committed,0,3.0,86.0,1692.0,183.0,2023,2026-01-17T14:11:00,https://on3static.com/uploads/assets/118/587/587118.jpg,https://www.on3.com/db/peyton-taylor-284045/,portal_wire_football_2026
Jordan Mack,DL,Coastal Carolina Chanticleers,Baylor Bears,Committed,0,3.0,89.0,271.0,25.0,2023,2026-01-17T13:55:00,https://on3static.com/uploads/assets/941/588/588941.png,https://www.on3.com/db/jordan-mack-284069/,portal_wire_football_2026
Jacquon Gibson,WR,Massachusetts Minutemen,Virginia Cavaliers,Committed,0,3.0,87.0,896.0,135.0,2021,2026-01-17T13:33:00,https://on3static.com/uploads/assets/66/26/26066.png,https://www.on3.com/db/jacquon-gibson-149864/,portal_wire_football_2026
Jalen McNair,S,Buffalo Bulls,Virginia Cavaliers,Committed,0,3.0,86.0,1922.0,124.0,2020,2026-01-17T13:32:00,https://on3static.com/uploads/assets/241/179/179241.png,https://www.on3.com/db/jalen-mcnair-54399/,portal_wire_football_2026
Darrion Henry-Young,DL,Coastal Carolina Chanticleers,Virginia Cavaliers,Committed,0,3.0,85.0,2288.0,260.0,2020,2026-01-17T13:30:00,https://on3static.com/uploads/assets/927/72/72927.jpeg,https://www.on3.com/db/darrion-henry-young-30909/,portal_wire_football_2026
Chance Rucker,CB,Michigan State Spartans,Arizona State Sun Devils,Committed,0,3.0,86.0,1880.0,170.0,2023,2026-01-17T13:13:00,https://on3static.com/uploads/assets/168/235/235168.png,https://www.on3.com/db/chance-rucker-150205/,portal_wire_football_2026
Leon Bell,OT,California Golden Bears,Colorado Buffaloes,Committed,0,3.0,88.0,336.0,37.0,2021,2026-01-17T13:11:00,https://on3static.com/uploads/assets/535/131/131535.jpeg,https://www.on3.com/db/leon-bell-79016/,portal_wire_football_2026
RJ Johnson,QB,Florida A&M Rattlers,Massachusetts Minutemen,Committed,0,3.0,86.0,2670.0,77.0,2023,2026-01-17T13:08:00,https://on3static.com/uploads/assets/718/71/71718.jpeg,https://www.on3.com/db/rj-johnson-155632/,portal_wire_football_2026
Ben Mulholland,IOL,Houston Christian Huskies,Connecticut Huskies,Committed,0,3.0,85.0,2287.0,180.0,2024,2026-01-17T13:05:00,https://on3static.com/uploads/assets/998/587/587998.png,https://www.on3.com/db/ben-mulholland-284103/,portal_wire_football_2026
Trent Thomas,TE,South Alabama Jaguars,Tennessee Volunteers,Committed,0,3.0,85.0,2284.0,128.0,2023,2026-01-17T13:02:00,https://on3static.com/uploads/assets/859/587/587859.jpeg,https://www.on3.com/db/trent-thomas-158787/,portal_wire_football_2026
Javin Gordon,RB,Tulane Green Wave,Tennessee Volunteers,Committed,0,3.0,88.0,542.0,40.0,2025,2026-01-17T13:01:00,https://on3static.com/uploads/assets/674/573/573674.png,https://www.on3.com/db/javin-gordon-240065/,portal_wire_football_2026
Tevis Metcalf,CB,Michigan Wolverines,Tennessee Volunteers,Committed,0,3.0,87.0,1716.0,149.0,2024,2026-01-17T12:18:00,https://on3static.com/uploads/assets/939/303/303939.png,https://www.on3.com/db/tevis-metcalf-151059/,portal_wire_football_2026
Tavorus Jones,RB,Missouri Tigers,UTEP Miners,Committed,0,3.0,87.0,613.0,103.0,2022,2026-01-17T12:10:00,https://on3static.com/uploads/assets/932/222/222932.png,https://www.on3.com/db/tavorus-jones-145289/,portal_wire_football_2026
Jackson Brousseau,QB,Colorado State Rams,California Golden Bears,Committed,0,3.0,85.0,2166.0,157.0,2023,2026-01-17T11:56:00,https://on3static.com/uploads/assets/9/585/585009.png,https://www.on3.com/db/jackson-brousseau-147991/,portal_wire_football_2026
Mason Dossett,WR,Baylor Bears,LSU Tigers,Committed,0,3.0,84.0,2371.0,334.0,2024,2026-01-17T11:37:00,https://on3static.com/uploads/assets/930/113/113930.jpg,https://www.on3.com/db/mason-dossett-84739/,portal_wire_football_2026
Jordan Church,IOL,Louisville Cardinals,Texas Tech Red Raiders,Committed,0,3.0,87.0,200.0,78.0,2023,2026-01-17T11:35:00,https://on3static.com/uploads/assets/253/217/217253.png,https://www.on3.com/db/jordan-church-146501/,portal_wire_football_2026
Troy Stevenson,CB,Georgia Tech Yellow Jackets,,Entered,0,3.0,86.0,1717.0,171.0,2024,2026-01-17T11:35:00,https://on3static.com/uploads/assets/503/333/333503.png,https://www.on3.com/db/troy-stevenson-148330/,portal_wire_football_2026
Jayden Williams,DL,North Texas Mean Green,California Golden Bears,Committed,0,3.0,85.0,2351.0,238.0,2024,2026-01-17T11:06:00,https://on3static.com/uploads/assets/761/570/570761.png,https://www.on3.com/db/jayden-williams-238341/,portal_wire_football_2026
Aisea Moa,LB,Michigan State Spartans,Michigan Wolverines,Committed,0,3.0,86.0,1719.0,179.0,2022,2026-01-17T10:52:00,https://on3static.com/uploads/assets/870/166/166870.png,https://www.on3.com/db/aisea-moa-2112/,portal_wire_football_2026
Zander Esty,IOL,Oregon State Beavers,Boise State Broncos,Committed,0,3.0,84.0,2473.0,201.0,2023,2026-01-17T10:42:00,https://on3static.com/uploads/assets/312/576/576312.png,https://www.on3.com/db/zander-esty-155833/,portal_wire_football_2026
Ethan Fields,IOL,Ole Miss Rebels,Alabama Crimson Tide,Committed,0,3.0,85.0,1617.0,171.0,2023,2026-01-17T10:33:00,https://on3static.com/uploads/assets/864/296/296864.png,https://www.on3.com/db/ethan-fields-151143/,portal_wire_football_2026
Tre Leonard,RB,James Madison Dukes,,Entered,0,3.0,83.0,2796.0,215.0,2025,2026-01-17T10:24:00,https://on3static.com/uploads/assets/380/142/142380.png,https://www.on3.com/db/tre-leonard-155706/,portal_wire_football_2026
Blake Belin,DL,Georgia Tech Yellow Jackets,,Entered,0,3.0,85.0,2285.0,218.0,2025,2026-01-17T10:23:00,https://on3static.com/uploads/assets/397/165/165397.png,https://www.on3.com/db/blake-belin-178339/,portal_wire_football_2026
Nick Norris,DL,Oregon State Beavers,,Entered,0,3.0,84.0,2624.0,293.0,2021,2026-01-17T10:23:00,https://on3static.com/uploads/assets/917/266/266917.jpeg,https://www.on3.com/db/nick-norris-239234/,portal_wire_football_2026
Amani Givens,RB,Louisiana Tech Bulldogs,,Entered,0,3.0,84.0,2622.0,200.0,2022,2026-01-17T10:22:00,,https://www.on3.com/db/amani-givens-284095/,portal_wire_football_2026
CJ Stokes,RB,Charlotte 49ers,,Entered,0,3.0,84.0,2623.0,201.0,2022,2026-01-17T10:19:00,https://on3static.com/uploads/assets/107/23/23107.jpeg,https://www.on3.com/db/cj-stokes-23665/,portal_wire_football_2026
Josh Nichols,CB,Michigan Wolverines,,Entered,0,3.0,81.0,2980.0,338.0,2022,2026-01-17T10:18:00,https://on3static.com/uploads/assets/536/137/137536.jpeg,https://www.on3.com/db/josh-nichols-67402/,portal_wire_football_2026
Xavier McIver,DL,East Carolina Pirates,,Entered,0,3.0,84.0,2621.0,278.0,2020,2026-01-17T10:17:00,https://on3static.com/uploads/assets/771/213/213771.jpeg,https://www.on3.com/db/xavier-mciver-122090/,portal_wire_football_2026
Ben Marshall,TE,California Golden Bears,,Entered,0,3.0,84.0,2625.0,148.0,2023,2026-01-17T10:16:00,https://on3static.com/uploads/assets/640/137/137640.png,https://www.on3.com/db/ben-marshall-150152/,portal_wire_football_2026
Shepherd Bowling,LB,Rice Owls,,Entered,0,3.0,81.0,2981.0,269.0,2021,2026-01-17T10:15:00,https://on3static.com/uploads/assets/346/90/90346.jpg,https://www.on3.com/db/shepherd-bowling-107195/,portal_wire_football_2026
Ty Clemons,DL,Boston College Eagles,Troy Trojans,Committed,0,,,,,2021,2026-01-17T09:58:00,https://on3static.com/uploads/assets/211/16/16211.jpeg,https://www.on3.com/db/ty-clemons-117217/,portal_wire_football_2026
Marlin Dean,EDGE,Georgia State Panthers,UAB Blazers,Committed,0,3.0,86.0,1696.0,119.0,2021,2026-01-17T09:53:00,https://on3static.com/uploads/dev/assets/622/2/2622.jpg,https://www.on3.com/db/marlin-dean-83813/,portal_wire_football_2026
Melvin Spriggs,LB,Akron Zips,Southern Miss Golden Eagles,Committed,0,3.0,87.0,822.0,54.0,2023,2026-01-17T09:51:00,,https://www.on3.com/db/melvin-spriggs-175607/,portal_wire_football_2026
Brandon White,WR,Hawaii Rainbow Warriors,Kansas State Wildcats,Committed,0,3.0,86.0,1591.0,196.0,2022,2026-01-17T09:44:00,https://on3static.com/uploads/assets/268/222/222268.png,https://www.on3.com/db/brandon-white-13301/,portal_wire_football_2026
Nigel Pringle,CB,Arkansas Razorbacks,Arizona State Sun Devils,Committed,0,3.0,85.0,2199.0,257.0,2025,2026-01-17T09:36:00,https://on3static.com/uploads/assets/945/148/148945.png,https://www.on3.com/db/nigel-pringle-176203/,portal_wire_football_2026
Donovan Haslam,IOL,West Virginia Mountaineers,Tennessee Volunteers,Committed,0,3.0,87.0,991.0,58.0,2022,2026-01-17T09:26:00,https://on3static.com/uploads/assets/164/445/445164.png,https://www.on3.com/db/donovan-haslam-251049/,portal_wire_football_2026
Miles McVay,IOL,North Carolina Tar Heels,Mississippi State Bulldogs,Committed,0,3.0,87.0,892.0,105.0,2023,2026-01-17T09:15:00,https://on3static.com/uploads/assets/977/470/470977.jpg,https://www.on3.com/db/miles-mcvay-89700/,portal_wire_football_2026
T.J. Dottery,LB,Ole Miss Rebels,LSU Tigers,Committed,0,3.0,87.0,238.0,46.0,2022,2026-01-17T08:13:00,https://on3static.com/uploads/assets/933/85/85933.jpg,https://www.on3.com/db/tj-dottery-113090/,portal_wire_football_2026
EJ Caminong,QB,California Golden Bears,California Golden Bears,Withdrawn,0,3.0,86.0,1844.0,108.0,2024,2026-01-17T08:12:00,https://on3static.com/uploads/assets/593/335/335593.png,https://www.on3.com/db/ej-caminong-153185/,portal_wire_football_2026
Emmanuel Okoye,EDGE,Tennessee Volunteers,California Golden Bears,Committed,0,3.0,86.0,1464.0,148.0,2023,2026-01-17T07:58:00,https://on3static.com/uploads/assets/240/226/226240.jpeg,https://www.on3.com/db/emmanuel-okoye-177487/,portal_wire_football_2026
Max Whisner,TE,Akron Zips,Sam Houston State Bearkats,Committed,0,3.0,85.0,2071.0,119.0,2022,2026-01-17T03:45:00,https://on3static.com/uploads/assets/954/222/222954.png,https://www.on3.com/db/max-whisner-86763/,portal_wire_football_2026
Kaleb Neal,S,Appalachian State Mountaineers,Eastern Kentucky Colonels,Committed,0,,,,,2024,2026-01-17T03:22:00,,https://www.on3.com/db/kaleb-neal-162885/,portal_wire_football_2026
EJ Colson,QB,Incarnate Word Cardinals,UTEP Miners,Committed,0,3.0,87.0,940.0,60.0,2024,2026-01-16T23:42:00,https://on3static.com/uploads/assets/840/407/407840.png,https://www.on3.com/db/ej-colson-152831/,portal_wire_football_2026
C.J. May,EDGE,Louisville Cardinals,Missouri Tigers,Committed,0,3.0,87.0,1085.0,87.0,2025,2026-01-16T22:29:00,https://on3static.com/uploads/assets/505/296/296505.jpg,https://www.on3.com/db/cj-may-156459/,portal_wire_football_2026
Lamarcus Hicks,S,Iowa State Cyclones,Arkansas Razorbacks,Committed,0,3.0,84.0,2660.0,250.0,2025,2026-01-16T22:03:00,https://on3static.com/uploads/assets/0/466/466000.PNG,https://www.on3.com/db/lamarcus-hicks-244599/,portal_wire_football_2026
Da'Shawn Martin,WR,Kent State Golden Flashes,Virginia Cavaliers,Committed,0,3.0,87.0,587.0,89.0,2024,2026-01-16T21:52:00,https://on3static.com/uploads/assets/462/147/147462.png,https://www.on3.com/db/dashawn-martin-176468/,portal_wire_football_2026
Salesi Moa,ATH,Utah Utes,Michigan Wolverines,Committed,217769,4.0,94.0,64.0,1.0,2026,2026-01-16T21:44:00,https://on3static.com/uploads/assets/827/584/584827.jpg,https://www.on3.com/db/salesi-moa-155629/,portal_wire_football_2026
Nick Brooks,IOL,Texas Longhorns,Alabama Crimson Tide,Committed,155041,3.0,87.0,237.0,54.0,2025,2026-01-16T21:42:00,https://on3static.com/uploads/assets/345/141/141345.jpg,https://www.on3.com/db/nick-brooks-150033/,portal_wire_football_2026
Jordan Sanders,DL,Texas State Bobcats,Florida State Seminoles,Committed,0,3.0,87.0,1070.0,92.0,2022,2026-01-16T21:23:00,https://on3static.com/uploads/assets/98/583/583098.png,https://www.on3.com/db/jordan-sanders-283760/,portal_wire_football_2026
Tyreek Major,IOL,USF Bulls,Western Kentucky Hilltoppers,Committed,0,3.0,84.0,2552.0,211.0,2024,2026-01-16T21:21:00,https://on3static.com/uploads/assets/791/338/338791.png,https://www.on3.com/db/tyreek-major-158022/,portal_wire_football_2026
Tyler Cain,LB,Slippery Rock The Rock,,Entered,0,3.0,85.0,2283.0,212.0,0,2026-01-16T21:19:00,https://on3static.com/uploads/assets/110/305/305110.png,https://www.on3.com/db/tyler-cain-241800/,portal_wire_football_2026
Lucian Anderson III,QB,Bowling Green Falcons,South Carolina Gamecocks,Committed,0,3.0,85.0,2125.0,135.0,2023,2026-01-16T21:18:00,https://on3static.com/uploads/assets/578/179/179578.png,https://www.on3.com/db/lucian-anderson-iii-150093/,portal_wire_football_2026
E.J. Harris Jr.,IOL,Middle Tennessee State Blue Raiders,,Entered,0,3.0,85.0,2280.0,188.0,2022,2026-01-16T21:16:00,https://on3static.com/uploads/assets/878/93/93878.jpg,https://www.on3.com/db/ej-harris-jr-42851/,portal_wire_football_2026
Ibrahim Kebe,OT,Ohio Bobcats,UTSA Roadrunners,Committed,0,3.0,85.0,2278.0,171.0,2025,2026-01-16T21:12:00,https://on3static.com/uploads/assets/458/412/412458.png,https://www.on3.com/db/ibrahim-kebe-249301/,portal_wire_football_2026
Johntay Cook II,WR,Syracuse Orange,Ole Miss Rebels,Committed,168353,3.0,88.0,330.0,63.0,2023,2026-01-16T21:06:00,https://on3static.com/uploads/assets/989/201/201989.png,https://www.on3.com/db/johntay-cook-ii-64133/,portal_wire_football_2026
Bryson Beaver,QB,Oregon Ducks,Georgia Bulldogs,Committed,574560,4.0,91.0,242.0,23.0,2026,2026-01-16T21:05:00,https://on3static.com/uploads/assets/953/457/457953.jpg,https://www.on3.com/db/bryson-beaver-246610/,portal_wire_football_2026
Ben Haulmark,TE,Central Arkansas Bears,Iowa State Cyclones,Committed,0,3.0,84.0,2611.0,141.0,2023,2026-01-16T21:05:00,https://on3static.com/uploads/assets/705/587/587705.PNG,https://www.on3.com/db/ben-haulmark-158619/,portal_wire_football_2026
Key Crowell,CB,East Carolina Pirates,Illinois State Redbirds,Committed,0,3.0,86.0,1466.0,236.0,2024,2026-01-16T20:30:00,https://on3static.com/uploads/assets/760/397/397760.png,https://www.on3.com/db/key-crowell-178690/,portal_wire_football_2026
Toluwanimi Tunde,IOL,Connecticut Huskies,,Entered,0,3.0,81.0,2982.0,237.0,2023,2026-01-16T20:18:00,https://on3static.com/uploads/assets/555/473/473555.png,https://www.on3.com/db/toluwanimi-tunde-156566/,portal_wire_football_2026
Da'Marcus Crosby,S,Virginia Cavaliers,,Entered,0,3.0,86.0,1710.0,162.0,2020,2026-01-16T20:02:00,https://on3static.com/uploads/assets/300/444/444300.png,https://www.on3.com/db/damarcus-crosby-27741/,portal_wire_football_2026
Bralen Henderson,DL,Missouri Tigers,,Entered,0,3.0,86.0,1715.0,151.0,2021,2026-01-16T19:12:00,https://on3static.com/uploads/assets/278/440/440278.png,https://www.on3.com/db/bralen-henderson-12006/,portal_wire_football_2026
Mike Lindsay,CB,Idaho State Bengals,San Diego State Aztecs,Committed,0,3.0,86.0,1752.0,196.0,2024,2026-01-16T19:09:00,,https://www.on3.com/db/mike-lindsay-284340/,portal_wire_football_2026
DeNigel Cooper,EDGE,Appalachian State Mountaineers,Wisconsin Badgers,Committed,0,3.0,84.0,2279.0,203.0,2024,2026-01-16T18:57:00,https://on3static.com/uploads/assets/680/587/587680.png,https://www.on3.com/db/denigel-cooper-178007/,portal_wire_football_2026
Owen Stoudmire,DL,Boston College Eagles,Nebraska Cornhuskers,Committed,0,3.0,86.0,1672.0,139.0,2021,2026-01-16T18:55:00,https://on3static.com/uploads/assets/208/16/16208.jpeg,https://www.on3.com/db/owen-stoudmire-94832/,portal_wire_football_2026
Jacob Bradford,S,LSU Tigers,West Virginia Mountaineers,Committed,117492,3.0,88.0,475.0,49.0,2025,2026-01-16T18:00:00,https://on3static.com/uploads/assets/126/585/585126.png,https://www.on3.com/db/jacob-bradford-157057/,portal_wire_football_2026
Jordan Dees,WR,West Georgia Wolves,Washington State Cougars,Committed,0,3.0,85.0,2376.0,292.0,2024,2026-01-16T17:43:00,https://on3static.com/uploads/assets/357/147/147357.png,https://www.on3.com/db/jordan-dees-176461/,portal_wire_football_2026
Scott Isacks,TE,Florida Gators,UAB Blazers,Committed,0,,,,,2022,2026-01-16T17:43:00,https://on3static.com/uploads/assets/501/335/335501.png,https://www.on3.com/db/scott-isacks-150490/,portal_wire_football_2026
Jalen Hargrove,DL,UCLA Bruins,,Entered,0,3.0,83.0,2789.0,314.0,2021,2026-01-16T17:41:00,https://on3static.com/uploads/assets/459/75/75459.jpeg,https://www.on3.com/db/jalen-hargrove-54305/,portal_wire_football_2026
Delano Brown,DL,Connecticut Huskies,,Entered,0,3.0,82.0,2864.0,320.0,2025,2026-01-16T17:41:00,https://on3static.com/uploads/assets/409/475/475409.png,https://www.on3.com/db/delano-brown-176606/,portal_wire_football_2026
Kyron Chambers,CB,SMU Mustangs,UNLV Rebels,Committed,0,3.0,86.0,1517.0,189.0,2022,2026-01-16T17:40:00,https://on3static.com/uploads/assets/147/219/219147.jpg,https://www.on3.com/db/kyron-chambers-77263/,portal_wire_football_2026
Noah McNeal-Franklin,LB,San Jose State Spartans,,Entered,0,3.0,86.0,1712.0,139.0,2021,2026-01-16T17:39:00,https://on3static.com/uploads/assets/298/177/177298.png,https://www.on3.com/db/noah-mcneal-franklin-158203/,portal_wire_football_2026
Rodney Bullard,WR,Michigan State Spartans,,Entered,0,3.0,83.0,2788.0,403.0,2022,2026-01-16T17:39:00,https://on3static.com/uploads/assets/374/402/402374.jpg,https://www.on3.com/db/rodney-bullard-248305/,portal_wire_football_2026
Tangata Tuitupou,DL,San Jose State Spartans,,Entered,0,3.0,83.0,2795.0,305.0,0,2026-01-16T17:39:00,,https://www.on3.com/db/tangata-tuitupou-179437/,portal_wire_football_2026
Danny Inglis,LB,Iowa State Cyclones,Youngstown State Penguins,Committed,0,3.0,83.0,2685.0,252.0,2024,2026-01-16T17:37:00,https://on3static.com/uploads/assets/725/313/313725.png,https://www.on3.com/db/danny-inglis-158241/,portal_wire_football_2026
JaQueraius Thomas,CB,Troy Trojans,,Entered,0,3.0,81.0,2979.0,340.0,2022,2026-01-16T17:37:00,,https://www.on3.com/db/jaqueraius-thomas-284083/,portal_wire_football_2026
Frank Mulipola,DL,Arkansas Razorbacks,,Entered,0,3.0,83.0,2792.0,315.0,2020,2026-01-16T17:31:00,https://on3static.com/uploads/assets/203/473/473203.png,https://www.on3.com/db/frank-mulipola-261281/,portal_wire_football_2026
Khary Crump,CB,Rice Owls,,Entered,0,3.0,86.0,1709.0,172.0,2020,2026-01-16T17:30:00,https://on3static.com/uploads/assets/186/235/235186.png,https://www.on3.com/db/khary-crump-74996/,portal_wire_football_2026
Aidan Keanaaina,DL,California Golden Bears,,Entered,0,3.0,89.0,280.0,26.0,2020,2026-01-16T17:30:00,https://on3static.com/uploads/assets/900/235/235900.jpeg,https://www.on3.com/db/aidan-keanaaina-2001/,portal_wire_football_2026
Jaavan Mack,CB,Western Kentucky Hilltoppers,,Entered,0,3.0,86.0,1708.0,163.0,0,2026-01-16T17:29:00,https://on3static.com/uploads/assets/350/319/319350.png,https://www.on3.com/db/jaavan-mack-243487/,portal_wire_football_2026
JT Kouame-Yao,LB,James Madison Dukes,,Entered,0,3.0,82.0,2867.0,266.0,2022,2026-01-16T17:28:00,,https://www.on3.com/db/jt-kouame-yao-284082/,portal_wire_football_2026
Racin Delgatty,IOL,Cal Poly Mustangs,Alabama Crimson Tide,Committed,0,3.0,87.0,846.0,67.0,2023,2026-01-16T17:27:00,https://on3static.com/uploads/assets/553/580/580553.png,https://www.on3.com/db/racin-delgatty-151234/,portal_wire_football_2026
Yakiri Walker,IOL,Memphis Tigers,Baylor Bears,Committed,0,3.0,87.0,1081.0,104.0,2021,2026-01-16T17:12:00,https://on3static.com/uploads/assets/641/264/264641.png,https://www.on3.com/db/yakiri-walker-122290/,portal_wire_football_2026
Kaian Roberts-Day,EDGE,UTSA Roadrunners,New Mexico State Aggies,Committed,0,,,,,2022,2026-01-16T17:12:00,https://on3static.com/uploads/assets/62/174/174062.jpeg,https://www.on3.com/db/kaian-roberts-day-70563/,portal_wire_football_2026
Brian Williams,IOL,Jackson State Tigers,UTEP Miners,Committed,0,,,,,2024,2026-01-16T17:10:00,https://on3static.com/uploads/assets/878/148/148878.png,https://www.on3.com/db/brian-williams-176683/,portal_wire_football_2026
Morgan McPhaul,TE,Virginia Military Institute Keydets,Oklahoma State Cowboys,Committed,0,3.0,85.0,2298.0,131.0,2021,2026-01-16T17:05:00,https://on3static.com/uploads/assets/698/580/580698.png,https://www.on3.com/db/morgan-mcphaul-283668/,portal_wire_football_2026
Zuri Watson,CB,Howard Bison,Arizona Wildcats,Committed,0,3.0,87.0,1734.0,66.0,2024,2026-01-16T17:05:00,https://on3static.com/uploads/assets/93/590/590093.png,https://www.on3.com/db/zuri-watson-158092/,portal_wire_football_2026
Devin Hyatt,WR,Arizona Wildcats,Miami (OH) RedHawks,Committed,0,3.0,85.0,2175.0,303.0,2023,2026-01-16T17:03:00,https://on3static.com/uploads/assets/778/307/307778.png,https://www.on3.com/db/devin-hyatt-144884/,portal_wire_football_2026
Corri Milliner,WR,UAB Blazers,North Texas Mean Green,Committed,0,0.0,,,,2023,2026-01-16T16:57:00,https://on3static.com/uploads/assets/481/567/567481.png,https://www.on3.com/db/corri-milliner-176633/,portal_wire_football_2026
Diezel Wilkinson,S,Montana Grizzlies,UAB Blazers,Committed,0,,,,,2024,2026-01-16T16:57:00,,https://www.on3.com/db/diezel-wilkinson-238210/,portal_wire_football_2026
Noel Portnjagin,OT,Florida Gators,James Madison Dukes,Committed,0,3.0,86.0,1858.0,144.0,2024,2026-01-16T16:55:00,https://on3static.com/uploads/assets/923/287/287923.png,https://www.on3.com/db/noel-portnjagin-235942/,portal_wire_football_2026
Carter Kadow,OT,Rutgers Scarlet Knights,Sam Houston State Bearkats,Committed,0,3.0,84.0,2492.0,199.0,2024,2026-01-16T16:55:00,https://on3static.com/uploads/assets/782/464/464782.png,https://www.on3.com/db/carter-kadow-236058/,portal_wire_football_2026
Christopher Spencer,DL,Old Dominion Monarchs,UAB Blazers,Committed,0,,,,,2022,2026-01-16T16:52:00,https://on3static.com/uploads/assets/312/171/171312.png,https://www.on3.com/db/christopher-spencer-23419/,portal_wire_football_2026
Conor McAneney,K,Quincy Hawks,Florida State Seminoles,Committed,0,3.0,80.0,3128.0,57.0,2025,2026-01-16T16:48:00,https://on3static.com/uploads/assets/607/589/589607.png,https://www.on3.com/db/conor-mcaneney-284216/,portal_wire_football_2026
Xadavien Sims,DL,Oregon Ducks,Arkansas Razorbacks,Committed,0,3.0,87.0,1078.0,94.0,2024,2026-01-16T16:42:00,https://on3static.com/uploads/assets/173/304/304173.png,https://www.on3.com/db/xadavien-sims-121885/,portal_wire_football_2026
Kyeaure Magloire,RB,West Georgia Wolves,Arkansas Razorbacks,Committed,0,3.0,83.0,2651.0,211.0,2022,2026-01-16T16:38:00,https://on3static.com/uploads/assets/439/567/567439.png,https://www.on3.com/db/kyeaure-magloire-148453/,portal_wire_football_2026
Logan Goodwin,EDGE,IUP Crimson Hawks,Buffalo Bulls,Committed,0,3.0,84.0,2388.0,191.0,2024,2026-01-16T16:37:00,https://on3static.com/uploads/assets/399/557/557399.png,https://www.on3.com/db/logan-goodwin-282622/,portal_wire_football_2026
Elijah Mc-Cantos,CB,Appalachian State Mountaineers,Colorado State Rams,Committed,0,3.0,86.0,1151.0,181.0,2022,2026-01-16T16:36:00,https://on3static.com/uploads/assets/28/176/176028.jpeg,https://www.on3.com/db/elijah-mc-cantos-41263/,portal_wire_football_2026
Kajuan Banks,S,USF Bulls,Tulane Green Wave,Committed,0,,,,,2022,2026-01-16T16:35:00,https://on3static.com/uploads/assets/995/256/256995.png,https://www.on3.com/db/kajuan-banks-70623/,portal_wire_football_2026
Jake Weinberg,K,Florida State Seminoles,Miami Hurricanes,Committed,0,3.0,80.0,3088.0,24.0,2024,2026-01-16T16:34:00,https://on3static.com/uploads/assets/861/101/101861.jpg,https://www.on3.com/db/jake-weinberg-159409/,portal_wire_football_2026
Markus Allen,WR,Mississippi State Bulldogs,Middle Tennessee State Blue Raiders,Committed,0,3.0,85.0,2072.0,301.0,2021,2026-01-16T16:33:00,https://on3static.com/uploads/assets/179/16/16179.jpeg,https://www.on3.com/db/markus-allen-83765/,portal_wire_football_2026
Cade Yacamelli,RB,Wisconsin Badgers,Miami (OH) RedHawks,Committed,0,3.0,85.0,2003.0,170.0,2022,2026-01-16T16:31:00,https://on3static.com/uploads/assets/618/333/333618.png,https://www.on3.com/db/cade-yacamelli-16684/,portal_wire_football_2026
Roger Saleapaga,TE,Oregon Ducks,BYU Cougars,Committed,0,3.0,87.0,328.0,42.0,2024,2026-01-16T16:30:00,https://on3static.com/uploads/assets/169/304/304169.png,https://www.on3.com/db/roger-saleapaga-157738/,portal_wire_football_2026
Jack Olsen,K,Northwestern Wildcats,Miami Hurricanes,Committed,0,3.0,80.0,3048.0,11.0,2020,2026-01-16T16:29:00,https://on3static.com/uploads/assets/46/16/16046.jpeg,https://www.on3.com/db/jack-olsen-51258/,portal_wire_football_2026
Tobi Haastrup,EDGE,Oregon Ducks,West Virginia Mountaineers,Committed,127157,3.0,88.0,473.0,55.0,2025,2026-01-16T16:25:00,https://on3static.com/uploads/assets/883/350/350883.jpg,https://www.on3.com/db/tobi-haastrup-245449/,portal_wire_football_2026
Travaris Banks,S,Ole Miss Rebels,Louisville Cardinals,Committed,0,3.0,87.0,829.0,66.0,2024,2026-01-16T16:24:00,https://on3static.com/uploads/assets/15/187/187015.png,https://www.on3.com/db/travaris-banks-150240/,portal_wire_football_2026
Malachi Nelson,QB,UTEP Miners,Syracuse Orange,Committed,149840,3.0,87.0,1704.0,64.0,2023,2026-01-16T16:24:00,https://on3static.com/uploads/assets/951/218/218951.png,https://www.on3.com/db/malachi-nelson-81447/,portal_wire_football_2026
Cole Welliver,QB,New Mexico Lobos,Southeastern Louisiana Lions,Committed,0,0.0,,,,2024,2026-01-16T16:23:00,https://on3static.com/uploads/assets/918/231/231918.png,https://www.on3.com/db/cole-welliver-24913/,portal_wire_football_2026
Trent Hudson,WR,Vanderbilt Commodores,,Entered,0,,,,,2021,2026-01-16T16:20:00,https://on3static.com/uploads/assets/914/265/265914.jpeg,https://www.on3.com/db/trent-hudson-163517/,portal_wire_football_2026
Leyton Nelson,OT,Wisconsin Badgers,,Entered,0,3.0,85.0,2282.0,184.0,2022,2026-01-16T16:19:00,https://on3static.com/uploads/assets/622/333/333622.png,https://www.on3.com/db/leyton-nelson-79417/,portal_wire_football_2026
Tyler Douglas,QB,Temple Owls,Temple Owls,Withdrawn,0,3.0,83.0,2692.0,187.0,2023,2026-01-16T15:47:00,https://on3static.com/uploads/assets/765/465/465765.png,https://www.on3.com/db/tyler-douglas-155887/,portal_wire_football_2026
Miguel Mitchell,S,Arkansas Razorbacks,Arkansas Razorbacks,Withdrawn,0,0.0,,,,2022,2026-01-16T15:45:00,https://on3static.com/uploads/assets/781/93/93781.jpg,https://www.on3.com/db/miguel-mitchell-88688/,portal_wire_football_2026
Justice Williams,DL,West Florida Argonauts,Louisiana Tech Bulldogs,Committed,0,3.0,84.0,2620.0,277.0,2021,2026-01-16T15:44:00,https://on3static.com/uploads/assets/653/587/587653.png,https://www.on3.com/db/justice-williams-68989/,portal_wire_football_2026
Austin Novosad,QB,Oregon Ducks,Bowling Green Falcons,Committed,0,3.0,87.0,978.0,46.0,2023,2026-01-16T15:41:00,https://on3static.com/uploads/assets/2/219/219002.png,https://www.on3.com/db/austin-novosad-8596/,portal_wire_football_2026
Aliou Bah,IOL,Maryland Terrapins,LSU Tigers,Committed,0,3.0,89.0,219.0,17.0,2022,2026-01-16T15:40:00,https://on3static.com/uploads/assets/46/153/153046.jpg,https://www.on3.com/db/aliou-bah-3751/,portal_wire_football_2026
Ahkhari Johnson,CB,Arkansas Razorbacks,Louisiana Tech Bulldogs,Committed,0,3.0,86.0,1629.0,233.0,2024,2026-01-16T15:39:00,https://on3static.com/uploads/assets/942/303/303942.png,https://www.on3.com/db/ahkhari-johnson-155728/,portal_wire_football_2026
Rodney Harris II,WR,Ohio Bobcats,Oklahoma State Cowboys,Committed,0,3.0,86.0,1863.0,241.0,2022,2026-01-16T15:24:00,https://on3static.com/uploads/assets/620/587/587620.png,https://www.on3.com/db/rodney-harris-ii-101713/,portal_wire_football_2026
Nic Anderson,WR,LSU Tigers,Kentucky Wildcats,Committed,471616,3.0,88.0,279.0,54.0,2022,2026-01-16T15:21:00,https://on3static.com/uploads/assets/154/86/86154.jpeg,https://www.on3.com/db/nic-anderson-92095/,portal_wire_football_2026
Jamier Johnson,CB,UCLA Bruins,,Entered,0,3.0,86.0,1705.0,160.0,2021,2026-01-16T15:19:00,https://on3static.com/uploads/dev/assets/617/7/7617.jpg,https://www.on3.com/db/jamier-johnson-144412/,portal_wire_football_2026
Jaden Allen-Hendrix,RB,Oklahoma State Cowboys,Coastal Carolina Chanticleers,Committed,0,3.0,83.0,2730.0,218.0,2024,2026-01-16T15:08:00,,https://www.on3.com/db/jaden-allen-hendrix-239051/,portal_wire_football_2026
Cameron Smith,S,Iowa State Cyclones,Youngstown State Penguins,Committed,0,3.0,84.0,2453.0,233.0,2023,2026-01-16T15:03:00,https://on3static.com/uploads/assets/848/225/225848.png,https://www.on3.com/db/cameron-smith-146019/,portal_wire_football_2026
Dean DeNobile,QB,Lafayette Leopards,Florida State Seminoles,Committed,0,3.0,86.0,2375.0,89.0,2022,2026-01-16T15:03:00,https://on3static.com/uploads/assets/622/587/587622.png,https://www.on3.com/db/dean-denobile-32897/,portal_wire_football_2026
Cooper Ackerman,EDGE,Connecticut Huskies,Holy Cross Crusaders,Committed,0,3.0,84.0,2608.0,195.0,2024,2026-01-16T14:57:00,https://on3static.com/uploads/assets/522/473/473522.png,https://www.on3.com/db/cooper-ackerman-153367/,portal_wire_football_2026
Antavious Richardson,WR,Notre Dame Fighting Irish,Auburn Tigers,Committed,0,3.0,88.0,463.0,70.0,2025,2026-01-16T14:45:00,https://on3static.com/uploads/assets/756/381/381756.png,https://www.on3.com/db/antavious-richardson-241968/,portal_wire_football_2026
Wyatt Minor,IOL,West Virginia Mountaineers,Glenville State  Pioneers,Committed,0,3.0,81.0,2975.0,235.0,2023,2026-01-16T14:20:00,https://on3static.com/uploads/assets/124/404/404124.png,https://www.on3.com/db/wyatt-minor-248485/,portal_wire_football_2026
Chandavian Bradley,EDGE,Oklahoma State Cowboys,Coastal Carolina Chanticleers,Committed,0,3.0,86.0,1211.0,137.0,2023,2026-01-16T14:10:00,https://on3static.com/uploads/assets/167/226/226167.jpeg,https://www.on3.com/db/chandavian-bradley-19858/,portal_wire_football_2026
Jayden Dixon-Veal,WR,California Golden Bears,,Entered,0,3.0,83.0,2785.0,386.0,2020,2026-01-16T14:00:00,https://on3static.com/uploads/assets/476/343/343476.png,https://www.on3.com/db/jayden-dixon-veal-58640/,portal_wire_football_2026
Dexter Ricks,CB,Liberty Flames,Texas State Bobcats,Committed,0,3.0,86.0,1991.0,238.0,2022,2026-01-16T13:53:00,https://on3static.com/uploads/assets/687/73/73687.jpg,https://www.on3.com/db/dexter-ricks-147819/,portal_wire_football_2026
Ayden Bussell,IOL,West Virginia Mountaineers,Arkansas Razorbacks,Committed,0,3.0,85.0,2277.0,172.0,2023,2026-01-16T13:48:00,https://on3static.com/uploads/assets/171/226/226171.jpeg,https://www.on3.com/db/ayden-bussell-9010/,portal_wire_football_2026
Emmanuel Olagbaju,DL,North Dakota Fighting Hawks,Iowa Hawkeyes,Committed,0,3.0,86.0,405.0,185.0,2023,2026-01-16T13:42:00,https://on3static.com/uploads/assets/573/587/587573.png,https://www.on3.com/db/emmanuel-olagbaju-283629/,portal_wire_football_2026
Reese Poffenbarger,QB,North Texas Mean Green,Akron Zips,Committed,0,3.0,86.0,1504.0,75.0,2020,2026-01-16T13:37:00,https://on3static.com/uploads/assets/787/269/269787.png,https://www.on3.com/db/reese-poffenbarger-99237/,portal_wire_football_2026
Gabe Panikowski,K,Oklahoma State Cowboys,Florida State Seminoles,Committed,0,3.0,80.0,3052.0,13.0,2021,2026-01-16T13:37:00,https://on3static.com/uploads/assets/105/404/404105.png,https://www.on3.com/db/gabe-panikowski-248482/,portal_wire_football_2026
Landon Sylvie,S,Southeast Missouri State Redhawks,Southern Miss Golden Eagles,Committed,0,3.0,87.0,852.0,115.0,2024,2026-01-16T13:27:00,https://on3static.com/uploads/assets/865/190/190865.jpg,https://www.on3.com/db/landon-sylvie-180860/,portal_wire_football_2026
Holden Geriner,QB,Texas State Bobcats,Pittsburgh Panthers,Committed,0,3.0,85.0,2427.0,147.0,2022,2026-01-16T13:18:00,https://on3static.com/uploads/assets/837/93/93837.jpg,https://www.on3.com/db/holden-geriner-48176/,portal_wire_football_2026
Syris Corley,OT,California Golden Bears,,Entered,0,,,,,2024,2026-01-16T13:18:00,https://on3static.com/uploads/assets/622/335/335622.png,https://www.on3.com/db/syris-corley-237829/,portal_wire_football_2026
Keahnist Thompson,EDGE,Weber State Wildcats,Michigan State Spartans,Committed,0,3.0,86.0,1876.0,126.0,2022,2026-01-16T13:11:00,https://on3static.com/uploads/assets/693/576/576693.png,https://www.on3.com/db/keahnist-thompson-71625/,portal_wire_football_2026
Jayven Williams,CB,Mississippi State Bulldogs,BYU Cougars,Committed,0,3.0,87.0,779.0,123.0,2022,2026-01-16T13:06:00,https://on3static.com/uploads/assets/707/381/381707.jpg,https://www.on3.com/db/jayven-williams-197814/,portal_wire_football_2026
Christian Clark,RB,Texas Longhorns,South Carolina Gamecocks,Committed,157572,3.0,88.0,222.0,56.0,2024,2026-01-16T12:45:00,https://on3static.com/uploads/assets/309/236/236309.jpg,https://www.on3.com/db/christian-clark-158499/,portal_wire_football_2026
John Howse IV,S,Middle Tennessee State Blue Raiders,Arkansas Razorbacks,Committed,0,3.0,86.0,1886.0,159.0,2021,2026-01-16T12:44:00,https://on3static.com/uploads/assets/984/17/17984.jpeg,https://www.on3.com/db/john-howse-iv-144807/,portal_wire_football_2026
Faheem Delane,S,Ohio State Buckeyes,LSU Tigers,Committed,182223,4.0,90.0,82.0,7.0,2025,2026-01-16T12:43:00,https://on3static.com/uploads/assets/93/221/221093.jpg,https://www.on3.com/db/faheem-delane-154274/,portal_wire_football_2026
Aidan Wright,LB,Arkansas State Red Wolves,,Entered,0,3.0,84.0,2616.0,247.0,2025,2026-01-16T12:26:00,https://on3static.com/uploads/dev/assets/490/330/330490.jpg,https://www.on3.com/db/aidan-wright-176153/,portal_wire_football_2026
Jayden Madkins,DL,Louisiana Tech Bulldogs,Tulsa Golden Hurricane,Committed,0,3.0,87.0,760.0,118.0,2022,2026-01-16T12:17:00,https://on3static.com/uploads/assets/690/581/581690.png,https://www.on3.com/db/jayden-madkins-283708/,portal_wire_football_2026
Devin Harper,IOL,Ole Miss Rebels,LSU Tigers,Committed,132076,4.0,90.0,78.0,4.0,2025,2026-01-16T12:15:00,https://on3static.com/uploads/assets/997/196/196997.jpg,https://www.on3.com/db/devin-harper-176350/,portal_wire_football_2026
Jaylin Terzado,WR,Western Carolina Catamounts,,Entered,0,3.0,83.0,2791.0,396.0,2022,2026-01-16T12:12:00,https://on3static.com/uploads/assets/92/583/583092.jpg,https://www.on3.com/db/jaylin-terzado-59054/,portal_wire_football_2026
Skyler Locklear,QB,UTEP Miners,Missouri State University Bears,Committed,0,3.0,86.0,2237.0,114.0,2022,2026-01-16T12:10:00,https://on3static.com/uploads/assets/143/276/276143.png,https://www.on3.com/db/skyler-locklear-182099/,portal_wire_football_2026
James Monds III,CB,Eastern Michigan Eagles,,Entered,0,3.0,83.0,2786.0,311.0,2022,2026-01-16T11:56:00,https://on3static.com/uploads/assets/549/587/587549.png,https://www.on3.com/db/james-monds-iii-55759/,portal_wire_football_2026
Max Lipinski,K,James Madison Dukes,,Entered,0,3.0,80.0,3109.0,54.0,2024,2026-01-16T11:51:00,https://on3static.com/uploads/assets/368/338/338368.png,https://www.on3.com/db/max-lipinski-174539/,portal_wire_football_2026
Jerald James,EDGE,James Madison Dukes,,Entered,0,3.0,84.0,2610.0,190.0,2025,2026-01-16T11:51:00,,https://www.on3.com/db/jerald-james-240305/,portal_wire_football_2026
Milton Ferguson,CB,James Madison Dukes,,Entered,0,3.0,84.0,2612.0,290.0,2024,2026-01-16T11:50:00,https://on3static.com/uploads/assets/358/338/338358.png,https://www.on3.com/db/milton-ferguson-152261/,portal_wire_football_2026
Qua'Vez Humphreys,WR,Sam Houston State Bearkats,,Entered,0,3.0,84.0,2615.0,363.0,0,2026-01-16T11:50:00,,https://www.on3.com/db/quavez-humphreys-174815/,portal_wire_football_2026
Jackson Hamilton,LB,Georgia Tech Yellow Jackets,,Entered,0,3.0,83.0,2794.0,257.0,2021,2026-01-16T11:49:00,https://on3static.com/uploads/assets/501/333/333501.png,https://www.on3.com/db/jackson-hamilton-51580/,portal_wire_football_2026
Seth Knothe,RB,Boise State Broncos,,Entered,0,3.0,81.0,2974.0,229.0,2022,2026-01-16T11:48:00,,https://www.on3.com/db/seth-knothe-106034/,portal_wire_football_2026
Maliki Wright,S,Duke Blue Devils,Kennesaw State Owls,Committed,0,3.0,85.0,2153.0,212.0,2025,2026-01-16T11:46:00,https://on3static.com/uploads/assets/658/248/248658.png,https://www.on3.com/db/maliki-wright-157926/,portal_wire_football_2026
Jaylen Lloyd,WR,Oklahoma State Cowboys,Florida Gators,Committed,0,3.0,87.0,1110.0,100.0,2023,2026-01-16T11:43:00,https://on3static.com/uploads/assets/431/333/333431.png,https://www.on3.com/db/jaylen-lloyd-154954/,portal_wire_football_2026
Sean Thompkins,IOL,Baylor Bears,LSU Tigers,Committed,0,3.0,86.0,490.0,136.0,2023,2026-01-16T11:21:00,https://on3static.com/uploads/assets/65/209/209065.jpeg,https://www.on3.com/db/sean-thompkins-152676/,portal_wire_football_2026
Jaire Rawlison,CB,Kent State Golden Flashes,West Virginia Mountaineers,Committed,0,3.0,86.0,1835.0,164.0,2024,2026-01-16T11:13:00,https://on3static.com/uploads/assets/865/188/188865.png,https://www.on3.com/db/jaire-rawlison-153751/,portal_wire_football_2026
Prince Ijioma,CB,Mississippi Valley State Delta Devils,Oklahoma Sooners,Committed,0,3.0,86.0,2374.0,221.0,2024,2026-01-16T11:01:00,https://on3static.com/uploads/assets/487/587/587487.png,https://www.on3.com/db/prince-ijioma-154299/,portal_wire_football_2026
Blake Purchase,EDGE,Oregon Ducks,Ole Miss Rebels,Committed,0,3.0,89.0,260.0,26.0,2023,2026-01-16T10:53:00,https://on3static.com/uploads/assets/994/303/303994.png,https://www.on3.com/db/blake-purchase-10990/,portal_wire_football_2026
Devin Brown,QB,California Golden Bears,Weber State Wildcats,Committed,331869,3.0,86.0,1388.0,78.0,2022,2026-01-16T10:52:00,https://on3static.com/uploads/assets/338/396/396338.jpg,https://www.on3.com/db/devin-brown-35932/,portal_wire_football_2026
Terrence Enos,IOL,Kansas State Wildcats,,Entered,0,3.0,86.0,1711.0,151.0,2021,2026-01-16T10:46:00,https://on3static.com/uploads/dev/assets/12/10/10012.jpg,https://www.on3.com/db/terrence-enos-111667/,portal_wire_football_2026
Charlie Leota,DL,Texas State Bobcats,,Entered,0,3.0,83.0,2787.0,313.0,0,2026-01-16T10:31:00,,https://www.on3.com/db/charlie-leota-236969/,portal_wire_football_2026
Braedyn Moore,S,Toledo Rockets,Connecticut Huskies,Committed,0,3.0,85.0,2281.0,221.0,2023,2026-01-16T10:30:00,https://on3static.com/uploads/assets/135/222/222135.png,https://www.on3.com/db/braedyn-moore-151012/,portal_wire_football_2026
Jaymon Lamb,IOL,North Texas Mean Green,,Entered,0,3.0,86.0,1702.0,166.0,2023,2026-01-16T10:30:00,https://on3static.com/uploads/assets/833/400/400833.png,https://www.on3.com/db/jaymon-lamb-154256/,portal_wire_football_2026
Kendrick Gilbert,DL,Louisville Cardinals,,Entered,0,3.0,86.0,1706.0,181.0,2023,2026-01-16T10:30:00,https://on3static.com/uploads/assets/294/222/222294.png,https://www.on3.com/db/kendrick-gilbert-72915/,portal_wire_football_2026
Josiah Robinson,LB,Georgia State Panthers,,Entered,0,3.0,87.0,850.0,75.0,2022,2026-01-16T10:29:00,https://on3static.com/uploads/assets/657/75/75657.jpg,https://www.on3.com/db/josiah-robinson-68213/,portal_wire_football_2026
Marcel Tyler,DL,Western Michigan Broncos,,Entered,0,3.0,86.0,1713.0,206.0,2022,2026-01-16T10:29:00,,https://www.on3.com/db/marcel-tyler-178665/,portal_wire_football_2026
Kyle Parker,WR,LSU Tigers,Ohio State Buckeyes,Committed,0,3.0,87.0,649.0,114.0,2023,2026-01-16T10:27:00,https://on3static.com/uploads/assets/810/132/132810.jpg,https://www.on3.com/db/kyle-parker-76849/,portal_wire_football_2026
K'wan Powell,RB,USF Bulls,,Entered,0,3.0,83.0,2793.0,217.0,2021,2026-01-16T10:23:00,https://on3static.com/uploads/assets/87/216/216087.png,https://www.on3.com/db/kwan-powell-70201/,portal_wire_football_2026
Tyler Prasuhn,K,Arizona Wildcats,,Entered,0,3.0,80.0,3107.0,52.0,2025,2026-01-16T10:17:00,https://on3static.com/uploads/assets/389/333/333389.png,https://www.on3.com/db/tyler-prasuhn-241891/,portal_wire_football_2026
Carter Stoutmire,S,Colorado Buffaloes,Arkansas Razorbacks,Committed,0,3.0,87.0,1072.0,55.0,2023,2026-01-16T10:15:00,https://on3static.com/uploads/assets/303/242/242303.jpeg,https://www.on3.com/db/carter-stoutmire-18952/,portal_wire_football_2026
Choe Bryant-Strother,LB,BYU Cougars,,Entered,0,3.0,84.0,2617.0,221.0,2020,2026-01-16T10:15:00,https://on3static.com/uploads/dev/assets/188/5/5188.jpg,https://www.on3.com/db/choe-bryant-strother-21226/,portal_wire_football_2026
Matt Henry,IOL,Troy Trojans,,Entered,0,3.0,88.0,376.0,42.0,2022,2026-01-16T10:14:00,,https://www.on3.com/db/matt-henry-240721/,portal_wire_football_2026
Phillip Harris,S,James Madison Dukes,,Entered,0,3.0,81.0,2977.0,273.0,2024,2026-01-16T10:13:00,https://on3static.com/uploads/assets/321/321/321321.png,https://www.on3.com/db/phillip-harris-155307/,portal_wire_football_2026
Nykobi Brown,EDGE,Connecticut Huskies,,Entered,0,3.0,82.0,2865.0,221.0,2025,2026-01-16T10:13:00,https://on3static.com/uploads/assets/489/469/469489.png,https://www.on3.com/db/nykobi-brown-240012/,portal_wire_football_2026
DaKaari Nelson,LB,Penn State Nittany Lions,NC State Wolfpack,Committed,0,3.0,86.0,1498.0,183.0,2023,2026-01-16T09:52:00,https://on3static.com/uploads/assets/764/204/204764.png,https://www.on3.com/db/dakaari-nelson-28006/,portal_wire_football_2026
Dorian Williams,WR,Ohio State Buckeyes,Youngstown State Penguins,Committed,0,,,,,2024,2026-01-16T09:52:00,https://on3static.com/uploads/assets/917/232/232917.jpg,https://www.on3.com/db/dorian-williams-154781/,portal_wire_football_2026
Tray Taylor,WR,Troy Trojans,,Entered,0,3.0,86.0,1703.0,170.0,2022,2026-01-16T09:49:00,https://on3static.com/uploads/assets/99/396/396099.png,https://www.on3.com/db/tray-taylor-237707/,portal_wire_football_2026
Sean Kinney,IOL,Lafayette Leopards,Colorado Buffaloes,Committed,0,3.0,87.0,1092.0,59.0,2024,2026-01-16T09:44:00,https://on3static.com/uploads/assets/490/171/171490.png,https://www.on3.com/db/sean-kinney-178509/,portal_wire_football_2026
Gemari Sands,RB,Florida Atlantic Owls,Florida State Seminoles,Committed,0,3.0,87.0,795.0,105.0,2023,2026-01-16T09:05:00,https://on3static.com/uploads/assets/593/53/53593.jpg,https://www.on3.com/db/gemari-sands-152155/,portal_wire_football_2026
Jatavius Shivers,OT,South Carolina Gamecocks,Purdue Boilermakers,Committed,0,3.0,86.0,1625.0,147.0,2023,2026-01-16T08:42:00,https://on3static.com/uploads/assets/68/257/257068.jpg,https://www.on3.com/db/jatavius-shivers-147647/,portal_wire_football_2026
Blair Alexander,DL,NC State Wolfpack,,Entered,0,3.0,81.0,2978.0,329.0,2022,2026-01-16T08:40:00,https://on3static.com/uploads/assets/604/225/225604.png,https://www.on3.com/db/blair-alexander-163538/,portal_wire_football_2026
Kari Jackson,LB,Penn State Nittany Lions,Toledo Rockets,Committed,0,3.0,87.0,1364.0,111.0,2024,2026-01-16T08:36:00,https://on3static.com/uploads/assets/368/332/332368.png,https://www.on3.com/db/kari-jackson-145707/,portal_wire_football_2026
Noah Meyers,TE,Western Kentucky Hilltoppers,Syracuse Orange,Committed,0,3.0,87.0,792.0,33.0,2023,2026-01-16T08:36:00,https://on3static.com/uploads/assets/423/587/587423.png,https://www.on3.com/db/noah-meyers-157365/,portal_wire_football_2026
Damarion Witten,WR,Ohio State Buckeyes,Miami (OH) RedHawks,Committed,0,3.0,86.0,1413.0,205.0,2024,2026-01-16T08:33:00,https://on3static.com/uploads/assets/630/583/583630.png,https://www.on3.com/db/damarion-witten-147070/,portal_wire_football_2026
Angus Davies,P,Tulsa Golden Hurricane,California Golden Bears,Committed,0,3.0,80.0,3106.0,7.0,2023,2026-01-16T08:32:00,https://on3static.com/uploads/assets/548/587/587548.png,https://www.on3.com/db/angus-davies-180914/,portal_wire_football_2026
Colin Sorensen,OT,Charleston Southern Buccaneers,Missouri Tigers,Committed,0,3.0,86.0,2609.0,110.0,2024,2026-01-16T08:30:00,https://on3static.com/uploads/assets/207/586/586207.png,https://www.on3.com/db/colin-sorensen-283970/,portal_wire_football_2026
John Slaughter,S,Colorado Buffaloes,Purdue Boilermakers,Committed,0,3.0,86.0,1856.0,158.0,2023,2026-01-16T08:28:00,https://on3static.com/uploads/assets/260/226/226260.jpeg,https://www.on3.com/db/john-slaughter-146781/,portal_wire_football_2026
Kenric Lanier II,WR,Minnesota Golden Gophers,Missouri Tigers,Committed,0,3.0,85.0,1975.0,319.0,2023,2026-01-16T08:07:00,https://on3static.com/uploads/assets/335/567/567335.png,https://www.on3.com/db/kenric-lanier-ii-147123/,portal_wire_football_2026
Jai Eugene Jr.,CB,Western Kentucky Hilltoppers,Syracuse Orange,Committed,0,3.0,86.0,1714.0,225.0,2023,2026-01-16T07:44:00,https://on3static.com/uploads/assets/427/587/587427.png,https://www.on3.com/db/jai-eugene-jr-53089/,portal_wire_football_2026
Danny Lauter,QB,Georgetown Hoyas,Syracuse Orange,Committed,0,3.0,84.0,2618.0,169.0,2022,2026-01-16T07:41:00,https://on3static.com/uploads/assets/428/587/587428.png,https://www.on3.com/db/danny-lauter-29627/,portal_wire_football_2026
Oluwafunto Akinshilo,IOL,UCLA Bruins,Syracuse Orange,Committed,0,3.0,84.0,2614.0,205.0,2021,2026-01-16T07:39:00,https://on3static.com/uploads/assets/425/587/587425.png,https://www.on3.com/db/oluwafunto-akinshilo-153350/,portal_wire_football_2026
Roderick Robinson II,RB,Georgia Bulldogs,UAB Blazers,Committed,0,3.0,86.0,1448.0,120.0,2023,2026-01-16T07:30:00,https://on3static.com/uploads/assets/568/578/578568.png,https://www.on3.com/db/roderick-robinson-ii-101616/,portal_wire_football_2026
Jack Van Dorselaer,TE,Tennessee Volunteers,Oklahoma Sooners,Committed,0,3.0,88.0,195.0,30.0,2025,2026-01-16T07:28:00,https://on3static.com/uploads/assets/824/261/261824.jpeg,https://www.on3.com/db/jack-van-dorselaer-155242/,portal_wire_football_2026
Jacoby Mathews,S,Auburn Tigers,,Expected,0,3.0,87.0,844.0,67.0,2022,2026-01-16T06:43:00,https://on3static.com/uploads/assets/60/88/88060.jpg,https://www.on3.com/db/jacoby-mathews-52379/,portal_wire_football_2026
C.J. Smith,WR,Memphis Tigers,UAB Blazers,Committed,0,3.0,85.0,2090.0,291.0,2022,2026-01-16T05:16:00,https://on3static.com/uploads/assets/889/343/343889.png,https://www.on3.com/db/cj-smith-19941/,portal_wire_football_2026
Shaun Boykins,WR,Louisville Cardinals,Delaware State Hornets,Committed,0,3.0,87.0,970.0,165.0,2024,2026-01-16T05:06:00,https://on3static.com/uploads/assets/131/82/82131.png,https://www.on3.com/db/shaun-boykins-156921/,portal_wire_football_2026
Caleb Holmes,IOL,Pittsburgh Panthers,Jacksonville State Gamecocks,Committed,0,,,,,2024,2026-01-16T04:49:00,https://on3static.com/uploads/assets/161/41/41161.jpg,https://www.on3.com/db/caleb-holmes-147673/,portal_wire_football_2026
Ja'Mard Jones,IOL,Nicholls State Colonels,LSU Tigers,Committed,0,3.0,86.0,1921.0,150.0,2025,2026-01-15T23:30:00,https://on3static.com/uploads/assets/420/587/587420.png,https://www.on3.com/db/jamard-jones-284066/,portal_wire_football_2026
Sultan Badmus,EDGE,Temple Owls,Arkansas State Red Wolves,Committed,0,3.0,86.0,1412.0,131.0,2024,2026-01-15T23:07:00,https://on3static.com/uploads/assets/133/241/241133.png,https://www.on3.com/db/sultan-badmus-179390/,portal_wire_football_2026
Quante Gillians,DL,Syracuse Orange,Temple Owls,Committed,0,3.0,86.0,1694.0,141.0,2025,2026-01-15T23:06:00,https://on3static.com/uploads/assets/553/323/323553.png,https://www.on3.com/db/quante-gillians-239587/,portal_wire_football_2026
Ikinasio Tupou,OT,BYU Cougars,San Jose State Spartans,Committed,0,3.0,84.0,2520.0,189.0,2024,2026-01-15T22:17:00,https://on3static.com/uploads/assets/469/587/587469.png,https://www.on3.com/db/ikinasio-tupou-152254/,portal_wire_football_2026
Malae Fonoti III,RB,Montana Grizzlies,Missouri Tigers,Committed,0,3.0,84.0,2613.0,208.0,2024,2026-01-15T22:00:00,https://on3static.com/uploads/assets/883/586/586883.png,https://www.on3.com/db/malae-fonoti-iii-178092/,portal_wire_football_2026
Liam Danitz,EDGE,Hope College Flying Dutchmen,Wisconsin Badgers,Committed,0,3.0,83.0,2772.0,214.0,2022,2026-01-15T21:30:00,https://on3static.com/uploads/assets/775/586/586775.png,https://www.on3.com/db/liam-danitz-283874/,portal_wire_football_2026
Jordan Ross,WR,Colorado State Rams,Arizona Wildcats,Committed,0,3.0,85.0,2270.0,324.0,2024,2026-01-15T21:26:00,https://on3static.com/uploads/assets/551/147/147551.jpg,https://www.on3.com/db/jordan-ross-147662/,portal_wire_football_2026
Ian Shewell,DL,Arizona State Sun Devils,San Jose State Spartans,Committed,0,,,,,2020,2026-01-15T21:15:00,https://on3static.com/uploads/assets/374/472/472374.jpg,https://www.on3.com/db/ian-shewell-48845/,portal_wire_football_2026
Jordan Renaud,DL,Alabama Crimson Tide,Ole Miss Rebels,Committed,0,3.0,87.0,169.0,58.0,2023,2026-01-15T21:05:00,https://on3static.com/uploads/assets/794/225/225794.jpeg,https://www.on3.com/db/jordan-renaud-65938/,portal_wire_football_2026
Taren Hedrick,OT,Ole Miss Rebels,Auburn Tigers,Committed,0,3.0,87.0,848.0,86.0,2025,2026-01-15T21:01:00,https://on3static.com/uploads/assets/172/236/236172.png,https://www.on3.com/db/taren-hedrick-161952/,portal_wire_football_2026
Tah'j Butler,LB,Georgia Tech Yellow Jackets,Ole Miss Rebels,Committed,0,3.0,87.0,788.0,65.0,2024,2026-01-15T20:31:00,https://on3static.com/uploads/assets/498/333/333498.png,https://www.on3.com/db/tahj-butler-153810/,portal_wire_football_2026
Ashton Porter,EDGE,Oregon Ducks,Houston Cougars,Committed,0,3.0,87.0,812.0,99.0,2023,2026-01-15T20:16:00,https://on3static.com/uploads/assets/126/304/304126.png,https://www.on3.com/db/ashton-porter-7916/,portal_wire_football_2026
Dominick Kelly,CB,Georgia Bulldogs,Ohio State Buckeyes,Committed,155328,3.0,89.0,287.0,25.0,2025,2026-01-15T19:51:00,https://on3static.com/uploads/assets/147/332/332147.jpg,https://www.on3.com/db/dominick-kelly-239671/,portal_wire_football_2026
Jesse Powell II,S,Elon Phoenix,Coastal Carolina Chanticleers,Committed,0,3.0,88.0,1125.0,47.0,2022,2026-01-15T19:37:00,https://on3static.com/uploads/assets/358/562/562358.png,https://www.on3.com/db/jesse-powell-ii-282765/,portal_wire_football_2026
Cameron Wright,WR,Coastal Carolina Chanticleers,,Entered,0,3.0,86.0,1697.0,258.0,2021,2026-01-15T19:34:00,https://on3static.com/uploads/assets/413/139/139413.jpeg,https://www.on3.com/db/cameron-wright-18196/,portal_wire_football_2026
Joel Rogers,S,LSU Tigers,UTSA Roadrunners,Committed,0,3.0,87.0,641.0,72.0,2024,2026-01-15T19:33:00,https://on3static.com/uploads/assets/276/236/236276.jpg,https://www.on3.com/db/joel-rogers-154928/,portal_wire_football_2026
TyQuez Richardson,OT,Alabama A&M Bulldogs,Georgia Bulldogs,Committed,0,3.0,86.0,1090.0,143.0,2024,2026-01-15T19:33:00,https://on3static.com/uploads/assets/249/587/587249.png,https://www.on3.com/db/tyquez-richardson-180684/,portal_wire_football_2026
Daylen Austin,CB,Oregon Ducks,Arizona Wildcats,Committed,0,3.0,88.0,345.0,61.0,2023,2026-01-15T19:28:00,https://on3static.com/uploads/assets/123/304/304123.png,https://www.on3.com/db/daylen-austin-32629/,portal_wire_football_2026
Sione Hala,LB,Weber State Wildcats,San Diego State Aztecs,Committed,0,3.0,86.0,2391.0,143.0,2022,2026-01-15T19:03:00,https://on3static.com/uploads/assets/232/165/165232.png,https://www.on3.com/db/sione-hala-107577/,portal_wire_football_2026
Gavin Harris,TE,New Mexico State Aggies,Georgia Tech Yellow Jackets,Committed,0,3.0,88.0,514.0,18.0,2023,2026-01-15T19:03:00,https://on3static.com/uploads/assets/174/390/390174.png,https://www.on3.com/db/gavin-harris-246882/,portal_wire_football_2026
Daniel Harris,CB,Georgia Bulldogs,California Golden Bears,Committed,0,3.0,89.0,289.0,27.0,2023,2026-01-15T19:02:00,https://on3static.com/uploads/assets/78/562/562078.png,https://www.on3.com/db/daniel-harris-29268/,portal_wire_football_2026
Parker Navarro,QB,Ohio Bobcats,,Entered,0,3.0,88.0,316.0,27.0,2020,2026-01-15T18:57:00,https://on3static.com/uploads/assets/947/510/510947.png,https://www.on3.com/db/parker-navarro-95062/,portal_wire_football_2026
Tyseer Denmark,WR,Penn State Nittany Lions,Virginia Tech Hokies,Committed,0,3.0,86.0,1548.0,174.0,2024,2026-01-15T18:31:00,https://on3static.com/uploads/assets/615/345/345615.png,https://www.on3.com/db/tyseer-denmark-118942/,portal_wire_football_2026
Walter Mathis Jr.,DL,LSU Tigers,Auburn Tigers,Committed,0,3.0,87.0,241.0,100.0,2025,2026-01-15T17:56:00,https://on3static.com/uploads/assets/392/409/409392.png,https://www.on3.com/db/walter-mathis-jr-158154/,portal_wire_football_2026
Talyn Shettron,WR,Oklahoma State Cowboys,Louisiana Tech Bulldogs,Committed,0,3.0,86.0,1166.0,274.0,2022,2026-01-15T17:49:00,https://on3static.com/uploads/assets/573/226/226573.png,https://www.on3.com/db/talyn-shettron-109960/,portal_wire_football_2026
Edwin Kolenge,EDGE,Boston College Eagles,Vanderbilt Commodores,Committed,0,3.0,87.0,1623.0,83.0,2022,2026-01-15T17:47:00,https://on3static.com/uploads/assets/261/165/165261.png,https://www.on3.com/db/edwin-kolenge-40759/,portal_wire_football_2026
Caleb Herring,EDGE,Tennessee Volunteers,South Carolina Gamecocks,Committed,0,3.0,89.0,269.0,27.0,2023,2026-01-15T17:41:00,https://on3static.com/uploads/assets/202/226/226202.jpeg,https://www.on3.com/db/caleb-herring-17027/,portal_wire_football_2026
Seth Davis,RB,Mississippi State Bulldogs,Tulsa Golden Hurricane,Committed,0,3.0,85.0,2271.0,167.0,2023,2026-01-15T17:36:00,https://on3static.com/uploads/assets/849/222/222849.png,https://www.on3.com/db/seth-davis-105999/,portal_wire_football_2026
Joshua Donald,DL,Houston Cougars,Louisville Cardinals,Committed,0,3.0,86.0,1943.0,184.0,2021,2026-01-15T17:33:00,https://on3static.com/uploads/assets/121/390/390121.png,https://www.on3.com/db/joshua-donald-240791/,portal_wire_football_2026
Zach Grace,TE,Oregon Ducks,LSU Tigers,Committed,0,3.0,84.0,2372.0,139.0,2023,2026-01-15T17:22:00,https://on3static.com/uploads/assets/443/586/586443.png,https://www.on3.com/db/zach-grace-161848/,portal_wire_football_2026
Gavin Freeman,WR,Oklahoma State Cowboys,Baylor Bears,Committed,0,3.0,87.0,1058.0,158.0,2022,2026-01-15T16:51:00,https://on3static.com/uploads/assets/214/86/86214.jpeg,https://www.on3.com/db/gavin-freeman-147050/,portal_wire_football_2026
Chris Jones,LB,Southern Miss Golden Eagles,Florida State Seminoles,Committed,0,3.0,89.0,181.0,12.0,2024,2026-01-15T16:49:00,https://on3static.com/uploads/assets/263/575/575263.jpeg,https://www.on3.com/db/chris-jones-176935/,portal_wire_football_2026
MJ Artmore,CB,Baylor Bears,,Entered,0,,,,,0,2026-01-15T16:40:00,https://on3static.com/uploads/assets/778/225/225778.png,https://www.on3.com/db/mj-artmore-182174/,portal_wire_football_2026
Keshaun Hudson,DL,UCF Knights,Jackson State Tigers,Committed,0,3.0,81.0,2954.0,323.0,2022,2026-01-15T16:20:00,https://on3static.com/uploads/assets/751/564/564751.PNG,https://www.on3.com/db/keshaun-hudson-145326/,portal_wire_football_2026
Tyreek'e Robinson,DL,UCF Knights,East Tennessee State Buccaneers,Committed,0,3.0,84.0,2438.0,264.0,2024,2026-01-15T16:19:00,https://on3static.com/uploads/assets/755/564/564755.PNG,https://www.on3.com/db/tyreeke-robinson-158033/,portal_wire_football_2026
Mikai Gbayor,LB,North Carolina Tar Heels,Florida State Seminoles,Committed,0,3.0,88.0,188.0,37.0,2021,2026-01-15T16:11:00,https://on3static.com/uploads/assets/25/465/465025.png,https://www.on3.com/db/mikai-gbayor-88702/,portal_wire_football_2026
Luke Murphy,LB,Coastal Carolina Chanticleers,Connecticut Huskies,Committed,0,3.0,86.0,1648.0,135.0,2020,2026-01-15T15:24:00,https://on3static.com/uploads/assets/522/220/220522.jpeg,https://www.on3.com/db/luke-murphy-80807/,portal_wire_football_2026
Jaydon Hood,LB,Michigan Wolverines,Georgia State Panthers,Committed,0,3.0,86.0,1566.0,184.0,2021,2026-01-15T15:22:00,https://on3static.com/uploads/assets/260/18/18260.jpeg,https://www.on3.com/db/jaydon-hood-58745/,portal_wire_football_2026
Jonas Duclona,CB,USF Bulls,Georgia Tech Yellow Jackets,Committed,0,3.0,88.0,553.0,39.0,2023,2026-01-15T15:21:00,https://on3static.com/uploads/assets/138/222/222138.png,https://www.on3.com/db/jonas-duclona-64489/,portal_wire_football_2026
Carter Moses,TE,Albany Great Danes,Kansas Jayhawks,Committed,0,3.0,86.0,1993.0,70.0,2022,2026-01-15T15:15:00,https://on3static.com/uploads/assets/386/567/567386.png,https://www.on3.com/db/carter-moses-218954/,portal_wire_football_2026
Vance Bolyard,TE,Duke Blue Devils,Tulane Green Wave,Committed,0,3.0,86.0,1509.0,105.0,2023,2026-01-15T15:13:00,https://on3static.com/uploads/assets/811/164/164811.png,https://www.on3.com/db/vance-bolyard-147625/,portal_wire_football_2026
Ja'Kobe Clinton,LB,West Florida Argonauts,,Expected,0,3.0,87.0,849.0,105.0,2022,2026-01-15T15:11:00,https://on3static.com/uploads/assets/137/587/587137.png,https://www.on3.com/db/jakobe-clinton-284048/,portal_wire_football_2026
Melvin Siani,OT,Wake Forest Demon Deacons,Texas Longhorns,Committed,565236,4.0,92.0,28.0,4.0,2023,2026-01-15T14:59:00,https://on3static.com/uploads/assets/977/397/397977.png,https://www.on3.com/db/melvin-siani-175124/,portal_wire_football_2026
Ja'Kobi Jackson,RB,Florida Gators,Ohio State Buckeyes,Committed,0,3.0,88.0,257.0,46.0,2020,2026-01-15T14:43:00,https://on3static.com/uploads/assets/447/335/335447.png,https://www.on3.com/db/jakobi-jackson-144646/,portal_wire_football_2026
Jaheim Singletary,CB,Arkansas Razorbacks,Iowa State Cyclones,Committed,142218,3.0,87.0,1069.0,73.0,2022,2026-01-15T14:25:00,https://on3static.com/uploads/assets/923/303/303923.png,https://www.on3.com/db/jaheim-singletary-52938/,portal_wire_football_2026
Justin Bodford,DL,Missouri Tigers,Middle Tennessee State Blue Raiders,Committed,0,3.0,84.0,2488.0,267.0,2024,2026-01-15T14:10:00,https://on3static.com/uploads/assets/790/579/579790.png,https://www.on3.com/db/justin-bodford-69090/,portal_wire_football_2026
Jacob Strand,OT,Oregon State Beavers,Auburn Tigers,Committed,0,3.0,87.0,332.0,67.0,2022,2026-01-15T13:54:00,https://on3static.com/uploads/assets/90/22/22090.jpeg,https://www.on3.com/db/jacob-strand-146080/,portal_wire_football_2026
Cameron Calhoun,CB,Alabama Crimson Tide,Ohio State Buckeyes,Committed,209076,3.0,88.0,458.0,56.0,2023,2026-01-15T13:47:00,https://on3static.com/uploads/assets/404/271/271404.png,https://www.on3.com/db/cameron-calhoun-151067/,portal_wire_football_2026
Anthony Robinson III,S,Ole Miss Rebels,Ole Miss Rebels,Withdrawn,0,0.0,,,,2024,2026-01-15T13:45:00,https://on3static.com/uploads/assets/337/161/161337.JPG,https://www.on3.com/db/anthony-robinson-iii-152146/,portal_wire_football_2026
Alexander Capka-Jones,WR,Illinois Fighting Illini,,Entered,0,3.0,83.0,2783.0,397.0,0,2026-01-15T13:40:00,https://on3static.com/uploads/assets/796/304/304796.png,https://www.on3.com/db/alexander-capka-jones-235817/,portal_wire_football_2026
Jorge Diaz Nicholas,K,Virginia Cavaliers,,Entered,0,3.0,80.0,3105.0,61.0,2025,2026-01-15T13:40:00,,https://www.on3.com/db/jorge-diaz-nicholas-249821/,portal_wire_football_2026
Jordan Kelly,WR,Central Michigan Chippewas,,Entered,0,3.0,81.0,2973.0,429.0,2022,2026-01-15T13:38:00,,https://www.on3.com/db/jordan-kelly-149845/,portal_wire_football_2026
Michael Robinson III,S,Connecticut Huskies,,Entered,0,3.0,82.0,2863.0,266.0,2023,2026-01-15T13:32:00,https://on3static.com/uploads/assets/524/469/469524.png,https://www.on3.com/db/michael-robinson-iii-260999/,portal_wire_football_2026
PJ Hatter,QB,Georgia State Panthers,,Entered,0,3.0,83.0,2784.0,190.0,2023,2026-01-15T13:32:00,https://on3static.com/uploads/assets/615/373/373615.jpeg,https://www.on3.com/db/pj-hatter-96723/,portal_wire_football_2026
Jaxon Lee,EDGE,Tulsa Golden Hurricane,,Entered,0,3.0,83.0,2782.0,206.0,2024,2026-01-15T13:25:00,https://on3static.com/uploads/assets/617/248/248617.png,https://www.on3.com/db/jaxon-lee-180273/,portal_wire_football_2026
Chase Meyer,K,California Golden Bears,California Golden Bears,Withdrawn,0,3.0,80.0,3058.0,21.0,2022,2026-01-15T13:20:00,https://on3static.com/uploads/assets/924/416/416924.png,https://www.on3.com/db/chase-meyer-147089/,portal_wire_football_2026
Justin Medlock,LB,SMU Mustangs,Boston College Eagles,Committed,0,3.0,86.0,1698.0,180.0,2022,2026-01-15T13:12:00,https://on3static.com/uploads/assets/109/333/333109.png,https://www.on3.com/db/justin-medlock-69580/,portal_wire_football_2026
Jake Renda,TE,UCLA Bruins,,Expected,0,,,,,2021,2026-01-15T12:58:00,https://on3static.com/uploads/dev/assets/28/10/10028.jpg,https://www.on3.com/db/jake-renda-53774/,portal_wire_football_2026
Zakye Barker,LB,SMU Mustangs,North Texas Mean Green,Committed,0,3.0,86.0,1499.0,141.0,2022,2026-01-15T12:56:00,https://on3static.com/uploads/assets/630/213/213630.jpeg,https://www.on3.com/db/zakye-barker-123527/,portal_wire_football_2026
Nick Osho,RB,Indiana State Sycamores,North Texas Mean Green,Committed,0,3.0,86.0,1990.0,144.0,2022,2026-01-15T12:55:00,https://on3static.com/uploads/assets/368/567/567368.png,https://www.on3.com/db/nick-osho-283122/,portal_wire_football_2026
Noah Pulealii,IOL,UCLA Bruins,,Expected,0,,,,,2021,2026-01-15T12:54:00,https://on3static.com/uploads/assets/572/16/16572.jpeg,https://www.on3.com/db/noah-pulealii-93712/,portal_wire_football_2026
Christian Hamilton,WR,West Virginia Mountaineers,Marshall Thundering Herd,Committed,0,3.0,85.0,2274.0,317.0,2023,2026-01-15T12:54:00,https://on3static.com/uploads/assets/765/222/222765.png,https://www.on3.com/db/christian-hamilton-22931/,portal_wire_football_2026
Jamarion Wilcox,RB,Kentucky Wildcats,Marshall Thundering Herd,Committed,0,3.0,88.0,361.0,35.0,2023,2026-01-15T12:30:00,https://on3static.com/uploads/assets/265/222/222265.png,https://www.on3.com/db/jamarion-wilcox-151141/,portal_wire_football_2026
Jamarice Wilder,RB,Louisville Cardinals,,Entered,0,3.0,85.0,2275.0,187.0,2025,2026-01-15T11:36:00,https://on3static.com/uploads/assets/63/587/587063.png,https://www.on3.com/db/jamarice-wilder-154500/,portal_wire_football_2026
Tim Griffin,DL,Cincinnati Bearcats,Georgia Tech Yellow Jackets,Committed,0,3.0,86.0,1595.0,154.0,2025,2026-01-15T11:29:00,https://on3static.com/uploads/assets/49/386/386049.png,https://www.on3.com/db/tim-griffin-243148/,portal_wire_football_2026
Oumar Diomande,LB,Connecticut Huskies,Colorado State Rams,Committed,0,3.0,87.0,1120.0,50.0,2023,2026-01-15T11:22:00,https://on3static.com/uploads/assets/445/473/473445.png,https://www.on3.com/db/oumar-diomande-175715/,portal_wire_football_2026
Muizz Tounkara,WR,Florida Gators,Houston Cougars,Committed,0,3.0,86.0,1167.0,208.0,2025,2026-01-15T11:19:00,https://on3static.com/uploads/assets/871/571/571871.png,https://www.on3.com/db/muizz-tounkara-90524/,portal_wire_football_2026
C.C. Ezirim,TE,Toledo Rockets,,Entered,0,3.0,85.0,2273.0,108.0,2023,2026-01-15T11:18:00,https://on3static.com/uploads/assets/62/587/587062.png,https://www.on3.com/db/cc-ezirim-147096/,portal_wire_football_2026
Sam McCall,CB,Georgia State Panthers,Bethune-Cookman Wildcats,Committed,0,,,,,2022,2026-01-15T10:21:00,https://on3static.com/uploads/assets/144/86/86144.jpg,https://www.on3.com/db/sam-mccall-104391/,portal_wire_football_2026
Brandon Kelley,EDGE,Connecticut Huskies,Colorado State Rams,Committed,0,3.0,83.0,2749.0,212.0,2023,2026-01-15T10:18:00,https://on3static.com/uploads/assets/535/473/473535.png,https://www.on3.com/db/brandon-kelley-156277/,portal_wire_football_2026
Boogsie Silvera,S,USF Bulls,Sacramento State Hornets,Committed,0,3.0,86.0,1506.0,175.0,2021,2026-01-15T10:10:00,https://on3static.com/uploads/assets/726/392/392726.png,https://www.on3.com/db/boogsie-silvera-11439/,portal_wire_football_2026
Pearce Spurlin,TE,Georgia Bulldogs,Colorado State Rams,Committed,0,3.0,86.0,1810.0,72.0,2023,2026-01-15T10:04:00,https://on3static.com/uploads/assets/981/294/294981.png,https://www.on3.com/db/pearce-spurlin-95983/,portal_wire_football_2026
Tionne Gray,DL,Oregon Ducks,Notre Dame Fighting Irish,Committed,0,3.0,89.0,166.0,14.0,2024,2026-01-15T09:22:00,https://on3static.com/uploads/assets/140/304/304140.png,https://www.on3.com/db/tionne-gray-154742/,portal_wire_football_2026
Kade Caton,TE,Oregon Ducks,USF Bulls,Committed,0,3.0,86.0,1527.0,104.0,2024,2026-01-15T09:13:00,https://on3static.com/uploads/assets/991/334/334991.png,https://www.on3.com/db/kade-caton-236113/,portal_wire_football_2026
Jake Merklinger,QB,Tennessee Volunteers,Connecticut Huskies,Committed,133705,3.0,87.0,932.0,52.0,2024,2026-01-15T09:12:00,https://on3static.com/uploads/assets/148/194/194148.png,https://www.on3.com/db/jake-merklinger-147480/,portal_wire_football_2026
Dallin Havea,EDGE,Utah Tech Trailblazers,UCLA Bruins,Committed,0,3.0,87.0,862.0,74.0,2021,2026-01-15T09:04:00,https://on3static.com/uploads/assets/435/587/587435.png,https://www.on3.com/db/dallin-havea-28247/,portal_wire_football_2026
Tyler Brumfield,OT,Oklahoma State Cowboys,Eastern Michigan Eagles,Committed,0,3.0,85.0,2269.0,156.0,2021,2026-01-15T09:00:00,https://on3static.com/uploads/assets/476/370/370476.png,https://www.on3.com/db/tyler-brumfield-244718/,portal_wire_football_2026
Tucker Ashcraft,TE,Wisconsin Badgers,USC Trojans,Committed,0,3.0,87.0,571.0,52.0,2023,2026-01-14T22:20:00,https://on3static.com/uploads/assets/150/222/222150.png,https://www.on3.com/db/tucker-ashcraft-151272/,portal_wire_football_2026
TJ Branch,S,Colorado Buffaloes,UCF Knights,Committed,0,3.0,87.0,1234.0,96.0,2025,2026-01-14T22:09:00,https://on3static.com/uploads/assets/639/224/224639.jpg,https://www.on3.com/db/tj-branch-155983/,portal_wire_football_2026
William Davis,S,West Virginia Mountaineers,Sam Houston State Bearkats,Committed,0,3.0,81.0,2873.0,269.0,2022,2026-01-14T22:03:00,https://on3static.com/uploads/assets/116/404/404116.png,https://www.on3.com/db/william-davis-248484/,portal_wire_football_2026
Don Volante,LS,West Florida Argonauts,USF Bulls,Committed,0,3.0,80.0,3103.0,23.0,2020,2026-01-14T21:44:00,https://on3static.com/uploads/assets/560/586/586560.PNG,https://www.on3.com/db/don-volante-284006/,portal_wire_football_2026
Connor Hawkins,K,Baylor Bears,Ohio State Buckeyes,Committed,0,3.0,80.0,3098.0,2.0,2024,2026-01-14T21:35:00,https://on3static.com/uploads/assets/512/212/212512.jpg,https://www.on3.com/db/connor-hawkins-179638/,portal_wire_football_2026
Ashton Rivera,IOL,Kent State Golden Flashes,California Golden Bears,Committed,0,3.0,86.0,1689.0,154.0,2022,2026-01-14T21:34:00,https://on3static.com/uploads/assets/123/449/449123.jpeg,https://www.on3.com/db/ashton-rivera-191697/,portal_wire_football_2026
Devon Manuel,OT,Florida Gators,Appalachian State Mountaineers,Committed,0,3.0,86.0,1690.0,97.0,2021,2026-01-14T21:30:00,https://on3static.com/uploads/assets/930/287/287930.png,https://www.on3.com/db/devon-manuel-36413/,portal_wire_football_2026
Darrell Gill,WR,Syracuse Orange,Ole Miss Rebels,Committed,0,3.0,88.0,104.0,75.0,2023,2026-01-14T20:46:00,https://on3static.com/uploads/assets/774/304/304774.png,https://www.on3.com/db/darrell-gill-177097/,portal_wire_football_2026
Jayden Davis,CB,Fresno State Bulldogs,Connecticut Huskies,Committed,0,3.0,86.0,1245.0,176.0,2022,2026-01-14T20:41:00,https://on3static.com/uploads/assets/756/570/570756.png,https://www.on3.com/db/jayden-davis-58633/,portal_wire_football_2026
Jake Garcia,QB,Michigan Wolverines,,Entered,0,3.0,86.0,1688.0,110.0,2021,2026-01-14T20:20:00,https://on3static.com/uploads/assets/829/12/12829.jpeg,https://www.on3.com/db/jake-garcia-53483/,portal_wire_football_2026
Tye Edwards,RB,West Virginia Mountaineers,,Entered,0,3.0,87.0,840.0,59.0,2019,2026-01-14T20:06:00,https://on3static.com/uploads/assets/763/73/73763.jpeg,https://www.on3.com/db/tye-edwards-117191/,portal_wire_football_2026
Myles Pollard,CB,Memphis Tigers,East Carolina Pirates,Committed,0,3.0,84.0,2607.0,298.0,2022,2026-01-14T20:04:00,https://on3static.com/uploads/assets/621/302/302621.png,https://www.on3.com/db/myles-pollard-90748/,portal_wire_football_2026
Ethan Moczulski,K,Washington Huskies,Illinois Fighting Illini,Committed,0,3.0,80.0,3057.0,49.0,2022,2026-01-14T19:21:00,https://on3static.com/uploads/assets/68/88/88068.jpg,https://www.on3.com/db/ethan-moczulski-146117/,portal_wire_football_2026
Tymere Burton,LB,Utah State Aggies,,Expected,0,3.0,83.0,2781.0,256.0,2023,2026-01-14T19:20:00,https://on3static.com/uploads/assets/583/212/212583.jpeg,https://www.on3.com/db/tymere-burton-118310/,portal_wire_football_2026
James Johnson,CB,USC Trojans,Middle Tennessee State Blue Raiders,Committed,0,3.0,85.0,2197.0,270.0,2025,2026-01-14T19:16:00,https://on3static.com/uploads/assets/519/185/185519.jpg,https://www.on3.com/db/james-johnson-154668/,portal_wire_football_2026
Maguire Richman,LB,Kansas State Wildcats,Northwest Missouri State Bearcats,Committed,0,3.0,85.0,2207.0,206.0,2025,2026-01-14T19:12:00,https://on3static.com/uploads/assets/524/325/325524.png,https://www.on3.com/db/maguire-richman-180372/,portal_wire_football_2026
Trever Jackson,QB,Arkansas Razorbacks,Coastal Carolina Chanticleers,Committed,0,3.0,86.0,1351.0,120.0,2024,2026-01-14T19:00:00,https://on3static.com/uploads/assets/507/198/198507.png,https://www.on3.com/db/trever-jackson-156279/,portal_wire_football_2026
Isaiah Spencer,WR,Virginia Tech Hokies,Ole Miss Rebels,Committed,0,3.0,86.0,1678.0,185.0,2023,2026-01-14T18:46:00,https://on3static.com/uploads/assets/116/445/445116.png,https://www.on3.com/db/isaiah-spencer-147400/,portal_wire_football_2026
Brad Gurley,DL,Eastern Kentucky Colonels,UCF Knights,Committed,0,3.0,87.0,841.0,117.0,2022,2026-01-14T18:30:00,https://on3static.com/uploads/assets/476/586/586476.PNG,https://www.on3.com/db/brad-gurley-284004/,portal_wire_football_2026
Carson Suesue,TE,Oklahoma State Cowboys,New Mexico State Aggies,Committed,0,3.0,84.0,2521.0,135.0,2024,2026-01-14T17:17:00,https://on3static.com/uploads/assets/168/124/124168.png,https://www.on3.com/db/carson-suesue-18824/,portal_wire_football_2026
Drake Knobloch,LS,Baylor Bears,,Entered,0,,,,,2022,2026-01-14T16:44:00,https://on3static.com/uploads/assets/906/225/225906.png,https://www.on3.com/db/drake-knobloch-150038/,portal_wire_football_2026
Ikenna Ezeogu,DL,Iowa State Cyclones,Penn State Nittany Lions,Committed,0,3.0,86.0,979.0,137.0,2022,2026-01-14T16:36:00,https://on3static.com/uploads/assets/460/586/586460.png,https://www.on3.com/db/ikenna-ezeogu-48987/,portal_wire_football_2026
Anas Luqman,EDGE,Ohio Bobcats,Connecticut Huskies,Committed,0,3.0,87.0,628.0,90.0,2022,2026-01-14T16:27:00,https://on3static.com/uploads/assets/137/578/578137.png,https://www.on3.com/db/anas-luqman-4414/,portal_wire_football_2026
EJ Thomas,DL,Syracuse Orange,Memphis Tigers,Committed,0,3.0,85.0,2268.0,235.0,2025,2026-01-14T16:23:00,https://on3static.com/uploads/assets/525/235/235525.png,https://www.on3.com/db/ej-thomas-151748/,portal_wire_football_2026
Skyler Grant,IOL,Old Dominion Monarchs,Memphis Tigers,Committed,0,3.0,86.0,1687.0,139.0,2021,2026-01-14T16:23:00,https://on3static.com/uploads/assets/300/171/171300.png,https://www.on3.com/db/skyler-grant-107716/,portal_wire_football_2026
Jonte Newman,OT,Texas A&M Aggies,Texas Longhorns,Committed,0,3.0,89.0,211.0,17.0,2025,2026-01-14T15:49:00,https://on3static.com/uploads/assets/838/197/197838.jpg,https://www.on3.com/db/jonte-newman-159051/,portal_wire_football_2026
Antwan Roberts,RB,Marshall Thundering Herd,Arizona Wildcats,Committed,0,3.0,86.0,1683.0,118.0,2021,2026-01-14T15:40:00,https://on3static.com/uploads/assets/172/16/16172.jpeg,https://www.on3.com/db/antwan-roberts-7222/,portal_wire_football_2026
Dee Crayton,LB,Clemson Tigers,UNLV Rebels,Committed,0,3.0,86.0,2338.0,162.0,2023,2026-01-14T15:34:00,https://on3static.com/uploads/assets/534/567/567534.png,https://www.on3.com/db/dee-crayton-33276/,portal_wire_football_2026
Brandyn Hillman,S,Michigan Wolverines,Virginia Cavaliers,Committed,0,4.0,90.0,89.0,8.0,2023,2026-01-14T15:34:00,https://on3static.com/uploads/assets/832/582/582832.jpeg,https://www.on3.com/db/brandyn-hillman-13395/,portal_wire_football_2026
Nick Duzansky,LS,Oregon Ducks,Michigan State Spartans,Committed,0,3.0,80.0,3087.0,44.0,2023,2026-01-14T15:15:00,https://on3static.com/uploads/assets/34/219/219034.png,https://www.on3.com/db/nick-duzansky-147064/,portal_wire_football_2026
Tracy Revels,S,Michigan State Spartans,Connecticut Huskies,Committed,0,3.0,87.0,515.0,69.0,2023,2026-01-14T15:04:00,https://on3static.com/uploads/assets/393/443/443393.png,https://www.on3.com/db/tracy-revels-150670/,portal_wire_football_2026
Jaydan Hardy,S,Oklahoma Sooners,Colorado Buffaloes,Committed,103432,3.0,87.0,1060.0,73.0,2024,2026-01-14T15:02:00,https://on3static.com/uploads/assets/423/586/586423.png,https://www.on3.com/db/jaydan-hardy-58591/,portal_wire_football_2026
Kahlee Tafai,IOL,Minnesota Golden Gophers,California Golden Bears,Committed,0,3.0,86.0,1016.0,135.0,2023,2026-01-14T14:55:00,https://on3static.com/uploads/assets/309/219/219309.png,https://www.on3.com/db/kahlee-tafai-154333/,portal_wire_football_2026
Jeremiah Bailey,DL,Eastern Kentucky Colonels,UTSA Roadrunners,Committed,0,3.0,87.0,842.0,125.0,2022,2026-01-14T14:52:00,https://on3static.com/uploads/assets/462/586/586462.png,https://www.on3.com/db/jeremiah-bailey-144470/,portal_wire_football_2026
Lee Molette III,S,Connecticut Huskies,Arizona Wildcats,Committed,0,3.0,87.0,1000.0,88.0,2022,2026-01-14T14:34:00,https://on3static.com/uploads/assets/511/469/469511.png,https://www.on3.com/db/lee-molette-iii-150360/,portal_wire_football_2026
Sione Laulea,CB,Oregon Ducks,Missouri Tigers,Committed,0,3.0,86.0,1302.0,182.0,2022,2026-01-14T14:32:00,https://on3static.com/uploads/assets/992/303/303992.png,https://www.on3.com/db/sione-laulea-107582/,portal_wire_football_2026
Joe Brunner,IOL,Wisconsin Badgers,Indiana Hoosiers,Committed,0,4.0,90.0,74.0,3.0,2022,2026-01-14T14:21:00,https://on3static.com/uploads/assets/154/222/222154.png,https://www.on3.com/db/joe-brunner-62050/,portal_wire_football_2026
Josh Ehrlich,QB,Susquehanna University River Hawks,UNC Pembroke Braves,Committed,0,3.0,86.0,1321.0,98.0,2022,2026-01-14T13:55:00,https://on3static.com/uploads/assets/269/574/574269.png,https://www.on3.com/db/josh-ehrlich-283457/,portal_wire_football_2026
Cooper Perry,WR,Oregon Ducks,California Golden Bears,Committed,130000,3.0,88.0,472.0,68.0,2025,2026-01-14T13:43:00,https://on3static.com/uploads/assets/311/276/276311.jpg,https://www.on3.com/db/cooper-perry-162594/,portal_wire_football_2026
Ethan Grunkemeyer,QB,Penn State Nittany Lions,Virginia Tech Hokies,Committed,0,3.0,89.0,220.0,22.0,2024,2026-01-14T13:28:00,https://on3static.com/uploads/assets/666/345/345666.png,https://www.on3.com/db/ethan-grunkemeyer-152359/,portal_wire_football_2026
Tre Griffiths,WR,Oklahoma State Cowboys,Hawaii Rainbow Warriors,Committed,0,3.0,87.0,1176.0,134.0,2024,2026-01-14T13:27:00,https://on3static.com/uploads/assets/317/233/233317.png,https://www.on3.com/db/tre-griffiths-114954/,portal_wire_football_2026
Dominic Toy,TE,Connecticut Huskies,Colorado State Rams,Committed,0,3.0,83.0,2726.0,158.0,2024,2026-01-14T13:21:00,https://on3static.com/uploads/assets/537/469/469537.png,https://www.on3.com/db/dominic-toy-174614/,portal_wire_football_2026
Gregory Smith,S,North Carolina Tar Heels,,Expected,0,0.0,,,,2024,2026-01-14T13:13:00,https://on3static.com/uploads/assets/48/465/465048.png,https://www.on3.com/db/gregory-smith-179247/,portal_wire_football_2026
David Wells,WR,Oregon State Beavers,Tulsa Golden Hurricane,Committed,0,,,,,2023,2026-01-14T13:13:00,https://on3static.com/uploads/assets/12/587/587012.png,https://www.on3.com/db/david-wells-147521/,portal_wire_football_2026
Justin Denson Jr.,S,Michigan State Spartans,Purdue Boilermakers,Committed,0,3.0,86.0,1800.0,152.0,2024,2026-01-14T13:06:00,https://on3static.com/uploads/assets/930/162/162930.jpg,https://www.on3.com/db/justin-denson-jr-153817/,portal_wire_football_2026
Chase Duarte,OT,San Diego State Aztecs,Kansas State Wildcats,Committed,0,3.0,85.0,2309.0,180.0,2025,2026-01-14T13:05:00,https://on3static.com/uploads/assets/244/329/329244.png,https://www.on3.com/db/chase-duarte-241127/,portal_wire_football_2026
Timothy Passmore,DL,Massachusetts Minutemen,Massachusetts Minutemen,Withdrawn,0,0.0,,,,2022,2026-01-14T13:01:00,https://on3static.com/uploads/assets/404/403/403404.png,https://www.on3.com/db/timothy-passmore-149859/,portal_wire_football_2026
Bryce Cohoon,WR,Kansas Jayhawks,South Dakota Coyotes,Committed,0,3.0,83.0,2672.0,390.0,2023,2026-01-14T12:58:00,https://on3static.com/uploads/assets/777/304/304777.png,https://www.on3.com/db/bryce-cohoon-156455/,portal_wire_football_2026
Brady Kopetz,TE,Colorado Buffaloes,Colorado Buffaloes,Withdrawn,0,0.0,,,,2022,2026-01-14T12:33:00,https://on3static.com/uploads/assets/413/242/242413.jpeg,https://www.on3.com/db/brady-kopetz-11872/,portal_wire_football_2026
Selah Brown,DL,Louisville Cardinals,Louisville Cardinals,Withdrawn,0,3.0,85.0,2307.0,254.0,2022,2026-01-14T12:16:00,https://on3static.com/uploads/assets/223/223/223223.png,https://www.on3.com/db/selah-brown-105839/,portal_wire_football_2026
Walter Taylor,QB,Ball State Cardinals,Vanderbilt Commodores,Committed,0,3.0,85.0,2139.0,153.0,2022,2026-01-14T11:54:00,https://on3static.com/uploads/assets/858/263/263858.png,https://www.on3.com/db/walter-taylor-147846/,portal_wire_football_2026
Husan Longstreet,QB,USC Trojans,LSU Tigers,Committed,752856,4.0,92.0,23.0,7.0,2025,2026-01-14T11:10:00,https://on3static.com/uploads/assets/39/583/583039.png,https://www.on3.com/db/husan-longstreet-152055/,portal_wire_football_2026
Justice Haynes,RB,Michigan Wolverines,Georgia Tech Yellow Jackets,Committed,799115,4.0,92.0,25.0,2.0,2023,2026-01-14T11:06:00,https://on3static.com/uploads/assets/641/225/225641.jpeg,https://www.on3.com/db/justice-haynes-68957/,portal_wire_football_2026
Roger Jones,CB,Air Force Falcons,,Entered,0,3.0,86.0,1673.0,168.0,2024,2026-01-14T10:45:00,https://on3static.com/uploads/assets/274/586/586274.png,https://www.on3.com/db/roger-jones-178308/,portal_wire_football_2026
Amorion Walker,WR,Middle Tennessee State Blue Raiders,UNLV Rebels,Committed,0,,,,,2022,2026-01-14T10:33:00,https://on3static.com/uploads/assets/728/22/22728.jpg,https://www.on3.com/db/amorion-walker-4381/,portal_wire_football_2026
Grayson Brousseau,TE,Oklahoma State Cowboys,UCF Knights,Committed,0,3.0,85.0,2355.0,127.0,2024,2026-01-14T10:31:00,https://on3static.com/uploads/assets/303/445/445303.png,https://www.on3.com/db/grayson-brousseau-178813/,portal_wire_football_2026
Jimmy Calloway,WR,Tulane Green Wave,Tulsa Golden Hurricane,Committed,0,3.0,85.0,2201.0,285.0,2020,2026-01-14T10:27:00,https://on3static.com/uploads/dev/assets/803/4/4803.jpg,https://www.on3.com/db/jimmy-calloway-61689/,portal_wire_football_2026
Dominic Johnson,IOL,Georgia State Panthers,Toledo Rockets,Committed,0,3.0,82.0,2817.0,230.0,2024,2026-01-14T10:25:00,https://on3static.com/uploads/assets/573/338/338573.png,https://www.on3.com/db/dominic-johnson-180942/,portal_wire_football_2026
Juwon Gaston,S,Middle Tennessee State Blue Raiders,,Entered,0,3.0,86.0,1674.0,128.0,2021,2026-01-14T10:15:00,https://on3static.com/uploads/assets/370/223/223370.png,https://www.on3.com/db/juwon-gaston-70138/,portal_wire_football_2026
Titan Saxton,S,Utah State Aggies,,Entered,0,3.0,82.0,2861.0,267.0,0,2026-01-14T10:14:00,,https://www.on3.com/db/titan-saxton-246922/,portal_wire_football_2026
Jaylyn Monds,CB,Eastern Michigan Eagles,,Entered,0,3.0,86.0,1677.0,226.0,2024,2026-01-14T10:13:00,https://on3static.com/uploads/assets/424/67/67424.jpg,https://www.on3.com/db/jaylyn-monds-154904/,portal_wire_football_2026
Emmanual Stevenson,TE,Arkansas State Red Wolves,,Entered,0,3.0,86.0,1679.0,93.0,2021,2026-01-14T10:12:00,https://on3static.com/uploads/assets/166/206/206166.jpg,https://www.on3.com/db/emmanual-stevenson-41708/,portal_wire_football_2026
Kenny Woseley,CB,Penn State Nittany Lions,Virginia Tech Hokies,Committed,0,3.0,88.0,1030.0,46.0,2024,2026-01-14T10:10:00,https://on3static.com/uploads/assets/663/345/345663.png,https://www.on3.com/db/kenny-woseley-73206/,portal_wire_football_2026
Kevin Green,WR,Washington Huskies,,Entered,0,3.0,84.0,2603.0,368.0,2022,2026-01-14T10:06:00,https://on3static.com/uploads/assets/16/22/22016.jpeg,https://www.on3.com/db/kevin-green-74123/,portal_wire_football_2026
Shambre Jackson,DL,Massachusetts Minutemen,,Entered,0,3.0,86.0,1680.0,192.0,2021,2026-01-14T10:04:00,https://on3static.com/uploads/assets/242/16/16242.jpg,https://www.on3.com/db/shambre-jackson-144921/,portal_wire_football_2026
Alante Brown,WR,Michigan State Spartans,,Entered,0,3.0,83.0,2780.0,389.0,2020,2026-01-14T10:04:00,https://on3static.com/uploads/assets/62/235/235062.png,https://www.on3.com/db/alante-brown-2507/,portal_wire_football_2026
Dalton Hughes,LB,South Alabama Jaguars,Tulane Green Wave,Committed,0,,,,,2021,2026-01-14T09:58:00,https://on3static.com/uploads/assets/880/586/586880.png,https://www.on3.com/db/dalton-hughes-145341/,portal_wire_football_2026
Walker Howard,QB,Louisiana Ragin Cajuns,Ole Miss Rebels,Committed,0,3.0,86.0,1914.0,100.0,2022,2026-01-14T09:52:00,https://on3static.com/uploads/dev/assets/252/11/11252.jpg,https://www.on3.com/db/walker-howard-144227/,portal_wire_football_2026
AJ Hairston,QB,Massachusetts Minutemen,Merrimack Warriors,Committed,0,3.0,85.0,2131.0,151.0,2024,2026-01-14T09:51:00,https://on3static.com/uploads/assets/454/157/157454.png,https://www.on3.com/db/aj-hairston-174825/,portal_wire_football_2026
Kristian Phillips,IOL,Michigan State Spartans,Boston College Eagles,Committed,0,3.0,89.0,248.0,21.0,2022,2026-01-14T09:49:00,https://on3static.com/uploads/assets/234/235/235234.png,https://www.on3.com/db/kristian-phillips-76101/,portal_wire_football_2026
Jyron Waiters,WR,East Carolina Pirates,Campbell Fighting Camels,Committed,0,,,,,2024,2026-01-14T09:49:00,https://on3static.com/uploads/assets/49/338/338049.png,https://www.on3.com/db/jyron-waiters-179824/,portal_wire_football_2026
John Ohnegian,IOL,Bucknell Bison,Wake Forest Demon Deacons,Committed,0,3.0,88.0,1089.0,50.0,2022,2026-01-14T09:45:00,https://on3static.com/uploads/assets/865/586/586865.png,https://www.on3.com/db/john-ohnegian-184707/,portal_wire_football_2026
Sam Wolfenden,LS,UNLV Rebels,Temple Owls,Committed,0,3.0,80.0,3101.0,20.0,2024,2026-01-14T09:43:00,https://on3static.com/uploads/assets/279/586/586279.png,https://www.on3.com/db/sam-wolfenden-236243/,portal_wire_football_2026
Preston Howard,TE,Auburn Tigers,Maryland Terrapins,Committed,0,3.0,87.0,1014.0,46.0,2022,2026-01-14T09:36:00,https://on3static.com/uploads/assets/749/310/310749.png,https://www.on3.com/db/preston-howard-144864/,portal_wire_football_2026
Demetrius Hunter,IOL,Houston Cougars,Colorado Buffaloes,Committed,0,3.0,86.0,1675.0,121.0,2022,2026-01-14T09:31:00,https://on3static.com/uploads/assets/604/73/73604.jpeg,https://www.on3.com/db/demetrius-hunter-145394/,portal_wire_football_2026
Carson Conklin,QB,Fresno State Bulldogs,Sacramento State Hornets,Committed,0,,,,,2023,2026-01-14T09:27:00,https://on3static.com/uploads/assets/402/481/481402.png,https://www.on3.com/db/carson-conklin-18738/,portal_wire_football_2026
Elijah Hill,EDGE,Kennesaw State Owls,Kansas State Wildcats,Committed,0,4.0,90.0,116.0,15.0,2025,2026-01-14T09:09:00,https://on3static.com/uploads/assets/846/585/585846.png,https://www.on3.com/db/elijah-hill-249688/,portal_wire_football_2026
Josiah Thompson,OT,South Carolina Gamecocks,South Carolina Gamecocks,Withdrawn,182341,0.0,,,,2024,2026-01-14T09:05:00,https://on3static.com/uploads/assets/528/303/303528.png,https://www.on3.com/db/josiah-thompson-68225/,portal_wire_football_2026
Gavin Magorien,LS,Marshall Thundering Herd,Michigan Wolverines,Committed,0,3.0,80.0,3100.0,18.0,2025,2026-01-14T09:05:00,https://on3static.com/uploads/assets/224/586/586224.png,https://www.on3.com/db/gavin-magorien-283980/,portal_wire_football_2026
Justin Ross,CB,Navy Midshipmen,Virginia Cavaliers,Committed,0,3.0,85.0,2266.0,244.0,2023,2026-01-14T09:01:00,https://on3static.com/uploads/assets/220/586/586220.png,https://www.on3.com/db/justin-ross-200695/,portal_wire_football_2026
Jameson Helu,DL,Texas-Permian Basin Falcons,,Entered,0,,,,,2020,2026-01-14T04:30:00,https://on3static.com/uploads/assets/776/586/586776.png,https://www.on3.com/db/jameson-helu-56089/,portal_wire_football_2026
Major Dillard,DL,Norfolk State Spartans,USF Bulls,Committed,0,3.0,86.0,1668.0,214.0,2023,2026-01-14T00:06:00,,https://www.on3.com/db/major-dillard-283958/,portal_wire_football_2026
Kirk Francis,QB,Tulsa Golden Hurricane,Texas Tech Red Raiders,Committed,0,3.0,84.0,2657.0,164.0,2023,2026-01-13T23:36:00,https://on3static.com/uploads/assets/130/468/468130.png,https://www.on3.com/db/kirk-francis-153121/,portal_wire_football_2026
Hiroshi Carr,CB,Morgan State Bears,,Entered,0,3.0,87.0,835.0,136.0,2023,2026-01-13T23:02:00,https://on3static.com/uploads/assets/60/586/586060.PNG,https://www.on3.com/db/hiroshi-carr-283957/,portal_wire_football_2026
Malik Hartford,S,Ohio State Buckeyes,UCLA Bruins,Committed,0,3.0,86.0,1603.0,188.0,2023,2026-01-13T21:53:00,https://on3static.com/uploads/assets/524/221/221524.jpeg,https://www.on3.com/db/malik-hartford-147153/,portal_wire_football_2026
Luke Moise,IOL,Wofford Terriers,New Mexico State Aggies,Committed,0,3.0,87.0,804.0,68.0,2024,2026-01-13T21:33:00,https://on3static.com/uploads/assets/501/149/149501.png,https://www.on3.com/db/luke-moise-176842/,portal_wire_football_2026
Dennis Moody,RB,North Texas Mean Green,Oklahoma State Cowboys,Committed,0,3.0,83.0,2800.0,216.0,2023,2026-01-13T21:06:00,https://on3static.com/uploads/assets/227/590/590227.png,https://www.on3.com/db/dennis-moody-284270/,portal_wire_football_2026
Christian Pierce,LB,Western Illinois Leathernecks,Michigan Wolverines,Committed,0,3.0,86.0,1670.0,177.0,2025,2026-01-13T20:49:00,https://on3static.com/uploads/assets/126/147/147126.jpg,https://www.on3.com/db/christian-pierce-158299/,portal_wire_football_2026
Carde Smith,OT,Colorado Buffaloes,Memphis Tigers,Committed,110679,3.0,88.0,531.0,49.0,2025,2026-01-13T20:33:00,https://on3static.com/uploads/assets/719/301/301719.jpg,https://www.on3.com/db/carde-smith-180394/,portal_wire_football_2026
Caden Durham,RB,LSU Tigers,LSU Tigers,Withdrawn,0,0.0,,,,2024,2026-01-13T20:33:00,https://on3static.com/uploads/assets/619/210/210619.jpeg,https://www.on3.com/db/caden-durham-151494/,portal_wire_football_2026
Rashon Myles Jr.,LB,Abilene Christian Wildcats,Georgia Southern Eagles,Committed,0,3.0,88.0,447.0,29.0,2022,2026-01-13T20:31:00,https://on3static.com/uploads/assets/148/268/268148.png,https://www.on3.com/db/rashon-myles-jr-98738/,portal_wire_football_2026
Xavier Allen,OT,Bucknell Bison,Memphis Tigers,Committed,0,3.0,86.0,1669.0,135.0,2023,2026-01-13T20:17:00,,https://www.on3.com/db/xavier-allen-283955/,portal_wire_football_2026
Jake Appleget,TE,Northern Illinois Huskies,Fresno State Bulldogs,Committed,0,3.0,86.0,2341.0,86.0,2022,2026-01-13T20:04:00,https://on3static.com/uploads/assets/860/172/172860.jpeg,https://www.on3.com/db/jake-appleget-53304/,portal_wire_football_2026
Trudell Berry,CB,Vanderbilt Commodores,Oklahoma State Cowboys,Committed,0,3.0,84.0,1902.0,304.0,2022,2026-01-13T19:45:00,https://on3static.com/uploads/assets/358/39/39358.jpeg,https://www.on3.com/db/trudell-berry-116752/,portal_wire_football_2026
Ellis Ellis,CB,Austin Peay Governors,Memphis Tigers,Committed,0,3.0,87.0,833.0,114.0,2022,2026-01-13T19:35:00,,https://www.on3.com/db/ellis-ellis-163432/,portal_wire_football_2026
Eli Holstein,QB,Pittsburgh Panthers,Virginia Cavaliers,Committed,472662,3.0,88.0,622.0,29.0,2023,2026-01-13T18:51:00,https://on3static.com/uploads/assets/652/225/225652.jpeg,https://www.on3.com/db/eli-holstein-40953/,portal_wire_football_2026
Elijah Dotson,CB,Michigan Wolverines,Missouri Tigers,Committed,135938,3.0,89.0,172.0,14.0,2025,2026-01-13T18:41:00,https://on3static.com/uploads/assets/48/287/287048.png,https://www.on3.com/db/elijah-dotson-176266/,portal_wire_football_2026
TJ Finley,QB,Georgia State Panthers,Incarnate Word Cardinals,Committed,0,3.0,86.0,1821.0,76.0,2020,2026-01-13T18:35:00,https://on3static.com/uploads/assets/802/442/442802.png,https://www.on3.com/db/tj-finley-113095/,portal_wire_football_2026
Kai Holec,OT,Indiana State Sycamores,Oklahoma State Cowboys,Committed,0,3.0,86.0,1667.0,113.0,2024,2026-01-13T18:33:00,https://on3static.com/uploads/assets/737/161/161737.png,https://www.on3.com/db/kai-holec-178058/,portal_wire_football_2026
Terris Dudley,LB,NC State Wolfpack,Connecticut Huskies,Committed,0,,,,,2025,2026-01-13T18:14:00,https://on3static.com/uploads/assets/94/326/326094.png,https://www.on3.com/db/terris-dudley-239772/,portal_wire_football_2026
Darrian Anderson,WR,Oregon Ducks,,Entered,0,3.0,81.0,2972.0,425.0,2021,2026-01-13T18:03:00,https://on3static.com/uploads/assets/29/219/219029.png,https://www.on3.com/db/darrian-anderson-228332/,portal_wire_football_2026
Jahmad Harmon,CB,Ball State Cardinals,Massachusetts Minutemen,Committed,0,3.0,85.0,2141.0,252.0,2022,2026-01-13T17:30:00,,https://www.on3.com/db/jahmad-harmon-147532/,portal_wire_football_2026
Mylan Graham,WR,Ohio State Buckeyes,Notre Dame Fighting Irish,Committed,0,4.0,90.0,102.0,15.0,2024,2026-01-13T17:21:00,https://on3static.com/uploads/assets/127/194/194127.png,https://www.on3.com/db/mylan-graham-155645/,portal_wire_football_2026
Isiah Revis,CB,San Jose State Spartans,,Entered,0,3.0,86.0,1666.0,167.0,0,2026-01-13T17:04:00,https://on3static.com/uploads/assets/906/585/585906.png,https://www.on3.com/db/isiah-revis-175469/,portal_wire_football_2026
Kellen Lindstrom,EDGE,Tennessee Volunteers,Missouri State University Bears,Committed,115952,3.0,87.0,1775.0,85.0,2024,2026-01-13T17:01:00,https://on3static.com/uploads/assets/548/182/182548.jpg,https://www.on3.com/db/kellen-lindstrom-174177/,portal_wire_football_2026
Isaiah Reed,CB,UCF Knights,Massachusetts Minutemen,Committed,0,3.0,83.0,2760.0,315.0,2021,2026-01-13T17:01:00,https://on3static.com/uploads/assets/694/564/564694.PNG,https://www.on3.com/db/isaiah-reed-246691/,portal_wire_football_2026
Keyshawn Burgos,EDGE,Virginia Tech Hokies,Purdue Boilermakers,Committed,0,3.0,86.0,1757.0,117.0,2022,2026-01-13T16:51:00,https://on3static.com/uploads/assets/817/86/86817.jpeg,https://www.on3.com/db/keyshawn-burgos-146137/,portal_wire_football_2026
Jalewis Solomon,CB,South Carolina Gamecocks,,Expected,0,3.0,87.0,834.0,118.0,2024,2026-01-13T16:43:00,https://on3static.com/uploads/assets/740/331/331740.png,https://www.on3.com/db/jalewis-solomon-147660/,portal_wire_football_2026
Tylan McNichols,LB,UAB Blazers,Wake Forest Demon Deacons,Committed,0,3.0,85.0,2200.0,195.0,2024,2026-01-13T16:43:00,https://on3static.com/uploads/assets/322/581/581322.jpeg,https://www.on3.com/db/tylan-mcnichols-177138/,portal_wire_football_2026
Joey Olsen,TE,USC Trojans,New Mexico Lobos,Committed,0,3.0,86.0,1513.0,64.0,2024,2026-01-13T16:38:00,https://on3static.com/uploads/assets/524/302/302524.png,https://www.on3.com/db/joey-olsen-147671/,portal_wire_football_2026
Smith Snowden,CB,Utah Utes,Michigan Wolverines,Committed,0,4.0,90.0,64.0,7.0,2023,2026-01-13T16:36:00,https://on3static.com/uploads/assets/768/578/578768.png,https://www.on3.com/db/smith-snowden-107769/,portal_wire_football_2026
Zachary Betts,EDGE,Saint Francis (PA) Red Flash,Massachusetts Minutemen,Committed,0,3.0,87.0,1115.0,110.0,2024,2026-01-13T16:30:00,https://on3static.com/uploads/assets/285/557/557285.png,https://www.on3.com/db/zachary-betts-282614/,portal_wire_football_2026
Tyrone Cotton,CB,Washington State Cougars,Iowa State Cyclones,Committed,0,3.0,81.0,2779.0,337.0,2025,2026-01-13T16:25:00,https://on3static.com/uploads/assets/900/585/585900.jpg,https://www.on3.com/db/tyrone-cotton-243923/,portal_wire_football_2026
Keyan Burnett,TE,Arizona Wildcats,UNLV Rebels,Committed,0,3.0,87.0,874.0,50.0,2022,2026-01-13T16:18:00,https://on3static.com/uploads/assets/247/399/399247.png,https://www.on3.com/db/keyan-burnett-74630/,portal_wire_football_2026
Alex Payne,OT,USC Trojans,Virginia Cavaliers,Committed,102768,3.0,88.0,476.0,39.0,2025,2026-01-13T16:18:00,https://on3static.com/uploads/assets/243/149/149243.png,https://www.on3.com/db/alex-payne-176740/,portal_wire_football_2026
Preston Zinter,EDGE,Notre Dame Fighting Irish,Rice Owls,Committed,0,3.0,86.0,1532.0,143.0,2023,2026-01-13T16:15:00,https://on3static.com/uploads/assets/960/235/235960.jpeg,https://www.on3.com/db/preston-zinter-96896/,portal_wire_football_2026
Mario Sanders,WR,Illinois Fighting Illini,Southern Miss Golden Eagles,Committed,0,3.0,86.0,1228.0,253.0,2022,2026-01-13T16:12:00,https://on3static.com/uploads/assets/786/304/304786.png,https://www.on3.com/db/mario-sanders-83247/,portal_wire_football_2026
Dallas Winner-Johnson,LB,Tulane Green Wave,Oklahoma State Cowboys,Committed,0,3.0,86.0,1417.0,136.0,2023,2026-01-13T16:12:00,https://on3static.com/uploads/assets/738/400/400738.png,https://www.on3.com/db/dallas-winner-johnson-151420/,portal_wire_football_2026
Francis Brewu,DL,Pittsburgh Panthers,Notre Dame Fighting Irish,Committed,0,4.0,90.0,68.0,5.0,2024,2026-01-13T15:41:00,https://on3static.com/uploads/assets/453/582/582453.png,https://www.on3.com/db/francis-brewu-175123/,portal_wire_football_2026
Dyson McCutcheon,CB,Washington Huskies,Middle Tennessee State Blue Raiders,Committed,0,3.0,85.0,2037.0,246.0,2021,2026-01-13T15:37:00,https://on3static.com/uploads/assets/614/16/16614.jpeg,https://www.on3.com/db/dyson-mccutcheon-40169/,portal_wire_football_2026
DeVon Rice,RB,Kansas State Wildcats,Hawaii Rainbow Warriors,Committed,0,3.0,85.0,2258.0,173.0,2024,2026-01-13T15:37:00,https://on3static.com/uploads/assets/385/88/88385.jpg,https://www.on3.com/db/devon-rice-150406/,portal_wire_football_2026
Jareb Ramos,DL,Montana Grizzlies,Iowa State Cyclones,Committed,0,3.0,85.0,2263.0,219.0,2022,2026-01-13T15:29:00,https://on3static.com/uploads/assets/878/582/582878.jpeg,https://www.on3.com/db/jareb-ramos-56527/,portal_wire_football_2026
Ty White,CB,North Carolina Tar Heels,NC State Wolfpack,Committed,0,3.0,86.0,1148.0,193.0,2024,2026-01-13T15:22:00,https://on3static.com/uploads/assets/52/297/297052.png,https://www.on3.com/db/ty-white-118982/,portal_wire_football_2026
Tyler Miller,OT,LSU Tigers,Mississippi State Bulldogs,Committed,0,3.0,88.0,469.0,48.0,2025,2026-01-13T15:21:00,https://on3static.com/uploads/assets/56/323/323056.png,https://www.on3.com/db/tyler-miller-180721/,portal_wire_football_2026
Dealyn Evans,DL,Texas A&M Aggies,Mississippi State Bulldogs,Committed,0,3.0,87.0,259.0,72.0,2024,2026-01-13T15:16:00,https://on3static.com/uploads/assets/260/57/57260.jpeg,https://www.on3.com/db/dealyn-evans-32886/,portal_wire_football_2026
Air Noland,QB,South Carolina Gamecocks,Memphis Tigers,Committed,0,3.0,87.0,956.0,65.0,2024,2026-01-13T15:05:00,https://on3static.com/uploads/assets/330/396/396330.jpg,https://www.on3.com/db/air-noland-151588/,portal_wire_football_2026
Rylan Leathers,S,Idaho State Bengals,Tulsa Golden Hurricane,Committed,0,3.0,87.0,820.0,106.0,2024,2026-01-13T15:03:00,https://on3static.com/uploads/assets/228/586/586228.png,https://www.on3.com/db/rylan-leathers-283941/,portal_wire_football_2026
Andrew Hand,S,East Tennessee State Buccaneers,Tulsa Golden Hurricane,Committed,0,3.0,83.0,2778.0,258.0,2024,2026-01-13T15:01:00,https://on3static.com/uploads/assets/229/586/586229.png,https://www.on3.com/db/andrew-hand-283940/,portal_wire_football_2026
Caleb Smith,DL,Washington Huskies,Alabama Crimson Tide,Committed,0,3.0,86.0,1573.0,201.0,2025,2026-01-13T15:00:00,https://on3static.com/uploads/assets/242/195/195242.png,https://www.on3.com/db/caleb-smith-180204/,portal_wire_football_2026
Tyson Williams,CB,Abilene Christian Wildcats,Tulsa Golden Hurricane,Committed,0,3.0,86.0,1490.0,184.0,2023,2026-01-13T14:58:00,https://on3static.com/uploads/assets/3/579/579003.png,https://www.on3.com/db/tyson-williams-192118/,portal_wire_football_2026
Korbyn Green,CB,Western Kentucky Hilltoppers,Tulsa Golden Hurricane,Committed,0,3.0,84.0,2596.0,306.0,2022,2026-01-13T14:58:00,https://on3static.com/uploads/assets/531/367/367531.png,https://www.on3.com/db/korbyn-green-150495/,portal_wire_football_2026
Thomas Davis,EDGE,Appalachian State Mountaineers,Tulsa Golden Hurricane,Committed,0,3.0,86.0,1155.0,157.0,2021,2026-01-13T14:56:00,https://on3static.com/uploads/assets/331/16/16331.jpeg,https://www.on3.com/db/thomas-davis-112283/,portal_wire_football_2026
Malachi Preciado,IOL,South Alabama Jaguars,Tulsa Golden Hurricane,Committed,0,3.0,86.0,1654.0,123.0,2022,2026-01-13T14:55:00,https://on3static.com/uploads/assets/172/217/217172.png,https://www.on3.com/db/malachi-preciado-81451/,portal_wire_football_2026
Marlon Hauck,K,Mississippi State Bulldogs,Tulsa Golden Hurricane,Committed,0,3.0,80.0,3094.0,41.0,0,2026-01-13T14:55:00,https://on3static.com/uploads/assets/864/222/222864.png,https://www.on3.com/db/marlon-hauck-237627/,portal_wire_football_2026
Max Tulen,P,Bethune-Cookman Wildcats,Tulsa Golden Hurricane,Committed,0,3.0,80.0,3096.0,22.0,2023,2026-01-13T14:54:00,https://on3static.com/uploads/assets/226/586/586226.png,https://www.on3.com/db/max-tulen-283939/,portal_wire_football_2026
DeAndre Moore Jr.,WR,Texas Longhorns,Colorado Buffaloes,Committed,110441,4.0,90.0,69.0,11.0,2023,2026-01-13T14:42:00,https://on3static.com/uploads/assets/992/201/201992.png,https://www.on3.com/db/deandre-moore-jr-33022/,portal_wire_football_2026
Paddy McAteer,K,Troy Trojans,Indiana Hoosiers,Committed,0,3.0,80.0,3125.0,53.0,2024,2026-01-13T14:29:00,https://on3static.com/uploads/assets/113/587/587113.png,https://www.on3.com/db/paddy-mcateer-284044/,portal_wire_football_2026
Chaston Ditta,QB,East Carolina Pirates,North Texas Mean Green,Committed,0,3.0,85.0,2230.0,129.0,2025,2026-01-13T14:17:00,https://on3static.com/uploads/assets/410/325/325410.png,https://www.on3.com/db/chaston-ditta-155788/,portal_wire_football_2026
Henry Hasselbeck,QB,UCLA Bruins,Appalachian State Mountaineers,Committed,0,3.0,84.0,2467.0,171.0,2024,2026-01-13T14:07:00,https://on3static.com/uploads/assets/423/145/145423.png,https://www.on3.com/db/henry-hasselbeck-176166/,portal_wire_football_2026
Jamal Anderson,LB,Clemson Tigers,SMU Mustangs,Committed,0,3.0,86.0,1812.0,149.0,2023,2026-01-13T14:01:00,https://on3static.com/uploads/assets/650/45/45650.jpg,https://www.on3.com/db/jamal-anderson-148311/,portal_wire_football_2026
Marquis Groves-Killebrew,CB,Arizona Wildcats,California Golden Bears,Committed,0,3.0,86.0,1633.0,194.0,2022,2026-01-13T13:57:00,https://on3static.com/uploads/assets/947/349/349947.jpg,https://www.on3.com/db/marquis-groves-killebrew-84153/,portal_wire_football_2026
Braylon McReynolds,RB,Louisiana-Monroe Warhawks,UAB Blazers,Committed,0,3.0,88.0,358.0,43.0,2022,2026-01-13T13:56:00,https://on3static.com/uploads/assets/658/403/403658.png,https://www.on3.com/db/braylon-mcreynolds-147275/,portal_wire_football_2026
Javon Ross,WR,Bethune-Cookman Wildcats,Tulsa Golden Hurricane,Committed,0,3.0,86.0,1644.0,187.0,2024,2026-01-13T13:51:00,https://on3static.com/uploads/assets/225/586/586225.png,https://www.on3.com/db/javon-ross-58171/,portal_wire_football_2026
Terrence Smith,WR,Connecticut Huskies,Colorado State Rams,Committed,0,,,,,2024,2026-01-13T13:48:00,https://on3static.com/uploads/assets/510/469/469510.png,https://www.on3.com/db/terrence-smith-177578/,portal_wire_football_2026
Eli Ennis,LB,UAB Blazers,,Expected,0,3.0,86.0,1911.0,160.0,2022,2026-01-13T13:40:00,https://on3static.com/uploads/assets/400/401/401400.png,https://www.on3.com/db/eli-ennis-204332/,portal_wire_football_2026
Max Susini,LB,Sacramento State Hornets,,Expected,0,3.0,81.0,2963.0,275.0,2025,2026-01-13T13:35:00,https://on3static.com/uploads/assets/857/585/585857.png,https://www.on3.com/db/max-susini-241327/,portal_wire_football_2026
Marcos Davila,QB,Nebraska Cornhuskers,Abilene Christian Wildcats,Committed,0,3.0,86.0,1316.0,107.0,2024,2026-01-13T13:30:00,https://on3static.com/uploads/assets/477/343/343477.png,https://www.on3.com/db/marcos-davila-82448/,portal_wire_football_2026
Spencer Mermans,TE,Yale Bulldogs,Georgia Tech Yellow Jackets,Committed,0,3.0,87.0,715.0,40.0,2023,2026-01-13T13:25:00,https://on3static.com/uploads/assets/899/579/579899.PNG,https://www.on3.com/db/spencer-mermans-156424/,portal_wire_football_2026
Terrell Washington Jr.,RB,Iowa Hawkeyes,New Mexico State Aggies,Committed,0,3.0,84.0,2487.0,197.0,2023,2026-01-13T13:24:00,https://on3static.com/uploads/assets/627/207/207627.JPG,https://www.on3.com/db/terrell-washington-jr-150317/,portal_wire_football_2026
Lawson Thorn,K,Wingate Bulldogs,USF Bulls,Committed,0,3.0,80.0,3093.0,35.0,2023,2026-01-13T13:16:00,https://on3static.com/uploads/assets/786/585/585786.PNG,https://www.on3.com/db/lawson-thorn-283937/,portal_wire_football_2026
Brien Taylor,EDGE,Florida Gators,,Entered,0,3.0,87.0,830.0,84.0,2020,2026-01-13T13:16:00,https://on3static.com/uploads/assets/915/287/287915.png,https://www.on3.com/db/brien-taylor-14915/,portal_wire_football_2026
DJ Dugar,RB,Oklahoma State Cowboys,Tulane Green Wave,Committed,0,3.0,86.0,1555.0,145.0,2025,2026-01-13T13:15:00,https://on3static.com/uploads/assets/548/151/151548.jpeg,https://www.on3.com/db/dj-dugar-157911/,portal_wire_football_2026
Landyn Cleveland,S,Oklahoma State Cowboys,UNLV Rebels,Committed,0,3.0,86.0,1146.0,148.0,2024,2026-01-13T13:03:00,https://on3static.com/uploads/assets/30/168/168030.jpeg,https://www.on3.com/db/landyn-cleveland-150356/,portal_wire_football_2026
Colin Hurley,QB,LSU Tigers,Michigan Wolverines,Committed,0,3.0,87.0,1254.0,55.0,2024,2026-01-13T12:52:00,https://on3static.com/uploads/assets/116/119/119116.jpg,https://www.on3.com/db/colin-hurley-145694/,portal_wire_football_2026
Daylin Caamano,WR,Utah Utes,,Entered,0,3.0,81.0,2968.0,423.0,2025,2026-01-13T12:42:00,https://on3static.com/uploads/assets/763/585/585763.png,https://www.on3.com/db/daylin-caamano-241875/,portal_wire_football_2026
Andrew Zock,EDGE,Mercer Bears,Toledo Rockets,Committed,0,3.0,88.0,924.0,42.0,2024,2026-01-13T12:32:00,https://on3static.com/uploads/assets/704/570/570704.png,https://www.on3.com/db/andrew-zock-180908/,portal_wire_football_2026
Tai Ray,OT,Pittsburgh Panthers,Western Kentucky Hilltoppers,Committed,0,3.0,84.0,2479.0,196.0,2023,2026-01-13T12:21:00,https://on3static.com/uploads/assets/45/577/577045.png,https://www.on3.com/db/tai-ray-155877/,portal_wire_football_2026
Kris Hughes,WR,Louisville Cardinals,Louisville Cardinals,Withdrawn,0,3.0,84.0,2464.0,329.0,2023,2026-01-13T12:18:00,https://on3static.com/uploads/assets/220/576/576220.png,https://www.on3.com/db/kris-hughes-283525/,portal_wire_football_2026
Pokaiaua Haunga,RB,BYU Cougars,,Entered,0,3.0,83.0,2773.0,219.0,2023,2026-01-13T12:17:00,https://on3static.com/uploads/assets/105/334/334105.png,https://www.on3.com/db/pokaiaua-haunga-96743/,portal_wire_football_2026
Aaron Karas,OT,Colorado State Rams,Memphis Tigers,Committed,0,3.0,87.0,1239.0,69.0,2022,2026-01-13T12:02:00,https://on3static.com/uploads/assets/701/570/570701.png,https://www.on3.com/db/aaron-karas-145716/,portal_wire_football_2026
Jalen Mayo,CB,Stephen F. Austin Lumberjacks,Houston Cougars,Committed,0,3.0,88.0,373.0,49.0,2022,2026-01-13T11:57:00,https://on3static.com/uploads/assets/694/585/585694.jpg,https://www.on3.com/db/jalen-mayo-283922/,portal_wire_football_2026
Justius Lowe,WR,Oregon Ducks,San Diego State Aztecs,Committed,0,3.0,86.0,1273.0,263.0,2022,2026-01-13T11:49:00,https://on3static.com/uploads/assets/896/93/93896.jpeg,https://www.on3.com/db/justius-lowe-70039/,portal_wire_football_2026
Brian Dukes,S,Cal Poly Mustangs,San Jose State Spartans,Committed,0,,,,,2022,2026-01-13T11:47:00,https://on3static.com/uploads/assets/954/586/586954.png,https://www.on3.com/db/brian-dukes-14469/,portal_wire_football_2026
Dilin Jones,RB,Wisconsin Badgers,LSU Tigers,Committed,0,3.0,87.0,963.0,60.0,2024,2026-01-13T11:37:00,https://on3static.com/uploads/assets/542/188/188542.png,https://www.on3.com/db/dilin-jones-152256/,portal_wire_football_2026
Damari Alston,RB,Auburn Tigers,Tulsa Golden Hurricane,Committed,0,3.0,88.0,499.0,55.0,2022,2026-01-13T11:35:00,https://on3static.com/uploads/assets/865/93/93865.jpg,https://www.on3.com/db/damari-alston-28425/,portal_wire_football_2026
Javion White,S,Tulane Green Wave,Houston Cougars,Committed,0,3.0,89.0,258.0,32.0,2024,2026-01-13T11:35:00,https://on3static.com/uploads/assets/991/338/338991.png,https://www.on3.com/db/javion-white-180992/,portal_wire_football_2026
Kenny Soares,LB,NC State Wolfpack,Michigan State Spartans,Committed,0,3.0,89.0,282.0,21.0,2022,2026-01-13T11:34:00,https://on3static.com/uploads/assets/100/88/88100.jpeg,https://www.on3.com/db/kenny-soares-73393/,portal_wire_football_2026
Mac Owen,WR,Ole Miss Rebels,,Entered,0,3.0,81.0,2960.0,432.0,2022,2026-01-13T11:32:00,,https://www.on3.com/db/mac-owen-161279/,portal_wire_football_2026
John Hurley,S,Virginia Cavaliers,,Entered,0,3.0,81.0,2961.0,276.0,2022,2026-01-13T11:26:00,https://on3static.com/uploads/assets/846/304/304846.png,https://www.on3.com/db/john-hurley-164192/,portal_wire_football_2026
Reymello Murphy,WR,Connecticut Huskies,,Entered,0,3.0,86.0,1641.0,182.0,2021,2026-01-13T11:25:00,https://on3static.com/uploads/assets/442/469/469442.png,https://www.on3.com/db/reymello-murphy-99735/,portal_wire_football_2026
Mitch Lake,P,Appalachian State Mountaineers,,Entered,0,3.0,80.0,3085.0,36.0,2023,2026-01-13T11:25:00,,https://www.on3.com/db/mitch-lake-157625/,portal_wire_football_2026
DeeJay Holmes,EDGE,Ole Miss Rebels,,Entered,0,3.0,83.0,2771.0,210.0,2023,2026-01-13T11:24:00,https://on3static.com/uploads/assets/789/331/331789.png,https://www.on3.com/db/deejay-holmes-150711/,portal_wire_football_2026
Christian Hunt,QB,Arizona State Sun Devils,,Entered,0,3.0,81.0,2965.0,199.0,2023,2026-01-13T11:23:00,https://on3static.com/uploads/assets/284/472/472284.jpg,https://www.on3.com/db/christian-hunt-156497/,portal_wire_football_2026
Devyn Curtis,LB,Arkansas State Red Wolves,,Entered,0,3.0,86.0,1653.0,189.0,2020,2026-01-13T11:22:00,https://on3static.com/uploads/assets/543/262/262543.png,https://www.on3.com/db/devyn-curtis-36656/,portal_wire_football_2026
Austin Bolt,WR,Boise State Broncos,,Entered,0,3.0,84.0,2598.0,366.0,2020,2026-01-13T11:22:00,,https://www.on3.com/db/austin-bolt-8206/,portal_wire_football_2026
Cedric Jefferson,OT,Montana State Bobcats,Utah Utes,Committed,0,3.0,87.0,746.0,88.0,2023,2026-01-13T11:15:00,https://on3static.com/uploads/assets/397/581/581397.jpeg,https://www.on3.com/db/cedric-jefferson-162292/,portal_wire_football_2026
Roman Tillmon,S,South Dakota Coyotes,Boise State Broncos,Committed,0,3.0,87.0,1011.0,65.0,2023,2026-01-13T11:09:00,https://on3static.com/uploads/assets/935/586/586935.png,https://www.on3.com/db/roman-tillmon-176980/,portal_wire_football_2026
Reese Tripp,OT,Minnesota Golden Gophers,Middle Tennessee State Blue Raiders,Committed,0,3.0,84.0,2329.0,194.0,2023,2026-01-13T11:04:00,https://on3static.com/uploads/assets/125/70/70125.jpg,https://www.on3.com/db/reese-tripp-150446/,portal_wire_football_2026
Joseph Dodds,RB,Baylor Bears,Stephen F. Austin Lumberjacks,Committed,0,3.0,86.0,1853.0,160.0,2024,2026-01-13T11:01:00,https://on3static.com/uploads/assets/279/572/572279.png,https://www.on3.com/db/joseph-dodds-174261/,portal_wire_football_2026
Bubba Thompson,QB,South Alabama Jaguars,West Florida Argonauts,Committed,0,3.0,82.0,2859.0,193.0,2017,2026-01-13T11:00:00,https://on3static.com/uploads/assets/987/584/584987.png,https://www.on3.com/db/bubba-thompson-16173/,portal_wire_football_2026
Renté Hinton,CB,NC State Wolfpack,Marshall Thundering Herd,Committed,0,,,,,2021,2026-01-13T10:53:00,https://on3static.com/uploads/assets/779/162/162779.jpeg,https://www.on3.com/db/rent-hinton-111748/,portal_wire_football_2026
Bryon Threats,S,UCLA Bruins,,Entered,0,3.0,86.0,1650.0,130.0,2021,2026-01-13T10:53:00,https://on3static.com/uploads/assets/838/393/393838.png,https://www.on3.com/db/bryon-threats-16033/,portal_wire_football_2026
Noble Johnson,WR,Arizona State Sun Devils,Georgia Southern Eagles,Committed,0,,,,,2023,2026-01-13T10:51:00,https://on3static.com/uploads/assets/175/393/393175.png,https://www.on3.com/db/noble-johnson-145712/,portal_wire_football_2026
Jeff Burton,IOL,Georgia State Panthers,Austin Peay Governors,Committed,0,3.0,83.0,2678.0,228.0,2022,2026-01-13T10:49:00,https://on3static.com/uploads/assets/573/444/444573.png,https://www.on3.com/db/jeff-burton-194665/,portal_wire_football_2026
Paul Mubenga,IOL,LSU Tigers,Nebraska Cornhuskers,Committed,0,3.0,88.0,443.0,38.0,2023,2026-01-13T10:47:00,https://on3static.com/uploads/assets/104/586/586104.png,https://www.on3.com/db/paul-mubenga-148198/,portal_wire_football_2026
Ma'khi Jones,S,Duke Blue Devils,Florida State Seminoles,Committed,0,3.0,88.0,474.0,36.0,2025,2026-01-13T10:30:00,https://on3static.com/uploads/assets/673/585/585673.png,https://www.on3.com/db/makhi-jones-152830/,portal_wire_football_2026
Troy Everett,IOL,Oklahoma Sooners,Ole Miss Rebels,Committed,0,3.0,88.0,985.0,32.0,2021,2026-01-13T10:28:00,https://on3static.com/uploads/assets/671/585/585671.png,https://www.on3.com/db/troy-everett-116614/,portal_wire_football_2026
Randy Adirika,DL,Penn State Nittany Lions,Virginia Tech Hokies,Committed,0,3.0,87.0,1051.0,133.0,2025,2026-01-13T10:10:00,https://on3static.com/uploads/assets/689/416/416689.png,https://www.on3.com/db/randy-adirika-163132/,portal_wire_football_2026
Philippe LaForge,K,Coastal Carolina Chanticleers,Memphis Tigers,Committed,0,3.0,80.0,3092.0,30.0,2025,2026-01-13T10:03:00,https://on3static.com/uploads/assets/59/583/583059.png,https://www.on3.com/db/philippe-laforge-249542/,portal_wire_football_2026
Leavy Johnson,IOL,South Alabama Jaguars,North Alabama Lions,Committed,0,,,,,2023,2026-01-13T09:56:00,https://on3static.com/uploads/assets/943/340/340943.png,https://www.on3.com/db/leavy-johnson-176313/,portal_wire_football_2026
Clayton Coppock,WR,Kennesaw State Owls,,Entered,0,,,,,2025,2026-01-13T09:53:00,https://on3static.com/uploads/assets/875/586/586875.png,https://www.on3.com/db/clayton-coppock-249687/,portal_wire_football_2026
Princeton Malbrue,LB,LSU Tigers,Louisiana Ragin Cajuns,Committed,0,3.0,84.0,2471.0,244.0,2020,2026-01-13T09:49:00,https://on3static.com/uploads/assets/936/450/450936.png,https://www.on3.com/db/princeton-malbrue-96968/,portal_wire_football_2026
Gentry Williams,S,Oklahoma Sooners,Georgia Bulldogs,Committed,0,3.0,87.0,621.0,81.0,2022,2026-01-13T09:49:00,https://on3static.com/uploads/assets/957/331/331957.png,https://www.on3.com/db/gentry-williams-45566/,portal_wire_football_2026
Lathan Croley,LB,Holy Cross Crusaders,James Madison Dukes,Committed,0,,,,,2024,2026-01-13T09:48:00,https://on3static.com/uploads/assets/240/586/586240.png,https://www.on3.com/db/lathan-croley-175457/,portal_wire_football_2026
Jayden Fortier,TE,Arizona State Sun Devils,Stephen F. Austin Lumberjacks,Committed,0,3.0,86.0,1808.0,99.0,2024,2026-01-13T09:46:00,https://on3static.com/uploads/assets/401/472/472401.jpg,https://www.on3.com/db/jayden-fortier-153144/,portal_wire_football_2026
Nick Evers,QB,Connecticut Huskies,Missouri Tigers,Committed,0,3.0,85.0,2093.0,149.0,2022,2026-01-13T09:41:00,https://on3static.com/uploads/assets/435/469/469435.png,https://www.on3.com/db/nick-evers-92496/,portal_wire_football_2026
Jalen Thompson,DL,Michigan State Spartans,Arizona State Sun Devils,Committed,0,3.0,88.0,233.0,33.0,2023,2026-01-13T09:41:00,https://on3static.com/uploads/assets/214/235/235214.png,https://www.on3.com/db/jalen-thompson-54557/,portal_wire_football_2026
Ethan Calloway,OT,LSU Tigers,Wake Forest Demon Deacons,Committed,0,3.0,88.0,360.0,46.0,2024,2026-01-13T09:30:00,https://on3static.com/uploads/assets/273/236/236273.jpg,https://www.on3.com/db/ethan-calloway-157613/,portal_wire_football_2026
Jack Puckett,LB,Central Oklahoma Bronchos,Oklahoma State Cowboys,Committed,0,3.0,86.0,1915.0,173.0,2022,2026-01-13T09:25:00,https://on3static.com/uploads/assets/239/586/586239.png,https://www.on3.com/db/jack-puckett-283978/,portal_wire_football_2026
KJ Cooper,QB,Texas Southern Tigers,USF Bulls,Committed,0,3.0,86.0,1910.0,85.0,2022,2026-01-13T09:23:00,https://on3static.com/uploads/assets/526/585/585526.png,https://www.on3.com/db/kj-cooper-283889/,portal_wire_football_2026
Jake Clifton,LB,Kansas State Wildcats,BYU Cougars,Committed,0,3.0,84.0,2599.0,223.0,2022,2026-01-13T09:12:00,https://on3static.com/uploads/assets/516/86/86516.jpeg,https://www.on3.com/db/jake-clifton-53395/,portal_wire_football_2026
Rico Flores Jr.,WR,UCLA Bruins,Virginia Cavaliers,Committed,0,3.0,86.0,1643.0,220.0,2023,2026-01-13T08:59:00,https://on3static.com/uploads/assets/880/235/235880.jpeg,https://www.on3.com/db/rico-flores-jr-100397/,portal_wire_football_2026
Jeffery Rush,DL,Ole Miss Rebels,Southern Miss Golden Eagles,Committed,0,3.0,88.0,374.0,53.0,2024,2026-01-13T08:56:00,https://on3static.com/uploads/assets/410/155/155410.png,https://www.on3.com/db/jeffery-rush-151659/,portal_wire_football_2026
Kolby Peavy,S,Alabama Crimson Tide,Southern Miss Golden Eagles,Committed,0,,,,,2023,2026-01-13T08:52:00,https://on3static.com/uploads/assets/744/399/399744.jpg,https://www.on3.com/db/kolby-peavy-247794/,portal_wire_football_2026
Alex Sanford,LB,Purdue Boilermakers,Pittsburgh Panthers,Committed,0,3.0,86.0,1637.0,121.0,2023,2026-01-13T08:30:00,https://on3static.com/uploads/assets/862/407/407862.png,https://www.on3.com/db/alex-sanford-3371/,portal_wire_football_2026
T.J. Metcalf,S,Michigan Wolverines,Tennessee Volunteers,Committed,129021,3.0,89.0,176.0,17.0,2023,2026-01-13T07:42:00,https://on3static.com/uploads/assets/920/583/583920.png,https://www.on3.com/db/tj-metcalf-113126/,portal_wire_football_2026
Brock Coffman,WR,Louisville Cardinals,Kentucky Wildcats,Committed,0,3.0,84.0,2370.0,346.0,2025,2026-01-13T07:40:00,https://on3static.com/uploads/assets/340/235/235340.png,https://www.on3.com/db/brock-coffman-173839/,portal_wire_football_2026
Justin Benton,DL,East Carolina Pirates,North Texas Mean Green,Committed,0,3.0,86.0,1554.0,207.0,2023,2026-01-13T03:03:00,https://on3static.com/uploads/assets/403/223/223403.png,https://www.on3.com/db/justin-benton-69062/,portal_wire_football_2026
Samuel Hunsaker,K,Northern Arizona Lumberjacks,,Entered,0,3.0,80.0,3086.0,22.0,2024,2026-01-13T01:53:00,https://on3static.com/uploads/assets/456/585/585456.PNG,https://www.on3.com/db/samuel-hunsaker-283915/,portal_wire_football_2026
Wendell Gregory,EDGE,Oklahoma State Cowboys,Kansas State Wildcats,Committed,495897,4.0,92.0,19.0,6.0,2024,2026-01-12T23:49:00,https://on3static.com/uploads/assets/511/303/303511.png,https://www.on3.com/db/wendell-gregory-151769/,portal_wire_football_2026
Carl Williams,CB,Baylor Bears,Oregon Ducks,Committed,0,3.0,87.0,773.0,105.0,2023,2026-01-12T23:41:00,https://on3static.com/uploads/assets/13/209/209013.jpeg,https://www.on3.com/db/carl-williams-152580/,portal_wire_football_2026
Djibril Abdou Rahman,EDGE,Rutgers Scarlet Knights,San Diego State Aztecs,Committed,0,3.0,86.0,1550.0,164.0,2023,2026-01-12T22:58:00,https://on3static.com/uploads/assets/400/465/465400.png,https://www.on3.com/db/djibril-abdou-rahman-175071/,portal_wire_football_2026
Samuel Omosigho,LB,Oklahoma Sooners,UCLA Bruins,Committed,0,4.0,90.0,76.0,6.0,2023,2026-01-12T22:52:00,https://on3static.com/uploads/assets/975/331/331975.png,https://www.on3.com/db/samuel-omosigho-104799/,portal_wire_football_2026
Cade Uluave,LB,California Golden Bears,BYU Cougars,Committed,0,3.0,89.0,224.0,16.0,2023,2026-01-12T22:28:00,https://on3static.com/uploads/assets/704/217/217704.png,https://www.on3.com/db/cade-uluave-16677/,portal_wire_football_2026
Derek Jensen,OT,Iowa State Cyclones,,Entered,0,3.0,87.0,827.0,66.0,2024,2026-01-12T22:26:00,https://on3static.com/uploads/assets/0/146/146000.jpg,https://www.on3.com/db/derek-jensen-151587/,portal_wire_football_2026
Brunno Reus,K,Florida State Seminoles,Missouri Tigers,Committed,0,3.0,80.0,3040.0,40.0,2025,2026-01-12T21:53:00,https://on3static.com/uploads/assets/470/383/383470.png,https://www.on3.com/db/brunno-reus-244307/,portal_wire_football_2026
Jayden Parrish,LB,Florida State Seminoles,Memphis Tigers,Committed,0,3.0,87.0,1780.0,113.0,2024,2026-01-12T21:52:00,https://on3static.com/uploads/assets/89/214/214089.jpg,https://www.on3.com/db/jayden-parrish-155144/,portal_wire_football_2026
Steve Chavez-Soto,RB,San Jose State Spartans,Utah Utes,Committed,0,3.0,88.0,471.0,54.0,2025,2026-01-12T21:48:00,https://on3static.com/uploads/assets/56/329/329056.png,https://www.on3.com/db/steve-chavez-soto-241331/,portal_wire_football_2026
Jake Griffin,OT,BYU Cougars,Arizona Wildcats,Committed,0,3.0,83.0,2776.0,211.0,2020,2026-01-12T21:46:00,https://on3static.com/uploads/assets/471/226/226471.png,https://www.on3.com/db/jake-griffin-53504/,portal_wire_football_2026
Tyeland Coleman,DL,Florida State Seminoles,Arkansas State Red Wolves,Committed,0,3.0,86.0,1801.0,179.0,2023,2026-01-12T21:35:00,https://on3static.com/uploads/assets/653/359/359653.png,https://www.on3.com/db/tyeland-coleman-245801/,portal_wire_football_2026
Kael Kolarik,S,Iowa Hawkeyes,South Dakota Coyotes,Committed,0,3.0,83.0,2721.0,261.0,2022,2026-01-12T21:24:00,https://on3static.com/uploads/assets/118/209/209118.JPG,https://www.on3.com/db/kael-kolarik-147859/,portal_wire_football_2026
Emanuel Ross,WR,Syracuse Orange,Connecticut Huskies,Committed,0,3.0,87.0,703.0,121.0,2024,2026-01-12T21:23:00,https://on3static.com/uploads/assets/25/116/116025.png,https://www.on3.com/db/emanuel-ross-152692/,portal_wire_football_2026
Kelsey Johnson,TE,Baylor Bears,Liberty Flames,Committed,0,3.0,84.0,2512.0,138.0,2022,2026-01-12T21:06:00,https://on3static.com/uploads/assets/73/209/209073.jpeg,https://www.on3.com/db/kelsey-johnson-144652/,portal_wire_football_2026
Tyshon Huff,OT,Tiffin University Dragons,Penn State Nittany Lions,Committed,0,3.0,84.0,2659.0,191.0,2023,2026-01-12T20:36:00,https://on3static.com/uploads/assets/401/584/584401.png,https://www.on3.com/db/tyshon-huff-283798/,portal_wire_football_2026
Koi Perich,S,Minnesota Golden Gophers,Oregon Ducks,Committed,586443,4.0,92.0,26.0,1.0,2024,2026-01-12T20:29:00,https://on3static.com/uploads/assets/224/342/342224.jpeg,https://www.on3.com/db/koi-perich-162523/,portal_wire_football_2026
Cam Jamerson,CB,TCU Horned Frogs,Boise State Broncos,Committed,0,3.0,85.0,2222.0,258.0,2025,2026-01-12T20:14:00,https://on3static.com/uploads/assets/539/323/323539.jpg,https://www.on3.com/db/cam-jamerson-175694/,portal_wire_football_2026
Marques White,EDGE,Massachusetts Minutemen,SMU Mustangs,Committed,0,3.0,88.0,659.0,34.0,2019,2026-01-12T20:09:00,https://on3static.com/uploads/assets/773/581/581773.jpeg,https://www.on3.com/db/marques-white-281210/,portal_wire_football_2026
Dalesean Staley,S,San Diego State Aztecs,San Diego State Aztecs,Withdrawn,0,0.0,,,,0,2026-01-12T19:58:00,https://on3static.com/uploads/assets/807/578/578807.png,https://www.on3.com/db/dalesean-staley-227416/,portal_wire_football_2026
Beau Pribula,QB,Missouri Tigers,Virginia Cavaliers,Committed,1063024,3.0,89.0,152.0,18.0,2022,2026-01-12T19:44:00,https://on3static.com/uploads/assets/244/397/397244.jpg,https://www.on3.com/db/beau-pribula-9533/,portal_wire_football_2026
Cam'Ron McCoy,QB,Southern University Jaguars,,Expected,0,3.0,84.0,2602.0,177.0,2021,2026-01-12T19:39:00,https://on3static.com/uploads/assets/61/308/308061.png,https://www.on3.com/db/camron-mccoy-17544/,portal_wire_football_2026
Steve Miller,S,USC Trojans,Connecticut Huskies,Committed,0,3.0,88.0,889.0,50.0,2025,2026-01-12T19:34:00,https://on3static.com/uploads/assets/680/319/319680.png,https://www.on3.com/db/steve-miller-236446/,portal_wire_football_2026
Christopher Bracy,S,Memphis Tigers,Michigan Wolverines,Committed,0,3.0,86.0,1855.0,155.0,2023,2026-01-12T19:19:00,https://on3static.com/uploads/assets/776/392/392776.png,https://www.on3.com/db/christopher-bracy-151300/,portal_wire_football_2026
Matt Herron,DL,Weber State Wildcats,Wake Forest Demon Deacons,Committed,0,3.0,86.0,1639.0,145.0,2022,2026-01-12T18:42:00,https://on3static.com/uploads/assets/432/585/585432.jpeg,https://www.on3.com/db/matt-herron-149533/,portal_wire_football_2026
Champ Lewis,CB,Tulsa Golden Hurricane,Southern Miss Golden Eagles,Committed,0,3.0,86.0,1652.0,162.0,2022,2026-01-12T18:40:00,https://on3static.com/uploads/assets/175/223/223175.png,https://www.on3.com/db/champ-lewis-102179/,portal_wire_football_2026
Corey Platt Jr.,LB,Houston Cougars,Texas Tech Red Raiders,Committed,0,3.0,86.0,1647.0,168.0,2021,2026-01-12T18:36:00,https://on3static.com/uploads/assets/620/214/214620.jpeg,https://www.on3.com/db/corey-platt-jr-26276/,portal_wire_football_2026
Bishop Thomas,DL,Georgia State Panthers,Oklahoma Sooners,Committed,0,3.0,88.0,802.0,46.0,2022,2026-01-12T18:33:00,https://on3static.com/uploads/assets/421/242/242421.jpeg,https://www.on3.com/db/bishop-thomas-10588/,portal_wire_football_2026
Antoine Belgrave-Shorter,S,Penn State Nittany Lions,Arizona State Sun Devils,Committed,0,3.0,86.0,1497.0,187.0,2024,2026-01-12T18:29:00,https://on3static.com/uploads/assets/367/332/332367.png,https://www.on3.com/db/antoine-belgrave-shorter-158097/,portal_wire_football_2026
Paki Finau,IOL,Washington Huskies,BYU Cougars,Committed,0,3.0,89.0,218.0,16.0,2024,2026-01-12T18:29:00,https://on3static.com/uploads/assets/702/297/297702.png,https://www.on3.com/db/paki-finau-152262/,portal_wire_football_2026
Cole Best,IOL,USF Bulls,Auburn Tigers,Committed,0,3.0,89.0,234.0,19.0,2021,2026-01-12T18:28:00,https://on3static.com/uploads/assets/133/216/216133.png,https://www.on3.com/db/cole-best-24608/,portal_wire_football_2026
Kanye Clark,S,UCLA Bruins,Florida Gators,Committed,0,3.0,87.0,1334.0,60.0,2023,2026-01-12T18:27:00,https://on3static.com/uploads/assets/386/585/585386.png,https://www.on3.com/db/kanye-clark-148026/,portal_wire_football_2026
Towns McGough,K,Auburn Tigers,California Golden Bears,Committed,0,3.0,80.0,3014.0,38.0,2024,2026-01-12T18:26:00,https://on3static.com/uploads/assets/632/303/303632.png,https://www.on3.com/db/towns-mcgough-174857/,portal_wire_football_2026
Jarquez Carter,DL,Ohio State Buckeyes,Miami Hurricanes,Committed,140557,4.0,90.0,108.0,7.0,2025,2026-01-12T18:08:00,https://on3static.com/uploads/assets/875/148/148875.png,https://www.on3.com/db/jarquez-carter-150825/,portal_wire_football_2026
Jr Sia,OT,Utah State Aggies,BYU Cougars,Committed,0,3.0,85.0,2259.0,169.0,2023,2026-01-12T18:06:00,https://on3static.com/uploads/assets/357/67/67357.jpg,https://www.on3.com/db/jr-sia-146498/,portal_wire_football_2026
Jayden Limar,RB,Oregon Ducks,Washington Huskies,Committed,0,3.0,87.0,766.0,64.0,2023,2026-01-12T18:05:00,https://on3static.com/uploads/assets/124/304/304124.png,https://www.on3.com/db/jayden-limar-58665/,portal_wire_football_2026
Jordan Norman,EDGE,Tulane Green Wave,Tennessee Volunteers,Committed,0,3.0,88.0,1018.0,54.0,2023,2026-01-12T18:02:00,https://on3static.com/uploads/assets/911/397/397911.png,https://www.on3.com/db/jordan-norman-155254/,portal_wire_football_2026
Zak Yamauchi,IOL,Stanford Cardinal,BYU Cougars,Committed,0,3.0,86.0,1621.0,128.0,2023,2026-01-12T18:01:00,https://on3static.com/uploads/assets/378/585/585378.png,https://www.on3.com/db/zak-yamauchi-147181/,portal_wire_football_2026
Jayden McGowan,WR,Charlotte 49ers,,Entered,0,3.0,86.0,1664.0,202.0,2022,2026-01-12T17:59:00,https://on3static.com/uploads/assets/664/267/267664.jpg,https://www.on3.com/db/jayden-mcgowan-58675/,portal_wire_football_2026
Qua Russaw,LB,Alabama Crimson Tide,Ohio State Buckeyes,Committed,291297,3.0,89.0,169.0,11.0,2023,2026-01-12T17:54:00,https://on3static.com/uploads/assets/809/225/225809.jpeg,https://www.on3.com/db/qua-russaw-56455/,portal_wire_football_2026
James Smith,DL,Alabama Crimson Tide,Ohio State Buckeyes,Committed,0,3.0,88.0,72.0,31.0,2023,2026-01-12T17:54:00,https://on3static.com/uploads/assets/813/225/225813.jpeg,https://www.on3.com/db/james-smith-55915/,portal_wire_football_2026
Mason Purham,EDGE,Emory & Henry College Wasps,James Madison Dukes,Committed,0,3.0,85.0,1986.0,181.0,2023,2026-01-12T17:39:00,https://on3static.com/uploads/assets/347/567/567347.png,https://www.on3.com/db/mason-purham-283119/,portal_wire_football_2026
Tristan Alvano,K,Nebraska Cornhuskers,South Dakota State Jackrabbits,Committed,0,3.0,80.0,2995.0,36.0,2023,2026-01-12T17:35:00,https://on3static.com/uploads/assets/33/340/340033.png,https://www.on3.com/db/tristan-alvano-151044/,portal_wire_football_2026
Khari Bendolph,LB,Jacksonville State Gamecocks,Massachusetts Minutemen,Committed,0,3.0,83.0,2750.0,260.0,2025,2026-01-12T17:33:00,https://on3static.com/uploads/assets/2/581/581002.png,https://www.on3.com/db/khari-bendolph-249708/,portal_wire_football_2026
Max Alford,LB,BYU Cougars,Michigan Wolverines,Committed,0,3.0,86.0,1645.0,167.0,2022,2026-01-12T17:30:00,https://on3static.com/uploads/assets/471/221/221471.jpg,https://www.on3.com/db/max-alford-86545/,portal_wire_football_2026
Cam Ball,TE,Mississippi State Bulldogs,West Virginia Mountaineers,Committed,0,3.0,86.0,1848.0,71.0,2022,2026-01-12T17:25:00,https://on3static.com/uploads/assets/365/585/585365.png,https://www.on3.com/db/cam-ball-148045/,portal_wire_football_2026
Kendrick Raphael,RB,California Golden Bears,SMU Mustangs,Committed,0,3.0,89.0,225.0,23.0,2023,2026-01-12T17:24:00,https://on3static.com/uploads/assets/536/225/225536.png,https://www.on3.com/db/kendrick-raphael-72957/,portal_wire_football_2026
Jax Leatherwood,QB,Southeast Missouri State Redhawks,Tennessee Tech Golden Eagles,Committed,0,3.0,85.0,2334.0,134.0,2023,2026-01-12T16:59:00,https://on3static.com/uploads/assets/12/70/70012.jpg,https://www.on3.com/db/jax-leatherwood-151199/,portal_wire_football_2026
LaJesse Harrold,EDGE,Florida State Seminoles,UCF Knights,Committed,115679,3.0,88.0,435.0,41.0,2025,2026-01-12T16:43:00,https://on3static.com/uploads/assets/985/357/357985.jpg,https://www.on3.com/db/lajesse-harrold-158104/,portal_wire_football_2026
Matthew Outten,WR,Penn State Nittany Lions,Syracuse Orange,Committed,0,3.0,88.0,462.0,69.0,2025,2026-01-12T16:42:00,https://on3static.com/uploads/assets/700/416/416700.png,https://www.on3.com/db/matthew-outten-179546/,portal_wire_football_2026
Charlie Woleben,DL,Iowa State Cyclones,Missouri S&T Miners,Committed,0,3.0,84.0,2460.0,272.0,2025,2026-01-12T16:30:00,https://on3static.com/uploads/assets/992/465/465992.PNG,https://www.on3.com/db/charlie-woleben-236079/,portal_wire_football_2026
Malachi Coleman,WR,Minnesota Golden Gophers,Wisconsin Badgers,Committed,0,3.0,87.0,920.0,154.0,2023,2026-01-12T16:15:00,https://on3static.com/uploads/assets/637/336/336637.png,https://www.on3.com/db/malachi-coleman-147134/,portal_wire_football_2026
Malcolm Simmons,WR,Auburn Tigers,Texas Tech Red Raiders,Committed,0,4.0,90.0,71.0,13.0,2024,2026-01-12T16:13:00,https://on3static.com/uploads/assets/522/61/61522.jpg,https://www.on3.com/db/malcolm-simmons-147663/,portal_wire_football_2026
Mickel Clay,OT,West Virginia Mountaineers,,Entered,0,3.0,87.0,825.0,87.0,2020,2026-01-12T16:04:00,https://on3static.com/uploads/assets/339/399/399339.jpg,https://www.on3.com/db/mickel-clay-247771/,portal_wire_football_2026
Noah Rogers,WR,NC State Wolfpack,Alabama Crimson Tide,Committed,0,3.0,88.0,183.0,76.0,2023,2026-01-12T15:55:00,https://on3static.com/uploads/assets/571/221/221571.jpeg,https://www.on3.com/db/noah-rogers-93725/,portal_wire_football_2026
Dillan Fontus,DL,Maryland Terrapins,Syracuse Orange,Committed,0,3.0,87.0,672.0,54.0,2023,2026-01-12T15:54:00,https://on3static.com/uploads/assets/728/310/310728.png,https://www.on3.com/db/dillan-fontus-150110/,portal_wire_football_2026
Chantz Johnson,LB,Texas State Bobcats,,Entered,0,3.0,86.0,1660.0,182.0,2023,2026-01-12T15:53:00,https://on3static.com/uploads/assets/486/137/137486.jpeg,https://www.on3.com/db/chantz-johnson-150644/,portal_wire_football_2026
Wallace Unamba,IOL,Virginia Cavaliers,,Entered,0,3.0,86.0,1640.0,137.0,2021,2026-01-12T15:44:00,https://on3static.com/uploads/assets/550/440/440550.jpg,https://www.on3.com/db/wallace-unamba-174810/,portal_wire_football_2026
Ken Talley,EDGE,Arkansas Razorbacks,UCF Knights,Committed,0,3.0,86.0,1658.0,150.0,2022,2026-01-12T15:33:00,https://on3static.com/uploads/assets/202/235/235202.png,https://www.on3.com/db/ken-talley-72645/,portal_wire_football_2026
Andrew Bennett,P,Charlotte 49ers,James Madison Dukes,Committed,0,,,,,2024,2026-01-12T15:32:00,https://on3static.com/uploads/assets/904/337/337904.png,https://www.on3.com/db/andrew-bennett-239925/,portal_wire_football_2026
Tegra Tshabola,IOL,Ohio State Buckeyes,Kentucky Wildcats,Committed,0,3.0,88.0,143.0,40.0,2022,2026-01-12T15:28:00,https://on3static.com/uploads/assets/591/221/221591.jpeg,https://www.on3.com/db/tegra-tshabola-111124/,portal_wire_football_2026
Braedyn Locke,QB,Arizona Wildcats,Tarleton State Texans,Committed,0,3.0,85.0,2262.0,156.0,2022,2026-01-12T15:28:00,https://on3static.com/uploads/assets/723/396/396723.png,https://www.on3.com/db/braedyn-locke-11972/,portal_wire_football_2026
Jardin Gilbert,S,LSU Tigers,Mississippi State Bulldogs,Committed,0,3.0,87.0,778.0,98.0,2021,2026-01-12T15:27:00,https://on3static.com/uploads/assets/865/12/12865.jpeg,https://www.on3.com/db/jardin-gilbert-56525/,portal_wire_football_2026
A.J. Harris,CB,Penn State Nittany Lions,Indiana Hoosiers,Committed,0,3.0,89.0,288.0,26.0,2023,2026-01-12T15:25:00,https://on3static.com/uploads/assets/612/345/345612.png,https://www.on3.com/db/aj-harris-2176/,portal_wire_football_2026
Ty Haywood,OT,Michigan Wolverines,Alabama Crimson Tide,Committed,365422,3.0,89.0,210.0,16.0,2025,2026-01-12T15:23:00,https://on3static.com/uploads/assets/62/320/320062.jpg,https://www.on3.com/db/ty-haywood-175209/,portal_wire_football_2026
Justyn Martin,QB,Maryland Terrapins,Ohio State Buckeyes,Committed,0,3.0,85.0,1832.0,148.0,2022,2026-01-12T15:13:00,https://on3static.com/uploads/assets/536/18/18536.jpeg,https://www.on3.com/db/justyn-martin-70070/,portal_wire_football_2026
Renick Dorilas,CB,Rutgers Scarlet Knights,Connecticut Huskies,Committed,0,3.0,86.0,1656.0,211.0,2025,2026-01-12T15:00:00,https://on3static.com/uploads/assets/146/464/464146.jpg,https://www.on3.com/db/renick-dorilas-158908/,portal_wire_football_2026
Jesus Machado,LB,Houston Cougars,Rice Owls,Committed,0,3.0,86.0,1646.0,134.0,2020,2026-01-12T14:55:00,https://on3static.com/uploads/assets/145/74/74145.jpeg,https://www.on3.com/db/jesus-machado-61396/,portal_wire_football_2026
Houston Kaahaaina-Torres,IOL,Nebraska Cornhuskers,Michigan Wolverines,Committed,0,3.0,84.0,2191.0,204.0,2025,2026-01-12T14:47:00,https://on3static.com/uploads/assets/272/585/585272.png,https://www.on3.com/db/houston-kaahaaina-torres-154387/,portal_wire_football_2026
Kendel Dolby,CB,Oklahoma Sooners,Mississippi State Bulldogs,Committed,0,3.0,87.0,931.0,108.0,2021,2026-01-12T14:46:00,https://on3static.com/uploads/assets/56/222/222056.png,https://www.on3.com/db/kendel-dolby-158964/,portal_wire_football_2026
Jahsear Whittington,DL,Pittsburgh Panthers,Nebraska Cornhuskers,Committed,0,3.0,88.0,467.0,34.0,2024,2026-01-12T14:39:00,https://on3static.com/uploads/assets/543/25/25543.jpg,https://www.on3.com/db/jahsear-whittington-52893/,portal_wire_football_2026
Lorcan Quinn,K,Marshall Thundering Herd,Alabama Crimson Tide,Committed,0,3.0,80.0,2860.0,6.0,2025,2026-01-12T14:36:00,https://on3static.com/uploads/assets/275/585/585275.png,https://www.on3.com/db/lorcan-quinn-283740/,portal_wire_football_2026
Juelz Goff,RB,Pittsburgh Panthers,Boise State Broncos,Committed,0,3.0,85.0,1854.0,172.0,2024,2026-01-12T14:34:00,https://on3static.com/uploads/assets/494/308/308494.png,https://www.on3.com/db/juelz-goff-153352/,portal_wire_football_2026
Christian Lorenzo,DL,Illinois State Redbirds,North Texas Mean Green,Committed,0,,,,,0,2026-01-12T14:28:00,https://on3static.com/uploads/assets/520/338/338520.png,https://www.on3.com/db/christian-lorenzo-242045/,portal_wire_football_2026
Cedric Roberts,LB,Alcorn State Braves,North Texas Mean Green,Committed,0,,,,,2024,2026-01-12T14:22:00,https://on3static.com/uploads/assets/891/592/592891.PNG,https://www.on3.com/db/cedric-roberts-284527/,portal_wire_football_2026
Hunter Welcing,TE,Northwestern Wildcats,Ohio State Buckeyes,Committed,0,4.0,90.0,75.0,2.0,2020,2026-01-12T14:19:00,https://on3static.com/uploads/dev/assets/616/8/8616.jpg,https://www.on3.com/db/hunter-welcing-48662/,portal_wire_football_2026
Jordan Vyborny,TE,Oklahoma State Cowboys,Iowa State Cyclones,Committed,0,3.0,85.0,2264.0,106.0,2025,2026-01-12T14:12:00,https://on3static.com/uploads/assets/477/302/302477.png,https://www.on3.com/db/jordan-vyborny-240942/,portal_wire_football_2026
Randall King,WR,Campbell Fighting Camels,Massachusetts Minutemen,Committed,0,3.0,84.0,2317.0,352.0,2024,2026-01-12T14:11:00,https://on3static.com/uploads/assets/305/557/557305.png,https://www.on3.com/db/randall-king-282615/,portal_wire_football_2026
Bo Hughley,OT,Georgia Bulldogs,Colorado Buffaloes,Committed,0,3.0,88.0,459.0,29.0,2023,2026-01-12T14:08:00,https://on3static.com/uploads/assets/76/581/581076.png,https://www.on3.com/db/bo-hughley-145550/,portal_wire_football_2026
Matt Ragan,TE,Boston College Eagles,Connecticut Huskies,Committed,0,3.0,86.0,1649.0,76.0,2022,2026-01-12T14:07:00,https://on3static.com/uploads/assets/309/165/165309.png,https://www.on3.com/db/matt-ragan-85680/,portal_wire_football_2026
Cole Skinner,IOL,USF Bulls,Auburn Tigers,Committed,0,3.0,88.0,576.0,37.0,2023,2026-01-12T13:57:00,https://on3static.com/uploads/assets/126/216/216126.png,https://www.on3.com/db/cole-skinner-155677/,portal_wire_football_2026
Greg Knox,OT,McNeese State Cowboys,Massachusetts Minutemen,Committed,0,3.0,85.0,2096.0,177.0,0,2026-01-12T13:56:00,,https://www.on3.com/db/greg-knox-201748/,portal_wire_football_2026
Eli Leiataua,LB,Kennesaw State Owls,,Entered,0,3.0,81.0,2962.0,274.0,2022,2026-01-12T13:47:00,https://on3static.com/uploads/assets/507/384/384507.jpg,https://www.on3.com/db/eli-leiataua-197624/,portal_wire_football_2026
Cade Law,LB,Memphis Tigers,East Carolina Pirates,Committed,0,3.0,82.0,2858.0,264.0,2022,2026-01-12T13:41:00,https://on3static.com/uploads/assets/652/440/440652.jpg,https://www.on3.com/db/cade-law-237624/,portal_wire_football_2026
Crews Law,LB,Memphis Tigers,East Carolina Pirates,Committed,0,3.0,87.0,826.0,77.0,2024,2026-01-12T13:40:00,https://on3static.com/uploads/assets/651/440/440651.jpg,https://www.on3.com/db/crews-law-150802/,portal_wire_football_2026
Kevin Kalonji,OT,Sam Houston State Bearkats,,Entered,0,3.0,83.0,2774.0,216.0,2020,2026-01-12T13:39:00,https://on3static.com/uploads/assets/748/310/310748.png,https://www.on3.com/db/kevin-kalonji-144589/,portal_wire_football_2026
Bryce LaFollette,P,Towson Tigers,Boston College Eagles,Committed,0,3.0,80.0,3095.0,19.0,2022,2026-01-12T13:38:00,https://on3static.com/uploads/assets/263/585/585263.png,https://www.on3.com/db/bryce-lafollette-178166/,portal_wire_football_2026
Pierre Royster,S,UAB Blazers,,Entered,0,3.0,86.0,1642.0,185.0,2021,2026-01-12T13:36:00,https://on3static.com/uploads/assets/859/402/402859.png,https://www.on3.com/db/pierre-royster-204804/,portal_wire_football_2026
Will Johnson,LB,Virginia Tech Hokies,,Entered,0,3.0,83.0,2775.0,255.0,2021,2026-01-12T13:34:00,https://on3static.com/uploads/assets/425/16/16425.jpeg,https://www.on3.com/db/will-johnson-144768/,portal_wire_football_2026
Cary Grant,S,Charlotte 49ers,Appalachian State Mountaineers,Committed,0,3.0,86.0,1355.0,177.0,2022,2026-01-12T13:33:00,https://on3static.com/uploads/assets/889/337/337889.png,https://www.on3.com/db/cary-grant-238029/,portal_wire_football_2026
Luke Carney,QB,Syracuse Orange,Houston Cougars,Committed,0,3.0,85.0,2257.0,133.0,2025,2026-01-12T13:19:00,https://on3static.com/uploads/assets/522/259/259522.png,https://www.on3.com/db/luke-carney-80584/,portal_wire_football_2026
Cash Hudson,IOL,Missouri State University Bears,USF Bulls,Committed,0,3.0,87.0,823.0,113.0,2022,2026-01-12T13:18:00,https://on3static.com/uploads/assets/142/585/585142.PNG,https://www.on3.com/db/cash-hudson-202675/,portal_wire_football_2026
Kevin Henderson,LB,Findlay Oilers,Appalachian State Mountaineers,Committed,0,3.0,86.0,1655.0,138.0,2024,2026-01-12T13:18:00,https://on3static.com/uploads/assets/454/185/185454.png,https://www.on3.com/db/kevin-henderson-179455/,portal_wire_football_2026
Zion Wilson,DL,East Carolina Pirates,Virginia Cavaliers,Committed,0,3.0,89.0,281.0,27.0,2021,2026-01-12T13:17:00,https://on3static.com/uploads/assets/41/338/338041.png,https://www.on3.com/db/zion-wilson-244917/,portal_wire_football_2026
Austin Carlisle,QB,Houston Cougars,Louisiana-Monroe Warhawks,Committed,0,3.0,86.0,1430.0,112.0,2025,2026-01-12T13:04:00,https://on3static.com/uploads/assets/8/156/156008.png,https://www.on3.com/db/austin-carlisle-177672/,portal_wire_football_2026
Ja'Cory Thomas,WR,Old Dominion Monarchs,Vanderbilt Commodores,Committed,0,3.0,88.0,441.0,44.0,2023,2026-01-12T13:03:00,https://on3static.com/uploads/assets/406/574/574406.png,https://www.on3.com/db/jacory-thomas-152295/,portal_wire_football_2026
Viliami Makahununiu,IOL,FIU Golden Panthers,,Entered,0,3.0,81.0,2970.0,238.0,0,2026-01-12T12:54:00,https://on3static.com/uploads/assets/616/226/226616.png,https://www.on3.com/db/viliami-makahununiu-207705/,portal_wire_football_2026
Ta'ir Brooks,WR,Charlotte 49ers,,Entered,0,3.0,84.0,2601.0,359.0,2019,2026-01-12T12:54:00,https://on3static.com/uploads/assets/198/446/446198.png,https://www.on3.com/db/tair-brooks-149900/,portal_wire_football_2026
Jackson Veasy,DL,Jacksonville State Gamecocks,,Entered,0,3.0,83.0,2777.0,295.0,2023,2026-01-12T12:52:00,https://on3static.com/uploads/assets/186/585/585186.png,https://www.on3.com/db/jackson-veasy-51728/,portal_wire_football_2026
Dorian Hoze,RB,Nevada Wolf Pack,,Entered,0,3.0,81.0,2959.0,225.0,2025,2026-01-12T12:47:00,https://on3static.com/uploads/assets/179/585/585179.png,https://www.on3.com/db/dorian-hoze-249614/,portal_wire_football_2026
Daniel Cruz,IOL,Texas Longhorns,NC State Wolfpack,Committed,149785,3.0,88.0,764.0,46.0,2024,2026-01-12T12:45:00,https://on3static.com/uploads/assets/913/581/581913.png,https://www.on3.com/db/daniel-cruz-29158/,portal_wire_football_2026
Bisi Owens,WR,Pennsylvania Quakers,Purdue Boilermakers,Committed,0,3.0,87.0,882.0,147.0,2022,2026-01-12T12:41:00,https://on3static.com/uploads/assets/268/557/557268.png,https://www.on3.com/db/bisi-owens-282612/,portal_wire_football_2026
Iverson Hooks,WR,UAB Blazers,Oregon Ducks,Committed,0,4.0,90.0,111.0,18.0,2022,2026-01-12T12:31:00,https://on3static.com/uploads/assets/344/89/89344.jpg,https://www.on3.com/db/iverson-hooks-50145/,portal_wire_football_2026
Adonis McDaniel,WR,Mercer Bears,Oregon State Beavers,Committed,0,3.0,87.0,828.0,133.0,2023,2026-01-12T12:28:00,https://on3static.com/uploads/assets/166/585/585166.png,https://www.on3.com/db/adonis-mcdaniel-283865/,portal_wire_football_2026
Maverick Noonan,EDGE,Nebraska Cornhuskers,Fresno State Bulldogs,Committed,0,3.0,85.0,2077.0,167.0,2023,2026-01-12T12:26:00,https://on3static.com/uploads/assets/662/190/190662.png,https://www.on3.com/db/maverick-noonan-86532/,portal_wire_football_2026
Kevin Oatis,DL,Arkansas Razorbacks,Kansas Jayhawks,Committed,0,3.0,87.0,1052.0,95.0,2025,2026-01-12T12:21:00,https://on3static.com/uploads/assets/583/291/291583.jpg,https://www.on3.com/db/kevin-oatis-176020/,portal_wire_football_2026
Jay Harris,RB,Oregon Ducks,Kansas State Wildcats,Committed,0,3.0,83.0,1101.0,209.0,2022,2026-01-12T12:10:00,https://on3static.com/uploads/assets/534/270/270534.png,https://www.on3.com/db/jay-harris-239526/,portal_wire_football_2026
Dante Dowdell,RB,Kentucky Wildcats,Georgia Bulldogs,Committed,0,3.0,87.0,669.0,73.0,2023,2026-01-12T12:02:00,https://on3static.com/uploads/assets/433/333/333433.png,https://www.on3.com/db/dante-dowdell-148684/,portal_wire_football_2026
Shazz Preston,WR,Tulane Green Wave,Indiana Hoosiers,Committed,0,3.0,89.0,178.0,26.0,2022,2026-01-12T12:01:00,https://on3static.com/uploads/assets/789/225/225789.jpeg,https://www.on3.com/db/shazz-preston-107050/,portal_wire_football_2026
Lamar Fairfax,DL,Memphis Tigers,Temple Owls,Committed,0,3.0,84.0,2466.0,269.0,2025,2026-01-12T11:52:00,https://on3static.com/uploads/assets/432/248/248432.png,https://www.on3.com/db/lamar-fairfax-178372/,portal_wire_football_2026
Cavan Tuley,EDGE,Houston Cougars,Missouri Tigers,Committed,0,3.0,84.0,2600.0,204.0,2022,2026-01-12T11:39:00,https://on3static.com/uploads/assets/389/223/223389.png,https://www.on3.com/db/cavan-tuley-19206/,portal_wire_football_2026
Jeremiah Jordan,S,Memphis Tigers,UAB Blazers,Committed,0,3.0,86.0,1378.0,146.0,2022,2026-01-12T11:38:00,https://on3static.com/uploads/assets/561/479/479561.png,https://www.on3.com/db/jeremiah-jordan-261443/,portal_wire_football_2026
Damier Minkah,CB,Shepherd Rams,James Madison Dukes,Committed,0,3.0,85.0,1866.0,260.0,2023,2026-01-12T11:33:00,https://on3static.com/uploads/assets/340/575/575340.jpg,https://www.on3.com/db/damier-minkah-283503/,portal_wire_football_2026
Josh Schell,DL,Tennessee Volunteers,UCF Knights,Committed,0,3.0,81.0,2947.0,324.0,2021,2026-01-12T11:27:00,https://on3static.com/uploads/assets/452/466/466452.png,https://www.on3.com/db/josh-schell-67560/,portal_wire_football_2026
Jalen Hale,WR,Alabama Crimson Tide,SMU Mustangs,Committed,0,3.0,87.0,665.0,140.0,2023,2026-01-12T11:26:00,https://on3static.com/uploads/assets/615/225/225615.jpeg,https://www.on3.com/db/jalen-hale-54301/,portal_wire_football_2026
Adrian Maddox,S,Georgia Bulldogs,Kansas State Wildcats,Committed,0,3.0,88.0,774.0,43.0,2022,2026-01-12T11:14:00,https://on3static.com/uploads/assets/212/276/276212.png,https://www.on3.com/db/adrian-maddox-239678/,portal_wire_football_2026
Shamar Arnoux,CB,Florida State Seminoles,Auburn Tigers,Committed,0,3.0,87.0,781.0,141.0,2025,2026-01-12T11:13:00,https://on3static.com/uploads/assets/767/316/316767.jpg,https://www.on3.com/db/shamar-arnoux-154214/,portal_wire_football_2026
Logan George,EDGE,Ohio State Buckeyes,Washington Huskies,Committed,0,3.0,88.0,627.0,43.0,2021,2026-01-12T11:07:00,https://on3static.com/uploads/assets/929/395/395929.png,https://www.on3.com/db/logan-george-79728/,portal_wire_football_2026
Jayden Sanders,CB,Michigan Wolverines,Notre Dame Fighting Irish,Committed,109192,4.0,90.0,52.0,3.0,2025,2026-01-12T11:01:00,https://on3static.com/uploads/assets/170/585/585170.PNG,https://www.on3.com/db/jayden-sanders-236000/,portal_wire_football_2026
C.J. Mims,DL,North Carolina Tar Heels,Texas A&M Aggies,Committed,0,4.0,90.0,94.0,6.0,2022,2026-01-12T10:57:00,https://on3static.com/uploads/assets/948/470/470948.jpg,https://www.on3.com/db/cj-mims-16456/,portal_wire_football_2026
James Roe,LS,Toledo Rockets,Wisconsin Badgers,Committed,0,3.0,80.0,3044.0,14.0,2024,2026-01-12T10:56:00,https://on3static.com/uploads/assets/288/581/581288.jpg,https://www.on3.com/db/james-roe-283687/,portal_wire_football_2026
JT Lindsey,RB,LSU Tigers,Ole Miss Rebels,Committed,130284,3.0,89.0,278.0,27.0,2025,2026-01-12T10:48:00,https://on3static.com/uploads/assets/923/290/290923.png,https://www.on3.com/db/jt-lindsey-235952/,portal_wire_football_2026
Daniel Mincey,IOL,UAB Blazers,,Entered,0,3.0,81.0,2971.0,239.0,2024,2026-01-12T10:45:00,https://on3static.com/uploads/assets/795/331/331795.png,https://www.on3.com/db/daniel-mincey-177367/,portal_wire_football_2026
Dylan Freebury,K,Colorado State Rams,,Entered,0,3.0,80.0,3091.0,60.0,2025,2026-01-12T10:45:00,,https://www.on3.com/db/dylan-freebury-246889/,portal_wire_football_2026
Cairo Rhodes,LB,Central Michigan Chippewas,,Entered,0,3.0,81.0,2969.0,278.0,2021,2026-01-12T10:44:00,,https://www.on3.com/db/cairo-rhodes-283848/,portal_wire_football_2026
Khari Johnson,LB,Central Michigan Chippewas,,Entered,0,3.0,81.0,2967.0,277.0,2023,2026-01-12T10:41:00,,https://www.on3.com/db/khari-johnson-237030/,portal_wire_football_2026
Tyler Brown,IOL,Colorado Buffaloes,James Madison Dukes,Committed,0,3.0,87.0,1290.0,99.0,2019,2026-01-12T10:37:00,https://on3static.com/uploads/assets/386/242/242386.jpeg,https://www.on3.com/db/tyler-brown-175696/,portal_wire_football_2026
Misael Sandoval,OT,Vanderbilt Commodores,Ball State Cardinals,Committed,0,,,,,2023,2026-01-12T10:33:00,https://on3static.com/uploads/assets/321/332/332321.png,https://www.on3.com/db/misael-sandoval-148268/,portal_wire_football_2026
Jayden York,TE,Houston Cougars,,Entered,0,3.0,86.0,1662.0,79.0,2020,2026-01-12T10:30:00,https://on3static.com/uploads/assets/250/167/167250.png,https://www.on3.com/db/jayden-york-58729/,portal_wire_football_2026
DJ Chester,IOL,LSU Tigers,Mississippi State Bulldogs,Committed,0,3.0,87.0,972.0,107.0,2023,2026-01-12T10:29:00,https://on3static.com/uploads/assets/976/118/118976.jpg,https://www.on3.com/db/dj-chester-150241/,portal_wire_football_2026
Keith Jones,WR,Grambling State Tigers,Penn State Nittany Lions,Committed,0,3.0,87.0,1082.0,120.0,2024,2026-01-12T10:28:00,https://on3static.com/uploads/assets/635/583/583635.png,https://www.on3.com/db/keith-jones-283783/,portal_wire_football_2026
Luke Clyburn,TE,Furman Paladins,USF Bulls,Committed,0,3.0,85.0,2106.0,123.0,2022,2026-01-12T10:27:00,https://on3static.com/uploads/assets/400/576/576400.png,https://www.on3.com/db/luke-clyburn-283535/,portal_wire_football_2026
Eli Coenen,DL,Illinois Fighting Illini,Michigan State Spartans,Committed,0,3.0,86.0,1507.0,146.0,2023,2026-01-12T10:26:00,https://on3static.com/uploads/assets/544/452/452544.png,https://www.on3.com/db/eli-coenen-259527/,portal_wire_football_2026
Jelani Watkins,WR,LSU Tigers,Arkansas Razorbacks,Committed,0,3.0,87.0,898.0,117.0,2024,2026-01-12T10:25:00,https://on3static.com/uploads/assets/914/25/25914.jpg,https://www.on3.com/db/jelani-watkins-59891/,portal_wire_football_2026
Andrew Depaepe,DL,Indiana Hoosiers,Massachusetts Minutemen,Committed,0,3.0,86.0,1636.0,193.0,2023,2026-01-12T10:24:00,https://on3static.com/uploads/assets/19/303/303019.png,https://www.on3.com/db/andrew-depaepe-4965/,portal_wire_football_2026
Ben Kamara,S,Akron Zips,,Entered,0,3.0,86.0,1661.0,191.0,2022,2026-01-12T10:24:00,,https://www.on3.com/db/ben-kamara-283843/,portal_wire_football_2026
William DePaepe,EDGE,Indiana Hoosiers,Massachusetts Minutemen,Committed,0,3.0,86.0,1638.0,163.0,2024,2026-01-12T10:23:00,https://on3static.com/uploads/assets/440/161/161440.png,https://www.on3.com/db/william-depaepe-176321/,portal_wire_football_2026
TJ Bullard,LB,UCF Knights,Florida Gators,Committed,0,3.0,84.0,2444.0,233.0,2022,2026-01-12T10:19:00,https://on3static.com/uploads/assets/696/564/564696.PNG,https://www.on3.com/db/tj-bullard-113075/,portal_wire_football_2026
TJ Smith,LB,Houston Christian Huskies,Texas A&M Aggies,Committed,0,3.0,85.0,2267.0,208.0,2024,2026-01-12T10:17:00,https://on3static.com/uploads/assets/661/585/585661.png,https://www.on3.com/db/tj-smith-158400/,portal_wire_football_2026
Donovan Grayson,DL,Samford Bulldogs,Coastal Carolina Chanticleers,Committed,0,3.0,87.0,900.0,64.0,2023,2026-01-12T10:16:00,https://on3static.com/uploads/assets/123/305/305123.png,https://www.on3.com/db/donovan-grayson-153447/,portal_wire_football_2026
Tahjae Mullix,DL,Oregon State Beavers,Connecticut Huskies,Committed,0,3.0,85.0,2260.0,247.0,2022,2026-01-12T10:15:00,https://on3static.com/uploads/assets/417/585/585417.png,https://www.on3.com/db/tahjae-mullix-248488/,portal_wire_football_2026
Oran Singleton,WR,West Virginia Mountaineers,Tulsa Golden Hurricane,Committed,0,3.0,86.0,1663.0,262.0,2021,2026-01-12T10:13:00,https://on3static.com/uploads/assets/819/395/395819.png,https://www.on3.com/db/oran-singleton-94535/,portal_wire_football_2026
Cameron Miller,WR,Kentucky Wildcats,Ole Miss Rebels,Committed,0,3.0,87.0,755.0,108.0,2025,2026-01-12T10:13:00,https://on3static.com/uploads/assets/597/66/66597.png,https://www.on3.com/db/cameron-miller-147073/,portal_wire_football_2026
Sam Leavitt,QB,Arizona State Sun Devils,LSU Tigers,Committed,4029364,5.0,98.0,2.0,1.0,2023,2026-01-12T10:08:00,https://on3static.com/uploads/assets/799/349/349799.jpg,https://www.on3.com/db/sam-leavitt-104361/,portal_wire_football_2026
Jonathan Epperson,LB,Washington Huskies,,Entered,0,3.0,87.0,824.0,84.0,2025,2026-01-12T10:03:00,https://on3static.com/uploads/assets/964/157/157964.png,https://www.on3.com/db/jonathan-epperson-177837/,portal_wire_football_2026
Armani Winfield,WR,Colorado State Rams,USF Bulls,Committed,0,3.0,86.0,1456.0,197.0,2022,2026-01-12T10:02:00,https://on3static.com/uploads/assets/11/209/209011.jpeg,https://www.on3.com/db/armani-winfield-7541/,portal_wire_football_2026
Keon Keeley,EDGE,Alabama Crimson Tide,Notre Dame Fighting Irish,Committed,100690,3.0,88.0,119.0,33.0,2023,2026-01-12T10:02:00,https://on3static.com/uploads/assets/174/585/585174.jpg,https://www.on3.com/db/keon-keeley-73611/,portal_wire_football_2026
Roman Mothershed,WR,Troy Trojans,LSU Tigers,Committed,0,3.0,84.0,2362.0,354.0,2023,2026-01-12T10:01:00,https://on3static.com/uploads/assets/253/68/68253.png,https://www.on3.com/db/roman-mothershed-155101/,portal_wire_football_2026
Ryan Harris,K,Washington State Cougars,Arizona Wildcats,Committed,0,3.0,80.0,3099.0,62.0,2023,2026-01-12T09:57:00,https://on3static.com/uploads/assets/709/337/337709.png,https://www.on3.com/db/ryan-harris-244904/,portal_wire_football_2026
Price Morgan,WR,Texas Tech Red Raiders,Incarnate Word Cardinals,Committed,0,3.0,81.0,2884.0,416.0,2022,2026-01-12T09:55:00,https://on3static.com/uploads/assets/972/574/574972.PNG,https://www.on3.com/db/price-morgan-283422/,portal_wire_football_2026
Matthew Cooks,LB,Texas Southern Tigers,Northern Arizona Lumberjacks,Committed,0,3.0,85.0,2327.0,204.0,2023,2026-01-12T09:50:00,https://on3static.com/uploads/assets/233/562/562233.png,https://www.on3.com/db/matthew-cooks-86022/,portal_wire_football_2026
Michael Bennett,OT,Yale Bulldogs,Oregon Ducks,Committed,0,3.0,88.0,818.0,30.0,2022,2026-01-12T09:48:00,https://on3static.com/uploads/assets/238/583/583238.png,https://www.on3.com/db/michael-bennett-283769/,portal_wire_football_2026
Isaiah Autry-Dent,OT,Oklahoma Sooners,Mississippi State Bulldogs,Committed,0,3.0,87.0,961.0,82.0,2024,2026-01-12T09:39:00,https://on3static.com/uploads/assets/6/332/332006.png,https://www.on3.com/db/isaiah-autry-dent-147397/,portal_wire_football_2026
P.J. Adebawore,EDGE,Oklahoma Sooners,Oklahoma Sooners,Withdrawn,0,,,,,2023,2026-01-12T09:36:00,https://on3static.com/uploads/assets/984/331/331984.png,https://www.on3.com/db/pj-adebawore-147285/,portal_wire_football_2026
Kaedin Massey,OT,Kansas State Wildcats,James Madison Dukes,Committed,0,,,,,2024,2026-01-12T09:33:00,https://on3static.com/uploads/assets/410/103/103410.jpg,https://www.on3.com/db/kaedin-massey-161954/,portal_wire_football_2026
Kedrick Walker,LB,Georgia State Panthers,Baylor Bears,Committed,0,3.0,87.0,1908.0,90.0,0,2026-01-12T09:32:00,https://on3static.com/uploads/assets/60/585/585060.png,https://www.on3.com/db/kedrick-walker-249567/,portal_wire_football_2026
LaMason Waller,WR,BYU Cougars,Southern Utah Thunderbirds,Committed,0,,,,,2025,2026-01-12T09:28:00,https://on3static.com/uploads/assets/433/274/274433.jpg,https://www.on3.com/db/lamason-waller-150272/,portal_wire_football_2026
Quincy Porter,WR,Ohio State Buckeyes,Notre Dame Fighting Irish,Committed,567076,4.0,92.0,22.0,2.0,2025,2026-01-12T09:27:00,https://on3static.com/uploads/assets/168/585/585168.jpg,https://www.on3.com/db/quincy-porter-155071/,portal_wire_football_2026
Landon Wright,WR,Washington State Cougars,Boston College Eagles,Committed,0,3.0,86.0,1613.0,203.0,2024,2026-01-12T09:26:00,https://on3static.com/uploads/assets/702/337/337702.png,https://www.on3.com/db/landon-wright-153208/,portal_wire_football_2026
Dre'lon Miller,WR,Colorado Buffaloes,Baylor Bears,Committed,0,3.0,87.0,315.0,105.0,2024,2026-01-12T09:19:00,https://on3static.com/uploads/assets/65/197/197065.jpg,https://www.on3.com/db/drelon-miller-147681/,portal_wire_football_2026
Daemian Wimberly,DL,UTSA Roadrunners,Baylor Bears,Committed,0,3.0,86.0,1989.0,157.0,2023,2026-01-12T09:15:00,https://on3static.com/uploads/assets/250/219/219250.jpg,https://www.on3.com/db/daemian-wimberly-150278/,portal_wire_football_2026
Dylan Raiola,QB,Nebraska Cornhuskers,Oregon Ducks,Committed,1325740,4.0,92.0,29.0,8.0,2024,2026-01-12T09:15:00,https://on3static.com/uploads/assets/426/333/333426.png,https://www.on3.com/db/dylan-raiola-147035/,portal_wire_football_2026
D.J. McKinney,CB,Colorado Buffaloes,Notre Dame Fighting Irish,Committed,0,3.0,89.0,197.0,19.0,2022,2026-01-12T09:13:00,https://on3static.com/uploads/assets/164/585/585164.jpg,https://www.on3.com/db/dj-mckinney-39769/,portal_wire_football_2026
Mack Indestad,OT,Eastern Michigan Eagles,UCLA Bruins,Committed,0,3.0,85.0,2276.0,178.0,2022,2026-01-12T09:08:00,https://on3static.com/uploads/assets/538/585/585538.png,https://www.on3.com/db/mack-indestad-146242/,portal_wire_football_2026
Christian Greenlaw,TE,Hampton Pirates,Iowa State Cyclones,Committed,0,3.0,85.0,2261.0,130.0,2022,2026-01-12T09:03:00,https://on3static.com/uploads/assets/992/584/584992.jpg,https://www.on3.com/db/christian-greenlaw-283838/,portal_wire_football_2026
Terry Moore,S,Duke Blue Devils,Ohio State Buckeyes,Committed,341328,4.0,91.0,39.0,2.0,2022,2026-01-12T09:01:00,https://on3static.com/uploads/assets/805/164/164805.png,https://www.on3.com/db/terry-moore-146049/,portal_wire_football_2026
Trey Jackson,TE,Texas Tech Red Raiders,SMU Mustangs,Committed,0,3.0,86.0,1492.0,77.0,2024,2026-01-12T09:00:00,https://on3static.com/uploads/assets/625/236/236625.jpeg,https://www.on3.com/db/trey-jackson-175478/,portal_wire_football_2026
Darrin Strey,OT,Kentucky Wildcats,LSU Tigers,Committed,0,3.0,88.0,466.0,38.0,2025,2026-01-12T09:00:00,https://on3static.com/uploads/assets/56/194/194056.png,https://www.on3.com/db/darrin-strey-174277/,portal_wire_football_2026
Cameron Pettaway,RB,Bowling Green Falcons,Iowa State Cyclones,Committed,0,3.0,86.0,1746.0,121.0,2024,2026-01-12T09:00:00,https://on3static.com/uploads/assets/633/583/583633.jpeg,https://www.on3.com/db/cameron-pettaway-178706/,portal_wire_football_2026
Hardley Gilmore,WR,Kentucky Wildcats,Baylor Bears,Committed,0,3.0,87.0,1059.0,92.0,2024,2026-01-12T08:56:00,https://on3static.com/uploads/assets/249/397/397249.jpg,https://www.on3.com/db/hardley-gilmore-47471/,portal_wire_football_2026
James Chenault,CB,USF Bulls,Utah Utes,Committed,0,3.0,87.0,711.0,110.0,2024,2026-01-12T08:49:00,https://on3static.com/uploads/assets/776/338/338776.png,https://www.on3.com/db/james-chenault-152529/,portal_wire_football_2026
Tunmise Adeleye,EDGE,UNLV Rebels,Syracuse Orange,Committed,0,3.0,88.0,562.0,52.0,2021,2026-01-12T08:43:00,https://on3static.com/uploads/assets/207/235/235207.png,https://www.on3.com/db/tunmise-adeleye-116872/,portal_wire_football_2026
Nathan Tiyce,P,Mississippi State Bulldogs,Penn State Nittany Lions,Committed,0,3.0,80.0,3084.0,29.0,2025,2026-01-12T07:58:00,https://on3static.com/uploads/assets/23/585/585023.png,https://www.on3.com/db/nathan-tiyce-283849/,portal_wire_football_2026
Dontrae Henderson,S,Indiana Hoosiers,,Entered,0,3.0,81.0,2964.0,271.0,2024,2026-01-12T07:50:00,https://on3static.com/uploads/assets/983/584/584983.png,https://www.on3.com/db/dontrae-henderson-157328/,portal_wire_football_2026
Cayden Adkins,EDGE,Georgia State Panthers,North Alabama Lions,Committed,0,,,,,2025,2026-01-12T07:18:00,https://on3static.com/uploads/assets/772/283/283772.jpeg,https://www.on3.com/db/cayden-adkins-240248/,portal_wire_football_2026
Dee Newsome,CB,Samford Bulldogs,Purdue Boilermakers,Committed,0,3.0,86.0,1909.0,200.0,2023,2026-01-12T07:12:00,https://on3static.com/uploads/assets/74/583/583074.png,https://www.on3.com/db/dee-newsome-283759/,portal_wire_football_2026
Matthew Adoghe,OT,Army Black Knights,,Entered,0,3.0,81.0,2966.0,228.0,2020,2026-01-12T05:38:00,,https://www.on3.com/db/matthew-adoghe-85952/,portal_wire_football_2026
Tristan Ti'a,QB,Oregon State Beavers,Auburn Tigers,Committed,0,3.0,87.0,740.0,63.0,2025,2026-01-12T04:57:00,https://on3static.com/uploads/assets/284/370/370284.png,https://www.on3.com/db/tristan-tia-238527/,portal_wire_football_2026
Weston Simmons,LS,Cincinnati Bearcats,Memphis Tigers,Committed,0,3.0,80.0,3089.0,11.0,2023,2026-01-11T23:57:00,https://on3static.com/uploads/assets/120/585/585120.png,https://www.on3.com/db/weston-simmons-283827/,portal_wire_football_2026
Kaleb Artis,DL,Penn State Nittany Lions,Temple Owls,Committed,0,3.0,85.0,2185.0,245.0,2022,2026-01-11T23:22:00,https://on3static.com/uploads/assets/104/120/120104.png,https://www.on3.com/db/kaleb-artis-70662/,portal_wire_football_2026
Winston Watkins Jr.,WR,Ole Miss Rebels,LSU Tigers,Committed,211903,3.0,89.0,170.0,23.0,2025,2026-01-11T22:01:00,https://on3static.com/uploads/assets/290/26/26290.jpg,https://www.on3.com/db/winston-watkins-jr-121699/,portal_wire_football_2026
JJ Buchanan,WR,Utah Utes,Michigan Wolverines,Committed,0,3.0,89.0,171.0,24.0,2025,2026-01-11T21:14:00,https://on3static.com/uploads/assets/165/327/327165.png,https://www.on3.com/db/jj-buchanan-239144/,portal_wire_football_2026
Nahzae Cox,WR,Middle Tennessee State Blue Raiders,Kansas Jayhawks,Committed,0,3.0,86.0,1121.0,195.0,2023,2026-01-11T21:10:00,https://on3static.com/uploads/assets/76/562/562076.png,https://www.on3.com/db/nahzae-cox-282753/,portal_wire_football_2026
A.J. Fuimaono,DL,UCLA Bruins,UCLA Bruins,Withdrawn,0,0.0,,,,2023,2026-01-11T21:07:00,https://on3static.com/uploads/assets/984/218/218984.png,https://www.on3.com/db/aj-fuimaono-148224/,portal_wire_football_2026
Royal Capell,WR,Oklahoma State Cowboys,UTEP Miners,Committed,0,3.0,86.0,1343.0,248.0,2025,2026-01-11T21:03:00,https://on3static.com/uploads/assets/230/315/315230.jpg,https://www.on3.com/db/royal-capell-157278/,portal_wire_football_2026
Mateen Bhaghani,K,UCLA Bruins,UCLA Bruins,Withdrawn,0,0.0,,,,0,2026-01-11T21:03:00,https://on3static.com/uploads/assets/672/315/315672.png,https://www.on3.com/db/mateen-bhaghani-239596/,portal_wire_football_2026
Zakiah Saez,LB,Oregon State Beavers,Connecticut Huskies,Committed,0,3.0,86.0,1322.0,181.0,2023,2026-01-11T20:52:00,https://on3static.com/uploads/assets/488/225/225488.png,https://www.on3.com/db/zakiah-saez-123524/,portal_wire_football_2026
Matai Tagoa'i,LB,USC Trojans,Arizona Wildcats,Committed,112940,3.0,89.0,272.0,20.0,2025,2026-01-11T20:50:00,https://on3static.com/uploads/assets/792/124/124792.jpg,https://www.on3.com/db/matai-tagoai-158449/,portal_wire_football_2026
Emory Floyd,CB,Appalachian State Mountaineers,Colorado Buffaloes,Committed,0,3.0,87.0,1048.0,124.0,2022,2026-01-11T20:26:00,https://on3static.com/uploads/assets/980/256/256980.png,https://www.on3.com/db/emory-floyd-41869/,portal_wire_football_2026
Corey Gordon,S,Louisville Cardinals,Kansas Jayhawks,Committed,0,3.0,86.0,1463.0,117.0,2022,2026-01-11T20:15:00,https://on3static.com/uploads/assets/18/209/209018.jpeg,https://www.on3.com/db/corey-gordon-26154/,portal_wire_football_2026
Clay Thevenin,RB,Louisiana Tech Bulldogs,Rutgers Scarlet Knights,Committed,0,3.0,86.0,1874.0,116.0,2023,2026-01-11T20:00:00,https://on3static.com/uploads/assets/196/577/577196.jpeg,https://www.on3.com/db/clay-thevenin-249676/,portal_wire_football_2026
Kedrick Bingley-Jones,DL,Mississippi State Bulldogs,Alabama Crimson Tide,Committed,0,3.0,86.0,1562.0,142.0,2020,2026-01-11T19:58:00,https://on3static.com/uploads/dev/assets/153/10/10153.jpg,https://www.on3.com/db/kedrick-bingley-jones-71747/,portal_wire_football_2026
Ricardo Jones,S,Clemson Tigers,Vanderbilt Commodores,Committed,0,3.0,89.0,231.0,24.0,2024,2026-01-11T19:54:00,https://on3static.com/uploads/assets/281/57/57281.jpg,https://www.on3.com/db/ricardo-jones-151563/,portal_wire_football_2026
TI Mims,WR,South Alabama Jaguars,,Entered,0,3.0,84.0,2594.0,347.0,2025,2026-01-11T19:53:00,https://on3static.com/uploads/assets/856/584/584856.jpeg,https://www.on3.com/db/ti-mims-241280/,portal_wire_football_2026
Daniel Kaelin,QB,Virginia Cavaliers,Nebraska Cornhuskers,Committed,0,3.0,86.0,1888.0,99.0,2024,2026-01-11T19:43:00,https://on3static.com/uploads/assets/424/333/333424.png,https://www.on3.com/db/daniel-kaelin-145433/,portal_wire_football_2026
Will Smith,EDGE,North Texas Mean Green,Southern Miss Golden Eagles,Committed,0,3.0,85.0,2251.0,174.0,2024,2026-01-11T19:18:00,https://on3static.com/uploads/assets/778/191/191778.jpg,https://www.on3.com/db/will-smith-156385/,portal_wire_football_2026
Jabree Wallace-Coleman,RB,Penn State Nittany Lions,South Carolina Gamecocks,Committed,0,3.0,88.0,734.0,52.0,2025,2026-01-11T19:14:00,https://on3static.com/uploads/assets/811/506/506811.png,https://www.on3.com/db/jabree-wallace-coleman-149255/,portal_wire_football_2026
Landen Clark,QB,Elon Phoenix,LSU Tigers,Committed,0,3.0,87.0,1136.0,50.0,2024,2026-01-11T19:11:00,https://on3static.com/uploads/assets/772/562/562772.png,https://www.on3.com/db/landen-clark-162222/,portal_wire_football_2026
JacQai Long,QB,Marshall Thundering Herd,Kentucky Wildcats,Committed,0,3.0,84.0,2590.0,167.0,2024,2026-01-11T19:01:00,https://on3static.com/uploads/assets/342/24/24342.jpg,https://www.on3.com/db/jacqai-long-147708/,portal_wire_football_2026
Sid Kaba,DL,Marshall Thundering Herd,Minnesota Golden Gophers,Committed,0,3.0,87.0,276.0,62.0,2023,2026-01-11T19:01:00,https://on3static.com/uploads/assets/93/405/405093.png,https://www.on3.com/db/sid-kaba-150447/,portal_wire_football_2026
Deshon Dodson,DL,Albany Great Danes,Temple Owls,Committed,0,3.0,86.0,1632.0,186.0,2024,2026-01-11T18:54:00,https://on3static.com/uploads/assets/318/134/134318.png,https://www.on3.com/db/deshon-dodson-150281/,portal_wire_football_2026
Kam Shanks,WR,Arkansas Razorbacks,Wake Forest Demon Deacons,Committed,0,3.0,87.0,815.0,127.0,2023,2026-01-11T18:51:00,https://on3static.com/uploads/assets/470/392/392470.png,https://www.on3.com/db/kam-shanks-156378/,portal_wire_football_2026
Alec Johnson,IOL,Georgia State Panthers,Western Kentucky Hilltoppers,Committed,0,3.0,86.0,1152.0,161.0,2022,2026-01-11T18:40:00,https://on3static.com/uploads/assets/723/173/173723.png,https://www.on3.com/db/alec-johnson-146197/,portal_wire_football_2026
Oliver Lundberg Coleman,RB,Connecticut Huskies,Colorado State Rams,Committed,0,3.0,83.0,2770.0,214.0,2024,2026-01-11T18:23:00,https://on3static.com/uploads/assets/523/473/473523.png,https://www.on3.com/db/oliver-lundberg-coleman-157335/,portal_wire_football_2026
Vili Taufatofua,EDGE,San Jose State Spartans,Colorado Buffaloes,Committed,0,3.0,87.0,1076.0,68.0,2022,2026-01-11T18:21:00,https://on3static.com/uploads/assets/792/584/584792.jpeg,https://www.on3.com/db/vili-taufatofua-178121/,portal_wire_football_2026
Tyson Ford,DL,California Golden Bears,UCLA Bruins,Committed,0,3.0,85.0,2240.0,229.0,2022,2026-01-11T18:17:00,https://on3static.com/uploads/assets/883/235/235883.jpeg,https://www.on3.com/db/tyson-ford-119021/,portal_wire_football_2026
Deshawn Purdie,QB,Wake Forest Demon Deacons,Liberty Flames,Committed,0,3.0,86.0,1530.0,80.0,2024,2026-01-11T18:16:00,https://on3static.com/uploads/assets/720/403/403720.png,https://www.on3.com/db/deshawn-purdie-156840/,portal_wire_football_2026
Randon Fontenette,S,Vanderbilt Commodores,Colorado Buffaloes,Committed,0,3.0,89.0,137.0,13.0,2023,2026-01-11T18:11:00,https://on3static.com/uploads/assets/610/581/581610.png,https://www.on3.com/db/randon-fontenette-152185/,portal_wire_football_2026
Ian Williams,S,Memphis Tigers,Arkansas Razorbacks,Committed,0,3.0,87.0,1077.0,105.0,2025,2026-01-11T18:10:00,https://on3static.com/uploads/assets/319/349/349319.png,https://www.on3.com/db/ian-williams-241470/,portal_wire_football_2026
Taebron Bennie-Powell,S,Notre Dame Fighting Irish,Boise State Broncos,Committed,0,3.0,87.0,1281.0,94.0,2024,2026-01-11T18:01:00,https://on3static.com/uploads/assets/401/331/331401.png,https://www.on3.com/db/taebron-bennie-powell-151969/,portal_wire_football_2026
Dion Crawford,LB,Buffalo Bulls,Michigan State Spartans,Committed,0,3.0,87.0,1622.0,57.0,2023,2026-01-11T18:01:00,https://on3static.com/uploads/assets/126/583/583126.png,https://www.on3.com/db/dion-crawford-37129/,portal_wire_football_2026
Achilles Woods,EDGE,South Alabama Jaguars,LSU Tigers,Committed,0,3.0,85.0,2253.0,165.0,2024,2026-01-11T18:00:00,https://on3static.com/uploads/assets/784/584/584784.jpeg,https://www.on3.com/db/achilles-woods-179632/,portal_wire_football_2026
Jack Cassidy,K,Western Kentucky Hilltoppers,West Virginia Mountaineers,Committed,0,3.0,80.0,3081.0,19.0,0,2026-01-11T17:58:00,https://on3static.com/uploads/assets/911/585/585911.png,https://www.on3.com/db/jack-cassidy-283806/,portal_wire_football_2026
Luke Reynolds,TE,Penn State Nittany Lions,Virginia Tech Hokies,Committed,0,4.0,90.0,86.0,3.0,2024,2026-01-11T17:40:00,https://on3static.com/uploads/assets/376/332/332376.png,https://www.on3.com/db/luke-reynolds-174880/,portal_wire_football_2026
Evan James,WR,Furman Paladins,Iowa Hawkeyes,Committed,0,3.0,88.0,811.0,65.0,2025,2026-01-11T17:29:00,https://on3static.com/uploads/assets/177/581/581177.png,https://www.on3.com/db/evan-james-236469/,portal_wire_football_2026
Jo Pierce,S,Oklahoma State Cowboys,UAB Blazers,Committed,0,3.0,87.0,1178.0,91.0,2025,2026-01-11T17:18:00,https://on3static.com/uploads/assets/734/169/169734.jpeg,https://www.on3.com/db/jo-pierce-174402/,portal_wire_football_2026
Donovan Hoilette,DL,Richmond Spiders,North Carolina Tar Heels,Committed,0,3.0,87.0,751.0,89.0,2021,2026-01-11T17:17:00,https://on3static.com/uploads/assets/637/580/580637.png,https://www.on3.com/db/donovan-hoilette-229141/,portal_wire_football_2026
Kylan Fox,TE,UCF Knights,Purdue Boilermakers,Committed,0,3.0,86.0,1157.0,80.0,2024,2026-01-11T17:13:00,https://on3static.com/uploads/assets/658/564/564658.PNG,https://www.on3.com/db/kylan-fox-147857/,portal_wire_football_2026
Dwight Bootle II,CB,Charlotte 49ers,Arizona Wildcats,Committed,0,3.0,87.0,1289.0,122.0,2023,2026-01-11T17:12:00,https://on3static.com/uploads/assets/937/339/339937.png,https://www.on3.com/db/dwight-bootle-ii-39690/,portal_wire_football_2026
Isaiah Horton,WR,Alabama Crimson Tide,Texas A&M Aggies,Committed,186323,3.0,89.0,226.0,32.0,2022,2026-01-11T16:59:00,https://on3static.com/uploads/assets/512/222/222512.jpg,https://www.on3.com/db/isaiah-horton-144190/,portal_wire_football_2026
Treyaun Webb,RB,Florida Gators,Appalachian State Mountaineers,Committed,0,3.0,87.0,614.0,112.0,2023,2026-01-11T16:48:00,https://on3static.com/uploads/assets/958/287/287958.png,https://www.on3.com/db/treyaun-webb-116313/,portal_wire_football_2026
Chris Marshall,WR,Boise State Broncos,Arkansas Razorbacks,Committed,0,3.0,87.0,738.0,85.0,2022,2026-01-11T16:43:00,https://on3static.com/uploads/assets/54/88/88054.jpg,https://www.on3.com/db/chris-marshall-22067/,portal_wire_football_2026
Andrew Olesh,TE,Penn State Nittany Lions,Oregon Ducks,Committed,196309,4.0,90.0,87.0,4.0,2025,2026-01-11T16:34:00,https://on3static.com/uploads/assets/911/506/506911.png,https://www.on3.com/db/andrew-olesh-236471/,portal_wire_football_2026
Jireh Moe,DL,San Jose State Spartans,Utah Utes,Committed,0,3.0,82.0,2853.0,317.0,2025,2026-01-11T16:21:00,https://on3static.com/uploads/assets/489/285/285489.jpg,https://www.on3.com/db/jireh-moe-178042/,portal_wire_football_2026
Tyler Stewart,WR,Temple Owls,Indiana State Sycamores,Committed,0,3.0,83.0,2667.0,391.0,2024,2026-01-11T16:19:00,https://on3static.com/uploads/assets/38/164/164038.png,https://www.on3.com/db/tyler-stewart-177515/,portal_wire_football_2026
Lawayne McCoy,WR,Florida State Seminoles,Louisville Cardinals,Committed,121072,3.0,88.0,130.0,53.0,2024,2026-01-11T16:18:00,https://on3static.com/uploads/assets/66/143/143066.jpg,https://www.on3.com/db/lawayne-mccoy-155058/,portal_wire_football_2026
Sedrick Smith,DL,Maryland Terrapins,Colorado Buffaloes,Committed,0,3.0,85.0,1564.0,259.0,2023,2026-01-11T16:16:00,https://on3static.com/uploads/assets/870/440/440870.png,https://www.on3.com/db/sedrick-smith-250692/,portal_wire_football_2026
Adama Fall,CB,Arizona State Sun Devils,Montana Grizzlies,Committed,0,3.0,82.0,2855.0,327.0,2020,2026-01-11T16:03:00,https://on3static.com/uploads/assets/283/472/472283.jpg,https://www.on3.com/db/adama-fall-1423/,portal_wire_football_2026
Hudson Miller,LB,Toledo Rockets,Purdue Boilermakers,Committed,0,3.0,86.0,2248.0,172.0,2023,2026-01-11T16:00:00,https://on3static.com/uploads/assets/877/439/439877.jpg,https://www.on3.com/db/hudson-miller-208717/,portal_wire_football_2026
Mark Robinson,OT,UTEP Miners,Kentucky Wildcats,Committed,0,3.0,86.0,1833.0,94.0,2024,2026-01-11T15:55:00,https://on3static.com/uploads/assets/635/511/511635.png,https://www.on3.com/db/mark-robinson-269961/,portal_wire_football_2026
CJ Baxter,RB,Texas Longhorns,Kentucky Wildcats,Committed,274587,3.0,88.0,232.0,29.0,2023,2026-01-11T15:49:00,https://on3static.com/uploads/assets/988/201/201988.png,https://www.on3.com/db/cj-baxter-19284/,portal_wire_football_2026
Jack Pedersen,TE,UCLA Bruins,Washington State Cougars,Committed,0,3.0,86.0,1202.0,65.0,2022,2026-01-11T15:48:00,https://on3static.com/uploads/assets/256/21/21256.jpeg,https://www.on3.com/db/jack-pedersen-51264/,portal_wire_football_2026
Shamar Porter,WR,Connecticut Huskies,Connecticut Huskies,Withdrawn,0,0.0,,,,2023,2026-01-11T15:48:00,https://on3static.com/uploads/assets/441/469/469441.png,https://www.on3.com/db/shamar-porter-106300/,portal_wire_football_2026
Javonnie Gibson,WR,Oklahoma Sooners,Cincinnati Bearcats,Committed,0,3.0,87.0,278.0,95.0,2022,2026-01-11T15:40:00,https://on3static.com/uploads/assets/728/386/386728.png,https://www.on3.com/db/javonnie-gibson-58204/,portal_wire_football_2026
Jack Wills,LS,Michigan State Spartans,Nebraska Cornhuskers,Committed,0,3.0,80.0,3083.0,16.0,2025,2026-01-11T15:39:00,https://on3static.com/uploads/assets/566/581/581566.png,https://www.on3.com/db/jack-wills-244055/,portal_wire_football_2026
Brayden Fowler-Nicolosi,QB,Colorado State Rams,Michigan Wolverines,Committed,0,3.0,87.0,1109.0,57.0,2022,2026-01-11T15:34:00,https://on3static.com/uploads/assets/696/533/533696.png,https://www.on3.com/db/brayden-fowler-nicolosi-13533/,portal_wire_football_2026
Donta Simpson,DL,Miami Hurricanes,Missouri Tigers,Committed,0,3.0,87.0,639.0,98.0,2025,2026-01-11T15:33:00,https://on3static.com/uploads/assets/50/213/213050.jpg,https://www.on3.com/db/donta-simpson-176616/,portal_wire_football_2026
Cortez Harris,EDGE,Penn State Nittany Lions,Virginia Tech Hokies,Committed,0,3.0,87.0,1046.0,97.0,2025,2026-01-11T15:31:00,https://on3static.com/uploads/assets/820/506/506820.png,https://www.on3.com/db/cortez-harris-145845/,portal_wire_football_2026
Nazir Ward,CB,Western Kentucky Hilltoppers,Syracuse Orange,Committed,0,3.0,86.0,1533.0,177.0,2023,2026-01-11T15:31:00,https://on3static.com/uploads/assets/661/584/584661.png,https://www.on3.com/db/nazir-ward-150270/,portal_wire_football_2026
Chris D'Appolonia,LB,Toledo Rockets,Syracuse Orange,Committed,0,3.0,87.0,938.0,66.0,2023,2026-01-11T15:30:00,https://on3static.com/uploads/assets/406/571/571406.png,https://www.on3.com/db/chris-dappolonia-157230/,portal_wire_football_2026
DJ Kelly,CB,Toledo Rockets,James Madison Dukes,Committed,0,,,,,2025,2026-01-11T15:30:00,https://on3static.com/uploads/assets/870/303/303870.png,https://www.on3.com/db/dj-kelly-236933/,portal_wire_football_2026
Terrell Timmons Jr.,WR,Colorado Buffaloes,Memphis Tigers,Committed,0,3.0,85.0,2252.0,289.0,2022,2026-01-11T15:27:00,https://on3static.com/uploads/assets/593/225/225593.png,https://www.on3.com/db/terrell-timmons-jr-147102/,portal_wire_football_2026
Walker White,QB,Baylor Bears,Central Arkansas Bears,Committed,118051,3.0,87.0,668.0,45.0,2024,2026-01-11T15:25:00,https://on3static.com/uploads/assets/608/303/303608.png,https://www.on3.com/db/walker-white-150911/,portal_wire_football_2026
Joe Crocker,OT,Baylor Bears,Buffalo Bulls,Committed,0,3.0,84.0,2591.0,209.0,2023,2026-01-11T15:16:00,https://on3static.com/uploads/assets/228/223/223228.png,https://www.on3.com/db/joe-crocker-62101/,portal_wire_football_2026
Amare Snowden,CB,Toledo Rockets,Syracuse Orange,Committed,0,3.0,84.0,2589.0,308.0,2023,2026-01-11T15:12:00,https://on3static.com/uploads/assets/133/222/222133.png,https://www.on3.com/db/amare-snowden-4182/,portal_wire_football_2026
Mark Manfred III,CB,Missouri Tigers,Kentucky Wildcats,Committed,0,3.0,87.0,1006.0,144.0,2025,2026-01-11T15:07:00,https://on3static.com/uploads/assets/71/189/189071.png,https://www.on3.com/db/mark-manfred-iii-176658/,portal_wire_football_2026
Veguer Jumeau,OT,Tennessee State Tigers,Boston College Eagles,Committed,0,3.0,87.0,1620.0,81.0,2024,2026-01-11T15:07:00,,https://www.on3.com/db/veguer-jumeau-180672/,portal_wire_football_2026
Landon Hammond,CB,Tulane Green Wave,,Entered,0,3.0,85.0,2254.0,277.0,2025,2026-01-11T15:06:00,https://on3static.com/uploads/assets/527/204/204527.png,https://www.on3.com/db/landon-hammond-179135/,portal_wire_football_2026
Jeremiah Melvin,WR,Wake Forest Demon Deacons,East Carolina Pirates,Committed,0,3.0,86.0,1529.0,222.0,2024,2026-01-11T15:04:00,https://on3static.com/uploads/assets/629/316/316629.png,https://www.on3.com/db/jeremiah-melvin-177230/,portal_wire_football_2026
Jordan Mcallister,EDGE,New Hampshire Wildcats,Tulane Green Wave,Committed,0,3.0,86.0,1508.0,121.0,2023,2026-01-11T15:03:00,https://on3static.com/uploads/assets/616/580/580616.png,https://www.on3.com/db/jordan-mcallister-283647/,portal_wire_football_2026
Ryder Treadway,WR,Toledo Rockets,Connecticut Huskies,Committed,0,3.0,84.0,2595.0,348.0,2025,2026-01-11T15:03:00,https://on3static.com/uploads/assets/990/584/584990.jpg,https://www.on3.com/db/ryder-treadway-242154/,portal_wire_football_2026
Chris Lofton,WR,Gardner-Webb Runnin' Bulldogs,Appalachian State Mountaineers,Committed,0,3.0,86.0,1117.0,179.0,2023,2026-01-11T15:02:00,https://on3static.com/uploads/assets/318/321/321318.png,https://www.on3.com/db/chris-lofton-162514/,portal_wire_football_2026
Joseph Reddish,CB,Virginia Tech Hokies,Appalachian State Mountaineers,Committed,0,3.0,86.0,1626.0,230.0,2023,2026-01-11T15:01:00,https://on3static.com/uploads/assets/458/403/403458.png,https://www.on3.com/db/joseph-reddish-248401/,portal_wire_football_2026
Cooper Young,OT,West Virginia Mountaineers,UAB Blazers,Committed,0,3.0,84.0,2410.0,195.0,2023,2026-01-11T14:58:00,https://on3static.com/uploads/assets/116/305/305116.png,https://www.on3.com/db/cooper-young-25922/,portal_wire_football_2026
Mekhi Miller,WR,Tulsa Golden Hurricane,Missouri State University Bears,Committed,0,3.0,85.0,2250.0,316.0,2022,2026-01-11T14:53:00,https://on3static.com/uploads/assets/667/399/399667.png,https://www.on3.com/db/mekhi-miller-86961/,portal_wire_football_2026
Carson Williams,CB,Montana State Bobcats,Indiana Hoosiers,Committed,0,3.0,87.0,1074.0,67.0,2024,2026-01-11T14:52:00,https://on3static.com/uploads/assets/454/581/581454.png,https://www.on3.com/db/carson-williams-176497/,portal_wire_football_2026
Xavier Styles,S,Robert Morris Colonials,Iowa Hawkeyes,Committed,0,3.0,87.0,1358.0,99.0,2024,2026-01-11T14:50:00,https://on3static.com/uploads/assets/436/576/576436.png,https://www.on3.com/db/xavier-styles-283539/,portal_wire_football_2026
Davin Wydner,QB,West Georgia Wolves,Louisville Cardinals,Committed,0,3.0,85.0,2653.0,145.0,2022,2026-01-11T14:49:00,https://on3static.com/uploads/assets/658/272/272658.png,https://www.on3.com/db/davin-wydner-32276/,portal_wire_football_2026
Mylachi Williams,EDGE,Penn State Nittany Lions,Virginia Tech Hokies,Committed,0,3.0,87.0,752.0,94.0,2024,2026-01-11T14:46:00,https://on3static.com/uploads/assets/680/345/345680.png,https://www.on3.com/db/mylachi-williams-176128/,portal_wire_football_2026
Connor Sullivan,DL,Washington State Cougars,Illinois Fighting Illini,Committed,0,3.0,83.0,2658.0,298.0,2025,2026-01-11T14:34:00,https://on3static.com/uploads/assets/632/584/584632.png,https://www.on3.com/db/connor-sullivan-241310/,portal_wire_football_2026
Dylan Parrott,DL,Nebraska Cornhuskers,Nebraska Cornhuskers,Withdrawn,0,0.0,,,,2022,2026-01-11T14:33:00,https://on3static.com/uploads/assets/211/345/345211.png,https://www.on3.com/db/dylan-parrott-180849/,portal_wire_football_2026
Izaiah Guy,CB,USF Bulls,Liberty Flames,Committed,0,3.0,86.0,1553.0,213.0,2022,2026-01-11T14:30:00,https://on3static.com/uploads/assets/680/173/173680.png,https://www.on3.com/db/izaiah-guy-50186/,portal_wire_football_2026
Salahadin Allah,RB,Oregon State Beavers,Iowa State Cyclones,Committed,0,3.0,86.0,1630.0,142.0,2024,2026-01-11T14:19:00,https://on3static.com/uploads/assets/166/229/229166.png,https://www.on3.com/db/salahadin-allah-236328/,portal_wire_football_2026
J'mond Tapp,EDGE,Southern Miss Golden Eagles,Memphis Tigers,Committed,0,4.0,90.0,66.0,10.0,2022,2026-01-11T14:18:00,https://on3static.com/uploads/assets/902/83/83902.png,https://www.on3.com/db/jmond-tapp-50253/,portal_wire_football_2026
Lavon Johnson,DL,Texas Longhorns,Maryland Terrapins,Committed,0,3.0,85.0,489.0,224.0,2023,2026-01-11T14:18:00,https://on3static.com/uploads/assets/753/310/310753.png,https://www.on3.com/db/lavon-johnson-145697/,portal_wire_football_2026
Dallan Hayden,RB,Colorado Buffaloes,Memphis Tigers,Committed,0,3.0,87.0,565.0,69.0,2022,2026-01-11T14:10:00,https://on3static.com/uploads/assets/526/221/221526.jpeg,https://www.on3.com/db/dallan-hayden-28145/,portal_wire_football_2026
Jaime Ffrench,WR,Texas Longhorns,Michigan Wolverines,Committed,213555,3.0,88.0,461.0,59.0,2025,2026-01-11T14:10:00,https://on3static.com/uploads/assets/76/320/320076.jpg,https://www.on3.com/db/jaime-ffrench-152361/,portal_wire_football_2026
Xavier Townsend,WR,Iowa State Cyclones,Purdue Boilermakers,Committed,0,3.0,87.0,965.0,103.0,2022,2026-01-11T14:09:00,https://on3static.com/uploads/assets/987/465/465987.PNG,https://www.on3.com/db/xavier-townsend-122188/,portal_wire_football_2026
Christopher Johnson,RB,SMU Mustangs,Clemson Tigers,Committed,0,3.0,87.0,729.0,72.0,2023,2026-01-11T14:09:00,https://on3static.com/uploads/assets/507/222/222507.jpg,https://www.on3.com/db/christopher-johnson-151162/,portal_wire_football_2026
Randy Pittman,TE,Florida State Seminoles,SMU Mustangs,Committed,0,3.0,88.0,264.0,26.0,2023,2026-01-11T14:00:00,https://on3static.com/uploads/assets/314/392/392314.png,https://www.on3.com/db/randy-pittman-98357/,portal_wire_football_2026
Josh Sapp,TE,Clemson Tigers,West Virginia Mountaineers,Committed,0,3.0,86.0,1624.0,89.0,2022,2026-01-11T13:59:00,https://on3static.com/uploads/assets/956/85/85956.jpg,https://www.on3.com/db/josh-sapp-67551/,portal_wire_football_2026
Cameron Sidney,CB,California Golden Bears,California Golden Bears,Withdrawn,0,0.0,,,,2022,2026-01-11T13:52:00,https://on3static.com/uploads/assets/320/168/168320.png,https://www.on3.com/db/cameron-sidney-18075/,portal_wire_football_2026
Angelo McCullom,DL,Illinois Fighting Illini,Texas A&M Aggies,Committed,0,3.0,87.0,304.0,56.0,2024,2026-01-11T13:52:00,https://on3static.com/uploads/assets/810/304/304810.png,https://www.on3.com/db/angelo-mccullom-151065/,portal_wire_football_2026
Marcus Mascoll,OT,Florida Gators,Georgia State Panthers,Committed,0,3.0,87.0,1255.0,64.0,2024,2026-01-11T13:43:00,https://on3static.com/uploads/assets/495/335/335495.png,https://www.on3.com/db/marcus-mascoll-154895/,portal_wire_football_2026
Savion Hart,RB,Georgetown Hoyas,Georgia State Panthers,Committed,0,3.0,88.0,2247.0,58.0,2024,2026-01-11T13:42:00,https://on3static.com/uploads/assets/227/585/585227.png,https://www.on3.com/db/savion-hart-155047/,portal_wire_football_2026
Trey Berry,RB,Minnesota Golden Gophers,Tennessee State Tigers,Committed,0,3.0,84.0,2593.0,205.0,2025,2026-01-11T13:40:00,https://on3static.com/uploads/assets/789/404/404789.png,https://www.on3.com/db/trey-berry-239565/,portal_wire_football_2026
Kenny Worthy,S,Washington State Cougars,Cincinnati Bearcats,Committed,0,3.0,87.0,1236.0,95.0,2024,2026-01-11T13:35:00,https://on3static.com/uploads/assets/675/337/337675.png,https://www.on3.com/db/kenny-worthy-154639/,portal_wire_football_2026
Teon Parks,CB,Colorado Buffaloes,TCU Horned Frogs,Committed,0,3.0,86.0,947.0,151.0,2023,2026-01-11T13:32:00,https://on3static.com/uploads/assets/124/441/441124.jpeg,https://www.on3.com/db/teon-parks-250701/,portal_wire_football_2026
Mackenzie Alleyne,WR,Washington State Cougars,Oklahoma Sooners,Committed,0,3.0,82.0,2851.0,410.0,2024,2026-01-11T13:29:00,https://on3static.com/uploads/assets/213/583/583213.png,https://www.on3.com/db/mackenzie-alleyne-283767/,portal_wire_football_2026
Drew Collins,EDGE,Arkansas State Red Wolves,South Carolina Gamecocks,Committed,0,3.0,86.0,1474.0,116.0,2024,2026-01-11T13:28:00,https://on3static.com/uploads/assets/608/584/584608.png,https://www.on3.com/db/drew-collins-156827/,portal_wire_football_2026
Kelby Collins,DL,Alabama Crimson Tide,South Carolina Gamecocks,Committed,201230,3.0,88.0,281.0,40.0,2023,2026-01-11T13:27:00,https://on3static.com/uploads/assets/499/393/393499.jpg,https://www.on3.com/db/kelby-collins-72316/,portal_wire_football_2026
Jeremiah Cooper,CB,Iowa State Cyclones,Penn State Nittany Lions,Committed,468970,4.0,93.0,17.0,2.0,2022,2026-01-11T13:25:00,https://on3static.com/uploads/assets/437/573/573437.png,https://www.on3.com/db/jeremiah-cooper-60073/,portal_wire_football_2026
Geajorm Akpaloo,LB,Coastal Carolina Chanticleers,Western Kentucky Hilltoppers,Committed,0,3.0,83.0,2716.0,251.0,0,2026-01-11T13:25:00,https://on3static.com/uploads/assets/471/340/340471.png,https://www.on3.com/db/geajorm-akpaloo-239173/,portal_wire_football_2026
Earl Little Jr.,S,Florida State Seminoles,Ohio State Buckeyes,Committed,0,4.0,90.0,63.0,6.0,2022,2026-01-11T13:25:00,https://on3static.com/uploads/assets/684/225/225684.jpeg,https://www.on3.com/db/earl-little-jr-40293/,portal_wire_football_2026
Ahmad Poole,DL,Missouri State University Bears,Coastal Carolina Chanticleers,Committed,0,3.0,85.0,2066.0,256.0,2022,2026-01-11T13:24:00,https://on3static.com/uploads/assets/214/572/572214.png,https://www.on3.com/db/ahmad-poole-283413/,portal_wire_football_2026
L.J. Phillips Jr.,RB,South Dakota Coyotes,Iowa Hawkeyes,Committed,0,3.0,89.0,144.0,15.0,2023,2026-01-11T13:22:00,https://on3static.com/uploads/assets/21/572/572021.png,https://www.on3.com/db/lj-phillips-jr-283396/,portal_wire_football_2026
Tommy Ziesmer,DL,Eastern Kentucky Colonels,Louisville Cardinals,Committed,0,3.0,86.0,1618.0,138.0,2023,2026-01-11T13:19:00,https://on3static.com/uploads/assets/293/222/222293.png,https://www.on3.com/db/tommy-ziesmer-113718/,portal_wire_football_2026
Nate Hale,OT,San Jose State Spartans,Arizona Wildcats,Committed,0,3.0,85.0,2349.0,161.0,2023,2026-01-11T13:18:00,https://on3static.com/uploads/assets/317/568/568317.png,https://www.on3.com/db/nate-hale-162198/,portal_wire_football_2026
Seth Smith,OT,Northern Arizona Lumberjacks,South Carolina Gamecocks,Committed,0,3.0,87.0,776.0,91.0,2021,2026-01-11T13:17:00,https://on3static.com/uploads/assets/414/582/582414.jpeg,https://www.on3.com/db/seth-smith-283733/,portal_wire_football_2026
Angel Toombs,EDGE,Wisconsin Badgers,Jacksonville State Gamecocks,Committed,0,3.0,81.0,2875.0,228.0,2022,2026-01-11T13:14:00,https://on3static.com/uploads/assets/167/222/222167.png,https://www.on3.com/db/angel-toombs-5704/,portal_wire_football_2026
Aitor Urionabarrenechea,OT,Colorado State Rams,Massachusetts Minutemen,Committed,0,3.0,86.0,1828.0,141.0,2023,2026-01-11T13:10:00,https://on3static.com/uploads/assets/398/570/570398.png,https://www.on3.com/db/aitor-urionabarrenechea-151207/,portal_wire_football_2026
DeMarco Ward,LB,Memphis Tigers,Pittsburgh Panthers,Committed,0,3.0,86.0,1314.0,152.0,2023,2026-01-11T13:05:00,https://on3static.com/uploads/assets/258/242/242258.jpeg,https://www.on3.com/db/demarco-ward-151956/,portal_wire_football_2026
David McComb,QB,Kansas Jayhawks,Miami (OH) RedHawks,Committed,0,3.0,87.0,1287.0,72.0,2025,2026-01-11T13:00:00,https://on3static.com/uploads/assets/646/193/193646.jpg,https://www.on3.com/db/david-mccomb-153679/,portal_wire_football_2026
Tyran Warren,WR,Alcorn State Braves,NC State Wolfpack,Committed,0,3.0,86.0,1614.0,221.0,2023,2026-01-11T13:00:00,https://on3static.com/uploads/assets/584/584/584584.png,https://www.on3.com/db/tyran-warren-283805/,portal_wire_football_2026
CJ Wesley,EDGE,Howard Bison,Clemson Tigers,Committed,0,3.0,87.0,813.0,80.0,2022,2026-01-11T12:59:00,https://on3static.com/uploads/assets/391/581/581391.png,https://www.on3.com/db/cj-wesley-283688/,portal_wire_football_2026
Hollywood Smothers,RB,NC State Wolfpack,Texas Longhorns,Committed,549832,4.0,91.0,37.0,3.0,2023,2026-01-11T12:52:00,https://on3static.com/uploads/assets/161/333/333161.png,https://www.on3.com/db/hollywood-smothers-146302/,portal_wire_football_2026
Eliyt Nairne,DL,Tulane Green Wave,Pittsburgh Panthers,Committed,0,3.0,86.0,1611.0,143.0,2023,2026-01-11T12:48:00,https://on3static.com/uploads/assets/185/392/392185.png,https://www.on3.com/db/eliyt-nairne-175304/,portal_wire_football_2026
Josh Iseah,LB,North Carolina A&T Aggies,Massachusetts Minutemen,Committed,0,3.0,87.0,816.0,102.0,2023,2026-01-11T12:48:00,,https://www.on3.com/db/josh-iseah-283872/,portal_wire_football_2026
Drayden Dickmann,WR,Rice Owls,Wake Forest Demon Deacons,Committed,0,3.0,86.0,1140.0,236.0,2023,2026-01-11T12:43:00,https://on3static.com/uploads/assets/435/184/184435.jpeg,https://www.on3.com/db/drayden-dickmann-150640/,portal_wire_football_2026
KK Smith,WR,Notre Dame Fighting Irish,Michigan State Spartans,Committed,0,3.0,86.0,1522.0,199.0,2023,2026-01-11T12:43:00,https://on3static.com/uploads/assets/939/235/235939.jpeg,https://www.on3.com/db/kk-smith-150563/,portal_wire_football_2026
Kris Jones,LB,Georgia Bulldogs,Boston College Eagles,Committed,0,3.0,87.0,409.0,73.0,2024,2026-01-11T12:42:00,https://on3static.com/uploads/assets/119/128/128119.jpg,https://www.on3.com/db/kris-jones-147069/,portal_wire_football_2026
Ben Bogle,LB,West Virginia Mountaineers,Arkansas Razorbacks,Committed,0,3.0,89.0,267.0,19.0,2022,2026-01-11T12:28:00,https://on3static.com/uploads/assets/311/442/442311.png,https://www.on3.com/db/ben-bogle-250870/,portal_wire_football_2026
Eric Mensah,DL,Ohio State Buckeyes,Virginia Tech Hokies,Committed,0,3.0,87.0,1073.0,128.0,2024,2026-01-11T12:22:00,https://on3static.com/uploads/assets/676/332/332676.png,https://www.on3.com/db/eric-mensah-155255/,portal_wire_football_2026
Cam Coleman,WR,Auburn Tigers,Texas Longhorns,Committed,2860981,5.0,98.0,1.0,1.0,2024,2026-01-11T12:18:00,https://on3static.com/uploads/assets/602/303/303602.png,https://www.on3.com/db/cam-coleman-154787/,portal_wire_football_2026
King Large,IOL,SMU Mustangs,Missouri State University Bears,Committed,0,3.0,86.0,1788.0,162.0,2024,2026-01-11T12:17:00,https://on3static.com/uploads/assets/132/333/333132.png,https://www.on3.com/db/king-large-150404/,portal_wire_football_2026
Ja'Kayden Ferguson,WR,Arkansas Razorbacks,Kentucky Wildcats,Committed,0,3.0,86.0,1606.0,173.0,2025,2026-01-11T12:12:00,https://on3static.com/uploads/assets/309/285/285309.jpg,https://www.on3.com/db/jakayden-ferguson-153388/,portal_wire_football_2026
Christian Bodnar,S,Liberty Flames,Oklahoma State Cowboys,Committed,0,3.0,87.0,1847.0,100.0,2023,2026-01-11T12:10:00,https://on3static.com/uploads/assets/236/572/572236.png,https://www.on3.com/db/christian-bodnar-152575/,portal_wire_football_2026
Brian Allen,DL,Iowa Hawkeyes,Vanderbilt Commodores,Committed,0,3.0,89.0,268.0,23.0,2022,2026-01-11T12:10:00,https://on3static.com/uploads/assets/656/590/590656.png,https://www.on3.com/db/brian-allen-14309/,portal_wire_football_2026
Christian Richter,OT,Marshall Thundering Herd,Connecticut Huskies,Committed,0,3.0,87.0,1347.0,74.0,2022,2026-01-11T12:05:00,https://on3static.com/uploads/assets/132/576/576132.png,https://www.on3.com/db/christian-richter-199449/,portal_wire_football_2026
Kadin Lynch,IOL,William & Mary Tribe,Utah State Aggies,Committed,0,3.0,86.0,2369.0,122.0,2022,2026-01-11T11:54:00,https://on3static.com/uploads/assets/118/585/585118.png,https://www.on3.com/db/kadin-lynch-70414/,portal_wire_football_2026
Cam Vaughn,WR,West Virginia Mountaineers,Miami Hurricanes,Committed,0,3.0,88.0,185.0,52.0,2023,2026-01-11T11:45:00,https://on3static.com/uploads/assets/689/393/393689.png,https://www.on3.com/db/cam-vaughn-177233/,portal_wire_football_2026
Pop Watson III,QB,Virginia Tech Hokies,Massachusetts Minutemen,Committed,0,3.0,85.0,2100.0,143.0,2023,2026-01-11T11:43:00,https://on3static.com/uploads/assets/803/162/162803.png,https://www.on3.com/db/pop-watson-iii-121411/,portal_wire_football_2026
Gavriel Lightfoot,DL,Colorado Buffaloes,San Diego State Aztecs,Committed,0,3.0,86.0,1851.0,209.0,2022,2026-01-11T11:42:00,https://on3static.com/uploads/assets/118/390/390118.png,https://www.on3.com/db/gavriel-lightfoot-45486/,portal_wire_football_2026
Daniel Cobbs,S,Kansas State Wildcats,Baylor Bears,Committed,0,3.0,88.0,561.0,37.0,2022,2026-01-11T11:37:00,https://on3static.com/uploads/assets/149/209/209149.jpeg,https://www.on3.com/db/daniel-cobbs-179022/,portal_wire_football_2026
Zion Ragins,WR,Oklahoma Sooners,Mississippi State Bulldogs,Committed,0,3.0,86.0,1899.0,201.0,2024,2026-01-11T11:36:00,https://on3static.com/uploads/assets/977/331/331977.png,https://www.on3.com/db/zion-ragins-123867/,portal_wire_football_2026
Payton Stewart,OT,Michigan State Spartans,Colorado State Rams,Committed,0,3.0,86.0,1420.0,121.0,2024,2026-01-11T11:33:00,https://on3static.com/uploads/assets/638/269/269638.png,https://www.on3.com/db/payton-stewart-175739/,portal_wire_football_2026
Jahzari Priester,DL,Virginia Tech Hokies,North Texas Mean Green,Committed,0,3.0,83.0,2769.0,311.0,2023,2026-01-11T11:32:00,https://on3static.com/uploads/assets/456/403/403456.png,https://www.on3.com/db/jahzari-priester-248400/,portal_wire_football_2026
Ny Carr,WR,Miami Hurricanes,Wake Forest Demon Deacons,Committed,0,3.0,87.0,1233.0,97.0,2024,2026-01-11T11:30:00,https://on3static.com/uploads/assets/386/297/297386.png,https://www.on3.com/db/ny-carr-151275/,portal_wire_football_2026
Che Ojarikre,S,Stanford Cardinal,Duke Blue Devils,Committed,0,3.0,86.0,1594.0,137.0,2023,2026-01-11T11:30:00,https://on3static.com/uploads/assets/755/217/217755.png,https://www.on3.com/db/che-ojarikre-155008/,portal_wire_football_2026
Spencer Radnoti,LS,Georgia State Panthers,Kentucky Wildcats,Committed,0,3.0,80.0,3036.0,42.0,2024,2026-01-11T11:29:00,https://on3static.com/uploads/assets/546/584/584546.png,https://www.on3.com/db/spencer-radnoti-236687/,portal_wire_football_2026
Jailen Ruth,EDGE,Vanderbilt Commodores,Vanderbilt Commodores,Withdrawn,0,0.0,,,,2023,2026-01-11T11:24:00,https://on3static.com/uploads/assets/302/332/332302.png,https://www.on3.com/db/jailen-ruth-151759/,portal_wire_football_2026
Jessiah McGrew,CB,FIU Golden Panthers,Arizona State Sun Devils,Committed,0,3.0,88.0,913.0,37.0,2025,2026-01-11T11:23:00,https://on3static.com/uploads/assets/432/238/238432.png,https://www.on3.com/db/jessiah-mcgrew-162220/,portal_wire_football_2026
J'ven Williams,IOL,Penn State Nittany Lions,Charlotte 49ers,Committed,0,3.0,87.0,640.0,70.0,2023,2026-01-11T11:13:00,https://on3static.com/uploads/assets/362/166/166362.png,https://www.on3.com/db/jven-williams-70149/,portal_wire_football_2026
Jamal Wallace,DL,Tennessee Volunteers,Utah Utes,Committed,0,3.0,87.0,1131.0,116.0,2019,2026-01-11T11:12:00,https://on3static.com/uploads/assets/124/236/236124.png,https://www.on3.com/db/jamal-wallace-238143/,portal_wire_football_2026
Michael Troutman,IOL,Penn State Nittany Lions,Virginia Tech Hokies,Committed,0,3.0,87.0,1063.0,89.0,2025,2026-01-11T11:12:00,https://on3static.com/uploads/assets/464/421/421464.png,https://www.on3.com/db/michael-troutman-175082/,portal_wire_football_2026
Steven Curtis,DL,Minnesota Golden Gophers,North Texas Mean Green,Committed,0,3.0,86.0,1465.0,155.0,2023,2026-01-11T11:11:00,https://on3static.com/uploads/assets/368/393/393368.png,https://www.on3.com/db/steven-curtis-153868/,portal_wire_football_2026
Ayden Pereira,QB,Merrimack Warriors,Georgia State Panthers,Committed,0,3.0,85.0,2249.0,158.0,2022,2026-01-11T11:10:00,,https://www.on3.com/db/ayden-pereira-9021/,portal_wire_football_2026
Moritz Schmoranzer,OT,Appalachian State Mountaineers,Wofford Terriers,Committed,0,3.0,86.0,2342.0,145.0,2024,2026-01-11T11:08:00,https://on3static.com/uploads/assets/527/308/308527.png,https://www.on3.com/db/moritz-schmoranzer-162226/,portal_wire_football_2026
Jani Norwood,IOL,North Carolina Tar Heels,Boston College Eagles,Committed,0,3.0,86.0,1161.0,141.0,2024,2026-01-11T11:05:00,https://on3static.com/uploads/assets/34/297/297034.png,https://www.on3.com/db/jani-norwood-177202/,portal_wire_football_2026
Jeremiah Hughes,CB,Michigan State Spartans,Hawaii Rainbow Warriors,Committed,0,3.0,85.0,2335.0,241.0,2023,2026-01-11T11:04:00,https://on3static.com/uploads/assets/453/567/567453.png,https://www.on3.com/db/jeremiah-hughes-145015/,portal_wire_football_2026
Shaun Torgeson,OT,Portland State Vikings,Oklahoma State Cowboys,Committed,0,3.0,86.0,1628.0,149.0,2024,2026-01-11T10:59:00,https://on3static.com/uploads/assets/79/585/585079.png,https://www.on3.com/db/shaun-torgeson-180800/,portal_wire_football_2026
Micah DeBose,IOL,Alabama Crimson Tide,Vanderbilt Commodores,Committed,134222,3.0,88.0,457.0,47.0,2025,2026-01-11T10:58:00,https://on3static.com/uploads/assets/97/168/168097.jpg,https://www.on3.com/db/micah-debose-153252/,portal_wire_football_2026
Jasin Shiggs,S,Towson Tigers,Nebraska Cornhuskers,Committed,0,3.0,86.0,1612.0,141.0,2024,2026-01-11T10:57:00,https://on3static.com/uploads/assets/740/583/583740.jpg,https://www.on3.com/db/jasin-shiggs-157122/,portal_wire_football_2026
Darius Johnson,CB,Gardner-Webb Runnin' Bulldogs,Georgia State Panthers,Committed,0,3.0,85.0,2255.0,243.0,2022,2026-01-11T10:46:00,https://on3static.com/uploads/assets/69/585/585069.png,https://www.on3.com/db/darius-johnson-149809/,portal_wire_football_2026
Cedric Lott,WR,Boston College Eagles,Incarnate Word Cardinals,Committed,0,3.0,82.0,2854.0,405.0,2024,2026-01-11T10:42:00,https://on3static.com/uploads/assets/124/233/233124.png,https://www.on3.com/db/cedric-lott-235773/,portal_wire_football_2026
Shaun Myers,LB,Colorado Buffaloes,UAB Blazers,Committed,0,3.0,87.0,545.0,67.0,2020,2026-01-11T10:39:00,https://on3static.com/uploads/assets/542/452/452542.png,https://www.on3.com/db/shaun-myers-259526/,portal_wire_football_2026
Sydir Mitchell,DL,LSU Tigers,Wake Forest Demon Deacons,Committed,0,3.0,87.0,1191.0,109.0,2023,2026-01-11T10:38:00,https://on3static.com/uploads/assets/996/201/201996.png,https://www.on3.com/db/sydir-mitchell-109307/,portal_wire_football_2026
Shaker Reisig,QB,Boston College Eagles,Texas State Bobcats,Committed,0,3.0,87.0,817.0,73.0,2025,2026-01-11T10:38:00,https://on3static.com/uploads/assets/113/192/192113.jpg,https://www.on3.com/db/shaker-reisig-152951/,portal_wire_football_2026
Amarion Fortenberry,CB,Kansas State Wildcats,USF Bulls,Committed,0,3.0,87.0,1224.0,97.0,2024,2026-01-11T10:36:00,https://on3static.com/uploads/assets/339/396/396339.jpg,https://www.on3.com/db/amarion-fortenberry-180592/,portal_wire_football_2026
Khamauri Rogers,CB,Jackson State Tigers,,Expected,0,3.0,86.0,1631.0,198.0,2022,2026-01-11T10:35:00,https://on3static.com/uploads/assets/847/222/222847.png,https://www.on3.com/db/khamauri-rogers-74959/,portal_wire_football_2026
Jordan Washington,TE,Texas Longhorns,North Carolina Tar Heels,Committed,158555,3.0,88.0,284.0,23.0,2024,2026-01-11T10:35:00,https://on3static.com/uploads/assets/420/584/584420.png,https://www.on3.com/db/jordan-washington-162684/,portal_wire_football_2026
Braden Atkinson,QB,Mercer Bears,Oregon State Beavers,Committed,0,3.0,88.0,522.0,37.0,2025,2026-01-11T10:18:00,https://on3static.com/uploads/assets/821/314/314821.jpeg,https://www.on3.com/db/braden-atkinson-238438/,portal_wire_football_2026
Zavion Hardy,DL,South Carolina Gamecocks,Baylor Bears,Committed,0,3.0,86.0,1776.0,147.0,2023,2026-01-11T10:17:00,https://on3static.com/uploads/assets/909/45/45909.jpg,https://www.on3.com/db/zavion-hardy-123645/,portal_wire_football_2026
Deuce Knight,QB,Auburn Tigers,Ole Miss Rebels,Committed,775790,4.0,90.0,56.0,10.0,2025,2026-01-11T10:14:00,https://on3static.com/uploads/assets/94/320/320094.jpg,https://www.on3.com/db/deuce-knight-152218/,portal_wire_football_2026
Ajani Sheppard,QB,Washington State Cougars,Temple Owls,Committed,0,3.0,84.0,2586.0,181.0,2023,2026-01-11T09:57:00,https://on3static.com/uploads/assets/583/176/176583.jpeg,https://www.on3.com/db/ajani-sheppard-151083/,portal_wire_football_2026
Kyan Berry-Johnson,WR,Wisconsin Badgers,Sam Houston State Bearkats,Committed,0,3.0,86.0,1159.0,265.0,2024,2026-01-11T09:47:00,https://on3static.com/uploads/assets/482/304/304482.png,https://www.on3.com/db/kyan-berry-johnson-155019/,portal_wire_football_2026
Patrick Barnett,OT,UCF Knights,,Entered,0,3.0,81.0,2957.0,223.0,2020,2026-01-11T09:46:00,https://on3static.com/uploads/assets/725/564/564725.PNG,https://www.on3.com/db/patrick-barnett-95274/,portal_wire_football_2026
Kory Hall,WR,Colorado State Rams,,Entered,0,3.0,84.0,2592.0,333.0,2024,2026-01-11T09:45:00,https://on3static.com/uploads/assets/7/110/110007.jpg,https://www.on3.com/db/kory-hall-153286/,portal_wire_football_2026
Antwine Beale,CB,Arkansas State Red Wolves,,Entered,0,3.0,83.0,2768.0,320.0,2022,2026-01-11T09:45:00,https://on3static.com/uploads/dev/assets/847/7/7847.jpg,https://www.on3.com/db/antwine-beale-145840/,portal_wire_football_2026
Joshua Schuetzmann,OT,Old Dominion Monarchs,,Entered,0,3.0,81.0,2956.0,220.0,2024,2026-01-11T09:41:00,,https://www.on3.com/db/joshua-schuetzmann-175372/,portal_wire_football_2026
Nikko Klemm,CB,Arizona State Sun Devils,Sacramento State Hornets,Committed,0,,,,,2024,2026-01-11T09:36:00,https://on3static.com/uploads/assets/304/472/472304.jpg,https://www.on3.com/db/nikko-klemm-154699/,portal_wire_football_2026
Ronnie Crosby,RB,Texas A&M Aggies,,Entered,0,3.0,81.0,2955.0,230.0,2023,2026-01-11T09:34:00,,https://www.on3.com/db/ronnie-crosby-152816/,portal_wire_football_2026
Jarrett Henry,IOL,Oklahoma State Cowboys,UTSA Roadrunners,Committed,0,3.0,83.0,2729.0,218.0,2022,2026-01-11T09:00:00,https://on3static.com/uploads/assets/619/226/226619.png,https://www.on3.com/db/jarrett-henry-179011/,portal_wire_football_2026
Jelani Thurman,TE,Ohio State Buckeyes,North Carolina Tar Heels,Committed,0,3.0,87.0,277.0,37.0,2023,2026-01-11T08:50:00,https://on3static.com/uploads/assets/589/221/221589.jpeg,https://www.on3.com/db/jelani-thurman-146094/,portal_wire_football_2026
Donovan Saunders,CB,Utah Utes,Purdue Boilermakers,Committed,0,3.0,86.0,1587.0,195.0,2022,2026-01-11T08:41:00,https://on3static.com/uploads/assets/977/264/264977.jpeg,https://www.on3.com/db/donovan-saunders-38246/,portal_wire_football_2026
Walker Eget,QB,San Jose State Spartans,,Expected,0,3.0,88.0,294.0,23.0,2021,2026-01-11T08:37:00,https://on3static.com/uploads/assets/464/592/592464.png,https://www.on3.com/db/walker-eget-120003/,portal_wire_football_2026
Maxwell Roy,DL,Ohio State Buckeyes,UCLA Bruins,Committed,0,3.0,87.0,771.0,97.0,2025,2026-01-11T08:30:00,https://on3static.com/uploads/assets/406/353/353406.jpg,https://www.on3.com/db/maxwell-roy-174078/,portal_wire_football_2026
Willis McGahee IV,LB,Nebraska Cornhuskers,Nebraska Cornhuskers,Withdrawn,0,0.0,,,,2024,2026-01-11T06:42:00,https://on3static.com/uploads/assets/646/336/336646.png,https://www.on3.com/db/willis-mcgahee-iv-121620/,portal_wire_football_2026
Makih Johnson,WR,Connecticut Huskies,Colorado State Rams,Committed,0,3.0,84.0,2482.0,332.0,2025,2026-01-10T23:41:00,https://on3static.com/uploads/assets/7/474/474007.png,https://www.on3.com/db/makih-johnson-180866/,portal_wire_football_2026
Jaylen Heyward,S,UCF Knights,Arkansas State Red Wolves,Committed,0,3.0,87.0,1933.0,101.0,2024,2026-01-10T23:06:00,https://on3static.com/uploads/assets/659/564/564659.jpg,https://www.on3.com/db/jaylen-heyward-151579/,portal_wire_football_2026
Tony Williams,S,UCF Knights,Kennesaw State Owls,Committed,0,3.0,87.0,894.0,71.0,2025,2026-01-10T23:04:00,https://on3static.com/uploads/assets/666/564/564666.PNG,https://www.on3.com/db/tony-williams-175103/,portal_wire_football_2026
Derek McDonald,LB,Syracuse Orange,North Carolina Tar Heels,Committed,0,3.0,86.0,2000.0,122.0,2021,2026-01-10T22:36:00,https://on3static.com/uploads/assets/665/304/304665.png,https://www.on3.com/db/derek-mcdonald-34763/,portal_wire_football_2026
Dylan Black,LS,Oregon State Beavers,USC Trojans,Committed,0,3.0,80.0,3082.0,9.0,2019,2026-01-10T22:20:00,https://on3static.com/uploads/dev/assets/106/6/6106.jpg,https://www.on3.com/db/dylan-black-39792/,portal_wire_football_2026
Conlan Greene,LS,Temple Owls,Youngstown State Penguins,Committed,0,3.0,80.0,2993.0,12.0,2023,2026-01-10T22:19:00,https://on3static.com/uploads/assets/887/571/571887.png,https://www.on3.com/db/conlan-greene-156420/,portal_wire_football_2026
William Mason,RB,Central Oklahoma Bronchos,Oklahoma State Cowboys,Committed,0,3.0,86.0,1928.0,139.0,2023,2026-01-10T22:03:00,https://on3static.com/uploads/assets/313/590/590313.png,https://www.on3.com/db/william-mason-284274/,portal_wire_football_2026
Reginald Vick,WR,Wake Forest Demon Deacons,Colorado State Rams,Committed,0,3.0,84.0,2424.0,384.0,2022,2026-01-10T22:02:00,https://on3static.com/uploads/assets/34/404/404034.png,https://www.on3.com/db/reginald-vick-248450/,portal_wire_football_2026
Sahir West,DL,James Madison Dukes,UCLA Bruins,Committed,0,3.0,89.0,243.0,22.0,2024,2026-01-10T21:57:00,https://on3static.com/uploads/assets/372/338/338372.png,https://www.on3.com/db/sahir-west-176254/,portal_wire_football_2026
Tristian Gardner,WR,Missouri State University Bears,Coastal Carolina Chanticleers,Committed,0,3.0,87.0,899.0,109.0,2025,2026-01-10T21:53:00,https://on3static.com/uploads/assets/143/567/567143.png,https://www.on3.com/db/tristian-gardner-180162/,portal_wire_football_2026
Elijah Barnes,LB,Texas Longhorns,Kentucky Wildcats,Committed,215073,4.0,91.0,48.0,4.0,2025,2026-01-10T21:44:00,https://on3static.com/uploads/assets/10/322/322010.png,https://www.on3.com/db/elijah-barnes-154846/,portal_wire_football_2026
Tayven Jackson,QB,UCF Knights,North Texas Mean Green,Committed,0,3.0,87.0,893.0,41.0,2022,2026-01-10T21:39:00,https://on3static.com/uploads/assets/661/564/564661.PNG,https://www.on3.com/db/tayven-jackson-144919/,portal_wire_football_2026
Jaden Jones,EDGE,Florida State Seminoles,Missouri Tigers,Committed,0,3.0,86.0,494.0,139.0,2021,2026-01-10T21:19:00,https://on3static.com/uploads/assets/193/242/242193.jpeg,https://www.on3.com/db/jaden-jones-145209/,portal_wire_football_2026
Jackson Voth,WR,Drake Bulldogs,Louisville Cardinals,Committed,0,3.0,87.0,1857.0,153.0,2024,2026-01-10T21:17:00,https://on3static.com/uploads/assets/620/201/201620.jpeg,https://www.on3.com/db/jackson-voth-180505/,portal_wire_football_2026
Jayvan Boggs,WR,Florida State Seminoles,Florida State Seminoles,Withdrawn,120625,0.0,,,,2025,2026-01-10T21:14:00,https://on3static.com/uploads/assets/396/284/284396.jpg,https://www.on3.com/db/jayvan-boggs-157112/,portal_wire_football_2026
Sean Na'a,IOL,Arizona State Sun Devils,UCLA Bruins,Committed,0,3.0,85.0,2244.0,191.0,2023,2026-01-10T21:14:00,https://on3static.com/uploads/assets/396/472/472396.jpg,https://www.on3.com/db/sean-naa-105556/,portal_wire_football_2026
CJ Richard,CB,Illinois State Redbirds,Florida State Seminoles,Committed,0,3.0,88.0,470.0,38.0,2024,2026-01-10T21:11:00,https://on3static.com/uploads/assets/34/584/584034.png,https://www.on3.com/db/cj-richard-283793/,portal_wire_football_2026
Chris Moreno,IOL,Monmouth Hawks,Middle Tennessee State Blue Raiders,Committed,0,3.0,89.0,292.0,29.0,2023,2026-01-10T21:04:00,https://on3static.com/uploads/assets/750/71/71750.jpg,https://www.on3.com/db/chris-moreno-22181/,portal_wire_football_2026
Victor Evans III,CB,FIU Golden Panthers,Nebraska Cornhuskers,Committed,0,3.0,87.0,1153.0,103.0,2023,2026-01-10T20:57:00,https://on3static.com/uploads/assets/230/562/562230.png,https://www.on3.com/db/victor-evans-iii-152367/,portal_wire_football_2026
Rodney Nelson,RB,Monmouth Hawks,Miami (OH) RedHawks,Committed,0,3.0,87.0,1773.0,85.0,2022,2026-01-10T20:54:00,https://on3static.com/uploads/assets/537/558/558537.png,https://www.on3.com/db/rodney-nelson-202983/,portal_wire_football_2026
Tikey Hayes,RB,Penn State Nittany Lions,,Entered,0,3.0,88.0,371.0,57.0,2025,2026-01-10T20:52:00,https://on3static.com/uploads/assets/917/416/416917.png,https://www.on3.com/db/tikey-hayes-147075/,portal_wire_football_2026
Kai Black,WR,Iowa State Cyclones,Northern Iowa Panthers,Committed,0,3.0,85.0,2177.0,298.0,2023,2026-01-10T20:50:00,https://on3static.com/uploads/assets/853/225/225853.png,https://www.on3.com/db/kai-black-146426/,portal_wire_football_2026
Boo Carter,S,Tennessee Volunteers,Colorado Buffaloes,Committed,561672,3.0,89.0,233.0,25.0,2024,2026-01-10T20:48:00,https://on3static.com/uploads/assets/667/396/396667.jpg,https://www.on3.com/db/boo-carter-147099/,portal_wire_football_2026
Bryson Washington,RB,Baylor Bears,Auburn Tigers,Committed,0,3.0,89.0,146.0,17.0,2023,2026-01-10T20:06:00,https://on3static.com/uploads/assets/40/209/209040.jpeg,https://www.on3.com/db/bryson-washington-16133/,portal_wire_football_2026
Brendon Haygood,RB,Missouri Tigers,North Texas Mean Green,Committed,0,4.0,90.0,133.0,12.0,2025,2026-01-10T20:01:00,https://on3static.com/uploads/assets/909/358/358909.png,https://www.on3.com/db/brendon-haygood-239867/,portal_wire_football_2026
Harvey Dyson,EDGE,Tulane Green Wave,NC State Wolfpack,Committed,0,3.0,88.0,950.0,32.0,2022,2026-01-10T20:00:00,https://on3static.com/uploads/assets/619/402/402619.png,https://www.on3.com/db/harvey-dyson-47683/,portal_wire_football_2026
TJ Thomas,RB,Elon Phoenix,Minnesota Golden Gophers,Committed,0,3.0,87.0,1137.0,110.0,2024,2026-01-10T19:57:00,https://on3static.com/uploads/assets/390/564/564390.png,https://www.on3.com/db/tj-thomas-282921/,portal_wire_football_2026
Chris Barnes,WR,Wake Forest Demon Deacons,Oklahoma State Cowboys,Committed,0,3.0,88.0,197.0,42.0,2024,2026-01-10T19:43:00,https://on3static.com/uploads/assets/832/400/400832.png,https://www.on3.com/db/chris-barnes-174456/,portal_wire_football_2026
Javion Kinnard,RB,Colorado State Rams,San Diego State Aztecs,Committed,0,3.0,84.0,2638.0,202.0,2025,2026-01-10T19:33:00,https://on3static.com/uploads/assets/379/381/381379.png,https://www.on3.com/db/javion-kinnard-239716/,portal_wire_football_2026
Rashad Henry,LB,Massachusetts Minutemen,UCF Knights,Committed,0,3.0,85.0,2070.0,201.0,2023,2026-01-10T19:31:00,https://on3static.com/uploads/assets/307/572/572307.png,https://www.on3.com/db/rashad-henry-151435/,portal_wire_football_2026
Jake Johnson,TE,North Carolina Tar Heels,Auburn Tigers,Committed,0,3.0,87.0,902.0,31.0,2022,2026-01-10T19:30:00,https://on3static.com/uploads/assets/56/465/465056.png,https://www.on3.com/db/jake-johnson-143769/,portal_wire_football_2026
Miller Fealy,P,UT Martin Skyhawks,Florida Gators,Committed,0,3.0,80.0,3080.0,44.0,2024,2026-01-10T19:22:00,https://on3static.com/uploads/assets/84/584/584084.png,https://www.on3.com/db/miller-fealy-283795/,portal_wire_football_2026
Tuaoa Tauiliili,DL,Portland State Vikings,San Diego State Aztecs,Committed,0,3.0,86.0,1753.0,217.0,2022,2026-01-10T19:20:00,,https://www.on3.com/db/tuaoa-tauiliili-116796/,portal_wire_football_2026
Luke Harpring,TE,Georgia Tech Yellow Jackets,Florida Gators,Committed,0,3.0,85.0,412.0,107.0,2024,2026-01-10T19:17:00,https://on3static.com/uploads/assets/499/333/333499.png,https://www.on3.com/db/luke-harpring-178849/,portal_wire_football_2026
Cam Stodghill,S,Albany Great Danes,Michigan State Spartans,Committed,0,3.0,86.0,1907.0,131.0,2023,2026-01-10T19:13:00,https://on3static.com/uploads/assets/224/581/581224.png,https://www.on3.com/db/cam-stodghill-283685/,portal_wire_football_2026
Carlos Hazelwood,DL,Toledo Rockets,Michigan State Spartans,Committed,0,3.0,86.0,1862.0,172.0,2024,2026-01-10T19:12:00,https://on3static.com/uploads/assets/474/151/151474.png,https://www.on3.com/db/carlos-hazelwood-177062/,portal_wire_football_2026
Isaac Lucas,IOL,Ball State Cardinals,San Diego State Aztecs,Committed,0,3.0,86.0,1546.0,144.0,2023,2026-01-10T19:12:00,https://on3static.com/uploads/assets/213/581/581213.png,https://www.on3.com/db/isaac-lucas-156467/,portal_wire_football_2026
Taje McCoy,LB,Oklahoma State Cowboys,Georgia Tech Yellow Jackets,Committed,0,3.0,87.0,396.0,92.0,2023,2026-01-10T19:09:00,https://on3static.com/uploads/assets/353/242/242353.jpeg,https://www.on3.com/db/taje-mccoy-150997/,portal_wire_football_2026
Vandrevius Jacobs,WR,South Carolina Gamecocks,Miami Hurricanes,Committed,0,3.0,88.0,131.0,51.0,2023,2026-01-10T19:07:00,https://on3static.com/uploads/assets/186/242/242186.jpeg,https://www.on3.com/db/vandrevius-jacobs-145495/,portal_wire_football_2026
Devon Baxter,EDGE,Michigan Wolverines,Virginia Cavaliers,Committed,0,3.0,88.0,800.0,60.0,2024,2026-01-10T19:06:00,https://on3static.com/uploads/assets/540/188/188540.png,https://www.on3.com/db/devon-baxter-152787/,portal_wire_football_2026
Seth Johnson,CB,Montana State Bobcats,Iowa State Cyclones,Committed,0,3.0,88.0,735.0,57.0,2024,2026-01-10T18:59:00,https://on3static.com/uploads/assets/260/581/581260.png,https://www.on3.com/db/seth-johnson-283686/,portal_wire_football_2026
Cyrus Reyes,S,Mississippi State Bulldogs,Kentucky Wildcats,Committed,0,3.0,84.0,2368.0,245.0,2024,2026-01-10T18:55:00,https://on3static.com/uploads/assets/273/332/332273.png,https://www.on3.com/db/cyrus-reyes-180674/,portal_wire_football_2026
Chams Diagne,CB,Georgia State Panthers,West Virginia Mountaineers,Committed,0,3.0,86.0,1994.0,227.0,2022,2026-01-10T18:46:00,https://on3static.com/uploads/assets/529/338/338529.png,https://www.on3.com/db/chams-diagne-193632/,portal_wire_football_2026
Rasheem Biles,LB,Pittsburgh Panthers,Texas Longhorns,Committed,594712,4.0,95.0,11.0,1.0,2023,2026-01-10T18:46:00,https://on3static.com/uploads/assets/405/577/577405.png,https://www.on3.com/db/rasheem-biles-147854/,portal_wire_football_2026
Fisher Clements,TE,Northern Colorado Bears,Colorado Buffaloes,Committed,0,3.0,84.0,2367.0,132.0,2022,2026-01-10T18:38:00,https://on3static.com/uploads/assets/48/584/584048.png,https://www.on3.com/db/fisher-clements-43826/,portal_wire_football_2026
Jaquez Joiner,IOL,UCF Knights,Marshall Thundering Herd,Committed,0,3.0,85.0,1978.0,179.0,2025,2026-01-10T18:28:00,https://on3static.com/uploads/assets/736/564/564736.PNG,https://www.on3.com/db/jaquez-joiner-176234/,portal_wire_football_2026
Brady Prieskorn,TE,Michigan Wolverines,Ole Miss Rebels,Committed,0,3.0,87.0,1022.0,38.0,2024,2026-01-10T18:26:00,https://on3static.com/uploads/assets/618/302/302618.png,https://www.on3.com/db/brady-prieskorn-150122/,portal_wire_football_2026
Toriyan Johnson,OT,Connecticut Huskies,Colorado State Rams,Committed,0,3.0,85.0,2111.0,166.0,2023,2026-01-10T18:20:00,https://on3static.com/uploads/assets/806/473/473806.png,https://www.on3.com/db/toriyan-johnson-156287/,portal_wire_football_2026
Davion Gause,RB,North Carolina Tar Heels,NC State Wolfpack,Committed,0,3.0,87.0,895.0,95.0,2024,2026-01-10T18:12:00,https://on3static.com/uploads/assets/41/297/297041.png,https://www.on3.com/db/davion-gause-32299/,portal_wire_football_2026
Arias Nash,DL,Virginia Tech Hokies,Tulsa Golden Hurricane,Committed,0,3.0,87.0,630.0,114.0,2022,2026-01-10T18:12:00,https://on3static.com/uploads/assets/100/401/401100.png,https://www.on3.com/db/arias-nash-248020/,portal_wire_football_2026
Jeremiah Harrison,WR,East Tennessee State Buccaneers,James Madison Dukes,Committed,0,3.0,88.0,456.0,48.0,2025,2026-01-10T18:07:00,https://on3static.com/uploads/assets/734/195/195734.jpg,https://www.on3.com/db/jeremiah-harrison-156273/,portal_wire_football_2026
Omar Thornton,S,Boston College Eagles,Miami Hurricanes,Committed,0,4.0,90.0,103.0,10.0,2024,2026-01-10T18:01:00,https://on3static.com/uploads/assets/397/577/577397.png,https://www.on3.com/db/omar-thornton-179826/,portal_wire_football_2026
Eric Singleton Jr.,WR,Auburn Tigers,Florida Gators,Committed,878201,4.0,91.0,41.0,8.0,2023,2026-01-10T17:58:00,https://on3static.com/uploads/assets/659/396/396659.jpg,https://www.on3.com/db/eric-singleton-jr-155719/,portal_wire_football_2026
Emmet Rhoades,LS,Western Carolina Catamounts,South Carolina Gamecocks,Committed,0,3.0,80.0,3127.0,22.0,2023,2026-01-10T17:55:00,https://on3static.com/uploads/assets/228/587/587228.png,https://www.on3.com/db/emmet-rhoades-284055/,portal_wire_football_2026
Rodney Gallagher,WR,West Virginia Mountaineers,Arizona Wildcats,Committed,104563,3.0,86.0,1396.0,217.0,2023,2026-01-10T17:54:00,https://on3static.com/uploads/assets/81/305/305081.png,https://www.on3.com/db/rodney-gallagher-101694/,portal_wire_football_2026
Jacob Hand,K,Stephen F. Austin Lumberjacks,Texas Tech Red Raiders,Committed,0,3.0,80.0,3077.0,32.0,2023,2026-01-10T17:42:00,https://on3static.com/uploads/assets/25/584/584025.png,https://www.on3.com/db/jacob-hand-283792/,portal_wire_football_2026
Curtis Gerrand,P,Sam Houston State Bearkats,UCLA Bruins,Committed,0,3.0,80.0,3079.0,18.0,0,2026-01-10T17:26:00,https://on3static.com/uploads/assets/3/584/584003.png,https://www.on3.com/db/curtis-gerrand-283791/,portal_wire_football_2026
Peyton Joseph,IOL,Georgia Tech Yellow Jackets,Oklahoma Sooners,Committed,0,3.0,89.0,254.0,23.0,2025,2026-01-10T17:22:00,https://on3static.com/uploads/assets/375/464/464375.jpg,https://www.on3.com/db/peyton-joseph-154249/,portal_wire_football_2026
Amare' Grayson,IOL,Jacksonville State Gamecocks,West Virginia Mountaineers,Committed,0,3.0,89.0,277.0,26.0,2024,2026-01-10T17:17:00,https://on3static.com/uploads/assets/96/580/580096.jpeg,https://www.on3.com/db/amare-grayson-155181/,portal_wire_football_2026
Mykel Calixte,WR,Florida Atlantic Owls,Mercer Bears,Committed,0,3.0,84.0,2584.0,372.0,2025,2026-01-10T17:12:00,https://on3static.com/uploads/assets/77/328/328077.png,https://www.on3.com/db/mykel-calixte-240330/,portal_wire_football_2026
Isaiah Chisom,LB,UCLA Bruins,Oklahoma State Cowboys,Committed,0,3.0,88.0,624.0,34.0,2023,2026-01-10T16:56:00,https://on3static.com/uploads/assets/321/582/582321.png,https://www.on3.com/db/isaiah-chisom-153341/,portal_wire_football_2026
D'Icey Hopkins,S,Georgia State Panthers,Liberty Flames,Committed,0,3.0,87.0,1130.0,70.0,2022,2026-01-10T16:49:00,https://on3static.com/uploads/assets/676/173/173676.png,https://www.on3.com/db/dicey-hopkins-27393/,portal_wire_football_2026
Adam Zouagui,K,USF Bulls,Kentucky Wildcats,Committed,0,3.0,80.0,3030.0,28.0,2023,2026-01-10T16:48:00,https://on3static.com/uploads/assets/447/394/394447.png,https://www.on3.com/db/adam-zouagui-247284/,portal_wire_football_2026
Marcus Harris,WR,Washington Huskies,UCLA Bruins,Committed,0,3.0,87.0,784.0,130.0,2025,2026-01-10T16:15:00,https://on3static.com/uploads/assets/45/302/302045.jpg,https://www.on3.com/db/marcus-harris-147185/,portal_wire_football_2026
Rowan Byrne,IOL,Clemson Tigers,North Carolina Tar Heels,Committed,0,3.0,87.0,742.0,117.0,2025,2026-01-10T16:10:00,https://on3static.com/uploads/assets/437/85/85437.png,https://www.on3.com/db/rowan-byrne-155649/,portal_wire_football_2026
Marlion Jackson,WR,Louisiana Tech Bulldogs,Virginia Tech Hokies,Committed,0,3.0,86.0,1895.0,183.0,2022,2026-01-10T16:04:00,https://on3static.com/uploads/assets/769/580/580769.png,https://www.on3.com/db/marlion-jackson-200280/,portal_wire_football_2026
Ryan Manis,LS,Liberty Flames,Louisville Cardinals,Committed,0,3.0,80.0,3131.0,26.0,2024,2026-01-10T15:59:00,https://on3static.com/uploads/assets/163/587/587163.png,https://www.on3.com/db/ryan-manis-284050/,portal_wire_football_2026
Joenel Aguero,S,Georgia Bulldogs,Ole Miss Rebels,Committed,0,3.0,89.0,147.0,15.0,2023,2026-01-10T15:55:00,https://on3static.com/uploads/assets/741/581/581741.png,https://www.on3.com/db/joenel-aguero-62710/,portal_wire_football_2026
Aeron Burrell,K,LSU Tigers,North Carolina Tar Heels,Committed,0,3.0,80.0,3038.0,33.0,2024,2026-01-10T15:50:00,https://on3static.com/uploads/assets/752/235/235752.png,https://www.on3.com/db/aeron-burrell-154570/,portal_wire_football_2026
DJ Moore,S,Georgia Tech Yellow Jackets,South Alabama Jaguars,Committed,0,3.0,84.0,2475.0,246.0,2022,2026-01-10T15:48:00,https://on3static.com/uploads/assets/419/86/86419.jpg,https://www.on3.com/db/dj-moore-37318/,portal_wire_football_2026
Toby Moore,IOL,UNLV Rebels,,Entered,0,3.0,83.0,2767.0,222.0,2024,2026-01-10T15:45:00,https://on3static.com/uploads/assets/455/394/394455.png,https://www.on3.com/db/toby-moore-174352/,portal_wire_football_2026
Saboor Karriem,CB,Illinois Fighting Illini,Temple Owls,Committed,0,3.0,87.0,731.0,107.0,2023,2026-01-10T15:44:00,https://on3static.com/uploads/assets/788/304/304788.png,https://www.on3.com/db/saboor-karriem-150101/,portal_wire_football_2026
Amipeleasi Fifita,DL,Texas State Bobcats,,Entered,0,3.0,84.0,2587.0,270.0,2018,2026-01-10T15:44:00,https://on3static.com/uploads/assets/615/73/73615.jpeg,https://www.on3.com/db/amipeleasi-fifita-4283/,portal_wire_football_2026
Cole Rhett,OT,Toledo Rockets,Baylor Bears,Committed,0,3.0,86.0,1341.0,134.0,2023,2026-01-10T15:38:00,https://on3static.com/uploads/assets/429/576/576429.png,https://www.on3.com/db/cole-rhett-153258/,portal_wire_football_2026
Zach Aamland,IOL,Rutgers Scarlet Knights,Temple Owls,Committed,0,3.0,83.0,2701.0,220.0,2023,2026-01-10T15:33:00,https://on3static.com/uploads/assets/180/506/506180.png,https://www.on3.com/db/zach-aamland-150329/,portal_wire_football_2026
Que'Sean Brown,WR,Duke Blue Devils,Virginia Tech Hokies,Committed,0,3.0,88.0,123.0,49.0,2023,2026-01-10T15:30:00,https://on3static.com/uploads/assets/697/581/581697.png,https://www.on3.com/db/quesean-brown-148032/,portal_wire_football_2026
Cam Chapa,S,Northern Colorado Bears,Arizona Wildcats,Committed,0,3.0,89.0,250.0,29.0,2024,2026-01-10T15:22:00,https://on3static.com/uploads/assets/989/581/581989.png,https://www.on3.com/db/cam-chapa-283724/,portal_wire_football_2026
Miller Malone,LB,Western Kentucky Hilltoppers,Houston Cougars,Committed,0,3.0,87.0,810.0,88.0,2024,2026-01-10T15:21:00,https://on3static.com/uploads/assets/797/583/583797.png,https://www.on3.com/db/miller-malone-180692/,portal_wire_football_2026
Noah Carter,EDGE,Alabama Crimson Tide,Georgia Tech Yellow Jackets,Committed,0,3.0,88.0,125.0,40.0,2024,2026-01-10T15:11:00,https://on3static.com/uploads/assets/227/281/281227.png,https://www.on3.com/db/noah-carter-154638/,portal_wire_football_2026
Chris Fileppo,S,West Virginia Mountaineers,Penn State Nittany Lions,Committed,0,3.0,87.0,1610.0,114.0,2025,2026-01-10T15:09:00,https://on3static.com/uploads/assets/756/583/583756.png,https://www.on3.com/db/chris-fileppo-241672/,portal_wire_football_2026
Chandler Jordan,S,Georgia State Panthers,Boston College Eagles,Committed,0,3.0,85.0,1927.0,192.0,2025,2026-01-10T15:03:00,https://on3static.com/uploads/assets/799/182/182799.png,https://www.on3.com/db/chandler-jordan-177441/,portal_wire_football_2026
Christian Hudson,DL,Colorado Buffaloes,Boston College Eagles,Committed,0,3.0,87.0,1285.0,96.0,2025,2026-01-10T14:56:00,https://on3static.com/uploads/assets/626/155/155626.jpg,https://www.on3.com/db/christian-hudson-158057/,portal_wire_football_2026
Chimdia Nwaiwu,OT,Stephen F. Austin Lumberjacks,Florida State Seminoles,Committed,0,3.0,87.0,647.0,57.0,2023,2026-01-10T14:49:00,https://on3static.com/uploads/assets/66/578/578066.png,https://www.on3.com/db/chimdia-nwaiwu-154255/,portal_wire_football_2026
Lance Heard,OT,Tennessee Volunteers,Kentucky Wildcats,Committed,823081,4.0,92.0,24.0,3.0,2023,2026-01-10T14:45:00,https://on3static.com/uploads/assets/738/349/349738.jpg,https://www.on3.com/db/lance-heard-147284/,portal_wire_football_2026
Saint Farrior,DL,Appalachian State Mountaineers,Auburn Tigers,Committed,0,3.0,87.0,809.0,103.0,2023,2026-01-10T14:33:00,https://on3static.com/uploads/assets/795/583/583795.png,https://www.on3.com/db/saint-farrior-261726/,portal_wire_football_2026
Jayden Loftin,EDGE,Tennessee Volunteers,Wisconsin Badgers,Committed,124200,3.0,88.0,660.0,44.0,2025,2026-01-10T14:32:00,https://on3static.com/uploads/assets/838/258/258838.png,https://www.on3.com/db/jayden-loftin-236481/,portal_wire_football_2026
Ben Minich,S,Notre Dame Fighting Irish,Miami (OH) RedHawks,Committed,0,3.0,86.0,1325.0,122.0,2023,2026-01-10T14:31:00,https://on3static.com/uploads/assets/918/235/235918.jpeg,https://www.on3.com/db/ben-minich-145895/,portal_wire_football_2026
Destyn Hill,WR,LSU Tigers,Tulane Green Wave,Committed,0,3.0,86.0,1441.0,276.0,2021,2026-01-10T14:31:00,https://on3static.com/uploads/assets/133/242/242133.jpeg,https://www.on3.com/db/destyn-hill-35690/,portal_wire_football_2026
Ja'Bree Bickham,CB,Boise State Broncos,North Texas Mean Green,Committed,0,3.0,86.0,1571.0,232.0,2025,2026-01-10T14:27:00,https://on3static.com/uploads/assets/102/326/326102.png,https://www.on3.com/db/jabree-bickham-242222/,portal_wire_football_2026
Dejuan Lane,S,Penn State Nittany Lions,Tennessee Volunteers,Committed,0,3.0,89.0,246.0,27.0,2024,2026-01-10T14:13:00,https://on3static.com/uploads/assets/653/345/345653.png,https://www.on3.com/db/dejuan-lane-155088/,portal_wire_football_2026
Brian Rowe Jr,WR,South Carolina Gamecocks,UCLA Bruins,Committed,0,3.0,88.0,436.0,62.0,2025,2026-01-10T14:12:00,https://on3static.com/uploads/assets/112/305/305112.jpg,https://www.on3.com/db/brian-rowe-jr-237735/,portal_wire_football_2026
Terron Kellman,RB,Wyoming Cowboys,Liberty Flames,Committed,0,3.0,87.0,507.0,111.0,2022,2026-01-10T14:02:00,https://on3static.com/uploads/assets/308/319/319308.png,https://www.on3.com/db/terron-kellman-111790/,portal_wire_football_2026
Ian Foster,CB,Southern Miss Golden Eagles,Memphis Tigers,Committed,0,4.0,90.0,84.0,9.0,2023,2026-01-10T14:02:00,https://on3static.com/uploads/assets/629/401/401629.png,https://www.on3.com/db/ian-foster-152645/,portal_wire_football_2026
Kamren Flowers,WR,Toledo Rockets,Connecticut Huskies,Committed,0,3.0,87.0,744.0,164.0,2025,2026-01-10T14:00:00,https://on3static.com/uploads/assets/893/192/192893.png,https://www.on3.com/db/kamren-flowers-162497/,portal_wire_football_2026
Chance Williams,RB,Cincinnati Bearcats,Charlotte 49ers,Committed,0,3.0,87.0,517.0,102.0,2022,2026-01-10T13:56:00,https://on3static.com/uploads/assets/630/304/304630.png,https://www.on3.com/db/chance-williams-19839/,portal_wire_football_2026
Duke Watson,RB,Louisville Cardinals,UCF Knights,Committed,0,3.0,89.0,228.0,24.0,2024,2026-01-10T13:54:00,https://on3static.com/uploads/assets/744/583/583744.PNG,https://www.on3.com/db/duke-watson-158113/,portal_wire_football_2026
Tre Page,RB,Tarleton State Texans,Oklahoma State Cowboys,Committed,0,3.0,87.0,652.0,67.0,2024,2026-01-10T13:49:00,https://on3static.com/uploads/assets/626/578/578626.png,https://www.on3.com/db/tre-page-237597/,portal_wire_football_2026
Justin Beadles,DL,Louisville Cardinals,California Golden Bears,Committed,0,3.0,85.0,1549.0,225.0,2020,2026-01-10T13:43:00,https://on3static.com/uploads/assets/14/25/25014.jpeg,https://www.on3.com/db/justin-beadles-69049/,portal_wire_football_2026
Bryce Baker,QB,North Carolina Tar Heels,Virginia Tech Hokies,Committed,457911,3.0,88.0,438.0,36.0,2025,2026-01-10T13:41:00,https://on3static.com/uploads/assets/506/470/470506.png,https://www.on3.com/db/bryce-baker-176398/,portal_wire_football_2026
Jaden Yates,LB,Ole Miss Rebels,Houston Cougars,Committed,0,3.0,87.0,797.0,59.0,2023,2026-01-10T13:39:00,https://on3static.com/uploads/assets/549/394/394549.png,https://www.on3.com/db/jaden-yates-146631/,portal_wire_football_2026
Tyree Holloway,WR,West Florida Argonauts,LSU Tigers,Committed,0,3.0,87.0,1609.0,151.0,2023,2026-01-10T13:33:00,https://on3static.com/uploads/assets/729/583/583729.png,https://www.on3.com/db/tyree-holloway-283787/,portal_wire_football_2026
Peter Notaro,K,Alabama Crimson Tide,West Virginia Mountaineers,Committed,0,3.0,80.0,3076.0,55.0,2025,2026-01-10T13:31:00,https://on3static.com/uploads/assets/912/585/585912.png,https://www.on3.com/db/peter-notaro-244172/,portal_wire_football_2026
Chaz Coleman,EDGE,Penn State Nittany Lions,Tennessee Volunteers,Committed,1322335,4.0,96.0,6.0,2.0,2025,2026-01-10T13:27:00,https://on3static.com/uploads/assets/809/506/506809.png,https://www.on3.com/db/chaz-coleman-242875/,portal_wire_football_2026
Max Johnson,QB,North Carolina Tar Heels,Georgia Southern Eagles,Committed,0,3.0,86.0,1143.0,91.0,2020,2026-01-10T13:25:00,https://on3static.com/uploads/assets/51/465/465051.png,https://www.on3.com/db/max-johnson-142049/,portal_wire_football_2026
Emmanuel Karnley,CB,Virginia Cavaliers,Washington Huskies,Committed,0,3.0,88.0,298.0,28.0,2023,2026-01-10T13:24:00,https://on3static.com/uploads/assets/772/583/583772.png,https://www.on3.com/db/emmanuel-karnley-145171/,portal_wire_football_2026
Ashun Shepphard,DL,Mississippi State Bulldogs,California Golden Bears,Committed,0,3.0,86.0,1330.0,205.0,2022,2026-01-10T13:17:00,https://on3static.com/uploads/assets/785/235/235785.png,https://www.on3.com/db/ashun-shepphard-238019/,portal_wire_football_2026
Nate Johnson,EDGE,Missouri Tigers,Auburn Tigers,Committed,387953,3.0,88.0,280.0,50.0,2023,2026-01-10T13:05:00,https://on3static.com/uploads/assets/719/584/584719.png,https://www.on3.com/db/nate-johnson-157433/,portal_wire_football_2026
Braeden Fuller,QB,Angelo State Rams,Arkansas Razorbacks,Committed,0,3.0,84.0,2643.0,173.0,2022,2026-01-10T12:59:00,https://on3static.com/uploads/assets/452/557/557452.png,https://www.on3.com/db/braeden-fuller-11949/,portal_wire_football_2026
Amari Odom,QB,Kennesaw State Owls,Syracuse Orange,Committed,0,3.0,88.0,552.0,32.0,2023,2026-01-10T12:57:00,https://on3static.com/uploads/assets/821/571/571821.png,https://www.on3.com/db/amari-odom-145817/,portal_wire_football_2026
Jimothy Lewis,OT,Mississippi State Bulldogs,California Golden Bears,Committed,0,3.0,87.0,930.0,61.0,2024,2026-01-10T12:45:00,https://on3static.com/uploads/assets/848/166/166848.jpg,https://www.on3.com/db/jimothy-lewis-61842/,portal_wire_football_2026
Lane Wadle,TE,Georgia State Panthers,Charlotte 49ers,Committed,0,3.0,85.0,2152.0,116.0,2024,2026-01-10T12:42:00,https://on3static.com/uploads/assets/591/338/338591.png,https://www.on3.com/db/lane-wadle-179036/,portal_wire_football_2026
Bodie Kahoun,LB,Notre Dame Fighting Irish,Boston College Eagles,Committed,0,3.0,86.0,1558.0,127.0,2024,2026-01-10T12:42:00,https://on3static.com/uploads/assets/403/331/331403.png,https://www.on3.com/db/bodie-kahoun-176198/,portal_wire_football_2026
Cyncir Bowers,RB,West Virginia Mountaineers,Connecticut Huskies,Committed,0,3.0,85.0,2119.0,176.0,2023,2026-01-10T12:41:00,https://on3static.com/uploads/assets/661/451/451661.png,https://www.on3.com/db/cyncir-bowers-151039/,portal_wire_football_2026
Nonso Omezi,IOL,Houston Christian Huskies,Western Kentucky Hilltoppers,Committed,0,3.0,86.0,2321.0,153.0,2022,2026-01-10T12:36:00,https://on3static.com/uploads/assets/66/558/558066.png,https://www.on3.com/db/nonso-omezi-282652/,portal_wire_football_2026
Keyshawn Johnson,EDGE,UT Martin Skyhawks,Syracuse Orange,Committed,0,3.0,88.0,530.0,56.0,2023,2026-01-10T12:35:00,https://on3static.com/uploads/assets/501/571/571501.png,https://www.on3.com/db/keyshawn-johnson-177185/,portal_wire_football_2026
Justin Terrell,DL,NC State Wolfpack,Sam Houston State Bearkats,Committed,0,3.0,85.0,2050.0,250.0,2024,2026-01-10T12:35:00,https://on3static.com/uploads/assets/176/333/333176.png,https://www.on3.com/db/justin-terrell-158124/,portal_wire_football_2026
Arkel Anugwom,OT,Alabama Crimson Tide,Northwestern Wildcats,Committed,0,3.0,85.0,1901.0,174.0,2023,2026-01-10T12:31:00,https://on3static.com/uploads/assets/721/399/399721.png,https://www.on3.com/db/arkel-anugwom-247793/,portal_wire_football_2026
Osiris Gilbert,CB,Connecticut Huskies,UCLA Bruins,Committed,0,3.0,86.0,1784.0,204.0,2025,2026-01-10T12:30:00,https://on3static.com/uploads/assets/508/469/469508.png,https://www.on3.com/db/osiris-gilbert-152157/,portal_wire_football_2026
Colby McCalister,S,Kansas State Wildcats,Baylor Bears,Committed,0,3.0,87.0,915.0,87.0,2022,2026-01-10T12:29:00,https://on3static.com/uploads/assets/504/86/86504.jpeg,https://www.on3.com/db/colby-mccalister-24543/,portal_wire_football_2026
Naeshaun Montgomery,WR,Florida Gators,Missouri Tigers,Committed,118731,3.0,88.0,541.0,61.0,2025,2026-01-10T12:25:00,https://on3static.com/uploads/assets/492/238/238492.jpg,https://www.on3.com/db/naeshaun-montgomery-153438/,portal_wire_football_2026
Tomiwa Durojaiye,DL,Illinois Fighting Illini,South Carolina Gamecocks,Committed,0,3.0,88.0,117.0,41.0,2022,2026-01-10T12:21:00,https://on3static.com/uploads/assets/889/72/72889.jpeg,https://www.on3.com/db/tomiwa-durojaiye-113511/,portal_wire_football_2026
Jahleel Culbreath,LB,Old Dominion Monarchs,UCF Knights,Committed,0,3.0,87.0,805.0,78.0,0,2026-01-10T12:21:00,https://on3static.com/uploads/assets/650/583/583650.PNG,https://www.on3.com/db/jahleel-culbreath-178871/,portal_wire_football_2026
Hunter Provience,TE,Montana State Bobcats,NC State Wolfpack,Committed,0,3.0,87.0,275.0,54.0,2023,2026-01-10T12:20:00,https://on3static.com/uploads/assets/702/590/590702.png,https://www.on3.com/db/hunter-provience-157879/,portal_wire_football_2026
Daniel Blood,WR,Missouri Tigers,Washington State Cougars,Committed,0,3.0,85.0,2140.0,307.0,2023,2026-01-10T12:11:00,https://on3static.com/uploads/assets/925/222/222925.png,https://www.on3.com/db/daniel-blood-152290/,portal_wire_football_2026
Blayne Myrick,LB,South Alabama Jaguars,Miami (OH) RedHawks,Committed,0,3.0,87.0,1850.0,76.0,2022,2026-01-10T12:07:00,https://on3static.com/uploads/assets/304/572/572304.png,https://www.on3.com/db/blayne-myrick-150416/,portal_wire_football_2026
Kaden Schickel,LS,Michigan State Spartans,Vanderbilt Commodores,Committed,0,3.0,80.0,3115.0,28.0,2021,2026-01-10T12:03:00,https://on3static.com/uploads/assets/570/273/273570.png,https://www.on3.com/db/kaden-schickel-197272/,portal_wire_football_2026
Trey Cornist,RB,Central Michigan Chippewas,Connecticut Huskies,Committed,0,3.0,87.0,808.0,92.0,2023,2026-01-10T12:01:00,https://on3static.com/uploads/assets/1/339/339001.png,https://www.on3.com/db/trey-cornist-154072/,portal_wire_football_2026
Jayden Bass,OT,Connecticut Huskies,,Entered,0,3.0,83.0,2766.0,212.0,2023,2026-01-10T11:56:00,https://on3static.com/uploads/assets/799/473/473799.png,https://www.on3.com/db/jayden-bass-156097/,portal_wire_football_2026
Dean Miller,EDGE,Kansas Jayhawks,,Entered,0,3.0,87.0,789.0,71.0,2021,2026-01-10T11:50:00,https://on3static.com/uploads/assets/786/165/165786.png,https://www.on3.com/db/dean-miller-32907/,portal_wire_football_2026
Edwin Joseph,S,Florida State Seminoles,Ole Miss Rebels,Committed,0,3.0,89.0,188.0,21.0,2023,2026-01-10T11:49:00,https://on3static.com/uploads/assets/198/242/242198.jpeg,https://www.on3.com/db/edwin-joseph-145661/,portal_wire_football_2026
Brayden Loftin,TE,Kansas State Wildcats,UCLA Bruins,Committed,0,3.0,86.0,1162.0,87.0,2022,2026-01-10T11:42:00,https://on3static.com/uploads/assets/546/86/86546.jpeg,https://www.on3.com/db/brayden-loftin-13549/,portal_wire_football_2026
Tyson Turner,WR,Texas Tech Red Raiders,Houston Cougars,Committed,0,3.0,86.0,1480.0,234.0,2024,2026-01-10T11:41:00,https://on3static.com/uploads/assets/68/96/96068.jpg,https://www.on3.com/db/tyson-turner-158810/,portal_wire_football_2026
Jhase McMillan,CB,Montana State Bobcats,UCLA Bruins,Committed,0,3.0,87.0,806.0,126.0,2024,2026-01-10T11:40:00,https://on3static.com/uploads/assets/927/582/582927.jpg,https://www.on3.com/db/jhase-mcmillan-177761/,portal_wire_football_2026
Caden Story,DL,Clemson Tigers,Clemson Tigers,Withdrawn,0,,,,,2022,2026-01-10T11:37:00,https://on3static.com/uploads/assets/957/85/85957.jpg,https://www.on3.com/db/caden-story-16759/,portal_wire_football_2026
Xion Chapman,DL,FIU Golden Panthers,Minnesota Golden Gophers,Committed,0,3.0,88.0,139.0,32.0,2023,2026-01-10T11:31:00,https://on3static.com/uploads/assets/764/578/578764.png,https://www.on3.com/db/xion-chapman-251025/,portal_wire_football_2026
Andre Jordan Jr.,CB,UCLA Bruins,Auburn Tigers,Committed,0,4.0,90.0,93.0,11.0,2023,2026-01-10T11:13:00,https://on3static.com/uploads/assets/755/583/583755.png,https://www.on3.com/db/andre-jordan-jr-4654/,portal_wire_football_2026
Caleb Ricks,CB,Idaho Vandals,San Diego State Aztecs,Committed,0,3.0,88.0,370.0,50.0,2025,2026-01-10T11:10:00,https://on3static.com/uploads/assets/74/576/576074.jpg,https://www.on3.com/db/caleb-ricks-239004/,portal_wire_football_2026
Cree Thomas,CB,Notre Dame Fighting Irish,Colorado Buffaloes,Committed,0,3.0,87.0,690.0,140.0,2025,2026-01-10T11:07:00,https://on3static.com/uploads/assets/448/285/285448.jpg,https://www.on3.com/db/cree-thomas-155033/,portal_wire_football_2026
Justin Marshall,RB,Colorado State Rams,Liberty Flames,Committed,0,3.0,85.0,2396.0,185.0,2023,2026-01-10T11:05:00,https://on3static.com/uploads/assets/65/562/562065.png,https://www.on3.com/db/justin-marshall-148007/,portal_wire_football_2026
Carmelo O'neal,S,Mercer Bears,Alabama Crimson Tide,Committed,0,3.0,86.0,1266.0,169.0,2024,2026-01-10T11:02:00,https://on3static.com/uploads/assets/440/571/571440.png,https://www.on3.com/db/carmelo-oneal-283372/,portal_wire_football_2026
Favour Edwin,OT,Auburn Tigers,Georgia Tech Yellow Jackets,Committed,0,3.0,87.0,1225.0,78.0,2024,2026-01-10T10:59:00,https://on3static.com/uploads/assets/652/303/303652.png,https://www.on3.com/db/favour-edwin-179092/,portal_wire_football_2026
Dominic Wiseman,DL,South Alabama Jaguars,Kentucky Wildcats,Committed,0,3.0,87.0,1258.0,88.0,2022,2026-01-10T10:52:00,https://on3static.com/uploads/assets/633/389/389633.png,https://www.on3.com/db/dominic-wiseman-37572/,portal_wire_football_2026
Baylen Woodman,K,Middle Tennessee State Blue Raiders,James Madison Dukes,Committed,0,,,,,2025,2026-01-10T10:51:00,,https://www.on3.com/db/baylen-woodman-246869/,portal_wire_football_2026
Solomon Beebe,RB,UAB Blazers,Virginia Cavaliers,Committed,0,3.0,88.0,1079.0,37.0,2024,2026-01-10T10:41:00,https://on3static.com/uploads/assets/681/585/585681.png,https://www.on3.com/db/solomon-beebe-283920/,portal_wire_football_2026
Phillip Gray,IOL,Richmond Spiders,Memphis Tigers,Committed,0,3.0,87.0,790.0,69.0,2022,2026-01-10T10:40:00,,https://www.on3.com/db/phillip-gray-96536/,portal_wire_football_2026
Elijah Lagg,TE,UAB Blazers,Pittsburgh Panthers,Committed,0,3.0,86.0,2236.0,67.0,2023,2026-01-10T10:33:00,https://on3static.com/uploads/assets/645/583/583645.png,https://www.on3.com/db/elijah-lagg-174917/,portal_wire_football_2026
Riley Williams,TE,Oregon State Beavers,Mississippi State Bulldogs,Committed,0,3.0,86.0,1791.0,92.0,2023,2026-01-10T10:31:00,https://on3static.com/uploads/assets/573/222/222573.jpg,https://www.on3.com/db/riley-williams-100594/,portal_wire_football_2026
Nick Reed,K,New Hampshire Wildcats,SMU Mustangs,Committed,0,3.0,80.0,3073.0,5.0,2023,2026-01-10T10:27:00,https://on3static.com/uploads/assets/449/582/582449.jpeg,https://www.on3.com/db/nick-reed-283734/,portal_wire_football_2026
Tayvion Beasley,CB,BYU Cougars,USF Bulls,Committed,0,3.0,86.0,1535.0,178.0,2022,2026-01-10T10:26:00,https://on3static.com/uploads/assets/78/447/447078.png,https://www.on3.com/db/tayvion-beasley-110978/,portal_wire_football_2026
Clayton Leonard,LB,Illinois Fighting Illini,Southeast Missouri State Redhawks,Committed,0,3.0,81.0,2916.0,270.0,2022,2026-01-10T10:24:00,https://on3static.com/uploads/assets/824/304/304824.png,https://www.on3.com/db/clayton-leonard-23937/,portal_wire_football_2026
Ashton Lepo,OT,Michigan State Spartans,Oklahoma State Cowboys,Committed,0,3.0,86.0,1437.0,104.0,2022,2026-01-10T10:23:00,https://on3static.com/uploads/assets/226/235/235226.png,https://www.on3.com/db/ashton-lepo-7898/,portal_wire_football_2026
La'Vell Wright,RB,Western Kentucky Hilltoppers,Pittsburgh Panthers,Committed,0,3.0,86.0,1869.0,151.0,2021,2026-01-10T10:22:00,https://on3static.com/uploads/assets/149/396/396149.png,https://www.on3.com/db/lavell-wright-77384/,portal_wire_football_2026
Jeremiah Warren,DL,Illinois Fighting Illini,Pittsburgh Panthers,Committed,0,3.0,85.0,1971.0,249.0,2023,2026-01-10T10:19:00,https://on3static.com/uploads/assets/816/304/304816.png,https://www.on3.com/db/jeremiah-warren-147557/,portal_wire_football_2026
Malcolm Hartzog,CB,Nebraska Cornhuskers,Arizona Wildcats,Committed,0,3.0,87.0,946.0,138.0,2022,2026-01-10T10:03:00,https://on3static.com/uploads/assets/632/336/336632.png,https://www.on3.com/db/malcolm-hartzog-149757/,portal_wire_football_2026
Tristan Jernigan,LB,Texas A&M Aggies,California Golden Bears,Committed,0,3.0,87.0,959.0,100.0,2024,2026-01-10T09:57:00,https://on3static.com/uploads/assets/265/162/162265.jpg,https://www.on3.com/db/tristan-jernigan-157982/,portal_wire_football_2026
Deante Lindsay,CB,Texas Tech Red Raiders,Abilene Christian Wildcats,Committed,0,3.0,86.0,1462.0,229.0,2025,2026-01-10T09:56:00,https://on3static.com/uploads/assets/75/325/325075.png,https://www.on3.com/db/deante-lindsay-239763/,portal_wire_football_2026
Collin Remenowsky,RB,Ashland University Eagles,,Entered,0,,,,,2023,2026-01-10T09:55:00,https://on3static.com/uploads/assets/521/585/585521.jpg,https://www.on3.com/db/collin-remenowsky-283917/,portal_wire_football_2026
Zion Steptoe,WR,Tulsa Golden Hurricane,Minnesota Golden Gophers,Committed,0,3.0,85.0,2081.0,315.0,2022,2026-01-10T09:45:00,https://on3static.com/uploads/assets/134/217/217134.png,https://www.on3.com/db/zion-steptoe-123873/,portal_wire_football_2026
Jaxon Smolik,QB,Penn State Nittany Lions,Temple Owls,Committed,0,3.0,85.0,2156.0,132.0,2023,2026-01-10T09:39:00,https://on3static.com/uploads/assets/548/165/165548.png,https://www.on3.com/db/jaxon-smolik-58352/,portal_wire_football_2026
Kasen Carpenter,IOL,Oklahoma State Cowboys,Kansas Jayhawks,Committed,0,3.0,86.0,1556.0,143.0,2023,2026-01-10T09:36:00,https://on3static.com/uploads/assets/617/216/216617.png,https://www.on3.com/db/kasen-carpenter-153336/,portal_wire_football_2026
Vincent Holmes,S,Washington Huskies,Oklahoma State Cowboys,Committed,0,3.0,85.0,2048.0,194.0,2023,2026-01-10T09:31:00,https://on3static.com/uploads/assets/283/219/219283.png,https://www.on3.com/db/vincent-holmes-151495/,portal_wire_football_2026
Connor Cox,TE,North Carolina Tar Heels,Virginia Cavaliers,Committed,0,3.0,86.0,1053.0,60.0,2023,2026-01-10T09:28:00,https://on3static.com/uploads/assets/915/470/470915.png,https://www.on3.com/db/connor-cox-150699/,portal_wire_football_2026
Koen Entringer,S,Iowa Hawkeyes,Louisville Cardinals,Committed,0,3.0,89.0,251.0,30.0,2022,2026-01-10T09:28:00,https://on3static.com/uploads/assets/699/582/582699.png,https://www.on3.com/db/koen-entringer-75685/,portal_wire_football_2026
Jude Foster,OT,Ole Miss Rebels,,Entered,0,3.0,86.0,1607.0,137.0,2024,2026-01-10T09:28:00,https://on3static.com/uploads/assets/550/235/235550.jpg,https://www.on3.com/db/jude-foster-154431/,portal_wire_football_2026
Jaylen Jones,CB,Georgia State Panthers,Virginia Cavaliers,Committed,0,3.0,87.0,803.0,99.0,2023,2026-01-10T09:27:00,https://on3static.com/uploads/assets/532/338/338532.png,https://www.on3.com/db/jaylen-jones-157608/,portal_wire_football_2026
Grant Jordan,QB,Massachusetts Minutemen,Oklahoma State Cowboys,Committed,0,3.0,85.0,2133.0,152.0,2020,2026-01-10T09:11:00,https://on3static.com/uploads/assets/390/386/386390.jpg,https://www.on3.com/db/grant-jordan-144613/,portal_wire_football_2026
Luke Baklenko,OT,Oklahoma Sooners,Arizona State Sun Devils,Committed,0,3.0,88.0,606.0,41.0,2023,2026-01-10T09:05:00,https://on3static.com/uploads/assets/393/577/577393.png,https://www.on3.com/db/luke-baklenko-148190/,portal_wire_football_2026
William Satterwhite,IOL,Tennessee Volunteers,LSU Tigers,Committed,109356,3.0,87.0,726.0,88.0,2024,2026-01-10T08:44:00,https://on3static.com/uploads/assets/89/187/187089.jpg,https://www.on3.com/db/william-satterwhite-154626/,portal_wire_football_2026
Markell Chapman,DL,Iowa State Cyclones,Missouri State University Bears,Committed,0,3.0,81.0,2809.0,327.0,2023,2026-01-10T03:21:00,https://on3static.com/uploads/assets/368/537/537368.png,https://www.on3.com/db/markell-chapman-260599/,portal_wire_football_2026
Ethan Hampton,QB,Illinois Fighting Illini,Southern Miss Golden Eagles,Committed,0,3.0,86.0,1528.0,84.0,2021,2026-01-10T02:46:00,https://on3static.com/uploads/assets/711/392/392711.png,https://www.on3.com/db/ethan-hampton-42952/,portal_wire_football_2026
Brock Riker,IOL,Texas State Bobcats,Penn State Nittany Lions,Committed,0,4.0,90.0,120.0,9.0,2024,2026-01-10T00:25:00,https://on3static.com/uploads/assets/783/578/578783.png,https://www.on3.com/db/brock-riker-236926/,portal_wire_football_2026
Dayne Arnett,IOL,Ferris State Bulldogs,South Carolina Gamecocks,Committed,0,3.0,86.0,1444.0,157.0,2022,2026-01-09T22:24:00,https://on3static.com/uploads/assets/620/578/578620.jpg,https://www.on3.com/db/dayne-arnett-32661/,portal_wire_football_2026
Anthony Sacca,LB,Notre Dame Fighting Irish,UCLA Bruins,Committed,0,3.0,87.0,762.0,64.0,2025,2026-01-09T22:16:00,https://on3static.com/uploads/assets/289/134/134289.png,https://www.on3.com/db/anthony-sacca-149828/,portal_wire_football_2026
Marcus Moore,DL,Purdue Boilermakers,Miami (OH) RedHawks,Committed,0,,,,,2023,2026-01-09T21:56:00,https://on3static.com/uploads/assets/793/580/580793.png,https://www.on3.com/db/marcus-moore-156737/,portal_wire_football_2026
Dylan Smith,S,Oklahoma State Cowboys,Memphis Tigers,Committed,0,3.0,86.0,1931.0,168.0,2023,2026-01-09T21:43:00,https://on3static.com/uploads/assets/579/226/226579.png,https://www.on3.com/db/dylan-smith-149730/,portal_wire_football_2026
CJ Jackson,EDGE,LSU Tigers,Vanderbilt Commodores,Committed,0,3.0,87.0,1064.0,95.0,2024,2026-01-09T21:33:00,https://on3static.com/uploads/assets/639/150/150639.png,https://www.on3.com/db/cj-jackson-174705/,portal_wire_football_2026
Dawson Johnson,TE,Old Dominion Monarchs,Tulane Green Wave,Committed,0,3.0,87.0,572.0,56.0,2024,2026-01-09T21:32:00,https://on3static.com/uploads/assets/698/400/400698.png,https://www.on3.com/db/dawson-johnson-246962/,portal_wire_football_2026
Nitro Tuggle,WR,Purdue Boilermakers,South Carolina Gamecocks,Committed,101598,3.0,87.0,638.0,88.0,2024,2026-01-09T21:23:00,https://on3static.com/uploads/assets/402/187/187402.jpg,https://www.on3.com/db/nitro-tuggle-162105/,portal_wire_football_2026
Thomas Johnson,EDGE,North Carolina Central Eagles,Cincinnati Bearcats,Committed,0,3.0,89.0,293.0,29.0,2022,2026-01-09T21:10:00,https://on3static.com/uploads/assets/18/577/577018.png,https://www.on3.com/db/thomas-johnson-205013/,portal_wire_football_2026
Ezra Christensen,DL,New Mexico State Aggies,Colorado Buffaloes,Committed,0,4.0,91.0,46.0,2.0,2021,2026-01-09T21:05:00,https://on3static.com/uploads/assets/644/511/511644.png,https://www.on3.com/db/ezra-christensen-175718/,portal_wire_football_2026
Michael Hurst Jr.,S,Northern Arizona Lumberjacks,California Golden Bears,Committed,0,3.0,87.0,807.0,102.0,2022,2026-01-09T20:59:00,https://on3static.com/uploads/assets/487/581/581487.png,https://www.on3.com/db/michael-hurst-jr-283696/,portal_wire_football_2026
Elijah Reed,CB,Akron Zips,Utah Utes,Committed,0,3.0,89.0,183.0,17.0,2022,2026-01-09T20:35:00,https://on3static.com/uploads/assets/886/72/72886.jpeg,https://www.on3.com/db/elijah-reed-147387/,portal_wire_football_2026
Jayshawn Ross,EDGE,Kansas State Wildcats,,Entered,112622,3.0,87.0,796.0,105.0,2024,2026-01-09T20:19:00,https://on3static.com/uploads/assets/745/399/399745.jpg,https://www.on3.com/db/jayshawn-ross-147685/,portal_wire_football_2026
Robert Edmonson Jr.,LB,Colorado State Rams,Illinois Fighting Illini,Committed,0,3.0,88.0,468.0,35.0,2023,2026-01-09T20:14:00,https://on3static.com/uploads/assets/463/583/583463.png,https://www.on3.com/db/robert-edmonson-jr-177167/,portal_wire_football_2026
Thomas Collins,EDGE,Oregon State Beavers,UCF Knights,Committed,0,3.0,86.0,1483.0,147.0,2023,2026-01-09T20:02:00,https://on3static.com/uploads/assets/499/225/225499.png,https://www.on3.com/db/thomas-collins-112276/,portal_wire_football_2026
Amare Campbell,LB,Penn State Nittany Lions,Tennessee Volunteers,Committed,245502,4.0,91.0,50.0,5.0,2023,2026-01-09T20:00:00,https://on3static.com/uploads/assets/813/506/506813.png,https://www.on3.com/db/amare-campbell-146629/,portal_wire_football_2026
Bradlee Jones,CB,The Citadel Bulldogs,Rutgers Scarlet Knights,Committed,0,3.0,86.0,1165.0,154.0,2023,2026-01-09T19:50:00,https://on3static.com/uploads/assets/127/567/567127.png,https://www.on3.com/db/bradlee-jones-283104/,portal_wire_football_2026
Noah Jennings,WR,Cincinnati Bearcats,Minnesota Golden Gophers,Committed,0,3.0,86.0,1055.0,168.0,2023,2026-01-09T19:49:00,https://on3static.com/uploads/assets/164/581/581164.jpg,https://www.on3.com/db/noah-jennings-159325/,portal_wire_football_2026
Brook Honore,P,California Golden Bears,,Entered,0,3.0,80.0,3074.0,30.0,0,2026-01-09T19:36:00,https://on3static.com/uploads/assets/623/275/275623.png,https://www.on3.com/db/brook-honore-239639/,portal_wire_football_2026
DJ Jackson Jr.,EDGE,Troy Trojans,Oklahoma State Cowboys,Committed,0,3.0,85.0,2011.0,171.0,2023,2026-01-09T19:29:00,https://on3static.com/uploads/assets/844/568/568844.png,https://www.on3.com/db/dj-jackson-jr-283200/,portal_wire_football_2026
Stevie Amar,TE,Boston College Eagles,UCLA Bruins,Committed,0,3.0,86.0,2061.0,98.0,2025,2026-01-09T19:20:00,https://on3static.com/uploads/assets/631/279/279631.jpg,https://www.on3.com/db/stevie-amar-154422/,portal_wire_football_2026
Amier Washington,EDGE,Texas Tech Red Raiders,UCLA Bruins,Committed,0,3.0,86.0,1552.0,146.0,2023,2026-01-09T19:17:00,https://on3static.com/uploads/assets/356/226/226356.png,https://www.on3.com/db/amier-washington-152180/,portal_wire_football_2026
Kristian Ingman,TE,Portland State Vikings,Arizona State Sun Devils,Committed,0,3.0,87.0,791.0,55.0,2023,2026-01-09T19:12:00,https://on3static.com/uploads/assets/225/105/105225.jpg,https://www.on3.com/db/kristian-ingman-153885/,portal_wire_football_2026
Ty Dieffenbach,QB,Cal Poly Mustangs,UCLA Bruins,Committed,0,3.0,85.0,2241.0,150.0,2023,2026-01-09T19:10:00,https://on3static.com/uploads/assets/482/308/308482.png,https://www.on3.com/db/ty-dieffenbach-147995/,portal_wire_football_2026
Emar'rion Winston,EDGE,Baylor Bears,Arizona State Sun Devils,Committed,0,3.0,87.0,708.0,66.0,2022,2026-01-09T19:06:00,https://on3static.com/uploads/assets/917/93/93917.jpeg,https://www.on3.com/db/emarrion-winston-41644/,portal_wire_football_2026
Dennis Jones,OT,Texas Southern Tigers,San Diego State Aztecs,Committed,0,3.0,86.0,1750.0,101.0,2022,2026-01-09T19:02:00,,https://www.on3.com/db/dennis-jones-145388/,portal_wire_football_2026
Cameron Cooper,LB,Western Colorado Mountaineers,San Diego State Aztecs,Committed,0,3.0,87.0,1459.0,107.0,2024,2026-01-09T18:57:00,https://on3static.com/uploads/assets/51/579/579051.png,https://www.on3.com/db/cameron-cooper-283595/,portal_wire_football_2026
Cooper Alexander,TE,Iowa State Cyclones,Penn State Nittany Lions,Committed,0,3.0,86.0,410.0,61.0,2024,2026-01-09T18:44:00,https://on3static.com/uploads/assets/607/583/583607.png,https://www.on3.com/db/cooper-alexander-157298/,portal_wire_football_2026
Garrick Ponder,LB,Southern Miss Golden Eagles,Baylor Bears,Committed,0,3.0,89.0,259.0,18.0,2022,2026-01-09T18:38:00,https://on3static.com/uploads/assets/404/583/583404.png,https://www.on3.com/db/garrick-ponder-45116/,portal_wire_football_2026
Saadiq Clements,DL,North Texas Mean Green,Oklahoma State Cowboys,Committed,0,3.0,87.0,1283.0,77.0,2023,2026-01-09T18:30:00,https://on3static.com/uploads/assets/225/223/223225.png,https://www.on3.com/db/saadiq-clements-147168/,portal_wire_football_2026
Leroy Bryant,CB,Washington Huskies,Stanford Cardinal,Committed,0,3.0,86.0,1246.0,209.0,2023,2026-01-09T18:29:00,https://on3static.com/uploads/assets/285/219/219285.png,https://www.on3.com/db/leroy-bryant-79174/,portal_wire_football_2026
Gus Cordova,DL,USC Trojans,Mississippi State Bulldogs,Committed,0,3.0,87.0,1128.0,76.0,2025,2026-01-09T18:27:00,https://on3static.com/uploads/assets/592/279/279592.jpeg,https://www.on3.com/db/gus-cordova-236492/,portal_wire_football_2026
Zane Flores,QB,Oklahoma State Cowboys,Iowa State Cyclones,Committed,0,3.0,86.0,1826.0,92.0,2023,2026-01-09T18:25:00,https://on3static.com/uploads/assets/574/226/226574.png,https://www.on3.com/db/zane-flores-123564/,portal_wire_football_2026
Cameron Epps,S,Oklahoma State Cowboys,Oklahoma State Cowboys,Withdrawn,0,3.0,86.0,1107.0,173.0,2022,2026-01-09T18:23:00,https://on3static.com/uploads/assets/576/226/226576.png,https://www.on3.com/db/cameron-epps-17777/,portal_wire_football_2026
Justin Cryer,LB,Florida State Seminoles,Texas Longhorns,Committed,0,3.0,87.0,739.0,56.0,2023,2026-01-09T18:06:00,https://on3static.com/uploads/assets/100/242/242100.jpeg,https://www.on3.com/db/justin-cryer-146622/,portal_wire_football_2026
Malachi Henry,WR,Central Arkansas Bears,Cincinnati Bearcats,Committed,0,3.0,87.0,1954.0,126.0,2023,2026-01-09T18:04:00,https://on3static.com/uploads/assets/488/557/557488.png,https://www.on3.com/db/malachi-henry-158613/,portal_wire_football_2026
Ohifame Ijeboi,RB,Minnesota Golden Gophers,Purdue Boilermakers,Committed,0,3.0,89.0,249.0,25.0,2024,2026-01-09T17:57:00,https://on3static.com/uploads/assets/919/188/188919.png,https://www.on3.com/db/ohifame-ijeboi-178014/,portal_wire_football_2026
Tony Diaz,WR,The University of Texas Rio Grande Valley Vaqueros,Iowa Hawkeyes,Committed,0,3.0,87.0,1598.0,150.0,2024,2026-01-09T17:55:00,https://on3static.com/uploads/assets/306/578/578306.jpg,https://www.on3.com/db/tony-diaz-283566/,portal_wire_football_2026
Geron Johnson,RB,Mississippi State Bulldogs,,Entered,0,3.0,87.0,798.0,99.0,2025,2026-01-09T17:54:00,https://on3static.com/uploads/assets/90/327/327090.png,https://www.on3.com/db/geron-johnson-240425/,portal_wire_football_2026
Kristopher Wokomah,S,Baylor Bears,UAB Blazers,Committed,0,,,,,2024,2026-01-09T17:48:00,https://on3static.com/uploads/assets/887/151/151887.jpg,https://www.on3.com/db/kristopher-wokomah-152358/,portal_wire_football_2026
Charles Perkins,DL,Wisconsin Badgers,Wisconsin Badgers,Withdrawn,0,0.0,,,,2022,2026-01-09T17:37:00,https://on3static.com/uploads/assets/909/395/395909.png,https://www.on3.com/db/charles-perkins-247315/,portal_wire_football_2026
Jackson Harper,WR,Connecticut Huskies,Colorado State Rams,Committed,0,3.0,82.0,2825.0,407.0,2023,2026-01-09T17:32:00,https://on3static.com/uploads/assets/505/469/469505.png,https://www.on3.com/db/jackson-harper-152280/,portal_wire_football_2026
Buom Jock,LB,California Golden Bears,Wake Forest Demon Deacons,Committed,0,3.0,86.0,1748.0,188.0,2023,2026-01-09T17:25:00,https://on3static.com/uploads/assets/345/397/397345.png,https://www.on3.com/db/buom-jock-155173/,portal_wire_football_2026
Zachary Henning,IOL,Washington Huskies,Arizona Wildcats,Committed,0,3.0,87.0,1259.0,64.0,2023,2026-01-09T17:12:00,https://on3static.com/uploads/assets/253/223/223253.png,https://www.on3.com/db/zachary-henning-148241/,portal_wire_football_2026
Anthony Miller,TE,Tulane Green Wave,Arizona State Sun Devils,Committed,0,3.0,84.0,2515.0,140.0,2023,2026-01-09T17:12:00,https://on3static.com/uploads/assets/714/573/573714.png,https://www.on3.com/db/anthony-miller-152089/,portal_wire_football_2026
Trey Owens,QB,Texas Longhorns,Arkansas State Red Wolves,Committed,167357,3.0,87.0,422.0,43.0,2024,2026-01-09T17:07:00,https://on3static.com/uploads/assets/724/566/566724.png,https://www.on3.com/db/trey-owens-153617/,portal_wire_football_2026
Tao Johnson,S,Utah Utes,UCLA Bruins,Committed,295325,4.0,91.0,44.0,3.0,2022,2026-01-09T17:03:00,https://on3static.com/uploads/assets/640/175/175640.jpeg,https://www.on3.com/db/tao-johnson-147464/,portal_wire_football_2026
Jose Soto,IOL,Sacramento State Hornets,Colorado Buffaloes,Committed,0,3.0,87.0,1918.0,60.0,2023,2026-01-09T16:57:00,https://on3static.com/uploads/assets/205/587/587205.png,https://www.on3.com/db/jose-soto-156989/,portal_wire_football_2026
Jordan Brown,IOL,Arizona Wildcats,Georgia State Panthers,Committed,0,3.0,86.0,1578.0,160.0,0,2026-01-09T16:55:00,https://on3static.com/uploads/assets/479/164/164479.png,https://www.on3.com/db/jordan-brown-175214/,portal_wire_football_2026
Jshawn Frausto-Ramos,CB,Arizona Wildcats,Washington State Cougars,Committed,0,0.0,,,,2023,2026-01-09T16:52:00,https://on3static.com/uploads/assets/308/226/226308.png,https://www.on3.com/db/jshawn-frausto-ramos-68377/,portal_wire_football_2026
Zae Jennings,CB,West Virginia Mountaineers,Buffalo Bulls,Committed,0,3.0,85.0,2006.0,267.0,2024,2026-01-09T16:47:00,https://on3static.com/uploads/assets/91/305/305091.png,https://www.on3.com/db/zae-jennings-153215/,portal_wire_football_2026
Cole Adams,WR,Alabama Crimson Tide,Vanderbilt Commodores,Committed,0,3.0,87.0,1024.0,138.0,2023,2026-01-09T16:38:00,https://on3static.com/uploads/assets/550/225/225550.jpeg,https://www.on3.com/db/cole-adams-146085/,portal_wire_football_2026
Wyatt Rubinoff,LS,New Hampshire Wildcats,Virginia Cavaliers,Committed,0,3.0,80.0,3132.0,27.0,2024,2026-01-09T16:36:00,https://on3static.com/uploads/assets/81/590/590081.png,https://www.on3.com/db/wyatt-rubinoff-284262/,portal_wire_football_2026
Malachi Fannin-Render,RB,Liberty Flames,James Madison Dukes,Committed,0,3.0,81.0,2950.0,226.0,2025,2026-01-09T16:33:00,https://on3static.com/uploads/assets/313/583/583313.png,https://www.on3.com/db/malachi-fannin-render-162318/,portal_wire_football_2026
Will Kemna,OT,Kansas State Wildcats,Missouri Tigers,Committed,0,3.0,87.0,794.0,83.0,2025,2026-01-09T16:30:00,https://on3static.com/uploads/assets/622/583/583622.png,https://www.on3.com/db/will-kemna-238159/,portal_wire_football_2026
Alessandro Perez,DL,Texas A&M Aggies,,Entered,0,,,,,2023,2026-01-09T16:28:00,,https://www.on3.com/db/alessandro-perez-2761/,portal_wire_football_2026
Caden VerMaas,S,Nebraska Cornhuskers,Rice Owls,Committed,0,3.0,86.0,1615.0,186.0,2025,2026-01-09T16:23:00,https://on3static.com/uploads/assets/624/288/288624.jpg,https://www.on3.com/db/caden-vermaas-153106/,portal_wire_football_2026
Jyaire Brown,CB,UCF Knights,Southern Miss Golden Eagles,Committed,0,3.0,86.0,1160.0,224.0,2022,2026-01-09T16:22:00,https://on3static.com/uploads/assets/663/564/564663.PNG,https://www.on3.com/db/jyaire-brown-70159/,portal_wire_football_2026
Jordan Pride,S,Texas A&M Aggies,Southern Miss Golden Eagles,Committed,105908,3.0,87.0,1318.0,51.0,2024,2026-01-09T16:19:00,https://on3static.com/uploads/assets/611/163/163611.png,https://www.on3.com/db/jordan-pride-65913/,portal_wire_football_2026
Ibn McDaniels,CB,Syracuse Orange,Penn State Nittany Lions,Committed,0,3.0,84.0,2239.0,288.0,2024,2026-01-09T16:12:00,https://on3static.com/uploads/assets/455/582/582455.png,https://www.on3.com/db/ibn-mcdaniels-236910/,portal_wire_football_2026
Dakota Quinonez,DL,Dartmouth Big Green,Duke Blue Devils,Committed,0,3.0,87.0,756.0,108.0,0,2026-01-09T16:04:00,https://on3static.com/uploads/assets/633/581/581633.jpg,https://www.on3.com/db/dakota-quinonez-283703/,portal_wire_football_2026
Terrell Jones,DL,Virginia Cavaliers,USF Bulls,Committed,0,3.0,85.0,2112.0,228.0,2022,2026-01-09T15:55:00,https://on3static.com/uploads/assets/950/86/86950.jpeg,https://www.on3.com/db/terrell-jones-147041/,portal_wire_football_2026
Sam Williams-Dixon,RB,Ohio State Buckeyes,South Carolina Gamecocks,Committed,0,3.0,86.0,1424.0,149.0,2024,2026-01-09T15:52:00,https://on3static.com/uploads/assets/666/332/332666.png,https://www.on3.com/db/sam-williams-dixon-152347/,portal_wire_football_2026
Deuce Fillmore,CB,Georgia State Panthers,Illinois Fighting Illini,Committed,0,3.0,88.0,1179.0,48.0,2023,2026-01-09T15:47:00,https://on3static.com/uploads/assets/404/389/389404.png,https://www.on3.com/db/deuce-fillmore-246785/,portal_wire_football_2026
Delvin Morris,IOL,Akron Zips,Kansas State Wildcats,Committed,0,3.0,85.0,2242.0,176.0,2023,2026-01-09T15:45:00,https://on3static.com/uploads/assets/286/583/583286.png,https://www.on3.com/db/delvin-morris-177228/,portal_wire_football_2026
Kaven Call,EDGE,East Tennessee State Buccaneers,Middle Tennessee State Blue Raiders,Committed,0,3.0,86.0,1608.0,123.0,2023,2026-01-09T15:41:00,https://on3static.com/uploads/assets/856/370/370856.jpg,https://www.on3.com/db/kaven-call-71486/,portal_wire_football_2026
Santana Wilson,CB,Texas Longhorns,Louisville Cardinals,Committed,0,3.0,87.0,1186.0,119.0,2024,2026-01-09T15:33:00,https://on3static.com/uploads/assets/276/583/583276.png,https://www.on3.com/db/santana-wilson-174649/,portal_wire_football_2026
Ricky Lolohea,DL,Oklahoma Sooners,,Entered,0,3.0,84.0,2582.0,292.0,2023,2026-01-09T15:32:00,https://on3static.com/uploads/assets/978/264/264978.png,https://www.on3.com/db/ricky-lolohea-151604/,portal_wire_football_2026
Jaylen Johnson,RB,USF Bulls,,Entered,0,3.0,84.0,2581.0,198.0,2023,2026-01-09T15:30:00,https://on3static.com/uploads/assets/80/216/216080.png,https://www.on3.com/db/jaylen-johnson-145587/,portal_wire_football_2026
Corey Scott,WR,West Florida Argonauts,James Madison Dukes,Committed,0,3.0,87.0,993.0,149.0,2023,2026-01-09T15:29:00,https://on3static.com/uploads/assets/796/576/576796.png,https://www.on3.com/db/corey-scott-26311/,portal_wire_football_2026
Kelze Howard,DL,Oregon State Beavers,,Entered,0,3.0,85.0,2238.0,258.0,2023,2026-01-09T15:29:00,https://on3static.com/uploads/assets/491/225/225491.png,https://www.on3.com/db/kelze-howard-148239/,portal_wire_football_2026
Daniel Michel,IOL,FIU Golden Panthers,James Madison Dukes,Committed,0,,,,,2023,2026-01-09T15:28:00,,https://www.on3.com/db/daniel-michel-157300/,portal_wire_football_2026
Matthew Choules,P,Kennesaw State Owls,,Entered,0,3.0,80.0,3075.0,43.0,2025,2026-01-09T15:24:00,,https://www.on3.com/db/matthew-choules-249681/,portal_wire_football_2026
Nakian Jackson,LB,Nevada Wolf Pack,,Entered,0,3.0,87.0,793.0,82.0,2022,2026-01-09T15:21:00,https://on3static.com/uploads/assets/566/444/444566.png,https://www.on3.com/db/nakian-jackson-145544/,portal_wire_football_2026
Michael Phoenix,WR,Sam Houston State Bearkats,,Entered,0,3.0,84.0,2583.0,344.0,2020,2026-01-09T15:21:00,,https://www.on3.com/db/michael-phoenix-88198/,portal_wire_football_2026
Ni Mansell,IOL,South Alabama Jaguars,,Entered,0,3.0,83.0,2764.0,229.0,2020,2026-01-09T15:20:00,https://on3static.com/uploads/assets/77/257/257077.jpg,https://www.on3.com/db/ni-mansell-180566/,portal_wire_football_2026
Jakob Gude,S,UCF Knights,Appalachian State Mountaineers,Committed,0,3.0,86.0,1605.0,118.0,2024,2026-01-09T15:19:00,https://on3static.com/uploads/assets/660/564/564660.PNG,https://www.on3.com/db/jakob-gude-156721/,portal_wire_football_2026
Darrell Sweeting,CB,Marshall Thundering Herd,,Entered,0,3.0,86.0,1604.0,228.0,2023,2026-01-09T15:18:00,https://on3static.com/uploads/assets/797/68/68797.jpeg,https://www.on3.com/db/darrell-sweeting-152522/,portal_wire_football_2026
Matt Irwin,S,Idaho Vandals,UCF Knights,Committed,0,3.0,85.0,1829.0,208.0,2024,2026-01-09T15:15:00,https://on3static.com/uploads/assets/3/571/571003.png,https://www.on3.com/db/matt-irwin-283346/,portal_wire_football_2026
Dre Walker,CB,Virginia Cavaliers,Appalachian State Mountaineers,Committed,0,3.0,85.0,2417.0,276.0,2023,2026-01-09T15:14:00,https://on3static.com/uploads/assets/174/222/222174.png,https://www.on3.com/db/dre-walker-156538/,portal_wire_football_2026
Dane Pardridge,WR,Rutgers Scarlet Knights,Indiana State Sycamores,Committed,0,3.0,84.0,2397.0,337.0,2022,2026-01-09T15:10:00,https://on3static.com/uploads/assets/916/481/481916.png,https://www.on3.com/db/dane-pardridge-146227/,portal_wire_football_2026
Emmanuel Poku,OT,East Carolina Pirates,South Carolina Gamecocks,Committed,0,3.0,87.0,308.0,68.0,2022,2026-01-09T15:09:00,https://on3static.com/uploads/assets/45/338/338045.png,https://www.on3.com/db/emmanuel-poku-244918/,portal_wire_football_2026
Jett Carpenter,TE,Nevada Wolf Pack,Texas Tech Red Raiders,Committed,0,3.0,89.0,238.0,11.0,2021,2026-01-09T14:54:00,https://on3static.com/uploads/assets/139/567/567139.png,https://www.on3.com/db/jett-carpenter-190655/,portal_wire_football_2026
Kai McClendon,DL,Mississippi State Bulldogs,Washington Huskies,Committed,0,3.0,84.0,2235.0,290.0,2024,2026-01-09T14:43:00,https://on3static.com/uploads/assets/112/254/254112.png,https://www.on3.com/db/kai-mcclendon-238765/,portal_wire_football_2026
Jayden Rowe,CB,Kansas State Wildcats,Baylor Bears,Committed,0,3.0,85.0,2203.0,248.0,2022,2026-01-09T14:36:00,https://on3static.com/uploads/assets/188/86/86188.jpeg,https://www.on3.com/db/jayden-rowe-58697/,portal_wire_football_2026
Harper Holloman,EDGE,Western Kentucky Hilltoppers,West Virginia Mountaineers,Committed,0,3.0,87.0,1071.0,70.0,2024,2026-01-09T14:24:00,https://on3static.com/uploads/assets/194/583/583194.png,https://www.on3.com/db/harper-holloman-174263/,portal_wire_football_2026
Everett Small,OT,Eastern Michigan Eagles,Rutgers Scarlet Knights,Committed,0,3.0,88.0,1068.0,33.0,2024,2026-01-09T14:21:00,https://on3static.com/uploads/assets/230/583/583230.png,https://www.on3.com/db/everett-small-158371/,portal_wire_football_2026
Javen Nicholas,WR,Charlotte 49ers,Duke Blue Devils,Committed,0,3.0,88.0,448.0,57.0,2022,2026-01-09T14:19:00,https://on3static.com/uploads/assets/940/440/440940.png,https://www.on3.com/db/javen-nicholas-150524/,portal_wire_football_2026
Evan Boyd,WR,Michigan State Spartans,Iowa State Cyclones,Committed,0,3.0,85.0,2115.0,287.0,2023,2026-01-09T14:05:00,https://on3static.com/uploads/assets/372/389/389372.png,https://www.on3.com/db/evan-boyd-43199/,portal_wire_football_2026
Karson Hobbs,CB,Notre Dame Fighting Irish,Florida State Seminoles,Committed,0,3.0,87.0,705.0,148.0,2024,2026-01-09T14:04:00,https://on3static.com/uploads/assets/397/331/331397.png,https://www.on3.com/db/karson-hobbs-155267/,portal_wire_football_2026
Jalen Butler,TE,Old Dominion Monarchs,Kansas Jayhawks,Committed,0,3.0,85.0,1301.0,114.0,2021,2026-01-09T13:53:00,https://on3static.com/uploads/assets/179/171/171179.png,https://www.on3.com/db/jalen-butler-175635/,portal_wire_football_2026
Jakolbi Wilson,DL,Fort Hays State Tigers,James Madison Dukes,Committed,0,3.0,83.0,2763.0,302.0,2022,2026-01-09T13:44:00,,https://www.on3.com/db/jakolbi-wilson-150183/,portal_wire_football_2026
Kevin Roberts,DL,West Florida Argonauts,James Madison Dukes,Committed,0,3.0,87.0,1881.0,131.0,2024,2026-01-09T13:43:00,https://on3static.com/uploads/assets/777/578/578777.png,https://www.on3.com/db/kevin-roberts-208229/,portal_wire_football_2026
Mitchell Dietzel,LS,Eastern Michigan Eagles,James Madison Dukes,Committed,0,3.0,80.0,3072.0,17.0,2023,2026-01-09T13:43:00,https://on3static.com/uploads/assets/588/583/583588.jpg,https://www.on3.com/db/mitchell-dietzel-154528/,portal_wire_football_2026
Danny Royster,EDGE,Indianapolis Greyhounds,James Madison Dukes,Committed,0,3.0,84.0,2652.0,199.0,2022,2026-01-09T13:42:00,https://on3static.com/uploads/assets/161/383/383161.png,https://www.on3.com/db/danny-royster-29681/,portal_wire_football_2026
Ja'Marley Riddle,S,East Carolina Pirates,Georgia Bulldogs,Committed,0,3.0,87.0,724.0,63.0,2024,2026-01-09T13:42:00,https://on3static.com/uploads/assets/188/583/583188.png,https://www.on3.com/db/jamarley-riddle-178018/,portal_wire_football_2026
Chukwunedu Okeke,DL,Western Kentucky Hilltoppers,James Madison Dukes,Committed,0,3.0,85.0,2233.0,220.0,2024,2026-01-09T13:42:00,https://on3static.com/uploads/assets/959/340/340959.png,https://www.on3.com/db/chukwunedu-okeke-176507/,portal_wire_football_2026
Seth Cromwell,RB,Northern Arizona Lumberjacks,James Madison Dukes,Committed,0,3.0,87.0,1996.0,88.0,2022,2026-01-09T13:41:00,https://on3static.com/uploads/assets/493/567/567493.png,https://www.on3.com/db/seth-cromwell-283128/,portal_wire_football_2026
Rasheed Lovelace,DL,Nicholls State Colonels,James Madison Dukes,Committed,0,3.0,87.0,1934.0,105.0,2022,2026-01-09T13:40:00,https://on3static.com/uploads/assets/700/542/542700.png,https://www.on3.com/db/rasheed-lovelace-98694/,portal_wire_football_2026
Jonah Lea'ea,DL,Utah Utes,Michigan Wolverines,Committed,0,3.0,88.0,465.0,44.0,2023,2026-01-09T13:40:00,https://on3static.com/uploads/assets/189/583/583189.png,https://www.on3.com/db/jonah-leaea-64451/,portal_wire_football_2026
Jayon Harvey,CB,Findlay Oilers,James Madison Dukes,Committed,0,3.0,85.0,1805.0,251.0,2024,2026-01-09T13:39:00,https://on3static.com/uploads/assets/809/568/568809.png,https://www.on3.com/db/jayon-harvey-283198/,portal_wire_football_2026
Terrence Jones II,CB,Fordham Rams,James Madison Dukes,Committed,0,3.0,87.0,1765.0,131.0,2024,2026-01-09T13:37:00,https://on3static.com/uploads/assets/320/557/557320.png,https://www.on3.com/db/terrence-jones-ii-282616/,portal_wire_football_2026
Ty Lockwood,TE,Boston College Eagles,Arkansas Razorbacks,Committed,0,3.0,86.0,1870.0,88.0,2023,2026-01-09T13:36:00,https://on3static.com/uploads/assets/685/225/225685.jpeg,https://www.on3.com/db/ty-lockwood-117034/,portal_wire_football_2026
Tawfiq Thomas,DL,Colorado Buffaloes,Georgia Tech Yellow Jackets,Committed,0,3.0,86.0,1295.0,204.0,2022,2026-01-09T13:32:00,https://on3static.com/uploads/assets/435/164/164435.png,https://www.on3.com/db/tawfiq-thomas-110647/,portal_wire_football_2026
Jesse Anderson,S,Pittsburgh Panthers,Kentucky Wildcats,Committed,0,3.0,84.0,2356.0,231.0,2023,2026-01-09T13:27:00,https://on3static.com/uploads/assets/182/583/583182.png,https://www.on3.com/db/jesse-anderson-150276/,portal_wire_football_2026
Evan Boutorwick,LS,Michigan Wolverines,Northwestern Wildcats,Committed,0,3.0,80.0,3021.0,38.0,2022,2026-01-09T13:23:00,https://on3static.com/uploads/assets/668/302/302668.png,https://www.on3.com/db/evan-boutorwick-150039/,portal_wire_football_2026
Josh Jackson,WR,McNeese State Cowboys,LSU Tigers,Committed,0,3.0,84.0,2403.0,374.0,2024,2026-01-09T13:19:00,https://on3static.com/uploads/assets/269/161/161269.png,https://www.on3.com/db/josh-jackson-151836/,portal_wire_football_2026
Ja'son Prevard,CB,Virginia Cavaliers,Kansas State Wildcats,Committed,0,3.0,89.0,182.0,16.0,0,2026-01-09T13:18:00,https://on3static.com/uploads/assets/140/393/393140.png,https://www.on3.com/db/jason-prevard-203546/,portal_wire_football_2026
Cam Abshire,WR,Oklahoma State Cowboys,Connecticut Huskies,Committed,0,3.0,86.0,2035.0,250.0,2022,2026-01-09T13:18:00,https://on3static.com/uploads/assets/519/438/438519.png,https://www.on3.com/db/cam-abshire-250561/,portal_wire_football_2026
Isaac Terrell,EDGE,Washington State Cougars,Iowa State Cyclones,Committed,0,4.0,90.0,124.0,17.0,2023,2026-01-09T13:14:00,https://on3static.com/uploads/assets/235/583/583235.png,https://www.on3.com/db/isaac-terrell-151246/,portal_wire_football_2026
Rustin Young,OT,Michigan State Spartans,Michigan State Spartans,Withdrawn,0,0.0,,,,2024,2026-01-09T13:09:00,https://on3static.com/uploads/assets/58/153/153058.png,https://www.on3.com/db/rustin-young-177396/,portal_wire_football_2026
Ashton McShane,CB,Boston College Eagles,Liberty Flames,Committed,0,3.0,85.0,1985.0,256.0,2024,2026-01-09T13:07:00,https://on3static.com/uploads/assets/829/153/153829.png,https://www.on3.com/db/ashton-mcshane-176499/,portal_wire_football_2026
Fredrick Moore,WR,Michigan Wolverines,Michigan State Spartans,Committed,0,3.0,86.0,1759.0,226.0,2023,2026-01-09T13:06:00,https://on3static.com/uploads/assets/417/523/523417.png,https://www.on3.com/db/fredrick-moore-44412/,portal_wire_football_2026
Brian Beidatsch,IOL,Duquesne Dukes,Miami (OH) RedHawks,Committed,0,3.0,86.0,2324.0,147.0,2022,2026-01-09T13:00:00,https://on3static.com/uploads/assets/532/567/567532.png,https://www.on3.com/db/brian-beidatsch-150195/,portal_wire_football_2026
Victor Rosa,RB,Connecticut Huskies,Ohio Bobcats,Committed,0,3.0,86.0,1145.0,153.0,2022,2026-01-09T12:59:00,https://on3static.com/uploads/assets/513/469/469513.png,https://www.on3.com/db/victor-rosa-119567/,portal_wire_football_2026
LJ Prudhomme,IOL,Arkansas Razorbacks,Mississippi State Bulldogs,Committed,0,3.0,86.0,1433.0,134.0,2025,2026-01-09T12:59:00,https://on3static.com/uploads/assets/164/578/578164.png,https://www.on3.com/db/lj-prudhomme-238208/,portal_wire_football_2026
Malik Elzy,WR,Illinois Fighting Illini,LSU Tigers,Committed,0,3.0,87.0,870.0,115.0,2023,2026-01-09T12:55:00,https://on3static.com/uploads/assets/794/304/304794.png,https://www.on3.com/db/malik-elzy-81826/,portal_wire_football_2026
Tanner Morley,IOL,Colorado State Rams,Kansas State Wildcats,Committed,0,3.0,87.0,1238.0,74.0,2023,2026-01-09T12:54:00,https://on3static.com/uploads/assets/717/570/570717.png,https://www.on3.com/db/tanner-morley-156060/,portal_wire_football_2026
Terence Roberson,OT,Ouachita Baptist University Tigers,Arkansas Razorbacks,Committed,0,3.0,85.0,866.0,158.0,2024,2026-01-09T12:54:00,https://on3static.com/uploads/assets/247/582/582247.jpg,https://www.on3.com/db/terence-roberson-283728/,portal_wire_football_2026
Jeremy Evans,LB,Baylor Bears,Arkansas Razorbacks,Committed,0,3.0,84.0,2420.0,232.0,2022,2026-01-09T12:52:00,https://on3static.com/uploads/assets/0/569/569000.png,https://www.on3.com/db/jeremy-evans-60529/,portal_wire_football_2026
Vincent Firenze,S,Dayton Flyers,Wake Forest Demon Deacons,Committed,0,3.0,87.0,536.0,80.0,2023,2026-01-09T12:50:00,https://on3static.com/uploads/assets/286/572/572286.png,https://www.on3.com/db/vincent-firenze-282350/,portal_wire_football_2026
Khristian Martin,QB,Maryland Terrapins,Fresno State Bulldogs,Committed,0,3.0,84.0,2352.0,168.0,2024,2026-01-09T12:49:00,https://on3static.com/uploads/assets/508/190/190508.png,https://www.on3.com/db/khristian-martin-75063/,portal_wire_football_2026
Elijah Moore,WR,Florida State Seminoles,Syracuse Orange,Committed,0,3.0,87.0,955.0,116.0,2024,2026-01-09T12:48:00,https://on3static.com/uploads/assets/892/78/78892.png,https://www.on3.com/db/elijah-moore-41291/,portal_wire_football_2026
Eddy Smith,EDGE,Texas Tech Red Raiders,UTSA Roadrunners,Committed,0,3.0,86.0,1452.0,136.0,2024,2026-01-09T12:47:00,https://on3static.com/uploads/assets/374/170/170374.jpg,https://www.on3.com/db/eddy-smith-152187/,portal_wire_football_2026
Amari Jackson,CB,Boston College Eagles,Maryland Terrapins,Committed,0,3.0,87.0,1098.0,145.0,2022,2026-01-09T12:40:00,https://on3static.com/uploads/assets/269/165/165269.png,https://www.on3.com/db/amari-jackson-145099/,portal_wire_football_2026
Justin Schmidt,LS,Purdue Boilermakers,Pittsburgh Panthers,Committed,0,3.0,80.0,3016.0,30.0,2025,2026-01-09T12:30:00,https://on3static.com/uploads/assets/312/410/410312.png,https://www.on3.com/db/justin-schmidt-249202/,portal_wire_football_2026
Dylan Sikorski,IOL,Oregon State Beavers,Texas Longhorns,Committed,0,3.0,86.0,1279.0,158.0,2024,2026-01-09T12:23:00,https://on3static.com/uploads/assets/831/235/235831.jpeg,https://www.on3.com/db/dylan-sikorski-40051/,portal_wire_football_2026
Bryan Hansen,P,Colorado State Rams,West Virginia Mountaineers,Committed,0,3.0,80.0,3071.0,20.0,2023,2026-01-09T12:22:00,https://on3static.com/uploads/assets/139/583/583139.png,https://www.on3.com/db/bryan-hansen-283763/,portal_wire_football_2026
Kwazi Gilmer,WR,UCLA Bruins,Nebraska Cornhuskers,Committed,0,3.0,87.0,634.0,91.0,2024,2026-01-09T12:16:00,https://on3static.com/uploads/assets/977/193/193977.png,https://www.on3.com/db/kwazi-gilmer-159435/,portal_wire_football_2026
Brandon Winton Jr.,WR,USF Bulls,East Tennessee State Buccaneers,Committed,0,,,,,2024,2026-01-09T12:15:00,https://on3static.com/uploads/assets/754/338/338754.png,https://www.on3.com/db/brandon-winton-jr-147544/,portal_wire_football_2026
Preston Okafor,CB,Nebraska Cornhuskers,Fresno State Bulldogs,Committed,0,3.0,82.0,2818.0,330.0,2024,2026-01-09T12:13:00,https://on3static.com/uploads/assets/37/409/409037.png,https://www.on3.com/db/preston-okafor-235869/,portal_wire_football_2026
Ty Howard,LB,Ohio State Buckeyes,,Entered,0,3.0,87.0,787.0,115.0,2022,2026-01-09T12:10:00,https://on3static.com/uploads/assets/727/400/400727.png,https://www.on3.com/db/ty-howard-189702/,portal_wire_football_2026
Walker Lyons,TE,USC Trojans,BYU Cougars,Committed,0,3.0,89.0,237.0,10.0,2023,2026-01-09T12:08:00,https://on3static.com/uploads/assets/382/24/24382.jpg,https://www.on3.com/db/walker-lyons-120015/,portal_wire_football_2026
Darold DeNgohe,DL,Rutgers Scarlet Knights,UCLA Bruins,Committed,0,3.0,86.0,1493.0,176.0,2023,2026-01-09T12:07:00,https://on3static.com/uploads/assets/401/465/465401.png,https://www.on3.com/db/darold-dengohe-150201/,portal_wire_football_2026
Peyton Jones,RB,Duke Blue Devils,Liberty Flames,Committed,0,3.0,85.0,2004.0,171.0,2023,2026-01-09T11:52:00,https://on3static.com/uploads/assets/726/566/566726.png,https://www.on3.com/db/peyton-jones-151013/,portal_wire_football_2026
Vontae Floyd,CB,Duke Blue Devils,FIU Golden Panthers,Committed,0,3.0,83.0,2735.0,313.0,2024,2026-01-09T11:51:00,https://on3static.com/uploads/assets/685/304/304685.png,https://www.on3.com/db/vontae-floyd-150891/,portal_wire_football_2026
CJ Young,LB,Kent State Golden Flashes,Miami (OH) RedHawks,Committed,0,3.0,88.0,372.0,26.0,2023,2026-01-09T11:50:00,https://on3static.com/uploads/assets/109/585/585109.png,https://www.on3.com/db/cj-young-283857/,portal_wire_football_2026
Kenny Odom,WR,UTEP Miners,USF Bulls,Committed,0,3.0,87.0,1206.0,137.0,2022,2026-01-09T11:45:00,https://on3static.com/uploads/assets/142/276/276142.png,https://www.on3.com/db/kenny-odom-182121/,portal_wire_football_2026
Bryson Rodgers,WR,Ohio State Buckeyes,USF Bulls,Committed,0,3.0,85.0,1843.0,312.0,2023,2026-01-09T11:45:00,https://on3static.com/uploads/assets/570/221/221570.jpeg,https://www.on3.com/db/bryson-rodgers-16114/,portal_wire_football_2026
Carson Kent,TE,Oklahoma Sooners,Pittsburgh Panthers,Committed,0,3.0,87.0,643.0,49.0,2022,2026-01-09T11:42:00,https://on3static.com/uploads/assets/839/393/393839.png,https://www.on3.com/db/carson-kent-197604/,portal_wire_football_2026
Treylan James,S,Southern University Jaguars,LSU Tigers,Committed,0,3.0,85.0,2378.0,198.0,2023,2026-01-09T11:35:00,https://on3static.com/uploads/assets/943/589/589943.png,https://www.on3.com/db/treylan-james-150922/,portal_wire_football_2026
Nnanna Anyanwu,LB,UTSA Roadrunners,Virginia Cavaliers,Committed,0,3.0,86.0,980.0,131.0,2019,2026-01-09T11:32:00,https://on3static.com/uploads/assets/277/137/137277.jpeg,https://www.on3.com/db/nnanna-anyanwu-161995/,portal_wire_football_2026
Ezekiel Larry,EDGE,Yale Bulldogs,Virginia Cavaliers,Committed,0,3.0,88.0,1798.0,57.0,2022,2026-01-09T11:31:00,https://on3static.com/uploads/assets/495/570/570495.png,https://www.on3.com/db/ezekiel-larry-43561/,portal_wire_football_2026
Malichi Greaves,RB,Connecticut Huskies,Colorado State Rams,Committed,0,,,,,2025,2026-01-09T11:25:00,https://on3static.com/uploads/assets/660/543/543660.png,https://www.on3.com/db/malichi-greaves-260521/,portal_wire_football_2026
Ryan Mickow,OT,Boston College Eagles,Tulane Green Wave,Committed,0,3.0,86.0,1599.0,111.0,2023,2026-01-09T11:03:00,https://on3static.com/uploads/assets/636/309/309636.png,https://www.on3.com/db/ryan-mickow-147551/,portal_wire_football_2026
Jayden Fry,EDGE,Boston College Eagles,Sam Houston State Bearkats,Committed,0,,,,,2025,2026-01-09T11:00:00,https://on3static.com/uploads/assets/117/327/327117.png,https://www.on3.com/db/jayden-fry-243734/,portal_wire_football_2026
Gabe Russo,P,Idaho State Bengals,Pittsburgh Panthers,Committed,0,3.0,80.0,3124.0,4.0,2023,2026-01-09T10:45:00,https://on3static.com/uploads/assets/636/303/303636.png,https://www.on3.com/db/gabe-russo-175741/,portal_wire_football_2026
Jaxson Duffield,LS,Oklahoma State Cowboys,Kansas State Wildcats,Committed,0,3.0,80.0,3120.0,32.0,2025,2026-01-09T10:44:00,https://on3static.com/uploads/assets/244/586/586244.PNG,https://www.on3.com/db/jaxson-duffield-283974/,portal_wire_football_2026
Joseph Simmons,OT,James Madison Dukes,Auburn Tigers,Committed,0,3.0,89.0,261.0,24.0,2022,2026-01-09T10:40:00,https://on3static.com/uploads/assets/740/178/178740.jpeg,https://www.on3.com/db/joseph-simmons-66679/,portal_wire_football_2026
John Lista,LB,Pennsylvania Quakers,Connecticut Huskies,Committed,0,3.0,86.0,2665.0,166.0,2022,2026-01-09T10:39:00,https://on3static.com/uploads/assets/465/557/557465.png,https://www.on3.com/db/john-lista-63357/,portal_wire_football_2026
Bruno Dall,EDGE,Akron Zips,UCF Knights,Committed,0,3.0,89.0,242.0,24.0,2023,2026-01-09T10:36:00,https://on3static.com/uploads/assets/764/573/573764.png,https://www.on3.com/db/bruno-dall-175613/,portal_wire_football_2026
Chance Robinson,WR,Miami Hurricanes,NC State Wolfpack,Committed,0,3.0,86.0,1409.0,198.0,2024,2026-01-09T10:27:00,https://on3static.com/uploads/assets/676/163/163676.png,https://www.on3.com/db/chance-robinson-19820/,portal_wire_football_2026
Harrison Moore,IOL,Georgia Tech Yellow Jackets,Florida Gators,Committed,0,3.0,89.0,189.0,11.0,2024,2026-01-09T10:22:00,https://on3static.com/uploads/assets/521/333/333521.png,https://www.on3.com/db/harrison-moore-153739/,portal_wire_football_2026
Jibreel Al-amin,LB,Marshall Thundering Herd,Kansas Jayhawks,Committed,0,3.0,88.0,732.0,42.0,2022,2026-01-09T10:20:00,https://on3static.com/uploads/assets/219/181/181219.png,https://www.on3.com/db/jibreel-al-amin-61545/,portal_wire_football_2026
Kenyon Massey,WR,Massachusetts Minutemen,,Entered,0,3.0,83.0,2762.0,404.0,2024,2026-01-09T10:19:00,https://on3static.com/uploads/assets/42/583/583042.png,https://www.on3.com/db/kenyon-massey-152813/,portal_wire_football_2026
John Neider,WR,Connecticut Huskies,West Virginia Mountaineers,Committed,0,3.0,87.0,863.0,110.0,2023,2026-01-09T10:17:00,https://on3static.com/uploads/assets/815/473/473815.png,https://www.on3.com/db/john-neider-261318/,portal_wire_football_2026
Trey Petty,QB,Illinois Fighting Illini,Western Michigan Broncos,Committed,0,3.0,86.0,2323.0,116.0,2024,2026-01-09T10:17:00,https://on3static.com/uploads/assets/791/304/304791.png,https://www.on3.com/db/trey-petty-150388/,portal_wire_football_2026
Ben Galloway,IOL,Georgia Tech Yellow Jackets,Florida Atlantic Owls,Committed,0,,,,,2023,2026-01-09T10:15:00,https://on3static.com/uploads/assets/376/464/464376.jpg,https://www.on3.com/db/ben-galloway-155937/,portal_wire_football_2026
Keshaun Singleton,WR,USF Bulls,Auburn Tigers,Committed,0,3.0,89.0,142.0,21.0,2023,2026-01-09T10:14:00,https://on3static.com/uploads/assets/840/579/579840.png,https://www.on3.com/db/keshaun-singleton-150339/,portal_wire_football_2026
Martin Connington,K,Michigan State Spartans,Kansas Jayhawks,Committed,0,3.0,80.0,3011.0,20.0,2024,2026-01-09T10:00:00,https://on3static.com/uploads/assets/285/229/229285.png,https://www.on3.com/db/martin-connington-152814/,portal_wire_football_2026
Nick Morrow,OT,California Golden Bears,Kansas Jayhawks,Committed,0,3.0,88.0,617.0,44.0,2022,2026-01-09T09:59:00,https://on3static.com/uploads/assets/384/577/577384.png,https://www.on3.com/db/nick-morrow-147101/,portal_wire_football_2026
Derrick LeBlanc,DL,UCF Knights,Maryland Terrapins,Committed,0,3.0,86.0,1247.0,160.0,2023,2026-01-09T09:53:00,https://on3static.com/uploads/assets/749/564/564749.PNG,https://www.on3.com/db/derrick-leblanc-35112/,portal_wire_football_2026
Joseph Head,DL,Mississippi State Bulldogs,Memphis Tigers,Committed,0,3.0,85.0,2069.0,222.0,2023,2026-01-09T09:53:00,https://on3static.com/uploads/assets/860/222/222860.png,https://www.on3.com/db/joseph-head-150131/,portal_wire_football_2026
Emeka Ugorji,OT,Stanford Cardinal,Florida Gators,Committed,0,3.0,86.0,1446.0,127.0,2025,2026-01-09T09:51:00,https://on3static.com/uploads/assets/550/319/319550.jpeg,https://www.on3.com/db/emeka-ugorji-238104/,portal_wire_football_2026
Tyrece Mills,S,Connecticut Huskies,,Expected,0,3.0,87.0,785.0,74.0,2020,2026-01-09T09:44:00,https://on3static.com/uploads/assets/485/469/469485.png,https://www.on3.com/db/tyrece-mills-118397/,portal_wire_football_2026
Jaden Hamlin,DL,Louisiana-Monroe Warhawks,,Entered,0,,,,,2022,2026-01-09T09:44:00,https://on3static.com/uploads/assets/101/227/227101.png,https://www.on3.com/db/jaden-hamlin-176651/,portal_wire_football_2026
Nathan Curry,LS,North Alabama Lions,Wyoming Cowboys,Committed,0,3.0,80.0,3070.0,15.0,2023,2026-01-09T09:41:00,https://on3static.com/uploads/assets/20/583/583020.png,https://www.on3.com/db/nathan-curry-283755/,portal_wire_football_2026
Joey Hunter,CB,Memphis Tigers,,Entered,0,,,,,2020,2026-01-09T09:37:00,https://on3static.com/uploads/assets/500/132/132500.jpeg,https://www.on3.com/db/joey-hunter-144511/,portal_wire_football_2026
Jakorion Caffey,RB,Cincinnati Bearcats,,Entered,0,,,,,2024,2026-01-09T09:35:00,https://on3static.com/uploads/assets/318/334/334318.png,https://www.on3.com/db/jakorion-caffey-150208/,portal_wire_football_2026
Xavier Chaplin,OT,Auburn Tigers,Florida State Seminoles,Committed,513617,4.0,90.0,51.0,6.0,2022,2026-01-09T09:34:00,https://on3static.com/uploads/assets/870/86/86870.jpeg,https://www.on3.com/db/xavier-chaplin-146138/,portal_wire_football_2026
Draden Fullbright,CB,Oklahoma State Cowboys,,Entered,0,,,,,2025,2026-01-09T09:34:00,https://on3static.com/uploads/assets/119/175/175119.png,https://www.on3.com/db/draden-fullbright-174444/,portal_wire_football_2026
Kalen Carroll,CB,Central Michigan Chippewas,TCU Horned Frogs,Committed,0,3.0,87.0,1356.0,74.0,2022,2026-01-09T09:33:00,https://on3static.com/uploads/assets/14/583/583014.png,https://www.on3.com/db/kalen-carroll-70777/,portal_wire_football_2026
Josh Humes,TE,Coastal Carolina Chanticleers,,Entered,0,3.0,83.0,2761.0,156.0,0,2026-01-09T09:25:00,https://on3static.com/uploads/assets/45/583/583045.png,https://www.on3.com/db/josh-humes-249541/,portal_wire_football_2026
Jac'Qawn McRoy,OT,Arkansas Razorbacks,North Carolina Tar Heels,Committed,0,3.0,87.0,1185.0,63.0,2024,2026-01-09T09:21:00,https://on3static.com/uploads/assets/243/397/397243.jpg,https://www.on3.com/db/jacqawn-mcroy-151775/,portal_wire_football_2026
Jake Anderson,DL,Illinois State Redbirds,Wisconsin Badgers,Committed,0,3.0,87.0,1091.0,74.0,2022,2026-01-09T09:20:00,https://on3static.com/uploads/assets/657/346/346657.jpg,https://www.on3.com/db/jake-anderson-245299/,portal_wire_football_2026
Nate Dyman,LB,UTEP Miners,,Entered,0,,,,,2020,2026-01-09T09:14:00,,https://www.on3.com/db/nate-dyman-91194/,portal_wire_football_2026
Arnold Barnes,RB,Tulane Green Wave,,Entered,0,,,,,2023,2026-01-09T09:12:00,https://on3static.com/uploads/assets/997/338/338997.png,https://www.on3.com/db/arnold-barnes-151463/,portal_wire_football_2026
Tre Richardson,WR,Vanderbilt Commodores,Louisville Cardinals,Committed,0,4.0,90.0,110.0,17.0,2023,2026-01-09T08:57:00,https://on3static.com/uploads/assets/120/227/227120.jpg,https://www.on3.com/db/tre-richardson-153385/,portal_wire_football_2026
Blake Howard,LS,Eastern Kentucky Colonels,Tennessee Volunteers,Committed,0,3.0,84.0,2661.0,1.0,2023,2026-01-09T08:51:00,https://on3static.com/uploads/assets/739/583/583739.png,https://www.on3.com/db/blake-howard-283587/,portal_wire_football_2026
Carter Sweazie,IOL,James Madison Dukes,UCLA Bruins,Committed,0,3.0,86.0,1336.0,138.0,2022,2026-01-09T08:49:00,https://on3static.com/uploads/assets/341/321/321341.png,https://www.on3.com/db/carter-sweazie-18955/,portal_wire_football_2026
Dylan Drennan,P,Buffalo Bulls,Purdue Boilermakers,Committed,0,3.0,80.0,3068.0,11.0,2024,2026-01-09T08:33:00,https://on3static.com/uploads/assets/957/582/582957.jpg,https://www.on3.com/db/dylan-drennan-283753/,portal_wire_football_2026
Landon Morris,TE,California Golden Bears,Wake Forest Demon Deacons,Committed,0,3.0,86.0,1054.0,68.0,2021,2026-01-09T08:04:00,https://on3static.com/uploads/assets/865/17/17865.jpeg,https://www.on3.com/db/landon-morris-78009/,portal_wire_football_2026
Djay Braswell,RB,Georgia State Panthers,,Entered,0,3.0,85.0,2231.0,177.0,2023,2026-01-09T02:30:00,https://on3static.com/uploads/assets/42/257/257042.jpg,https://www.on3.com/db/djay-braswell-150367/,portal_wire_football_2026
Carsten Casady,OT,Connecticut Huskies,West Virginia Mountaineers,Committed,0,3.0,88.0,508.0,43.0,2023,2026-01-08T23:31:00,https://on3static.com/uploads/assets/808/473/473808.png,https://www.on3.com/db/carsten-casady-156422/,portal_wire_football_2026
Julius Tate,IOL,Coastal Carolina Chanticleers,,Entered,0,3.0,88.0,369.0,41.0,2024,2026-01-08T23:11:00,https://on3static.com/uploads/assets/502/340/340502.png,https://www.on3.com/db/julius-tate-151726/,portal_wire_football_2026
Zion Taylor,WR,Georgia Tech Yellow Jackets,Western Kentucky Hilltoppers,Committed,0,3.0,86.0,1588.0,175.0,2023,2026-01-08T23:06:00,https://on3static.com/uploads/assets/502/333/333502.png,https://www.on3.com/db/zion-taylor-146438/,portal_wire_football_2026
Isaiah Cook,IOL,Delaware State Hornets,Rutgers Scarlet Knights,Committed,0,3.0,87.0,783.0,91.0,2021,2026-01-08T22:48:00,https://on3static.com/uploads/assets/944/582/582944.png,https://www.on3.com/db/isaiah-cook-283752/,portal_wire_football_2026
Cameron Griffin,IOL,Jacksonville State Gamecocks,West Virginia Mountaineers,Committed,0,3.0,87.0,1904.0,61.0,2023,2026-01-08T22:39:00,https://on3static.com/uploads/assets/331/582/582331.jpg,https://www.on3.com/db/cameron-griffin-151773/,portal_wire_football_2026
Carter Milliron,LS,Louisiana Ragin Cajuns,Florida Gators,Committed,0,3.0,80.0,3069.0,13.0,2022,2026-01-08T22:30:00,https://on3static.com/uploads/assets/52/583/583052.png,https://www.on3.com/db/carter-milliron-283756/,portal_wire_football_2026
Lachlan Carrigan,P,Memphis Tigers,USC Trojans,Committed,0,3.0,80.0,3097.0,6.0,0,2026-01-08T22:22:00,https://on3static.com/uploads/assets/239/483/483239.png,https://www.on3.com/db/lachlan-carrigan-261564/,portal_wire_football_2026
John Hoyet Chance,P,Louisiana Tech Bulldogs,TCU Horned Frogs,Committed,0,3.0,80.0,3133.0,21.0,2024,2026-01-08T22:15:00,https://on3static.com/uploads/assets/315/590/590315.png,https://www.on3.com/db/john-hoyet-chance-284275/,portal_wire_football_2026
Koron Hayward,LB,Western Kentucky Hilltoppers,TCU Horned Frogs,Committed,0,3.0,84.0,2382.0,235.0,2023,2026-01-08T22:08:00,https://on3static.com/uploads/assets/314/590/590314.png,https://www.on3.com/db/koron-hayward-154006/,portal_wire_football_2026
Ramere Davis,LB,Northern Arizona Lumberjacks,Arizona State Sun Devils,Committed,0,3.0,86.0,1585.0,178.0,2024,2026-01-08T22:07:00,https://on3static.com/uploads/assets/601/147/147601.jpg,https://www.on3.com/db/ramere-davis-98147/,portal_wire_football_2026
Bodie Boydstun,TE,Southwestern Oklahoma State Bulldogs,Oklahoma State Cowboys,Committed,0,3.0,84.0,2381.0,142.0,2023,2026-01-08T21:50:00,https://on3static.com/uploads/assets/306/590/590306.png,https://www.on3.com/db/bodie-boydstun-284273/,portal_wire_football_2026
Kolin Dinkins,CB,Penn State Nittany Lions,Temple Owls,Committed,0,3.0,84.0,2536.0,309.0,2022,2026-01-08T21:30:00,https://on3static.com/uploads/assets/572/165/165572.png,https://www.on3.com/db/kolin-dinkins-151087/,portal_wire_football_2026
Carson Smith,K,Austin Peay Governors,Arizona State Sun Devils,Committed,0,3.0,80.0,3064.0,17.0,2020,2026-01-08T21:14:00,https://on3static.com/uploads/assets/870/582/582870.jpg,https://www.on3.com/db/carson-smith-234605/,portal_wire_football_2026
Elijah Cannon,CB,Mississippi State Bulldogs,Kansas Jayhawks,Committed,0,3.0,84.0,2605.0,287.0,2024,2026-01-08T21:05:00,https://on3static.com/uploads/assets/424/152/152424.png,https://www.on3.com/db/elijah-cannon-177227/,portal_wire_football_2026
Siale Taupaki,DL,UCLA Bruins,Penn State Nittany Lions,Committed,0,3.0,87.0,753.0,67.0,2019,2026-01-08T20:59:00,https://on3static.com/uploads/dev/assets/388/5/5388.jpg,https://www.on3.com/db/siale-taupaki-107366/,portal_wire_football_2026
London Montgomery,RB,East Carolina Pirates,Florida Gators,Committed,0,3.0,87.0,267.0,84.0,2023,2026-01-08T20:54:00,https://on3static.com/uploads/assets/551/199/199551.png,https://www.on3.com/db/london-montgomery-147775/,portal_wire_football_2026
Omarion Davis,S,Boston College Eagles,Penn State Nittany Lions,Committed,0,3.0,86.0,1372.0,184.0,2025,2026-01-08T20:48:00,https://on3static.com/uploads/assets/634/581/581634.png,https://www.on3.com/db/omarion-davis-240310/,portal_wire_football_2026
Bryant Williams,OT,Louisiana Ragin Cajuns,Arkansas Razorbacks,Committed,0,3.0,89.0,212.0,18.0,2022,2026-01-08T20:46:00,https://on3static.com/uploads/assets/898/578/578898.png,https://www.on3.com/db/bryant-williams-146202/,portal_wire_football_2026
Josiah Clemons,OT,Memphis Tigers,Arkansas Razorbacks,Committed,0,3.0,85.0,2084.0,157.0,2025,2026-01-08T20:28:00,https://on3static.com/uploads/assets/413/321/321413.jpg,https://www.on3.com/db/josiah-clemons-243519/,portal_wire_football_2026
Owen Long,LB,Colorado State Rams,Arizona State Sun Devils,Committed,0,3.0,88.0,162.0,32.0,2024,2026-01-08T20:26:00,https://on3static.com/uploads/assets/321/164/164321.png,https://www.on3.com/db/owen-long-177613/,portal_wire_football_2026
Jack Janikowski,EDGE,Washington State Cougars,Iowa State Cyclones,Committed,0,3.0,86.0,1457.0,160.0,2023,2026-01-08T20:24:00,https://on3static.com/uploads/assets/704/337/337704.png,https://www.on3.com/db/jack-janikowski-156456/,portal_wire_football_2026
Ksaan Farrar,QB,Connecticut Huskies,Colorado State Rams,Committed,0,3.0,84.0,2513.0,166.0,2025,2026-01-08T20:19:00,https://on3static.com/uploads/assets/450/469/469450.png,https://www.on3.com/db/ksaan-farrar-180438/,portal_wire_football_2026
Ja'Cari Henderson,CB,UCF Knights,Appalachian State Mountaineers,Committed,0,3.0,85.0,2103.0,282.0,2022,2026-01-08T20:14:00,https://on3static.com/uploads/assets/656/564/564656.PNG,https://www.on3.com/db/jacari-henderson-50592/,portal_wire_football_2026
Linus Zunk,DL,Vanderbilt Commodores,Washington State Cougars,Committed,0,3.0,86.0,1026.0,135.0,2022,2026-01-08T20:13:00,https://on3static.com/uploads/assets/337/332/332337.png,https://www.on3.com/db/linus-zunk-79521/,portal_wire_football_2026
Mason Humphrey,WR,Lehigh Mountain Hawks,North Carolina Tar Heels,Committed,0,3.0,87.0,934.0,146.0,2023,2026-01-08T20:12:00,https://on3static.com/uploads/assets/925/571/571925.png,https://www.on3.com/db/mason-humphrey-152674/,portal_wire_football_2026
Ky Wilson,WR,Youngstown State Penguins,Connecticut Huskies,Committed,0,3.0,86.0,1600.0,213.0,2023,2026-01-08T20:07:00,https://on3static.com/uploads/assets/900/578/578900.jpg,https://www.on3.com/db/ky-wilson-283591/,portal_wire_football_2026
JeRico Washington Jr.,CB,Kennesaw State Owls,Boise State Broncos,Committed,0,3.0,89.0,196.0,18.0,2023,2026-01-08T19:53:00,https://on3static.com/uploads/assets/377/381/381377.png,https://www.on3.com/db/jerico-washington-jr-246655/,portal_wire_football_2026
Drew Clausen,LS,Iowa State Cyclones,Indiana Hoosiers,Committed,0,3.0,80.0,2997.0,33.0,0,2026-01-08T19:51:00,https://on3static.com/uploads/assets/890/579/579890.jpg,https://www.on3.com/db/drew-clausen-227180/,portal_wire_football_2026
Rickie Collins,QB,Syracuse Orange,Kennesaw State Owls,Committed,0,3.0,86.0,1423.0,104.0,2023,2026-01-08T19:35:00,https://on3static.com/uploads/assets/152/392/392152.jpg,https://www.on3.com/db/rickie-collins-100212/,portal_wire_football_2026
Reed Swanson,WR,Colgate Raiders,Boston College Eagles,Committed,0,3.0,88.0,477.0,60.0,2023,2026-01-08T19:24:00,https://on3static.com/uploads/assets/431/586/586431.png,https://www.on3.com/db/reed-swanson-282444/,portal_wire_football_2026
Jacarrius Peak,OT,NC State Wolfpack,South Carolina Gamecocks,Committed,1176502,5.0,98.0,3.0,1.0,2022,2026-01-08T19:06:00,https://on3static.com/uploads/assets/572/225/225572.png,https://www.on3.com/db/jacarrius-peak-147253/,portal_wire_football_2026
Cooper Ranvier,K,Louisville Cardinals,Tennessee Volunteers,Committed,0,3.0,80.0,2850.0,7.0,2024,2026-01-08T19:05:00,https://on3static.com/uploads/assets/335/235/235335.png,https://www.on3.com/db/cooper-ranvier-178585/,portal_wire_football_2026
Will Stone,K,Texas Longhorns,UCF Knights,Committed,0,3.0,80.0,3013.0,34.0,2022,2026-01-08T18:56:00,https://on3static.com/uploads/assets/899/83/83899.png,https://www.on3.com/db/will-stone-121069/,portal_wire_football_2026
Atticus Bertrams,P,Wisconsin Badgers,UCF Knights,Committed,0,3.0,80.0,2989.0,17.0,2023,2026-01-08T18:55:00,https://on3static.com/uploads/assets/488/304/304488.png,https://www.on3.com/db/atticus-bertrams-147533/,portal_wire_football_2026
Ty Bartrum,S,Harvard Crimson,UCF Knights,Committed,0,3.0,88.0,1903.0,45.0,2022,2026-01-08T18:55:00,https://on3static.com/uploads/assets/786/582/582786.PNG,https://www.on3.com/db/ty-bartrum-116938/,portal_wire_football_2026
Ray Ray Joseph,WR,Miami Hurricanes,East Carolina Pirates,Committed,0,3.0,86.0,1194.0,180.0,2023,2026-01-08T18:51:00,https://on3static.com/uploads/assets/508/222/222508.jpg,https://www.on3.com/db/ray-ray-joseph-145144/,portal_wire_football_2026
Xavier Gilliam,DL,Penn State Nittany Lions,Tennessee Volunteers,Committed,0,3.0,89.0,290.0,28.0,2024,2026-01-08T18:50:00,https://on3static.com/uploads/assets/373/332/332373.png,https://www.on3.com/db/xavier-gilliam-163329/,portal_wire_football_2026
Mitch Griffis,QB,Texas Tech Red Raiders,East Carolina Pirates,Committed,0,3.0,86.0,1485.0,111.0,2020,2026-01-08T18:49:00,https://on3static.com/uploads/dev/assets/447/9/9447.jpg,https://www.on3.com/db/mitch-griffis-89861/,portal_wire_football_2026
John Henry Daley,EDGE,Utah Utes,Michigan Wolverines,Committed,792888,4.0,96.0,9.0,4.0,2021,2026-01-08T18:48:00,https://on3static.com/uploads/assets/361/576/576361.png,https://www.on3.com/db/john-henry-daley-63784/,portal_wire_football_2026
Andrew Rumph,DL,UCF Knights,Jacksonville State Gamecocks,Committed,0,3.0,85.0,2042.0,232.0,2023,2026-01-08T18:46:00,https://on3static.com/uploads/assets/748/564/564748.PNG,https://www.on3.com/db/andrew-rumph-150795/,portal_wire_football_2026
Javon Brown,WR,Toledo Rockets,Connecticut Huskies,Committed,0,3.0,86.0,1593.0,245.0,2024,2026-01-08T18:39:00,https://on3static.com/uploads/assets/767/582/582767.png,https://www.on3.com/db/javon-brown-180999/,portal_wire_football_2026
Tyler Thompson,EDGE,North Carolina Tar Heels,Louisville Cardinals,Committed,0,4.0,90.0,54.0,7.0,2023,2026-01-08T18:35:00,https://on3static.com/uploads/assets/794/222/222794.png,https://www.on3.com/db/tyler-thompson-151084/,portal_wire_football_2026
Grayson Curtis,LS,New Mexico State Aggies,Arizona State Sun Devils,Committed,0,3.0,80.0,3066.0,8.0,2022,2026-01-08T18:28:00,https://on3static.com/uploads/assets/365/389/389365.png,https://www.on3.com/db/grayson-curtis-179756/,portal_wire_football_2026
Stephon Wright,DL,Connecticut Huskies,Colorado State Rams,Committed,0,3.0,87.0,615.0,112.0,2019,2026-01-08T18:24:00,https://on3static.com/uploads/assets/540/469/469540.png,https://www.on3.com/db/stephon-wright-108585/,portal_wire_football_2026
Desmond Aladuge,DL,Duke Blue Devils,Connecticut Huskies,Committed,0,3.0,84.0,2580.0,289.0,2023,2026-01-08T18:24:00,https://on3static.com/uploads/assets/671/304/304671.png,https://www.on3.com/db/desmond-aladuge-155708/,portal_wire_football_2026
Lance Ingold,EDGE,Northern Illinois Huskies,Iowa Hawkeyes,Committed,0,3.0,86.0,992.0,140.0,2024,2026-01-08T18:22:00,https://on3static.com/uploads/assets/749/232/232749.png,https://www.on3.com/db/lance-ingold-236733/,portal_wire_football_2026
Deuce Adams,QB,Louisville Cardinals,Wisconsin Badgers,Committed,0,3.0,86.0,1373.0,102.0,2024,2026-01-08T18:21:00,https://on3static.com/uploads/assets/316/256/256316.jpg,https://www.on3.com/db/deuce-adams-150032/,portal_wire_football_2026
Patrick Bauer,LB,Illinois State Redbirds,Cincinnati Bearcats,Committed,0,3.0,87.0,1735.0,87.0,2023,2026-01-08T18:01:00,https://on3static.com/uploads/assets/111/590/590111.png,https://www.on3.com/db/patrick-bauer-284265/,portal_wire_football_2026
Flip Maciorowski,LB,Northern Illinois Huskies,Cincinnati Bearcats,Committed,0,3.0,86.0,1807.0,148.0,2023,2026-01-08T17:53:00,https://on3static.com/uploads/assets/955/568/568955.png,https://www.on3.com/db/flip-maciorowski-236981/,portal_wire_football_2026
Cade Wolford,WR,Kent State Golden Flashes,Cincinnati Bearcats,Committed,0,3.0,88.0,196.0,66.0,2024,2026-01-08T17:51:00,https://on3static.com/uploads/assets/478/567/567478.png,https://www.on3.com/db/cade-wolford-176943/,portal_wire_football_2026
Amir Renwick,LB,Connecticut Huskies,,Entered,0,3.0,86.0,1597.0,185.0,2021,2026-01-08T17:50:00,https://on3static.com/uploads/assets/454/469/469454.jpg,https://www.on3.com/db/amir-renwick-4330/,portal_wire_football_2026
Quaysheed Scott,CB,Kentucky Wildcats,South Carolina Gamecocks,Committed,0,4.0,90.0,88.0,10.0,2024,2026-01-08T17:49:00,https://on3static.com/uploads/assets/78/198/198078.jpeg,https://www.on3.com/db/quaysheed-scott-177989/,portal_wire_football_2026
Jacob Finley,CB,Northern Illinois Huskies,Cincinnati Bearcats,Committed,0,3.0,87.0,999.0,121.0,2022,2026-01-08T17:44:00,https://on3static.com/uploads/assets/23/577/577023.png,https://www.on3.com/db/jacob-finley-149978/,portal_wire_football_2026
KhiJohnn Cummings-Coleman,CB,Iowa State Cyclones,Kansas Jayhawks,Committed,0,3.0,86.0,1267.0,174.0,2024,2026-01-08T17:42:00,https://on3static.com/uploads/assets/862/571/571862.png,https://www.on3.com/db/khijohnn-cummings-coleman-161953/,portal_wire_football_2026
Chase Hendricks,WR,Ohio Bobcats,California Golden Bears,Committed,0,4.0,90.0,104.0,16.0,2023,2026-01-08T17:24:00,https://on3static.com/uploads/assets/598/148/148598.jpg,https://www.on3.com/db/chase-hendricks-20713/,portal_wire_football_2026
Everett Roussaw,LB,Memphis Tigers,Arizona Wildcats,Committed,0,3.0,87.0,1288.0,81.0,2023,2026-01-08T17:20:00,https://on3static.com/uploads/assets/860/34/34860.jpg,https://www.on3.com/db/everett-roussaw-43501/,portal_wire_football_2026
Dakotah Terrell,TE,Missouri Tigers,,Entered,0,3.0,87.0,777.0,57.0,2025,2026-01-08T17:20:00,https://on3static.com/uploads/assets/267/362/362267.png,https://www.on3.com/db/dakotah-terrell-240989/,portal_wire_football_2026
Arthur Ban,TE,San Diego State Aztecs,Arizona Wildcats,Committed,0,3.0,84.0,2380.0,147.0,2024,2026-01-08T17:14:00,https://on3static.com/uploads/assets/446/148/148446.png,https://www.on3.com/db/arthur-ban-157350/,portal_wire_football_2026
JJ Kohl,QB,Appalachian State Mountaineers,FIU Golden Panthers,Committed,0,3.0,88.0,917.0,33.0,2023,2026-01-08T17:06:00,https://on3static.com/uploads/assets/910/401/401910.png,https://www.on3.com/db/jj-kohl-61878/,portal_wire_football_2026
Theo Melin Ohrstrom,TE,Texas A&M Aggies,SMU Mustangs,Committed,0,3.0,88.0,193.0,27.0,2022,2026-01-08T17:05:00,https://on3static.com/uploads/assets/111/88/88111.jpg,https://www.on3.com/db/theo-melin-ohrstrom-145955/,portal_wire_football_2026
Jarra Anderson,DL,Arizona Wildcats,Sam Houston State Bearkats,Committed,0,,,,,2023,2026-01-08T16:58:00,https://on3static.com/uploads/assets/603/214/214603.jpeg,https://www.on3.com/db/jarra-anderson-57015/,portal_wire_football_2026
Eduwa Okundaye,DL,Arizona Wildcats,Washington State Cougars,Committed,0,3.0,84.0,2073.0,263.0,2024,2026-01-08T16:56:00,https://on3static.com/uploads/assets/660/155/155660.png,https://www.on3.com/db/eduwa-okundaye-176810/,portal_wire_football_2026
Keyshawn Blackstock,OT,Arkansas Razorbacks,,Entered,0,3.0,86.0,1586.0,116.0,2021,2026-01-08T16:54:00,https://on3static.com/uploads/assets/212/235/235212.png,https://www.on3.com/db/keyshawn-blackstock-159287/,portal_wire_football_2026
Sawyer Siedl,RB,North Dakota Fighting Hawks,Wake Forest Demon Deacons,Committed,0,3.0,87.0,1173.0,91.0,2023,2026-01-08T16:48:00,https://on3static.com/uploads/assets/311/567/567311.png,https://www.on3.com/db/sawyer-siedl-161850/,portal_wire_football_2026
Benjamin Perry,LB,UCLA Bruins,Louisville Cardinals,Committed,0,3.0,86.0,1905.0,140.0,2021,2026-01-08T16:42:00,https://on3static.com/uploads/assets/760/582/582760.png,https://www.on3.com/db/benjamin-perry-10149/,portal_wire_football_2026
Jaylon Joseph,DL,Lafayette Leopards,Temple Owls,Committed,0,3.0,87.0,782.0,126.0,2023,2026-01-08T16:35:00,https://on3static.com/uploads/assets/94/580/580094.png,https://www.on3.com/db/jaylon-joseph-154397/,portal_wire_football_2026
Caden Jenkins,CB,Baylor Bears,North Texas Mean Green,Committed,0,,,,,2023,2026-01-08T16:35:00,https://on3static.com/uploads/assets/529/207/207529.jpeg,https://www.on3.com/db/caden-jenkins-149732/,portal_wire_football_2026
Kevin Hornbeak,DL,Tiffin University Dragons,Temple Owls,Committed,0,3.0,84.0,2566.0,285.0,2023,2026-01-08T16:34:00,https://on3static.com/uploads/assets/565/579/579565.png,https://www.on3.com/db/kevin-hornbeak-283527/,portal_wire_football_2026
Derek Osman,IOL,Harvard Crimson,UCLA Bruins,Committed,0,3.0,87.0,2313.0,109.0,2022,2026-01-08T16:33:00,https://on3static.com/uploads/assets/509/543/543509.png,https://www.on3.com/db/derek-osman-34785/,portal_wire_football_2026
Santana Alo-Tupuola,IOL,Georgia Tech Yellow Jackets,Arizona State Sun Devils,Committed,0,3.0,86.0,1065.0,140.0,2024,2026-01-08T16:33:00,https://on3static.com/uploads/assets/519/333/333519.png,https://www.on3.com/db/santana-alo-tupuola-174832/,portal_wire_football_2026
Joey Schlaffer,TE,Penn State Nittany Lions,Temple Owls,Committed,0,3.0,87.0,1111.0,43.0,2023,2026-01-08T16:30:00,https://on3static.com/uploads/assets/560/165/165560.png,https://www.on3.com/db/joey-schlaffer-62871/,portal_wire_football_2026
Chase Barry,P,Oklahoma State Cowboys,UCLA Bruins,Committed,0,3.0,80.0,3018.0,31.0,2022,2026-01-08T16:30:00,https://on3static.com/uploads/assets/983/268/268983.jpeg,https://www.on3.com/db/chase-barry-160987/,portal_wire_football_2026
Braylon Rigsby,DL,Texas Tech Red Raiders,Oklahoma State Cowboys,Committed,0,3.0,87.0,686.0,60.0,2023,2026-01-08T16:30:00,https://on3static.com/uploads/assets/263/167/167263.png,https://www.on3.com/db/braylon-rigsby-155793/,portal_wire_football_2026
Tad Hudson,QB,Coastal Carolina Chanticleers,,Entered,0,3.0,85.0,2228.0,138.0,2023,2026-01-08T16:21:00,https://on3static.com/uploads/assets/768/222/222768.png,https://www.on3.com/db/tad-hudson-144886/,portal_wire_football_2026
Jacob Baker,P,Eastern Kentucky Colonels,Louisville Cardinals,Committed,0,3.0,80.0,3114.0,24.0,2023,2026-01-08T16:07:00,https://on3static.com/uploads/assets/164/587/587164.png,https://www.on3.com/db/jacob-baker-284051/,portal_wire_football_2026
Damaine Wilson,LB,Georgia State Panthers,Cincinnati Bearcats,Committed,0,3.0,85.0,2229.0,202.0,2024,2026-01-08T16:04:00,https://on3static.com/uploads/assets/558/338/338558.png,https://www.on3.com/db/damaine-wilson-180841/,portal_wire_football_2026
Daniel Hughes,P,New Mexico Lobos,Florida State Seminoles,Committed,0,3.0,80.0,3123.0,3.0,2024,2026-01-08T16:04:00,https://on3static.com/uploads/assets/67/590/590067.png,https://www.on3.com/db/daniel-hughes-284257/,portal_wire_football_2026
Eugene Hilton Jr.,WR,Wisconsin Badgers,Wisconsin Badgers,Withdrawn,0,0.0,,,,2025,2026-01-08T16:00:00,https://on3static.com/uploads/assets/169/313/313169.jpg,https://www.on3.com/db/eugene-hilton-jr-163112/,portal_wire_football_2026
Nuku Mafi,OT,Oklahoma State Cowboys,Purdue Boilermakers,Committed,0,3.0,87.0,1265.0,53.0,2024,2026-01-08T15:52:00,https://on3static.com/uploads/assets/521/571/571521.png,https://www.on3.com/db/nuku-mafi-154819/,portal_wire_football_2026
TaRon Francis,WR,LSU Tigers,West Virginia Mountaineers,Committed,109570,3.0,89.0,227.0,33.0,2025,2026-01-08T15:50:00,https://on3static.com/uploads/assets/477/188/188477.jpg,https://www.on3.com/db/taron-francis-155984/,portal_wire_football_2026
Rodney Lora,DL,UCF Knights,Purdue Boilermakers,Committed,0,3.0,87.0,944.0,55.0,2023,2026-01-08T15:44:00,https://on3static.com/uploads/assets/753/564/564753.PNG,https://www.on3.com/db/rodney-lora-152274/,portal_wire_football_2026
Jon Morris,LB,Connecticut Huskies,Duke Blue Devils,Committed,0,3.0,84.0,2629.0,246.0,2024,2026-01-08T15:43:00,https://on3static.com/uploads/assets/536/469/469536.png,https://www.on3.com/db/jon-morris-176118/,portal_wire_football_2026
Elijiah Oehlke,QB,Wake Forest Demon Deacons,Bryant University Bulldogs,Committed,0,3.0,86.0,1845.0,87.0,2025,2026-01-08T15:35:00,https://on3static.com/uploads/assets/348/315/315348.png,https://www.on3.com/db/elijiah-oehlke-240386/,portal_wire_football_2026
Logan Howland,OT,Oklahoma Sooners,Virginia Tech Hokies,Committed,0,3.0,87.0,1005.0,71.0,2023,2026-01-08T15:33:00,https://on3static.com/uploads/assets/4/332/332004.png,https://www.on3.com/db/logan-howland-150285/,portal_wire_football_2026
Lyrik Rawls,S,Kansas Jayhawks,Arizona State Sun Devils,Committed,0,3.0,89.0,247.0,28.0,2021,2026-01-08T15:25:00,https://on3static.com/uploads/assets/575/226/226575.png,https://www.on3.com/db/lyrik-rawls-81069/,portal_wire_football_2026
Josh Hough,DL,"California, Pa. Vulcans",Cincinnati Bearcats,Committed,0,3.0,86.0,1836.0,190.0,2021,2026-01-08T15:12:00,https://on3static.com/uploads/assets/379/16/16379.jpeg,https://www.on3.com/db/josh-hough-144658/,portal_wire_football_2026
Nate Palmer,RB,TCU Horned Frogs,Wisconsin Badgers,Committed,0,3.0,86.0,1885.0,137.0,2024,2026-01-08T15:11:00,https://on3static.com/uploads/assets/577/187/187577.jpeg,https://www.on3.com/db/nate-palmer-151943/,portal_wire_football_2026
Ishmael Findlayter,EDGE,Duquesne Dukes,Oregon State Beavers,Committed,0,3.0,85.0,1983.0,168.0,2023,2026-01-08T15:07:00,https://on3static.com/uploads/assets/815/162/162815.png,https://www.on3.com/db/ishmael-findlayter-151133/,portal_wire_football_2026
Banks Bowen,QB,Oklahoma State Cowboys,North Alabama Lions,Committed,0,3.0,81.0,2881.0,195.0,2025,2026-01-08T15:00:00,https://on3static.com/uploads/assets/799/327/327799.png,https://www.on3.com/db/banks-bowen-239729/,portal_wire_football_2026
Jaziun Patterson,RB,Iowa Hawkeyes,Michigan State Spartans,Committed,0,3.0,86.0,1027.0,127.0,2022,2026-01-08T15:00:00,https://on3static.com/uploads/assets/591/139/139591.JPG,https://www.on3.com/db/jaziun-patterson-59287/,portal_wire_football_2026
Daveon Crouch,LB,Boston College Eagles,Kansas Jayhawks,Committed,0,3.0,87.0,838.0,71.0,2022,2026-01-08T15:00:00,https://on3static.com/uploads/assets/279/165/165279.png,https://www.on3.com/db/daveon-crouch-31379/,portal_wire_football_2026
Ty Morris,LB,Rice Owls,Rutgers Scarlet Knights,Committed,0,3.0,87.0,1557.0,103.0,2023,2026-01-08T14:55:00,https://on3static.com/uploads/assets/354/582/582354.png,https://www.on3.com/db/ty-morris-117057/,portal_wire_football_2026
Zion Williams,DL,LSU Tigers,Texas Longhorns,Committed,0,3.0,87.0,1034.0,99.0,2025,2026-01-08T14:54:00,https://on3static.com/uploads/assets/426/329/329426.png,https://www.on3.com/db/zion-williams-176158/,portal_wire_football_2026
Brock Glenn,QB,Florida State Seminoles,Western Kentucky Hilltoppers,Committed,0,3.0,85.0,2080.0,131.0,2023,2026-01-08T14:53:00,https://on3static.com/uploads/assets/126/242/242126.jpeg,https://www.on3.com/db/brock-glenn-15043/,portal_wire_football_2026
Wondame Davis,WR,UTEP Miners,Wake Forest Demon Deacons,Committed,0,3.0,87.0,839.0,118.0,2024,2026-01-08T14:41:00,https://on3static.com/uploads/assets/413/586/586413.png,https://www.on3.com/db/wondame-davis-178760/,portal_wire_football_2026
Drew Spinogatti,LB,James Madison Dukes,UCLA Bruins,Committed,0,3.0,87.0,697.0,80.0,2023,2026-01-08T14:29:00,https://on3static.com/uploads/assets/722/578/578722.png,https://www.on3.com/db/drew-spinogatti-283575/,portal_wire_football_2026
Ethan Stangle,LS,Syracuse Orange,Alabama Crimson Tide,Committed,0,3.0,80.0,3062.0,7.0,2022,2026-01-08T14:28:00,https://on3static.com/uploads/assets/612/582/582612.png,https://www.on3.com/db/ethan-stangle-163935/,portal_wire_football_2026
Jaylen Webb,S,Boise State Broncos,Nevada Wolf Pack,Committed,0,,,,,2023,2026-01-08T14:26:00,https://on3static.com/uploads/assets/479/370/370479.png,https://www.on3.com/db/jaylen-webb-246422/,portal_wire_football_2026
Joseph Hanson,OT,Coastal Carolina Chanticleers,Oklahoma State Cowboys,Committed,0,3.0,89.0,239.0,21.0,2023,2026-01-08T14:25:00,https://on3static.com/uploads/assets/647/582/582647.png,https://www.on3.com/db/joseph-hanson-158824/,portal_wire_football_2026
Dallas Vakalahi,DL,Utah Utes,Penn State Nittany Lions,Committed,0,3.0,86.0,1067.0,166.0,2022,2026-01-08T14:22:00,https://on3static.com/uploads/assets/488/581/581488.png,https://www.on3.com/db/dallas-vakalahi-28234/,portal_wire_football_2026
Cody Sigler,DL,Arkansas State Red Wolves,Auburn Tigers,Committed,0,3.0,89.0,174.0,16.0,2022,2026-01-08T14:20:00,https://on3static.com/uploads/assets/135/557/557135.jpg,https://www.on3.com/db/cody-sigler-282608/,portal_wire_football_2026
Melvin Hills III,DL,Texas Longhorns,Connecticut Huskies,Committed,0,3.0,87.0,1210.0,119.0,2024,2026-01-08T14:16:00,https://on3static.com/uploads/assets/491/331/331491.png,https://www.on3.com/db/melvin-hills-iii-155313/,portal_wire_football_2026
Brady Allen,QB,Louisville Cardinals,Indiana State Sycamores,Committed,0,3.0,86.0,1825.0,97.0,2022,2026-01-08T14:13:00,https://on3static.com/uploads/assets/195/168/168195.png,https://www.on3.com/db/brady-allen-11833/,portal_wire_football_2026
Braydon Lee,CB,Maryland Terrapins,Arkansas Razorbacks,Committed,0,3.0,88.0,460.0,43.0,2024,2026-01-08T14:12:00,https://on3static.com/uploads/assets/756/581/581756.png,https://www.on3.com/db/braydon-lee-150310/,portal_wire_football_2026
Marvis Parrish,RB,Western Kentucky Hilltoppers,Michigan State Spartans,Committed,0,3.0,83.0,2366.0,213.0,2025,2026-01-08T14:09:00,https://on3static.com/uploads/assets/760/581/581760.png,https://www.on3.com/db/marvis-parrish-176873/,portal_wire_football_2026
Trey Lisle,EDGE,Southeast Missouri State Redhawks,Michigan State Spartans,Committed,0,3.0,84.0,1906.0,194.0,2024,2026-01-08T14:09:00,https://on3static.com/uploads/assets/938/581/581938.png,https://www.on3.com/db/trey-lisle-283720/,portal_wire_football_2026
Joshua Burrell,TE,Furman Paladins,Arkansas State Red Wolves,Committed,0,3.0,85.0,2227.0,120.0,2021,2026-01-08T14:04:00,https://on3static.com/uploads/assets/44/242/242044.jpeg,https://www.on3.com/db/joshua-burrell-67854/,portal_wire_football_2026
Amaris Williams,DL,Auburn Tigers,Georgia Bulldogs,Committed,0,3.0,89.0,215.0,20.0,2024,2026-01-08T14:03:00,https://on3static.com/uploads/assets/605/303/303605.png,https://www.on3.com/db/amaris-williams-163245/,portal_wire_football_2026
Wes King,IOL,Wyoming Cowboys,West Virginia Mountaineers,Committed,0,3.0,89.0,276.0,25.0,2022,2026-01-08T14:03:00,https://on3static.com/uploads/assets/761/579/579761.jpg,https://www.on3.com/db/wes-king-156135/,portal_wire_football_2026
Maarten Woudsma,IOL,Old Dominion Monarchs,Memphis Tigers,Committed,0,3.0,87.0,544.0,102.0,2022,2026-01-08T14:01:00,https://on3static.com/uploads/assets/138/26/26138.png,https://www.on3.com/db/maarten-woudsma-81111/,portal_wire_football_2026
Ja’Quan Sprinkle,IOL,North Carolina Central Eagles,LSU Tigers,Committed,0,3.0,86.0,1691.0,131.0,2023,2026-01-08T13:58:00,https://on3static.com/uploads/assets/93/587/587093.png,https://www.on3.com/db/jaquan-sprinkle-59297/,portal_wire_football_2026
Brenden Anes,LB,Tennessee Volunteers,Western Michigan Broncos,Committed,0,3.0,87.0,519.0,108.0,2025,2026-01-08T13:57:00,https://on3static.com/uploads/assets/741/314/314741.png,https://www.on3.com/db/brenden-anes-175471/,portal_wire_football_2026
Cheta Ofili,EDGE,Texas Tech Red Raiders,TCU Horned Frogs,Committed,0,3.0,87.0,718.0,86.0,2024,2026-01-08T13:57:00,https://on3static.com/uploads/assets/103/122/122103.jpg,https://www.on3.com/db/cheta-ofili-174412/,portal_wire_football_2026
Matthew Wade,OT,Oklahoma State Cowboys,Utah State Aggies,Committed,0,,,,,0,2026-01-08T13:55:00,,https://www.on3.com/db/matthew-wade-283975/,portal_wire_football_2026
Jaelyne Matthews,OT,Florida State Seminoles,Mississippi State Bulldogs,Committed,0,3.0,86.0,1619.0,128.0,2025,2026-01-08T13:52:00,https://on3static.com/uploads/assets/777/225/225777.png,https://www.on3.com/db/jaelyne-matthews-154312/,portal_wire_football_2026
Liona Lefau,LB,Texas Longhorns,Colorado Buffaloes,Committed,0,3.0,88.0,184.0,30.0,2023,2026-01-08T13:49:00,https://on3static.com/uploads/assets/997/201/201997.png,https://www.on3.com/db/liona-lefau-79530/,portal_wire_football_2026
Adjatay Dabbs,WR,Mercer Bears,Toledo Rockets,Committed,0,3.0,87.0,1204.0,106.0,2023,2026-01-08T13:46:00,https://on3static.com/uploads/assets/305/568/568305.png,https://www.on3.com/db/adjatay-dabbs-283166/,portal_wire_football_2026
Jaheim Buchanon,IOL,FIU Golden Panthers,TCU Horned Frogs,Committed,0,3.0,87.0,1357.0,75.0,2023,2026-01-08T13:44:00,https://on3static.com/uploads/assets/386/576/576386.png,https://www.on3.com/db/jaheim-buchanon-52930/,portal_wire_football_2026
DJ Warner,EDGE,SMU Mustangs,Washington State Cougars,Committed,0,3.0,88.0,918.0,48.0,2024,2026-01-08T13:27:00,https://on3static.com/uploads/assets/125/392/392125.jpg,https://www.on3.com/db/dj-warner-154600/,portal_wire_football_2026
Zylan Perry,RB,Louisiana Ragin Cajuns,Cincinnati Bearcats,Committed,0,3.0,88.0,951.0,51.0,2022,2026-01-08T13:25:00,https://on3static.com/uploads/assets/352/573/573352.jpeg,https://www.on3.com/db/zylan-perry-123944/,portal_wire_football_2026
Zaquan Bryan,CB,Minnesota Golden Gophers,USF Bulls,Committed,0,3.0,87.0,646.0,100.0,2023,2026-01-08T13:24:00,https://on3static.com/uploads/assets/548/533/533548.jpg,https://www.on3.com/db/zaquan-bryan-151564/,portal_wire_football_2026
Taylor Tatum,RB,Oklahoma Sooners,Michigan Wolverines,Committed,0,3.0,87.0,307.0,97.0,2024,2026-01-08T13:14:00,https://on3static.com/uploads/assets/548/582/582548.png,https://www.on3.com/db/taylor-tatum-110916/,portal_wire_football_2026
Robert Wright,OT,Georgia Southern Eagles,Michigan State Spartans,Committed,0,3.0,89.0,255.0,23.0,2023,2026-01-08T13:09:00,https://on3static.com/uploads/assets/573/582/582573.png,https://www.on3.com/db/robert-wright-163267/,portal_wire_football_2026
Reshad Sterling,EDGE,Houston Cougars,Tulane Green Wave,Committed,0,,,,,2025,2026-01-08T13:09:00,https://on3static.com/uploads/assets/191/250/250191.png,https://www.on3.com/db/reshad-sterling-236333/,portal_wire_football_2026
Upton Bellenfant,K,Texas Tech Red Raiders,South Carolina Gamecocks,Committed,0,3.0,80.0,2994.0,37.0,0,2026-01-08T13:03:00,https://on3static.com/uploads/assets/233/341/341233.png,https://www.on3.com/db/upton-bellenfant-245123/,portal_wire_football_2026
Braylon Conley,CB,USC Trojans,Georgia Bulldogs,Committed,0,3.0,87.0,1168.0,112.0,2024,2026-01-08T13:02:00,https://on3static.com/uploads/assets/293/335/335293.png,https://www.on3.com/db/braylon-conley-147621/,portal_wire_football_2026
Luke Dehnicke,TE,Minnesota Duluth Bulldogs,Northwestern Wildcats,Committed,0,3.0,88.0,285.0,25.0,2024,2026-01-08T13:02:00,https://on3static.com/uploads/assets/317/570/570317.png,https://www.on3.com/db/luke-dehnicke-283281/,portal_wire_football_2026
Montae Pate,CB,Weber State Wildcats,Northwestern Wildcats,Committed,0,3.0,87.0,1634.0,135.0,2022,2026-01-08T13:01:00,https://on3static.com/uploads/assets/878/585/585878.png,https://www.on3.com/db/montae-pate-234549/,portal_wire_football_2026
Anthony Jones,EDGE,UCLA Bruins,Nebraska Cornhuskers,Committed,0,3.0,86.0,397.0,145.0,2022,2026-01-08T12:56:00,https://on3static.com/uploads/assets/894/93/93894.jpeg,https://www.on3.com/db/anthony-jones-145193/,portal_wire_football_2026
Grant Houser,TE,Louisville Cardinals,Colorado State Rams,Committed,0,3.0,86.0,1583.0,100.0,2025,2026-01-08T12:54:00,https://on3static.com/uploads/assets/600/582/582600.png,https://www.on3.com/db/grant-houser-180337/,portal_wire_football_2026
Jaleel Johnson,EDGE,Oklahoma State Cowboys,Oklahoma State Cowboys,Withdrawn,0,0.0,,,,2022,2026-01-08T12:47:00,https://on3static.com/uploads/assets/638/226/226638.png,https://www.on3.com/db/jaleel-johnson-145653/,portal_wire_football_2026
Dexter Williams II,QB,Kennesaw State Owls,Tulsa Golden Hurricane,Committed,0,3.0,85.0,2426.0,123.0,2020,2026-01-08T12:36:00,https://on3static.com/uploads/dev/assets/192/6/6192.jpg,https://www.on3.com/db/dexter-williams-ii-36765/,portal_wire_football_2026
Johnny Williams IV,OT,Missouri Tigers,North Texas Mean Green,Committed,0,3.0,88.0,359.0,50.0,2023,2026-01-08T12:29:00,https://on3static.com/uploads/assets/239/397/397239.jpg,https://www.on3.com/db/johnny-williams-iv-64113/,portal_wire_football_2026
Zach Haber,LS,Arkansas Razorbacks,Illinois Fighting Illini,Committed,0,3.0,80.0,3129.0,24.0,2023,2026-01-08T12:28:00,https://on3static.com/uploads/assets/961/589/589961.png,https://www.on3.com/db/zach-haber-284246/,portal_wire_football_2026
Thai Chiaokhiao-Bowman,WR,Connecticut Huskies,,Entered,0,3.0,83.0,2758.0,395.0,2020,2026-01-08T12:23:00,https://on3static.com/uploads/assets/438/469/469438.png,https://www.on3.com/db/thai-chiaokhiao-bowman-112107/,portal_wire_football_2026
Isiah Canion,WR,Georgia Tech Yellow Jackets,Georgia Bulldogs,Committed,0,3.0,88.0,106.0,38.0,2024,2026-01-08T12:21:00,https://on3static.com/uploads/assets/494/333/333494.png,https://www.on3.com/db/isiah-canion-177852/,portal_wire_football_2026
James Madison II,WR,Missouri Tigers,UTSA Roadrunners,Committed,0,3.0,86.0,1783.0,224.0,2024,2026-01-08T12:18:00,https://on3static.com/uploads/assets/896/155/155896.jpg,https://www.on3.com/db/james-madison-ii-55701/,portal_wire_football_2026
Koby Keenum,IOL,Mississippi State Bulldogs,Memphis Tigers,Committed,0,3.0,86.0,1590.0,133.0,2023,2026-01-08T12:17:00,https://on3static.com/uploads/assets/282/222/222282.png,https://www.on3.com/db/koby-keenum-75631/,portal_wire_football_2026
Brian Tapu,OT,Nebraska Cornhuskers,,Entered,0,3.0,87.0,780.0,85.0,2025,2026-01-08T12:01:00,https://on3static.com/uploads/assets/520/317/317520.png,https://www.on3.com/db/brian-tapu-237584/,portal_wire_football_2026
Carter Lavrusky,OT,Kansas Jayhawks,Northern Arizona Lumberjacks,Committed,0,3.0,86.0,1487.0,153.0,2024,2026-01-08T11:50:00,https://on3static.com/uploads/assets/528/236/236528.jpeg,https://www.on3.com/db/carter-lavrusky-177273/,portal_wire_football_2026
Jayden Woods,EDGE,Florida Gators,Florida Gators,Withdrawn,800396,0.0,,,,2025,2026-01-08T11:44:00,https://on3static.com/uploads/assets/979/308/308979.jpg,https://www.on3.com/db/jayden-woods-162306/,portal_wire_football_2026
Bailey Ettridge,P,Nevada Wolf Pack,Oregon Ducks,Committed,0,3.0,80.0,3067.0,12.0,2025,2026-01-08T11:42:00,https://on3static.com/uploads/assets/490/582/582490.png,https://www.on3.com/db/bailey-ettridge-283737/,portal_wire_football_2026
Kevin Longstreet,CB,USC Trojans,New Mexico Lobos,Committed,0,3.0,82.0,2846.0,329.0,2023,2026-01-08T11:36:00,https://on3static.com/uploads/assets/984/400/400984.png,https://www.on3.com/db/kevin-longstreet-174679/,portal_wire_football_2026
Rino Monteforte,LS,California Golden Bears,Kansas Jayhawks,Committed,0,3.0,80.0,3037.0,43.0,2022,2026-01-08T11:35:00,https://on3static.com/uploads/assets/202/581/581202.png,https://www.on3.com/db/rino-monteforte-146252/,portal_wire_football_2026
DJ Lagway,QB,Florida Gators,Baylor Bears,Committed,1173042,4.0,90.0,73.0,12.0,2024,2026-01-08T11:32:00,https://on3static.com/uploads/assets/907/287/287907.png,https://www.on3.com/db/dj-lagway-34744/,portal_wire_football_2026
Blake Kendall,QB,James Madison Dukes,,Entered,0,3.0,82.0,2849.0,194.0,2022,2026-01-08T11:31:00,https://on3static.com/uploads/assets/427/178/178427.jpeg,https://www.on3.com/db/blake-kendall-10906/,portal_wire_football_2026
JC French,QB,Georgia Southern Eagles,Cincinnati Bearcats,Committed,0,3.0,88.0,593.0,35.0,2022,2026-01-08T11:29:00,https://on3static.com/uploads/assets/15/577/577015.png,https://www.on3.com/db/jc-french-59312/,portal_wire_football_2026
Nijrell Eason II,CB,UNLV Rebels,,Entered,0,3.0,83.0,2757.0,319.0,2024,2026-01-08T11:29:00,https://on3static.com/uploads/assets/520/582/582520.png,https://www.on3.com/db/nijrell-eason-ii-93323/,portal_wire_football_2026
RJ Todd,LS,Western Michigan Broncos,Oregon Ducks,Committed,0,3.0,80.0,3065.0,6.0,2022,2026-01-08T11:25:00,https://on3static.com/uploads/assets/477/582/582477.png,https://www.on3.com/db/rj-todd-178618/,portal_wire_football_2026
Bobby Crosby,S,Texas State Bobcats,,Entered,0,3.0,86.0,1596.0,125.0,2020,2026-01-08T11:23:00,https://on3static.com/uploads/assets/516/582/582516.png,https://www.on3.com/db/bobby-crosby-282131/,portal_wire_football_2026
Trezelle Jenkins,IOL,Wayne State Warriors,Kansas Jayhawks,Committed,0,3.0,85.0,2046.0,173.0,2025,2026-01-08T11:19:00,https://on3static.com/uploads/assets/970/571/571970.png,https://www.on3.com/db/trezelle-jenkins-235772/,portal_wire_football_2026
Phoenix Jackson,LB,Baylor Bears,Arkansas Razorbacks,Committed,0,3.0,86.0,1066.0,129.0,2021,2026-01-08T11:17:00,https://on3static.com/uploads/assets/597/391/391597.jpg,https://www.on3.com/db/phoenix-jackson-246955/,portal_wire_football_2026
Rickey Gibson,CB,Tennessee Volunteers,Texas A&M Aggies,Committed,0,4.0,90.0,57.0,6.0,2023,2026-01-08T11:15:00,https://on3static.com/uploads/assets/194/226/226194.jpeg,https://www.on3.com/db/rickey-gibson-151118/,portal_wire_football_2026
Mikey Keene,QB,Michigan Wolverines,Arizona State Sun Devils,Committed,0,3.0,87.0,741.0,44.0,2021,2026-01-08T11:14:00,https://on3static.com/uploads/assets/256/132/132256.jpeg,https://www.on3.com/db/mikey-keene-89563/,portal_wire_football_2026
Breck Chambers,P,UTSA Roadrunners,,Entered,0,3.0,80.0,3063.0,39.0,2023,2026-01-08T11:11:00,https://on3static.com/uploads/assets/546/582/582546.png,https://www.on3.com/db/breck-chambers-246860/,portal_wire_football_2026
Roman Pearson,S,Ball State Cardinals,Kansas Jayhawks,Committed,0,3.0,86.0,1584.0,121.0,2022,2026-01-08T11:10:00,https://on3static.com/uploads/assets/929/580/580929.png,https://www.on3.com/db/roman-pearson-145911/,portal_wire_football_2026
Nik McMillan,WR,Buffalo Bulls,Kansas Jayhawks,Committed,0,3.0,88.0,911.0,67.0,2022,2026-01-08T11:09:00,https://on3static.com/uploads/assets/204/341/341204.png,https://www.on3.com/db/nik-mcmillan-219365/,portal_wire_football_2026
London Merritt,EDGE,Colorado Buffaloes,Clemson Tigers,Committed,0,4.0,90.0,81.0,12.0,2025,2026-01-08T11:09:00,https://on3static.com/uploads/assets/210/294/294210.jpg,https://www.on3.com/db/london-merritt-159026/,portal_wire_football_2026
Donovan Faupel,WR,New Mexico State Aggies,Arkansas Razorbacks,Committed,0,3.0,87.0,1175.0,119.0,2023,2026-01-08T11:08:00,https://on3static.com/uploads/assets/326/567/567326.png,https://www.on3.com/db/donovan-faupel-175703/,portal_wire_football_2026
DK McGruder,CB,Mississippi State Bulldogs,,Entered,0,,,,,2022,2026-01-08T11:07:00,https://on3static.com/uploads/assets/79/583/583079.png,https://www.on3.com/db/dk-mcgruder-236244/,portal_wire_football_2026
Hunter Watson,QB,Sam Houston State Bearkats,,Entered,0,3.0,86.0,1582.0,81.0,2022,2026-01-08T11:06:00,https://on3static.com/uploads/assets/503/582/582503.png,https://www.on3.com/db/hunter-watson-239481/,portal_wire_football_2026
Tyler Scott,CB,Georgia State Panthers,Arkansas Razorbacks,Committed,0,3.0,85.0,2058.0,247.0,2023,2026-01-08T11:04:00,https://on3static.com/uploads/assets/611/303/303611.png,https://www.on3.com/db/tyler-scott-154497/,portal_wire_football_2026
Samuel Riddy,DL,East Carolina Pirates,,Entered,0,3.0,82.0,2848.0,316.0,2024,2026-01-08T11:04:00,https://on3static.com/uploads/assets/59/338/338059.png,https://www.on3.com/db/samuel-riddy-236986/,portal_wire_football_2026
Kalil Alexander,EDGE,Texas State Bobcats,,Entered,0,3.0,88.0,368.0,53.0,2021,2026-01-08T11:03:00,https://on3static.com/uploads/assets/637/511/511637.png,https://www.on3.com/db/kalil-alexander-175919/,portal_wire_football_2026
Devin Davis,IOL,Charlotte 49ers,,Entered,0,3.0,86.0,1589.0,155.0,2022,2026-01-08T11:02:00,https://on3static.com/uploads/assets/622/405/405622.png,https://www.on3.com/db/devin-davis-248623/,portal_wire_football_2026
Lakhi Roland,CB,Maryland Terrapins,Arkansas Razorbacks,Committed,0,3.0,87.0,976.0,65.0,2024,2026-01-08T10:56:00,https://on3static.com/uploads/assets/913/383/383913.jpg,https://www.on3.com/db/lakhi-roland-154931/,portal_wire_football_2026
King Mack,S,Penn State Nittany Lions,NC State Wolfpack,Committed,0,3.0,89.0,179.0,18.0,2023,2026-01-08T10:54:00,https://on3static.com/uploads/assets/759/204/204759.png,https://www.on3.com/db/king-mack-75244/,portal_wire_football_2026
Malaki Ta’ase,DL,Washington State Cougars,Iowa State Cyclones,Committed,0,3.0,86.0,1276.0,167.0,2024,2026-01-08T10:47:00,https://on3static.com/uploads/assets/614/571/571614.png,https://www.on3.com/db/malaki-taase-148039/,portal_wire_football_2026
Josh Atkins,OT,Arizona State Sun Devils,Missouri Tigers,Committed,0,4.0,90.0,101.0,7.0,2021,2026-01-08T10:42:00,https://on3static.com/uploads/assets/375/472/472375.jpg,https://www.on3.com/db/josh-atkins-67815/,portal_wire_football_2026
Mihalis Santorineos,LB,New Mexico Lobos,,Entered,0,3.0,84.0,2578.0,224.0,2021,2026-01-08T10:42:00,https://on3static.com/uploads/assets/915/178/178915.png,https://www.on3.com/db/mihalis-santorineos-88692/,portal_wire_football_2026
Nick Herzog,OT,Northwestern Wildcats,,Entered,0,3.0,84.0,2579.0,193.0,2022,2026-01-08T10:41:00,https://on3static.com/uploads/assets/112/88/88112.jpeg,https://www.on3.com/db/nick-herzog-92617/,portal_wire_football_2026
Donovan Green,TE,LSU Tigers,Oklahoma State Cowboys,Committed,0,3.0,86.0,1563.0,73.0,2022,2026-01-08T10:39:00,https://on3static.com/uploads/assets/63/88/88063.jpg,https://www.on3.com/db/donovan-green-38179/,portal_wire_football_2026
Lex Thomas,QB,NC State Wolfpack,,Entered,0,3.0,86.0,1592.0,113.0,2023,2026-01-08T10:39:00,https://on3static.com/uploads/assets/533/225/225533.png,https://www.on3.com/db/lex-thomas-146254/,portal_wire_football_2026
Ondre Evans,CB,Georgia Bulldogs,NC State Wolfpack,Committed,102066,3.0,87.0,765.0,70.0,2024,2026-01-08T10:38:00,https://on3static.com/uploads/assets/807/581/581807.png,https://www.on3.com/db/ondre-evans-147396/,portal_wire_football_2026
Kyler Kasper,WR,Oregon Ducks,BYU Cougars,Committed,0,3.0,86.0,1440.0,273.0,2022,2026-01-08T10:33:00,https://on3static.com/uploads/assets/904/93/93904.jpeg,https://www.on3.com/db/kyler-kasper-145481/,portal_wire_football_2026
Montavin Quisenberry,WR,Kentucky Wildcats,Louisville Cardinals,Committed,0,3.0,86.0,1900.0,172.0,2025,2026-01-08T10:32:00,https://on3static.com/uploads/assets/376/195/195376.png,https://www.on3.com/db/montavin-quisenberry-162875/,portal_wire_football_2026
Raion Strader,CB,Auburn Tigers,Pittsburgh Panthers,Committed,0,3.0,88.0,342.0,34.0,2023,2026-01-08T10:29:00,https://on3static.com/uploads/assets/335/396/396335.jpg,https://www.on3.com/db/raion-strader-155683/,portal_wire_football_2026
Tate Romney,LB,Arizona State Sun Devils,Oklahoma State Cowboys,Committed,0,3.0,84.0,2332.0,226.0,2020,2026-01-08T10:28:00,https://on3static.com/uploads/assets/294/472/472294.jpg,https://www.on3.com/db/tate-romney-110427/,portal_wire_football_2026
Alex Perry,WR,FIU Golden Panthers,Illinois Fighting Illini,Committed,0,3.0,88.0,592.0,37.0,2022,2026-01-08T10:28:00,https://on3static.com/uploads/assets/303/408/408303.png,https://www.on3.com/db/alex-perry-147208/,portal_wire_football_2026
Jake Furtney,TE,Illinois Fighting Illini,Ohio Bobcats,Committed,0,3.0,81.0,2890.0,162.0,2024,2026-01-08T10:26:00,https://on3static.com/uploads/assets/733/577/577733.jpg,https://www.on3.com/db/jake-furtney-161975/,portal_wire_football_2026
Justin Bowick,WR,Illinois Fighting Illini,Oklahoma State Cowboys,Committed,0,3.0,86.0,268.0,169.0,2022,2026-01-08T10:18:00,https://on3static.com/uploads/assets/955/275/275955.png,https://www.on3.com/db/justin-bowick-239664/,portal_wire_football_2026
Keon Wylie,LB,Penn State Nittany Lions,Virginia Tech Hokies,Committed,0,3.0,87.0,414.0,51.0,2022,2026-01-08T10:15:00,https://on3static.com/uploads/assets/102/120/120102.png,https://www.on3.com/db/keon-wylie-73634/,portal_wire_football_2026
Jayven Richardson,OT,Missouri Tigers,Colorado Buffaloes,Committed,0,3.0,86.0,485.0,122.0,2022,2026-01-08T10:12:00,https://on3static.com/uploads/assets/583/581/581583.png,https://www.on3.com/db/jayven-richardson-180028/,portal_wire_football_2026
AJ Roberts,LB,Stony Brook Seawolves,,Expected,0,3.0,86.0,1565.0,128.0,2020,2026-01-08T09:59:00,https://on3static.com/uploads/assets/859/17/17859.jpeg,https://www.on3.com/db/aj-roberts-2215/,portal_wire_football_2026
Jaylen Brown,EDGE,South Carolina Gamecocks,LSU Tigers,Committed,0,3.0,87.0,1045.0,106.0,2024,2026-01-08T09:58:00,https://on3static.com/uploads/assets/236/397/397236.jpg,https://www.on3.com/db/jaylen-brown-178555/,portal_wire_football_2026
Kyran Bourda,DL,Texas State Bobcats,,Entered,0,3.0,84.0,2573.0,284.0,2023,2026-01-08T09:58:00,https://on3static.com/uploads/assets/451/582/582451.png,https://www.on3.com/db/kyran-bourda-77200/,portal_wire_football_2026
Ethan Day,EDGE,North Texas Mean Green,Utah Utes,Committed,0,3.0,88.0,444.0,38.0,2022,2026-01-08T09:54:00,https://on3static.com/uploads/assets/145/401/401145.png,https://www.on3.com/db/ethan-day-175912/,portal_wire_football_2026
Matt Adcock,TE,Memphis Tigers,Arkansas Razorbacks,Committed,0,3.0,86.0,1311.0,97.0,2022,2026-01-08T09:43:00,https://on3static.com/uploads/assets/381/582/582381.png,https://www.on3.com/db/matt-adcock-261565/,portal_wire_football_2026
Hammond Russell,DL,West Virginia Mountaineers,Wisconsin Badgers,Committed,0,3.0,87.0,1050.0,132.0,2021,2026-01-08T09:34:00,https://on3static.com/uploads/assets/927/15/15927.jpeg,https://www.on3.com/db/hammond-russell-47408/,portal_wire_football_2026
Ty Robinson,WR,Ball State Cardinals,Illinois Fighting Illini,Committed,0,3.0,84.0,2373.0,364.0,2021,2026-01-08T09:26:00,https://on3static.com/uploads/assets/512/16/16512.jpeg,https://www.on3.com/db/ty-robinson-117090/,portal_wire_football_2026
Malik Blocton,DL,Auburn Tigers,LSU Tigers,Committed,0,3.0,88.0,236.0,39.0,2024,2026-01-08T09:21:00,https://on3static.com/uploads/assets/646/303/303646.png,https://www.on3.com/db/malik-blocton-152065/,portal_wire_football_2026
Kanye Thompson,S,Slippery Rock The Rock,Pittsburgh Panthers,Committed,0,3.0,86.0,1764.0,170.0,2022,2026-01-08T09:18:00,https://on3static.com/uploads/assets/609/553/553609.png,https://www.on3.com/db/kanye-thompson-282455/,portal_wire_football_2026
Amaree Williams,EDGE,Florida State Seminoles,Mississippi State Bulldogs,Committed,0,3.0,87.0,312.0,64.0,2024,2026-01-08T09:18:00,https://on3static.com/uploads/assets/910/151/151910.jpg,https://www.on3.com/db/amaree-williams-155123/,portal_wire_football_2026
Arrington Maiden,QB,Memphis Tigers,James Madison Dukes,Committed,0,3.0,87.0,510.0,67.0,2024,2026-01-08T09:17:00,https://on3static.com/uploads/assets/747/228/228747.png,https://www.on3.com/db/arrington-maiden-150643/,portal_wire_football_2026
Joe Hjelle,DL,Tulsa Golden Hurricane,Indiana Hoosiers,Committed,0,3.0,88.0,936.0,45.0,0,2026-01-08T09:06:00,https://on3static.com/uploads/assets/39/572/572039.png,https://www.on3.com/db/joe-hjelle-238925/,portal_wire_football_2026
Christian Alliegro,LB,Wisconsin Badgers,Ohio State Buckeyes,Committed,0,3.0,88.0,253.0,31.0,2023,2026-01-08T09:04:00,https://on3static.com/uploads/assets/142/222/222142.png,https://www.on3.com/db/christian-alliegro-157308/,portal_wire_football_2026
Raleek Brown,RB,Arizona State Sun Devils,Texas Longhorns,Committed,534682,4.0,91.0,38.0,4.0,2022,2026-01-08T08:58:00,https://on3static.com/uploads/assets/221/472/472221.jpg,https://www.on3.com/db/raleek-brown-98081/,portal_wire_football_2026
Scott Starzyk,K,Arkansas Razorbacks,LSU Tigers,Committed,0,3.0,80.0,3059.0,50.0,2025,2026-01-08T08:57:00,https://on3static.com/uploads/assets/232/326/326232.jpg,https://www.on3.com/db/scott-starzyk-235960/,portal_wire_football_2026
Trey Butkowski,K,Pittsburgh Panthers,Michigan Wolverines,Committed,0,3.0,80.0,3051.0,10.0,2025,2026-01-08T08:56:00,https://on3static.com/uploads/assets/776/397/397776.png,https://www.on3.com/db/trey-butkowski-247640/,portal_wire_football_2026
Jonathan Bibbs,WR,Louisiana-Monroe Warhawks,UCF Knights,Committed,0,3.0,87.0,678.0,94.0,2024,2026-01-08T08:55:00,https://on3static.com/uploads/assets/85/580/580085.png,https://www.on3.com/db/jonathan-bibbs-162012/,portal_wire_football_2026
Grant Seagren,OT,Oklahoma State Cowboys,Northwestern Wildcats,Committed,0,4.0,90.0,118.0,8.0,2023,2026-01-08T08:39:00,https://on3static.com/uploads/assets/473/333/333473.png,https://www.on3.com/db/grant-seagren-174820/,portal_wire_football_2026
Curlee Thomas,LB,California Golden Bears,North Texas Mean Green,Committed,0,3.0,84.0,2432.0,230.0,2022,2026-01-08T07:26:00,https://on3static.com/uploads/assets/319/168/168319.png,https://www.on3.com/db/curlee-thomas-27057/,portal_wire_football_2026
Brian Blades ll,CB,FIU Golden Panthers,,Expected,0,3.0,88.0,757.0,32.0,2021,2026-01-08T06:49:00,https://on3static.com/uploads/assets/255/76/76255.jpeg,https://www.on3.com/db/brian-blades-ll-14345/,portal_wire_football_2026
Braden Miller,OT,California Golden Bears,Duke Blue Devils,Committed,0,3.0,86.0,391.0,98.0,2022,2026-01-08T06:43:00,https://on3static.com/uploads/assets/223/235/235223.png,https://www.on3.com/db/braden-miller-11707/,portal_wire_football_2026
Preston Bowman,WR,Kentucky Wildcats,Ohio Bobcats,Committed,0,3.0,86.0,1846.0,261.0,2025,2026-01-07T23:27:00,https://on3static.com/uploads/assets/244/196/196244.png,https://www.on3.com/db/preston-bowman-155847/,portal_wire_football_2026
Christian Thatcher,LB,Utah Utes,Memphis Tigers,Committed,0,3.0,87.0,1177.0,109.0,2025,2026-01-07T22:55:00,https://on3static.com/uploads/assets/675/236/236675.png,https://www.on3.com/db/christian-thatcher-153823/,portal_wire_football_2026
Maury Sullivan,WR,Tennessee Tech Golden Eagles,,Entered,0,,,,,2023,2026-01-07T22:52:00,,https://www.on3.com/db/maury-sullivan-283994/,portal_wire_football_2026
Boaz Stanley,IOL,South Carolina Gamecocks,Purdue Boilermakers,Committed,0,3.0,87.0,306.0,106.0,2022,2026-01-07T22:41:00,https://on3static.com/uploads/assets/28/401/401028.png,https://www.on3.com/db/boaz-stanley-245591/,portal_wire_football_2026
Cameren Jenkins,S,Baylor Bears,North Texas Mean Green,Committed,0,3.0,85.0,2170.0,224.0,2023,2026-01-07T22:28:00,https://on3static.com/uploads/assets/316/267/267316.png,https://www.on3.com/db/cameren-jenkins-145390/,portal_wire_football_2026
Ryan Berger,IOL,Oregon State Beavers,Wake Forest Demon Deacons,Committed,0,3.0,89.0,217.0,15.0,2023,2026-01-07T22:06:00,https://on3static.com/uploads/assets/932/576/576932.png,https://www.on3.com/db/ryan-berger-156974/,portal_wire_football_2026
Jaeden Gould,S,UCF Knights,Temple Owls,Committed,0,3.0,85.0,2120.0,227.0,2022,2026-01-07T21:55:00,https://on3static.com/uploads/assets/685/564/564685.PNG,https://www.on3.com/db/jaeden-gould-52788/,portal_wire_football_2026
Marcus Stokes,QB,West Florida Argonauts,Memphis Tigers,Committed,0,3.0,85.0,1787.0,160.0,2023,2026-01-07T21:41:00,https://on3static.com/uploads/assets/83/563/563083.png,https://www.on3.com/db/marcus-stokes-83019/,portal_wire_football_2026
D.J. Crowther,RB,Dartmouth Big Green,USF Bulls,Committed,0,3.0,86.0,1471.0,115.0,2022,2026-01-07T21:39:00,https://on3static.com/uploads/assets/875/578/578875.jpeg,https://www.on3.com/db/dj-crowther-27539/,portal_wire_football_2026
Andrew Powdrell,CB,UNLV Rebels,West Virginia Mountaineers,Committed,0,3.0,85.0,2265.0,249.0,2023,2026-01-07T21:36:00,https://on3static.com/uploads/assets/133/580/580133.png,https://www.on3.com/db/andrew-powdrell-174299/,portal_wire_football_2026
Mykeal Rabess,OT,FIU Golden Panthers,California Golden Bears,Committed,0,3.0,84.0,2462.0,200.0,2023,2026-01-07T21:31:00,https://on3static.com/uploads/assets/413/576/576413.png,https://www.on3.com/db/mykeal-rabess-157299/,portal_wire_football_2026
William Holmes,EDGE,Utah State Aggies,Illinois Fighting Illini,Committed,0,3.0,86.0,1568.0,133.0,2023,2026-01-07T21:28:00,https://on3static.com/uploads/assets/609/395/395609.png,https://www.on3.com/db/william-holmes-247311/,portal_wire_football_2026
Zeon Chriss-Gremillion,QB,Houston Cougars,Tulane Green Wave,Committed,0,3.0,86.0,1405.0,93.0,2022,2026-01-07T21:27:00,https://on3static.com/uploads/assets/352/273/273352.png,https://www.on3.com/db/zeon-chriss-gremillion-123766/,portal_wire_football_2026
Darrion Dalton,DL,Washington State Cougars,,Entered,0,3.0,86.0,1569.0,163.0,2021,2026-01-07T21:27:00,https://on3static.com/uploads/assets/519/178/178519.png,https://www.on3.com/db/darrion-dalton-30906/,portal_wire_football_2026
Tynean Goodwill,S,South Alabama Jaguars,Cincinnati Bearcats,Committed,0,3.0,87.0,770.0,93.0,2024,2026-01-07T21:21:00,https://on3static.com/uploads/assets/666/186/186666.png,https://www.on3.com/db/tynean-goodwill-180446/,portal_wire_football_2026
Markus Strong,DL,Oklahoma Sooners,Clemson Tigers,Committed,0,3.0,87.0,650.0,83.0,2023,2026-01-07T21:19:00,https://on3static.com/uploads/assets/431/304/304431.png,https://www.on3.com/db/markus-strong-159071/,portal_wire_football_2026
Rickey Williams,LB,Toledo Rockets,Connecticut Huskies,Committed,0,3.0,86.0,1574.0,158.0,2024,2026-01-07T21:13:00,https://on3static.com/uploads/assets/927/334/334927.png,https://www.on3.com/db/rickey-williams-175889/,portal_wire_football_2026
Tucker Kelleher,TE,BYU Cougars,,Entered,0,3.0,84.0,2569.0,137.0,2025,2026-01-07T21:13:00,https://on3static.com/uploads/assets/168/327/327168.png,https://www.on3.com/db/tucker-kelleher-239861/,portal_wire_football_2026
Matt Smith,TE,Rhode Island Rams,,Entered,0,3.0,85.0,2223.0,129.0,2019,2026-01-07T21:10:00,https://on3static.com/uploads/dev/assets/54/11/11054.jpg,https://www.on3.com/db/matt-smith-85793/,portal_wire_football_2026
Sincere Baines,RB,Maine Black Bears,Western Kentucky Hilltoppers,Committed,0,3.0,86.0,2021.0,143.0,2023,2026-01-07T21:09:00,https://on3static.com/uploads/assets/991/568/568991.png,https://www.on3.com/db/sincere-baines-283207/,portal_wire_football_2026
DJ Jordan,WR,USC Trojans,Arizona Wildcats,Committed,0,3.0,88.0,506.0,40.0,2024,2026-01-07T21:08:00,https://on3static.com/uploads/assets/525/302/302525.png,https://www.on3.com/db/dj-jordan-153230/,portal_wire_football_2026
Adam Hawkes,OT,Oregon State Beavers,Arkansas Razorbacks,Committed,0,3.0,86.0,2359.0,103.0,2024,2026-01-07T21:08:00,https://on3static.com/uploads/assets/888/268/268888.png,https://www.on3.com/db/adam-hawkes-239314/,portal_wire_football_2026
Siale Uluave,OT,Arizona Wildcats,,Entered,0,3.0,84.0,2576.0,206.0,2023,2026-01-07T21:07:00,https://on3static.com/uploads/assets/707/410/410707.png,https://www.on3.com/db/siale-uluave-154657/,portal_wire_football_2026
Jartavius Flounoy,DL,Georgia State Panthers,Syracuse Orange,Committed,0,3.0,87.0,769.0,91.0,2025,2026-01-07T20:51:00,https://on3static.com/uploads/assets/133/362/362133.png,https://www.on3.com/db/jartavius-flounoy-245933/,portal_wire_football_2026
Vincent Carroll-Jackson,DL,Connecticut Huskies,Georgia Tech Yellow Jackets,Committed,0,3.0,86.0,1275.0,198.0,2023,2026-01-07T20:50:00,https://on3static.com/uploads/assets/553/473/473553.png,https://www.on3.com/db/vincent-carroll-jackson-162647/,portal_wire_football_2026
Marvin Burks Jr.,S,Missouri Tigers,Wisconsin Badgers,Committed,0,3.0,89.0,202.0,23.0,2023,2026-01-07T20:50:00,https://on3static.com/uploads/assets/929/222/222929.png,https://www.on3.com/db/marvin-burks-jr-84593/,portal_wire_football_2026
Sam Keltner,K,SMU Mustangs,Oklahoma State Cowboys,Committed,0,3.0,80.0,3055.0,18.0,2024,2026-01-07T20:41:00,https://on3static.com/uploads/assets/659/581/581659.png,https://www.on3.com/db/sam-keltner-281665/,portal_wire_football_2026
JK Johnson,CB,Oklahoma State Cowboys,Florida Atlantic Owls,Committed,0,3.0,86.0,1335.0,150.0,2021,2026-01-07T20:37:00,https://on3static.com/uploads/assets/818/12/12818.jpeg,https://www.on3.com/db/jk-johnson-144347/,portal_wire_football_2026
Devin Vass,IOL,Kansas State Wildcats,West Virginia Mountaineers,Committed,0,3.0,87.0,1282.0,112.0,2023,2026-01-07T20:07:00,https://on3static.com/uploads/assets/232/209/209232.jpeg,https://www.on3.com/db/devin-vass-150717/,portal_wire_football_2026
Keylen Davis,OT,Akron Zips,Pittsburgh Panthers,Committed,0,3.0,87.0,1671.0,90.0,2022,2026-01-07T20:00:00,https://on3static.com/uploads/assets/460/585/585460.png,https://www.on3.com/db/keylen-davis-74645/,portal_wire_football_2026
Alex Honig,TE,Connecticut Huskies,Northwestern Wildcats,Committed,0,3.0,86.0,1328.0,83.0,2021,2026-01-07T19:48:00,https://on3static.com/uploads/assets/8/474/474008.png,https://www.on3.com/db/alex-honig-3567/,portal_wire_football_2026
Reed Harris,WR,Boston College Eagles,Arizona State Sun Devils,Committed,0,4.0,90.0,100.0,14.0,2023,2026-01-07T19:47:00,https://on3static.com/uploads/assets/781/576/576781.png,https://www.on3.com/db/reed-harris-99192/,portal_wire_football_2026
Ahmad Miller,RB,Jackson State Tigers,Syracuse Orange,Committed,0,3.0,88.0,1062.0,47.0,2023,2026-01-07T19:46:00,https://on3static.com/uploads/assets/20/582/582020.png,https://www.on3.com/db/ahmad-miller-174826/,portal_wire_football_2026
Josh Derry,WR,Monmouth Hawks,UCF Knights,Committed,0,3.0,88.0,884.0,43.0,2023,2026-01-07T19:44:00,https://on3static.com/uploads/assets/846/557/557846.png,https://www.on3.com/db/josh-derry-282443/,portal_wire_football_2026
CJ Campbell Jr.,RB,Rutgers Scarlet Knights,Duke Blue Devils,Committed,0,3.0,87.0,1777.0,80.0,2021,2026-01-07T19:40:00,https://on3static.com/uploads/assets/67/242/242067.jpeg,https://www.on3.com/db/cj-campbell-jr-23572/,portal_wire_football_2026
Isaac Wilson,QB,Utah Utes,Colorado Buffaloes,Committed,0,3.0,87.0,903.0,56.0,2024,2026-01-07T19:34:00,https://on3static.com/uploads/assets/141/392/392141.jpg,https://www.on3.com/db/isaac-wilson-49307/,portal_wire_football_2026
Cam Brown,P,UNLV Rebels,Michigan Wolverines,Committed,0,3.0,80.0,3061.0,8.0,2025,2026-01-07T19:32:00,https://on3static.com/uploads/assets/994/581/581994.png,https://www.on3.com/db/cam-brown-283725/,portal_wire_football_2026
Jojo Hayden,LB,Illinois Fighting Illini,Purdue Boilermakers,Committed,0,3.0,87.0,620.0,55.0,2023,2026-01-07T19:17:00,https://on3static.com/uploads/assets/805/304/304805.png,https://www.on3.com/db/jojo-hayden-7276/,portal_wire_football_2026
Matthew Fobbs-White,EDGE,Baylor Bears,Virginia Cavaliers,Committed,0,4.0,90.0,127.0,18.0,2023,2026-01-07T19:15:00,https://on3static.com/uploads/assets/6/339/339006.png,https://www.on3.com/db/matthew-fobbs-white-150842/,portal_wire_football_2026
Samuel Brown V,RB,Rutgers Scarlet Knights,Temple Owls,Committed,0,3.0,86.0,1966.0,133.0,2022,2026-01-07T19:13:00,https://on3static.com/uploads/assets/745/464/464745.png,https://www.on3.com/db/samuel-brown-v-104751/,portal_wire_football_2026
Christian Pritchett,S,Georgia Tech Yellow Jackets,Kansas Jayhawks,Committed,0,3.0,84.0,2570.0,248.0,2024,2026-01-07T19:08:00,https://on3static.com/uploads/assets/505/333/333505.png,https://www.on3.com/db/christian-pritchett-179336/,portal_wire_football_2026
Marcus Williams,S,Rice Owls,Mississippi State Bulldogs,Committed,0,3.0,87.0,767.0,76.0,2021,2026-01-07T18:37:00,https://on3static.com/uploads/assets/448/75/75448.jpeg,https://www.on3.com/db/marcus-williams-83097/,portal_wire_football_2026
Carson Gulker,ATH,Ferris State Bulldogs,Michigan State Spartans,Committed,0,3.0,88.0,733.0,1.0,2021,2026-01-07T18:15:00,https://on3static.com/uploads/assets/142/581/581142.jpg,https://www.on3.com/db/carson-gulker-18764/,portal_wire_football_2026
Bryson Lamb,DL,Washington State Cougars,Iowa State Cyclones,Committed,0,3.0,87.0,670.0,66.0,2022,2026-01-07T18:14:00,https://on3static.com/uploads/assets/188/397/397188.jpg,https://www.on3.com/db/bryson-lamb-147317/,portal_wire_football_2026
Chad Otutu,DL,UTSA Roadrunners,Cincinnati Bearcats,Committed,0,3.0,87.0,909.0,110.0,2024,2026-01-07T18:07:00,https://on3static.com/uploads/assets/512/158/158512.png,https://www.on3.com/db/chad-otutu-19632/,portal_wire_football_2026
KK Meier,CB,UTSA Roadrunners,Cincinnati Bearcats,Committed,0,3.0,86.0,1823.0,185.0,2022,2026-01-07T18:02:00,https://on3static.com/uploads/assets/882/401/401882.png,https://www.on3.com/db/kk-meier-245905/,portal_wire_football_2026
JR Stegall,DL,Towson Tigers,Southern Miss Golden Eagles,Committed,0,3.0,86.0,1577.0,212.0,2024,2026-01-07T18:02:00,,https://www.on3.com/db/jr-stegall-283718/,portal_wire_football_2026
Curt Neal,DL,Illinois Fighting Illini,Purdue Boilermakers,Committed,0,3.0,89.0,270.0,24.0,2022,2026-01-07T17:57:00,https://on3static.com/uploads/assets/169/222/222169.png,https://www.on3.com/db/curt-neal-27172/,portal_wire_football_2026
Wesley Hudson,DL,Central Oklahoma Bronchos,,Entered,0,3.0,84.0,2572.0,279.0,2023,2026-01-07T17:52:00,https://on3static.com/uploads/assets/937/581/581937.png,https://www.on3.com/db/wesley-hudson-283719/,portal_wire_football_2026
Ernest Campbell,WR,Sacramento State Hornets,Colorado Buffaloes,Committed,0,3.0,88.0,464.0,74.0,2024,2026-01-07T17:35:00,https://on3static.com/uploads/assets/978/446/446978.png,https://www.on3.com/db/ernest-campbell-155117/,portal_wire_football_2026
Jason Collins Jr.,RB,Morgan State Bears,USF Bulls,Committed,0,3.0,86.0,1570.0,114.0,2024,2026-01-07T17:30:00,https://on3static.com/uploads/assets/884/581/581884.PNG,https://www.on3.com/db/jason-collins-jr-283714/,portal_wire_football_2026
Taj White,OT,Rutgers Scarlet Knights,Colorado Buffaloes,Committed,0,3.0,89.0,190.0,13.0,2022,2026-01-07T17:29:00,https://on3static.com/uploads/assets/775/464/464775.png,https://www.on3.com/db/taj-white-109873/,portal_wire_football_2026
Shane King,TE,Southern Miss Golden Eagles,Arizona Wildcats,Committed,0,3.0,84.0,2363.0,136.0,2025,2026-01-07T17:23:00,https://on3static.com/uploads/assets/101/590/590101.png,https://www.on3.com/db/shane-king-245598/,portal_wire_football_2026
Tyrese Boss,CB,Wyoming Cowboys,Arizona Wildcats,Committed,0,3.0,87.0,962.0,120.0,2024,2026-01-07T17:21:00,https://on3static.com/uploads/assets/769/573/573769.png,https://www.on3.com/db/tyrese-boss-238541/,portal_wire_football_2026
Ryan Davis,EDGE,Kansas State Wildcats,Baylor Bears,Committed,0,3.0,86.0,1839.0,122.0,2023,2026-01-07T17:19:00,https://on3static.com/uploads/assets/228/209/209228.jpeg,https://www.on3.com/db/ryan-davis-155411/,portal_wire_football_2026
Gio Lopez,QB,North Carolina Tar Heels,Wake Forest Demon Deacons,Committed,0,3.0,87.0,1038.0,42.0,2023,2026-01-07T17:16:00,https://on3static.com/uploads/assets/922/470/470922.jpg,https://www.on3.com/db/gio-lopez-153824/,portal_wire_football_2026
Kamari Burns,EDGE,Cincinnati Bearcats,Kansas State Wildcats,Committed,0,3.0,86.0,1473.0,144.0,2023,2026-01-07T17:01:00,https://on3static.com/uploads/assets/390/226/226390.png,https://www.on3.com/db/kamari-burns-151124/,portal_wire_football_2026
Stacy Bey,LB,Arizona Wildcats,Sam Houston State Bearkats,Committed,0,0.0,,,,2024,2026-01-07T16:51:00,https://on3static.com/uploads/assets/52/52/52052.jpg,https://www.on3.com/db/stacy-bey-151434/,portal_wire_football_2026
Will Way,IOL,Weber State Wildcats,Wake Forest Demon Deacons,Committed,0,3.0,87.0,1732.0,87.0,2023,2026-01-07T16:47:00,https://on3static.com/uploads/assets/84/590/590084.png,https://www.on3.com/db/will-way-156284/,portal_wire_football_2026
Braden Pegan,WR,Utah State Aggies,Utah Utes,Committed,0,3.0,88.0,137.0,47.0,2022,2026-01-07T16:46:00,https://on3static.com/uploads/assets/568/571/571568.png,https://www.on3.com/db/braden-pegan-11711/,portal_wire_football_2026
Cam Dooley,S,Kentucky Wildcats,Florida Gators,Committed,0,4.0,90.0,123.0,12.0,2024,2026-01-07T16:40:00,https://on3static.com/uploads/assets/309/164/164309.png,https://www.on3.com/db/cam-dooley-178263/,portal_wire_football_2026
Isaiah Kema,IOL,Ohio State Buckeyes,Utah Utes,Committed,0,3.0,86.0,1494.0,124.0,2023,2026-01-07T16:38:00,https://on3static.com/uploads/assets/757/83/83757.png,https://www.on3.com/db/isaiah-kema-49567/,portal_wire_football_2026
Luke Work,OT,Mississippi State Bulldogs,Missouri Tigers,Committed,0,3.0,86.0,333.0,95.0,2024,2026-01-07T16:34:00,https://on3static.com/uploads/assets/624/583/583624.png,https://www.on3.com/db/luke-work-157802/,portal_wire_football_2026
Semaj Morgan,WR,Michigan Wolverines,UCLA Bruins,Committed,0,3.0,86.0,1454.0,192.0,2023,2026-01-07T16:30:00,https://on3static.com/uploads/assets/662/302/302662.png,https://www.on3.com/db/semaj-morgan-105873/,portal_wire_football_2026
Krystian Williams,CB,Virginia Tech Hokies,,Entered,0,,,,,2023,2026-01-07T16:26:00,https://on3static.com/uploads/assets/736/332/332736.png,https://www.on3.com/db/krystian-williams-150926/,portal_wire_football_2026
Kayin Lee,CB,Auburn Tigers,Tennessee Volunteers,Committed,0,3.0,89.0,157.0,13.0,2023,2026-01-07T16:21:00,https://on3static.com/uploads/assets/920/44/44920.png,https://www.on3.com/db/kayin-lee-71539/,portal_wire_football_2026
Khalil Foster,S,Southern Miss Golden Eagles,Memphis Tigers,Committed,0,3.0,83.0,2733.0,255.0,2025,2026-01-07T16:21:00,,https://www.on3.com/db/khalil-foster-244424/,portal_wire_football_2026
Patrick Overmyer,TE,UTSA Roadrunners,Houston Cougars,Committed,0,3.0,88.0,1061.0,16.0,2023,2026-01-07T16:20:00,https://on3static.com/uploads/assets/880/581/581880.png,https://www.on3.com/db/patrick-overmyer-156399/,portal_wire_football_2026
Wilkin Formby,OT,Alabama Crimson Tide,Texas A&M Aggies,Committed,454463,4.0,91.0,42.0,5.0,2023,2026-01-07T16:18:00,https://on3static.com/uploads/assets/612/225/225612.jpeg,https://www.on3.com/db/wilkin-formby-146493/,portal_wire_football_2026
Davis Warren,QB,Michigan Wolverines,Stanford Cardinal,Committed,0,3.0,81.0,2694.0,205.0,2020,2026-01-07T16:17:00,https://on3static.com/uploads/assets/335/23/23335.jpeg,https://www.on3.com/db/davis-warren-32409/,portal_wire_football_2026
Dominic Rivera,OT,Toledo Rockets,Connecticut Huskies,Committed,0,3.0,84.0,2577.0,208.0,2023,2026-01-07T16:01:00,https://on3static.com/uploads/assets/763/225/225763.jpeg,https://www.on3.com/db/dominic-rivera-151203/,portal_wire_football_2026
Kyran Duhon,EDGE,Oklahoma State Cowboys,Tulsa Golden Hurricane,Committed,0,3.0,87.0,341.0,79.0,2024,2026-01-07T15:57:00,https://on3static.com/uploads/assets/332/396/396332.jpg,https://www.on3.com/db/kyran-duhon-157900/,portal_wire_football_2026
Macho Stevenson,CB,Texas Tech Red Raiders,Tulane Green Wave,Committed,0,3.0,85.0,2147.0,261.0,2023,2026-01-07T15:56:00,https://on3static.com/uploads/assets/147/226/226147.png,https://www.on3.com/db/macho-stevenson-152333/,portal_wire_football_2026
Trevon Humphrey,OT,North Carolina Central Eagles,Boston College Eagles,Committed,0,3.0,87.0,1086.0,56.0,2022,2026-01-07T15:55:00,https://on3static.com/uploads/assets/953/588/588953.png,https://www.on3.com/db/trevon-humphrey-205000/,portal_wire_football_2026
Ari Patu,QB,North Alabama Lions,Duke Blue Devils,Committed,0,3.0,84.0,2379.0,179.0,2021,2026-01-07T15:55:00,https://on3static.com/uploads/assets/239/18/18239.jpeg,https://www.on3.com/db/ari-patu-7398/,portal_wire_football_2026
Gage Stanaland,IOL,Oklahoma State Cowboys,Georgia State Panthers,Committed,0,3.0,84.0,2523.0,193.0,2023,2026-01-07T15:51:00,https://on3static.com/uploads/assets/630/226/226630.png,https://www.on3.com/db/gage-stanaland-158040/,portal_wire_football_2026
Ja'Marion Wayne,CB,Coastal Carolina Chanticleers,,Entered,0,3.0,84.0,2574.0,292.0,2022,2026-01-07T15:49:00,https://on3static.com/uploads/assets/935/222/222935.png,https://www.on3.com/db/jamarion-wayne-50649/,portal_wire_football_2026
Keynan Higgins,WR,Colorado State Rams,,Entered,0,3.0,81.0,2953.0,422.0,2023,2026-01-07T15:49:00,,https://www.on3.com/db/keynan-higgins-74656/,portal_wire_football_2026
Andrew Nelms,K,Florida Atlantic Owls,,Entered,0,3.0,80.0,3056.0,46.0,2023,2026-01-07T15:48:00,,https://www.on3.com/db/andrew-nelms-283711/,portal_wire_football_2026
David Kabongo,S,Oklahoma State Cowboys,Utah State Aggies,Committed,0,3.0,86.0,1758.0,136.0,2024,2026-01-07T15:44:00,https://on3static.com/uploads/assets/473/163/163473.JPG,https://www.on3.com/db/david-kabongo-150657/,portal_wire_football_2026
Charles Brantley,CB,Miami Hurricanes,Michigan State Spartans,Committed,223722,3.0,89.0,244.0,23.0,2021,2026-01-07T15:44:00,https://on3static.com/uploads/assets/63/235/235063.png,https://www.on3.com/db/charles-brantley-20038/,portal_wire_football_2026
De'Marion Thomas,DL,Oklahoma State Cowboys,Houston Cougars,Committed,0,3.0,87.0,551.0,113.0,2023,2026-01-07T15:43:00,https://on3static.com/uploads/assets/586/304/304586.png,https://www.on3.com/db/demarion-thomas-150844/,portal_wire_football_2026
Jaelen Smith,WR,UTSA Roadrunners,,Entered,0,3.0,83.0,2754.0,393.0,2023,2026-01-07T15:43:00,https://on3static.com/uploads/assets/108/235/235108.png,https://www.on3.com/db/jaelen-smith-158597/,portal_wire_football_2026
Robby Harrison,DL,Western Kentucky Hilltoppers,,Entered,0,3.0,86.0,1567.0,162.0,2022,2026-01-07T15:43:00,https://on3static.com/uploads/assets/199/334/334199.png,https://www.on3.com/db/robby-harrison-100880/,portal_wire_football_2026
D'Angelo Barber,LB,Auburn Tigers,,Entered,0,3.0,86.0,1576.0,175.0,2024,2026-01-07T15:43:00,https://on3static.com/uploads/assets/631/303/303631.png,https://www.on3.com/db/dangelo-barber-152968/,portal_wire_football_2026
Carter Vargas,RB,UC Davis Aggies,California Golden Bears,Committed,0,3.0,87.0,1961.0,71.0,2024,2026-01-07T15:40:00,https://on3static.com/uploads/assets/531/558/558531.png,https://www.on3.com/db/carter-vargas-178842/,portal_wire_football_2026
Kaden Helms,TE,Oklahoma Sooners,Minnesota Golden Gophers,Committed,0,3.0,86.0,1312.0,78.0,2022,2026-01-07T15:36:00,https://on3static.com/uploads/assets/181/86/86181.jpeg,https://www.on3.com/db/kaden-helms-70374/,portal_wire_football_2026
Rayfield Lotten,TE,Mississippi State Bulldogs,,Entered,0,3.0,83.0,2755.0,155.0,2023,2026-01-07T15:34:00,https://on3static.com/uploads/assets/874/222/222874.png,https://www.on3.com/db/rayfield-lotten-155876/,portal_wire_football_2026
Quan Lee,WR,Arkansas State Red Wolves,,Entered,0,3.0,84.0,2575.0,367.0,2022,2026-01-07T15:33:00,https://on3static.com/uploads/assets/73/184/184073.png,https://www.on3.com/db/quan-lee-97084/,portal_wire_football_2026
Terry Lockett,WR,Eastern Michigan Eagles,,Entered,0,3.0,86.0,1580.0,212.0,2020,2026-01-07T15:31:00,https://on3static.com/uploads/dev/assets/583/6/6583.jpg,https://www.on3.com/db/terry-lockett-111856/,portal_wire_football_2026
Jalen Dye,S,Kansas Jayhawks,,Entered,0,3.0,84.0,2567.0,242.0,2021,2026-01-07T15:31:00,https://on3static.com/uploads/assets/770/165/165770.png,https://www.on3.com/db/jalen-dye-155228/,portal_wire_football_2026
Malik Knight,WR,Western Carolina Catamounts,Pittsburgh Panthers,Committed,0,3.0,86.0,2319.0,237.0,2022,2026-01-07T15:30:00,https://on3static.com/uploads/assets/446/557/557446.png,https://www.on3.com/db/malik-knight-282628/,portal_wire_football_2026
Michael Harris,LB,Maryland Terrapins,,Entered,0,3.0,86.0,1579.0,137.0,2023,2026-01-07T15:30:00,https://on3static.com/uploads/assets/719/310/310719.png,https://www.on3.com/db/michael-harris-87815/,portal_wire_football_2026
Chase Alexander,S,Jacksonville State Gamecocks,,Entered,0,3.0,85.0,2224.0,225.0,2021,2026-01-07T15:29:00,https://on3static.com/uploads/assets/399/131/131399.png,https://www.on3.com/db/chase-alexander-175035/,portal_wire_football_2026
Patrick Smith-Young,S,North Texas Mean Green,Duke Blue Devils,Committed,0,3.0,87.0,1363.0,58.0,2022,2026-01-07T15:27:00,https://on3static.com/uploads/assets/285/216/216285.png,https://www.on3.com/db/patrick-smith-young-95570/,portal_wire_football_2026
Enoka Migao,EDGE,Utah State Aggies,,Entered,0,3.0,85.0,2225.0,179.0,2021,2026-01-07T15:26:00,https://on3static.com/uploads/assets/465/221/221465.jpg,https://www.on3.com/db/enoka-migao-41895/,portal_wire_football_2026
Wayne Knight,RB,James Madison Dukes,UCLA Bruins,Committed,0,3.0,89.0,151.0,18.0,2022,2026-01-07T15:25:00,https://on3static.com/uploads/assets/907/576/576907.png,https://www.on3.com/db/wayne-knight-197121/,portal_wire_football_2026
Ashten Emory,RB,UTEP Miners,California Golden Bears,Committed,0,3.0,88.0,935.0,39.0,2024,2026-01-07T15:22:00,https://on3static.com/uploads/assets/969/571/571969.png,https://www.on3.com/db/ashten-emory-178030/,portal_wire_football_2026
Justin Flowe,LB,UNLV Rebels,,Entered,616246,3.0,86.0,1572.0,159.0,2020,2026-01-07T15:21:00,https://on3static.com/uploads/dev/assets/168/6/6168.jpg,https://www.on3.com/db/justin-flowe-69315/,portal_wire_football_2026
Peyton Lewis,RB,Tennessee Volunteers,Virginia Cavaliers,Committed,117628,3.0,88.0,540.0,30.0,2024,2026-01-07T15:10:00,https://on3static.com/uploads/assets/495/331/331495.png,https://www.on3.com/db/peyton-lewis-174549/,portal_wire_football_2026
Jackson Kleather,K,Bowling Green Falcons,Northwestern Wildcats,Committed,0,3.0,80.0,3009.0,4.0,2023,2026-01-07T15:10:00,https://on3static.com/uploads/assets/812/581/581812.png,https://www.on3.com/db/jackson-kleather-175604/,portal_wire_football_2026
Kameron Howard,S,Alabama Crimson Tide,Boston College Eagles,Committed,0,3.0,85.0,2097.0,228.0,2023,2026-01-07T15:08:00,https://on3static.com/uploads/assets/531/311/311531.png,https://www.on3.com/db/kameron-howard-145428/,portal_wire_football_2026
Tyler Stolsky,LB,Florida Atlantic Owls,West Virginia Mountaineers,Committed,0,3.0,86.0,1873.0,125.0,2022,2026-01-07T15:08:00,https://on3static.com/uploads/assets/679/393/393679.png,https://www.on3.com/db/tyler-stolsky-118134/,portal_wire_football_2026
Keenan Nelson Jr.,S,Ohio State Buckeyes,,Entered,0,3.0,84.0,2568.0,230.0,2022,2026-01-07T15:07:00,https://on3static.com/uploads/assets/8/257/257008.png,https://www.on3.com/db/keenan-nelson-jr-71871/,portal_wire_football_2026
Grayson Wilson,QB,Arkansas Razorbacks,Boston College Eagles,Committed,0,3.0,87.0,1008.0,71.0,2025,2026-01-07T15:06:00,https://on3static.com/uploads/assets/122/160/160122.png,https://www.on3.com/db/grayson-wilson-156283/,portal_wire_football_2026
Steven Soles,EDGE,Kentucky Wildcats,Arkansas Razorbacks,Committed,0,4.0,90.0,97.0,13.0,2024,2026-01-07T15:01:00,https://on3static.com/uploads/assets/478/211/211478.jpg,https://www.on3.com/db/steven-soles-109088/,portal_wire_football_2026
Kenny Johnson,WR,Pittsburgh Panthers,Texas Tech Red Raiders,Committed,0,3.0,88.0,584.0,45.0,2023,2026-01-07T14:58:00,https://on3static.com/uploads/assets/321/576/576321.png,https://www.on3.com/db/kenny-johnson-147202/,portal_wire_football_2026
Tyler Ebel,P,South Dakota Coyotes,Vanderbilt Commodores,Committed,0,3.0,80.0,3028.0,15.0,2022,2026-01-07T14:57:00,https://on3static.com/uploads/assets/117/579/579117.png,https://www.on3.com/db/tyler-ebel-283597/,portal_wire_football_2026
Cole Weaver,WR,Miami (OH) RedHawks,Syracuse Orange,Committed,0,3.0,87.0,988.0,144.0,2023,2026-01-07T14:51:00,https://on3static.com/uploads/assets/381/576/576381.png,https://www.on3.com/db/cole-weaver-175016/,portal_wire_football_2026
Devin McCuin,WR,UTSA Roadrunners,Ohio State Buckeyes,Committed,0,3.0,89.0,186.0,28.0,2023,2026-01-07T14:43:00,https://on3static.com/uploads/assets/785/581/581785.png,https://www.on3.com/db/devin-mccuin-146565/,portal_wire_football_2026
Andrew Sprague,OT,Michigan Wolverines,Michigan Wolverines,Withdrawn,519785,0.0,,,,2024,2026-01-07T14:41:00,https://on3static.com/uploads/assets/363/267/267363.png,https://www.on3.com/db/andrew-sprague-150803/,portal_wire_football_2026
John Stone,IOL,Rutgers Scarlet Knights,Temple Owls,Committed,0,3.0,85.0,2054.0,175.0,2023,2026-01-07T14:33:00,https://on3static.com/uploads/assets/235/465/465235.png,https://www.on3.com/db/john-stone-150487/,portal_wire_football_2026
Chase Martin,LB,Boise State Broncos,Cal Poly Mustangs,Committed,0,3.0,83.0,2650.0,250.0,2023,2026-01-07T14:28:00,https://on3static.com/uploads/assets/417/567/567417.png,https://www.on3.com/db/chase-martin-156586/,portal_wire_football_2026
D.J. Johnson,EDGE,New Hampshire Wildcats,Wake Forest Demon Deacons,Committed,0,3.0,85.0,2118.0,173.0,2024,2026-01-07T14:18:00,https://on3static.com/uploads/assets/465/577/577465.png,https://www.on3.com/db/dj-johnson-283557/,portal_wire_football_2026
Tyler Robles,K,Texas State Bobcats,Washington Huskies,Committed,0,3.0,80.0,3117.0,3.0,2023,2026-01-07T14:17:00,https://on3static.com/uploads/assets/982/218/218982.png,https://www.on3.com/db/tyler-robles-237286/,portal_wire_football_2026
Darin Conley,DL,Ball State Cardinals,Washington Huskies,Committed,0,3.0,87.0,1163.0,73.0,2023,2026-01-07T14:16:00,https://on3static.com/uploads/assets/125/567/567125.png,https://www.on3.com/db/darin-conley-158863/,portal_wire_football_2026
Mack Mulhern,LS,Florida Gators,LSU Tigers,Committed,0,3.0,80.0,3104.0,10.0,2025,2026-01-07T14:11:00,https://on3static.com/uploads/assets/704/367/367704.jpeg,https://www.on3.com/db/mack-mulhern-243973/,portal_wire_football_2026
Kensley Louidor-Faustin,S,Auburn Tigers,Missouri Tigers,Committed,0,3.0,86.0,981.0,183.0,2024,2026-01-07T14:09:00,https://on3static.com/uploads/assets/628/303/303628.png,https://www.on3.com/db/kensley-louidor-faustin-73450/,portal_wire_football_2026
Josh Manning,WR,Missouri Tigers,Kansas State Wildcats,Committed,0,3.0,86.0,491.0,190.0,2023,2026-01-07T14:07:00,https://on3static.com/uploads/assets/920/222/222920.png,https://www.on3.com/db/josh-manning-147971/,portal_wire_football_2026
Jailen Duffie,CB,North Dakota State Bison,UCF Knights,Committed,0,3.0,87.0,585.0,134.0,2023,2026-01-07T14:03:00,https://on3static.com/uploads/assets/309/576/576309.png,https://www.on3.com/db/jailen-duffie-151292/,portal_wire_football_2026
Dylan Lord,WR,Illinois State Redbirds,,Entered,0,3.0,87.0,768.0,161.0,2024,2026-01-07T14:03:00,https://on3static.com/uploads/assets/765/581/581765.png,https://www.on3.com/db/dylan-lord-283710/,portal_wire_football_2026
Cason Henry,OT,South Carolina Gamecocks,Louisville Cardinals,Committed,0,3.0,87.0,392.0,54.0,2022,2026-01-07T14:00:00,https://on3static.com/uploads/assets/85/257/257085.jpg,https://www.on3.com/db/cason-henry-19158/,portal_wire_football_2026
Hayden Craig,P,Florida Gators,LSU Tigers,Committed,0,3.0,80.0,3060.0,42.0,2025,2026-01-07T13:59:00,https://on3static.com/uploads/assets/888/323/323888.jpeg,https://www.on3.com/db/hayden-craig-244021/,portal_wire_football_2026
Jake Guarnera,IOL,Michigan Wolverines,Michigan Wolverines,Withdrawn,265608,0.0,,,,2024,2026-01-07T13:47:00,https://on3static.com/uploads/assets/644/302/302644.png,https://www.on3.com/db/jake-guarnera-53506/,portal_wire_football_2026
Devin Dye,S,Kansas Jayhawks,,Entered,0,3.0,87.0,772.0,84.0,2020,2026-01-07T13:47:00,https://on3static.com/uploads/assets/953/266/266953.png,https://www.on3.com/db/devin-dye-35987/,portal_wire_football_2026
Derek Williams,S,Texas Longhorns,Texas Longhorns,Withdrawn,0,0.0,,,,2023,2026-01-07T13:45:00,https://on3static.com/uploads/assets/125/209/209125.jpeg,https://www.on3.com/db/derek-williams-34860/,portal_wire_football_2026
Kamarion Thomas,DL,North Carolina Tar Heels,Massachusetts Minutemen,Committed,0,,,,,2025,2026-01-07T13:45:00,https://on3static.com/uploads/assets/954/470/470954.jpg,https://www.on3.com/db/kamarion-thomas-249259/,portal_wire_football_2026
Miles Campbell,TE,Florida A&M Rattlers,UTSA Roadrunners,Committed,0,,,,,2021,2026-01-07T13:42:00,https://on3static.com/uploads/assets/753/15/15753.jpeg,https://www.on3.com/db/miles-campbell-89651/,portal_wire_football_2026
Cam Edwards,RB,Connecticut Huskies,Michigan State Spartans,Committed,0,3.0,89.0,195.0,21.0,2022,2026-01-07T13:41:00,https://on3static.com/uploads/assets/829/465/465829.jpg,https://www.on3.com/db/cam-edwards-180487/,portal_wire_football_2026
Robert Hammond,K,Toledo Rockets,Kansas State Wildcats,Committed,0,3.0,80.0,3054.0,47.0,2023,2026-01-07T13:41:00,https://on3static.com/uploads/assets/232/217/217232.png,https://www.on3.com/db/robert-hammond-152315/,portal_wire_football_2026
Charlie Adams III,OT,Cal Poly Mustangs,Kansas State Wildcats,Committed,0,3.0,86.0,2364.0,99.0,2024,2026-01-07T13:40:00,https://on3static.com/uploads/assets/525/579/579525.jpeg,https://www.on3.com/db/charlie-adams-iii-180973/,portal_wire_football_2026
Jayden Bryant,EDGE,Coastal Carolina Chanticleers,Kansas State Wildcats,Committed,0,3.0,86.0,1559.0,130.0,2024,2026-01-07T13:29:00,https://on3static.com/uploads/assets/480/340/340480.png,https://www.on3.com/db/jayden-bryant-236663/,portal_wire_football_2026
Trent Walker,WR,Oregon State Beavers,Houston Cougars,Committed,0,3.0,88.0,343.0,41.0,2021,2026-01-07T13:27:00,https://on3static.com/uploads/assets/345/23/23345.jpeg,https://www.on3.com/db/trent-walker-115366/,portal_wire_football_2026
Dylan Spencer,EDGE,Texas Tech Red Raiders,UTSA Roadrunners,Committed,0,3.0,86.0,1294.0,125.0,2023,2026-01-07T13:23:00,https://on3static.com/uploads/assets/66/137/137066.jpeg,https://www.on3.com/db/dylan-spencer-40067/,portal_wire_football_2026
Josiah Chenault,IOL,Kennesaw State Owls,,Entered,0,3.0,87.0,758.0,56.0,2023,2026-01-07T13:21:00,,https://www.on3.com/db/josiah-chenault-283707/,portal_wire_football_2026
Malcolm Alcorn-Crowder,DL,Kansas State Wildcats,SMU Mustangs,Committed,0,3.0,89.0,161.0,12.0,2022,2026-01-07T13:19:00,https://on3static.com/uploads/assets/709/579/579709.png,https://www.on3.com/db/malcolm-alcorn-crowder-238129/,portal_wire_football_2026
Reis Stocksdale,WR,Bowling Green Falcons,Temple Owls,Committed,0,3.0,81.0,2951.0,424.0,2021,2026-01-07T13:08:00,https://on3static.com/uploads/assets/675/332/332675.png,https://www.on3.com/db/reis-stocksdale-215534/,portal_wire_football_2026
Caden Crawford,DL,South Dakota Coyotes,Iowa State Cyclones,Committed,0,3.0,89.0,232.0,21.0,2022,2026-01-07T13:05:00,https://on3static.com/uploads/assets/346/577/577346.png,https://www.on3.com/db/caden-crawford-16707/,portal_wire_football_2026
Billy Gowers,P,Hawaii Rainbow Warriors,Indiana Hoosiers,Committed,0,3.0,80.0,3053.0,9.0,2014,2026-01-07T13:01:00,https://on3static.com/uploads/assets/704/581/581704.png,https://www.on3.com/db/billy-gowers-283709/,portal_wire_football_2026
Jimmy Wyrick,S,UTSA Roadrunners,SMU Mustangs,Committed,0,3.0,87.0,721.0,82.0,2021,2026-01-07T12:56:00,https://on3static.com/uploads/assets/549/16/16549.jpeg,https://www.on3.com/db/jimmy-wyrick-61838/,portal_wire_football_2026
Ransom McDermott,OT,Louisville Cardinals,Temple Owls,Committed,0,3.0,84.0,2483.0,204.0,2024,2026-01-07T12:55:00,https://on3static.com/uploads/assets/398/577/577398.png,https://www.on3.com/db/ransom-mcdermott-153156/,portal_wire_football_2026
Khmori House,LB,North Carolina Tar Heels,Arkansas Razorbacks,Committed,0,3.0,88.0,189.0,39.0,2024,2026-01-07T12:53:00,https://on3static.com/uploads/assets/30/465/465030.png,https://www.on3.com/db/khmori-house-155378/,portal_wire_football_2026
Cheick Kaba,DL,Charlotte 49ers,,Entered,0,3.0,83.0,2752.0,303.0,2021,2026-01-07T12:53:00,https://on3static.com/uploads/assets/276/445/445276.png,https://www.on3.com/db/cheick-kaba-145246/,portal_wire_football_2026
Juice Vereen,TE,Connecticut Huskies,Colorado State Rams,Committed,0,3.0,88.0,439.0,24.0,2023,2026-01-07T12:52:00,https://on3static.com/uploads/assets/473/469/469473.png,https://www.on3.com/db/juice-vereen-147127/,portal_wire_football_2026
Michael Van Buren,QB,LSU Tigers,USF Bulls,Committed,306712,3.0,87.0,1023.0,38.0,2024,2026-01-07T12:50:00,https://on3static.com/uploads/assets/337/396/396337.jpg,https://www.on3.com/db/michael-van-buren-149593/,portal_wire_football_2026
Chris Durr,WR,Wyoming Cowboys,Maryland Terrapins,Committed,0,3.0,87.0,1170.0,141.0,2024,2026-01-07T12:48:00,https://on3static.com/uploads/assets/634/165/165634.png,https://www.on3.com/db/chris-durr-178340/,portal_wire_football_2026
Cooper Lovelace,IOL,Colorado Buffaloes,,Entered,0,3.0,85.0,2218.0,170.0,2019,2026-01-07T12:36:00,https://on3static.com/uploads/assets/298/96/96298.png,https://www.on3.com/db/cooper-lovelace-25875/,portal_wire_football_2026
Shelton Lewis,CB,Clemson Tigers,Arkansas Razorbacks,Committed,0,3.0,87.0,871.0,86.0,2023,2026-01-07T12:24:00,https://on3static.com/uploads/assets/886/471/471886.png,https://www.on3.com/db/shelton-lewis-107142/,portal_wire_football_2026
Tyler Williams,WR,USF Bulls,,Entered,0,3.0,85.0,2215.0,327.0,2023,2026-01-07T12:20:00,https://on3static.com/uploads/assets/679/443/443679.png,https://www.on3.com/db/tyler-williams-147298/,portal_wire_football_2026
Chris Jones Jr.,DL,Louisville Cardinals,Louisville Cardinals,Withdrawn,0,3.0,81.0,2887.0,328.0,2024,2026-01-07T12:19:00,https://on3static.com/uploads/assets/420/576/576420.png,https://www.on3.com/db/chris-jones-jr-283538/,portal_wire_football_2026
Colton Thomasson,IOL,Baylor Bears,UNLV Rebels,Committed,0,3.0,86.0,1489.0,164.0,2023,2026-01-07T12:19:00,https://on3static.com/uploads/assets/969/12/12969.jpeg,https://www.on3.com/db/colton-thomasson-25364/,portal_wire_football_2026
Dorian Mallary,CB,USF Bulls,,Entered,0,3.0,83.0,2751.0,318.0,2025,2026-01-07T12:18:00,https://on3static.com/uploads/assets/158/409/409158.png,https://www.on3.com/db/dorian-mallary-249113/,portal_wire_football_2026
Jaidan Scott,S,Sam Houston State Bearkats,,Entered,0,3.0,85.0,2220.0,196.0,2022,2026-01-07T12:18:00,https://on3static.com/uploads/assets/612/181/181612.png,https://www.on3.com/db/jaidan-scott-53112/,portal_wire_football_2026
Taylor Powell,S,Northern Illinois Huskies,,Entered,0,3.0,87.0,761.0,61.0,2024,2026-01-07T12:15:00,https://on3static.com/uploads/assets/725/232/232725.png,https://www.on3.com/db/taylor-powell-178057/,portal_wire_football_2026
Andrew Savaiinaea,TE,UNLV Rebels,,Entered,0,3.0,84.0,2565.0,134.0,2022,2026-01-07T12:11:00,https://on3static.com/uploads/assets/799/93/93799.jpg,https://www.on3.com/db/andrew-savaiinaea-5371/,portal_wire_football_2026
AG McGhee,S,Arkansas State Red Wolves,,Entered,0,3.0,86.0,1560.0,142.0,2022,2026-01-07T12:08:00,https://on3static.com/uploads/assets/102/26/26102.png,https://www.on3.com/db/ag-mcghee-146164/,portal_wire_football_2026
Jonathan Pennix,CB,Southern Miss Golden Eagles,Troy Trojans,Committed,0,3.0,89.0,245.0,24.0,2023,2026-01-07T12:07:00,https://on3static.com/uploads/assets/728/332/332728.png,https://www.on3.com/db/jonathan-pennix-145839/,portal_wire_football_2026
Jamonta Waller,LB,Auburn Tigers,Arkansas Razorbacks,Committed,103103,3.0,87.0,943.0,62.0,2024,2026-01-07T12:00:00,https://on3static.com/uploads/assets/607/303/303607.png,https://www.on3.com/db/jamonta-waller-152683/,portal_wire_football_2026
Jaquez White,CB,Troy Trojans,Virginia Tech Hokies,Committed,0,4.0,90.0,83.0,8.0,2023,2026-01-07T11:50:00,https://on3static.com/uploads/assets/229/572/572229.png,https://www.on3.com/db/jaquez-white-280658/,portal_wire_football_2026
Aidan Mizell,WR,Florida Gators,UCLA Bruins,Committed,0,3.0,88.0,191.0,82.0,2023,2026-01-07T11:39:00,https://on3static.com/uploads/assets/948/287/287948.png,https://www.on3.com/db/aidan-mizell-150213/,portal_wire_football_2026
Ivan Carreon,WR,Oklahoma Sooners,,Entered,0,3.0,87.0,759.0,123.0,2024,2026-01-07T11:37:00,https://on3static.com/uploads/assets/9/332/332009.png,https://www.on3.com/db/ivan-carreon-152135/,portal_wire_football_2026
PJ Wilkins,OT,Ole Miss Rebels,Wisconsin Badgers,Committed,0,3.0,84.0,2546.0,198.0,2023,2026-01-07T11:34:00,https://on3static.com/uploads/assets/394/213/213394.jpeg,https://www.on3.com/db/pj-wilkins-155545/,portal_wire_football_2026
Anto Saka,EDGE,Northwestern Wildcats,Texas A&M Aggies,Committed,0,4.0,90.0,59.0,9.0,2022,2026-01-07T11:32:00,https://on3static.com/uploads/assets/103/88/88103.jpeg,https://www.on3.com/db/anto-saka-6759/,portal_wire_football_2026
Trent Fraley,IOL,North Dakota State Bison,Michigan State Spartans,Committed,0,3.0,88.0,590.0,31.0,2022,2026-01-07T11:29:00,https://on3static.com/uploads/assets/701/579/579701.png,https://www.on3.com/db/trent-fraley-146165/,portal_wire_football_2026
Kourtney Kelly,DL,West Georgia Wolves,Clemson Tigers,Committed,0,3.0,86.0,2315.0,189.0,2024,2026-01-07T11:23:00,https://on3static.com/uploads/assets/880/552/552880.png,https://www.on3.com/db/kourtney-kelly-282424/,portal_wire_football_2026
Kenedy Uzoma,WR,North Carolina Tar Heels,Temple Owls,Committed,0,3.0,86.0,1815.0,209.0,2025,2026-01-07T11:23:00,https://on3static.com/uploads/assets/963/470/470963.jpg,https://www.on3.com/db/kenedy-uzoma-244231/,portal_wire_football_2026
Myles Bradley,LB,Bowling Green Falcons,,Entered,0,3.0,88.0,367.0,38.0,2019,2026-01-07T11:20:00,https://on3static.com/uploads/assets/740/581/581740.png,https://www.on3.com/db/myles-bradley-90650/,portal_wire_football_2026
Devan Thompkins,DL,USC Trojans,Alabama Crimson Tide,Committed,0,4.0,90.0,65.0,4.0,2022,2026-01-07T11:18:00,https://on3static.com/uploads/assets/66/96/96066.png,https://www.on3.com/db/devan-thompkins-147308/,portal_wire_football_2026
Cole Sullivan,LB,Michigan Wolverines,Oklahoma Sooners,Committed,0,3.0,88.0,313.0,25.0,2024,2026-01-07T11:03:00,https://on3static.com/uploads/assets/615/302/302615.png,https://www.on3.com/db/cole-sullivan-158357/,portal_wire_football_2026
Kamari Wilson,S,Memphis Tigers,West Virginia Mountaineers,Committed,0,3.0,89.0,236.0,26.0,2022,2026-01-07T10:52:00,https://on3static.com/uploads/assets/66/183/183066.png,https://www.on3.com/db/kamari-wilson-70954/,portal_wire_football_2026
Kylan Billiot,WR,LSU Tigers,James Madison Dukes,Committed,0,3.0,88.0,504.0,58.0,2024,2026-01-07T10:51:00,https://on3static.com/uploads/assets/738/83/83738.jpg,https://www.on3.com/db/kylan-billiot-156211/,portal_wire_football_2026
Rondo Porter,DL,Appalachian State Mountaineers,Rutgers Scarlet Knights,Committed,0,3.0,89.0,204.0,18.0,2022,2026-01-07T10:45:00,https://on3static.com/uploads/assets/748/331/331748.png,https://www.on3.com/db/rondo-porter-102243/,portal_wire_football_2026
Leland Smith,WR,San Jose State Spartans,UCLA Bruins,Committed,0,3.0,86.0,1292.0,186.0,2022,2026-01-07T10:45:00,https://on3static.com/uploads/assets/861/342/342861.png,https://www.on3.com/db/leland-smith-78909/,portal_wire_football_2026
Jayce Freeman,WR,Stony Brook Seawolves,Temple Owls,Committed,0,3.0,86.0,1113.0,242.0,2022,2026-01-07T10:37:00,https://on3static.com/uploads/assets/277/557/557277.png,https://www.on3.com/db/jayce-freeman-163871/,portal_wire_football_2026
Kaleb Purdy,S,Tennessee Tech Golden Eagles,Appalachian State Mountaineers,Committed,0,0.0,,,,2022,2026-01-07T10:36:00,https://on3static.com/uploads/assets/923/21/21923.jpeg,https://www.on3.com/db/kaleb-purdy-70740/,portal_wire_football_2026
Micah Mays,WR,Wake Forest Demon Deacons,Florida Gators,Committed,0,3.0,86.0,401.0,227.0,2023,2026-01-07T10:34:00,https://on3static.com/uploads/assets/657/225/225657.png,https://www.on3.com/db/micah-mays-87184/,portal_wire_football_2026
Stanton Ramil,OT,Michigan State Spartans,Auburn Tigers,Committed,0,3.0,89.0,223.0,20.0,2023,2026-01-07T10:33:00,https://on3static.com/uploads/assets/225/235/235225.png,https://www.on3.com/db/stanton-ramil-147552/,portal_wire_football_2026
Markie Grant,CB,Wyoming Cowboys,Utah State Aggies,Committed,0,3.0,86.0,2212.0,153.0,2024,2026-01-07T10:32:00,https://on3static.com/uploads/assets/981/141/141981.png,https://www.on3.com/db/markie-grant-83738/,portal_wire_football_2026
Kellen Francis,IOL,Illinois Fighting Illini,Southern Illinois Salukis,Committed,0,3.0,82.0,2828.0,231.0,0,2026-01-07T10:25:00,https://on3static.com/uploads/assets/427/319/319427.png,https://www.on3.com/db/kellen-francis-243043/,portal_wire_football_2026
Paul Bowling,IOL,Troy Trojans,Florida State Seminoles,Committed,0,3.0,83.0,2675.0,217.0,2025,2026-01-07T10:24:00,https://on3static.com/uploads/assets/623/581/581623.png,https://www.on3.com/db/paul-bowling-159412/,portal_wire_football_2026
Ejiroghene Egodogbare,DL,Yale Bulldogs,Houston Cougars,Committed,0,3.0,86.0,948.0,211.0,2022,2026-01-07T10:23:00,https://on3static.com/uploads/assets/334/572/572334.png,https://www.on3.com/db/ejiroghene-egodogbare-283416/,portal_wire_football_2026
Nolan Ray,RB,Maryland Terrapins,Boston College Eagles,Committed,0,3.0,87.0,837.0,76.0,2023,2026-01-07T10:23:00,https://on3static.com/uploads/assets/715/310/310715.png,https://www.on3.com/db/nolan-ray-146405/,portal_wire_football_2026
Dominic De Freitas,K,Appalachian State Mountaineers,North Texas Mean Green,Committed,0,,,,,2025,2026-01-07T10:22:00,https://on3static.com/uploads/assets/337/387/387337.jpg,https://www.on3.com/db/dominic-de-freitas-246755/,portal_wire_football_2026
Sam Pickett III,WR,Samford Bulldogs,Appalachian State Mountaineers,Committed,0,3.0,86.0,2409.0,271.0,2025,2026-01-07T10:20:00,https://on3static.com/uploads/assets/130/316/316130.jpeg,https://www.on3.com/db/sam-pickett-iii-159210/,portal_wire_football_2026
Kyri Shoels,WR,San Jose State Spartans,Utah Utes,Committed,0,3.0,87.0,921.0,157.0,2022,2026-01-07T10:20:00,https://on3static.com/uploads/assets/605/571/571605.png,https://www.on3.com/db/kyri-shoels-77243/,portal_wire_football_2026
Caden Maas,OT,Sioux Falls Cougars,Iowa State Cyclones,Committed,0,3.0,85.0,2217.0,181.0,2021,2026-01-07T10:19:00,https://on3static.com/uploads/assets/617/581/581617.jpeg,https://www.on3.com/db/caden-maas-283701/,portal_wire_football_2026
Mister Clark,CB,FIU Golden Panthers,Purdue Boilermakers,Committed,0,3.0,88.0,1123.0,40.0,2023,2026-01-07T10:14:00,https://on3static.com/uploads/assets/168/565/565168.png,https://www.on3.com/db/mister-clark-156227/,portal_wire_football_2026
Khalil Conley,CB,North Carolina Tar Heels,Appalachian State Mountaineers,Committed,0,3.0,86.0,1149.0,210.0,2024,2026-01-07T10:09:00,https://on3static.com/uploads/assets/38/297/297038.png,https://www.on3.com/db/khalil-conley-162229/,portal_wire_football_2026
Eugene Wilson III,WR,Florida Gators,LSU Tigers,Committed,0,3.0,89.0,203.0,30.0,2023,2026-01-07T10:08:00,https://on3static.com/uploads/assets/945/287/287945.png,https://www.on3.com/db/eugene-wilson-iii-147523/,portal_wire_football_2026
Jameer Grimsley,CB,Florida Gators,Mississippi State Bulldogs,Committed,127847,3.0,87.0,423.0,113.0,2024,2026-01-07T10:07:00,https://on3static.com/uploads/assets/926/287/287926.png,https://www.on3.com/db/jameer-grimsley-158007/,portal_wire_football_2026
Scooter Jackson,CB,UCLA Bruins,UCLA Bruins,Withdrawn,0,0.0,,,,2023,2026-01-07T10:06:00,https://on3static.com/uploads/assets/120/396/396120.jpeg,https://www.on3.com/db/scooter-jackson-151277/,portal_wire_football_2026
Ryker Haff,IOL,Oklahoma State Cowboys,,Entered,0,3.0,85.0,2216.0,185.0,2025,2026-01-07T10:06:00,https://on3static.com/uploads/assets/110/192/192110.jpg,https://www.on3.com/db/ryker-haff-177188/,portal_wire_football_2026
Landon Ellis,WR,James Madison Dukes,UCLA Bruins,Committed,0,3.0,88.0,560.0,39.0,2023,2026-01-07T09:58:00,https://on3static.com/uploads/assets/823/575/575823.png,https://www.on3.com/db/landon-ellis-283512/,portal_wire_football_2026
Noah Walters,QB,Oklahoma State Cowboys,,Entered,0,3.0,85.0,2213.0,127.0,2022,2026-01-07T09:58:00,https://on3static.com/uploads/assets/733/511/511733.png,https://www.on3.com/db/noah-walters-280972/,portal_wire_football_2026
Larenzo Fenner,WR,South Dakota Coyotes,Cincinnati Bearcats,Committed,0,3.0,88.0,445.0,72.0,2023,2026-01-07T09:55:00,https://on3static.com/uploads/assets/162/576/576162.png,https://www.on3.com/db/larenzo-fenner-151423/,portal_wire_football_2026
Jahiem White,RB,West Virginia Mountaineers,North Texas Mean Green,Committed,0,3.0,89.0,198.0,22.0,2023,2026-01-07T09:51:00,https://on3static.com/uploads/assets/94/305/305094.png,https://www.on3.com/db/jahiem-white-149878/,portal_wire_football_2026
Dylan Senda,IOL,Auburn Tigers,Toledo Rockets,Committed,0,3.0,86.0,1377.0,148.0,2023,2026-01-07T09:51:00,https://on3static.com/uploads/assets/653/303/303653.png,https://www.on3.com/db/dylan-senda-40046/,portal_wire_football_2026
Jackson Arnold,QB,Auburn Tigers,UNLV Rebels,Committed,751904,3.0,87.0,1025.0,49.0,2023,2026-01-07T09:50:00,https://on3static.com/uploads/assets/735/342/342735.png,https://www.on3.com/db/jackson-arnold-51487/,portal_wire_football_2026
Jeremy Naborne,LB,Colorado State Rams,Nevada Wolf Pack,Committed,0,,,,,2021,2026-01-07T09:50:00,https://on3static.com/uploads/assets/383/582/582383.png,https://www.on3.com/db/jeremy-naborne-60517/,portal_wire_football_2026
Corey Myrick,S,Southern Miss Golden Eagles,Clemson Tigers,Committed,0,3.0,89.0,168.0,16.0,2024,2026-01-07T09:49:00,https://on3static.com/uploads/assets/809/395/395809.png,https://www.on3.com/db/corey-myrick-153163/,portal_wire_football_2026
Yasin Willis,RB,Syracuse Orange,Kansas Jayhawks,Committed,0,3.0,88.0,547.0,41.0,2024,2026-01-07T09:49:00,https://on3static.com/uploads/assets/178/142/142178.jpg,https://www.on3.com/db/yasin-willis-150867/,portal_wire_football_2026
McCae Hillstead,QB,BYU Cougars,Utah State Aggies,Committed,0,3.0,85.0,2151.0,144.0,2023,2026-01-07T09:47:00,https://on3static.com/uploads/assets/36/307/307036.png,https://www.on3.com/db/mccae-hillstead-86859/,portal_wire_football_2026
Joshua Miller,IOL,Syracuse Orange,Austin Peay Governors,Committed,0,,,,,2023,2026-01-07T09:47:00,https://on3static.com/uploads/assets/873/391/391873.png,https://www.on3.com/db/joshua-miller-67998/,portal_wire_football_2026
Nic DiSanto,OT,Eastern Illinois Panthers,Central Michigan Chippewas,Committed,0,0.0,,,,2023,2026-01-07T09:46:00,https://on3static.com/uploads/assets/467/567/567467.png,https://www.on3.com/db/nic-disanto-153359/,portal_wire_football_2026
Kyle Ferm,LB,SMU Mustangs,Liberty Flames,Committed,0,3.0,85.0,2416.0,213.0,2023,2026-01-07T09:46:00,https://on3static.com/uploads/assets/885/395/395885.jpg,https://www.on3.com/db/kyle-ferm-246724/,portal_wire_football_2026
TJ Bush,EDGE,California Golden Bears,Minnesota Golden Gophers,Committed,0,3.0,88.0,339.0,37.0,2023,2026-01-07T09:46:00,https://on3static.com/uploads/assets/925/439/439925.png,https://www.on3.com/db/tj-bush-147477/,portal_wire_football_2026
Lyndon Cooper,IOL,Pittsburgh Panthers,Vanderbilt Commodores,Committed,0,4.0,90.0,90.0,5.0,2021,2026-01-07T09:44:00,https://on3static.com/uploads/dev/assets/279/10/10279.jpg,https://www.on3.com/db/lyndon-cooper-81042/,portal_wire_football_2026
Jamaal Whyce,DL,Marshall Thundering Herd,Baylor Bears,Committed,0,3.0,87.0,1056.0,69.0,2022,2026-01-07T09:43:00,https://on3static.com/uploads/assets/73/257/257073.jpg,https://www.on3.com/db/jamaal-whyce-54775/,portal_wire_football_2026
Eze Osondu,LB,California Golden Bears,UTSA Roadrunners,Committed,0,3.0,85.0,2117.0,215.0,2024,2026-01-07T09:34:00,https://on3static.com/uploads/assets/618/335/335618.png,https://www.on3.com/db/eze-osondu-178223/,portal_wire_football_2026
Jordan Castell,S,Florida Gators,Kentucky Wildcats,Committed,0,3.0,87.0,394.0,64.0,2023,2026-01-07T09:31:00,https://on3static.com/uploads/assets/952/287/287952.png,https://www.on3.com/db/jordan-castell-65312/,portal_wire_football_2026
Lucas Simmons,OT,Florida State Seminoles,Wisconsin Badgers,Committed,0,3.0,88.0,986.0,47.0,2023,2026-01-07T09:10:00,https://on3static.com/uploads/assets/241/242/242241.jpeg,https://www.on3.com/db/lucas-simmons-145951/,portal_wire_football_2026
Jaylon Domingeaux,WR,Southeastern Louisiana Lions,Wisconsin Badgers,Committed,0,3.0,87.0,671.0,132.0,2022,2026-01-07T09:10:00,https://on3static.com/uploads/assets/762/578/578762.png,https://www.on3.com/db/jaylon-domingeaux-283578/,portal_wire_football_2026
Bryan Jackson,RB,USC Trojans,Wisconsin Badgers,Committed,0,3.0,86.0,1164.0,136.0,2024,2026-01-07T08:58:00,https://on3static.com/uploads/assets/526/302/302526.png,https://www.on3.com/db/bryan-jackson-145382/,portal_wire_football_2026
Evan Dickens,RB,Liberty Flames,Boston College Eagles,Committed,0,3.0,89.0,256.0,26.0,2023,2026-01-07T08:55:00,https://on3static.com/uploads/assets/507/333/333507.png,https://www.on3.com/db/evan-dickens-43236/,portal_wire_football_2026
Xavier Daisy,WR,UAB Blazers,Kentucky Wildcats,Committed,0,3.0,83.0,2563.0,387.0,2024,2026-01-07T08:52:00,https://on3static.com/uploads/assets/915/175/175915.png,https://www.on3.com/db/xavier-daisy-179275/,portal_wire_football_2026
Olaus Alinen,OT,Alabama Crimson Tide,Kentucky Wildcats,Committed,0,3.0,86.0,1447.0,96.0,2023,2026-01-07T08:19:00,https://on3static.com/uploads/assets/553/225/225553.jpeg,https://www.on3.com/db/olaus-alinen-94287/,portal_wire_football_2026
Tyree Adams,OT,LSU Tigers,Texas A&M Aggies,Committed,0,3.0,89.0,141.0,11.0,2023,2026-01-07T08:10:00,https://on3static.com/uploads/assets/233/576/576233.png,https://www.on3.com/db/tyree-adams-146499/,portal_wire_football_2026
Lorenzo Payne,EDGE,West Florida Argonauts,Liberty Flames,Committed,0,,,,,2024,2026-01-07T08:07:00,https://on3static.com/uploads/assets/389/582/582389.png,https://www.on3.com/db/lorenzo-payne-178106/,portal_wire_football_2026
Nasim Cairo,DL,Southeast Missouri State Redhawks,Southern Miss Golden Eagles,Committed,0,,,,,0,2026-01-07T07:58:00,https://on3static.com/uploads/assets/330/582/582330.jpg,https://www.on3.com/db/nasim-cairo-283729/,portal_wire_football_2026
Cole Gonzales,QB,Pittsburgh Panthers,Charlotte 49ers,Committed,0,3.0,86.0,1453.0,105.0,2022,2026-01-07T07:57:00,https://on3static.com/uploads/assets/146/396/396146.png,https://www.on3.com/db/cole-gonzales-247321/,portal_wire_football_2026
Dorian Thomas,TE,New Mexico Lobos,California Golden Bears,Committed,0,4.0,90.0,125.0,6.0,2023,2026-01-07T07:46:00,https://on3static.com/uploads/assets/986/400/400986.png,https://www.on3.com/db/dorian-thomas-38595/,portal_wire_football_2026
Chas Nimrod,WR,USF Bulls,Auburn Tigers,Committed,0,3.0,87.0,945.0,107.0,2022,2026-01-07T07:24:00,https://on3static.com/uploads/assets/235/226/226235.jpeg,https://www.on3.com/db/chas-nimrod-20560/,portal_wire_football_2026
Keshawn Davila,CB,Arkansas Razorbacks,North Texas Mean Green,Committed,0,3.0,86.0,1786.0,217.0,2022,2026-01-06T23:50:00,https://on3static.com/uploads/assets/510/367/367510.png,https://www.on3.com/db/keshawn-davila-238553/,portal_wire_football_2026
David Afogho,EDGE,Bowling Green Falcons,West Virginia Mountaineers,Committed,0,3.0,87.0,2033.0,93.0,2023,2026-01-06T23:12:00,https://on3static.com/uploads/assets/294/570/570294.jpg,https://www.on3.com/db/david-afogho-161928/,portal_wire_football_2026
Deylin Hasert,IOL,Iowa State Cyclones,Georgia State Panthers,Committed,0,3.0,84.0,2455.0,202.0,2022,2026-01-06T22:56:00,https://on3static.com/uploads/assets/923/225/225923.png,https://www.on3.com/db/deylin-hasert-36778/,portal_wire_football_2026
Mekhai Smith,S,Lehigh Mountain Hawks,Minnesota Golden Gophers,Committed,0,3.0,88.0,608.0,48.0,2024,2026-01-06T22:55:00,https://on3static.com/uploads/assets/403/577/577403.png,https://www.on3.com/db/mekhai-smith-282351/,portal_wire_football_2026
Devan Lowe,DL,Georgia Southern Eagles,Memphis Tigers,Committed,0,3.0,86.0,1477.0,169.0,0,2026-01-06T22:53:00,https://on3static.com/uploads/assets/673/359/359673.png,https://www.on3.com/db/devan-lowe-245813/,portal_wire_football_2026
Hunter Tipton,TE,Middle Tennessee State Blue Raiders,Memphis Tigers,Committed,0,3.0,87.0,2322.0,34.0,2022,2026-01-06T22:51:00,https://on3static.com/uploads/assets/214/391/391214.png,https://www.on3.com/db/hunter-tipton-48646/,portal_wire_football_2026
Dashun Reeder,RB,Northwestern Wildcats,,Entered,0,3.0,84.0,2557.0,206.0,2024,2026-01-06T22:51:00,https://on3static.com/uploads/assets/435/581/581435.jpeg,https://www.on3.com/db/dashun-reeder-180433/,portal_wire_football_2026
Jackson Waller,P,Arkansas State Red Wolves,NC State Wolfpack,Committed,0,3.0,80.0,3050.0,16.0,2024,2026-01-06T22:43:00,https://on3static.com/uploads/assets/430/581/581430.jpeg,https://www.on3.com/db/jackson-waller-174304/,portal_wire_football_2026
Jacob Sexton,IOL,Oklahoma Sooners,Oklahoma State Cowboys,Committed,0,3.0,86.0,1323.0,132.0,2022,2026-01-06T22:19:00,https://on3static.com/uploads/assets/210/86/86210.jpeg,https://www.on3.com/db/jacob-sexton-52212/,portal_wire_football_2026
Donovan Starr,CB,Auburn Tigers,Clemson Tigers,Committed,124200,3.0,89.0,199.0,20.0,2025,2026-01-06T21:49:00,https://on3static.com/uploads/assets/669/388/388669.jpg,https://www.on3.com/db/donovan-starr-237795/,portal_wire_football_2026
Marquis Gillis,RB,Delaware State Hornets,Arizona State Sun Devils,Committed,0,3.0,88.0,1057.0,49.0,2021,2026-01-06T21:35:00,https://on3static.com/uploads/assets/578/581/581578.png,https://www.on3.com/db/marquis-gillis-283700/,portal_wire_football_2026
David Santiago,EDGE,Michigan State Spartans,Kansas Jayhawks,Committed,0,3.0,88.0,610.0,35.0,2023,2026-01-06T21:33:00,https://on3static.com/uploads/assets/356/581/581356.jpg,https://www.on3.com/db/david-santiago-159316/,portal_wire_football_2026
Chris Culliver,WR,North Carolina Tar Heels,Marshall Thundering Herd,Committed,0,3.0,87.0,1778.0,156.0,2023,2026-01-06T21:29:00,https://on3static.com/uploads/assets/23/465/465023.png,https://www.on3.com/db/chris-culliver-21578/,portal_wire_football_2026
Henry Fenuku,IOL,Missouri Tigers,North Texas Mean Green,Committed,0,3.0,88.0,532.0,33.0,2025,2026-01-06T21:22:00,https://on3static.com/uploads/assets/429/298/298429.jpg,https://www.on3.com/db/henry-fenuku-239711/,portal_wire_football_2026
Dylan Lee,RB,Iowa State Cyclones,UCLA Bruins,Committed,0,3.0,85.0,2107.0,189.0,2024,2026-01-06T21:21:00,https://on3static.com/uploads/assets/382/576/576382.png,https://www.on3.com/db/dylan-lee-177871/,portal_wire_football_2026
Brody Foley,TE,Tulsa Golden Hurricane,Louisville Cardinals,Committed,0,4.0,90.0,114.0,5.0,2022,2026-01-06T21:20:00,https://on3static.com/uploads/assets/657/403/403657.jpg,https://www.on3.com/db/brody-foley-15192/,portal_wire_football_2026
Luke Kromenhoek,QB,Mississippi State Bulldogs,USF Bulls,Committed,0,3.0,87.0,398.0,40.0,2024,2026-01-06T21:19:00,https://on3static.com/uploads/assets/117/392/392117.jpg,https://www.on3.com/db/luke-kromenhoek-151843/,portal_wire_football_2026
Jamarrion Harkless,DL,Purdue Boilermakers,Kentucky Wildcats,Committed,0,3.0,87.0,416.0,65.0,2023,2026-01-06T21:17:00,https://on3static.com/uploads/assets/499/343/343499.png,https://www.on3.com/db/jamarrion-harkless-151337/,portal_wire_football_2026
Jeff Exinor,WR,Penn State Nittany Lions,Virginia Tech Hokies,Committed,0,3.0,88.0,453.0,83.0,2025,2026-01-06T21:09:00,https://on3static.com/uploads/assets/898/506/506898.png,https://www.on3.com/db/jeff-exinor-150282/,portal_wire_football_2026
Chrishon McCray,WR,Michigan State Spartans,Michigan State Spartans,Withdrawn,0,0.0,,,,2022,2026-01-06T21:03:00,https://on3static.com/uploads/assets/206/391/391206.png,https://www.on3.com/db/chrishon-mccray-22723/,portal_wire_football_2026
Justyn Reid,TE,Tulane Green Wave,Louisville Cardinals,Committed,0,3.0,86.0,1877.0,62.0,2023,2026-01-06T20:59:00,https://on3static.com/uploads/assets/943/394/394943.png,https://www.on3.com/db/justyn-reid-156449/,portal_wire_football_2026
Anthony Boswell,IOL,Toledo Rockets,Houston Cougars,Committed,0,4.0,90.0,95.0,7.0,2024,2026-01-06T20:57:00,https://on3static.com/uploads/assets/893/388/388893.png,https://www.on3.com/db/anthony-boswell-246773/,portal_wire_football_2026
Peyton Seelmann,LB,Richmond Spiders,North Carolina Tar Heels,Committed,0,3.0,88.0,1180.0,22.0,2024,2026-01-06T20:51:00,https://on3static.com/uploads/assets/426/567/567426.png,https://www.on3.com/db/peyton-seelmann-282343/,portal_wire_football_2026
Landon Walker,RB,Colorado School of Mines Orediggers,TCU Horned Frogs,Committed,0,3.0,86.0,1937.0,147.0,2021,2026-01-06T20:37:00,https://on3static.com/uploads/assets/866/552/552866.png,https://www.on3.com/db/landon-walker-282421/,portal_wire_football_2026
Demeco Kennedy,DL,Purdue Boilermakers,Louisville Cardinals,Committed,0,3.0,86.0,1383.0,173.0,2024,2026-01-06T20:30:00,https://on3static.com/uploads/assets/106/303/303106.png,https://www.on3.com/db/demeco-kennedy-155323/,portal_wire_football_2026
Lucas Samsula,DL,Wyoming Cowboys,,Expected,0,3.0,86.0,1547.0,170.0,2023,2026-01-06T20:28:00,,https://www.on3.com/db/lucas-samsula-147109/,portal_wire_football_2026
JaMair Diaz,LB,Sam Houston State Bearkats,Temple Owls,Committed,0,3.0,87.0,747.0,93.0,2022,2026-01-06T20:26:00,https://on3static.com/uploads/assets/264/580/580264.png,https://www.on3.com/db/jamair-diaz-283648/,portal_wire_football_2026
Cade Myer,IOL,Colorado School of Mines Orediggers,Iowa State Cyclones,Committed,0,3.0,85.0,2209.0,190.0,2021,2026-01-06T20:12:00,https://on3static.com/uploads/assets/174/581/581174.jpg,https://www.on3.com/db/cade-myer-283682/,portal_wire_football_2026
Aidan Chiles,QB,Michigan State Spartans,Northwestern Wildcats,Committed,0,3.0,89.0,154.0,20.0,2023,2026-01-06T20:08:00,https://on3static.com/uploads/assets/463/225/225463.png,https://www.on3.com/db/aidan-chiles-147985/,portal_wire_football_2026
Kahari Finley,OT,Morgan State Bears,USF Bulls,Committed,0,3.0,86.0,1992.0,119.0,2023,2026-01-06T20:05:00,https://on3static.com/uploads/assets/384/567/567384.png,https://www.on3.com/db/kahari-finley-70469/,portal_wire_football_2026
Jaron Glover,WR,Mississippi State Bulldogs,USF Bulls,Committed,0,3.0,85.0,2065.0,297.0,2022,2026-01-06T20:05:00,https://on3static.com/uploads/assets/134/235/235134.png,https://www.on3.com/db/jaron-glover-56990/,portal_wire_football_2026
Dexter Foster,LB,Oregon State Beavers,Nebraska Cornhuskers,Committed,0,3.0,86.0,1897.0,142.0,2024,2026-01-06T20:05:00,https://on3static.com/uploads/assets/875/210/210875.jpg,https://www.on3.com/db/dexter-foster-235927/,portal_wire_football_2026
Markell Samuel,OT,Oklahoma State Cowboys,Georgia Tech Yellow Jackets,Committed,0,3.0,87.0,891.0,59.0,2020,2026-01-06T20:04:00,https://on3static.com/uploads/assets/952/438/438952.png,https://www.on3.com/db/markell-samuel-83713/,portal_wire_football_2026
Bo Mascoe,CB,Rutgers Scarlet Knights,Texas Longhorns,Committed,0,4.0,90.0,55.0,5.0,2023,2026-01-06T19:54:00,https://on3static.com/uploads/assets/232/463/463232.jpg,https://www.on3.com/db/bo-mascoe-147499/,portal_wire_football_2026
Johnnie Brown,OT,Georgia Southern Eagles,Louisville Cardinals,Committed,0,3.0,88.0,997.0,36.0,2020,2026-01-06T19:47:00,https://on3static.com/uploads/assets/655/15/15655.jpeg,https://www.on3.com/db/johnnie-brown-63930/,portal_wire_football_2026
Anthony Speca,LB,Penn State Nittany Lions,Purdue Boilermakers,Committed,0,3.0,86.0,1879.0,133.0,2024,2026-01-06T19:44:00,https://on3static.com/uploads/assets/552/346/346552.png,https://www.on3.com/db/anthony-speca-147401/,portal_wire_football_2026
Kvon Sherman,LB,Toledo Rockets,Connecticut Huskies,Committed,0,3.0,89.0,158.0,10.0,2022,2026-01-06T19:41:00,https://on3static.com/uploads/assets/243/576/576243.png,https://www.on3.com/db/kvon-sherman-147201/,portal_wire_football_2026
Junior Poyser,DL,Buffalo Bulls,Wisconsin Badgers,Committed,0,3.0,89.0,175.0,17.0,2023,2026-01-06T19:39:00,https://on3static.com/uploads/assets/339/341/341339.png,https://www.on3.com/db/junior-poyser-162035/,portal_wire_football_2026
Liam Boyd,K,Charlotte 49ers,Michigan State Spartans,Committed,0,3.0,80.0,3004.0,23.0,2022,2026-01-06T19:36:00,https://on3static.com/uploads/assets/6/578/578006.png,https://www.on3.com/db/liam-boyd-237623/,portal_wire_football_2026
JaDon Blair,S,Notre Dame Fighting Irish,Missouri Tigers,Committed,111513,3.0,88.0,440.0,44.0,2025,2026-01-06T19:35:00,https://on3static.com/uploads/assets/116/320/320116.jpg,https://www.on3.com/db/jadon-blair-176749/,portal_wire_football_2026
Xai'Shaun Edwards,RB,Houston Christian Huskies,Missouri Tigers,Committed,0,3.0,87.0,1771.0,90.0,2024,2026-01-06T19:34:00,https://on3static.com/uploads/assets/316/93/93316.jpeg,https://www.on3.com/db/xaishaun-edwards-152193/,portal_wire_football_2026
Trent Wilson,IOL,James Madison Dukes,Iowa Hawkeyes,Committed,0,3.0,88.0,1044.0,53.0,2025,2026-01-06T19:33:00,https://on3static.com/uploads/assets/295/329/329295.png,https://www.on3.com/db/trent-wilson-239595/,portal_wire_football_2026
Kyren Condoll,CB,Duke Blue Devils,,Entered,0,3.0,86.0,1561.0,208.0,2024,2026-01-06T19:21:00,https://on3static.com/uploads/assets/684/304/304684.png,https://www.on3.com/db/kyren-condoll-77236/,portal_wire_football_2026
Tucker McDonald,QB,Connecticut Huskies,Connecticut Huskies,Withdrawn,0,3.0,82.0,2827.0,192.0,2023,2026-01-06T19:19:00,https://on3static.com/uploads/assets/480/469/469480.png,https://www.on3.com/db/tucker-mcdonald-156266/,portal_wire_football_2026
Larry Tarver,CB,Nebraska Cornhuskers,Nebraska Cornhuskers,Withdrawn,0,3.0,85.0,2188.0,259.0,2024,2026-01-06T19:08:00,https://on3static.com/uploads/assets/448/333/333448.png,https://www.on3.com/db/larry-tarver-152052/,portal_wire_football_2026
Cade Dowd,P,Pittsburgh Panthers,,Entered,0,,,,,0,2026-01-06T19:00:00,https://on3static.com/uploads/assets/843/333/333843.png,https://www.on3.com/db/cade-dowd-243543/,portal_wire_football_2026
Jalen Thomeson,S,Ohio Bobcats,San Diego State Aztecs,Committed,0,3.0,88.0,378.0,46.0,2023,2026-01-06T18:54:00,,https://www.on3.com/db/jalen-thomeson-158951/,portal_wire_football_2026
Tyrone West,WR,Texas Tech Red Raiders,UTSA Roadrunners,Committed,0,3.0,86.0,1429.0,230.0,2023,2026-01-06T18:47:00,https://on3static.com/uploads/assets/190/46/46190.jpeg,https://www.on3.com/db/tyrone-west-149707/,portal_wire_football_2026
Jerod Smith,EDGE,Kentucky Wildcats,Louisville Cardinals,Committed,0,3.0,88.0,625.0,36.0,2024,2026-01-06T18:39:00,https://on3static.com/uploads/assets/390/209/209390.jpg,https://www.on3.com/db/jerod-smith-147693/,portal_wire_football_2026
Jacob Smith,EDGE,Kentucky Wildcats,Louisville Cardinals,Committed,0,3.0,88.0,623.0,59.0,2024,2026-01-06T18:37:00,https://on3static.com/uploads/assets/388/209/209388.jpg,https://www.on3.com/db/jacob-smith-147692/,portal_wire_football_2026
Ashton Stamps,CB,LSU Tigers,Arizona State Sun Devils,Committed,0,3.0,88.0,878.0,30.0,2023,2026-01-06T18:36:00,https://on3static.com/uploads/assets/567/58/58567.jpeg,https://www.on3.com/db/ashton-stamps-151855/,portal_wire_football_2026
Zuriah Fisher,EDGE,Penn State Nittany Lions,USC Trojans,Committed,0,3.0,89.0,149.0,20.0,2020,2026-01-06T18:32:00,https://on3static.com/uploads/assets/410/222/222410.png,https://www.on3.com/db/zuriah-fisher-123918/,portal_wire_football_2026
Chandler Strong,IOL,Georgia Southern Eagles,North Texas Mean Green,Committed,0,3.0,89.0,285.0,28.0,2022,2026-01-06T18:28:00,https://on3static.com/uploads/assets/837/576/576837.png,https://www.on3.com/db/chandler-strong-149789/,portal_wire_football_2026
Dwayne McDougle,S,San Diego State Aztecs,Nebraska Cornhuskers,Committed,0,3.0,87.0,619.0,54.0,2022,2026-01-06T18:28:00,https://on3static.com/uploads/assets/345/577/577345.png,https://www.on3.com/db/dwayne-mcdougle-39639/,portal_wire_football_2026
Kaden Strayhorn,IOL,Michigan Wolverines,Alabama Crimson Tide,Committed,0,3.0,87.0,1041.0,79.0,2025,2026-01-06T18:21:00,https://on3static.com/uploads/assets/353/188/188353.jpg,https://www.on3.com/db/kaden-strayhorn-147395/,portal_wire_football_2026
Justin Eaglin,CB,James Madison Dukes,Colorado Buffaloes,Committed,0,3.0,87.0,975.0,76.0,2022,2026-01-06T18:13:00,https://on3static.com/uploads/assets/488/178/178488.jpeg,https://www.on3.com/db/justin-eaglin-145857/,portal_wire_football_2026
Anthony Colandrea,QB,UNLV Rebels,Nebraska Cornhuskers,Committed,732467,3.0,89.0,134.0,16.0,2023,2026-01-06T18:11:00,https://on3static.com/uploads/assets/324/396/396324.jpg,https://www.on3.com/db/anthony-colandrea-5972/,portal_wire_football_2026
James Peoples,RB,Ohio State Buckeyes,Penn State Nittany Lions,Committed,130362,4.0,90.0,130.0,10.0,2024,2026-01-06T18:10:00,https://on3static.com/uploads/assets/663/332/332663.png,https://www.on3.com/db/james-peoples-155748/,portal_wire_football_2026
Kam Mikell,CB,Colorado Buffaloes,,Expected,0,3.0,88.0,736.0,52.0,2024,2026-01-06T18:09:00,https://on3static.com/uploads/assets/619/95/95619.jpg,https://www.on3.com/db/kam-mikell-154171/,portal_wire_football_2026
Israel Polk,WR,Akron Zips,Oklahoma State Cowboys,Committed,0,3.0,87.0,881.0,142.0,2023,2026-01-06T18:07:00,https://on3static.com/uploads/assets/488/308/308488.png,https://www.on3.com/db/israel-polk-50040/,portal_wire_football_2026
Jarvis Lee,CB,USF Bulls,SMU Mustangs,Committed,0,3.0,86.0,1270.0,165.0,2023,2026-01-06T18:06:00,https://on3static.com/uploads/assets/97/216/216097.png,https://www.on3.com/db/jarvis-lee-150728/,portal_wire_football_2026
Xavier Miles,DL,Charlotte 49ers,Memphis Tigers,Committed,0,3.0,86.0,1534.0,208.0,2024,2026-01-06T18:06:00,https://on3static.com/uploads/assets/433/440/440433.png,https://www.on3.com/db/xavier-miles-153159/,portal_wire_football_2026
Malachi Singleton,QB,Purdue Boilermakers,Appalachian State Mountaineers,Committed,0,3.0,86.0,1790.0,74.0,2023,2026-01-06T18:02:00,https://on3static.com/uploads/assets/861/407/407861.png,https://www.on3.com/db/malachi-singleton-81457/,portal_wire_football_2026
Gavin Broscious,IOL,Michigan State Spartans,Iowa State Cyclones,Committed,0,3.0,86.0,1789.0,130.0,2022,2026-01-06T18:00:00,https://on3static.com/uploads/assets/229/235/235229.png,https://www.on3.com/db/gavin-broscious-45359/,portal_wire_football_2026
Kam Davis,RB,Florida State Seminoles,Liberty Flames,Committed,0,3.0,88.0,526.0,53.0,2024,2026-01-06T17:56:00,https://on3static.com/uploads/assets/961/296/296961.png,https://www.on3.com/db/kam-davis-71005/,portal_wire_football_2026
K.J. Miles,DL,Temple Owls,Memphis Tigers,Committed,0,3.0,86.0,1432.0,183.0,2022,2026-01-06T17:53:00,https://on3static.com/uploads/assets/582/86/86582.png,https://www.on3.com/db/kj-miles-75450/,portal_wire_football_2026
Adam Trick,EDGE,Miami (OH) RedHawks,Texas Tech Red Raiders,Committed,0,4.0,90.0,58.0,8.0,2022,2026-01-06T17:52:00,https://on3static.com/uploads/assets/533/568/568533.png,https://www.on3.com/db/adam-trick-1381/,portal_wire_football_2026
Kaylib Singleton,S,Syracuse Orange,Mississippi State Bulldogs,Committed,0,3.0,87.0,1235.0,104.0,2025,2026-01-06T17:49:00,https://on3static.com/uploads/assets/561/386/386561.png,https://www.on3.com/db/kaylib-singleton-154778/,portal_wire_football_2026
Cam Chadwick,CB,Connecticut Huskies,Virginia Tech Hokies,Committed,0,3.0,88.0,1124.0,63.0,2023,2026-01-06T17:48:00,https://on3static.com/uploads/assets/481/469/469481.png,https://www.on3.com/db/cam-chadwick-151285/,portal_wire_football_2026
Jaden McKinney,DL,Southern Miss Golden Eagles,Memphis Tigers,Committed,0,3.0,88.0,366.0,52.0,2023,2026-01-06T17:42:00,https://on3static.com/uploads/assets/521/449/449521.png,https://www.on3.com/db/jaden-mckinney-152304/,portal_wire_football_2026
Toby Mealer,IOL,Louisiana Tech Bulldogs,Southern Miss Golden Eagles,Committed,0,3.0,83.0,2686.0,221.0,2025,2026-01-06T17:37:00,https://on3static.com/uploads/assets/700/241/241700.png,https://www.on3.com/db/toby-mealer-158501/,portal_wire_football_2026
Michael Montgomery,LB,Southern Miss Golden Eagles,Memphis Tigers,Committed,0,3.0,88.0,1002.0,41.0,2023,2026-01-06T17:35:00,https://on3static.com/uploads/assets/507/88/88507.jpg,https://www.on3.com/db/michael-montgomery-148317/,portal_wire_football_2026
Kaden Saunders,WR,Penn State Nittany Lions,Southern Miss Golden Eagles,Committed,0,3.0,86.0,1397.0,277.0,2022,2026-01-06T17:33:00,https://on3static.com/uploads/assets/859/94/94859.png,https://www.on3.com/db/kaden-saunders-70393/,portal_wire_football_2026
Kylish Hicks,CB,Connecticut Huskies,Connecticut Huskies,Withdrawn,0,3.0,82.0,2840.0,328.0,2022,2026-01-06T17:33:00,https://on3static.com/uploads/assets/504/469/469504.png,https://www.on3.com/db/kylish-hicks-149889/,portal_wire_football_2026
Amir Leonard-Jean Charles,DL,Southern Miss Golden Eagles,Memphis Tigers,Committed,0,3.0,86.0,1539.0,196.0,2025,2026-01-06T17:32:00,https://on3static.com/uploads/assets/77/287/287077.png,https://www.on3.com/db/amir-leonard-jean-charles-147610/,portal_wire_football_2026
Maurion Horn,CB,Texas Tech Red Raiders,Oklahoma State Cowboys,Committed,0,3.0,87.0,674.0,109.0,2022,2026-01-06T17:22:00,https://on3static.com/uploads/assets/227/167/167227.png,https://www.on3.com/db/maurion-horn-144756/,portal_wire_football_2026
Jayce Brown,WR,Kansas State Wildcats,LSU Tigers,Committed,468410,4.0,92.0,30.0,4.0,2023,2026-01-06T17:21:00,https://on3static.com/uploads/assets/570/571/571570.png,https://www.on3.com/db/jayce-brown-155782/,portal_wire_football_2026
Ira Singleton,EDGE,USF Bulls,SMU Mustangs,Committed,0,3.0,87.0,720.0,73.0,2024,2026-01-06T17:15:00,https://on3static.com/uploads/assets/61/580/580061.png,https://www.on3.com/db/ira-singleton-174736/,portal_wire_football_2026
Quentin Taylor,CB,Iowa State Cyclones,Mississippi State Bulldogs,Committed,0,3.0,89.0,139.0,12.0,2024,2026-01-06T17:10:00,https://on3static.com/uploads/assets/717/313/313717.png,https://www.on3.com/db/quentin-taylor-152706/,portal_wire_football_2026
Braylon Burnside,S,Mississippi State Bulldogs,Memphis Tigers,Committed,0,3.0,87.0,1779.0,90.0,2024,2026-01-06T17:00:00,https://on3static.com/uploads/assets/265/332/332265.png,https://www.on3.com/db/braylon-burnside-13614/,portal_wire_football_2026
Mateen Ibirogba,DL,Wake Forest Demon Deacons,Texas Tech Red Raiders,Committed,0,4.0,92.0,21.0,1.0,2022,2026-01-06T16:58:00,https://on3static.com/uploads/assets/971/268/268971.png,https://www.on3.com/db/mateen-ibirogba-239357/,portal_wire_football_2026
Owen Wafle,DL,Penn State Nittany Lions,Duke Blue Devils,Committed,0,3.0,87.0,1461.0,104.0,2024,2026-01-06T16:57:00,https://on3static.com/uploads/assets/693/416/416693.png,https://www.on3.com/db/owen-wafle-151574/,portal_wire_football_2026
Knai Cook,S,Charleston Southern Buccaneers,Troy Trojans,Committed,0,3.0,87.0,750.0,112.0,2024,2026-01-06T16:54:00,https://on3static.com/uploads/assets/264/581/581264.png,https://www.on3.com/db/knai-cook-178995/,portal_wire_football_2026
Hank Purvis,IOL,Purdue Boilermakers,South Carolina Gamecocks,Committed,0,3.0,88.0,941.0,35.0,2024,2026-01-06T16:49:00,https://on3static.com/uploads/assets/858/407/407858.png,https://www.on3.com/db/hank-purvis-173994/,portal_wire_football_2026
Jerome Carter,S,Old Dominion Monarchs,Clemson Tigers,Committed,0,3.0,89.0,184.0,19.0,2024,2026-01-06T16:45:00,https://on3static.com/uploads/assets/919/576/576919.png,https://www.on3.com/db/jerome-carter-153707/,portal_wire_football_2026
Ryan Henderson,EDGE,San Diego State Aztecs,Texas A&M Aggies,Committed,0,3.0,87.0,996.0,67.0,2022,2026-01-06T16:44:00,https://on3static.com/uploads/assets/412/579/579412.jpg,https://www.on3.com/db/ryan-henderson-103276/,portal_wire_football_2026
Jahiem Johnson,CB,Tulane Green Wave,Arkansas Razorbacks,Committed,0,3.0,88.0,198.0,36.0,2023,2026-01-06T16:42:00,https://on3static.com/uploads/assets/698/574/574698.png,https://www.on3.com/db/jahiem-johnson-152294/,portal_wire_football_2026
Alex VanSumeren,DL,Michigan State Spartans,USC Trojans,Committed,0,3.0,88.0,234.0,36.0,2022,2026-01-06T16:34:00,https://on3static.com/uploads/assets/252/235/235252.png,https://www.on3.com/db/alex-vansumeren-3470/,portal_wire_football_2026
Caleb Woodson,LB,Virginia Tech Hokies,Alabama Crimson Tide,Committed,0,3.0,88.0,651.0,36.0,2023,2026-01-06T16:29:00,https://on3static.com/uploads/assets/730/332/332730.png,https://www.on3.com/db/caleb-woodson-150242/,portal_wire_football_2026
Jamaal Johnson,EDGE,UCF Knights,Northwestern Wildcats,Committed,0,3.0,87.0,1820.0,114.0,2022,2026-01-06T16:28:00,https://on3static.com/uploads/assets/756/564/564756.PNG,https://www.on3.com/db/jamaal-johnson-144736/,portal_wire_football_2026
Adam Mohammed,RB,Washington Huskies,California Golden Bears,Committed,0,3.0,89.0,145.0,16.0,2024,2026-01-06T16:20:00,https://on3static.com/uploads/assets/694/119/119694.jpg,https://www.on3.com/db/adam-mohammed-174273/,portal_wire_football_2026
Asher Hale,OT,South Alabama Jaguars,Baylor Bears,Committed,0,3.0,86.0,1894.0,106.0,2024,2026-01-06T16:16:00,https://on3static.com/uploads/assets/270/581/581270.png,https://www.on3.com/db/asher-hale-178126/,portal_wire_football_2026
Nick Sharpe,IOL,South Carolina Gamecocks,Michigan State Spartans,Committed,0,3.0,88.0,890.0,36.0,2021,2026-01-06T16:14:00,https://on3static.com/uploads/assets/454/16/16454.jpeg,https://www.on3.com/db/nick-sharpe-92964/,portal_wire_football_2026
DJ Barksdale,CB,James Madison Dukes,UCLA Bruins,Committed,0,3.0,89.0,221.0,21.0,2023,2026-01-06T16:10:00,https://on3static.com/uploads/assets/838/265/265838.jpeg,https://www.on3.com/db/dj-barksdale-37252/,portal_wire_football_2026
Cam Cook,RB,Jacksonville State Gamecocks,West Virginia Mountaineers,Committed,0,4.0,90.0,80.0,6.0,2023,2026-01-06T16:10:00,https://on3static.com/uploads/assets/163/223/223163.png,https://www.on3.com/db/cam-cook-147286/,portal_wire_football_2026
Caden Marshall,LB,Bowling Green Falcons,SMU Mustangs,Committed,0,3.0,86.0,1154.0,153.0,2024,2026-01-06T16:09:00,https://on3static.com/uploads/assets/627/564/564627.png,https://www.on3.com/db/caden-marshall-178390/,portal_wire_football_2026
Tre Mittman,CB,North Carolina A&T Aggies,Georgia State Panthers,Committed,0,3.0,86.0,1382.0,188.0,2024,2026-01-06T16:08:00,https://on3static.com/uploads/assets/831/576/576831.png,https://www.on3.com/db/tre-mittman-178916/,portal_wire_football_2026
Dillon Tatum,CB,Northwestern Wildcats,Miami (OH) RedHawks,Committed,0,3.0,86.0,1426.0,179.0,2022,2026-01-06T16:07:00,https://on3static.com/uploads/assets/156/235/235156.png,https://www.on3.com/db/dillon-tatum-37051/,portal_wire_football_2026
Asaad Waseem,WR,Florida Atlantic Owls,Purdue Boilermakers,Committed,0,3.0,87.0,1040.0,159.0,2023,2026-01-06T16:06:00,https://on3static.com/uploads/assets/308/242/242308.jpeg,https://www.on3.com/db/asaad-waseem-7792/,portal_wire_football_2026
Anwar O'Neal,OT,Delaware Fightin' Blue Hens,Louisville Cardinals,Committed,0,3.0,86.0,1849.0,109.0,2023,2026-01-06T16:05:00,https://on3static.com/uploads/assets/449/55/55449.jpeg,https://www.on3.com/db/anwar-oneal-150124/,portal_wire_football_2026
Malachi Hood,LB,Illinois Fighting Illini,West Virginia Mountaineers,Committed,0,3.0,86.0,1878.0,120.0,2022,2026-01-06T16:04:00,https://on3static.com/uploads/assets/332/176/176332.jpeg,https://www.on3.com/db/malachi-hood-81425/,portal_wire_football_2026
Hunter Osborne,DL,Virginia Cavaliers,Arkansas Razorbacks,Committed,0,3.0,87.0,655.0,61.0,2023,2026-01-06T16:02:00,https://on3static.com/uploads/assets/766/225/225766.jpeg,https://www.on3.com/db/hunter-osborne-48561/,portal_wire_football_2026
Ayden Jackson,CB,Georgia Southern Eagles,USF Bulls,Committed,0,3.0,87.0,748.0,93.0,2023,2026-01-06T15:47:00,https://on3static.com/uploads/assets/259/581/581259.png,https://www.on3.com/db/ayden-jackson-175641/,portal_wire_football_2026
Henry Tabansi,OT,Buffalo Bulls,UCF Knights,Committed,0,3.0,87.0,656.0,62.0,2023,2026-01-06T15:45:00,https://on3static.com/uploads/assets/266/341/341266.png,https://www.on3.com/db/henry-tabansi-158961/,portal_wire_football_2026
Theo Bachelder,OT,Old Dominion Monarchs,,Entered,0,3.0,83.0,2748.0,215.0,2024,2026-01-06T15:45:00,https://on3static.com/uploads/assets/216/581/581216.png,https://www.on3.com/db/theo-bachelder-180949/,portal_wire_football_2026
Tyler Gibson,OT,Charlotte 49ers,UCF Knights,Committed,0,3.0,86.0,1540.0,100.0,2022,2026-01-06T15:44:00,https://on3static.com/uploads/assets/596/86/86596.jpg,https://www.on3.com/db/tyler-gibson-117604/,portal_wire_football_2026
Leivi Semaia,IOL,East Carolina Pirates,,Entered,0,3.0,83.0,2747.0,223.0,0,2026-01-06T15:41:00,https://on3static.com/uploads/assets/638/405/405638.png,https://www.on3.com/db/leivi-semaia-248624/,portal_wire_football_2026
Brian Green,WR,Georgia Southern Eagles,,Entered,0,3.0,81.0,2949.0,418.0,2023,2026-01-06T15:40:00,https://on3static.com/uploads/assets/500/335/335500.png,https://www.on3.com/db/brian-green-153687/,portal_wire_football_2026
Cam Fancher,QB,UCF Knights,Michigan State Spartans,Committed,0,3.0,85.0,2172.0,128.0,2021,2026-01-06T15:39:00,https://on3static.com/uploads/assets/693/564/564693.PNG,https://www.on3.com/db/cam-fancher-17459/,portal_wire_football_2026
Shamar McIntosh,S,Maryland Terrapins,Charlotte 49ers,Committed,0,3.0,84.0,2666.0,235.0,2024,2026-01-06T15:37:00,https://on3static.com/uploads/assets/949/188/188949.png,https://www.on3.com/db/shamar-mcintosh-151601/,portal_wire_football_2026
Raemon Mosby,CB,Louisville Cardinals,,Entered,0,3.0,84.0,2558.0,296.0,2024,2026-01-06T15:35:00,https://on3static.com/uploads/assets/416/152/152416.png,https://www.on3.com/db/raemon-mosby-153476/,portal_wire_football_2026
DJ McCormick,LB,USF Bulls,,Entered,0,3.0,85.0,2202.0,197.0,2024,2026-01-06T15:34:00,https://on3static.com/uploads/assets/17/442/442017.png,https://www.on3.com/db/dj-mccormick-154698/,portal_wire_football_2026
Ashton Gray,RB,North Texas Mean Green,East Carolina Pirates,Committed,0,3.0,87.0,408.0,93.0,2024,2026-01-06T15:33:00,https://on3static.com/uploads/assets/691/575/575691.jpeg,https://www.on3.com/db/ashton-gray-239221/,portal_wire_football_2026
Ismael Smith Flores,TE,The University of Texas Rio Grande Valley Vaqueros,East Carolina Pirates,Committed,0,3.0,85.0,2206.0,122.0,2023,2026-01-06T15:32:00,https://on3static.com/uploads/assets/474/333/333474.png,https://www.on3.com/db/ismael-smith-flores-157742/,portal_wire_football_2026
Na’eem Gladding,WR,Old Dominion Monarchs,Maryland Terrapins,Committed,0,3.0,88.0,442.0,80.0,2024,2026-01-06T15:30:00,https://on3static.com/uploads/assets/591/340/340591.png,https://www.on3.com/db/naeem-gladding-152279/,portal_wire_football_2026
Guytano Bartolomeo,K,North Carolina Tar Heels,,Entered,0,3.0,80.0,3046.0,51.0,2025,2026-01-06T15:28:00,https://on3static.com/uploads/assets/941/470/470941.jpg,https://www.on3.com/db/guytano-bartolomeo-248889/,portal_wire_football_2026
Beckham Sunderland,K,Michigan Wolverines,Minnesota Golden Gophers,Committed,0,3.0,80.0,3041.0,42.0,2021,2026-01-06T15:26:00,https://on3static.com/uploads/assets/109/442/442109.png,https://www.on3.com/db/beckham-sunderland-250790/,portal_wire_football_2026
Caleb Cook,IOL,Georgia Southern Eagles,USF Bulls,Committed,0,3.0,89.0,284.0,27.0,2021,2026-01-06T15:23:00,https://on3static.com/uploads/assets/947/576/576947.png,https://www.on3.com/db/caleb-cook-16939/,portal_wire_football_2026
Jacob Bailey,OT,James Madison Dukes,Western Michigan Broncos,Committed,0,3.0,81.0,2919.0,230.0,2025,2026-01-06T15:23:00,https://on3static.com/uploads/assets/774/409/409774.png,https://www.on3.com/db/jacob-bailey-249180/,portal_wire_football_2026
Carter Miller,IOL,UCF Knights,South Carolina Gamecocks,Committed,0,3.0,87.0,927.0,72.0,2022,2026-01-06T15:19:00,https://on3static.com/uploads/assets/727/564/564727.PNG,https://www.on3.com/db/carter-miller-18921/,portal_wire_football_2026
Emmanuel Oyebadejo,DL,Jacksonville State Gamecocks,Florida Gators,Committed,0,3.0,89.0,150.0,10.0,2022,2026-01-06T15:17:00,https://on3static.com/uploads/assets/854/397/397854.jpg,https://www.on3.com/db/emmanuel-oyebadejo-239636/,portal_wire_football_2026
Broderick Shull,OT,Auburn Tigers,,Entered,130512,4.0,90.0,132.0,10.0,2025,2026-01-06T15:16:00,https://on3static.com/uploads/assets/927/306/306927.jpg,https://www.on3.com/db/broderick-shull-162314/,portal_wire_football_2026
Brandon Hood,RB,Massachusetts Minutemen,,Entered,0,3.0,85.0,2210.0,169.0,2024,2026-01-06T15:16:00,https://on3static.com/uploads/assets/66/152/152066.png,https://www.on3.com/db/brandon-hood-152728/,portal_wire_football_2026
Richie Anderson,TE,Fresno State Bulldogs,,Entered,0,3.0,87.0,1049.0,39.0,2023,2026-01-06T15:11:00,https://on3static.com/uploads/assets/187/581/581187.jpg,https://www.on3.com/db/richie-anderson-148334/,portal_wire_football_2026
Austin Ramsey,DL,Kentucky Wildcats,Kansas State Wildcats,Committed,0,3.0,86.0,1359.0,187.0,2023,2026-01-06T15:03:00,https://on3static.com/uploads/assets/286/222/222286.png,https://www.on3.com/db/austin-ramsey-147065/,portal_wire_football_2026
Rod Gainey Jr.,RB,Charlotte 49ers,LSU Tigers,Committed,0,3.0,85.0,2204.0,178.0,2024,2026-01-06T15:02:00,https://on3static.com/uploads/assets/720/386/386720.jpg,https://www.on3.com/db/rod-gainey-jr-146529/,portal_wire_football_2026
Bruin Fleischmann,TE,Air Force Falcons,,Entered,0,3.0,88.0,365.0,29.0,2022,2026-01-06T15:01:00,https://on3static.com/uploads/assets/181/581/581181.jpg,https://www.on3.com/db/bruin-fleischmann-15358/,portal_wire_football_2026
Kobie McKinzie,LB,Oklahoma Sooners,Northwestern Wildcats,Committed,0,3.0,87.0,231.0,52.0,2022,2026-01-06T15:00:00,https://on3static.com/uploads/assets/169/86/86169.jpeg,https://www.on3.com/db/kobie-mckinzie-75614/,portal_wire_football_2026
Aydan West,CB,Michigan State Spartans,Minnesota Golden Gophers,Committed,0,3.0,87.0,693.0,143.0,2025,2026-01-06T14:56:00,https://on3static.com/uploads/assets/253/188/188253.png,https://www.on3.com/db/aydan-west-174661/,portal_wire_football_2026
Jasper Beeler,S,Northern Illinois Huskies,Cincinnati Bearcats,Committed,0,3.0,88.0,546.0,35.0,2022,2026-01-06T14:48:00,https://on3static.com/uploads/assets/261/574/574261.png,https://www.on3.com/db/jasper-beeler-148514/,portal_wire_football_2026
Nate Kibble,IOL,Texas Longhorns,Baylor Bears,Committed,0,3.0,87.0,699.0,80.0,2024,2026-01-06T14:46:00,https://on3static.com/uploads/assets/172/581/581172.png,https://www.on3.com/db/nate-kibble-91256/,portal_wire_football_2026
Rylan Kennedy,EDGE,Texas A&M Aggies,Florida State Seminoles,Committed,0,3.0,87.0,575.0,63.0,2023,2026-01-06T14:43:00,https://on3static.com/uploads/assets/360/331/331360.png,https://www.on3.com/db/rylan-kennedy-174371/,portal_wire_football_2026
Darren Morris,WR,Southern University Jaguars,Boise State Broncos,Committed,0,3.0,86.0,1541.0,267.0,2022,2026-01-06T14:41:00,https://on3static.com/uploads/assets/340/577/577340.png,https://www.on3.com/db/darren-morris-283554/,portal_wire_football_2026
Andre Jocelyn,CB,Benedict College,Georgia State Panthers,Committed,0,3.0,84.0,2554.0,289.0,2023,2026-01-06T14:40:00,https://on3static.com/uploads/assets/255/581/581255.png,https://www.on3.com/db/andre-jocelyn-152594/,portal_wire_football_2026
Aidan Kilstrom,IOL,Harvard Crimson,Stanford Cardinal,Committed,0,3.0,87.0,1138.0,111.0,2022,2026-01-06T14:38:00,https://on3static.com/uploads/assets/85/562/562085.png,https://www.on3.com/db/aidan-kilstrom-2002/,portal_wire_football_2026
Jeremy Scott,WR,South Alabama Jaguars,TCU Horned Frogs,Committed,0,3.0,88.0,888.0,81.0,2024,2026-01-06T14:31:00,https://on3static.com/uploads/assets/257/563/563257.png,https://www.on3.com/db/jeremy-scott-150297/,portal_wire_football_2026
Will Hawthorne,LB,Iowa State Cyclones,Nebraska Cornhuskers,Committed,0,3.0,87.0,1010.0,85.0,2025,2026-01-06T14:30:00,https://on3static.com/uploads/assets/419/579/579419.jpg,https://www.on3.com/db/will-hawthorne-174099/,portal_wire_football_2026
Tyler Mercer,IOL,Kansas Jayhawks,Oklahoma State Cowboys,Committed,0,3.0,88.0,1012.0,44.0,2024,2026-01-06T14:28:00,https://on3static.com/uploads/assets/122/392/392122.jpg,https://www.on3.com/db/tyler-mercer-174605/,portal_wire_football_2026
Tyler Martinez,LB,New Mexico State Aggies,Colorado Buffaloes,Committed,0,3.0,86.0,1896.0,124.0,2022,2026-01-06T14:16:00,https://on3static.com/uploads/assets/156/581/581156.png,https://www.on3.com/db/tyler-martinez-180139/,portal_wire_football_2026
Brody Miller,S,Washington State Cougars,Iowa State Cyclones,Committed,0,3.0,83.0,2727.0,256.0,2025,2026-01-06T14:12:00,https://on3static.com/uploads/assets/993/580/580993.jpg,https://www.on3.com/db/brody-miller-244582/,portal_wire_football_2026
Mario Nash,OT,Florida State Seminoles,Mississippi State Bulldogs,Committed,110354,3.0,87.0,906.0,79.0,2025,2026-01-06T14:06:00,https://on3static.com/uploads/assets/666/212/212666.jpg,https://www.on3.com/db/mario-nash-178512/,portal_wire_football_2026
Keaton Emmett,K,Nevada Wolf Pack,Oregon Ducks,Committed,0,3.0,80.0,3043.0,44.0,2024,2026-01-06T14:05:00,https://on3static.com/uploads/assets/196/576/576196.png,https://www.on3.com/db/keaton-emmett-283524/,portal_wire_football_2026
Desirrio Riles,TE,East Carolina Pirates,Florida State Seminoles,Committed,0,3.0,87.0,994.0,36.0,2023,2026-01-06T13:39:00,https://on3static.com/uploads/assets/865/213/213865.jpeg,https://www.on3.com/db/desirrio-riles-35504/,portal_wire_football_2026
Jacurri Brown,QB,UCF Knights,Rice Owls,Committed,0,3.0,86.0,1144.0,95.0,2022,2026-01-06T13:33:00,https://on3static.com/uploads/assets/686/564/564686.PNG,https://www.on3.com/db/jacurri-brown-52524/,portal_wire_football_2026
Carter Herriman,LB,Eastern Michigan Eagles,,Entered,0,3.0,82.0,2847.0,265.0,2024,2026-01-06T13:31:00,https://on3static.com/uploads/assets/301/109/109301.jpg,https://www.on3.com/db/carter-herriman-162745/,portal_wire_football_2026
Xavier Newsom,TE,Howard Bison,Auburn Tigers,Committed,0,3.0,86.0,1521.0,75.0,2025,2026-01-06T13:26:00,https://on3static.com/uploads/assets/108/215/215108.png,https://www.on3.com/db/xavier-newsom-151874/,portal_wire_football_2026
Adlai Lounsbury,P,Washington State Cougars,Iowa State Cyclones,Committed,0,3.0,80.0,3039.0,41.0,2025,2026-01-06T13:26:00,https://on3static.com/uploads/assets/97/581/581097.jpg,https://www.on3.com/db/adlai-lounsbury-248935/,portal_wire_football_2026
Jordan Thomas,DL,Georgia Bulldogs,South Carolina Gamecocks,Committed,0,3.0,87.0,417.0,93.0,2024,2026-01-06T13:25:00,https://on3static.com/uploads/assets/288/162/162288.png,https://www.on3.com/db/jordan-thomas-151581/,portal_wire_football_2026
Damarjhe Lewis,DL,SMU Mustangs,,Entered,0,,,,,2020,2026-01-06T13:24:00,https://on3static.com/uploads/assets/540/343/343540.png,https://www.on3.com/db/damarjhe-lewis-28454/,portal_wire_football_2026
Joseph Ionata,IOL,Alabama Crimson Tide,Georgia Tech Yellow Jackets,Committed,0,3.0,87.0,688.0,108.0,2024,2026-01-06T13:21:00,https://on3static.com/uploads/assets/664/142/142664.jpg,https://www.on3.com/db/joseph-ionata-150813/,portal_wire_football_2026
Zachary Robbins,P,Utah State Aggies,Minnesota Golden Gophers,Committed,0,3.0,80.0,3121.0,34.0,2025,2026-01-06T13:14:00,https://on3static.com/uploads/assets/987/589/589987.png,https://www.on3.com/db/zachary-robbins-207796/,portal_wire_football_2026
Tolu Olajide,OT,New Hampshire Wildcats,Wake Forest Demon Deacons,Committed,0,3.0,87.0,1192.0,92.0,2021,2026-01-06T13:11:00,https://on3static.com/uploads/assets/888/566/566888.png,https://www.on3.com/db/tolu-olajide-283093/,portal_wire_football_2026
Trevon McAlpine,DL,Tulane Green Wave,Kansas Jayhawks,Committed,0,3.0,87.0,952.0,82.0,2022,2026-01-06T12:53:00,https://on3static.com/uploads/assets/366/73/73366.jpeg,https://www.on3.com/db/trevon-mcalpine-115593/,portal_wire_football_2026
Jovantae Barnes,RB,Oklahoma Sooners,Kentucky Wildcats,Committed,0,3.0,87.0,968.0,101.0,2022,2026-01-06T12:47:00,https://on3static.com/uploads/assets/175/72/72175.jpg,https://www.on3.com/db/jovantae-barnes-68310/,portal_wire_football_2026
Benjamin Hudson,LB,Stanford Cardinal,,Entered,0,,,,,2022,2026-01-06T12:41:00,https://on3static.com/uploads/assets/325/226/226325.png,https://www.on3.com/db/benjamin-hudson-145179/,portal_wire_football_2026
Harry Dalton,RB,USC Trojans,Maryland Terrapins,Committed,100654,3.0,89.0,279.0,28.0,2025,2026-01-06T12:37:00,https://on3static.com/uploads/assets/586/236/236586.png,https://www.on3.com/db/harry-dalton-163332/,portal_wire_football_2026
Malcolm Ziglar,S,North Carolina Tar Heels,USF Bulls,Committed,0,3.0,86.0,1241.0,135.0,2024,2026-01-06T12:33:00,https://on3static.com/uploads/assets/50/297/297050.png,https://www.on3.com/db/malcolm-ziglar-163095/,portal_wire_football_2026
Cooper Blomstrom,EDGE,Georgetown Hoyas,Arizona Wildcats,Committed,0,3.0,88.0,1043.0,58.0,2022,2026-01-06T12:32:00,https://on3static.com/uploads/assets/106/581/581106.png,https://www.on3.com/db/cooper-blomstrom-25836/,portal_wire_football_2026
Arhmad Branch,WR,Purdue Boilermakers,USF Bulls,Committed,0,3.0,85.0,487.0,296.0,2023,2026-01-06T12:30:00,https://on3static.com/uploads/assets/488/343/343488.png,https://www.on3.com/db/arhmad-branch-176945/,portal_wire_football_2026
Kenny Ozowalu,EDGE,UTSA Roadrunners,Oklahoma Sooners,Committed,0,3.0,88.0,535.0,46.0,2024,2026-01-06T12:30:00,https://on3static.com/uploads/assets/240/572/572240.png,https://www.on3.com/db/kenny-ozowalu-283415/,portal_wire_football_2026
Stephiylan Green,DL,Clemson Tigers,LSU Tigers,Committed,0,3.0,89.0,160.0,11.0,2023,2026-01-06T12:29:00,https://on3static.com/uploads/assets/595/59/59595.jpg,https://www.on3.com/db/stephiylan-green-147133/,portal_wire_football_2026
Parker Livingstone,WR,Texas Longhorns,Oklahoma Sooners,Committed,160994,4.0,90.0,112.0,19.0,2024,2026-01-06T12:21:00,https://on3static.com/uploads/assets/734/574/574734.png,https://www.on3.com/db/parker-livingstone-95048/,portal_wire_football_2026
Jamai East,WR,Oregon State Beavers,,Entered,0,3.0,81.0,2948.0,433.0,2022,2026-01-06T12:18:00,https://on3static.com/uploads/assets/57/581/581057.png,https://www.on3.com/db/jamai-east-54792/,portal_wire_football_2026
Amorie Morrison,EDGE,UAB Blazers,,Entered,0,3.0,86.0,1538.0,153.0,2020,2026-01-06T12:16:00,https://on3static.com/uploads/assets/172/171/171172.png,https://www.on3.com/db/amorie-morrison-4376/,portal_wire_football_2026
Jordan Spasojevic-Moko,IOL,California Golden Bears,,Entered,0,3.0,87.0,754.0,97.0,2019,2026-01-06T12:15:00,https://on3static.com/uploads/assets/570/15/15570.jpeg,https://www.on3.com/db/jordan-spasojevic-moko-66046/,portal_wire_football_2026
Khalil Witherspoon,TE,Akron Zips,,Entered,0,3.0,83.0,2746.0,151.0,2024,2026-01-06T12:14:00,https://on3static.com/uploads/assets/983/122/122983.png,https://www.on3.com/db/khalil-witherspoon-174097/,portal_wire_football_2026
Grant Fielder,DL,Florida State Seminoles,,Entered,0,3.0,82.0,2845.0,319.0,2023,2026-01-06T12:14:00,https://on3static.com/uploads/assets/121/242/242121.jpeg,https://www.on3.com/db/grant-fielder-154623/,portal_wire_football_2026
Braylen Prude,S,Nebraska Cornhuskers,Nebraska Cornhuskers,Withdrawn,0,3.0,85.0,2174.0,223.0,2024,2026-01-06T12:08:00,https://on3static.com/uploads/assets/365/340/340365.png,https://www.on3.com/db/braylen-prude-235978/,portal_wire_football_2026
DJ Epps,WR,Troy Trojans,West Virginia Mountaineers,Committed,0,3.0,86.0,1891.0,191.0,2022,2026-01-06T12:05:00,https://on3static.com/uploads/assets/670/578/578670.jpg,https://www.on3.com/db/dj-epps-283572/,portal_wire_football_2026
Cole Rusk,TE,Illinois Fighting Illini,Arizona Wildcats,Committed,0,3.0,89.0,286.0,14.0,2021,2026-01-06T12:03:00,https://on3static.com/uploads/assets/331/132/132331.jpeg,https://www.on3.com/db/cole-rusk-24845/,portal_wire_football_2026
Javen Johnson,DL,Coastal Carolina Chanticleers,,Entered,0,3.0,84.0,2560.0,287.0,2022,2026-01-06T12:02:00,https://on3static.com/uploads/assets/92/581/581092.png,https://www.on3.com/db/javen-johnson-283679/,portal_wire_football_2026
Jaylin Lucas,RB,Florida State Seminoles,Tulane Green Wave,Committed,0,3.0,86.0,907.0,159.0,2022,2026-01-06T12:01:00,https://on3static.com/uploads/assets/441/265/265441.png,https://www.on3.com/db/jaylin-lucas-59029/,portal_wire_football_2026
Eagan Boyer,OT,Penn State Nittany Lions,Florida Gators,Committed,0,3.0,87.0,657.0,80.0,2024,2026-01-06T12:00:00,https://on3static.com/uploads/assets/374/332/332374.png,https://www.on3.com/db/eagan-boyer-155795/,portal_wire_football_2026
Sam Robinson,LB,Rutgers Scarlet Knights,USF Bulls,Committed,0,3.0,85.0,2064.0,209.0,2024,2026-01-06T11:59:00,https://on3static.com/uploads/assets/240/463/463240.jpg,https://www.on3.com/db/sam-robinson-162565/,portal_wire_football_2026
Terry Simmons,DL,Duke Blue Devils,USF Bulls,Committed,0,3.0,85.0,2067.0,248.0,2023,2026-01-06T11:58:00,https://on3static.com/uploads/assets/828/164/164828.png,https://www.on3.com/db/terry-simmons-149720/,portal_wire_football_2026
Miles O'Neill,QB,Texas A&M Aggies,North Carolina Tar Heels,Committed,0,3.0,87.0,1369.0,51.0,2024,2026-01-06T11:49:00,https://on3static.com/uploads/assets/602/155/155602.jpeg,https://www.on3.com/db/miles-oneill-177658/,portal_wire_football_2026
AJ Green,EDGE,Louisville Cardinals,Louisville Cardinals,Withdrawn,650660,0.0,,,,2023,2026-01-06T11:38:00,https://on3static.com/uploads/assets/237/223/223237.png,https://www.on3.com/db/aj-green-146056/,portal_wire_football_2026
Braden Awls,S,Toledo Rockets,Iowa State Cyclones,Committed,0,3.0,87.0,984.0,68.0,2023,2026-01-06T11:36:00,https://on3static.com/uploads/assets/225/576/576225.png,https://www.on3.com/db/braden-awls-151349/,portal_wire_football_2026
Ory Williams,OT,LSU Tigers,Tennessee Volunteers,Committed,0,3.0,89.0,191.0,14.0,2024,2026-01-06T11:32:00,https://on3static.com/uploads/assets/29/581/581029.png,https://www.on3.com/db/ory-williams-94621/,portal_wire_football_2026
Travis Terrell,RB,Jackson State Tigers,Purdue Boilermakers,Committed,0,3.0,86.0,1389.0,156.0,2024,2026-01-06T11:24:00,https://on3static.com/uploads/assets/362/152/152362.png,https://www.on3.com/db/travis-terrell-152605/,portal_wire_football_2026
Ethan Wesloski,LB,North Texas Mean Green,Oklahoma State Cowboys,Committed,0,3.0,89.0,214.0,15.0,2022,2026-01-06T11:19:00,https://on3static.com/uploads/assets/787/578/578787.png,https://www.on3.com/db/ethan-wesloski-149926/,portal_wire_football_2026
Bryce West,CB,Ohio State Buckeyes,Wisconsin Badgers,Committed,134695,3.0,87.0,633.0,64.0,2024,2026-01-06T11:17:00,https://on3static.com/uploads/assets/660/332/332660.png,https://www.on3.com/db/bryce-west-147459/,portal_wire_football_2026
CJ Coombes,S,Wofford Terriers,North Texas Mean Green,Committed,0,3.0,86.0,1770.0,147.0,0,2026-01-06T11:15:00,https://on3static.com/uploads/assets/632/556/556632.jpg,https://www.on3.com/db/cj-coombes-282577/,portal_wire_football_2026
Jovan Clark,LB,Washington State Cougars,Ball State Cardinals,Committed,0,3.0,86.0,1253.0,190.0,2025,2026-01-06T11:12:00,https://on3static.com/uploads/assets/221/325/325221.png,https://www.on3.com/db/jovan-clark-154556/,portal_wire_football_2026
Patrick Durkin,K,Tulane Green Wave,Florida Gators,Committed,0,3.0,80.0,3045.0,1.0,2024,2026-01-06T11:12:00,https://on3static.com/uploads/assets/29/339/339029.png,https://www.on3.com/db/patrick-durkin-162609/,portal_wire_football_2026
Ty Benefield,S,Boise State Broncos,LSU Tigers,Committed,0,3.0,89.0,200.0,22.0,2023,2026-01-06T11:04:00,https://on3static.com/uploads/assets/664/511/511664.png,https://www.on3.com/db/ty-benefield-156274/,portal_wire_football_2026
Armstrong Nnodim,DL,Oklahoma State Cowboys,Penn State Nittany Lions,Committed,0,3.0,87.0,1445.0,57.0,2024,2026-01-06T11:01:00,https://on3static.com/uploads/assets/706/579/579706.png,https://www.on3.com/db/armstrong-nnodim-158889/,portal_wire_football_2026
BJ Carter,DL,Iowa State Cyclones,Marshall Thundering Herd,Committed,0,3.0,85.0,2154.0,231.0,2025,2026-01-06T10:56:00,https://on3static.com/uploads/assets/988/465/465988.PNG,https://www.on3.com/db/bj-carter-180911/,portal_wire_football_2026
Nate Pabst,OT,Bowling Green Falcons,Florida State Seminoles,Committed,0,3.0,88.0,743.0,35.0,2021,2026-01-06T10:55:00,https://on3static.com/uploads/assets/8/581/581008.png,https://www.on3.com/db/nate-pabst-91323/,portal_wire_football_2026
Alexander McPherson,EDGE,Colorado Buffaloes,Penn State Nittany Lions,Committed,0,3.0,86.0,1299.0,159.0,2025,2026-01-06T10:53:00,https://on3static.com/uploads/assets/705/579/579705.png,https://www.on3.com/db/alexander-mcpherson-178744/,portal_wire_football_2026
Carlon Jones,DL,USC Trojans,Arkansas Razorbacks,Committed,0,3.0,87.0,929.0,120.0,2024,2026-01-06T10:52:00,https://on3static.com/uploads/assets/312/335/335312.png,https://www.on3.com/db/carlon-jones-159404/,portal_wire_football_2026
Ade Willie,CB,Michigan State Spartans,North Carolina Tar Heels,Committed,0,3.0,86.0,1222.0,235.0,2022,2026-01-06T10:50:00,https://on3static.com/uploads/assets/151/235/235151.png,https://www.on3.com/db/ade-willie-1492/,portal_wire_football_2026
Jordan Anderson,WR,Sacramento State Hornets,San Jose State Spartans,Committed,0,,,,,2024,2026-01-06T10:49:00,https://on3static.com/uploads/assets/382/49/49382.jpg,https://www.on3.com/db/jordan-anderson-65149/,portal_wire_football_2026
DeSean Watts,DL,Sacramento State Hornets,Washington Huskies,Committed,0,3.0,88.0,910.0,37.0,2023,2026-01-06T10:48:00,https://on3static.com/uploads/assets/881/568/568881.png,https://www.on3.com/db/desean-watts-283203/,portal_wire_football_2026
Max Anderson,IOL,Tennessee Volunteers,Kentucky Wildcats,Committed,108838,3.0,88.0,609.0,48.0,2024,2026-01-06T10:41:00,https://on3static.com/uploads/assets/985/169/169985.JPG,https://www.on3.com/db/max-anderson-150431/,portal_wire_football_2026
Braden Smith,IOL,Tarleton State Texans,Iowa State Cyclones,Committed,0,3.0,89.0,253.0,22.0,2024,2026-01-06T10:39:00,https://on3static.com/uploads/assets/498/578/578498.PNG,https://www.on3.com/db/braden-smith-236761/,portal_wire_football_2026
Vaea Ikakoula,IOL,Iowa State Cyclones,Penn State Nittany Lions,Committed,0,3.0,84.0,2358.0,196.0,2025,2026-01-06T10:37:00,https://on3static.com/uploads/assets/991/465/465991.PNG,https://www.on3.com/db/vaea-ikakoula-158339/,portal_wire_football_2026
Tree Babalade,OT,South Carolina Gamecocks,Nebraska Cornhuskers,Committed,0,3.0,88.0,326.0,40.0,2023,2026-01-06T10:32:00,https://on3static.com/uploads/assets/69/257/257069.jpg,https://www.on3.com/db/tree-babalade-150326/,portal_wire_football_2026
Nico Crawford,LS,Pittsburgh Panthers,Michigan Wolverines,Committed,0,3.0,80.0,3042.0,5.0,2023,2026-01-06T10:30:00,https://on3static.com/uploads/assets/16/581/581016.png,https://www.on3.com/db/nico-crawford-283677/,portal_wire_football_2026
Jerry Lawson,DL,Louisville Cardinals,Oklahoma State Cowboys,Committed,0,3.0,87.0,311.0,90.0,2023,2026-01-06T10:27:00,https://on3static.com/uploads/assets/103/394/394103.png,https://www.on3.com/db/jerry-lawson-247261/,portal_wire_football_2026
Alec Clark,P,Tulane Green Wave,Florida Gators,Committed,0,3.0,80.0,3047.0,2.0,2023,2026-01-06T10:22:00,https://on3static.com/uploads/assets/979/580/580979.png,https://www.on3.com/db/alec-clark-283676/,portal_wire_football_2026
Jack Bal,S,Arizona State Sun Devils,Washington State Cougars,Committed,0,0.0,,,,2023,2026-01-06T10:15:00,https://on3static.com/uploads/assets/295/472/472295.jpg,https://www.on3.com/db/jack-bal-237254/,portal_wire_football_2026
Josh Phifer,TE,James Madison Dukes,UCLA Bruins,Committed,0,3.0,86.0,1037.0,102.0,2023,2026-01-06T10:14:00,https://on3static.com/uploads/assets/351/321/321351.png,https://www.on3.com/db/josh-phifer-157246/,portal_wire_football_2026
Mekhi Mason,LB,Louisiana Tech Bulldogs,Kansas State Wildcats,Committed,0,3.0,88.0,509.0,33.0,2022,2026-01-06T10:09:00,https://on3static.com/uploads/assets/111/268/268111.png,https://www.on3.com/db/mekhi-mason-86959/,portal_wire_football_2026
Blake Cherry,IOL,Arkansas Razorbacks,Wisconsin Badgers,Committed,0,3.0,85.0,2161.0,167.0,2025,2026-01-06T10:07:00,https://on3static.com/uploads/assets/947/310/310947.jpg,https://www.on3.com/db/blake-cherry-177187/,portal_wire_football_2026
Aaron Philo,QB,Georgia Tech Yellow Jackets,Florida Gators,Committed,0,3.0,88.0,297.0,26.0,2024,2026-01-06T10:04:00,https://on3static.com/uploads/assets/493/333/333493.png,https://www.on3.com/db/aaron-philo-146069/,portal_wire_football_2026
Kahmari Brown,EDGE,Elon Phoenix,Iowa Hawkeyes,Committed,0,3.0,87.0,883.0,88.0,2024,2026-01-06T10:01:00,https://on3static.com/uploads/assets/903/397/397903.png,https://www.on3.com/db/kahmari-brown-246964/,portal_wire_football_2026
Gideon Lampron,LB,Bowling Green Falcons,Colorado Buffaloes,Committed,0,4.0,90.0,92.0,9.0,2022,2026-01-06T10:01:00,https://on3static.com/uploads/assets/388/568/568388.png,https://www.on3.com/db/gideon-lampron-145957/,portal_wire_football_2026
Carter Pabst,WR,Washington State Cougars,Iowa State Cyclones,Committed,0,3.0,81.0,2679.0,414.0,2025,2026-01-06T10:00:00,https://on3static.com/uploads/assets/930/580/580930.jpg,https://www.on3.com/db/carter-pabst-248382/,portal_wire_football_2026
Joey Su'a,IOL,Arizona State Sun Devils,Central Arkansas Bears,Committed,0,,,,,2023,2026-01-06T09:49:00,https://on3static.com/uploads/assets/377/472/472377.jpg,https://www.on3.com/db/joey-sua-146521/,portal_wire_football_2026
T.J. Shanahan,IOL,Penn State Nittany Lions,Florida Gators,Committed,0,3.0,88.0,449.0,34.0,2023,2026-01-06T09:48:00,https://on3static.com/uploads/assets/691/416/416691.png,https://www.on3.com/db/tj-shanahan-113148/,portal_wire_football_2026
Jasper Parker,RB,Michigan Wolverines,Arkansas Razorbacks,Committed,0,4.0,90.0,98.0,7.0,2025,2026-01-06T09:47:00,https://on3static.com/uploads/assets/827/258/258827.png,https://www.on3.com/db/jasper-parker-238923/,portal_wire_football_2026
Tony-Louis Nkuba,CB,Arizona State Sun Devils,UNLV Rebels,Committed,0,3.0,85.0,2164.0,250.0,2024,2026-01-06T09:42:00,https://on3static.com/uploads/assets/286/472/472286.jpg,https://www.on3.com/db/tony-louis-nkuba-174989/,portal_wire_football_2026
John Walker,DL,UCF Knights,Ohio State Buckeyes,Committed,0,3.0,88.0,320.0,30.0,2023,2026-01-06T09:39:00,https://on3static.com/uploads/assets/730/564/564730.PNG,https://www.on3.com/db/john-walker-63709/,portal_wire_football_2026
Billy Walton,EDGE,SMU Mustangs,Oklahoma State Cowboys,Committed,0,3.0,86.0,1536.0,149.0,2023,2026-01-06T09:39:00,https://on3static.com/uploads/assets/133/209/209133.jpeg,https://www.on3.com/db/billy-walton-10555/,portal_wire_football_2026
Ju’Juan Johnson,RB,LSU Tigers,Syracuse Orange,Committed,0,3.0,87.0,516.0,66.0,2024,2026-01-06T09:21:00,https://on3static.com/uploads/assets/237/161/161237.jpeg,https://www.on3.com/db/jujuan-johnson-151010/,portal_wire_football_2026
Carius Curne,IOL,LSU Tigers,Ole Miss Rebels,Committed,187689,4.0,91.0,34.0,2.0,2025,2026-01-06T09:17:00,https://on3static.com/uploads/assets/991/571/571991.png,https://www.on3.com/db/carius-curne-179831/,portal_wire_football_2026
Bradyn Joiner,IOL,Purdue Boilermakers,Florida State Seminoles,Committed,0,3.0,87.0,725.0,73.0,2023,2026-01-06T09:09:00,https://on3static.com/uploads/assets/647/303/303647.png,https://www.on3.com/db/bradyn-joiner-145278/,portal_wire_football_2026
Evan Pryor,RB,Cincinnati Bearcats,Florida Gators,Committed,0,3.0,89.0,194.0,20.0,2021,2026-01-06T09:07:00,https://on3static.com/uploads/assets/566/221/221566.jpeg,https://www.on3.com/db/evan-pryor-43376/,portal_wire_football_2026
Aaron Gates,CB,Florida Gators,Kentucky Wildcats,Committed,0,3.0,87.0,998.0,104.0,2023,2026-01-06T09:00:00,https://on3static.com/uploads/assets/951/287/287951.png,https://www.on3.com/db/aaron-gates-499/,portal_wire_football_2026
Nasir Addison,CB,Kentucky Wildcats,Kentucky Wildcats,Withdrawn,0,0.0,,,,2023,2026-01-06T08:32:00,https://on3static.com/uploads/assets/270/222/222270.png,https://www.on3.com/db/nasir-addison-91041/,portal_wire_football_2026
Byrum Brown,QB,USF Bulls,Auburn Tigers,Committed,1866346,4.0,94.0,12.0,3.0,2022,2026-01-06T08:08:00,https://on3static.com/uploads/assets/671/494/494671.png,https://www.on3.com/db/byrum-brown-16332/,portal_wire_football_2026
Teddy Foster,S,Florida Gators,USF Bulls,Committed,0,3.0,85.0,1830.0,209.0,2024,2026-01-06T07:54:00,https://on3static.com/uploads/assets/921/287/287921.png,https://www.on3.com/db/teddy-foster-153378/,portal_wire_football_2026
Austin Simmons,QB,Ole Miss Rebels,Missouri Tigers,Committed,109815,4.0,90.0,107.0,14.0,2023,2026-01-06T07:42:00,https://on3static.com/uploads/assets/669/378/378669.png,https://www.on3.com/db/austin-simmons-151064/,portal_wire_football_2026
Jonathan Bax,LB,TCU Horned Frogs,Florida Atlantic Owls,Committed,0,3.0,86.0,1411.0,132.0,2023,2026-01-06T07:36:00,https://on3static.com/uploads/assets/174/223/223174.png,https://www.on3.com/db/jonathan-bax-150807/,portal_wire_football_2026
Emmett Brown,QB,Coastal Carolina Chanticleers,,Entered,0,3.0,86.0,1526.0,83.0,2022,2026-01-06T07:28:00,https://on3static.com/uploads/assets/277/402/402277.png,https://www.on3.com/db/emmett-brown-41832/,portal_wire_football_2026
Ashton Daniels,QB,Auburn Tigers,Florida State Seminoles,Committed,0,3.0,87.0,953.0,39.0,2022,2026-01-06T07:25:00,https://on3static.com/uploads/assets/384/389/389384.png,https://www.on3.com/db/ashton-daniels-7869/,portal_wire_football_2026
Eryx Daugherty,IOL,Boston College Eagles,Louisville Cardinals,Committed,0,4.0,90.0,105.0,8.0,2023,2026-01-06T06:47:00,https://on3static.com/uploads/assets/635/309/309635.png,https://www.on3.com/db/eryx-daugherty-151320/,portal_wire_football_2026
Jojo Johnson,DL,Oregon State Beavers,Texas Tech Red Raiders,Committed,0,3.0,86.0,1551.0,168.0,2023,2026-01-06T06:14:00,https://on3static.com/uploads/assets/614/581/581614.png,https://www.on3.com/db/jojo-johnson-155812/,portal_wire_football_2026
Javion Hilson,EDGE,Missouri Tigers,Virginia Tech Hokies,Committed,168527,4.0,90.0,117.0,16.0,2025,2026-01-05T23:23:00,https://on3static.com/uploads/assets/804/274/274804.jpg,https://www.on3.com/db/javion-hilson-156560/,portal_wire_football_2026
Davion Godley,RB,Weber State Wildcats,,Entered,0,3.0,87.0,2297.0,104.0,2024,2026-01-05T22:44:00,https://on3static.com/uploads/assets/558/589/589558.png,https://www.on3.com/db/davion-godley-284139/,portal_wire_football_2026
Robert Woodyard Jr.,LB,Auburn Tigers,Missouri Tigers,Committed,330065,4.0,91.0,40.0,3.0,2022,2026-01-05T22:26:00,https://on3static.com/uploads/assets/857/93/93857.jpg,https://www.on3.com/db/robert-woodyard-jr-101394/,portal_wire_football_2026
Kingston Lopa,S,Oregon Ducks,California Golden Bears,Committed,0,3.0,87.0,240.0,85.0,2024,2026-01-05T22:20:00,https://on3static.com/uploads/assets/121/304/304121.png,https://www.on3.com/db/kingston-lopa-153247/,portal_wire_football_2026
Santana Hopper,DL,Tulane Green Wave,Colorado Buffaloes,Committed,485587,4.0,91.0,49.0,3.0,2022,2026-01-05T21:55:00,https://on3static.com/uploads/assets/91/170/170091.png,https://www.on3.com/db/santana-hopper-104866/,portal_wire_football_2026
Keanu Williams,DL,UCLA Bruins,Penn State Nittany Lions,Committed,0,3.0,87.0,971.0,70.0,2021,2026-01-05T21:53:00,https://on3static.com/uploads/assets/227/18/18227.jpeg,https://www.on3.com/db/keanu-williams-71664/,portal_wire_football_2026
Nick McLarty,P,Ohio State Buckeyes,Arizona State Sun Devils,Committed,0,3.0,80.0,3015.0,38.0,2024,2026-01-05T21:51:00,https://on3static.com/uploads/assets/98/295/295098.png,https://www.on3.com/db/nick-mclarty-241175/,portal_wire_football_2026
Chris Corbo,TE,Dartmouth Big Green,Georgia Tech Yellow Jackets,Committed,0,3.0,88.0,1181.0,20.0,2022,2026-01-05T21:42:00,https://on3static.com/uploads/assets/431/567/567431.png,https://www.on3.com/db/chris-corbo-282451/,portal_wire_football_2026
Dennious Jackson,DL,Colorado State Rams,,Entered,0,,,,,0,2026-01-05T21:29:00,https://on3static.com/uploads/assets/371/326/326371.png,https://www.on3.com/db/dennious-jackson-244009/,portal_wire_football_2026
Colin Amick,OT,Montana Grizzlies,Iowa State Cyclones,Committed,0,3.0,86.0,1544.0,102.0,2024,2026-01-05T21:24:00,https://on3static.com/uploads/assets/957/579/579957.jpg,https://www.on3.com/db/colin-amick-237482/,portal_wire_football_2026
Connor Jones,OT,Michigan Wolverines,Georgia State Panthers,Committed,0,3.0,84.0,2330.0,190.0,2022,2026-01-05T21:14:00,https://on3static.com/uploads/assets/657/302/302657.png,https://www.on3.com/db/connor-jones-146123/,portal_wire_football_2026
Kamren Washington,DL,Texas State Bobcats,Baylor Bears,Committed,0,3.0,87.0,1042.0,79.0,2021,2026-01-05T21:11:00,https://on3static.com/uploads/assets/478/90/90478.jpg,https://www.on3.com/db/kamren-washington-71100/,portal_wire_football_2026
Tackett Curtis,LB,Wisconsin Badgers,UCF Knights,Committed,0,3.0,87.0,1196.0,48.0,2023,2026-01-05T21:09:00,https://on3static.com/uploads/assets/934/218/218934.png,https://www.on3.com/db/tackett-curtis-109668/,portal_wire_football_2026
Caleb Goodie,WR,Cincinnati Bearcats,Missouri Tigers,Committed,0,3.0,86.0,1028.0,167.0,2023,2026-01-05T20:50:00,https://on3static.com/uploads/assets/212/391/391212.png,https://www.on3.com/db/caleb-goodie-163220/,portal_wire_football_2026
Tyler Hughes,QB,William & Mary Tribe,Wyoming Cowboys,Committed,0,3.0,86.0,2340.0,88.0,2022,2026-01-05T20:43:00,https://on3static.com/uploads/assets/879/566/566879.png,https://www.on3.com/db/tyler-hughes-145335/,portal_wire_football_2026
Stone Saunders,QB,Kentucky Wildcats,San Diego State Aztecs,Committed,0,3.0,87.0,1240.0,68.0,2025,2026-01-05T20:30:00,https://on3static.com/uploads/assets/442/114/114442.png,https://www.on3.com/db/stone-saunders-147529/,portal_wire_football_2026
Brandon Davis-Swain,DL,Colorado Buffaloes,Texas A&M Aggies,Committed,0,3.0,87.0,983.0,59.0,2024,2026-01-05T20:26:00,https://on3static.com/uploads/assets/195/30/30195.jpg,https://www.on3.com/db/brandon-davis-swain-12397/,portal_wire_football_2026
Cobey Sellers,CB,Texas A&M Aggies,Vanderbilt Commodores,Committed,0,3.0,87.0,1021.0,69.0,2025,2026-01-05T20:16:00,https://on3static.com/uploads/assets/294/244/244294.jpg,https://www.on3.com/db/cobey-sellers-158768/,portal_wire_football_2026
Kenny Minchey,QB,Notre Dame Fighting Irish,Kentucky Wildcats,Committed,638127,4.0,90.0,61.0,11.0,2023,2026-01-05T20:06:00,https://on3static.com/uploads/assets/917/235/235917.jpeg,https://www.on3.com/db/kenny-minchey-73343/,portal_wire_football_2026
Grayson Howard,LB,Florida Gators,USF Bulls,Committed,0,3.0,87.0,937.0,47.0,2023,2026-01-05T19:43:00,https://on3static.com/uploads/assets/927/287/287927.png,https://www.on3.com/db/grayson-howard-145789/,portal_wire_football_2026
Ian Strong,WR,Rutgers Scarlet Knights,California Golden Bears,Committed,425681,4.0,91.0,35.0,6.0,2023,2026-01-05T19:40:00,https://on3static.com/uploads/assets/922/463/463922.png,https://www.on3.com/db/ian-strong-155666/,portal_wire_football_2026
Perry Thompson,WR,Auburn Tigers,Minnesota Golden Gophers,Committed,0,3.0,88.0,187.0,64.0,2024,2026-01-05T19:36:00,https://on3static.com/uploads/assets/336/75/75336.jpg,https://www.on3.com/db/perry-thompson-152416/,portal_wire_football_2026
Brenden Deasfernandes,CB,Central Michigan Chippewas,Northwestern Wildcats,Committed,0,3.0,87.0,662.0,91.0,2020,2026-01-05T19:35:00,https://on3static.com/uploads/dev/assets/309/6/6309.jpg,https://www.on3.com/db/brenden-deasfernandes-13787/,portal_wire_football_2026
Isaiah Green,S,Portland State Vikings,San Diego State Aztecs,Committed,0,3.0,85.0,2312.0,216.0,2023,2026-01-05T19:29:00,,https://www.on3.com/db/isaiah-green-157394/,portal_wire_football_2026
Aldrich Doe,WR,Bryant University Bulldogs,San Diego State Aztecs,Committed,0,3.0,85.0,2311.0,282.0,2023,2026-01-05T19:26:00,,https://www.on3.com/db/aldrich-doe-284341/,portal_wire_football_2026
Alex Bacchetta,P,Rice Owls,Georgia Tech Yellow Jackets,Committed,0,3.0,80.0,3049.0,13.0,2022,2026-01-05T19:09:00,https://on3static.com/uploads/assets/107/120/120107.png,https://www.on3.com/db/alex-bacchetta-2799/,portal_wire_football_2026
Kai Wallin,EDGE,Oregon State Beavers,San Diego State Aztecs,Committed,0,3.0,86.0,1749.0,132.0,2022,2026-01-05T19:00:00,https://on3static.com/uploads/assets/405/350/350405.png,https://www.on3.com/db/kai-wallin-162694/,portal_wire_football_2026
Sutton Smith,RB,Memphis Tigers,Arkansas Razorbacks,Committed,0,3.0,87.0,958.0,70.0,2022,2026-01-05T18:49:00,https://on3static.com/uploads/dev/assets/183/12/12183.jpeg,https://www.on3.com/db/sutton-smith-109288/,portal_wire_football_2026
Tre Brown,WR,Old Dominion Monarchs,LSU Tigers,Committed,0,3.0,89.0,143.0,22.0,0,2026-01-05T18:48:00,https://on3static.com/uploads/assets/375/573/573375.jpeg,https://www.on3.com/db/tre-brown-246808/,portal_wire_football_2026
Owen Chambliss,LB,San Diego State Aztecs,Nebraska Cornhuskers,Committed,0,4.0,90.0,79.0,8.0,2023,2026-01-05T18:48:00,https://on3static.com/uploads/assets/906/576/576906.png,https://www.on3.com/db/owen-chambliss-146628/,portal_wire_football_2026
Ethan Green,OT,Cincinnati Bearcats,USF Bulls,Committed,0,3.0,84.0,2331.0,203.0,2022,2026-01-05T18:47:00,https://on3static.com/uploads/assets/409/226/226409.png,https://www.on3.com/db/ethan-green-42944/,portal_wire_football_2026
Sullivan Schlimgen,LB,Washington State Cougars,Iowa State Cyclones,Committed,0,3.0,87.0,989.0,104.0,2025,2026-01-05T18:46:00,https://on3static.com/uploads/assets/431/326/326431.png,https://www.on3.com/db/sullivan-schlimgen-243305/,portal_wire_football_2026
Bryson Kuzdzal,RB,Michigan Wolverines,,Entered,0,3.0,86.0,1537.0,128.0,2023,2026-01-05T18:43:00,https://on3static.com/uploads/assets/631/302/302631.png,https://www.on3.com/db/bryson-kuzdzal-175195/,portal_wire_football_2026
Michai Boireau,DL,Florida Gators,Ole Miss Rebels,Committed,0,3.0,88.0,138.0,38.0,2024,2026-01-05T18:42:00,https://on3static.com/uploads/assets/7/572/572007.png,https://www.on3.com/db/michai-boireau-88601/,portal_wire_football_2026
De'Arieun Hicks,DL,Gardner-Webb Runnin' Bulldogs,Kansas State Wildcats,Committed,0,3.0,86.0,1449.0,164.0,2024,2026-01-05T18:39:00,https://on3static.com/uploads/assets/564/578/578564.jpeg,https://www.on3.com/db/dearieun-hicks-283569/,portal_wire_football_2026
Omari Hayes,WR,Tulane Green Wave,Iowa State Cyclones,Committed,0,3.0,88.0,1013.0,46.0,2022,2026-01-05T18:38:00,https://on3static.com/uploads/assets/112/390/390112.png,https://www.on3.com/db/omari-hayes-237245/,portal_wire_football_2026
Jayshon Platt,WR,Florida Atlantic Owls,Illinois Fighting Illini,Committed,0,3.0,86.0,1542.0,166.0,2022,2026-01-05T18:38:00,https://on3static.com/uploads/assets/201/217/217201.png,https://www.on3.com/db/jayshon-platt-150355/,portal_wire_football_2026
Daylen Russell,DL,Miami Hurricanes,Louisville Cardinals,Committed,0,3.0,86.0,1816.0,182.0,2024,2026-01-05T18:25:00,https://on3static.com/uploads/assets/784/13/13784.jpeg,https://www.on3.com/db/daylen-russell-146434/,portal_wire_football_2026
Christian Peterson,S,UCF Knights,East Carolina Pirates,Committed,0,3.0,86.0,1822.0,167.0,2024,2026-01-05T18:12:00,https://on3static.com/uploads/assets/709/564/564709.PNG,https://www.on3.com/db/christian-peterson-152724/,portal_wire_football_2026
Justin Bell,OT,Michigan State Spartans,Virginia Tech Hokies,Committed,0,3.0,85.0,2128.0,175.0,2025,2026-01-05T18:10:00,https://on3static.com/uploads/assets/740/325/325740.png,https://www.on3.com/db/justin-bell-238549/,portal_wire_football_2026
Christian Martin,OT,Colorado State Rams,Illinois Fighting Illini,Committed,0,3.0,86.0,1827.0,140.0,2023,2026-01-05T18:07:00,https://on3static.com/uploads/assets/383/570/570383.png,https://www.on3.com/db/christian-martin-152329/,portal_wire_football_2026
Denzel Gardner,QB,Southern Miss Golden Eagles,Memphis Tigers,Committed,0,3.0,83.0,2698.0,184.0,2025,2026-01-05T18:00:00,https://on3static.com/uploads/assets/184/236/236184.png,https://www.on3.com/db/denzel-gardner-156366/,portal_wire_football_2026
DK Kalu,DL,Baylor Bears,Florida Gators,Committed,0,3.0,87.0,1209.0,81.0,2023,2026-01-05T17:54:00,https://on3static.com/uploads/assets/79/209/209079.jpeg,https://www.on3.com/db/dk-kalu-145026/,portal_wire_football_2026
Jimarion McCrimon,OT,East Carolina Pirates,NC State Wolfpack,Committed,0,3.0,87.0,964.0,58.0,2023,2026-01-05T17:48:00,https://on3static.com/uploads/assets/780/213/213780.jpeg,https://www.on3.com/db/jimarion-mccrimon-157200/,portal_wire_football_2026
Micah Banuelos,IOL,USC Trojans,Purdue Boilermakers,Committed,0,3.0,85.0,2047.0,168.0,2023,2026-01-05T17:47:00,https://on3static.com/uploads/assets/979/218/218979.png,https://www.on3.com/db/micah-banuelos-87126/,portal_wire_football_2026
Fred Johnson,IOL,Louisville Cardinals,Connecticut Huskies,Committed,0,3.0,84.0,2556.0,209.0,2024,2026-01-05T17:41:00,https://on3static.com/uploads/assets/772/580/580772.png,https://www.on3.com/db/fred-johnson-154243/,portal_wire_football_2026
Nico Traczyk,OT,Ashland University Eagles,,Entered,0,3.0,86.0,1531.0,132.0,2024,2026-01-05T17:38:00,,https://www.on3.com/db/nico-traczyk-180630/,portal_wire_football_2026
AJ Swann,QB,Appalachian State Mountaineers,Mississippi State Bulldogs,Committed,0,3.0,87.0,1232.0,53.0,2022,2026-01-05T17:37:00,https://on3static.com/uploads/dev/assets/220/11/11220.jpg,https://www.on3.com/db/aj-swann-2236/,portal_wire_football_2026
Trovon Baugh,IOL,South Carolina Gamecocks,Texas A&M Aggies,Committed,0,3.0,87.0,1256.0,77.0,2023,2026-01-05T17:37:00,https://on3static.com/uploads/assets/87/257/257087.jpg,https://www.on3.com/db/trovon-baugh-150937/,portal_wire_football_2026
Jake Taylor,IOL,Oklahoma Sooners,Iowa State Cyclones,Committed,0,3.0,86.0,1428.0,129.0,2022,2026-01-05T17:32:00,https://on3static.com/uploads/assets/213/86/86213.jpeg,https://www.on3.com/db/jake-taylor-53895/,portal_wire_football_2026
Anthony Richard,CB,Southern Miss Golden Eagles,Memphis Tigers,Committed,0,3.0,88.0,363.0,31.0,2021,2026-01-05T17:31:00,https://on3static.com/uploads/assets/99/405/405099.png,https://www.on3.com/db/anthony-richard-6487/,portal_wire_football_2026
Jehiem Oatis,DL,Colorado Buffaloes,Ole Miss Rebels,Committed,0,3.0,87.0,402.0,63.0,2022,2026-01-05T17:23:00,https://on3static.com/uploads/assets/83/394/394083.jpg,https://www.on3.com/db/jehiem-oatis-52934/,portal_wire_football_2026
Jaden Harris,S,Georgia Bulldogs,Kansas Jayhawks,Committed,0,3.0,86.0,1496.0,140.0,2022,2026-01-05T17:20:00,https://on3static.com/uploads/assets/505/222/222505.jpg,https://www.on3.com/db/jaden-harris-52618/,portal_wire_football_2026
Brady O'Hara,OT,Penn State Nittany Lions,,Entered,0,3.0,87.0,745.0,84.0,2025,2026-01-05T17:16:00,https://on3static.com/uploads/assets/825/506/506825.png,https://www.on3.com/db/brady-ohara-161958/,portal_wire_football_2026
Jason Maciejczak,IOL,Nebraska Cornhuskers,Wyoming Cowboys,Committed,0,3.0,87.0,664.0,94.0,2023,2026-01-05T17:09:00,https://on3static.com/uploads/assets/431/247/247431.jpg,https://www.on3.com/db/jason-maciejczak-156260/,portal_wire_football_2026
Naquan Crowder,DL,Marshall Thundering Herd,Minnesota Golden Gophers,Committed,0,3.0,87.0,1019.0,71.0,2023,2026-01-05T17:05:00,https://on3static.com/uploads/assets/752/578/578752.png,https://www.on3.com/db/naquan-crowder-283577/,portal_wire_football_2026
Immanuel Ezeogu,LB,James Madison Dukes,Colorado Buffaloes,Committed,0,3.0,85.0,1865.0,198.0,2024,2026-01-05T17:04:00,https://on3static.com/uploads/assets/361/338/338361.png,https://www.on3.com/db/immanuel-ezeogu-236338/,portal_wire_football_2026
Tyler Moore,DL,Coastal Carolina Chanticleers,Colorado Buffaloes,Committed,0,3.0,85.0,1919.0,243.0,2024,2026-01-05T17:01:00,https://on3static.com/uploads/assets/97/580/580097.jpeg,https://www.on3.com/db/tyler-moore-151770/,portal_wire_football_2026
Chase Randall,TE,Arizona Wildcats,,Entered,0,,,,,0,2026-01-05T16:59:00,https://on3static.com/uploads/assets/445/217/217445.png,https://www.on3.com/db/chase-randall-220137/,portal_wire_football_2026
Chase Tyler,WR,Duke Blue Devils,Wake Forest Demon Deacons,Committed,0,3.0,86.0,1733.0,219.0,2024,2026-01-05T16:52:00,https://on3static.com/uploads/assets/295/184/184295.jpg,https://www.on3.com/db/chase-tyler-155270/,portal_wire_football_2026
David Bird,LS,Alabama Crimson Tide,,Entered,0,3.0,80.0,3035.0,41.0,2023,2026-01-05T16:50:00,https://on3static.com/uploads/assets/226/314/314226.png,https://www.on3.com/db/david-bird-156080/,portal_wire_football_2026
Bernard Causey,CB,Georgia State Panthers,Wake Forest Demon Deacons,Committed,0,3.0,87.0,1792.0,130.0,2024,2026-01-05T16:49:00,https://on3static.com/uploads/assets/552/235/235552.jpg,https://www.on3.com/db/bernard-causey-152136/,portal_wire_football_2026
Tucker Holloway,WR,Virginia Tech Hokies,Florida Atlantic Owls,Committed,0,3.0,86.0,1103.0,244.0,2022,2026-01-05T16:40:00,https://on3static.com/uploads/assets/25/72/72025.jpg,https://www.on3.com/db/tucker-holloway-116818/,portal_wire_football_2026
Aiden Gobaira,EDGE,James Madison Dukes,UCLA Bruins,Committed,0,3.0,88.0,287.0,30.0,2022,2026-01-05T16:40:00,https://on3static.com/uploads/assets/887/235/235887.jpeg,https://www.on3.com/db/aiden-gobaira-2072/,portal_wire_football_2026
Michael Masunas,TE,Michigan State Spartans,Texas Longhorns,Committed,0,3.0,89.0,165.0,9.0,2022,2026-01-05T16:33:00,https://on3static.com/uploads/assets/242/235/235242.png,https://www.on3.com/db/michael-masunas-87995/,portal_wire_football_2026
Fred Gaskin III,S,USF Bulls,Auburn Tigers,Committed,0,3.0,87.0,1263.0,92.0,2024,2026-01-05T16:31:00,https://on3static.com/uploads/assets/823/571/571823.png,https://www.on3.com/db/fred-gaskin-iii-44211/,portal_wire_football_2026
Michael Short,LB,Virginia Tech Hokies,TCU Horned Frogs,Committed,0,3.0,87.0,872.0,95.0,2023,2026-01-05T16:30:00,https://on3static.com/uploads/assets/786/222/222786.png,https://www.on3.com/db/michael-short-154491/,portal_wire_football_2026
Javan Robinson,CB,Arizona State Sun Devils,Wisconsin Badgers,Committed,0,3.0,88.0,299.0,29.0,2022,2026-01-05T16:25:00,https://on3static.com/uploads/assets/240/472/472240.jpg,https://www.on3.com/db/javan-robinson-57960/,portal_wire_football_2026
Riley Robell,IOL,James Madison Dukes,UCLA Bruins,Committed,0,3.0,87.0,310.0,92.0,2023,2026-01-05T16:24:00,https://on3static.com/uploads/assets/338/321/321338.png,https://www.on3.com/db/riley-robell-151040/,portal_wire_football_2026
Zay Robinson,WR,Iowa State Cyclones,Penn State Nittany Lions,Committed,0,3.0,86.0,1802.0,247.0,2025,2026-01-05T16:21:00,https://on3static.com/uploads/assets/983/465/465983.PNG,https://www.on3.com/db/zay-robinson-159271/,portal_wire_football_2026
Horace Lockett,DL,UCF Knights,UCF Knights,Withdrawn,0,0.0,,,,2022,2026-01-05T16:21:00,https://on3static.com/uploads/assets/690/564/564690.PNG,https://www.on3.com/db/horace-lockett-48212/,portal_wire_football_2026
Brock Schott,TE,Miami Hurricanes,Indiana Hoosiers,Committed,107683,3.0,88.0,450.0,17.0,2025,2026-01-05T16:13:00,https://on3static.com/uploads/assets/960/206/206960.png,https://www.on3.com/db/brock-schott-176518/,portal_wire_football_2026
Caleb Bowers,LS,North Dakota State Bison,Florida State Seminoles,Committed,0,3.0,80.0,3126.0,19.0,2022,2026-01-05T16:13:00,https://on3static.com/uploads/assets/69/590/590069.png,https://www.on3.com/db/caleb-bowers-284258/,portal_wire_football_2026
KD Daniels,RB,Florida Gators,Wake Forest Demon Deacons,Committed,0,3.0,87.0,919.0,77.0,2024,2026-01-05T16:07:00,https://on3static.com/uploads/assets/247/570/570247.png,https://www.on3.com/db/kd-daniels-162567/,portal_wire_football_2026
Mercer Luniewski,IOL,Michigan State Spartans,San Diego State Aztecs,Committed,0,3.0,86.0,1418.0,145.0,2024,2026-01-05T16:01:00,https://on3static.com/uploads/assets/681/158/158681.png,https://www.on3.com/db/mercer-luniewski-158254/,portal_wire_football_2026
Charlton Luniewski,OT,Michigan State Spartans,San Diego State Aztecs,Committed,0,3.0,86.0,1416.0,130.0,2024,2026-01-05T16:01:00,https://on3static.com/uploads/assets/99/180/180099.png,https://www.on3.com/db/charlton-luniewski-158255/,portal_wire_football_2026
Dakoda Fields,CB,Oregon Ducks,Oklahoma Sooners,Committed,0,3.0,87.0,498.0,84.0,2024,2026-01-05T16:00:00,https://on3static.com/uploads/assets/989/303/303989.png,https://www.on3.com/db/dakoda-fields-150401/,portal_wire_football_2026
Jake Renfro,IOL,Wisconsin Badgers,Illinois Fighting Illini,Committed,0,3.0,89.0,208.0,12.0,2020,2026-01-05T15:59:00,https://on3static.com/uploads/dev/assets/437/10/10437.jpg,https://www.on3.com/db/jake-renfro-53775/,portal_wire_football_2026
Makai Saina,IOL,USC Trojans,Purdue Boilermakers,Committed,0,3.0,88.0,887.0,51.0,2024,2026-01-05T15:57:00,https://on3static.com/uploads/assets/309/335/335309.png,https://www.on3.com/db/makai-saina-151075/,portal_wire_football_2026
Rodney Fields,RB,Oklahoma State Cowboys,Kansas State Wildcats,Committed,0,3.0,87.0,691.0,78.0,2024,2026-01-05T15:55:00,https://on3static.com/uploads/assets/782/191/191782.jpg,https://www.on3.com/db/rodney-fields-159246/,portal_wire_football_2026
Jaron Willis,LB,South Carolina Gamecocks,Kansas Jayhawks,Committed,0,3.0,86.0,1201.0,170.0,2022,2026-01-05T15:53:00,https://on3static.com/uploads/assets/997/256/256997.png,https://www.on3.com/db/jaron-willis-57006/,portal_wire_football_2026
Zach Ruffin,LB,Southern Miss Golden Eagles,Memphis Tigers,Committed,0,3.0,86.0,1354.0,191.0,2025,2026-01-05T15:49:00,https://on3static.com/uploads/assets/284/331/331284.png,https://www.on3.com/db/zach-ruffin-241688/,portal_wire_football_2026
Bailey Stockton,WR,Georgia Tech Yellow Jackets,Florida Gators,Committed,0,3.0,87.0,636.0,113.0,2023,2026-01-05T15:49:00,https://on3static.com/uploads/assets/534/333/333534.png,https://www.on3.com/db/bailey-stockton-154828/,portal_wire_football_2026
Jahlil Florence,CB,Oregon Ducks,Missouri Tigers,Committed,0,3.0,87.0,879.0,115.0,2022,2026-01-05T15:48:00,https://on3static.com/uploads/assets/895/93/93895.jpeg,https://www.on3.com/db/jahlil-florence-52970/,portal_wire_football_2026
Max Baloun,DL,Washington State Cougars,Iowa State Cyclones,Committed,0,3.0,86.0,1248.0,171.0,2020,2026-01-05T15:47:00,https://on3static.com/uploads/assets/741/404/404741.png,https://www.on3.com/db/max-baloun-248529/,portal_wire_football_2026
Chris Stokes,DL,Southern Miss Golden Eagles,Memphis Tigers,Committed,0,3.0,83.0,2745.0,294.0,2024,2026-01-05T15:47:00,,https://www.on3.com/db/chris-stokes-180673/,portal_wire_football_2026
Hauss Hejny,QB,Oklahoma State Cowboys,Colorado State Rams,Committed,0,3.0,86.0,1410.0,79.0,2024,2026-01-05T15:46:00,https://on3static.com/uploads/assets/947/395/395947.png,https://www.on3.com/db/hauss-hejny-47740/,portal_wire_football_2026
Elijah Kinsler,DL,Southern Miss Golden Eagles,Memphis Tigers,Committed,0,3.0,84.0,2562.0,273.0,2024,2026-01-05T15:45:00,https://on3static.com/uploads/assets/128/305/305128.png,https://www.on3.com/db/elijah-kinsler-154851/,portal_wire_football_2026
Jermane Hayes,WR,Southern Miss Golden Eagles,Memphis Tigers,Committed,0,3.0,85.0,2205.0,288.0,2025,2026-01-05T15:43:00,https://on3static.com/uploads/assets/650/236/236650.png,https://www.on3.com/db/jermane-hayes-238187/,portal_wire_football_2026
Riley McGehee,OT,Arkansas State Red Wolves,Memphis Tigers,Committed,0,3.0,89.0,283.0,28.0,2024,2026-01-05T15:42:00,https://on3static.com/uploads/assets/903/283/283903.png,https://www.on3.com/db/riley-mcgehee-180887/,portal_wire_football_2026
Dylan King,S,Southern Miss Golden Eagles,Memphis Tigers,Committed,0,3.0,85.0,2085.0,220.0,2022,2026-01-05T15:39:00,https://on3static.com/uploads/assets/883/309/309883.png,https://www.on3.com/db/dylan-king-147419/,portal_wire_football_2026
Ahmere Foster,S,Southern Miss Golden Eagles,Memphis Tigers,Committed,0,4.0,90.0,113.0,11.0,2023,2026-01-05T15:37:00,https://on3static.com/uploads/assets/264/47/47264.jpeg,https://www.on3.com/db/ahmere-foster-151456/,portal_wire_football_2026
Duhron Goodman,S,Washington State Cougars,Iowa State Cyclones,Committed,0,3.0,84.0,2551.0,249.0,2022,2026-01-05T15:35:00,https://on3static.com/uploads/assets/570/580/580570.jpg,https://www.on3.com/db/duhron-goodman-147430/,portal_wire_football_2026
Trevor Bindel,IOL,Washington State Cougars,Iowa State Cyclones,Committed,0,3.0,84.0,2555.0,208.0,2025,2026-01-05T15:34:00,https://on3static.com/uploads/assets/181/238/238181.png,https://www.on3.com/db/trevor-bindel-161960/,portal_wire_football_2026
Trech Kekahuna,WR,Wisconsin Badgers,North Carolina Tar Heels,Committed,0,3.0,86.0,403.0,211.0,2023,2026-01-05T15:33:00,https://on3static.com/uploads/assets/131/222/222131.png,https://www.on3.com/db/trech-kekahuna-155809/,portal_wire_football_2026
Reggie Jackson,OT,Jacksonville State Gamecocks,Boston College Eagles,Committed,0,3.0,87.0,1731.0,73.0,2023,2026-01-05T15:33:00,https://on3static.com/uploads/assets/47/590/590047.png,https://www.on3.com/db/reggie-jackson-284253/,portal_wire_football_2026
Rocky Beers,TE,Colorado State Rams,Oklahoma Sooners,Committed,0,3.0,89.0,273.0,12.0,2022,2026-01-05T15:32:00,https://on3static.com/uploads/assets/90/347/347090.png,https://www.on3.com/db/rocky-beers-245343/,portal_wire_football_2026
Donovan Fitzmaurice,DL,Washington State Cougars,Iowa State Cyclones,Committed,0,3.0,84.0,2517.0,265.0,2025,2026-01-05T15:32:00,https://on3static.com/uploads/assets/732/401/401732.png,https://www.on3.com/db/donovan-fitzmaurice-238807/,portal_wire_football_2026
Asani Redwood,DL,West Virginia Mountaineers,USF Bulls,Committed,0,3.0,86.0,1407.0,156.0,2022,2026-01-05T15:31:00,https://on3static.com/uploads/assets/845/85/85845.jpeg,https://www.on3.com/db/asani-redwood-149823/,portal_wire_football_2026
Damarius Russell,S,Washington State Cougars,Iowa State Cyclones,Committed,0,3.0,82.0,2839.0,265.0,2025,2026-01-05T15:30:00,https://on3static.com/uploads/assets/570/402/402570.png,https://www.on3.com/db/damarius-russell-241897/,portal_wire_football_2026
Trillion Sorrell,CB,Washington State Cougars,Iowa State Cyclones,Committed,0,3.0,84.0,2553.0,301.0,2025,2026-01-05T15:30:00,https://on3static.com/uploads/assets/624/402/402624.png,https://www.on3.com/db/trillion-sorrell-244596/,portal_wire_football_2026
Jaden Mangham,S,Michigan Wolverines,Purdue Boilermakers,Committed,0,3.0,87.0,413.0,57.0,2022,2026-01-05T15:28:00,https://on3static.com/uploads/assets/65/235/235065.png,https://www.on3.com/db/jaden-mangham-52640/,portal_wire_football_2026
Jeremiah Koger,WR,USF Bulls,Auburn Tigers,Committed,0,3.0,89.0,206.0,31.0,2025,2026-01-05T15:26:00,https://on3static.com/uploads/assets/291/580/580291.png,https://www.on3.com/db/jeremiah-koger-236423/,portal_wire_football_2026
Keith Sampson Jr.,DL,Florida State Seminoles,Boston College Eagles,Committed,0,3.0,86.0,1730.0,158.0,2023,2026-01-05T15:26:00,https://on3static.com/uploads/assets/237/242/242237.jpeg,https://www.on3.com/db/keith-sampson-jr-72185/,portal_wire_football_2026
Jaylin Carter,RB,Southern Miss Golden Eagles,Memphis Tigers,Committed,0,3.0,86.0,1340.0,166.0,2025,2026-01-05T15:24:00,https://on3static.com/uploads/assets/888/185/185888.png,https://www.on3.com/db/jaylin-carter-176744/,portal_wire_football_2026
Hall Schmidt,OT,Boise State Broncos,UCLA Bruins,Committed,0,3.0,85.0,2208.0,165.0,2022,2026-01-05T15:23:00,https://on3static.com/uploads/assets/317/580/580317.png,https://www.on3.com/db/hall-schmidt-47384/,portal_wire_football_2026
Jackson Wade,WR,Florida Gators,Boston College Eagles,Committed,0,3.0,83.0,2628.0,399.0,2023,2026-01-05T15:23:00,https://on3static.com/uploads/assets/37/590/590037.png,https://www.on3.com/db/jackson-wade-284252/,portal_wire_football_2026
Xavier Johnson,WR,Memphis Tigers,North Alabama Lions,Committed,0,3.0,86.0,1543.0,233.0,2025,2026-01-05T15:22:00,https://on3static.com/uploads/assets/255/239/239255.png,https://www.on3.com/db/xavier-johnson-236063/,portal_wire_football_2026
Lloyd Avant,RB,Colorado State Rams,Oklahoma Sooners,Committed,0,3.0,87.0,568.0,83.0,2024,2026-01-05T15:19:00,https://on3static.com/uploads/assets/966/395/395966.png,https://www.on3.com/db/lloyd-avant-152189/,portal_wire_football_2026
Kalieb Osborne,QB,Toledo Rockets,Connecticut Huskies,Committed,0,3.0,84.0,2561.0,180.0,2024,2026-01-05T15:19:00,https://on3static.com/uploads/assets/775/580/580775.png,https://www.on3.com/db/kalieb-osborne-153145/,portal_wire_football_2026
Evan Jackson,S,North Texas Mean Green,Oklahoma State Cowboys,Committed,0,3.0,86.0,1381.0,149.0,2023,2026-01-05T15:11:00,https://on3static.com/uploads/assets/646/219/219646.png,https://www.on3.com/db/evan-jackson-154398/,portal_wire_football_2026
Roy Alexander,WR,Texas Tech Red Raiders,,Entered,0,3.0,86.0,1525.0,181.0,2021,2026-01-05T15:09:00,https://on3static.com/uploads/assets/501/442/442501.png,https://www.on3.com/db/roy-alexander-218682/,portal_wire_football_2026
Shamar Meikle,EDGE,Oregon State Beavers,USF Bulls,Committed,0,3.0,87.0,1304.0,104.0,2024,2026-01-05T15:06:00,https://on3static.com/uploads/assets/987/232/232987.png,https://www.on3.com/db/shamar-meikle-177349/,portal_wire_football_2026
Rhys Dakin,P,Iowa Hawkeyes,Michigan State Spartans,Committed,0,3.0,80.0,3006.0,10.0,2024,2026-01-05T15:01:00,https://on3static.com/uploads/assets/937/394/394937.JPG,https://www.on3.com/db/rhys-dakin-239267/,portal_wire_football_2026
Devin Vaught,S,Maine Black Bears,Michigan State Spartans,Committed,0,3.0,86.0,2180.0,132.0,2023,2026-01-05T14:59:00,https://on3static.com/uploads/assets/858/579/579858.png,https://www.on3.com/db/devin-vaught-283626/,portal_wire_football_2026
Michael Richard,S,Louisiana Tech Bulldogs,Michigan State Spartans,Committed,0,3.0,87.0,1187.0,75.0,2023,2026-01-05T14:57:00,https://on3static.com/uploads/assets/62/567/567062.png,https://www.on3.com/db/michael-richard-88264/,portal_wire_football_2026
Israel Boyce,CB,West Virginia Mountaineers,USF Bulls,Committed,0,3.0,86.0,1864.0,175.0,2024,2026-01-05T14:33:00,https://on3static.com/uploads/assets/92/305/305092.png,https://www.on3.com/db/israel-boyce-152608/,portal_wire_football_2026
Tyler Fortenberry,TE,Arkansas State Red Wolves,Iowa State Cyclones,Committed,0,3.0,86.0,1476.0,95.0,2021,2026-01-05T14:33:00,https://on3static.com/uploads/assets/333/332/332333.png,https://www.on3.com/db/tyler-fortenberry-238037/,portal_wire_football_2026
Michael Wooten,OT,Arizona Wildcats,USF Bulls,Committed,0,3.0,85.0,2012.0,160.0,2022,2026-01-05T14:30:00,https://on3static.com/uploads/assets/102/22/22102.jpeg,https://www.on3.com/db/michael-wooten-88566/,portal_wire_football_2026
Amar Reynolds,S,Illinois Fighting Illini,,Entered,0,3.0,84.0,2559.0,241.0,2024,2026-01-05T14:29:00,https://on3static.com/uploads/assets/112/238/238112.jpeg,https://www.on3.com/db/amar-reynolds-159393/,portal_wire_football_2026
Kaleb Patterson,S,Illinois Fighting Illini,Kansas State Wildcats,Committed,0,3.0,86.0,1015.0,157.0,2022,2026-01-05T14:23:00,https://on3static.com/uploads/assets/162/176/176162.jpeg,https://www.on3.com/db/kaleb-patterson-70734/,portal_wire_football_2026
Hunter Green,P,San Diego State Aztecs,Washington Huskies,Committed,0,3.0,80.0,3119.0,1.0,2022,2026-01-05T14:23:00,https://on3static.com/uploads/assets/11/590/590011.png,https://www.on3.com/db/hunter-green-149622/,portal_wire_football_2026
Nick Del Grande,OT,Coastal Carolina Chanticleers,Duke Blue Devils,Committed,0,4.0,90.0,119.0,9.0,2022,2026-01-05T13:59:00,https://on3static.com/uploads/assets/705/75/75705.jpg,https://www.on3.com/db/nick-del-grande-92447/,portal_wire_football_2026
Talan Carter,DL,Jacksonville State Gamecocks,Vanderbilt Commodores,Committed,0,3.0,89.0,291.0,29.0,2024,2026-01-05T13:56:00,https://on3static.com/uploads/assets/399/578/578399.PNG,https://www.on3.com/db/talan-carter-177190/,portal_wire_football_2026
Kolt Dieterich,OT,Sam Houston State Bearkats,Washington Huskies,Committed,0,3.0,88.0,141.0,34.0,2023,2026-01-05T13:49:00,https://on3static.com/uploads/assets/266/580/580266.png,https://www.on3.com/db/kolt-dieterich-155777/,portal_wire_football_2026
Koy Beasley,S,Miami (OH) RedHawks,Kansas State Wildcats,Committed,0,3.0,89.0,257.0,31.0,2024,2026-01-05T13:47:00,https://on3static.com/uploads/assets/469/343/343469.png,https://www.on3.com/db/koy-beasley-153305/,portal_wire_football_2026
AJ Hill,QB,Memphis Tigers,Arkansas Razorbacks,Committed,226655,3.0,88.0,437.0,31.0,2025,2026-01-05T13:46:00,https://on3static.com/uploads/assets/288/313/313288.jpg,https://www.on3.com/db/aj-hill-7239/,portal_wire_football_2026
Andrew Body,QB,Alabama State Hornets,,Entered,0,,,,,2021,2026-01-05T13:42:00,https://on3static.com/uploads/assets/485/581/581485.png,https://www.on3.com/db/andrew-body-4863/,portal_wire_football_2026
Jaylen Harvey,EDGE,Penn State Nittany Lions,North Carolina Tar Heels,Committed,0,3.0,87.0,632.0,103.0,2024,2026-01-05T13:31:00,https://on3static.com/uploads/assets/371/332/332371.png,https://www.on3.com/db/jaylen-harvey-151573/,portal_wire_football_2026
Hunter Sowell,CB,Iowa State Cyclones,,Entered,0,3.0,84.0,2549.0,294.0,2025,2026-01-05T13:30:00,https://on3static.com/uploads/assets/435/580/580435.png,https://www.on3.com/db/hunter-sowell-283661/,portal_wire_football_2026
Jaylen Mbakwe,WR,Alabama Crimson Tide,Georgia Tech Yellow Jackets,Committed,164263,3.0,88.0,192.0,35.0,2024,2026-01-05T13:29:00,https://on3static.com/uploads/assets/986/193/193986.png,https://www.on3.com/db/jaylen-mbakwe-58915/,portal_wire_football_2026
Tre Bell,CB,Iowa State Cyclones,Michigan State Spartans,Committed,0,3.0,87.0,400.0,92.0,2022,2026-01-05T13:28:00,https://on3static.com/uploads/assets/494/580/580494.png,https://www.on3.com/db/tre-bell-246983/,portal_wire_football_2026
Jay Crable,EDGE,Ohio Bobcats,Florida Atlantic Owls,Committed,0,3.0,87.0,616.0,77.0,2023,2026-01-05T13:24:00,https://on3static.com/uploads/assets/332/577/577332.png,https://www.on3.com/db/jay-crable-236965/,portal_wire_football_2026
Fitzgerald West Jr.,DL,Louisiana Ragin Cajuns,,Entered,0,,,,,2022,2026-01-05T13:22:00,https://on3static.com/uploads/assets/395/586/586395.jpg,https://www.on3.com/db/fitzgerald-west-jr-43836/,portal_wire_football_2026
Ta'Shawn James,S,Iowa State Cyclones,UCLA Bruins,Committed,0,3.0,88.0,559.0,42.0,2023,2026-01-05T13:18:00,https://on3static.com/uploads/assets/856/225/225856.png,https://www.on3.com/db/tashawn-james-156244/,portal_wire_football_2026
Jacobi Oliphant,CB,Oklahoma State Cowboys,Kansas State Wildcats,Committed,0,3.0,86.0,1472.0,187.0,2024,2026-01-05T13:13:00,https://on3static.com/uploads/assets/493/184/184493.jpg,https://www.on3.com/db/jacobi-oliphant-155154/,portal_wire_football_2026
Tre Wisner,RB,Texas Longhorns,Florida State Seminoles,Committed,0,3.0,89.0,136.0,14.0,2023,2026-01-05T13:11:00,https://on3static.com/uploads/assets/131/209/209131.jpeg,https://www.on3.com/db/tre-wisner-115088/,portal_wire_football_2026
Gavin Jenkins,CB,USF Bulls,Auburn Tigers,Committed,0,3.0,85.0,2183.0,240.0,2025,2026-01-05T13:08:00,https://on3static.com/uploads/assets/485/580/580485.png,https://www.on3.com/db/gavin-jenkins-159204/,portal_wire_football_2026
Leontre Bradford,S,Purdue Boilermakers,Purdue Boilermakers,Withdrawn,0,0.0,,,,2024,2026-01-05T13:01:00,https://on3static.com/uploads/assets/127/574/574127.png,https://www.on3.com/db/leontre-bradford-153158/,portal_wire_football_2026
E'Marion Harris,OT,Arkansas Razorbacks,Oklahoma Sooners,Committed,0,3.0,88.0,121.0,42.0,2022,2026-01-05T13:00:00,https://on3static.com/uploads/assets/277/72/72277.jpeg,https://www.on3.com/db/emarion-harris-40185/,portal_wire_football_2026
Toby Anene,EDGE,North Dakota State Bison,Colorado Buffaloes,Committed,0,3.0,88.0,335.0,49.0,2022,2026-01-05T12:58:00,https://on3static.com/uploads/assets/889/576/576889.png,https://www.on3.com/db/toby-anene-205463/,portal_wire_football_2026
Cole Tabb,RB,Stanford Cardinal,Cincinnati Bearcats,Committed,0,3.0,86.0,1872.0,117.0,2024,2026-01-05T12:49:00,https://on3static.com/uploads/assets/648/337/337648.png,https://www.on3.com/db/cole-tabb-155783/,portal_wire_football_2026
Jared Richardson,WR,Pennsylvania Quakers,Duke Blue Devils,Committed,0,3.0,88.0,502.0,79.0,2022,2026-01-05T12:45:00,https://on3static.com/uploads/assets/259/557/557259.png,https://www.on3.com/db/jared-richardson-282442/,portal_wire_football_2026
Jaedin Lee,DL,Maine Black Bears,Rutgers Scarlet Knights,Committed,0,3.0,87.0,1892.0,130.0,2024,2026-01-05T12:33:00,https://on3static.com/uploads/assets/132/580/580132.png,https://www.on3.com/db/jaedin-lee-283645/,portal_wire_football_2026
Geimere Latimer,CB,Wisconsin Badgers,West Virginia Mountaineers,Committed,0,3.0,88.0,525.0,60.0,2023,2026-01-05T12:30:00,https://on3static.com/uploads/assets/655/396/396655.jpg,https://www.on3.com/db/geimere-latimer-159093/,portal_wire_football_2026
Kam Anthony,TE,Ball State Cardinals,Rutgers Scarlet Knights,Committed,0,3.0,86.0,1524.0,66.0,2024,2026-01-05T12:26:00,https://on3static.com/uploads/assets/603/577/577603.jpg,https://www.on3.com/db/kam-anthony-179914/,portal_wire_football_2026
Adam Moore,TE,SMU Mustangs,,Entered,0,3.0,85.0,2198.0,110.0,2023,2026-01-05T12:25:00,https://on3static.com/uploads/assets/195/219/219195.jpg,https://www.on3.com/db/adam-moore-1265/,portal_wire_football_2026
Malachi Thomas,TE,Pittsburgh Panthers,LSU Tigers,Committed,0,3.0,88.0,594.0,15.0,2024,2026-01-05T12:19:00,https://on3static.com/uploads/assets/839/333/333839.png,https://www.on3.com/db/malachi-thomas-179040/,portal_wire_football_2026
Kelby Valsin,WR,Texas Tech Red Raiders,Florida Atlantic Owls,Committed,0,3.0,86.0,1345.0,256.0,2023,2026-01-05T12:16:00,https://on3static.com/uploads/assets/347/226/226347.png,https://www.on3.com/db/kelby-valsin-149705/,portal_wire_football_2026
Bobby Golden,WR,Louisville Cardinals,,Entered,0,,,,,2022,2026-01-05T12:13:00,https://on3static.com/uploads/assets/598/403/403598.png,https://www.on3.com/db/bobby-golden-11300/,portal_wire_football_2026
Javarius Green,WR,North Carolina Tar Heels,Boston College Eagles,Committed,0,3.0,86.0,1142.0,216.0,2024,2026-01-05T12:11:00,https://on3static.com/uploads/assets/47/297/297047.png,https://www.on3.com/db/javarius-green-157946/,portal_wire_football_2026
C.J. Hicks,LB,Ohio State Buckeyes,USF Bulls,Committed,128000,3.0,88.0,452.0,40.0,2022,2026-01-05T12:10:00,https://on3static.com/uploads/assets/529/221/221529.jpeg,https://www.on3.com/db/cj-hicks-16433/,portal_wire_football_2026
Trell Harris,WR,Virginia Cavaliers,Oklahoma Sooners,Committed,0,4.0,90.0,70.0,12.0,2022,2026-01-05T12:02:00,https://on3static.com/uploads/assets/542/270/270542.jpeg,https://www.on3.com/db/trell-harris-149973/,portal_wire_football_2026
Jamison Patton,S,Iowa State Cyclones,Penn State Nittany Lions,Committed,0,3.0,87.0,393.0,107.0,2023,2026-01-05T12:01:00,https://on3static.com/uploads/assets/197/576/576197.png,https://www.on3.com/db/jamison-patton-56285/,portal_wire_football_2026
Shawn Lee Jr.,CB,Pittsburgh Panthers,Pittsburgh Panthers,Withdrawn,331133,0.0,,,,2025,2026-01-05T12:00:00,https://on3static.com/uploads/assets/301/225/225301.png,https://www.on3.com/db/shawn-lee-jr-156678/,portal_wire_football_2026
Ashton Levells,CB,FIU Golden Panthers,East Carolina Pirates,Committed,0,3.0,86.0,1520.0,191.0,2021,2026-01-05T11:53:00,https://on3static.com/uploads/assets/542/580/580542.png,https://www.on3.com/db/ashton-levells-238398/,portal_wire_football_2026
Xayvion Noland,WR,The University of Texas Rio Grande Valley Vaqueros,Oregon State Beavers,Committed,0,3.0,87.0,730.0,155.0,2023,2026-01-05T11:52:00,https://on3static.com/uploads/assets/417/580/580417.png,https://www.on3.com/db/xayvion-noland-283659/,portal_wire_football_2026
DJ McKinney,RB,New Mexico Lobos,Tulsa Golden Hurricane,Committed,0,3.0,86.0,1518.0,125.0,2023,2026-01-05T11:51:00,https://on3static.com/uploads/assets/427/390/390427.png,https://www.on3.com/db/dj-mckinney-155619/,portal_wire_football_2026
Beau Johnson,OT,North Dakota State Bison,Vanderbilt Commodores,Committed,0,3.0,87.0,603.0,89.0,2023,2026-01-05T11:49:00,https://on3static.com/uploads/assets/408/580/580408.png,https://www.on3.com/db/beau-johnson-152800/,portal_wire_football_2026
Hayden Wright,OT,Northwestern Wildcats,Houston Cougars,Committed,0,3.0,85.0,2053.0,154.0,2025,2026-01-05T11:48:00,https://on3static.com/uploads/assets/405/571/571405.png,https://www.on3.com/db/hayden-wright-246813/,portal_wire_football_2026
Keviyan Huddleston,DL,North Texas Mean Green,Oklahoma State Cowboys,Committed,0,3.0,87.0,990.0,86.0,2023,2026-01-05T11:48:00,https://on3static.com/uploads/assets/362/398/398362.jpg,https://www.on3.com/db/keviyan-huddleston-145025/,portal_wire_football_2026
DC Temple,TE,Central Michigan Chippewas,Oregon State Beavers,Committed,0,3.0,86.0,1361.0,94.0,2022,2026-01-05T11:47:00,https://on3static.com/uploads/assets/433/576/576433.png,https://www.on3.com/db/dc-temple-146253/,portal_wire_football_2026
DeAndre Carter,IOL,Auburn Tigers,Iowa State Cyclones,Committed,0,3.0,87.0,1226.0,96.0,2024,2026-01-05T11:45:00,https://on3static.com/uploads/assets/935/188/188935.jpg,https://www.on3.com/db/deandre-carter-147178/,portal_wire_football_2026
Ayo Adeyi,RB,James Madison Dukes,Oklahoma State Cowboys,Committed,0,3.0,87.0,570.0,86.0,2021,2026-01-05T11:45:00,https://on3static.com/uploads/assets/271/216/216271.png,https://www.on3.com/db/ayo-adeyi-161408/,portal_wire_football_2026
Dante Lovett Jr.,CB,Virginia Tech Hokies,UCLA Bruins,Committed,0,3.0,87.0,869.0,125.0,2023,2026-01-05T11:44:00,https://on3static.com/uploads/assets/720/332/332720.png,https://www.on3.com/db/dante-lovett-jr-147061/,portal_wire_football_2026
Cal Keeler,LS,TCU Horned Frogs,Georgia Tech Yellow Jackets,Committed,0,3.0,80.0,3034.0,4.0,2024,2026-01-05T11:38:00,https://on3static.com/uploads/assets/801/580/580801.PNG,https://www.on3.com/db/cal-keeler-283671/,portal_wire_football_2026
Devon Jordan,CB,Oklahoma Sooners,Baylor Bears,Committed,0,3.0,87.0,612.0,88.0,2024,2026-01-05T11:23:00,https://on3static.com/uploads/assets/963/331/331963.png,https://www.on3.com/db/devon-jordan-174139/,portal_wire_football_2026
Quincy Davis,LB,New Mexico State Aggies,Kansas Jayhawks,Committed,0,3.0,87.0,694.0,68.0,2023,2026-01-05T11:20:00,https://on3static.com/uploads/assets/198/580/580198.jpg,https://www.on3.com/db/quincy-davis-97386/,portal_wire_football_2026
Raycine Guillory,RB,Utah Utes,LSU Tigers,Committed,0,3.0,87.0,1260.0,87.0,2025,2026-01-05T11:19:00,https://on3static.com/uploads/assets/780/261/261780.jpeg,https://www.on3.com/db/raycine-guillory-158678/,portal_wire_football_2026
Caleb Wheatland,LB,Auburn Tigers,Michigan State Spartans,Committed,0,3.0,86.0,1782.0,123.0,2022,2026-01-05T11:16:00,https://on3static.com/uploads/assets/576/441/441576.png,https://www.on3.com/db/caleb-wheatland-17241/,portal_wire_football_2026
Victor Snow,WR,Buffalo Bulls,NC State Wolfpack,Committed,0,3.0,87.0,922.0,86.0,2021,2026-01-05T11:15:00,https://on3static.com/uploads/assets/314/570/570314.jpg,https://www.on3.com/db/victor-snow-119574/,portal_wire_football_2026
Bill Davis,RB,Louisiana Ragin Cajuns,Virginia Tech Hokies,Committed,0,3.0,88.0,957.0,50.0,2023,2026-01-05T11:12:00,https://on3static.com/uploads/assets/650/573/573650.png,https://www.on3.com/db/bill-davis-41146/,portal_wire_football_2026
Terrell Anderson,WR,NC State Wolfpack,USC Trojans,Committed,292313,4.0,91.0,47.0,9.0,2024,2026-01-05T11:04:00,https://on3static.com/uploads/assets/374/297/297374.png,https://www.on3.com/db/terrell-anderson-147630/,portal_wire_football_2026
Tyrecus Davis,CB,Colorado Buffaloes,,Entered,0,3.0,86.0,1523.0,161.0,2020,2026-01-05T11:00:00,https://on3static.com/uploads/assets/570/450/450570.jpeg,https://www.on3.com/db/tyrecus-davis-174833/,portal_wire_football_2026
Datrell Jones,RB,Boston College Eagles,Holy Cross Crusaders,Committed,0,,,,,2023,2026-01-05T10:58:00,https://on3static.com/uploads/assets/627/309/309627.png,https://www.on3.com/db/datrell-jones-145447/,portal_wire_football_2026
Jack Funke,OT,Boston College Eagles,Bryant University Bulldogs,Committed,0,,,,,2022,2026-01-05T10:56:00,https://on3static.com/uploads/assets/305/165/165305.png,https://www.on3.com/db/jack-funke-51097/,portal_wire_football_2026
Ja'Quavion Smith,LB,Howard Bison,Arkansas Razorbacks,Committed,0,3.0,87.0,1725.0,60.0,2024,2026-01-05T10:50:00,https://on3static.com/uploads/assets/906/589/589906.png,https://www.on3.com/db/jaquavion-smith-284237/,portal_wire_football_2026
Brendan Black,IOL,Iowa State Cyclones,Nebraska Cornhuskers,Committed,0,3.0,88.0,144.0,39.0,2023,2026-01-05T10:49:00,https://on3static.com/uploads/assets/94/575/575094.png,https://www.on3.com/db/brendan-black-146511/,portal_wire_football_2026
Jayson Jenkins,DL,Florida State Seminoles,Mississippi State Bulldogs,Committed,0,3.0,87.0,533.0,84.0,2022,2026-01-05T10:45:00,https://on3static.com/uploads/assets/209/226/226209.jpeg,https://www.on3.com/db/jayson-jenkins-149816/,portal_wire_football_2026
Anthony Palano,LB,Washington State Cougars,Boston College Eagles,Committed,0,3.0,88.0,928.0,45.0,2024,2026-01-05T10:40:00,https://on3static.com/uploads/assets/887/401/401887.png,https://www.on3.com/db/anthony-palano-236739/,portal_wire_football_2026
Maliek Hawkins,CB,Oklahoma Sooners,West Virginia Mountaineers,Committed,0,3.0,87.0,1386.0,147.0,2025,2026-01-05T10:35:00,https://on3static.com/uploads/assets/487/324/324487.jpg,https://www.on3.com/db/maliek-hawkins-157317/,portal_wire_football_2026
Michael Hawkins,QB,Oklahoma Sooners,West Virginia Mountaineers,Committed,331101,3.0,87.0,1009.0,54.0,2024,2026-01-05T10:34:00,https://on3static.com/uploads/assets/318/175/175318.jpg,https://www.on3.com/db/michael-hawkins-150226/,portal_wire_football_2026
Xavier Porter,DL,Louisville Cardinals,South Alabama Jaguars,Committed,0,3.0,86.0,1391.0,178.0,2024,2026-01-05T10:33:00,https://on3static.com/uploads/assets/940/148/148940.jpeg,https://www.on3.com/db/xavier-porter-150990/,portal_wire_football_2026
Jacob Arop,OT,South Dakota Coyotes,California Golden Bears,Committed,0,3.0,85.0,2360.0,185.0,2024,2026-01-05T10:26:00,https://on3static.com/uploads/assets/313/576/576313.png,https://www.on3.com/db/jacob-arop-162820/,portal_wire_football_2026
Cai Bates,CB,Florida State Seminoles,Wisconsin Badgers,Committed,0,3.0,88.0,352.0,47.0,2024,2026-01-05T10:20:00,https://on3static.com/uploads/assets/518/146/146518.jpg,https://www.on3.com/db/cai-bates-150735/,portal_wire_football_2026
Marquise Davis,RB,Missouri Tigers,Louisville Cardinals,Committed,106278,4.0,90.0,131.0,11.0,2025,2026-01-05T10:17:00,https://on3static.com/uploads/assets/339/190/190339.jpg,https://www.on3.com/db/marquise-davis-155817/,portal_wire_football_2026
Nykahi Davenport,RB,USF Bulls,Auburn Tigers,Committed,0,3.0,88.0,455.0,38.0,2024,2026-01-05T10:13:00,https://on3static.com/uploads/assets/768/338/338768.png,https://www.on3.com/db/nykahi-davenport-176433/,portal_wire_football_2026
Jonathan Echols,TE,USF Bulls,Auburn Tigers,Committed,0,3.0,87.0,642.0,48.0,2024,2026-01-05T10:12:00,https://on3static.com/uploads/assets/9/578/578009.png,https://www.on3.com/db/jonathan-echols-147686/,portal_wire_football_2026
Elliot Washington II,CB,Penn State Nittany Lions,Clemson Tigers,Committed,0,3.0,88.0,338.0,59.0,2023,2026-01-05T10:02:00,https://on3static.com/uploads/assets/555/165/165555.png,https://www.on3.com/db/elliot-washington-ii-41509/,portal_wire_football_2026
Kenji Christian,RB,Toledo Rockets,Connecticut Huskies,Committed,0,,,,,2021,2026-01-05T10:00:00,https://on3static.com/uploads/assets/424/16/16424.jpeg,https://www.on3.com/db/kenji-christian-73003/,portal_wire_football_2026
Fatafehi Vailea,DL,North Texas Mean Green,Oklahoma State Cowboys,Committed,0,3.0,86.0,1890.0,152.0,2021,2026-01-05T09:55:00,https://on3static.com/uploads/assets/224/75/75224.jpeg,https://www.on3.com/db/fatafehi-vailea-43700/,portal_wire_football_2026
Jayden Price,S,Toledo Rockets,Connecticut Huskies,Committed,0,3.0,84.0,2550.0,240.0,2025,2026-01-05T09:51:00,https://on3static.com/uploads/dev/assets/361/330/330361.png,https://www.on3.com/db/jayden-price-238745/,portal_wire_football_2026
Kollin Lewis,CB,North Texas Mean Green,Oklahoma State Cowboys,Committed,0,3.0,88.0,591.0,41.0,2023,2026-01-05T09:50:00,https://on3static.com/uploads/assets/659/219/219659.png,https://www.on3.com/db/kollin-lewis-75770/,portal_wire_football_2026
Omarion Miller,WR,Colorado Buffaloes,Arizona State Sun Devils,Committed,507805,4.0,92.0,31.0,5.0,2023,2026-01-05T09:44:00,https://on3static.com/uploads/assets/947/236/236947.jpeg,https://www.on3.com/db/omarion-miller-94479/,portal_wire_football_2026
Lacota Dippre,TE,James Madison Dukes,Florida Gators,Committed,0,3.0,87.0,728.0,45.0,2023,2026-01-05T09:44:00,https://on3static.com/uploads/assets/275/580/580275.png,https://www.on3.com/db/lacota-dippre-162020/,portal_wire_football_2026
Keiton Jones,IOL,Missouri Tigers,Kansas State Wildcats,Committed,0,3.0,88.0,626.0,45.0,2025,2026-01-05T09:40:00,https://on3static.com/uploads/assets/701/306/306701.jpeg,https://www.on3.com/db/keiton-jones-238536/,portal_wire_football_2026
Chiddi Obiazor,EDGE,Kansas State Wildcats,Indiana Hoosiers,Committed,0,3.0,89.0,252.0,25.0,2023,2026-01-05T09:37:00,https://on3static.com/uploads/assets/239/209/209239.jpeg,https://www.on3.com/db/chiddi-obiazor-156489/,portal_wire_football_2026
JD Rayner,IOL,James Madison Dukes,UCLA Bruins,Committed,0,3.0,84.0,2548.0,203.0,2025,2026-01-05T09:37:00,https://on3static.com/uploads/assets/288/329/329288.png,https://www.on3.com/db/jd-rayner-238490/,portal_wire_football_2026
Parker Knutson,S,Southwest Minnesota State Mustangs,Minnesota Golden Gophers,Committed,0,3.0,86.0,1700.0,139.0,2023,2026-01-05T09:30:00,https://on3static.com/uploads/assets/802/579/579802.jpg,https://www.on3.com/db/parker-knutson-283621/,portal_wire_football_2026
Quintin Simmons,WR,Kentucky Wildcats,,Entered,0,3.0,86.0,1516.0,246.0,2025,2026-01-05T09:30:00,https://on3static.com/uploads/assets/547/171/171547.png,https://www.on3.com/db/quintin-simmons-158996/,portal_wire_football_2026
Chase Sowell,WR,Iowa State Cyclones,Penn State Nittany Lions,Committed,0,3.0,89.0,180.0,27.0,2022,2026-01-05T09:19:00,https://on3static.com/uploads/assets/75/394/394075.jpg,https://www.on3.com/db/chase-sowell-149887/,portal_wire_football_2026
Devin Hightower,LB,UAB Blazers,,Expected,0,3.0,87.0,727.0,114.0,2020,2026-01-05T09:17:00,https://on3static.com/uploads/assets/45/16/16045.jpeg,https://www.on3.com/db/devin-hightower-36059/,portal_wire_football_2026
Alex Birchmeier,IOL,Penn State Nittany Lions,Liberty Flames,Committed,0,,,,,2023,2026-01-05T09:17:00,https://on3static.com/uploads/assets/354/166/166354.png,https://www.on3.com/db/alex-birchmeier-2834/,portal_wire_football_2026
Coleton Price,IOL,Baylor Bears,Kentucky Wildcats,Committed,399936,4.0,91.0,33.0,1.0,2022,2026-01-05T09:13:00,https://on3static.com/uploads/assets/68/209/209068.jpeg,https://www.on3.com/db/coleton-price-24967/,portal_wire_football_2026
Izaiah Williams,WR,Texas A&M Aggies,Kansas State Wildcats,Committed,0,3.0,87.0,661.0,112.0,2024,2026-01-05T09:12:00,https://on3static.com/uploads/assets/731/69/69731.jpg,https://www.on3.com/db/izaiah-williams-150859/,portal_wire_football_2026
Joshua Patterson,S,Iowa State Cyclones,Wake Forest Demon Deacons,Committed,0,3.0,87.0,1133.0,62.0,2025,2026-01-05T09:09:00,https://on3static.com/uploads/assets/657/248/248657.png,https://www.on3.com/db/joshua-patterson-153254/,portal_wire_football_2026
Gi'Bran Payne,RB,Notre Dame Fighting Irish,Cincinnati Bearcats,Committed,0,3.0,86.0,1852.0,119.0,2022,2026-01-05T09:01:00,https://on3static.com/uploads/assets/928/235/235928.jpeg,https://www.on3.com/db/gibran-payne-46048/,portal_wire_football_2026
Trey White,EDGE,San Diego State Aztecs,Texas Tech Red Raiders,Committed,0,4.0,90.0,67.0,11.0,2022,2026-01-05T08:54:00,https://on3static.com/uploads/assets/755/578/578755.png,https://www.on3.com/db/trey-white-116286/,portal_wire_football_2026
Davin Martin,CB,UTSA Roadrunners,Texas Tech Red Raiders,Committed,0,3.0,86.0,1039.0,190.0,2023,2026-01-05T08:40:00,https://on3static.com/uploads/assets/251/580/580251.png,https://www.on3.com/db/davin-martin-151828/,portal_wire_football_2026
Caleb Nitta,IOL,Western Kentucky Hilltoppers,Oklahoma Sooners,Committed,0,3.0,87.0,1036.0,82.0,2023,2026-01-05T08:34:00,https://on3static.com/uploads/assets/253/580/580253.png,https://www.on3.com/db/caleb-nitta-162605/,portal_wire_football_2026
Bryce Butler,DL,Washington Huskies,Texas Tech Red Raiders,Committed,0,3.0,89.0,148.0,9.0,2022,2026-01-05T08:31:00,https://on3static.com/uploads/assets/932/255/255932.png,https://www.on3.com/db/bryce-butler-179291/,portal_wire_football_2026
Gianni Spetic,K,Memphis Tigers,Texas Longhorns,Committed,0,3.0,80.0,2996.0,12.0,2023,2026-01-05T08:27:00,https://on3static.com/uploads/assets/196/574/574196.png,https://www.on3.com/db/gianni-spetic-177217/,portal_wire_football_2026
Makai Jackson,WR,Indiana Hoosiers,Liberty Flames,Committed,0,3.0,87.0,873.0,90.0,2022,2026-01-05T08:15:00,https://on3static.com/uploads/assets/58/170/170058.png,https://www.on3.com/db/makai-jackson-175041/,portal_wire_football_2026
David Olano,K,Illinois Fighting Illini,Texas A&M Aggies,Committed,0,3.0,80.0,3003.0,9.0,2023,2026-01-05T08:14:00,https://on3static.com/uploads/assets/166/176/176166.jpeg,https://www.on3.com/db/david-olano-153042/,portal_wire_football_2026
Jamari Hawkins,WR,Memphis Tigers,Arkansas Razorbacks,Committed,0,3.0,88.0,548.0,77.0,2022,2026-01-05T08:13:00,https://on3static.com/uploads/assets/124/214/214124.jpeg,https://www.on3.com/db/jamari-hawkins-150533/,portal_wire_football_2026
Brice Stevenson,DL,Holy Cross Crusaders,Iowa Hawkeyes,Committed,0,3.0,86.0,2365.0,197.0,2023,2026-01-05T08:06:00,https://on3static.com/uploads/assets/674/578/578674.png,https://www.on3.com/db/brice-stevenson-147122/,portal_wire_football_2026
Zakaa Brown,CB,Towson Tigers,,Entered,0,3.0,85.0,2184.0,281.0,2024,2026-01-05T08:04:00,https://on3static.com/uploads/assets/595/232/232595.png,https://www.on3.com/db/zakaa-brown-235833/,portal_wire_football_2026
Kyon Loud,CB,Montana State Bobcats,,Expected,0,3.0,87.0,1033.0,117.0,2024,2026-01-05T07:50:00,https://on3static.com/uploads/assets/53/590/590053.png,https://www.on3.com/db/kyon-loud-180798/,portal_wire_football_2026
Dylan Lonergan,QB,Boston College Eagles,Rutgers Scarlet Knights,Committed,0,3.0,88.0,539.0,28.0,2023,2026-01-05T07:49:00,https://on3static.com/uploads/assets/78/394/394078.jpg,https://www.on3.com/db/dylan-lonergan-39958/,portal_wire_football_2026
Lanear McCrary Jr.,RB,Shorter Hawks,Georgia State Panthers,Committed,0,3.0,86.0,2022.0,164.0,2023,2026-01-05T07:20:00,https://on3static.com/uploads/assets/7/569/569007.png,https://www.on3.com/db/lanear-mccrary-jr-283211/,portal_wire_football_2026
Jaxxon Warren,TE,Colorado State Rams,North Carolina Tar Heels,Committed,0,3.0,85.0,2192.0,113.0,2022,2026-01-05T03:12:00,https://on3static.com/uploads/assets/191/580/580191.jpg,https://www.on3.com/db/jaxxon-warren-239448/,portal_wire_football_2026
Isiah Switzer,OT,Toledo Rockets,Connecticut Huskies,Committed,0,3.0,84.0,2547.0,188.0,2025,2026-01-05T00:32:00,https://on3static.com/uploads/assets/521/581/581521.jpg,https://www.on3.com/db/isiah-switzer-246326/,portal_wire_football_2026
Raphael Greene-Nyarko,OT,Toledo Rockets,Connecticut Huskies,Committed,0,3.0,84.0,2544.0,205.0,2025,2026-01-05T00:16:00,https://on3static.com/uploads/assets/226/193/193226.jpg,https://www.on3.com/db/raphael-greene-nyarko-151647/,portal_wire_football_2026
Yannick Smith,WR,East Carolina Pirates,SMU Mustangs,Committed,0,3.0,87.0,166.0,93.0,2024,2026-01-04T23:50:00,https://on3static.com/uploads/assets/26/338/338026.png,https://www.on3.com/db/yannick-smith-179008/,portal_wire_football_2026
Jediyah Willoughby,WR,Toledo Rockets,Connecticut Huskies,Committed,0,3.0,83.0,2744.0,400.0,2023,2026-01-04T23:38:00,https://on3static.com/uploads/assets/779/580/580779.png,https://www.on3.com/db/jediyah-willoughby-163330/,portal_wire_football_2026
Kanijal Thomas,CB,Kansas State Wildcats,Oklahoma State Cowboys,Committed,0,3.0,84.0,2514.0,295.0,2023,2026-01-04T23:22:00,https://on3static.com/uploads/assets/177/209/209177.jpeg,https://www.on3.com/db/kanijal-thomas-71173/,portal_wire_football_2026
Stilton McKelvey,CB,New Mexico State Aggies,Baylor Bears,Committed,0,3.0,86.0,1514.0,237.0,2023,2026-01-04T22:55:00,https://on3static.com/uploads/assets/154/580/580154.png,https://www.on3.com/db/stilton-mckelvey-283646/,portal_wire_football_2026
Julien Laventure,DL,Akron Zips,Texas Tech Red Raiders,Committed,0,3.0,88.0,1887.0,35.0,2022,2026-01-04T22:20:00,https://on3static.com/uploads/assets/264/575/575264.PNG,https://www.on3.com/db/julien-laventure-282263/,portal_wire_football_2026
Jacob Fields,CB,Louisiana Tech Bulldogs,TCU Horned Frogs,Committed,0,3.0,88.0,1183.0,42.0,2023,2026-01-04T22:10:00,https://on3static.com/uploads/assets/341/567/567341.png,https://www.on3.com/db/jacob-fields-151007/,portal_wire_football_2026
Deven Bryant,LB,Washington Huskies,USC Trojans,Committed,0,3.0,88.0,451.0,27.0,2023,2026-01-04T21:56:00,https://on3static.com/uploads/assets/282/219/219282.png,https://www.on3.com/db/deven-bryant-146090/,portal_wire_football_2026
Terrence Lewis,WR,North Texas Mean Green,Oklahoma State Cowboys,Committed,0,3.0,86.0,1353.0,178.0,2025,2026-01-04T21:49:00,https://on3static.com/uploads/assets/718/96/96718.jpg,https://www.on3.com/db/terrence-lewis-158936/,portal_wire_football_2026
Andrew Marshall,LB,Eastern Michigan Eagles,Minnesota Golden Gophers,Committed,0,3.0,86.0,1893.0,187.0,2023,2026-01-04T21:49:00,https://on3static.com/uploads/assets/696/42/42696.png,https://www.on3.com/db/andrew-marshall-147095/,portal_wire_football_2026
Alijah Carnell,DL,Iowa State Cyclones,Penn State Nittany Lions,Committed,0,3.0,84.0,2108.0,291.0,2024,2026-01-04T21:43:00,https://on3static.com/uploads/assets/411/576/576411.png,https://www.on3.com/db/alijah-carnell-178936/,portal_wire_football_2026
Brendan Sorsby,QB,Cincinnati Bearcats,Texas Tech Red Raiders,Committed,3074907,4.0,92.0,20.0,6.0,2022,2026-01-04T21:42:00,https://on3static.com/uploads/assets/522/570/570522.png,https://www.on3.com/db/brendan-sorsby-13764/,portal_wire_football_2026
Desmond Magiya,OT,North Texas Mean Green,Oklahoma State Cowboys,Committed,0,3.0,87.0,1350.0,76.0,2023,2026-01-04T21:40:00,https://on3static.com/uploads/assets/695/219/219695.png,https://www.on3.com/db/desmond-magiya-176102/,portal_wire_football_2026
Johnny Dickson,IOL,North Texas Mean Green,Oklahoma State Cowboys,Committed,0,3.0,87.0,558.0,57.0,2022,2026-01-04T21:36:00,https://on3static.com/uploads/assets/872/86/86872.jpeg,https://www.on3.com/db/johnny-dickson-63993/,portal_wire_football_2026
Darius Malcolm Jr.,CB,Wofford Terriers,Memphis Tigers,Committed,0,3.0,87.0,719.0,79.0,2024,2026-01-04T21:31:00,https://on3static.com/uploads/assets/100/580/580100.png,https://www.on3.com/db/darius-malcolm-jr-283641/,portal_wire_football_2026
Mason McKenzie,QB,Saginaw Valley State Cardinals,Boston College Eagles,Committed,0,3.0,86.0,1804.0,122.0,2023,2026-01-04T21:30:00,https://on3static.com/uploads/assets/474/567/567474.png,https://www.on3.com/db/mason-mckenzie-163054/,portal_wire_football_2026
Jacobie Henderson,CB,Rutgers Scarlet Knights,Virginia Cavaliers,Committed,0,3.0,88.0,607.0,45.0,2022,2026-01-04T21:22:00,https://on3static.com/uploads/assets/144/464/464144.jpg,https://www.on3.com/db/jacobie-henderson-52346/,portal_wire_football_2026
Naeten Mitchell,CB,New Mexico State Aggies,Colorado Buffaloes,Committed,0,3.0,87.0,1512.0,139.0,2023,2026-01-04T21:21:00,https://on3static.com/uploads/assets/118/580/580118.jpeg,https://www.on3.com/db/naeten-mitchell-90890/,portal_wire_football_2026
Jaylen George,DL,Nebraska Cornhuskers,Tulsa Golden Hurricane,Committed,0,3.0,86.0,1451.0,174.0,2022,2026-01-04T21:11:00,https://on3static.com/uploads/assets/68/393/393068.jpg,https://www.on3.com/db/jaylen-george-246982/,portal_wire_football_2026
Montreze Smith,LB,Austin Peay Governors,Iowa State Cyclones,Committed,0,3.0,87.0,722.0,74.0,2024,2026-01-04T21:07:00,https://on3static.com/uploads/assets/724/183/183724.png,https://www.on3.com/db/montreze-smith-154612/,portal_wire_football_2026
Eli Ozick,K,North Dakota State Bison,Iowa Hawkeyes,Committed,0,3.0,80.0,3026.0,16.0,2023,2026-01-04T21:03:00,https://on3static.com/uploads/assets/602/579/579602.jpg,https://www.on3.com/db/eli-ozick-283615/,portal_wire_football_2026
Cody Jackson,WR,Tarleton State Texans,Iowa State Cyclones,Committed,0,3.0,86.0,1252.0,268.0,2021,2026-01-04T20:55:00,https://on3static.com/uploads/assets/300/132/132300.jpeg,https://www.on3.com/db/cody-jackson-144084/,portal_wire_football_2026
Jayden Gibson,WR,Oklahoma Sooners,South Carolina Gamecocks,Committed,0,3.0,87.0,877.0,128.0,2022,2026-01-04T20:52:00,https://on3static.com/uploads/assets/173/72/72173.jpg,https://www.on3.com/db/jayden-gibson-58649/,portal_wire_football_2026
Keyon Washington,CB,Bowling Green Falcons,Iowa State Cyclones,Committed,0,3.0,86.0,1436.0,223.0,2024,2026-01-04T20:43:00,https://on3static.com/uploads/assets/921/334/334921.png,https://www.on3.com/db/keyon-washington-163389/,portal_wire_football_2026
Zy’marion Lang,WR,Toledo Rockets,Connecticut Huskies,Committed,0,,,,,2024,2026-01-04T20:42:00,https://on3static.com/uploads/assets/773/580/580773.png,https://www.on3.com/db/zymarion-lang-155276/,portal_wire_football_2026
Ahmad Breaux,EDGE,LSU Tigers,Kentucky Wildcats,Committed,0,3.0,87.0,1174.0,96.0,2024,2026-01-04T20:41:00,https://on3static.com/uploads/assets/575/166/166575.JPG,https://www.on3.com/db/ahmad-breaux-155063/,portal_wire_football_2026
Prince Strachan,WR,USC Trojans,West Virginia Mountaineers,Committed,0,3.0,86.0,1251.0,266.0,2022,2026-01-04T20:21:00,https://on3static.com/uploads/assets/366/400/400366.png,https://www.on3.com/db/prince-strachan-149910/,portal_wire_football_2026
Jordan Walker,EDGE,Rutgers Scarlet Knights,Georgia Tech Yellow Jackets,Committed,0,3.0,87.0,407.0,62.0,2022,2026-01-04T20:11:00,https://on3static.com/uploads/assets/614/304/304614.png,https://www.on3.com/db/jordan-walker-210080/,portal_wire_football_2026
Joshua Burnham,EDGE,Notre Dame Fighting Irish,Indiana Hoosiers,Committed,0,3.0,89.0,159.0,21.0,2022,2026-01-04T19:55:00,https://on3static.com/uploads/assets/852/235/235852.jpeg,https://www.on3.com/db/joshua-burnham-67853/,portal_wire_football_2026
Karon Brookins,WR,Iowa State Cyclones,Penn State Nittany Lions,Committed,0,3.0,84.0,2343.0,342.0,2025,2026-01-04T19:47:00,https://on3static.com/uploads/assets/948/465/465948.PNG,https://www.on3.com/db/karon-brookins-179970/,portal_wire_football_2026
Miles Coleman,WR,North Texas Mean Green,Oklahoma State Cowboys,Committed,0,3.0,88.0,578.0,78.0,2024,2026-01-04T19:43:00,https://on3static.com/uploads/assets/254/576/576254.png,https://www.on3.com/db/miles-coleman-163373/,portal_wire_football_2026
Nate Henrich,EDGE,Gannon University Golden Knights,San Diego State Aztecs,Committed,0,3.0,84.0,2639.0,201.0,2024,2026-01-04T19:39:00,,https://www.on3.com/db/nate-henrich-284342/,portal_wire_football_2026
Hasaan Sykes,CB,Western Carolina Catamounts,Kentucky Wildcats,Committed,0,3.0,86.0,1114.0,197.0,2024,2026-01-04T19:34:00,https://on3static.com/uploads/assets/278/557/557278.png,https://www.on3.com/db/hasaan-sykes-180946/,portal_wire_football_2026
Katin Houser,QB,East Carolina Pirates,Illinois Fighting Illini,Committed,0,3.0,89.0,140.0,17.0,2022,2026-01-04T19:29:00,https://on3static.com/uploads/assets/122/235/235122.png,https://www.on3.com/db/katin-houser-144655/,portal_wire_football_2026
Jaden Craig,QB,Harvard Crimson,TCU Horned Frogs,Committed,0,3.0,88.0,295.0,24.0,2022,2026-01-04T19:27:00,https://on3static.com/uploads/assets/760/566/566760.png,https://www.on3.com/db/jaden-craig-52587/,portal_wire_football_2026
Isaiah Patterson,LB,UNLV Rebels,West Virginia Mountaineers,Committed,0,3.0,86.0,1884.0,150.0,2024,2026-01-04T19:25:00,https://on3static.com/uploads/assets/56/444/444056.png,https://www.on3.com/db/isaiah-patterson-153244/,portal_wire_football_2026
Landyn Watson,EDGE,Kentucky Wildcats,Kansas Jayhawks,Committed,0,3.0,86.0,1150.0,142.0,2021,2026-01-04T19:16:00,https://on3static.com/uploads/assets/894/15/15894.jpeg,https://www.on3.com/db/landyn-watson-78072/,portal_wire_football_2026
Jaylen Thomas,CB,San Jose State Spartans,Washington State Cougars,Committed,0,3.0,87.0,712.0,98.0,2024,2026-01-04T19:02:00,https://on3static.com/uploads/assets/72/580/580072.jpeg,https://www.on3.com/db/jaylen-thomas-239450/,portal_wire_football_2026
Jayvontay Conner,TE,East Carolina Pirates,Vanderbilt Commodores,Committed,0,3.0,89.0,274.0,13.0,2023,2026-01-04T18:55:00,https://on3static.com/uploads/assets/371/572/572371.png,https://www.on3.com/db/jayvontay-conner-59280/,portal_wire_football_2026
Jalen Dupree,RB,Colorado State Rams,Kansas Jayhawks,Committed,0,3.0,87.0,1112.0,81.0,2024,2026-01-04T18:45:00,https://on3static.com/uploads/assets/158/144/144158.png,https://www.on3.com/db/jalen-dupree-175591/,portal_wire_football_2026
Connor Stroh,IOL,Texas Longhorns,Kansas Jayhawks,Committed,0,3.0,87.0,415.0,65.0,2023,2026-01-04T18:43:00,https://on3static.com/uploads/assets/2/202/202002.png,https://www.on3.com/db/connor-stroh-147217/,portal_wire_football_2026
Mac Chiumento,P,Florida State Seminoles,Texas Longhorns,Committed,0,3.0,80.0,3032.0,5.0,2022,2026-01-04T18:42:00,https://on3static.com/uploads/assets/518/435/435518.png,https://www.on3.com/db/mac-chiumento-191814/,portal_wire_football_2026
Christian Davis,DL,Louisiana Tech Bulldogs,SMU Mustangs,Committed,0,3.0,87.0,707.0,80.0,2023,2026-01-04T18:39:00,https://on3static.com/uploads/assets/271/579/579271.jpeg,https://www.on3.com/db/christian-davis-283602/,portal_wire_football_2026
Dylan Manuel,DL,Appalachian State Mountaineers,Colorado Buffaloes,Committed,0,3.0,87.0,1035.0,68.0,2024,2026-01-04T18:28:00,https://on3static.com/uploads/assets/934/579/579934.png,https://www.on3.com/db/dylan-manuel-261720/,portal_wire_football_2026
Jerrick Gibson,RB,Texas Longhorns,Purdue Boilermakers,Committed,171720,3.0,88.0,286.0,44.0,2024,2026-01-04T18:21:00,https://on3static.com/uploads/assets/16/194/194016.png,https://www.on3.com/db/jerrick-gibson-61041/,portal_wire_football_2026
Kooper Ebel,LB,Iowa State Cyclones,Penn State Nittany Lions,Committed,0,3.0,88.0,582.0,24.0,2023,2026-01-04T18:21:00,https://on3static.com/uploads/assets/59/580/580059.png,https://www.on3.com/db/kooper-ebel-152432/,portal_wire_football_2026
Jontez Williams,CB,Iowa State Cyclones,USC Trojans,Committed,517185,4.0,94.0,14.0,1.0,2022,2026-01-04T18:15:00,https://on3static.com/uploads/assets/209/574/574209.png,https://www.on3.com/db/jontez-williams-65108/,portal_wire_football_2026
Wyatt Young,WR,North Texas Mean Green,Oklahoma State Cowboys,Committed,284154,4.0,90.0,60.0,10.0,2024,2026-01-04T18:08:00,https://on3static.com/uploads/assets/115/558/558115.png,https://www.on3.com/db/wyatt-young-121855/,portal_wire_football_2026
Daniel Jennings,EDGE,Penn State Nittany Lions,Virginia Tech Hokies,Committed,0,3.0,88.0,446.0,39.0,2025,2026-01-04T18:08:00,https://on3static.com/uploads/assets/818/506/506818.png,https://www.on3.com/db/daniel-jennings-239978/,portal_wire_football_2026
Max Gilbert,K,Tennessee Volunteers,Arkansas Razorbacks,Committed,0,3.0,80.0,3010.0,8.0,2023,2026-01-04T18:08:00,https://on3static.com/uploads/assets/195/226/226195.jpeg,https://www.on3.com/db/max-gilbert-159192/,portal_wire_football_2026
Matt Henderson,TE,Penn State Nittany Lions,Virginia Tech Hokies,Committed,0,3.0,88.0,677.0,21.0,2025,2026-01-04T18:06:00,https://on3static.com/uploads/assets/819/506/506819.png,https://www.on3.com/db/matt-henderson-239870/,portal_wire_football_2026
Kory Pettigrew,WR,USF Bulls,Auburn Tigers,Committed,0,3.0,85.0,2182.0,299.0,2025,2026-01-04T18:06:00,https://on3static.com/uploads/assets/851/148/148851.png,https://www.on3.com/db/kory-pettigrew-176636/,portal_wire_football_2026
Trevor Buhr,IOL,Iowa State Cyclones,Penn State Nittany Lions,Committed,0,3.0,89.0,229.0,18.0,2023,2026-01-04T17:54:00,https://on3static.com/uploads/assets/917/225/225917.png,https://www.on3.com/db/trevor-buhr-147470/,portal_wire_football_2026
Shamar Rigby,WR,Oklahoma State Cowboys,Wisconsin Badgers,Committed,0,3.0,84.0,865.0,335.0,2024,2026-01-04T17:47:00,https://on3static.com/uploads/assets/465/343/343465.png,https://www.on3.com/db/shamar-rigby-163301/,portal_wire_football_2026
Bennett Warren,OT,Tennessee Volunteers,Minnesota Golden Gophers,Committed,0,3.0,88.0,454.0,45.0,2024,2026-01-04T17:46:00,https://on3static.com/uploads/assets/616/210/210616.jpg,https://www.on3.com/db/bennett-warren-10213/,portal_wire_football_2026
Solomon Williams,EDGE,Texas A&M Aggies,California Golden Bears,Committed,0,3.0,87.0,557.0,69.0,2024,2026-01-04T17:44:00,https://on3static.com/uploads/assets/132/102/102132.jpg,https://www.on3.com/db/solomon-williams-153743/,portal_wire_football_2026
Braydon Nelson,OT,North Texas Mean Green,Oklahoma State Cowboys,Committed,0,3.0,89.0,240.0,22.0,2024,2026-01-04T17:42:00,https://on3static.com/uploads/assets/205/576/576205.png,https://www.on3.com/db/braydon-nelson-238548/,portal_wire_football_2026
Christian Neptune,WR,USF Bulls,Auburn Tigers,Committed,0,3.0,86.0,1425.0,218.0,2025,2026-01-04T17:40:00,https://on3static.com/uploads/assets/135/578/578135.png,https://www.on3.com/db/christian-neptune-235850/,portal_wire_football_2026
Cooper Terpstra,IOL,Michigan State Spartans,UCF Knights,Committed,0,3.0,83.0,2743.0,226.0,2023,2026-01-04T17:22:00,https://on3static.com/uploads/assets/215/235/235215.png,https://www.on3.com/db/cooper-terpstra-156535/,portal_wire_football_2026
Nathan Burrell,DL,California Golden Bears,California Golden Bears,Withdrawn,0,3.0,86.0,1421.0,136.0,2022,2026-01-04T17:20:00,https://on3static.com/uploads/assets/350/168/168350.png,https://www.on3.com/db/nathan-burrell-91481/,portal_wire_football_2026
Damian Henderson,RB,Sacramento State Hornets,Colorado Buffaloes,Committed,0,3.0,86.0,1693.0,130.0,2023,2026-01-04T17:17:00,https://on3static.com/uploads/assets/709/398/398709.png,https://www.on3.com/db/damian-henderson-152812/,portal_wire_football_2026
Donte Lee,WR,Liberty Flames,Texas Tech Red Raiders,Committed,0,3.0,88.0,505.0,84.0,2022,2026-01-04T17:15:00,https://on3static.com/uploads/assets/469/260/260469.png,https://www.on3.com/db/donte-lee-238994/,portal_wire_football_2026
Caleb Chester,CB,Texas Longhorns,Arizona State Sun Devils,Committed,0,3.0,87.0,716.0,128.0,2025,2026-01-04T17:11:00,https://on3static.com/uploads/assets/568/148/148568.JPG,https://www.on3.com/db/caleb-chester-16923/,portal_wire_football_2026
Cael Brezina,LB,Iowa State Cyclones,Penn State Nittany Lions,Committed,0,3.0,87.0,581.0,53.0,2024,2026-01-04T17:10:00,https://on3static.com/uploads/assets/427/580/580427.png,https://www.on3.com/db/cael-brezina-174535/,portal_wire_football_2026
Kahmel Johnson,S,Wayne State College Wildcat,UCF Knights,Committed,0,3.0,86.0,1505.0,174.0,2024,2026-01-04T17:09:00,https://on3static.com/uploads/assets/274/581/581274.png,https://www.on3.com/db/kahmel-johnson-283638/,portal_wire_football_2026
Coen Echols,IOL,LSU Tigers,Texas A&M Aggies,Committed,0,3.0,89.0,209.0,13.0,2024,2026-01-04T17:07:00,https://on3static.com/uploads/assets/701/196/196701.png,https://www.on3.com/db/coen-echols-176288/,portal_wire_football_2026
Balansama Kamara,EDGE,Albany Great Danes,Colorado Buffaloes,Committed,0,3.0,87.0,1171.0,75.0,2021,2026-01-04T17:06:00,https://on3static.com/uploads/assets/58/74/74058.jpeg,https://www.on3.com/db/balansama-kamara-145303/,portal_wire_football_2026
Gianni Edwards,CB,Arizona Wildcats,,Entered,0,,,,,2025,2026-01-04T17:00:00,https://on3static.com/uploads/assets/836/283/283836.jpeg,https://www.on3.com/db/gianni-edwards-239428/,portal_wire_football_2026
David Avit,RB,Villanova Wildcats,Arizona State Sun Devils,Committed,0,3.0,87.0,1306.0,75.0,2024,2026-01-04T16:59:00,https://on3static.com/uploads/assets/741/392/392741.png,https://www.on3.com/db/david-avit-246979/,portal_wire_football_2026
Will French,IOL,Memphis Tigers,,Entered,0,3.0,82.0,2844.0,232.0,2024,2026-01-04T16:59:00,https://on3static.com/uploads/assets/188/236/236188.png,https://www.on3.com/db/will-french-235895/,portal_wire_football_2026
Jalen Jones,WR,Alabama State Hornets,Texas Tech Red Raiders,Committed,0,3.0,88.0,579.0,56.0,2023,2026-01-04T16:58:00,https://on3static.com/uploads/assets/201/576/576201.PNG,https://www.on3.com/db/jalen-jones-283521/,portal_wire_football_2026
Eamon Smalls,DL,UAB Blazers,Kansas Jayhawks,Committed,0,3.0,88.0,1004.0,47.0,2023,2026-01-04T16:54:00,https://on3static.com/uploads/assets/499/577/577499.png,https://www.on3.com/db/eamon-smalls-40261/,portal_wire_football_2026
Justus Boone,EDGE,Arkansas Razorbacks,Wisconsin Badgers,Committed,0,3.0,86.0,1003.0,118.0,2021,2026-01-04T16:46:00,https://on3static.com/uploads/assets/476/392/392476.png,https://www.on3.com/db/justus-boone-70042/,portal_wire_football_2026
Kuol Kuol,OT,Iowa State Cyclones,Penn State Nittany Lions,Committed,0,3.0,86.0,1384.0,136.0,2025,2026-01-04T16:34:00,https://on3static.com/uploads/assets/738/578/578738.png,https://www.on3.com/db/kuol-kuol-240335/,portal_wire_football_2026
Turbo Richard,RB,Boston College Eagles,Indiana Hoosiers,Committed,0,3.0,89.0,135.0,13.0,2024,2026-01-04T16:33:00,https://on3static.com/uploads/assets/183/576/576183.png,https://www.on3.com/db/turbo-richard-158324/,portal_wire_football_2026
Christian Ellis,S,Virginia Tech Hokies,Virginia Cavaliers,Committed,0,3.0,87.0,876.0,83.0,2022,2026-01-04T16:26:00,https://on3static.com/uploads/assets/916/178/178916.png,https://www.on3.com/db/christian-ellis-22880/,portal_wire_football_2026
Carson Hansen,RB,Iowa State Cyclones,Penn State Nittany Lions,Committed,0,3.0,88.0,270.0,32.0,2023,2026-01-04T16:25:00,https://on3static.com/uploads/assets/4/580/580004.png,https://www.on3.com/db/carson-hansen-151343/,portal_wire_football_2026
Caleb Bacon,LB,Iowa State Cyclones,Penn State Nittany Lions,Committed,0,3.0,89.0,207.0,13.0,2021,2026-01-04T16:24:00,https://on3static.com/uploads/assets/21/580/580021.png,https://www.on3.com/db/caleb-bacon-160038/,portal_wire_football_2026
Austin Kawecki,IOL,Oklahoma State Cowboys,Wisconsin Badgers,Committed,0,3.0,89.0,266.0,24.0,2022,2026-01-04T16:20:00,https://on3static.com/uploads/assets/608/226/226608.png,https://www.on3.com/db/austin-kawecki-8471/,portal_wire_football_2026
Tawfiq Byard,S,Colorado Buffaloes,Texas A&M Aggies,Committed,0,4.0,90.0,96.0,9.0,2023,2026-01-04T16:15:00,https://on3static.com/uploads/assets/557/571/571557.png,https://www.on3.com/db/tawfiq-byard-150128/,portal_wire_football_2026
Quinton Hammonds,S,North Texas Mean Green,Oklahoma State Cowboys,Committed,0,3.0,87.0,977.0,89.0,2024,2026-01-04T16:13:00,https://on3static.com/uploads/assets/979/579/579979.png,https://www.on3.com/db/quinton-hammonds-236410/,portal_wire_football_2026
Logan Moore,OT,UAB Blazers,Baylor Bears,Committed,0,3.0,87.0,1337.0,75.0,2023,2026-01-04T16:08:00,https://on3static.com/uploads/assets/992/579/579992.png,https://www.on3.com/db/logan-moore-175520/,portal_wire_football_2026
Antonio O'Berry,EDGE,Gardner-Webb Runnin' Bulldogs,Kentucky Wildcats,Committed,0,3.0,87.0,908.0,112.0,2021,2026-01-04T16:04:00,https://on3static.com/uploads/assets/766/568/568766.png,https://www.on3.com/db/antonio-oberry-283196/,portal_wire_football_2026
Dalton Riggs,LS,UCF Knights,Ohio State Buckeyes,Committed,0,3.0,80.0,3029.0,2.0,2019,2026-01-04T16:02:00,https://on3static.com/uploads/assets/764/564/564764.PNG,https://www.on3.com/db/dalton-riggs-282937/,portal_wire_football_2026
Josh Hoover,QB,TCU Horned Frogs,Indiana Hoosiers,Committed,2289390,4.0,94.0,15.0,5.0,2022,2026-01-04T16:01:00,https://on3static.com/uploads/assets/11/72/72011.jpeg,https://www.on3.com/db/josh-hoover-67226/,portal_wire_football_2026
Brett Eskildsen,WR,Iowa State Cyclones,Penn State Nittany Lions,Committed,0,3.0,88.0,239.0,50.0,2024,2026-01-04T15:56:00,https://on3static.com/uploads/assets/265/574/574265.png,https://www.on3.com/db/brett-eskildsen-153711/,portal_wire_football_2026
Caleb Flagg,S,Missouri Tigers,UCF Knights,Committed,0,3.0,87.0,1105.0,110.0,2022,2026-01-04T15:51:00,https://on3static.com/uploads/assets/271/581/581271.png,https://www.on3.com/db/caleb-flagg-16981/,portal_wire_football_2026
Hayden Hansen,TE,Florida Gators,Oklahoma Sooners,Committed,0,3.0,88.0,260.0,19.0,2022,2026-01-04T15:45:00,https://on3static.com/uploads/assets/509/335/335509.png,https://www.on3.com/db/hayden-hansen-146204/,portal_wire_football_2026
Tobi Osunsanmi,EDGE,Kansas State Wildcats,Indiana Hoosiers,Committed,0,3.0,89.0,275.0,28.0,2022,2026-01-04T15:38:00,https://on3static.com/uploads/assets/528/86/86528.jpeg,https://www.on3.com/db/tobi-osunsanmi-113206/,portal_wire_football_2026
Nate Kurisky,TE,Louisville Cardinals,Duke Blue Devils,Committed,0,3.0,86.0,1860.0,69.0,2022,2026-01-04T15:38:00,https://on3static.com/uploads/assets/232/223/223232.png,https://www.on3.com/db/nate-kurisky-91259/,portal_wire_football_2026
Alex Manske,QB,Iowa State Cyclones,Penn State Nittany Lions,Committed,148319,4.0,90.0,122.0,15.0,2025,2026-01-04T15:34:00,https://on3static.com/uploads/assets/982/579/579982.png,https://www.on3.com/db/alex-manske-162630/,portal_wire_football_2026
Nylan Brown,LB,Kent State Golden Flashes,Washington State Cougars,Committed,0,3.0,86.0,1510.0,155.0,2024,2026-01-04T15:34:00,https://on3static.com/uploads/assets/168/148/148168.png,https://www.on3.com/db/nylan-brown-162104/,portal_wire_football_2026
Brady Wayburn,IOL,Connecticut Huskies,UCF Knights,Committed,0,3.0,87.0,905.0,63.0,2022,2026-01-04T15:33:00,https://on3static.com/uploads/assets/792/473/473792.png,https://www.on3.com/db/brady-wayburn-11932/,portal_wire_football_2026
Hudson Powell,LS,Miami (OH) RedHawks,Auburn Tigers,Committed,0,3.0,80.0,3027.0,3.0,2022,2026-01-04T15:29:00,https://on3static.com/uploads/assets/732/579/579732.jpg,https://www.on3.com/db/hudson-powell-179219/,portal_wire_football_2026
Esean Carter,DL,Toledo Rockets,Connecticut Huskies,Committed,0,3.0,87.0,717.0,101.0,2021,2026-01-04T15:26:00,https://on3static.com/uploads/assets/2/580/580002.png,https://www.on3.com/db/esean-carter-42831/,portal_wire_football_2026
Anthony Hawkins,S,Villanova Wildcats,Iowa Hawkeyes,Committed,0,3.0,86.0,1348.0,163.0,2024,2026-01-04T15:24:00,https://on3static.com/uploads/assets/255/576/576255.png,https://www.on3.com/db/anthony-hawkins-154199/,portal_wire_football_2026
Jaedon Wilson,WR,UCLA Bruins,,Expected,0,3.0,84.0,2538.0,370.0,2021,2026-01-04T15:16:00,https://on3static.com/uploads/assets/860/12/12860.jpeg,https://www.on3.com/db/jaedon-wilson-52807/,portal_wire_football_2026
Rocco Becht,QB,Iowa State Cyclones,Penn State Nittany Lions,Committed,1393969,4.0,91.0,43.0,9.0,2022,2026-01-04T15:14:00,https://on3static.com/uploads/assets/376/414/414376.png,https://www.on3.com/db/rocco-becht-101459/,portal_wire_football_2026
Wisdom Simms,DL,North Carolina Central Eagles,Purdue Boilermakers,Committed,0,3.0,86.0,1889.0,150.0,2022,2026-01-04T15:13:00,https://on3static.com/uploads/assets/963/579/579963.png,https://www.on3.com/db/wisdom-simms-283630/,portal_wire_football_2026
Khalil Barnes,S,Clemson Tigers,Georgia Bulldogs,Committed,0,3.0,88.0,322.0,40.0,2023,2026-01-04T15:05:00,https://on3static.com/uploads/assets/405/41/41405.PNG,https://www.on3.com/db/khalil-barnes-150875/,portal_wire_football_2026
Carl Jenkins,WR,UCF Knights,,Entered,0,3.0,87.0,709.0,162.0,2025,2026-01-04T15:05:00,https://on3static.com/uploads/assets/687/564/564687.PNG,https://www.on3.com/db/carl-jenkins-159137/,portal_wire_football_2026
Caleb Hawkins,RB,North Texas Mean Green,Oklahoma State Cowboys,Committed,731852,4.0,95.0,10.0,1.0,2025,2026-01-04T15:04:00,https://on3static.com/uploads/assets/786/191/191786.jpg,https://www.on3.com/db/caleb-hawkins-180902/,portal_wire_football_2026
Austin Romaine,LB,Kansas State Wildcats,Texas Tech Red Raiders,Committed,557967,4.0,94.0,16.0,2.0,2023,2026-01-04T15:01:00,https://on3static.com/uploads/assets/226/209/209226.jpeg,https://www.on3.com/db/austin-romaine-156488/,portal_wire_football_2026
Trey DuBuc,LS,New Mexico Lobos,Texas Longhorns,Committed,0,3.0,80.0,3102.0,21.0,2023,2026-01-04T14:57:00,https://on3static.com/uploads/assets/16/404/404016.png,https://www.on3.com/db/trey-dubuc-158836/,portal_wire_football_2026
Ian Geffrard,DL,Arkansas Razorbacks,Texas Longhorns,Committed,0,3.0,89.0,162.0,13.0,2023,2026-01-04T14:41:00,https://on3static.com/uploads/assets/980/303/303980.png,https://www.on3.com/db/ian-geffrard-48774/,portal_wire_football_2026
A'Mon Lane-Ganus,S,Auburn Tigers,USF Bulls,Committed,0,3.0,86.0,1203.0,144.0,2024,2026-01-04T14:38:00,https://on3static.com/uploads/assets/269/236/236269.jpg,https://www.on3.com/db/amon-lane-ganus-15/,portal_wire_football_2026
Jiquan Sanks,CB,Cincinnati Bearcats,Indiana Hoosiers,Committed,0,3.0,87.0,926.0,95.0,2024,2026-01-04T14:30:00,https://on3static.com/uploads/assets/631/304/304631.png,https://www.on3.com/db/jiquan-sanks-177129/,portal_wire_football_2026
DJ Coleman,S,Baylor Bears,Florida Gators,Committed,0,4.0,90.0,62.0,5.0,2023,2026-01-04T14:30:00,https://on3static.com/uploads/assets/42/209/209042.jpeg,https://www.on3.com/db/dj-coleman-150237/,portal_wire_football_2026
Moh Bility,CB,Rice Owls,,Expected,0,,,,,2022,2026-01-04T14:28:00,https://on3static.com/uploads/assets/531/580/580531.png,https://www.on3.com/db/moh-bility-90120/,portal_wire_football_2026
Sione Perkins,OT,Iowa State Cyclones,Northern Arizona Lumberjacks,Committed,0,3.0,84.0,2441.0,187.0,2025,2026-01-04T14:25:00,https://on3static.com/uploads/assets/993/465/465993.PNG,https://www.on3.com/db/sione-perkins-246479/,portal_wire_football_2026
Landen Chambers,RB,Central Arkansas Bears,UCF Knights,Committed,0,3.0,88.0,1031.0,42.0,2023,2026-01-04T14:14:00,https://on3static.com/uploads/assets/29/580/580029.PNG,https://www.on3.com/db/landen-chambers-77938/,portal_wire_football_2026
Kameron Sallis,S,James Madison Dukes,,Entered,0,3.0,87.0,713.0,79.0,2023,2026-01-04T14:13:00,https://on3static.com/uploads/assets/172/209/209172.jpeg,https://www.on3.com/db/kameron-sallis-155312/,portal_wire_football_2026
Valen Erickson,OT,NC State Wolfpack,Liberty Flames,Committed,0,3.0,85.0,2186.0,163.0,2022,2026-01-04T14:11:00,https://on3static.com/uploads/assets/948/222/222948.png,https://www.on3.com/db/valen-erickson-119267/,portal_wire_football_2026
Shadre Hurst,IOL,Tulane Green Wave,Houston Cougars,Committed,0,4.0,90.0,91.0,6.0,2022,2026-01-04T14:08:00,https://on3static.com/uploads/assets/836/214/214836.jpeg,https://www.on3.com/db/shadre-hurst-150503/,portal_wire_football_2026
Tyran Chappell,CB,Houston Christian Huskies,Michigan State Spartans,Committed,0,3.0,87.0,1767.0,77.0,2024,2026-01-04T14:06:00,https://on3static.com/uploads/assets/413/557/557413.png,https://www.on3.com/db/tyran-chappell-282623/,portal_wire_football_2026
Alonza Barnett III,QB,James Madison Dukes,UCF Knights,Committed,0,3.0,88.0,556.0,30.0,2022,2026-01-04T14:03:00,https://on3static.com/uploads/assets/408/178/178408.jpeg,https://www.on3.com/db/alonza-barnett-iii-3927/,portal_wire_football_2026
Malachi Davis,EDGE,Toledo Rockets,Rutgers Scarlet Knights,Committed,0,4.0,90.0,128.0,19.0,2022,2026-01-04T14:00:00,https://on3static.com/uploads/assets/944/579/579944.png,https://www.on3.com/db/malachi-davis-81412/,portal_wire_football_2026
Marquis Johnson,WR,Missouri Tigers,Mississippi State Bulldogs,Committed,0,3.0,88.0,132.0,36.0,2023,2026-01-04T13:53:00,https://on3static.com/uploads/assets/927/222/222927.png,https://www.on3.com/db/marquis-johnson-154418/,portal_wire_football_2026
Mason Williams,TE,Ohio Bobcats,Ohio State Buckeyes,Committed,0,3.0,87.0,1349.0,35.0,2023,2026-01-04T13:50:00,https://on3static.com/uploads/assets/184/576/576184.png,https://www.on3.com/db/mason-williams-151266/,portal_wire_football_2026
Malachi Breland,OT,Memphis Tigers,Arkansas Razorbacks,Committed,0,3.0,89.0,265.0,27.0,2023,2026-01-04T13:45:00,https://on3static.com/uploads/assets/787/573/573787.png,https://www.on3.com/db/malachi-breland-152757/,portal_wire_football_2026
Gabe Burkle,TE,Iowa State Cyclones,Penn State Nittany Lions,Committed,0,3.0,89.0,156.0,8.0,2022,2026-01-04T13:43:00,https://on3static.com/uploads/assets/926/225/225926.png,https://www.on3.com/db/gabe-burkle-44482/,portal_wire_football_2026
Nicolas Cruji,IOL,Maine Black Bears,Charlotte 49ers,Committed,0,3.0,86.0,1956.0,156.0,2021,2026-01-04T13:38:00,https://on3static.com/uploads/assets/143/558/558143.png,https://www.on3.com/db/nicolas-cruji-282656/,portal_wire_football_2026
Drew Terrill,OT,Miami (OH) RedHawks,Houston Cougars,Committed,0,3.0,89.0,222.0,19.0,2022,2026-01-04T13:37:00,https://on3static.com/uploads/assets/568/570/570568.png,https://www.on3.com/db/drew-terrill-39201/,portal_wire_football_2026
Nick Marsh,WR,Michigan State Spartans,Indiana Hoosiers,Committed,376623,4.0,91.0,36.0,7.0,2024,2026-01-04T13:36:00,https://on3static.com/uploads/assets/244/562/562244.png,https://www.on3.com/db/nick-marsh-92720/,portal_wire_football_2026
Myles Reber,WR,California Golden Bears,,Entered,0,,,,,0,2026-01-04T13:23:00,https://on3static.com/uploads/assets/221/314/314221.png,https://www.on3.com/db/myles-reber-237295/,portal_wire_football_2026
Makhi Hughes,RB,Oregon Ducks,Houston Cougars,Committed,257527,4.0,90.0,99.0,8.0,2022,2026-01-04T13:22:00,https://on3static.com/uploads/assets/642/214/214642.jpeg,https://www.on3.com/db/makhi-hughes-145512/,portal_wire_football_2026
Jaquail Smith,RB,Sacramento State Hornets,Colorado Buffaloes,Committed,0,3.0,87.0,1503.0,68.0,2025,2026-01-04T13:21:00,https://on3static.com/uploads/assets/882/579/579882.png,https://www.on3.com/db/jaquail-smith-283627/,portal_wire_football_2026
Maasai King,OT,Akron Zips,Iowa State Cyclones,Committed,0,3.0,89.0,263.0,26.0,2022,2026-01-04T13:19:00,https://on3static.com/uploads/assets/555/554/554555.png,https://www.on3.com/db/maasai-king-246847/,portal_wire_football_2026
Ben Murawski,OT,Connecticut Huskies,Michigan State Spartans,Committed,0,3.0,89.0,185.0,12.0,2022,2026-01-04T13:15:00,https://on3static.com/uploads/assets/807/473/473807.png,https://www.on3.com/db/ben-murawski-149891/,portal_wire_football_2026
Donelius Johnson,LB,Kennesaw State Owls,,Entered,0,3.0,88.0,1502.0,43.0,2022,2026-01-04T13:07:00,https://on3static.com/uploads/assets/960/579/579960.PNG,https://www.on3.com/db/donelius-johnson-145729/,portal_wire_football_2026
Ray Coney,LB,Tulsa Golden Hurricane,Texas A&M Aggies,Committed,0,4.0,90.0,77.0,7.0,2023,2026-01-04T13:03:00,https://on3static.com/uploads/assets/669/399/399669.png,https://www.on3.com/db/ray-coney-153928/,portal_wire_football_2026
Brice Turner,CB,Nebraska Cornhuskers,,Entered,0,3.0,84.0,2541.0,293.0,2023,2026-01-04T13:02:00,https://on3static.com/uploads/assets/447/333/333447.png,https://www.on3.com/db/brice-turner-175115/,portal_wire_football_2026
Jon Jon Kamara,LB,Kansas Jayhawks,Wisconsin Badgers,Committed,0,3.0,86.0,1219.0,169.0,2024,2026-01-04T12:50:00,https://on3static.com/uploads/assets/342/570/570342.png,https://www.on3.com/db/jon-jon-kamara-177678/,portal_wire_football_2026
Qua Moss,S,Kansas State Wildcats,Tennessee Volunteers,Committed,0,3.0,89.0,138.0,14.0,2023,2026-01-04T12:38:00,https://on3static.com/uploads/assets/426/391/391426.png,https://www.on3.com/db/qua-moss-246949/,portal_wire_football_2026
Kade Kostus,DL,Central Michigan Chippewas,,Entered,0,3.0,85.0,2187.0,223.0,2022,2026-01-04T12:37:00,,https://www.on3.com/db/kade-kostus-70324/,portal_wire_football_2026
Jaxson Dunn,P,Arkansas State Red Wolves,,Entered,0,3.0,80.0,3033.0,40.0,2024,2026-01-04T12:29:00,https://on3static.com/uploads/assets/976/579/579976.PNG,https://www.on3.com/db/jaxson-dunn-283632/,portal_wire_football_2026
Marcus Neal,S,Iowa State Cyclones,Penn State Nittany Lions,Committed,258979,4.0,91.0,45.0,4.0,2024,2026-01-04T12:24:00,https://on3static.com/uploads/assets/60/580/580060.png,https://www.on3.com/db/marcus-neal-159198/,portal_wire_football_2026
Anthony Rogers,CB,Nicholls State Colonels,Tulane Green Wave,Committed,0,3.0,87.0,1998.0,83.0,2024,2026-01-04T12:19:00,https://on3static.com/uploads/assets/825/567/567825.png,https://www.on3.com/db/anthony-rogers-238399/,portal_wire_football_2026
Daytin Baker,S,Albany State University Golden Rams,,Entered,0,3.0,86.0,1515.0,180.0,2022,2026-01-04T12:18:00,,https://www.on3.com/db/daytin-baker-283631/,portal_wire_football_2026
Nick Dalessandro,OT,Colgate Raiders,,Entered,0,3.0,85.0,2189.0,167.0,0,2026-01-04T12:14:00,,https://www.on3.com/db/nick-dalessandro-187094/,portal_wire_football_2026
Javis Mynatt,S,Texas State Bobcats,,Entered,0,3.0,87.0,714.0,108.0,2022,2026-01-04T12:13:00,https://on3static.com/uploads/assets/828/579/579828.png,https://www.on3.com/db/javis-mynatt-283623/,portal_wire_football_2026
Sekou Roland,LB,Princeton Tigers,,Entered,0,3.0,84.0,2545.0,239.0,2021,2026-01-04T12:04:00,,https://www.on3.com/db/sekou-roland-105836/,portal_wire_football_2026
Marcelis Tate,QB,USF Bulls,Tennessee State Tigers,Committed,0,3.0,84.0,2539.0,178.0,2024,2026-01-04T12:00:00,https://on3static.com/uploads/assets/761/338/338761.png,https://www.on3.com/db/marcelis-tate-156247/,portal_wire_football_2026
Netinho Olivieri,OT,Pennsylvania Quakers,Pittsburgh Panthers,Committed,0,3.0,89.0,201.0,15.0,2022,2026-01-04T11:53:00,https://on3static.com/uploads/assets/445/557/557445.png,https://www.on3.com/db/netinho-olivieri-92000/,portal_wire_football_2026
Andrew Threatt,IOL,Charleston Southern Buccaneers,North Carolina Tar Heels,Committed,0,3.0,87.0,1029.0,62.0,2023,2026-01-04T11:47:00,https://on3static.com/uploads/assets/838/579/579838.png,https://www.on3.com/db/andrew-threatt-5433/,portal_wire_football_2026
Demetrius Ballard,EDGE,Buffalo Bulls,Boston College Eagles,Committed,0,3.0,87.0,1172.0,111.0,2024,2026-01-04T11:31:00,https://on3static.com/uploads/assets/830/579/579830.png,https://www.on3.com/db/demetrius-ballard-238636/,portal_wire_football_2026
MJ Cannon,CB,Bowling Green Falcons,Cincinnati Bearcats,Committed,0,3.0,87.0,654.0,75.0,2022,2026-01-04T11:31:00,https://on3static.com/uploads/assets/410/580/580410.png,https://www.on3.com/db/mj-cannon-148492/,portal_wire_football_2026
Jekail Middlebrook,RB,Middle Tennessee State Blue Raiders,Virginia Cavaliers,Committed,0,3.0,88.0,687.0,33.0,2023,2026-01-04T11:30:00,https://on3static.com/uploads/assets/524/587/587524.png,https://www.on3.com/db/jekail-middlebrook-159095/,portal_wire_football_2026
Carter Janki,DL,Pennsylvania Quakers,Illinois Fighting Illini,Committed,0,3.0,86.0,2337.0,148.0,2022,2026-01-04T11:29:00,https://on3static.com/uploads/assets/497/567/567497.png,https://www.on3.com/db/carter-janki-283129/,portal_wire_football_2026
Jackson Harris,WR,Hawaii Rainbow Warriors,LSU Tigers,Committed,0,3.0,88.0,300.0,34.0,2023,2026-01-04T11:05:00,https://on3static.com/uploads/assets/816/579/579816.png,https://www.on3.com/db/jackson-harris-174081/,portal_wire_football_2026
Weston Davis,OT,LSU Tigers,LSU Tigers,Withdrawn,0,,,,,2024,2026-01-04T11:04:00,https://on3static.com/uploads/assets/541/248/248541.jpg,https://www.on3.com/db/weston-davis-154244/,portal_wire_football_2026
Preston Zachman,S,Wisconsin Badgers,Indiana Hoosiers,Committed,0,3.0,88.0,589.0,34.0,2020,2026-01-04T10:57:00,https://on3static.com/uploads/dev/assets/512/10/10512.jpg,https://www.on3.com/db/preston-zachman-96895/,portal_wire_football_2026
Tyler Keinath,IOL,Boise State Broncos,,Entered,0,3.0,85.0,2194.0,183.0,2021,2026-01-04T10:47:00,,https://www.on3.com/db/tyler-keinath-117711/,portal_wire_football_2026
Sharif Denson,CB,Florida Gators,Ole Miss Rebels,Committed,0,3.0,87.0,399.0,85.0,2023,2026-01-04T10:20:00,https://on3static.com/uploads/assets/941/287/287941.png,https://www.on3.com/db/sharif-denson-106707/,portal_wire_football_2026
Alvon Isaac,RB,USF Bulls,USF Bulls,Withdrawn,0,0.0,,,,2024,2026-01-04T10:11:00,https://on3static.com/uploads/assets/759/338/338759.png,https://www.on3.com/db/alvon-isaac-155551/,portal_wire_football_2026
Colton Joseph,QB,Old Dominion Monarchs,Wisconsin Badgers,Committed,0,3.0,89.0,153.0,19.0,2023,2026-01-04T09:35:00,https://on3static.com/uploads/assets/583/578/578583.png,https://www.on3.com/db/colton-joseph-153619/,portal_wire_football_2026
Ryan McCulloch,EDGE,California Golden Bears,UCLA Bruins,Committed,0,3.0,89.0,164.0,23.0,2023,2026-01-04T09:35:00,https://on3static.com/uploads/assets/642/137/137642.png,https://www.on3.com/db/ryan-mcculloch-155326/,portal_wire_football_2026
Lavon Williams,CB,East Texas A&M Commerce Lions,Illinois Fighting Illini,Committed,0,3.0,87.0,1020.0,96.0,2022,2026-01-04T09:16:00,https://on3static.com/uploads/assets/788/579/579788.png,https://www.on3.com/db/lavon-williams-214284/,portal_wire_football_2026
Billy Edwards Jr.,QB,Wisconsin Badgers,North Carolina Tar Heels,Committed,0,3.0,88.0,296.0,25.0,2021,2026-01-04T09:12:00,https://on3static.com/uploads/assets/458/16/16458.jpeg,https://www.on3.com/db/billy-edwards-jr-10463/,portal_wire_football_2026
Christian Harrison,S,Cincinnati Bearcats,Arkansas Razorbacks,Committed,0,3.0,89.0,187.0,20.0,2022,2026-01-04T09:01:00,https://on3static.com/uploads/assets/199/226/226199.jpeg,https://www.on3.com/db/christian-harrison-22945/,portal_wire_football_2026
Raiden Vines-Bright,WR,Washington Huskies,Arizona State Sun Devils,Committed,0,3.0,87.0,266.0,101.0,2025,2026-01-04T08:28:00,https://on3static.com/uploads/assets/673/282/282673.jpg,https://www.on3.com/db/raiden-vines-bright-174964/,portal_wire_football_2026
Braeden McAlister,K,Georgia State Panthers,Arkansas Razorbacks,Committed,0,3.0,80.0,3031.0,29.0,2022,2026-01-04T08:07:00,https://on3static.com/uploads/assets/523/338/338523.png,https://www.on3.com/db/braeden-mcalister-147818/,portal_wire_football_2026
Zahmir Dawud,CB,Villanova Wildcats,Rutgers Scarlet Knights,Committed,0,3.0,88.0,1032.0,44.0,2023,2026-01-04T07:57:00,https://on3static.com/uploads/assets/479/578/578479.jpg,https://www.on3.com/db/zahmir-dawud-283568/,portal_wire_football_2026
RJ Garcia II,WR,Bowling Green Falcons,Florida Atlantic Owls,Committed,0,3.0,84.0,2540.0,341.0,2021,2026-01-04T07:56:00,https://on3static.com/uploads/assets/857/15/15857.jpeg,https://www.on3.com/db/rj-garcia-ii-100657/,portal_wire_football_2026
Danny Scudero,WR,San Jose State Spartans,Colorado Buffaloes,Committed,0,3.0,89.0,192.0,29.0,2023,2026-01-04T07:52:00,https://on3static.com/uploads/assets/189/483/483189.png,https://www.on3.com/db/danny-scudero-261558/,portal_wire_football_2026
Ryan Schwendeman,TE,Southern Illinois Salukis,Wisconsin Badgers,Committed,0,3.0,86.0,1488.0,101.0,2022,2026-01-04T07:52:00,,https://www.on3.com/db/ryan-schwendeman-103705/,portal_wire_football_2026
Jonathan Maldonado,EDGE,Nevada Wolf Pack,Ole Miss Rebels,Committed,0,3.0,87.0,696.0,65.0,2022,2026-01-04T07:51:00,https://on3static.com/uploads/assets/399/541/541399.png,https://www.on3.com/db/jonathan-maldonado-150467/,portal_wire_football_2026
Austin Alexander,EDGE,North Carolina Tar Heels,,Entered,0,3.0,87.0,710.0,107.0,2025,2026-01-04T07:51:00,https://on3static.com/uploads/assets/73/465/465073.png,https://www.on3.com/db/austin-alexander-153833/,portal_wire_football_2026
Kamryn Perry,WR,Miami (OH) RedHawks,,Entered,0,3.0,88.0,698.0,73.0,2022,2026-01-04T07:08:00,https://on3static.com/uploads/assets/952/306/306952.png,https://www.on3.com/db/kamryn-perry-71129/,portal_wire_football_2026
Christian Young,IOL,Emory & Henry College Wasps,Southern Miss Golden Eagles,Committed,0,3.0,85.0,2013.0,178.0,2022,2026-01-04T07:02:00,https://on3static.com/uploads/assets/903/568/568903.png,https://www.on3.com/db/christian-young-283204/,portal_wire_football_2026
Gavin Proudfoot,OT,Northern Iowa Panthers,Iowa State Cyclones,Committed,0,3.0,86.0,1495.0,151.0,2021,2026-01-03T23:01:00,https://on3static.com/uploads/assets/664/579/579664.jpg,https://www.on3.com/db/gavin-proudfoot-283616/,portal_wire_football_2026
Lamont Lester Jr.,EDGE,Monmouth Hawks,Colorado Buffaloes,Committed,0,3.0,88.0,503.0,47.0,2024,2026-01-03T22:49:00,https://on3static.com/uploads/assets/578/146/146578.png,https://www.on3.com/db/lamont-lester-jr-176305/,portal_wire_football_2026
Keaton Thomas,LB,Baylor Bears,Ole Miss Rebels,Committed,0,3.0,88.0,323.0,23.0,2022,2026-01-03T22:42:00,https://on3static.com/uploads/assets/792/573/573792.png,https://www.on3.com/db/keaton-thomas-71706/,portal_wire_football_2026
Cutter Boley,QB,Kentucky Wildcats,Arizona State Sun Devils,Committed,1077262,4.0,90.0,85.0,13.0,2024,2026-01-03T22:37:00,https://on3static.com/uploads/assets/150/115/115150.jpg,https://www.on3.com/db/cutter-boley-151566/,portal_wire_football_2026
Lincoln Kienholz,QB,Ohio State Buckeyes,Louisville Cardinals,Committed,0,3.0,89.0,155.0,21.0,2023,2026-01-03T22:08:00,https://on3static.com/uploads/assets/540/221/221540.jpeg,https://www.on3.com/db/lincoln-kienholz-151248/,portal_wire_football_2026
Will Tompkins,OT,Iowa State Cyclones,Penn State Nittany Lions,Committed,0,3.0,87.0,1332.0,70.0,2025,2026-01-03T22:03:00,https://on3static.com/uploads/assets/765/579/579765.png,https://www.on3.com/db/will-tompkins-236181/,portal_wire_football_2026
Jahmari Powell-Wonson,WR,Maryland Terrapins,Florida Atlantic Owls,Committed,0,3.0,84.0,2542.0,385.0,2024,2026-01-03T21:58:00,https://on3static.com/uploads/assets/574/167/167574.png,https://www.on3.com/db/jahmari-powell-wonson-158374/,portal_wire_football_2026
Jaylen Raynor,QB,Arkansas State Red Wolves,Iowa State Cyclones,Committed,0,3.0,88.0,967.0,34.0,2023,2026-01-03T21:34:00,https://on3static.com/uploads/assets/517/574/574517.jpeg,https://www.on3.com/db/jaylen-raynor-156843/,portal_wire_football_2026
Jay Crawford,CB,Auburn Tigers,Ole Miss Rebels,Committed,344475,4.0,90.0,53.0,4.0,2024,2026-01-03T21:31:00,https://on3static.com/uploads/assets/635/303/303635.png,https://www.on3.com/db/jay-crawford-149999/,portal_wire_football_2026
Blake Burris,DL,SMU Mustangs,Florida Atlantic Owls,Committed,0,3.0,84.0,2534.0,281.0,2020,2026-01-03T21:27:00,https://on3static.com/uploads/assets/364/73/73364.jpeg,https://www.on3.com/db/blake-burris-10785/,portal_wire_football_2026
DJ Waller Jr.,S,Kentucky Wildcats,Louisville Cardinals,Committed,0,3.0,87.0,1007.0,52.0,2023,2026-01-03T20:52:00,https://on3static.com/uploads/assets/608/302/302608.png,https://www.on3.com/db/dj-waller-jr-156546/,portal_wire_football_2026
Eric Fletcher,CB,Oklahoma State Cowboys,Wisconsin Badgers,Committed,0,3.0,86.0,1280.0,180.0,2024,2026-01-03T20:32:00,https://on3static.com/uploads/assets/482/442/442482.png,https://www.on3.com/db/eric-fletcher-236350/,portal_wire_football_2026
Abu Sama,RB,Iowa State Cyclones,Wisconsin Badgers,Committed,0,4.0,90.0,72.0,5.0,2023,2026-01-03T19:38:00,https://on3static.com/uploads/assets/758/578/578758.png,https://www.on3.com/db/abu-sama-155873/,portal_wire_football_2026
Taeshawn Alston,EDGE,South Carolina Gamecocks,,Entered,0,3.0,87.0,706.0,108.0,2025,2026-01-03T19:35:00,https://on3static.com/uploads/assets/355/185/185355.jpeg,https://www.on3.com/db/taeshawn-alston-158640/,portal_wire_football_2026
Drew Dickey,QB,Vanderbilt Commodores,Arkansas State Red Wolves,Committed,0,3.0,86.0,2394.0,82.0,2022,2026-01-03T18:37:00,https://on3static.com/uploads/assets/859/21/21859.jpeg,https://www.on3.com/db/drew-dickey-39001/,portal_wire_football_2026
Jacob Harris,TE,Bowling Green Falcons,Wisconsin Badgers,Committed,0,3.0,87.0,513.0,47.0,2023,2026-01-03T18:30:00,https://on3static.com/uploads/assets/629/564/564629.png,https://www.on3.com/db/jacob-harris-159421/,portal_wire_football_2026
Levi Manson,CB,Grand Valley State Lakers,,Entered,0,,,,,2020,2026-01-03T17:45:00,https://on3static.com/uploads/assets/355/586/586355.jpg,https://www.on3.com/db/levi-manson-283996/,portal_wire_football_2026
Sam Browder,IOL,Memphis Tigers,,Entered,0,3.0,81.0,2944.0,244.0,2025,2026-01-03T17:03:00,https://on3static.com/uploads/assets/33/307/307033.png,https://www.on3.com/db/sam-browder-241286/,portal_wire_football_2026
Jeremiah Patterson,WR,Arizona Wildcats,,Entered,0,,,,,2021,2026-01-03T16:53:00,https://on3static.com/uploads/assets/374/317/317374.png,https://www.on3.com/db/jeremiah-patterson-60178/,portal_wire_football_2026
Tychaun Chapman,WR,Southern Miss Golden Eagles,Memphis Tigers,Committed,0,3.0,87.0,666.0,131.0,2022,2026-01-03T16:47:00,https://on3static.com/uploads/assets/777/87/87777.jpg,https://www.on3.com/db/tychaun-chapman-117177/,portal_wire_football_2026
Rex Haynes,WR,Arizona Wildcats,,Entered,0,,,,,2022,2026-01-03T16:46:00,https://on3static.com/uploads/assets/443/217/217443.png,https://www.on3.com/db/rex-haynes-99714/,portal_wire_football_2026
Drew Mestemaker,QB,North Texas Mean Green,Oklahoma State Cowboys,Committed,2489858,4.0,94.0,13.0,4.0,2024,2026-01-03T16:38:00,https://on3static.com/uploads/assets/946/510/510946.png,https://www.on3.com/db/drew-mestemaker-269959/,portal_wire_football_2026
Dylan Flowers,CB,Western Kentucky Hilltoppers,Duke Blue Devils,Committed,0,3.0,87.0,658.0,101.0,2021,2026-01-03T16:30:00,https://on3static.com/uploads/assets/381/419/419381.png,https://www.on3.com/db/dylan-flowers-160612/,portal_wire_football_2026
Daveion Harley,IOL,California Golden Bears,,Expected,0,3.0,81.0,2946.0,243.0,2023,2026-01-03T15:56:00,https://on3static.com/uploads/assets/245/181/181245.png,https://www.on3.com/db/daveion-harley-152579/,portal_wire_football_2026
Nehemiah Chandler,CB,South Alabama Jaguars,Florida State Seminoles,Committed,0,3.0,89.0,241.0,22.0,2024,2026-01-03T15:54:00,https://on3static.com/uploads/assets/497/333/333497.png,https://www.on3.com/db/nehemiah-chandler-176361/,portal_wire_football_2026
Tavion Wallace,LB,Arkansas Razorbacks,Kentucky Wildcats,Committed,0,3.0,87.0,523.0,63.0,2025,2026-01-03T15:37:00,https://on3static.com/uploads/assets/96/320/320096.jpg,https://www.on3.com/db/tavion-wallace-158753/,portal_wire_football_2026
Belay Brummel,QB,California Golden Bears,,Expected,0,3.0,81.0,2938.0,202.0,2023,2026-01-03T15:22:00,https://on3static.com/uploads/assets/216/314/314216.png,https://www.on3.com/db/belay-brummel-176755/,portal_wire_football_2026
Cayden Bowie,IOL,Houston Cougars,,Expected,0,,,,,2023,2026-01-03T14:46:00,https://on3static.com/uploads/assets/391/223/223391.png,https://www.on3.com/db/cayden-bowie-19218/,portal_wire_football_2026
Tristan Exline,LB,Texas-Permian Basin Falcons,Iowa State Cyclones,Committed,0,3.0,87.0,1831.0,101.0,2023,2026-01-03T14:25:00,https://on3static.com/uploads/assets/567/571/571567.png,https://www.on3.com/db/tristan-exline-283382/,portal_wire_football_2026
Benjamin Brahmer,TE,Iowa State Cyclones,Penn State Nittany Lions,Committed,572233,4.0,91.0,32.0,1.0,2023,2026-01-03T14:23:00,https://on3static.com/uploads/assets/375/576/576375.png,https://www.on3.com/db/benjamin-brahmer-10118/,portal_wire_football_2026
Will LeBlanc,DL,Texas-Permian Basin Falcons,West Virginia Mountaineers,Committed,0,3.0,86.0,2361.0,215.0,2024,2026-01-03T14:16:00,https://on3static.com/uploads/assets/778/576/576778.png,https://www.on3.com/db/will-leblanc-283544/,portal_wire_football_2026
Carson Van Dinter,S,Iowa State Cyclones,Wisconsin Badgers,Committed,0,3.0,85.0,2110.0,193.0,2024,2026-01-03T13:54:00,https://on3static.com/uploads/assets/834/576/576834.png,https://www.on3.com/db/carson-van-dinter-179410/,portal_wire_football_2026
Houston Thomas,TE,UTSA Roadrunners,Texas A&M Aggies,Committed,0,3.0,88.0,973.0,22.0,2022,2026-01-03T13:46:00,https://on3static.com/uploads/assets/208/579/579208.png,https://www.on3.com/db/houston-thomas-48257/,portal_wire_football_2026
Jamauri Brice,WR,Georgia Tech Yellow Jackets,,Entered,0,3.0,85.0,2193.0,280.0,2025,2026-01-03T13:33:00,https://on3static.com/uploads/assets/284/197/197284.png,https://www.on3.com/db/jamauri-brice-176377/,portal_wire_football_2026
Paris Patterson,IOL,SMU Mustangs,,Entered,0,3.0,86.0,1500.0,165.0,2023,2026-01-03T13:19:00,https://on3static.com/uploads/assets/968/303/303968.png,https://www.on3.com/db/paris-patterson-94971/,portal_wire_football_2026
Dazmin James,WR,California Golden Bears,,Entered,0,3.0,81.0,2945.0,415.0,2023,2026-01-03T13:06:00,https://on3static.com/uploads/assets/972/303/303972.png,https://www.on3.com/db/dazmin-james-235790/,portal_wire_football_2026
Locklan Hewlett,QB,USF Bulls,Auburn Tigers,Committed,0,3.0,85.0,2160.0,124.0,2025,2026-01-03T12:07:00,https://on3static.com/uploads/assets/831/119/119831.jpg,https://www.on3.com/db/locklan-hewlett-156099/,portal_wire_football_2026
Dinellson Exume,DL,USF Bulls,,Entered,0,,,,,2024,2026-01-03T12:03:00,https://on3static.com/uploads/assets/782/338/338782.png,https://www.on3.com/db/dinellson-exume-37112/,portal_wire_football_2026
Matt Vezza,QB,New Hampshire Wildcats,,Entered,0,,,,,2023,2026-01-03T11:49:00,https://on3static.com/uploads/assets/803/579/579803.png,https://www.on3.com/db/matt-vezza-283619/,portal_wire_football_2026
Rahmir Stewart,CB,Nebraska Cornhuskers,,Entered,0,3.0,85.0,2178.0,265.0,2023,2026-01-03T11:32:00,https://on3static.com/uploads/assets/440/333/333440.png,https://www.on3.com/db/rahmir-stewart-98004/,portal_wire_football_2026
Ashton Bracewell,LB,Florida State Seminoles,,Expected,0,3.0,81.0,2937.0,272.0,2023,2026-01-03T11:07:00,https://on3static.com/uploads/assets/420/472/472420.png,https://www.on3.com/db/ashton-bracewell-159074/,portal_wire_football_2026
Jaylen Blackwell,LB,Boston College Eagles,,Entered,0,,,,,2021,2026-01-03T11:04:00,https://on3static.com/uploads/assets/200/16/16200.jpeg,https://www.on3.com/db/jaylen-blackwell-58811/,portal_wire_football_2026
Derrick Davis Jr.,RB,Pittsburgh Panthers,,Entered,0,,,,,2021,2026-01-03T10:30:00,https://on3static.com/uploads/assets/654/18/18654.png,https://www.on3.com/db/derrick-davis-jr-35050/,portal_wire_football_2026
Nolan Akins,LS,SMU Mustangs,Oklahoma State Cowboys,Committed,0,3.0,80.0,3118.0,31.0,2025,2026-01-03T09:32:00,https://on3static.com/uploads/assets/311/590/590311.png,https://www.on3.com/db/nolan-akins-245765/,portal_wire_football_2026
Caden Yates,LS,North Texas Mean Green,Oklahoma State Cowboys,Committed,0,3.0,80.0,3130.0,25.0,0,2026-01-03T09:30:00,https://on3static.com/uploads/assets/243/586/586243.PNG,https://www.on3.com/db/caden-yates-237437/,portal_wire_football_2026
Lachie Pozzobon,P,Stephen F. Austin Lumberjacks,Oklahoma State Cowboys,Committed,0,3.0,80.0,3113.0,23.0,0,2026-01-03T09:20:00,https://on3static.com/uploads/assets/241/586/586241.png,https://www.on3.com/db/lachie-pozzobon-283977/,portal_wire_football_2026
Talan Chandler,IOL,Northwestern Wildcats,,Entered,0,3.0,85.0,2181.0,181.0,2024,2026-01-03T09:15:00,https://on3static.com/uploads/assets/78/443/443078.png,https://www.on3.com/db/talan-chandler-109927/,portal_wire_football_2026
Micah Mosley,EDGE,Sacramento State Hornets,Fresno State Bulldogs,Committed,0,3.0,85.0,2179.0,172.0,2025,2026-01-02T22:21:00,https://on3static.com/uploads/assets/890/578/578890.png,https://www.on3.com/db/micah-mosley-283589/,portal_wire_football_2026
Mason Miller,LB,Iowa State Cyclones,North Dakota Fighting Hawks,Committed,0,3.0,83.0,2723.0,253.0,2024,2026-01-02T22:10:00,https://on3static.com/uploads/assets/723/313/313723.png,https://www.on3.com/db/mason-miller-154415/,portal_wire_football_2026
Keldric Luster,QB,Texas State Bobcats,,Entered,0,3.0,83.0,2742.0,189.0,2023,2026-01-02T22:09:00,https://on3static.com/uploads/assets/184/219/219184.jpg,https://www.on3.com/db/keldric-luster-72327/,portal_wire_football_2026
Cam Thompson,WR,Mississippi State Bulldogs,Northern Illinois Huskies,Committed,0,3.0,82.0,2815.0,408.0,2022,2026-01-02T21:58:00,https://on3static.com/uploads/assets/99/398/398099.jpg,https://www.on3.com/db/cam-thompson-236980/,portal_wire_football_2026
Jaron Thomas,RB,Purdue Boilermakers,Minnesota Golden Gophers,Committed,0,3.0,86.0,1882.0,163.0,2025,2026-01-02T21:50:00,https://on3static.com/uploads/assets/872/407/407872.png,https://www.on3.com/db/jaron-thomas-241301/,portal_wire_football_2026
Troy Ford,LB,UCF Knights,,Expected,0,3.0,84.0,2535.0,218.0,2023,2026-01-02T21:47:00,https://on3static.com/uploads/assets/711/564/564711.PNG,https://www.on3.com/db/troy-ford-116621/,portal_wire_football_2026
Donovan Nevils,DL,Memphis Tigers,,Entered,0,3.0,81.0,2943.0,321.0,2023,2026-01-02T21:09:00,https://on3static.com/uploads/assets/607/214/214607.jpeg,https://www.on3.com/db/donovan-nevils-156443/,portal_wire_football_2026
Kyndall McKenzie,IOL,Memphis Tigers,,Entered,0,3.0,81.0,2941.0,236.0,2022,2026-01-02T21:05:00,https://on3static.com/uploads/assets/458/214/214458.jpeg,https://www.on3.com/db/kyndall-mckenzie-146190/,portal_wire_football_2026
Malcolm Reed,S,North Carolina Central Eagles,,Entered,0,,,,,2022,2026-01-02T20:47:00,https://on3static.com/uploads/assets/87/580/580087.png,https://www.on3.com/db/malcolm-reed-205077/,portal_wire_football_2026
Tyler McMillan,IOL,Illinois Fighting Illini,,Entered,0,3.0,87.0,701.0,103.0,2021,2026-01-02T20:35:00,https://on3static.com/uploads/assets/275/441/441275.png,https://www.on3.com/db/tyler-mcmillan-117844/,portal_wire_football_2026
Carson Cruver,QB,Florida Atlantic Owls,,Entered,0,,,,,2023,2026-01-02T20:05:00,https://on3static.com/uploads/assets/410/585/585410.png,https://www.on3.com/db/carson-cruver-237219/,portal_wire_football_2026
Jameel Croft,CB,Kansas Jayhawks,,Entered,0,3.0,85.0,2032.0,266.0,2023,2026-01-02T19:31:00,https://on3static.com/uploads/assets/258/308/308258.png,https://www.on3.com/db/jameel-croft-55223/,portal_wire_football_2026
Kaden Cook,CB,California Golden Bears,,Entered,0,3.0,83.0,2741.0,314.0,2025,2026-01-02T19:03:00,https://on3static.com/uploads/assets/511/236/236511.jpg,https://www.on3.com/db/kaden-cook-175433/,portal_wire_football_2026
Amarion York,CB,Oregon State Beavers,,Entered,0,3.0,85.0,2190.0,273.0,2022,2026-01-02T18:47:00,https://on3static.com/uploads/assets/804/270/270804.png,https://www.on3.com/db/amarion-york-4225/,portal_wire_football_2026
Joshua Manecke,OT,Army Black Knights,,Entered,0,3.0,81.0,2930.0,227.0,2024,2026-01-02T17:35:00,,https://www.on3.com/db/joshua-manecke-180988/,portal_wire_football_2026
Aundre Gibson,CB,Kansas Jayhawks,,Entered,0,3.0,85.0,2089.0,278.0,2024,2026-01-02T17:33:00,https://on3static.com/uploads/assets/389/160/160389.jpg,https://www.on3.com/db/aundre-gibson-152999/,portal_wire_football_2026
Seth Weller,WR,Baylor Bears,,Entered,0,,,,,0,2026-01-02T16:46:00,https://on3static.com/uploads/assets/52/336/336052.png,https://www.on3.com/db/seth-weller-244849/,portal_wire_football_2026
Greydon Grimes,OT,Kansas Jayhawks,,Entered,0,3.0,83.0,2437.0,213.0,2024,2026-01-02T16:32:00,https://on3static.com/uploads/assets/1/571/571001.png,https://www.on3.com/db/greydon-grimes-157904/,portal_wire_football_2026
Ashton Logan,P,Middle Tennessee State Blue Raiders,,Entered,0,,,,,2022,2026-01-02T16:32:00,https://on3static.com/uploads/assets/982/331/331982.png,https://www.on3.com/db/ashton-logan-7901/,portal_wire_football_2026
Jacoby Davis,CB,Kansas Jayhawks,,Entered,0,3.0,85.0,2092.0,272.0,2023,2026-01-02T16:31:00,https://on3static.com/uploads/assets/263/308/308263.png,https://www.on3.com/db/jacoby-davis-52362/,portal_wire_football_2026
Kene Anene,OT,Kansas Jayhawks,,Entered,0,3.0,86.0,1491.0,148.0,2024,2026-01-02T15:58:00,https://on3static.com/uploads/assets/520/236/236520.jpeg,https://www.on3.com/db/kene-anene-177861/,portal_wire_football_2026
Mond Cole,DL,Memphis Tigers,,Entered,0,3.0,83.0,2740.0,297.0,2022,2026-01-02T15:53:00,,https://www.on3.com/db/mond-cole-25384/,portal_wire_football_2026
TJ Holmes,WR,Memphis Tigers,,Entered,0,3.0,81.0,2936.0,430.0,2023,2026-01-02T15:31:00,https://on3static.com/uploads/assets/310/483/483310.png,https://www.on3.com/db/tj-holmes-261574/,portal_wire_football_2026
Buddha Garrett,S,Tulsa Golden Hurricane,,Entered,0,3.0,85.0,2162.0,214.0,2024,2026-01-02T15:30:00,https://on3static.com/uploads/assets/290/484/484290.png,https://www.on3.com/db/buddha-garrett-163366/,portal_wire_football_2026
Larry Jones,EDGE,Liberty Flames,,Entered,0,3.0,83.0,2734.0,215.0,2023,2026-01-02T15:28:00,https://on3static.com/uploads/assets/73/47/47073.jpeg,https://www.on3.com/db/larry-jones-145680/,portal_wire_football_2026
Rayshawn Glover,WR,Utah Utes,,Entered,0,3.0,82.0,2843.0,412.0,2022,2026-01-02T15:25:00,,https://www.on3.com/db/rayshawn-glover-99077/,portal_wire_football_2026
Isaiah Myers,WR,Western Kentucky Hilltoppers,,Entered,0,3.0,85.0,2163.0,326.0,2022,2026-01-02T15:23:00,https://on3static.com/uploads/assets/851/407/407851.png,https://www.on3.com/db/isaiah-myers-238328/,portal_wire_football_2026
Selman Bridges,CB,Arkansas Razorbacks,,Entered,0,3.0,86.0,1468.0,155.0,2024,2026-01-02T15:22:00,https://on3static.com/uploads/assets/912/303/303912.png,https://www.on3.com/db/selman-bridges-155997/,portal_wire_football_2026
Jackson Courville,K,Ohio State Buckeyes,,Entered,0,3.0,80.0,3019.0,15.0,2023,2026-01-02T15:22:00,https://on3static.com/uploads/assets/993/443/443993.jpg,https://www.on3.com/db/jackson-courville-250983/,portal_wire_football_2026
Desmond Jackson,IOL,Coastal Carolina Chanticleers,,Entered,0,3.0,86.0,1479.0,163.0,2024,2026-01-02T15:21:00,https://on3static.com/uploads/assets/29/297/297029.png,https://www.on3.com/db/desmond-jackson-162337/,portal_wire_football_2026
Zachary Taylor,WR,Arkansas Razorbacks,,Entered,0,3.0,81.0,2928.0,419.0,2024,2026-01-02T15:19:00,https://on3static.com/uploads/assets/376/317/317376.png,https://www.on3.com/db/zachary-taylor-236906/,portal_wire_football_2026
Floyd Chalk,RB,San Jose State Spartans,,Entered,0,3.0,87.0,689.0,61.0,2022,2026-01-02T15:19:00,,https://www.on3.com/db/floyd-chalk-43857/,portal_wire_football_2026
Issac Covington,S,Tulsa Golden Hurricane,,Entered,0,3.0,84.0,2531.0,253.0,2024,2026-01-02T15:17:00,https://on3static.com/uploads/assets/862/144/144862.png,https://www.on3.com/db/issac-covington-176131/,portal_wire_football_2026
Gekyle Baker,WR,TCU Horned Frogs,,Entered,0,3.0,86.0,1478.0,260.0,2024,2026-01-02T15:17:00,https://on3static.com/uploads/assets/644/107/107644.jpeg,https://www.on3.com/db/gekyle-baker-155433/,portal_wire_football_2026
Axel Ramazani,EDGE,Wyoming Cowboys,,Entered,0,3.0,83.0,2732.0,207.0,2025,2026-01-02T15:16:00,https://on3static.com/uploads/assets/288/295/295288.jpg,https://www.on3.com/db/axel-ramazani-240960/,portal_wire_football_2026
Sione Hingano,OT,BYU Cougars,,Entered,0,3.0,81.0,2929.0,226.0,2021,2026-01-02T15:15:00,,https://www.on3.com/db/sione-hingano-107579/,portal_wire_football_2026
Rodney Hill,RB,Arkansas Razorbacks,,Entered,0,3.0,85.0,2169.0,175.0,2022,2026-01-02T15:15:00,https://on3static.com/uploads/assets/168/242/242168.jpeg,https://www.on3.com/db/rodney-hill-101717/,portal_wire_football_2026
Chenellson Exume,DL,Florida Atlantic Owls,,Entered,0,3.0,83.0,2736.0,300.0,2024,2026-01-02T15:15:00,https://on3static.com/uploads/assets/783/338/338783.png,https://www.on3.com/db/chenellson-exume-153157/,portal_wire_football_2026
Ben Dutton,TE,Ball State Cardinals,,Entered,0,3.0,81.0,2935.0,164.0,2023,2026-01-02T15:14:00,https://on3static.com/uploads/assets/676/319/319676.png,https://www.on3.com/db/ben-dutton-153951/,portal_wire_football_2026
Ryland Jessee,QB,Michigan State Spartans,,Entered,0,3.0,84.0,2528.0,175.0,2024,2026-01-02T15:11:00,https://on3static.com/uploads/assets/624/269/269624.png,https://www.on3.com/db/ryland-jessee-145585/,portal_wire_football_2026
Aaron Alexander,LB,Arkansas State Red Wolves,,Entered,0,3.0,88.0,1460.0,28.0,2022,2026-01-02T15:08:00,https://on3static.com/uploads/assets/180/235/235180.png,https://www.on3.com/db/aaron-alexander-147006/,portal_wire_football_2026
Danny Saili,DL,Arkansas Razorbacks,,Entered,0,3.0,86.0,1481.0,144.0,2022,2026-01-02T15:08:00,https://on3static.com/uploads/assets/894/198/198894.jpg,https://www.on3.com/db/danny-saili-236117/,portal_wire_football_2026
Joseph Sipp,LB,Kansas Jayhawks,,Entered,0,3.0,87.0,695.0,86.0,2022,2026-01-02T15:07:00,https://on3static.com/uploads/assets/863/393/393863.png,https://www.on3.com/db/joseph-sipp-66680/,portal_wire_football_2026
Gio Kafentzis,S,Utah State Aggies,,Entered,0,3.0,83.0,2738.0,262.0,2024,2026-01-02T15:04:00,,https://www.on3.com/db/gio-kafentzis-145779/,portal_wire_football_2026
Jaylen Bowden,CB,Minnesota Golden Gophers,,Entered,0,3.0,87.0,679.0,102.0,2023,2026-01-02T15:03:00,https://on3static.com/uploads/assets/474/393/393474.png,https://www.on3.com/db/jaylen-bowden-145851/,portal_wire_football_2026
Sam Jackson,WR,Oklahoma State Cowboys,,Entered,0,3.0,86.0,1469.0,259.0,2021,2026-01-02T15:02:00,https://on3static.com/uploads/assets/360/400/400360.png,https://www.on3.com/db/sam-jackson-144064/,portal_wire_football_2026
Denell Nix,IOL,Appalachian State Mountaineers,,Entered,0,0.0,,,,2025,2026-01-02T14:55:00,https://on3static.com/uploads/assets/452/412/412452.png,https://www.on3.com/db/denell-nix-246325/,portal_wire_football_2026
Michael Merdinger,QB,Liberty Flames,Minnesota Golden Gophers,Committed,0,3.0,86.0,1834.0,96.0,2024,2026-01-02T14:53:00,https://on3static.com/uploads/assets/315/396/396315.jpg,https://www.on3.com/db/michael-merdinger-152381/,portal_wire_football_2026
Caleb Redd,EDGE,Kansas Jayhawks,,Entered,0,3.0,85.0,2082.0,183.0,2024,2026-01-02T14:51:00,https://on3static.com/uploads/assets/410/182/182410.jpg,https://www.on3.com/db/caleb-redd-158303/,portal_wire_football_2026
Harry Stewart,RB,Kansas Jayhawks,,Entered,0,3.0,86.0,1324.0,150.0,2024,2026-01-02T14:50:00,https://on3static.com/uploads/assets/255/308/308255.png,https://www.on3.com/db/harry-stewart-47673/,portal_wire_football_2026
Darion Rivers,OT,NC State Wolfpack,,Expected,0,3.0,86.0,1482.0,114.0,2023,2026-01-02T14:47:00,https://on3static.com/uploads/assets/581/225/225581.png,https://www.on3.com/db/darion-rivers-150422/,portal_wire_football_2026
Travon Pankey,RB,Washington State Cougars,,Entered,0,3.0,83.0,2728.0,210.0,2025,2026-01-02T14:42:00,https://on3static.com/uploads/assets/315/408/408315.png,https://www.on3.com/db/travon-pankey-242901/,portal_wire_football_2026
Quentavius Scandrett,S,Arkansas Razorbacks,,Entered,0,3.0,87.0,684.0,78.0,2021,2026-01-02T14:42:00,https://on3static.com/uploads/assets/157/392/392157.jpg,https://www.on3.com/db/quentavius-scandrett-97216/,portal_wire_football_2026
Parker Stone,LS,Tulsa Golden Hurricane,,Entered,0,3.0,80.0,3023.0,40.0,2021,2026-01-02T14:41:00,https://on3static.com/uploads/assets/443/475/475443.png,https://www.on3.com/db/parker-stone-261344/,portal_wire_football_2026
Titus Miller,DL,Washington State Cougars,,Entered,0,3.0,83.0,2739.0,312.0,2024,2026-01-02T14:40:00,https://on3static.com/uploads/assets/706/337/337706.png,https://www.on3.com/db/titus-miller-180558/,portal_wire_football_2026
Latristan Thompson,CB,Utah Utes,,Entered,0,3.0,86.0,1484.0,231.0,2024,2026-01-02T14:36:00,https://on3static.com/uploads/assets/946/226/226946.png,https://www.on3.com/db/latristan-thompson-78485/,portal_wire_football_2026
Dan Rosenberg,LS,Michigan Wolverines,,Entered,0,3.0,80.0,3022.0,39.0,2023,2026-01-02T14:35:00,https://on3static.com/uploads/assets/581/392/392581.png,https://www.on3.com/db/dan-rosenberg-152281/,portal_wire_football_2026
Tavian Coleman,DL,Colorado Buffaloes,,Entered,0,3.0,87.0,680.0,129.0,2021,2026-01-02T14:34:00,https://on3static.com/uploads/assets/411/401/401411.png,https://www.on3.com/db/tavian-coleman-150572/,portal_wire_football_2026
Elijah Pratt,S,SMU Mustangs,,Entered,0,,,,,2025,2026-01-02T14:34:00,https://on3static.com/uploads/assets/589/316/316589.jpg,https://www.on3.com/db/elijah-pratt-179789/,portal_wire_football_2026
Lanar Kelley Jr.,S,New Mexico State Aggies,,Entered,0,3.0,81.0,2931.0,270.0,2022,2026-01-02T14:33:00,,https://www.on3.com/db/lanar-kelley-jr-240656/,portal_wire_football_2026
Blake Ford,K,Arkansas Razorbacks,,Entered,0,3.0,80.0,3025.0,45.0,2022,2026-01-02T14:33:00,https://on3static.com/uploads/assets/897/163/163897.jpg,https://www.on3.com/db/blake-ford-10841/,portal_wire_football_2026
Christian White,CB,Florida State Seminoles,,Entered,0,,,,,2022,2026-01-02T14:33:00,https://on3static.com/uploads/assets/263/242/242263.jpeg,https://www.on3.com/db/christian-white-163511/,portal_wire_football_2026
Jacorey Stewart,LB,Kansas Jayhawks,,Entered,0,3.0,85.0,1974.0,205.0,2024,2026-01-02T14:32:00,https://on3static.com/uploads/assets/401/130/130401.png,https://www.on3.com/db/jacorey-stewart-174933/,portal_wire_football_2026
Charlie Durkin,K,Kent State Golden Flashes,,Entered,0,3.0,80.0,3024.0,39.0,2022,2026-01-02T14:32:00,,https://www.on3.com/db/charlie-durkin-179329/,portal_wire_football_2026
Edward Rhambo,CB,Nevada Wolf Pack,,Entered,0,3.0,87.0,681.0,89.0,0,2026-01-02T14:30:00,https://on3static.com/uploads/assets/190/391/391190.png,https://www.on3.com/db/edward-rhambo-206367/,portal_wire_football_2026
Dimitri Madden,DL,Akron Zips,,Entered,0,3.0,84.0,2530.0,283.0,2021,2026-01-02T14:29:00,https://on3static.com/uploads/assets/275/127/127275.jpeg,https://www.on3.com/db/dimitri-madden-174788/,portal_wire_football_2026
Davion Pritchard,CB,Pittsburgh Panthers,,Entered,0,3.0,85.0,2171.0,271.0,2024,2026-01-02T14:24:00,https://on3static.com/uploads/assets/755/333/333755.png,https://www.on3.com/db/davion-pritchard-175225/,portal_wire_football_2026
Samuel Carpenter,K,Pittsburgh Panthers,,Entered,0,3.0,80.0,3020.0,31.0,2023,2026-01-02T14:23:00,https://on3static.com/uploads/assets/545/308/308545.png,https://www.on3.com/db/samuel-carpenter-153674/,portal_wire_football_2026
David Lynch,QB,Pittsburgh Panthers,,Entered,0,3.0,81.0,2934.0,201.0,0,2026-01-02T14:22:00,https://on3static.com/uploads/assets/486/308/308486.png,https://www.on3.com/db/david-lynch-228590/,portal_wire_football_2026
Isaac Rue,OT,Middle Tennessee State Blue Raiders,,Entered,0,3.0,81.0,2927.0,225.0,2023,2026-01-02T14:21:00,,https://www.on3.com/db/isaac-rue-158788/,portal_wire_football_2026
Markel James,LB,Middle Tennessee State Blue Raiders,,Entered,0,3.0,81.0,2932.0,273.0,2023,2026-01-02T14:21:00,https://on3static.com/uploads/assets/577/47/47577.jpeg,https://www.on3.com/db/markel-james-151468/,portal_wire_football_2026
Jackson Murray,DL,Colorado State Rams,,Entered,0,3.0,81.0,2926.0,325.0,2025,2026-01-02T14:20:00,,https://www.on3.com/db/jackson-murray-243170/,portal_wire_football_2026
Avery Helm,CB,TCU Horned Frogs,,Entered,0,3.0,86.0,1475.0,216.0,2020,2026-01-02T14:18:00,https://on3static.com/uploads/dev/assets/345/2/2345.jpg,https://www.on3.com/db/avery-helm-8915/,portal_wire_football_2026
Jordan McCants,WR,West Virginia Mountaineers,,Entered,0,3.0,83.0,2731.0,388.0,2022,2026-01-02T14:16:00,https://on3static.com/uploads/assets/260/181/181260.png,https://www.on3.com/db/jordan-mccants-65720/,portal_wire_football_2026
Maysan Neubauer,OT,UNLV Rebels,,Entered,0,3.0,81.0,2925.0,224.0,2022,2026-01-02T14:15:00,https://on3static.com/uploads/assets/211/414/414211.png,https://www.on3.com/db/maysan-neubauer-249466/,portal_wire_football_2026
Derek Joiner,IOL,Houston Cougars,,Entered,0,3.0,84.0,2525.0,195.0,2024,2026-01-02T14:13:00,https://on3static.com/uploads/assets/747/139/139747.png,https://www.on3.com/db/derek-joiner-158998/,portal_wire_football_2026
Chris Jackson,CB,Colorado State Rams,,Entered,0,3.0,83.0,2737.0,321.0,2021,2026-01-02T14:12:00,,https://www.on3.com/db/chris-jackson-145226/,portal_wire_football_2026
DiAndre Harris,S,Connecticut Huskies,,Entered,0,3.0,84.0,2529.0,252.0,2021,2026-01-02T14:11:00,https://on3static.com/uploads/assets/539/469/469539.png,https://www.on3.com/db/diandre-harris-36878/,portal_wire_football_2026
Mateo Guevara,OT,Middle Tennessee State Blue Raiders,,Entered,0,3.0,87.0,682.0,77.0,2022,2026-01-02T14:10:00,https://on3static.com/uploads/assets/114/26/26114.png,https://www.on3.com/db/mateo-guevara-84983/,portal_wire_football_2026
Jaden Landrum,LB,Colorado State Rams,,Entered,0,3.0,84.0,2527.0,241.0,2024,2026-01-02T14:08:00,https://on3static.com/uploads/assets/580/147/147580.png,https://www.on3.com/db/jaden-landrum-174669/,portal_wire_football_2026
Logan Brantley,LB,Kansas Jayhawks,,Entered,0,3.0,84.0,2433.0,231.0,2023,2026-01-02T14:07:00,https://on3static.com/uploads/assets/905/225/225905.png,https://www.on3.com/db/logan-brantley-151529/,portal_wire_football_2026
Canaan Williams,LB,Kent State Golden Flashes,,Entered,0,3.0,87.0,692.0,91.0,2022,2026-01-02T14:07:00,https://on3static.com/uploads/assets/404/76/76404.jpeg,https://www.on3.com/db/canaan-williams-18273/,portal_wire_football_2026
Davis Dotson,IOL,Oklahoma State Cowboys,,Entered,0,3.0,84.0,2526.0,210.0,2022,2026-01-02T14:06:00,https://on3static.com/uploads/assets/628/226/226628.png,https://www.on3.com/db/davis-dotson-147800/,portal_wire_football_2026
Josiah Dye,S,Southern Utah Thunderbirds,,Entered,0,3.0,81.0,2942.0,277.0,2023,2026-01-02T14:03:00,https://on3static.com/uploads/assets/187/391/391187.png,https://www.on3.com/db/josiah-dye-156547/,portal_wire_football_2026
Collin Rogers,K,SMU Mustangs,,Entered,0,,,,,2022,2026-01-02T13:37:00,https://on3static.com/uploads/assets/210/219/219210.jpg,https://www.on3.com/db/collin-rogers-150379/,portal_wire_football_2026
Nyier Daniels,OT,Georgia Bulldogs,,Entered,0,3.0,87.0,683.0,52.0,2024,2026-01-02T13:31:00,https://on3static.com/uploads/assets/152/75/75152.png,https://www.on3.com/db/nyier-daniels-155089/,portal_wire_football_2026
Eli Samples,IOL,Charlotte 49ers,,Entered,0,3.0,85.0,2168.0,187.0,2022,2026-01-02T13:28:00,https://on3static.com/uploads/assets/861/213/213861.jpeg,https://www.on3.com/db/eli-samples-146029/,portal_wire_football_2026
Wes Tucker,IOL,Baylor Bears,,Entered,0,3.0,85.0,2167.0,186.0,2023,2026-01-02T13:27:00,https://on3static.com/uploads/assets/52/209/209052.jpeg,https://www.on3.com/db/wes-tucker-120404/,portal_wire_football_2026
Jordan McIntyre,WR,Colorado State Rams,,Entered,0,3.0,84.0,2533.0,377.0,2021,2026-01-02T13:23:00,https://on3static.com/uploads/assets/661/311/311661.png,https://www.on3.com/db/jordan-mcintyre-65738/,portal_wire_football_2026
Jahzae Kimbrough,WR,Kent State Golden Flashes,,Entered,0,3.0,84.0,2532.0,339.0,2023,2026-01-02T13:21:00,,https://www.on3.com/db/jahzae-kimbrough-176580/,portal_wire_football_2026
Zebulin Kinsey,QB,Cincinnati Bearcats,,Entered,0,3.0,85.0,2165.0,126.0,2025,2026-01-02T13:19:00,https://on3static.com/uploads/assets/375/241/241375.png,https://www.on3.com/db/zebulin-kinsey-235897/,portal_wire_football_2026
Kalib Hicks,RB,Oklahoma State Cowboys,,Entered,0,3.0,84.0,2524.0,194.0,2023,2026-01-02T13:19:00,https://on3static.com/uploads/assets/241/209/209241.jpeg,https://www.on3.com/db/kalib-hicks-70807/,portal_wire_football_2026
Ja'Darious Morris,DL,Middle Tennessee State Blue Raiders,,Entered,0,3.0,81.0,2933.0,326.0,2023,2026-01-02T13:19:00,,https://www.on3.com/db/jadarious-morris-177274/,portal_wire_football_2026
Marcus McKenzie,CB,BYU Cougars,,Entered,0,3.0,83.0,2713.0,312.0,2022,2026-01-02T13:18:00,https://on3static.com/uploads/assets/438/226/226438.png,https://www.on3.com/db/marcus-mckenzie-82859/,portal_wire_football_2026
TaRyan Martin,RB,Kent State Golden Flashes,,Entered,0,3.0,84.0,2518.0,199.0,2025,2026-01-02T13:16:00,https://on3static.com/uploads/assets/560/253/253560.png,https://www.on3.com/db/taryan-martin-154924/,portal_wire_football_2026
Seth Wilfred,OT,Auburn Tigers,,Entered,0,3.0,86.0,1249.0,129.0,2023,2026-01-02T13:15:00,https://on3static.com/uploads/assets/650/303/303650.png,https://www.on3.com/db/seth-wilfred-238156/,portal_wire_football_2026
Malachi Harris,IOL,Auburn Tigers,,Entered,0,3.0,83.0,2725.0,225.0,2024,2026-01-02T13:14:00,https://on3static.com/uploads/assets/857/470/470857.png,https://www.on3.com/db/malachi-harris-152965/,portal_wire_football_2026
Langston Lewis,WR,Central Michigan Chippewas,,Entered,0,3.0,87.0,663.0,98.0,2022,2026-01-02T13:10:00,,https://www.on3.com/db/langston-lewis-146249/,portal_wire_football_2026
Jaydon Smith,S,North Texas Mean Green,,Entered,0,3.0,85.0,2157.0,215.0,2024,2026-01-02T13:09:00,https://on3static.com/uploads/assets/997/177/177997.png,https://www.on3.com/db/jaydon-smith-162758/,portal_wire_football_2026
Drew Rodriguez,LB,Colorado State Rams,,Entered,0,3.0,83.0,2724.0,254.0,2023,2026-01-02T13:06:00,,https://www.on3.com/db/drew-rodriguez-39164/,portal_wire_football_2026
Jaden Hamm,TE,Kansas Jayhawks,,Entered,0,3.0,86.0,1193.0,90.0,2023,2026-01-02T13:00:00,https://on3static.com/uploads/assets/773/165/165773.png,https://www.on3.com/db/jaden-hamm-52612/,portal_wire_football_2026
Johnny Thompson Jr.,RB,Kansas Jayhawks,,Entered,0,3.0,85.0,2010.0,191.0,2023,2026-01-02T13:00:00,https://on3static.com/uploads/assets/257/308/308257.png,https://www.on3.com/db/johnny-thompson-jr-147119/,portal_wire_football_2026
Damani Maxson,S,Kansas Jayhawks,,Entered,0,3.0,86.0,1799.0,166.0,2024,2026-01-02T12:59:00,https://on3static.com/uploads/assets/253/308/308253.png,https://www.on3.com/db/damani-maxson-28393/,portal_wire_football_2026
Dane Sickler,OT,Central Michigan Chippewas,,Entered,0,3.0,81.0,2924.0,229.0,0,2026-01-02T12:54:00,,https://www.on3.com/db/dane-sickler-239364/,portal_wire_football_2026
Ryan Blum,IOL,Central Michigan Chippewas,,Entered,0,3.0,85.0,2150.0,182.0,2023,2026-01-02T12:54:00,,https://www.on3.com/db/ryan-blum-151757/,portal_wire_football_2026
Dylan Brooks,EDGE,Kansas Jayhawks,,Entered,0,3.0,85.0,2155.0,175.0,2021,2026-01-02T12:50:00,https://on3static.com/uploads/assets/757/18/18757.jpeg,https://www.on3.com/db/dylan-brooks-39802/,portal_wire_football_2026
Sani Tuala,EDGE,BYU Cougars,,Entered,0,3.0,85.0,2158.0,176.0,2023,2026-01-02T12:48:00,,https://www.on3.com/db/sani-tuala-239060/,portal_wire_football_2026
Hunter Albright,IOL,Saint Francis (PA) Red Flash,,Entered,0,,,,,2025,2026-01-02T12:47:00,https://on3static.com/uploads/assets/491/582/582491.png,https://www.on3.com/db/hunter-albright-283738/,portal_wire_football_2026
Camron Heard,WR,Oklahoma State Cowboys,,Entered,0,3.0,85.0,2142.0,300.0,2023,2026-01-02T12:46:00,https://on3static.com/uploads/assets/631/226/226631.png,https://www.on3.com/db/camron-heard-18240/,portal_wire_football_2026
Jaden Perez,WR,Oklahoma State Cowboys,,Entered,0,3.0,86.0,1450.0,171.0,2025,2026-01-02T12:46:00,https://on3static.com/uploads/assets/324/285/285324.jpg,https://www.on3.com/db/jaden-perez-154581/,portal_wire_football_2026
Fitzroy Ledgister,WR,Western Michigan Broncos,,Entered,0,3.0,81.0,2914.0,413.0,2022,2026-01-02T12:42:00,https://on3static.com/uploads/assets/589/176/176589.jpeg,https://www.on3.com/db/fitzroy-ledgister-151868/,portal_wire_football_2026
Cam Santee,LB,Holy Cross Crusaders,,Entered,0,,,,,2023,2026-01-02T12:39:00,https://on3static.com/uploads/assets/66/581/581066.png,https://www.on3.com/db/cam-santee-159199/,portal_wire_football_2026
Jackson Barton,CB,Nevada Wolf Pack,,Entered,0,3.0,81.0,2917.0,335.0,2024,2026-01-02T12:29:00,https://on3static.com/uploads/assets/25/147/147025.png,https://www.on3.com/db/jackson-barton-162063/,portal_wire_football_2026
Phoenix Moss,RB,Georgia State Panthers,Livingstone College Blue Bears,Committed,0,3.0,82.0,2842.0,224.0,2024,2026-01-02T12:22:00,https://on3static.com/uploads/assets/541/338/338541.png,https://www.on3.com/db/phoenix-moss-179864/,portal_wire_football_2026
Jacob Saurbeck,OT,Central Michigan Chippewas,,Entered,0,3.0,82.0,2841.0,219.0,2024,2026-01-02T12:20:00,https://on3static.com/uploads/assets/194/269/269194.png,https://www.on3.com/db/jacob-saurbeck-239413/,portal_wire_football_2026
Michael Cogoni,IOL,Coastal Carolina Chanticleers,,Entered,0,3.0,83.0,2715.0,227.0,2023,2026-01-02T12:17:00,https://on3static.com/uploads/assets/514/340/340514.png,https://www.on3.com/db/michael-cogoni-159253/,portal_wire_football_2026
Nate Merchant,LS,Coastal Carolina Chanticleers,,Entered,0,3.0,80.0,3017.0,37.0,2022,2026-01-02T12:17:00,https://on3static.com/uploads/assets/908/171/171908.png,https://www.on3.com/db/nate-merchant-150527/,portal_wire_football_2026
Aiden McComber,DL,Hawaii Rainbow Warriors,,Entered,0,3.0,83.0,2722.0,304.0,2023,2026-01-02T12:17:00,,https://www.on3.com/db/aiden-mccomber-156446/,portal_wire_football_2026
Zach Courtney,TE,Coastal Carolina Chanticleers,,Entered,0,3.0,83.0,2719.0,153.0,2022,2026-01-02T12:16:00,https://on3static.com/uploads/assets/471/245/245471.jpg,https://www.on3.com/db/zach-courtney-122651/,portal_wire_football_2026
Carter Schwartz,P,Louisville Cardinals,,Entered,0,,,,,2023,2026-01-02T12:13:00,https://on3static.com/uploads/assets/222/223/223222.png,https://www.on3.com/db/carter-schwartz-162533/,portal_wire_football_2026
Ashton Hollins,WR,Illinois Fighting Illini,,Entered,0,3.0,84.0,2506.0,328.0,2022,2026-01-02T12:11:00,https://on3static.com/uploads/assets/787/304/304787.png,https://www.on3.com/db/ashton-hollins-146068/,portal_wire_football_2026
Jeremiah Lomax,S,Connecticut Huskies,,Entered,0,3.0,83.0,2718.0,263.0,2022,2026-01-02T12:10:00,https://on3static.com/uploads/assets/529/469/469529.png,https://www.on3.com/db/jeremiah-lomax-261000/,portal_wire_football_2026
Patrick Keller,QB,Temple Owls,,Entered,0,3.0,81.0,2923.0,203.0,0,2026-01-02T12:05:00,,https://www.on3.com/db/patrick-keller-237053/,portal_wire_football_2026
Nahmier Robinson,WR,Memphis Tigers,,Entered,0,,,,,2023,2026-01-02T11:21:00,https://on3static.com/uploads/assets/307/242/242307.jpeg,https://www.on3.com/db/nahmier-robinson-90905/,portal_wire_football_2026
Joel Cordoba,S,Kent State Golden Flashes,,Entered,0,3.0,85.0,2146.0,219.0,2025,2026-01-02T11:13:00,https://on3static.com/uploads/assets/516/146/146516.png,https://www.on3.com/db/joel-cordoba-176307/,portal_wire_football_2026
Lavaka Taukeiaho,IOL,Oklahoma State Cowboys,,Entered,0,3.0,84.0,2507.0,194.0,2021,2026-01-02T11:12:00,https://on3static.com/uploads/assets/362/393/393362.png,https://www.on3.com/db/lavaka-taukeiaho-234628/,portal_wire_football_2026
Landry Cannon,IOL,Tulane Green Wave,,Entered,0,3.0,83.0,2717.0,216.0,2023,2026-01-02T11:09:00,https://on3static.com/uploads/assets/23/339/339023.png,https://www.on3.com/db/landry-cannon-158809/,portal_wire_football_2026
David Ndukwe,OT,Houston Cougars,,Entered,0,,,,,2020,2026-01-02T11:07:00,https://on3static.com/uploads/assets/587/578/578587.png,https://www.on3.com/db/david-ndukwe-31915/,portal_wire_football_2026
Bryce Rowe,CB,Central Michigan Chippewas,,Entered,0,3.0,84.0,2511.0,300.0,2024,2026-01-02T11:05:00,https://on3static.com/uploads/assets/749/13/13749.jpeg,https://www.on3.com/db/bryce-rowe-146425/,portal_wire_football_2026
Alex Broome,RB,Boston College Eagles,,Entered,0,,,,,2022,2026-01-02T11:05:00,https://on3static.com/uploads/assets/264/165/165264.png,https://www.on3.com/db/alex-broome-2864/,portal_wire_football_2026
Kye Stokes,S,Cincinnati Bearcats,,Entered,0,3.0,85.0,2145.0,218.0,2022,2026-01-02T10:39:00,https://on3static.com/uploads/assets/584/221/221584.jpeg,https://www.on3.com/db/kye-stokes-76331/,portal_wire_football_2026
Jett Vincent,S,Colorado State Rams,,Entered,0,3.0,83.0,2720.0,260.0,2023,2026-01-02T10:38:00,,https://www.on3.com/db/jett-vincent-162873/,portal_wire_football_2026
Dash Dorsey,WR,Kent State Golden Flashes,,Entered,0,3.0,81.0,2915.0,417.0,2023,2026-01-02T10:35:00,https://on3static.com/uploads/assets/155/65/65155.jpg,https://www.on3.com/db/dash-dorsey-153916/,portal_wire_football_2026
Zach Johnson,CB,Southeastern Louisiana Lions,,Entered,0,3.0,87.0,700.0,78.0,2023,2026-01-02T10:35:00,https://on3static.com/uploads/assets/53/579/579053.png,https://www.on3.com/db/zach-johnson-283596/,portal_wire_football_2026
Amos Talalele,IOL,Kansas State Wildcats,,Expected,0,,,,,2023,2026-01-02T10:26:00,https://on3static.com/uploads/assets/981/218/218981.png,https://www.on3.com/db/amos-talalele-151312/,portal_wire_football_2026
Harrison Taggart,LB,California Golden Bears,,Entered,0,3.0,87.0,675.0,49.0,2022,2026-01-02T10:26:00,https://on3static.com/uploads/assets/918/93/93918.jpeg,https://www.on3.com/db/harrison-taggart-47633/,portal_wire_football_2026
Joseph McGinnis,CB,Arizona State Sun Devils,,Entered,0,,,,,0,2026-01-02T10:18:00,https://on3static.com/uploads/assets/300/472/472300.jpg,https://www.on3.com/db/joseph-mcginnis-163845/,portal_wire_football_2026
Ernest Willor,DL,Wisconsin Badgers,,Entered,0,3.0,87.0,667.0,107.0,2024,2026-01-02T10:12:00,https://on3static.com/uploads/assets/498/304/304498.png,https://www.on3.com/db/ernest-willor-147684/,portal_wire_football_2026
Aaron Armitage,DL,FIU Golden Panthers,,Entered,0,3.0,84.0,2519.0,275.0,2021,2026-01-02T10:05:00,https://on3static.com/uploads/assets/552/16/16552.jpeg,https://www.on3.com/db/aaron-armitage-306/,portal_wire_football_2026
Amari Wilson,EDGE,Georgia Southern Eagles,,Entered,0,,,,,2025,2026-01-02T10:01:00,https://on3static.com/uploads/assets/267/325/325267.jpg,https://www.on3.com/db/amari-wilson-162564/,portal_wire_football_2026
Coleson Arends,TE,Arizona State Sun Devils,,Entered,0,,,,,0,2026-01-02T09:52:00,https://on3static.com/uploads/assets/293/472/472293.jpg,https://www.on3.com/db/coleson-arends-237253/,portal_wire_football_2026
Richard Toney,S,Purdue Boilermakers,,Entered,0,3.0,85.0,2148.0,202.0,2021,2026-01-02T09:51:00,https://on3static.com/uploads/assets/876/407/407876.png,https://www.on3.com/db/richard-toney-100069/,portal_wire_football_2026
Carson Dean,LB,Purdue Boilermakers,,Entered,0,3.0,84.0,2508.0,220.0,2023,2026-01-02T09:51:00,https://on3static.com/uploads/assets/838/407/407838.png,https://www.on3.com/db/carson-dean-18743/,portal_wire_football_2026
Akim Lanieux,WR,Arizona State Sun Devils,,Entered,0,,,,,2022,2026-01-02T09:51:00,https://on3static.com/uploads/assets/966/445/445966.png,https://www.on3.com/db/akim-lanieux-251083/,portal_wire_football_2026
Grady Brosterhous,QB,Virginia Cavaliers,,Entered,0,3.0,81.0,2918.0,200.0,0,2026-01-02T09:50:00,https://on3static.com/uploads/assets/835/304/304835.png,https://www.on3.com/db/grady-brosterhous-164174/,portal_wire_football_2026
Sterling Smith,S,Purdue Boilermakers,,Entered,0,3.0,85.0,2144.0,222.0,2023,2026-01-02T09:48:00,https://on3static.com/uploads/assets/947/343/343947.png,https://www.on3.com/db/sterling-smith-239561/,portal_wire_football_2026
Will Hryszko,K,Kent State Golden Flashes,,Entered,0,,,,,2022,2026-01-02T09:48:00,,https://www.on3.com/db/will-hryszko-179326/,portal_wire_football_2026
Jaheim Merriweather,RB,Purdue Boilermakers,,Entered,0,3.0,84.0,2510.0,192.0,2024,2026-01-02T09:47:00,https://on3static.com/uploads/assets/463/343/343463.png,https://www.on3.com/db/jaheim-merriweather-147388/,portal_wire_football_2026
John Randle,OT,Purdue Boilermakers,,Entered,0,3.0,83.0,2714.0,210.0,2024,2026-01-02T09:45:00,https://on3static.com/uploads/assets/876/343/343876.png,https://www.on3.com/db/john-randle-176808/,portal_wire_football_2026
Stone Combs,LB,Nevada Wolf Pack,,Entered,0,3.0,87.0,673.0,89.0,2022,2026-01-02T09:44:00,,https://www.on3.com/db/stone-combs-149920/,portal_wire_football_2026
Jon Hunt,QB,Coastal Carolina Chanticleers,,Entered,0,,,,,2024,2026-01-02T09:44:00,https://on3static.com/uploads/assets/18/583/583018.jpg,https://www.on3.com/db/jon-hunt-283754/,portal_wire_football_2026
Chalil Cummings,CB,Purdue Boilermakers,,Entered,0,3.0,84.0,2516.0,297.0,2024,2026-01-02T09:43:00,https://on3static.com/uploads/assets/666/173/173666.jpeg,https://www.on3.com/db/chalil-cummings-19719/,portal_wire_football_2026
Sam Feeney,LB,Ball State Cardinals,,Entered,0,3.0,84.0,2509.0,238.0,2024,2026-01-02T09:43:00,,https://www.on3.com/db/sam-feeney-174108/,portal_wire_football_2026
DeJuan Echoles,LB,Ball State Cardinals,,Entered,0,3.0,87.0,676.0,58.0,2022,2026-01-02T09:41:00,,https://www.on3.com/db/dejuan-echoles-33456/,portal_wire_football_2026
Colton Allen,QB,Colorado Buffaloes,,Entered,0,3.0,81.0,2913.0,198.0,2022,2026-01-02T09:40:00,https://on3static.com/uploads/assets/686/578/578686.png,https://www.on3.com/db/colton-allen-160848/,portal_wire_football_2026
Maverick Gracio,DL,Pittsburgh Panthers,,Entered,0,,,,,2023,2026-01-02T09:40:00,https://on3static.com/uploads/assets/508/308/308508.png,https://www.on3.com/db/maverick-gracio-152507/,portal_wire_football_2026
Caden Harris,WR,UTEP Miners,,Entered,0,,,,,2023,2026-01-02T09:38:00,https://on3static.com/uploads/assets/646/77/77646.jpg,https://www.on3.com/db/caden-harris-156311/,portal_wire_football_2026
Dawayne Galloway,CB,West Virginia Mountaineers,,Entered,0,3.0,87.0,960.0,142.0,2025,2026-01-02T09:36:00,https://on3static.com/uploads/assets/77/290/290077.png,https://www.on3.com/db/dawayne-galloway-238033/,portal_wire_football_2026
Luka Matamoros,OT,UTEP Miners,,Entered,0,,,,,2024,2026-01-02T09:35:00,,https://www.on3.com/db/luka-matamoros-240657/,portal_wire_football_2026
Taavili Tuitama,DL,New Mexico State Aggies,,Entered,0,3.0,86.0,1455.0,188.0,2022,2026-01-02T09:33:00,,https://www.on3.com/db/taavili-tuitama-240662/,portal_wire_football_2026
Ashton Parker,CB,Appalachian State Mountaineers,,Entered,0,3.0,81.0,2920.0,341.0,2024,2026-01-02T09:33:00,https://on3static.com/uploads/assets/105/149/149105.png,https://www.on3.com/db/ashton-parker-176583/,portal_wire_football_2026
Brock Kuhl,TE,Florida Atlantic Owls,,Entered,0,3.0,82.0,2834.0,161.0,2025,2026-01-02T09:19:00,https://on3static.com/uploads/assets/459/239/239459.jpeg,https://www.on3.com/db/brock-kuhl-237559/,portal_wire_football_2026
Charles McCartherens,CB,Buffalo Bulls,,Entered,0,3.0,86.0,1435.0,166.0,2023,2026-01-02T09:18:00,https://on3static.com/uploads/assets/206/341/341206.png,https://www.on3.com/db/charles-mccartherens-175603/,portal_wire_football_2026
Jamiere Munson,S,Buffalo Bulls,,Entered,0,3.0,83.0,2705.0,259.0,0,2026-01-02T09:17:00,https://on3static.com/uploads/assets/246/341/341246.png,https://www.on3.com/db/jamiere-munson-245125/,portal_wire_football_2026
Eddie Pleasant,CB,Buffalo Bulls,,Entered,0,3.0,84.0,2497.0,302.0,2023,2026-01-02T09:16:00,https://on3static.com/uploads/assets/141/235/235141.png,https://www.on3.com/db/eddie-pleasant-147581/,portal_wire_football_2026
Jeremy Yancy,WR,Buffalo Bulls,,Entered,0,3.0,81.0,2895.0,437.0,2022,2026-01-02T09:15:00,https://on3static.com/uploads/assets/333/341/341333.png,https://www.on3.com/db/jeremy-yancy-219520/,portal_wire_football_2026
Kasen Weisman,QB,Florida Atlantic Owls,,Entered,0,3.0,84.0,2500.0,182.0,2023,2026-01-02T09:14:00,https://on3static.com/uploads/assets/291/242/242291.jpeg,https://www.on3.com/db/kasen-weisman-71406/,portal_wire_football_2026
Callum Wither,QB,Ohio Bobcats,,Entered,0,3.0,81.0,2899.0,208.0,2022,2026-01-02T09:14:00,,https://www.on3.com/db/callum-wither-17286/,portal_wire_football_2026
Danny Novickas,EDGE,Ohio Bobcats,,Entered,0,3.0,81.0,2900.0,226.0,2023,2026-01-02T09:11:00,,https://www.on3.com/db/danny-novickas-147194/,portal_wire_football_2026
Charlton Goodell,DL,Buffalo Bulls,,Entered,0,3.0,81.0,2894.0,330.0,0,2026-01-02T09:10:00,https://on3static.com/uploads/assets/338/341/341338.png,https://www.on3.com/db/charlton-goodell-245133/,portal_wire_football_2026
Josiah Graham,EDGE,Monmouth Hawks,,Entered,0,,,,,2023,2026-01-02T09:09:00,https://on3static.com/uploads/assets/390/586/586390.png,https://www.on3.com/db/josiah-graham-203444/,portal_wire_football_2026
Allen Middleton,WR,Bowling Green Falcons,,Entered,0,3.0,84.0,2504.0,362.0,2023,2026-01-02T09:08:00,,https://www.on3.com/db/allen-middleton-151412/,portal_wire_football_2026
Michael Allen,RB,Marshall Thundering Herd,,Entered,0,3.0,86.0,1443.0,148.0,2022,2026-01-02T09:07:00,https://on3static.com/uploads/assets/526/225/225526.png,https://www.on3.com/db/michael-allen-87292/,portal_wire_football_2026
Tate Kjar,WR,Utah State Aggies,,Entered,0,3.0,81.0,2898.0,421.0,2024,2026-01-02T09:01:00,https://on3static.com/uploads/assets/595/234/234595.png,https://www.on3.com/db/tate-kjar-180182/,portal_wire_football_2026
John Gayer,EDGE,Utah State Aggies,,Entered,0,3.0,84.0,2505.0,196.0,0,2026-01-02T09:00:00,https://on3static.com/uploads/assets/497/412/412497.png,https://www.on3.com/db/john-gayer-249306/,portal_wire_football_2026
Aidan Johnson,IOL,Ohio Bobcats,,Entered,0,3.0,81.0,2905.0,241.0,2023,2026-01-02T09:00:00,,https://www.on3.com/db/aidan-johnson-155581/,portal_wire_football_2026
Jaxon Shuttlesworth,TE,Jacksonville State Gamecocks,,Entered,0,3.0,81.0,2893.0,163.0,2024,2026-01-02T08:58:00,,https://www.on3.com/db/jaxon-shuttlesworth-163138/,portal_wire_football_2026
Lamar Sperling,RB,Buffalo Bulls,,Entered,0,3.0,85.0,2134.0,180.0,2023,2026-01-02T08:57:00,https://on3static.com/uploads/assets/239/341/341239.png,https://www.on3.com/db/lamar-sperling-158956/,portal_wire_football_2026
DJ Watkins,CB,Arkansas State Red Wolves,,Entered,0,3.0,82.0,2836.0,326.0,2025,2026-01-02T08:56:00,https://on3static.com/uploads/assets/872/150/150872.png,https://www.on3.com/db/dj-watkins-162357/,portal_wire_football_2026
Bernard Lackey,CB,East Carolina Pirates,,Entered,0,3.0,82.0,2835.0,325.0,2025,2026-01-02T08:56:00,https://on3static.com/uploads/assets/930/253/253930.png,https://www.on3.com/db/bernard-lackey-238480/,portal_wire_football_2026
Donovan Dyson,EDGE,Massachusetts Minutemen,,Entered,0,3.0,83.0,2706.0,208.0,2023,2026-01-02T08:56:00,,https://www.on3.com/db/donovan-dyson-154876/,portal_wire_football_2026
Ah'marion Ashley,CB,Fresno State Bulldogs,,Entered,0,3.0,81.0,2897.0,336.0,2023,2026-01-02T08:54:00,,https://www.on3.com/db/ahmarion-ashley-162859/,portal_wire_football_2026
Mitch Viviano,TE,Buffalo Bulls,,Entered,0,3.0,84.0,2502.0,144.0,2023,2026-01-02T08:54:00,https://on3static.com/uploads/assets/248/341/341248.png,https://www.on3.com/db/mitch-viviano-175605/,portal_wire_football_2026
Damarrion White,EDGE,Fresno State Bulldogs,,Entered,0,3.0,85.0,2130.0,177.0,2024,2026-01-02T08:52:00,https://on3static.com/uploads/assets/868/579/579868.png,https://www.on3.com/db/damarrion-white-155711/,portal_wire_football_2026
Jarrett Reeser,K,Boise State Broncos,,Entered,0,3.0,80.0,3007.0,43.0,2021,2026-01-02T08:52:00,,https://www.on3.com/db/jarrett-reeser-57148/,portal_wire_football_2026
Jack Metzler,EDGE,Fresno State Bulldogs,,Entered,0,3.0,83.0,2710.0,213.0,2024,2026-01-02T08:51:00,https://on3static.com/uploads/assets/571/406/406571.png,https://www.on3.com/db/jack-metzler-248789/,portal_wire_football_2026
Nader Chirchi,TE,Connecticut Huskies,,Entered,0,3.0,86.0,1439.0,84.0,2023,2026-01-02T08:51:00,https://on3static.com/uploads/assets/12/474/474012.jpg,https://www.on3.com/db/nader-chirchi-174748/,portal_wire_football_2026
Jake Utley,OT,UTEP Miners,,Entered,0,3.0,86.0,1442.0,133.0,2023,2026-01-02T08:49:00,,https://www.on3.com/db/jake-utley-176591/,portal_wire_football_2026
Aidan Leffler,QB,Ball State Cardinals,,Entered,0,3.0,81.0,2908.0,197.0,2022,2026-01-02T08:47:00,,https://www.on3.com/db/aidan-leffler-2007/,portal_wire_football_2026
Tyson Durant,S,Washington State Cougars,,Entered,0,3.0,86.0,1438.0,126.0,2020,2026-01-02T08:45:00,https://on3static.com/uploads/assets/281/265/265281.png,https://www.on3.com/db/tyson-durant-157753/,portal_wire_football_2026
Carl Nesmith,EDGE,Utah State Aggies,,Entered,0,3.0,81.0,2939.0,224.0,2022,2026-01-02T08:44:00,,https://www.on3.com/db/carl-nesmith-159834/,portal_wire_football_2026
Justin Eklund,LB,Bowling Green Falcons,,Entered,0,3.0,84.0,2503.0,237.0,2022,2026-01-02T08:43:00,https://on3static.com/uploads/assets/324/177/177324.png,https://www.on3.com/db/justin-eklund-69285/,portal_wire_football_2026
TJ Nelson,S,Bowling Green Falcons,,Entered,0,3.0,81.0,2896.0,272.0,2024,2026-01-02T08:43:00,https://on3static.com/uploads/assets/580/232/232580.png,https://www.on3.com/db/tj-nelson-236415/,portal_wire_football_2026
Caleb Goodloe,WR,Bowling Green Falcons,,Entered,0,3.0,83.0,2712.0,398.0,2024,2026-01-02T08:42:00,https://on3static.com/uploads/assets/789/144/144789.png,https://www.on3.com/db/caleb-goodloe-161993/,portal_wire_football_2026
Gideon Herbert,EDGE,Arkansas State Red Wolves,,Entered,0,3.0,82.0,2832.0,223.0,2024,2026-01-02T08:41:00,,https://www.on3.com/db/gideon-herbert-176550/,portal_wire_football_2026
Travis Gray,OT,New Mexico Lobos,,Entered,0,3.0,83.0,2707.0,214.0,2022,2026-01-02T08:41:00,https://on3static.com/uploads/assets/130/22/22130.jpeg,https://www.on3.com/db/travis-gray-114588/,portal_wire_football_2026
Sampson Alofipo,LB,Utah State Aggies,,Entered,0,3.0,81.0,2912.0,279.0,0,2026-01-02T08:33:00,,https://www.on3.com/db/sampson-alofipo-249657/,portal_wire_football_2026
Chris Manuel,TE,Georgia State Panthers,,Entered,0,3.0,83.0,2708.0,154.0,0,2026-01-02T08:27:00,,https://www.on3.com/db/chris-manuel-244964/,portal_wire_football_2026
Andre Greene Jr.,WR,Virginia Cavaliers,,Entered,0,3.0,85.0,2132.0,310.0,2022,2026-01-02T08:26:00,https://on3static.com/uploads/assets/778/87/87778.jpg,https://www.on3.com/db/andre-greene-jr-4564/,portal_wire_football_2026
Dakarai Shanks,RB,Troy Trojans,,Entered,0,3.0,82.0,2838.0,223.0,2025,2026-01-02T08:20:00,https://on3static.com/uploads/assets/417/315/315417.png,https://www.on3.com/db/dakarai-shanks-236838/,portal_wire_football_2026
Weston Woodard,EDGE,Liberty Flames,,Entered,0,3.0,81.0,2906.0,227.0,2024,2026-01-02T08:16:00,https://on3static.com/uploads/assets/814/247/247814.png,https://www.on3.com/db/weston-woodard-238560/,portal_wire_football_2026
Kaidon Whidby,LB,Liberty Flames,,Entered,0,3.0,84.0,2498.0,240.0,2024,2026-01-02T08:16:00,https://on3static.com/uploads/assets/279/229/229279.png,https://www.on3.com/db/kaidon-whidby-180892/,portal_wire_football_2026
Leo Ricci,K,Connecticut Huskies,,Entered,0,3.0,80.0,3008.0,59.0,2025,2026-01-02T08:16:00,https://on3static.com/uploads/assets/403/475/475403.png,https://www.on3.com/db/leo-ricci-261343/,portal_wire_football_2026
Trace Meadows,LB,UTEP Miners,,Entered,0,3.0,83.0,2711.0,258.0,2024,2026-01-02T08:15:00,,https://www.on3.com/db/trace-meadows-162377/,portal_wire_football_2026
Trashun Griffin,EDGE,Troy Trojans,,Entered,0,3.0,84.0,2496.0,198.0,2024,2026-01-02T08:13:00,https://on3static.com/uploads/assets/379/147/147379.png,https://www.on3.com/db/trashun-griffin-176155/,portal_wire_football_2026
Keion Dunlap,S,Troy Trojans,,Entered,0,3.0,84.0,2493.0,244.0,2024,2026-01-02T08:13:00,https://on3static.com/uploads/assets/180/53/53180.jpg,https://www.on3.com/db/keion-dunlap-147790/,portal_wire_football_2026
Anfernee Crease,OT,Texas State Bobcats,,Entered,0,3.0,84.0,2495.0,186.0,0,2026-01-02T08:12:00,https://on3static.com/uploads/assets/729/304/304729.png,https://www.on3.com/db/anfernee-crease-241118/,portal_wire_football_2026
Duce Hewitt,TE,Liberty Flames,,Entered,0,3.0,82.0,2837.0,160.0,2024,2026-01-02T08:12:00,https://on3static.com/uploads/assets/278/229/229278.png,https://www.on3.com/db/duce-hewitt-174029/,portal_wire_football_2026
Ashton Heflin,LB,Texas State Bobcats,,Entered,0,3.0,82.0,2830.0,263.0,2023,2026-01-02T08:09:00,https://on3static.com/uploads/assets/472/164/164472.png,https://www.on3.com/db/ashton-heflin-146643/,portal_wire_football_2026
Brennen Bailey,CB,Massachusetts Minutemen,,Entered,0,3.0,85.0,2129.0,263.0,2023,2026-01-02T08:09:00,,https://www.on3.com/db/brennen-bailey-242694/,portal_wire_football_2026
Eli Hall,DL,Liberty Flames,,Entered,0,3.0,84.0,2494.0,288.0,2022,2026-01-02T08:07:00,https://on3static.com/uploads/assets/630/86/86630.jpeg,https://www.on3.com/db/eli-hall-40947/,portal_wire_football_2026
Eli Sisson,TE,Liberty Flames,,Entered,0,3.0,83.0,2709.0,157.0,2024,2026-01-02T08:05:00,https://on3static.com/uploads/assets/267/229/229267.png,https://www.on3.com/db/eli-sisson-153395/,portal_wire_football_2026
Jabrae Shaw,CB,Arkansas Razorbacks,,Entered,0,3.0,81.0,2911.0,339.0,2023,2026-01-02T08:03:00,https://on3static.com/uploads/assets/948/303/303948.png,https://www.on3.com/db/jabrae-shaw-151533/,portal_wire_football_2026
Caden Williams,RB,Liberty Flames,,Entered,0,3.0,84.0,2501.0,196.0,2024,2026-01-02T08:02:00,https://on3static.com/uploads/assets/370/185/185370.png,https://www.on3.com/db/caden-williams-155051/,portal_wire_football_2026
Whitefield Powell,EDGE,Colorado State Rams,,Entered,0,3.0,82.0,2831.0,220.0,2023,2026-01-02T08:01:00,,https://www.on3.com/db/whitefield-powell-151152/,portal_wire_football_2026
Lamont Payne,S,Penn State Nittany Lions,,Entered,0,3.0,85.0,2138.0,213.0,2023,2026-01-02T08:00:00,https://on3static.com/uploads/assets/569/165/165569.png,https://www.on3.com/db/lamont-payne-77760/,portal_wire_football_2026
Brock Walters,LS,Marshall Thundering Herd,,Entered,0,3.0,80.0,3012.0,36.0,2023,2026-01-02T07:58:00,https://on3static.com/uploads/assets/287/171/171287.png,https://www.on3.com/db/brock-walters-175630/,portal_wire_football_2026
Bryson Jennings,EDGE,Liberty Flames,,Entered,0,3.0,85.0,2135.0,187.0,2022,2026-01-02T07:55:00,https://on3static.com/uploads/assets/783/87/87783.jpg,https://www.on3.com/db/bryson-jennings-144592/,portal_wire_football_2026
Uriah Points,CB,Liberty Flames,,Entered,0,3.0,82.0,2833.0,324.0,2025,2026-01-02T07:55:00,https://on3static.com/uploads/assets/624/242/242624.png,https://www.on3.com/db/uriah-points-235896/,portal_wire_football_2026
Devin Henderson,S,Liberty Flames,,Entered,0,3.0,87.0,653.0,97.0,2024,2026-01-02T07:53:00,https://on3static.com/uploads/assets/500/119/119500.jpg,https://www.on3.com/db/devin-henderson-36054/,portal_wire_football_2026
Isaiah Chavez,QB,New Mexico Lobos,,Entered,0,3.0,84.0,2499.0,172.0,2020,2026-01-02T07:40:00,https://on3static.com/uploads/assets/896/178/178896.png,https://www.on3.com/db/isaiah-chavez-179510/,portal_wire_football_2026
Neto Umeozulu,IOL,Texas Longhorns,,Expected,0,3.0,86.0,1427.0,125.0,2022,2026-01-02T07:36:00,https://on3static.com/uploads/assets/916/83/83916.png,https://www.on3.com/db/neto-umeozulu-92002/,portal_wire_football_2026
Dennis Lafferty III,OT,UTEP Miners,,Entered,0,3.0,81.0,2910.0,222.0,2022,2026-01-02T07:33:00,,https://www.on3.com/db/dennis-lafferty-iii-249665/,portal_wire_football_2026
Marvin Sims,WR,Western Kentucky Hilltoppers,,Entered,0,3.0,83.0,2704.0,401.0,2022,2026-01-02T07:19:00,https://on3static.com/uploads/assets/875/340/340875.png,https://www.on3.com/db/marvin-sims-84653/,portal_wire_football_2026
Vaughn Blue,RB,Liberty Flames,,Entered,0,3.0,85.0,2136.0,183.0,2023,2026-01-02T07:17:00,,https://www.on3.com/db/vaughn-blue-156707/,portal_wire_football_2026
Kameron Pearson,CB,Texas State Bobcats,,Entered,0,3.0,81.0,2907.0,334.0,2022,2026-01-02T07:17:00,,https://www.on3.com/db/kameron-pearson-245028/,portal_wire_football_2026
Cal Grubbs,IOL,Liberty Flames,,Entered,0,3.0,81.0,2909.0,234.0,2023,2026-01-02T07:12:00,,https://www.on3.com/db/cal-grubbs-146515/,portal_wire_football_2026
Donovan Dozier,EDGE,Liberty Flames,,Entered,0,3.0,85.0,2137.0,188.0,2023,2026-01-02T07:06:00,,https://www.on3.com/db/donovan-dozier-153445/,portal_wire_football_2026
Casey Fua'au,IOL,Troy Trojans,,Entered,0,3.0,81.0,2904.0,240.0,2022,2026-01-02T07:05:00,,https://www.on3.com/db/casey-fuaau-240717/,portal_wire_football_2026
Jace Petty,WR,Arkansas Razorbacks,,Entered,0,3.0,81.0,2902.0,427.0,0,2026-01-02T07:04:00,https://on3static.com/uploads/assets/973/303/303973.png,https://www.on3.com/db/jace-petty-220524/,portal_wire_football_2026
Jaidyn Doss,WR,Kansas Jayhawks,,Entered,0,3.0,85.0,2176.0,325.0,2023,2026-01-02T06:52:00,https://on3static.com/uploads/assets/476/333/333476.png,https://www.on3.com/db/jaidyn-doss-53140/,portal_wire_football_2026
Cam Cunningham,DL,Youngstown State Penguins,,Entered,0,,,,,2020,2026-01-02T00:49:00,,https://www.on3.com/db/cam-cunningham-17448/,portal_wire_football_2026
Chandler Chapman,RB,Southern Illinois Salukis,,Entered,0,,,,,2023,2026-01-02T00:01:00,https://on3static.com/uploads/assets/55/581/581055.jpg,https://www.on3.com/db/chandler-chapman-19874/,portal_wire_football_2026
Luke Grant,LS,Memphis Tigers,,Entered,0,3.0,80.0,3005.0,35.0,2025,2026-01-01T21:47:00,https://on3static.com/uploads/assets/301/483/483301.png,https://www.on3.com/db/luke-grant-261572/,portal_wire_football_2026
Donovan Turner,S,Illinois Fighting Illini,,Entered,0,3.0,81.0,2891.0,274.0,2022,2026-01-01T21:46:00,https://on3static.com/uploads/assets/352/578/578352.jpg,https://www.on3.com/db/donovan-turner-38261/,portal_wire_football_2026
Tyson Rooks,S,Illinois Fighting Illini,,Expected,0,3.0,84.0,2490.0,239.0,2022,2026-01-01T21:44:00,https://on3static.com/uploads/assets/20/176/176020.jpeg,https://www.on3.com/db/tyson-rooks-149815/,portal_wire_football_2026
Amari Jefferson,WR,Tennessee Volunteers,,Entered,0,3.0,87.0,635.0,111.0,2024,2026-01-01T20:18:00,https://on3static.com/uploads/assets/656/211/211656.jpg,https://www.on3.com/db/amari-jefferson-151580/,portal_wire_football_2026
Josiah Brown,WR,Penn State Nittany Lions,,Expected,0,3.0,86.0,1415.0,206.0,2024,2026-01-01T18:35:00,https://on3static.com/uploads/assets/365/332/332365.png,https://www.on3.com/db/josiah-brown-151944/,portal_wire_football_2026
Eric McClain,CB,Ball State Cardinals,,Expected,0,3.0,86.0,1414.0,219.0,2024,2026-01-01T17:46:00,https://on3static.com/uploads/assets/165/578/578165.png,https://www.on3.com/db/eric-mcclain-239453/,portal_wire_football_2026
Isaac Torres,WR,California Golden Bears,,Expected,0,3.0,81.0,2940.0,431.0,0,2026-01-01T17:11:00,https://on3static.com/uploads/assets/604/335/335604.png,https://www.on3.com/db/isaac-torres-238318/,portal_wire_football_2026
Plae Wyatt,S,Rice Owls,,Expected,0,3.0,85.0,2123.0,226.0,2020,2026-01-01T17:00:00,https://on3static.com/uploads/assets/454/75/75454.jpeg,https://www.on3.com/db/plae-wyatt-96736/,portal_wire_football_2026
Armel Mukam,DL,Notre Dame Fighting Irish,,Entered,0,3.0,86.0,1408.0,216.0,2023,2026-01-01T16:57:00,https://on3static.com/uploads/assets/420/331/331420.png,https://www.on3.com/db/armel-mukam-152286/,portal_wire_football_2026
Ka'Morreun Pimpton,TE,TCU Horned Frogs,,Expected,0,0.0,,,,2023,2026-01-01T16:26:00,https://on3static.com/uploads/assets/91/394/394091.jpg,https://www.on3.com/db/kamorreun-pimpton-155236/,portal_wire_football_2026
Chance Fitzgerald,WR,Vanderbilt Commodores,,Expected,0,3.0,85.0,2122.0,293.0,2023,2026-01-01T16:24:00,https://on3static.com/uploads/assets/722/332/332722.png,https://www.on3.com/db/chance-fitzgerald-19773/,portal_wire_football_2026
Vernon Woodward,S,Illinois Fighting Illini,,Expected,0,3.0,85.0,2124.0,200.0,2024,2026-01-01T15:57:00,https://on3static.com/uploads/assets/802/304/304802.png,https://www.on3.com/db/vernon-woodward-177770/,portal_wire_football_2026
Ike Esonwune,LB,Oklahoma State Cowboys,,Entered,0,3.0,86.0,1431.0,151.0,2023,2026-01-01T15:42:00,https://on3static.com/uploads/assets/587/226/226587.png,https://www.on3.com/db/ike-esonwune-150639/,portal_wire_football_2026
Willizhuan Yates,CB,Ball State Cardinals,,Expected,0,3.0,87.0,631.0,90.0,2024,2026-01-01T15:41:00,https://on3static.com/uploads/assets/150/578/578150.png,https://www.on3.com/db/willizhuan-yates-239455/,portal_wire_football_2026
Nate Thomason,LB,Memphis Tigers,,Entered,0,3.0,82.0,2829.0,262.0,2024,2026-01-01T14:48:00,https://on3static.com/uploads/assets/827/173/173827.png,https://www.on3.com/db/nate-thomason-177911/,portal_wire_football_2026
Abram Murray,K,California Golden Bears,,Expected,0,,,,,2024,2026-01-01T14:34:00,https://on3static.com/uploads/assets/397/297/297397.png,https://www.on3.com/db/abram-murray-155993/,portal_wire_football_2026
KJ Makins,CB,Baylor Bears,,Expected,0,3.0,86.0,1434.0,159.0,2021,2026-01-01T14:32:00,https://on3static.com/uploads/assets/322/447/447322.png,https://www.on3.com/db/kj-makins-72936/,portal_wire_football_2026
Davon Mitchell,TE,Louisville Cardinals,,Entered,0,3.0,86.0,1422.0,63.0,2024,2026-01-01T12:45:00,https://on3static.com/uploads/assets/10/332/332010.png,https://www.on3.com/db/davon-mitchell-154217/,portal_wire_football_2026
J'Marion Burnette,RB,Houston Cougars,,Expected,0,,,,,2024,2026-01-01T11:23:00,https://on3static.com/uploads/assets/579/94/94579.jpg,https://www.on3.com/db/jmarion-burnette-151576/,portal_wire_football_2026
Lajuan Owens,OT,California Golden Bears,,Expected,0,3.0,87.0,629.0,60.0,2023,2026-01-01T10:25:00,https://on3static.com/uploads/assets/805/390/390805.jpg,https://www.on3.com/db/lajuan-owens-77549/,portal_wire_football_2026
Khayree Lee,IOL,LSU Tigers,,Expected,0,3.0,87.0,648.0,116.0,2024,2025-12-31T19:51:00,https://on3static.com/uploads/assets/472/120/120472.jpg,https://www.on3.com/db/khayree-lee-152744/,portal_wire_football_2026
Robert Billings,S,Clemson Tigers,,Expected,0,3.0,87.0,645.0,113.0,2023,2025-12-31T18:57:00,https://on3static.com/uploads/assets/483/49/49483.png,https://www.on3.com/db/robert-billings-146103/,portal_wire_football_2026
Cameron Williams,DL,Clark Atlanta University Panthers,,Expected,0,3.0,83.0,2699.0,299.0,2022,2025-12-31T17:20:00,https://on3static.com/uploads/assets/592/577/577592.png,https://www.on3.com/db/cameron-williams-161701/,portal_wire_football_2026
MJ Stroud,EDGE,Georgia Southern Eagles,,Expected,0,3.0,87.0,644.0,72.0,2022,2025-12-31T16:17:00,https://on3static.com/uploads/assets/887/490/490887.png,https://www.on3.com/db/mj-stroud-147795/,portal_wire_football_2026
Andy Jean,WR,Arkansas Razorbacks,,Entered,134476,3.0,86.0,1390.0,240.0,2023,2025-12-31T14:48:00,https://on3static.com/uploads/assets/166/400/400166.png,https://www.on3.com/db/andy-jean-145383/,portal_wire_football_2026
KJ Daniels,WR,Oklahoma Sooners,,Expected,0,3.0,86.0,1406.0,232.0,2024,2025-12-31T14:30:00,https://on3static.com/uploads/assets/480/107/107480.jpg,https://www.on3.com/db/kj-daniels-162493/,portal_wire_football_2026
Kali Nguma,K,North Texas Mean Green,,Expected,0,3.0,80.0,3001.0,14.0,2023,2025-12-31T13:39:00,https://on3static.com/uploads/assets/535/577/577535.png,https://www.on3.com/db/kali-nguma-237441/,portal_wire_football_2026
Brandon High,RB,California Golden Bears,,Expected,0,3.0,86.0,1399.0,141.0,2023,2025-12-31T13:26:00,https://on3static.com/uploads/assets/638/440/440638.jpg,https://www.on3.com/db/brandon-high-150026/,portal_wire_football_2026
Jaylon Nichols,RB,North Carolina Tar Heels,,Expected,0,3.0,84.0,2486.0,207.0,2025,2025-12-31T13:00:00,https://on3static.com/uploads/assets/914/470/470914.jpg,https://www.on3.com/db/jaylon-nichols-161936/,portal_wire_football_2026
Semaj Fleming,WR,Boston College Eagles,,Expected,0,3.0,87.0,611.0,163.0,2025,2025-12-31T13:00:00,https://on3static.com/uploads/assets/827/323/323827.png,https://www.on3.com/db/semaj-fleming-156002/,portal_wire_football_2026
Landon Sides,WR,North Texas Mean Green,,Expected,0,3.0,86.0,1402.0,189.0,2023,2025-12-31T12:45:00,https://on3static.com/uploads/assets/648/219/219648.png,https://www.on3.com/db/landon-sides-154439/,portal_wire_football_2026
Avyonne Jones,CB,Coastal Carolina Chanticleers,,Entered,0,3.0,86.0,1392.0,169.0,2022,2025-12-31T12:44:00,https://on3static.com/uploads/assets/694/22/22694.jpeg,https://www.on3.com/db/avyonne-jones-144832/,portal_wire_football_2026
Duncan Brune,RB,Ohio Bobcats,,Expected,0,3.0,86.0,1403.0,124.0,2024,2025-12-31T12:02:00,https://on3static.com/uploads/assets/498/577/577498.png,https://www.on3.com/db/duncan-brune-175203/,portal_wire_football_2026
Keith Moko,CB,Western Illinois Leathernecks,,Expected,0,3.0,84.0,2484.0,307.0,2022,2025-12-31T12:00:00,,https://www.on3.com/db/keith-moko-147172/,portal_wire_football_2026
Darrius Clemons,WR,Oregon State Beavers,,Expected,0,3.0,86.0,1394.0,275.0,2022,2025-12-31T11:59:00,https://on3static.com/uploads/assets/932/23/23932.jpg,https://www.on3.com/db/darrius-clemons-30947/,portal_wire_football_2026
Davian Jackson,WR,Mississippi State Bulldogs,,Entered,0,3.0,86.0,1404.0,249.0,2025,2025-12-31T11:59:00,https://on3static.com/uploads/assets/505/250/250505.png,https://www.on3.com/db/davian-jackson-155360/,portal_wire_football_2026
George Mullins,CB,Michigan State Spartans,,Expected,0,3.0,86.0,1400.0,202.0,2025,2025-12-31T09:45:00,https://on3static.com/uploads/assets/376/242/242376.png,https://www.on3.com/db/george-mullins-179786/,portal_wire_football_2026
Hayes Creel,OT,Southern Miss Golden Eagles,,Expected,0,3.0,86.0,1395.0,139.0,2022,2025-12-31T09:25:00,https://on3static.com/uploads/assets/348/577/577348.png,https://www.on3.com/db/hayes-creel-201697/,portal_wire_football_2026
Elijah Simmons,DL,West Virginia Mountaineers,,Expected,0,3.0,81.0,2889.0,322.0,2022,2025-12-31T09:03:00,https://on3static.com/uploads/assets/762/473/473762.png,https://www.on3.com/db/elijah-simmons-179369/,portal_wire_football_2026
Moussa Barry,WR,Western Kentucky Hilltoppers,,Expected,0,3.0,86.0,1393.0,215.0,2022,2025-12-31T08:36:00,https://on3static.com/uploads/assets/288/310/310288.png,https://www.on3.com/db/moussa-barry-242158/,portal_wire_football_2026
Ikechukwu Okafor,DL,California Golden Bears,,Expected,0,3.0,85.0,2116.0,230.0,2025,2025-12-31T07:09:00,https://on3static.com/uploads/assets/925/315/315925.jpg,https://www.on3.com/db/ikechukwu-okafor-180745/,portal_wire_football_2026
Kenton Simmons,EDGE,FIU Golden Panthers,,Expected,0,3.0,86.0,1387.0,120.0,2023,2025-12-30T23:23:00,https://on3static.com/uploads/assets/410/577/577410.png,https://www.on3.com/db/kenton-simmons-158620/,portal_wire_football_2026
Liam Coppinger,IOL,Eastern Kentucky Colonels,,Expected,0,3.0,85.0,2121.0,189.0,2022,2025-12-30T21:08:00,https://on3static.com/uploads/assets/338/577/577338.png,https://www.on3.com/db/liam-coppinger-283553/,portal_wire_football_2026
Brandon Solis,OT,Missouri Tigers,,Entered,0,3.0,84.0,2480.0,197.0,2023,2025-12-30T20:20:00,https://on3static.com/uploads/assets/950/222/222950.png,https://www.on3.com/db/brandon-solis-151112/,portal_wire_football_2026
Jonathan Zarut,LS,Memphis Tigers,,Entered,0,3.0,80.0,3000.0,34.0,2023,2025-12-30T18:43:00,https://on3static.com/uploads/assets/293/483/483293.png,https://www.on3.com/db/jonathan-zarut-261569/,portal_wire_football_2026
Marshon Oxley,EDGE,West Virginia Mountaineers,,Expected,0,3.0,86.0,1376.0,128.0,2022,2025-12-30T18:17:00,https://on3static.com/uploads/assets/709/411/411709.png,https://www.on3.com/db/marshon-oxley-84406/,portal_wire_football_2026
Kamauryn Morgan,EDGE,Baylor Bears,,Expected,0,3.0,88.0,159.0,45.0,2025,2025-12-30T18:13:00,https://on3static.com/uploads/assets/909/329/329909.png,https://www.on3.com/db/kamauryn-morgan-174722/,portal_wire_football_2026
Caleb Brown,CB,Virginia Tech Hokies,,Expected,0,3.0,87.0,596.0,87.0,2020,2025-12-30T17:49:00,https://on3static.com/uploads/assets/600/443/443600.png,https://www.on3.com/db/caleb-brown-250955/,portal_wire_football_2026
Michael Kern,P,California Golden Bears,,Expected,0,3.0,80.0,3002.0,25.0,2024,2025-12-30T17:13:00,https://on3static.com/uploads/assets/953/446/446953.png,https://www.on3.com/db/michael-kern-158008/,portal_wire_football_2026
Brenton Williams,DL,Liberty Flames,,Expected,0,3.0,87.0,595.0,122.0,2023,2025-12-30T17:03:00,https://on3static.com/uploads/assets/621/303/303621.png,https://www.on3.com/db/brenton-williams-153780/,portal_wire_football_2026
Dyllan Malone,WR,Iowa State Cyclones,,Entered,0,3.0,83.0,2695.0,392.0,2025,2025-12-30T16:46:00,https://on3static.com/uploads/assets/999/465/465999.PNG,https://www.on3.com/db/dyllan-malone-238809/,portal_wire_football_2026
Jordan Garrison,WR,Cal Poly Mustangs,,Expected,0,3.0,84.0,2477.0,380.0,2023,2025-12-30T16:38:00,https://on3static.com/uploads/assets/59/577/577059.png,https://www.on3.com/db/jordan-garrison-283551/,portal_wire_football_2026
Calib Perez,IOL,UAB Blazers,,Expected,0,3.0,87.0,602.0,93.0,2020,2025-12-30T16:14:00,https://on3static.com/uploads/dev/assets/51/11/11051.jpg,https://www.on3.com/db/calib-perez-17270/,portal_wire_football_2026
Javeon Campbell,DL,Kentucky Wildcats,,Expected,0,3.0,88.0,588.0,48.0,2025,2025-12-30T16:10:00,https://on3static.com/uploads/assets/741/323/323741.jpg,https://www.on3.com/db/javeon-campbell-239782/,portal_wire_football_2026
Carter Guillaume,IOL,Louisville Cardinals,,Expected,0,3.0,87.0,600.0,85.0,2024,2025-12-30T16:09:00,https://on3static.com/uploads/assets/557/394/394557.png,https://www.on3.com/db/carter-guillaume-247289/,portal_wire_football_2026
Tysean Griffin,WR,Illinois Fighting Illini,,Entered,0,3.0,86.0,1370.0,204.0,2024,2025-12-30T15:58:00,https://on3static.com/uploads/assets/785/304/304785.png,https://www.on3.com/db/tysean-griffin-151577/,portal_wire_football_2026
Nehemiah Dukes,DL,Ohio Bobcats,,Expected,0,3.0,86.0,1385.0,177.0,2022,2025-12-30T15:43:00,https://on3static.com/uploads/assets/24/577/577024.png,https://www.on3.com/db/nehemiah-dukes-91894/,portal_wire_football_2026
Tim Hays,LB,Boston College Eagles,,Expected,0,3.0,82.0,2826.0,268.0,2022,2025-12-30T15:15:00,https://on3static.com/uploads/assets/570/335/335570.png,https://www.on3.com/db/tim-hays-244817/,portal_wire_football_2026
Roq Montgomery,IOL,Alabama Crimson Tide,,Expected,0,3.0,86.0,1375.0,127.0,2023,2025-12-30T14:58:00,https://on3static.com/uploads/assets/433/25/25433.jpg,https://www.on3.com/db/roq-montgomery-104015/,portal_wire_football_2026
Antonio Martin,RB,Kansas State Wildcats,,Entered,0,3.0,88.0,995.0,45.0,2022,2025-12-30T14:57:00,https://on3static.com/uploads/assets/428/86/86428.jpg,https://www.on3.com/db/antonio-martin-7011/,portal_wire_football_2026
Joey Cheshire,LB,Cornell Big Red,,Expected,0,3.0,86.0,1379.0,156.0,2022,2025-12-30T14:40:00,https://on3static.com/uploads/assets/21/577/577021.png,https://www.on3.com/db/joey-cheshire-283550/,portal_wire_football_2026
Isaiah Paul,CB,Western Michigan Broncos,,Expected,0,3.0,83.0,2702.0,317.0,2022,2025-12-30T14:31:00,https://on3static.com/uploads/assets/532/577/577532.png,https://www.on3.com/db/isaiah-paul-239459/,portal_wire_football_2026
JJ Shelton,LB,Arkansas Razorbacks,,Entered,0,3.0,87.0,598.0,94.0,2025,2025-12-30T14:26:00,https://on3static.com/uploads/assets/960/278/278960.jpeg,https://www.on3.com/db/jj-shelton-175848/,portal_wire_football_2026
Jeremiah Coney,RB,Virginia Tech Hokies,,Expected,0,3.0,84.0,2478.0,195.0,2023,2025-12-30T14:09:00,https://on3static.com/uploads/assets/804/162/162804.png,https://www.on3.com/db/jeremiah-coney-146623/,portal_wire_football_2026
Luke Weaver,QB,Hawaii Rainbow Warriors,,Expected,0,3.0,84.0,2491.0,176.0,2021,2025-12-30T14:03:00,https://on3static.com/uploads/assets/495/399/399495.png,https://www.on3.com/db/luke-weaver-247782/,portal_wire_football_2026
Anton Pierce,S,Arkansas Razorbacks,,Expected,0,3.0,81.0,2892.0,275.0,2023,2025-12-30T14:02:00,https://on3static.com/uploads/assets/952/303/303952.png,https://www.on3.com/db/anton-pierce-154238/,portal_wire_football_2026
Jordon Jones,IOL,Ohio Bobcats,,Expected,0,3.0,87.0,599.0,100.0,2022,2025-12-30T13:23:00,https://on3static.com/uploads/assets/958/576/576958.png,https://www.on3.com/db/jordon-jones-160431/,portal_wire_football_2026
Zeke Wimbush,TE,Virginia Tech Hokies,,Expected,0,3.0,83.0,2696.0,149.0,2023,2025-12-30T12:52:00,https://on3static.com/uploads/assets/738/221/221738.png,https://www.on3.com/db/zeke-wimbush-155147/,portal_wire_football_2026
Nikola Milovac,OT,Kennesaw State Owls,,Expected,0,3.0,85.0,2109.0,164.0,2023,2025-12-30T12:50:00,https://on3static.com/uploads/assets/137/216/216137.png,https://www.on3.com/db/nikola-milovac-155654/,portal_wire_football_2026
TJ Peyton,RB,Georgia State Panthers,,Expected,0,3.0,85.0,2113.0,188.0,2025,2025-12-30T12:30:00,https://on3static.com/uploads/assets/863/327/327863.png,https://www.on3.com/db/tj-peyton-239736/,portal_wire_football_2026
Miguel Cedeno,OT,FIU Golden Panthers,,Expected,0,3.0,85.0,2114.0,162.0,2022,2025-12-30T11:30:00,https://on3static.com/uploads/assets/472/91/91472.jpg,https://www.on3.com/db/miguel-cedeno-88676/,portal_wire_football_2026
Jeremiah Dillon,WR,Vanderbilt Commodores,,Expected,0,,,,,2022,2025-12-30T09:39:00,https://on3static.com/uploads/assets/285/332/332285.png,https://www.on3.com/db/jeremiah-dillon-60087/,portal_wire_football_2026
Zavian Tibbs,EDGE,Houston Cougars,,Expected,0,3.0,84.0,2481.0,193.0,2023,2025-12-30T09:27:00,https://on3static.com/uploads/assets/327/306/306327.png,https://www.on3.com/db/zavian-tibbs-123627/,portal_wire_football_2026
Justin Logan,LB,Arkansas Razorbacks,,Entered,0,3.0,87.0,601.0,112.0,2024,2025-12-30T09:13:00,https://on3static.com/uploads/assets/943/303/303943.png,https://www.on3.com/db/justin-logan-154918/,portal_wire_football_2026
Stone Earle,QB,Abilene Christian Wildcats,,Entered,0,3.0,86.0,1374.0,103.0,2020,2025-12-30T09:09:00,https://on3static.com/uploads/assets/119/26/26119.png,https://www.on3.com/db/stone-earle-109179/,portal_wire_football_2026
Geoffrey McKelton,S,Alcorn State Braves,,Expected,0,3.0,86.0,1371.0,164.0,2021,2025-12-29T21:44:00,https://on3static.com/uploads/assets/823/576/576823.png,https://www.on3.com/db/geoffrey-mckelton-45594/,portal_wire_football_2026
Zion Booker,WR,Tulsa Golden Hurricane,,Entered,0,3.0,87.0,605.0,143.0,2023,2025-12-29T21:15:00,https://on3static.com/uploads/assets/169/400/400169.png,https://www.on3.com/db/zion-booker-145849/,portal_wire_football_2026
Eddy Toussom,EDGE,UAB Blazers,,Expected,0,3.0,86.0,1365.0,141.0,2021,2025-12-29T21:00:00,https://on3static.com/uploads/assets/514/576/576514.png,https://www.on3.com/db/eddy-toussom-236071/,portal_wire_football_2026
Shannon Blair,CB,Memphis Tigers,,Entered,0,3.0,84.0,2474.0,291.0,2022,2025-12-29T20:49:00,https://on3static.com/uploads/assets/6/23/23006.jpeg,https://www.on3.com/db/shannon-blair-106564/,portal_wire_football_2026
Muaaz Byard,LB,Middle Tennessee State Blue Raiders,,Entered,0,3.0,84.0,2476.0,228.0,2022,2025-12-29T20:20:00,https://on3static.com/uploads/assets/516/576/576516.png,https://www.on3.com/db/muaaz-byard-202408/,portal_wire_football_2026
Albert Kunickis,RB,Northwestern Wildcats,,Entered,0,3.0,81.0,2888.0,228.0,0,2025-12-29T16:49:00,https://on3static.com/uploads/assets/735/304/304735.png,https://www.on3.com/db/albert-kunickis-206643/,portal_wire_football_2026
Alex Godavitarne,TE,Wheeling Cardinals,Connecticut Huskies,Committed,0,3.0,85.0,2015.0,124.0,2022,2025-12-29T16:11:00,https://on3static.com/uploads/assets/907/568/568907.png,https://www.on3.com/db/alex-godavitarne-283205/,portal_wire_football_2026
Dallas Payne,TE,FIU Golden Panthers,,Entered,0,3.0,87.0,586.0,44.0,2020,2025-12-29T15:38:00,https://on3static.com/uploads/assets/851/89/89851.jpg,https://www.on3.com/db/dallas-payne-148426/,portal_wire_football_2026
Jayland McGlothen,DL,Sacramento State Hornets,,Expected,0,3.0,85.0,2101.0,226.0,2024,2025-12-29T15:37:00,https://on3static.com/uploads/assets/379/576/576379.png,https://www.on3.com/db/jayland-mcglothen-176910/,portal_wire_football_2026
Kaden Anderson,QB,Wyoming Cowboys,,Expected,0,3.0,85.0,2104.0,142.0,2023,2025-12-29T14:26:00,https://on3static.com/uploads/assets/320/576/576320.png,https://www.on3.com/db/kaden-anderson-149265/,portal_wire_football_2026
Reginald Hughes,LB,Colorado Buffaloes,,Expected,0,3.0,86.0,1362.0,126.0,2020,2025-12-29T13:36:00,https://on3static.com/uploads/assets/816/265/265816.png,https://www.on3.com/db/reginald-hughes-146112/,portal_wire_football_2026
Zion Frink,S,Old Dominion Monarchs,,Expected,0,3.0,87.0,987.0,53.0,2023,2025-12-29T13:19:00,https://on3static.com/uploads/assets/270/171/171270.png,https://www.on3.com/db/zion-frink-159399/,portal_wire_football_2026
Jayden Lewis,CB,Tulane Green Wave,,Expected,0,3.0,85.0,2105.0,274.0,2024,2025-12-29T12:45:00,https://on3static.com/uploads/assets/664/47/47664.jpeg,https://www.on3.com/db/jayden-lewis-58663/,portal_wire_football_2026
Trey McDonald,LB,Virginia Cavaliers,,Expected,0,3.0,86.0,1360.0,192.0,2022,2025-12-29T12:37:00,https://on3static.com/uploads/assets/920/86/86920.jpeg,https://www.on3.com/db/trey-mcdonald-116127/,portal_wire_football_2026
Trey Tremba,RB,Army Black Knights,,Entered,0,,,,,2024,2025-12-29T12:02:00,https://on3static.com/uploads/assets/972/578/578972.jpeg,https://www.on3.com/db/trey-tremba-177755/,portal_wire_football_2026
Rodney Newsom,IOL,South Carolina Gamecocks,,Expected,0,3.0,87.0,580.0,90.0,2020,2025-12-29T09:40:00,https://on3static.com/uploads/assets/234/392/392234.png,https://www.on3.com/db/rodney-newsom-101740/,portal_wire_football_2026
Jackson Forrest,LB,Old Dominion Monarchs,,Expected,0,3.0,89.0,230.0,17.0,2025,2025-12-28T20:24:00,https://on3static.com/uploads/assets/126/576/576126.png,https://www.on3.com/db/jackson-forrest-246802/,portal_wire_football_2026
Jayden Becks,RB,North Texas Mean Green,,Expected,0,3.0,84.0,2469.0,203.0,2023,2025-12-28T18:26:00,https://on3static.com/uploads/assets/957/575/575957.jpeg,https://www.on3.com/db/jayden-becks-154464/,portal_wire_football_2026
Alex Mitchell,LB,Middle Tennessee State Blue Raiders,,Entered,0,3.0,87.0,583.0,70.0,2022,2025-12-28T17:51:00,https://on3static.com/uploads/assets/789/401/401789.png,https://www.on3.com/db/alex-mitchell-3222/,portal_wire_football_2026
Jarel Williams,WR,West Virginia Mountaineers,,Expected,0,3.0,82.0,2824.0,409.0,2022,2025-12-28T17:24:00,https://on3static.com/uploads/assets/916/334/334916.png,https://www.on3.com/db/jarel-williams-56872/,portal_wire_football_2026
Samuel Same,EDGE,Iowa State Cyclones,,Expected,0,3.0,84.0,2468.0,192.0,2023,2025-12-28T17:02:00,https://on3static.com/uploads/assets/889/225/225889.png,https://www.on3.com/db/samuel-same-104807/,portal_wire_football_2026
Elijah Jackson-Anderson,RB,Wofford Terriers,,Expected,0,3.0,85.0,2099.0,181.0,2022,2025-12-28T16:31:00,,https://www.on3.com/db/elijah-jackson-anderson-144363/,portal_wire_football_2026
Jeremiah Salem,QB,Eastern Michigan Eagles,,Expected,0,3.0,81.0,2886.0,207.0,2022,2025-12-28T14:20:00,https://on3static.com/uploads/assets/412/576/576412.png,https://www.on3.com/db/jeremiah-salem-156177/,portal_wire_football_2026
Abiathar Curry,OT,Northern Illinois Huskies,,Expected,0,3.0,85.0,2098.0,173.0,2022,2025-12-28T13:41:00,https://on3static.com/uploads/assets/803/575/575803.jpeg,https://www.on3.com/db/abiathar-curry-149550/,portal_wire_football_2026
Trevor Newkirk,OT,Cal Poly Mustangs,,Expected,0,3.0,82.0,2823.0,218.0,2024,2025-12-28T13:39:00,https://on3static.com/uploads/assets/493/143/143493.png,https://www.on3.com/db/trevor-newkirk-175938/,portal_wire_football_2026
Umari Hatcher,WR,Syracuse Orange,,Expected,0,3.0,85.0,2094.0,286.0,2021,2025-12-28T11:59:00,https://on3static.com/uploads/assets/956/12/12956.jpeg,https://www.on3.com/db/umari-hatcher-119187/,portal_wire_football_2026
Kaleb James,DL,Arkansas Razorbacks,,Expected,0,3.0,85.0,2095.0,221.0,2023,2025-12-28T11:49:00,https://on3static.com/uploads/assets/981/303/303981.png,https://www.on3.com/db/kaleb-james-144624/,portal_wire_football_2026
Makenzie McGill,RB,North Texas Mean Green,,Entered,0,3.0,87.0,566.0,79.0,2023,2025-12-28T11:28:00,https://on3static.com/uploads/assets/660/219/219660.png,https://www.on3.com/db/makenzie-mcgill-158568/,portal_wire_football_2026
Mychal McMullin,DL,James Madison Dukes,,Expected,0,3.0,87.0,567.0,78.0,2023,2025-12-28T11:11:00,https://on3static.com/uploads/assets/355/321/321355.png,https://www.on3.com/db/mychal-mcmullin-145880/,portal_wire_football_2026
Greg Ard,RB,Boise State Broncos,,Expected,0,3.0,86.0,1342.0,138.0,2025,2025-12-28T11:10:00,https://on3static.com/uploads/assets/938/413/413938.png,https://www.on3.com/db/greg-ard-249443/,portal_wire_football_2026
Myles Norwood,CB,South Carolina Gamecocks,,Expected,0,3.0,86.0,1344.0,152.0,2021,2025-12-28T11:01:00,https://on3static.com/uploads/assets/872/225/225872.png,https://www.on3.com/db/myles-norwood-90740/,portal_wire_football_2026
Reed Blake-Thomas,LB,Eastern Illinois Panthers,,Expected,0,3.0,81.0,2885.0,280.0,2025,2025-12-28T10:58:00,https://on3static.com/uploads/assets/427/576/576427.png,https://www.on3.com/db/reed-blake-thomas-161942/,portal_wire_football_2026
Bryan Whitehead,EDGE,Arkansas State Red Wolves,,Expected,0,3.0,87.0,563.0,82.0,2021,2025-12-28T10:53:00,https://on3static.com/uploads/assets/182/576/576182.png,https://www.on3.com/db/bryan-whitehead-173798/,portal_wire_football_2026
Jacob Booth,OT,Central Michigan Chippewas,,Expected,0,3.0,86.0,1352.0,105.0,2023,2025-12-28T08:28:00,https://on3static.com/uploads/assets/130/576/576130.png,https://www.on3.com/db/jacob-booth-151206/,portal_wire_football_2026
Caleb Schmidt,LS,Minot State Beavers,Iowa State Cyclones,Committed,0,,,,,2023,2025-12-27T18:22:00,https://on3static.com/uploads/assets/617/575/575617.jpeg,https://www.on3.com/db/caleb-schmidt-283508/,portal_wire_football_2026
Maurice Clipper Jr.,IOL,Charlotte 49ers,,Expected,0,3.0,85.0,2102.0,177.0,2022,2025-12-27T17:39:00,https://on3static.com/uploads/assets/722/386/386722.jpg,https://www.on3.com/db/maurice-clipper-jr-86347/,portal_wire_football_2026
Kam Weaver,LB,Troy Trojans,,Entered,0,3.0,84.0,2472.0,245.0,2024,2025-12-27T17:34:00,https://on3static.com/uploads/assets/194/221/221194.png,https://www.on3.com/db/kam-weaver-177824/,portal_wire_football_2026
Amar Thomas,DL,James Madison Dukes,,Expected,0,,,,,2022,2025-12-27T12:37:00,https://on3static.com/uploads/assets/425/178/178425.jpeg,https://www.on3.com/db/amar-thomas-4168/,portal_wire_football_2026
Xavier Bausley,OT,West Virginia Mountaineers,,Expected,0,3.0,87.0,569.0,72.0,2022,2025-12-27T10:59:00,https://on3static.com/uploads/assets/250/181/181250.png,https://www.on3.com/db/xavier-bausley-121926/,portal_wire_football_2026
Marcus Wimberly,S,Oklahoma Sooners,,Expected,0,3.0,88.0,974.0,41.0,2025,2025-12-26T20:46:00,https://on3static.com/uploads/assets/713/242/242713.png,https://www.on3.com/db/marcus-wimberly-236317/,portal_wire_football_2026
Jayden Tuia,IOL,Oregon State Beavers,,Expected,0,,,,,2024,2025-12-26T19:05:00,,https://www.on3.com/db/jayden-tuia-239339/,portal_wire_football_2026
Lipe Moala,IOL,Oregon Ducks,,Expected,0,3.0,87.0,573.0,110.0,2023,2025-12-26T18:43:00,https://on3static.com/uploads/assets/23/219/219023.png,https://www.on3.com/db/lipe-moala-79560/,portal_wire_football_2026
Carlos Slayden,IOL,Southern Miss Golden Eagles,,Expected,0,3.0,84.0,2461.0,199.0,2022,2025-12-26T18:13:00,https://on3static.com/uploads/assets/428/304/304428.jpg,https://www.on3.com/db/carlos-slayden-237294/,portal_wire_football_2026
Thomas Amankwaa,WR,Delaware Fightin' Blue Hens,,Expected,0,3.0,84.0,2459.0,383.0,2022,2025-12-26T13:58:00,https://on3static.com/uploads/assets/217/575/575217.png,https://www.on3.com/db/thomas-amankwaa-112212/,portal_wire_football_2026
Dylan Mann,DL,Troy Trojans,,Expected,0,3.0,83.0,2691.0,310.0,2023,2025-12-26T09:43:00,https://on3static.com/uploads/assets/956/58/58956.PNG,https://www.on3.com/db/dylan-mann-39962/,portal_wire_football_2026
ShuMond Johnson,EDGE,Troy Trojans,,Entered,0,3.0,82.0,2822.0,218.0,2024,2025-12-26T09:42:00,https://on3static.com/uploads/assets/7/318/318007.png,https://www.on3.com/db/shumond-johnson-235993/,portal_wire_football_2026
Michael Parkes,WR,Iowa State Cyclones,,Expected,0,3.0,84.0,2458.0,378.0,2023,2025-12-26T08:30:00,https://on3static.com/uploads/assets/858/225/225858.png,https://www.on3.com/db/michael-parkes-151121/,portal_wire_football_2026
Jace Gilbert,P,Iowa State Cyclones,,Expected,0,3.0,80.0,2998.0,35.0,2022,2025-12-25T16:45:00,https://on3static.com/uploads/assets/861/225/225861.png,https://www.on3.com/db/jace-gilbert-150497/,portal_wire_football_2026
Parker Peterson,OT,Memphis Tigers,,Entered,0,3.0,81.0,2883.0,221.0,2023,2025-12-24T18:27:00,https://on3static.com/uploads/assets/539/214/214539.jpeg,https://www.on3.com/db/parker-peterson-153543/,portal_wire_football_2026
Khyair Spain,RB,Memphis Tigers,,Entered,0,3.0,84.0,2454.0,193.0,2024,2025-12-24T14:13:00,https://on3static.com/uploads/assets/475/147/147475.png,https://www.on3.com/db/khyair-spain-161944/,portal_wire_football_2026
Ethan Newman,IOL,Memphis Tigers,,Entered,0,3.0,87.0,554.0,86.0,2023,2025-12-24T14:00:00,https://on3static.com/uploads/assets/722/381/381722.jpg,https://www.on3.com/db/ethan-newman-246667/,portal_wire_football_2026
Jalen Charles,EDGE,Memphis Tigers,,Entered,0,3.0,84.0,2457.0,200.0,2024,2025-12-24T13:59:00,https://on3static.com/uploads/assets/757/148/148757.png,https://www.on3.com/db/jalen-charles-174340/,portal_wire_football_2026
James Jones,RB,Delaware State Hornets,,Expected,0,3.0,87.0,982.0,82.0,2022,2025-12-24T10:09:00,https://on3static.com/uploads/assets/194/576/576194.png,https://www.on3.com/db/james-jones-246943/,portal_wire_football_2026
Kenyon Rivera,LB,Memphis Tigers,,Entered,0,3.0,85.0,2086.0,214.0,2025,2025-12-23T21:26:00,https://on3static.com/uploads/assets/672/184/184672.png,https://www.on3.com/db/kenyon-rivera-180115/,portal_wire_football_2026
Talibi Kaba,LB,Rutgers Scarlet Knights,,Entered,0,3.0,87.0,555.0,110.0,2025,2025-12-23T18:09:00,https://on3static.com/uploads/assets/761/464/464761.png,https://www.on3.com/db/talibi-kaba-176430/,portal_wire_football_2026
Luke Duncan,QB,UCLA Bruins,,Expected,0,3.0,85.0,2087.0,130.0,2023,2025-12-23T16:00:00,https://on3static.com/uploads/assets/978/214/214978.jpeg,https://www.on3.com/db/luke-duncan-80619/,portal_wire_football_2026
Kavion Benton,DL,Memphis Tigers,,Entered,0,3.0,84.0,2452.0,266.0,2024,2025-12-23T14:46:00,https://on3static.com/uploads/assets/158/53/53158.jpg,https://www.on3.com/db/kavion-benton-151667/,portal_wire_football_2026
Jayden Marable,DL,Memphis Tigers,,Entered,0,3.0,87.0,549.0,111.0,2023,2025-12-23T14:40:00,https://on3static.com/uploads/assets/608/214/214608.jpeg,https://www.on3.com/db/jayden-marable-156432/,portal_wire_football_2026
Trevor Duncan,OT,Tennessee Volunteers,,Expected,0,3.0,85.0,2083.0,182.0,2023,2025-12-23T14:24:00,https://on3static.com/uploads/assets/190/226/226190.jpeg,https://www.on3.com/db/trevor-duncan-115708/,portal_wire_football_2026
Keshawn Thomas,LB,Old Dominion Monarchs,,Expected,0,3.0,86.0,1327.0,147.0,2023,2025-12-23T13:45:00,https://on3static.com/uploads/assets/83/389/389083.png,https://www.on3.com/db/keshawn-thomas-246779/,portal_wire_football_2026
RL Miller,LB,Fresno State Bulldogs,,Entered,0,3.0,84.0,2450.0,216.0,2023,2025-12-23T13:21:00,https://on3static.com/uploads/assets/253/574/574253.png,https://www.on3.com/db/rl-miller-153936/,portal_wire_football_2026
James Heard,LB,Syracuse Orange,,Expected,0,3.0,85.0,2079.0,199.0,2023,2025-12-23T12:49:00,https://on3static.com/uploads/assets/376/28/28376.jpg,https://www.on3.com/db/james-heard-55624/,portal_wire_football_2026
Chinedu Onyeagoro,EDGE,North Carolina Tar Heels,,Expected,0,3.0,86.0,1320.0,135.0,2025,2025-12-23T12:19:00,https://on3static.com/uploads/assets/900/470/470900.jpg,https://www.on3.com/db/chinedu-onyeagoro-174507/,portal_wire_football_2026
Capri Martin,DL,Villanova Wildcats,,Expected,0,3.0,86.0,1319.0,140.0,2023,2025-12-23T11:56:00,https://on3static.com/uploads/assets/319/574/574319.png,https://www.on3.com/db/capri-martin-161920/,portal_wire_football_2026
Logan Greer,IOL,"California, Pa. Vulcans",Marshall Thundering Herd,Committed,0,3.0,84.0,2451.0,198.0,2023,2025-12-23T11:46:00,https://on3static.com/uploads/assets/312/574/574312.png,https://www.on3.com/db/logan-greer-283458/,portal_wire_football_2026
Tate Carney,RB,Wake Forest Demon Deacons,,Expected,0,3.0,86.0,1326.0,154.0,2022,2025-12-23T11:25:00,https://on3static.com/uploads/assets/604/86/86604.jpeg,https://www.on3.com/db/tate-carney-110407/,portal_wire_football_2026
Bijay Boldin,S,Georgetown Hoyas,,Expected,0,3.0,86.0,1329.0,165.0,2023,2025-12-23T10:58:00,https://on3static.com/uploads/assets/321/574/574321.png,https://www.on3.com/db/bijay-boldin-150712/,portal_wire_football_2026
Justin Content,CB,UTEP Miners,,Expected,0,3.0,86.0,1333.0,205.0,2024,2025-12-23T10:14:00,https://on3static.com/uploads/assets/836/228/228836.png,https://www.on3.com/db/justin-content-236789/,portal_wire_football_2026
Sidoine Djimbou,S,Stonehill College Skyhawks,,Expected,0,3.0,85.0,2088.0,205.0,2023,2025-12-23T10:04:00,https://on3static.com/uploads/assets/326/574/574326.png,https://www.on3.com/db/sidoine-djimbou-283459/,portal_wire_football_2026
Enock Sibomana,LB,Wyoming Cowboys,,Expected,0,3.0,87.0,550.0,98.0,2021,2025-12-23T09:35:00,https://on3static.com/uploads/assets/755/438/438755.jpg,https://www.on3.com/db/enock-sibomana-41893/,portal_wire_football_2026
Hayden Hanks,DL,Boise State Broncos,,Entered,0,3.0,83.0,2689.0,306.0,2024,2025-12-23T09:29:00,https://on3static.com/uploads/assets/292/229/229292.png,https://www.on3.com/db/hayden-hanks-177377/,portal_wire_football_2026
Ayo Shotomide-King,WR,Oklahoma State Cowboys,,Entered,0,3.0,82.0,2820.0,411.0,2022,2025-12-22T21:28:00,https://on3static.com/uploads/assets/133/574/574133.png,https://www.on3.com/db/ayo-shotomide-king-283452/,portal_wire_football_2026
Dwight Lewis III,CB,Mississippi State Bulldogs,,Expected,0,3.0,82.0,2819.0,331.0,2021,2025-12-22T21:12:00,https://on3static.com/uploads/assets/580/394/394580.png,https://www.on3.com/db/dwight-lewis-iii-247290/,portal_wire_football_2026
Taz Reddicks,WR,Oregon State Beavers,,Expected,0,3.0,86.0,966.0,214.0,2023,2025-12-22T21:08:00,https://on3static.com/uploads/assets/465/225/225465.png,https://www.on3.com/db/taz-reddicks-146432/,portal_wire_football_2026
Roger Gradney,S,Nebraska Cornhuskers,,Entered,0,3.0,86.0,1309.0,143.0,2024,2025-12-22T19:36:00,https://on3static.com/uploads/assets/425/333/333425.png,https://www.on3.com/db/roger-gradney-155087/,portal_wire_football_2026
Miles Burris,WR,Charlotte 49ers,,Expected,0,3.0,84.0,2449.0,376.0,2024,2025-12-22T17:18:00,https://on3static.com/uploads/assets/368/319/319368.png,https://www.on3.com/db/miles-burris-161982/,portal_wire_football_2026
Antonio Tripp,IOL,FIU Golden Panthers,,Entered,0,3.0,87.0,543.0,101.0,2023,2025-12-22T16:32:00,https://on3static.com/uploads/assets/562/222/222562.jpg,https://www.on3.com/db/antonio-tripp-7114/,portal_wire_football_2026
Tim Brantley Jr.,DL,Missouri State University Bears,,Expected,0,3.0,86.0,1317.0,165.0,2023,2025-12-22T16:10:00,https://on3static.com/uploads/assets/883/573/573883.png,https://www.on3.com/db/tim-brantley-jr-283445/,portal_wire_football_2026
Jalen Stewart,LB,Temple Owls,,Expected,0,3.0,86.0,1313.0,165.0,2020,2025-12-22T13:39:00,https://on3static.com/uploads/assets/188/26/26188.png,https://www.on3.com/db/jalen-stewart-54539/,portal_wire_football_2026
RJ Chapman,S,Merrimack Warriors,,Expected,0,3.0,83.0,2688.0,264.0,2022,2025-12-22T13:29:00,https://on3static.com/uploads/assets/847/573/573847.png,https://www.on3.com/db/rj-chapman-100649/,portal_wire_football_2026
Jeremiah Sandiford,DL,Tennessee Tech Golden Eagles,,Expected,0,3.0,85.0,2078.0,236.0,2023,2025-12-22T13:04:00,https://on3static.com/uploads/assets/860/573/573860.png,https://www.on3.com/db/jeremiah-sandiford-157933/,portal_wire_football_2026
Anthony Busa,S,Stonehill College Skyhawks,,Entered,0,3.0,84.0,2447.0,237.0,0,2025-12-22T12:56:00,https://on3static.com/uploads/assets/878/229/229878.png,https://www.on3.com/db/anthony-busa-237888/,portal_wire_football_2026
Elijah Groves,LB,NC State Wolfpack,,Expected,0,3.0,87.0,954.0,79.0,2024,2025-12-22T12:55:00,https://on3static.com/uploads/assets/167/333/333167.png,https://www.on3.com/db/elijah-groves-175444/,portal_wire_football_2026
Drew Sellon,WR,Morningside University Mustangs,,Entered,0,3.0,86.0,1308.0,270.0,2022,2025-12-22T12:43:00,https://on3static.com/uploads/assets/843/573/573843.png,https://www.on3.com/db/drew-sellon-283443/,portal_wire_football_2026
Keith Williams,LB,Cornell Big Red,,Expected,0,3.0,86.0,1305.0,130.0,2024,2025-12-22T12:23:00,https://on3static.com/uploads/assets/784/573/573784.png,https://www.on3.com/db/keith-williams-154557/,portal_wire_football_2026
Kamore Harris,LB,Memphis Tigers,,Entered,0,3.0,84.0,2448.0,242.0,2024,2025-12-22T11:52:00,https://on3static.com/uploads/assets/752/228/228752.png,https://www.on3.com/db/kamore-harris-176119/,portal_wire_football_2026
Gerald Modest,RB,Wofford Terriers,,Expected,0,3.0,86.0,1307.0,152.0,2024,2025-12-22T11:41:00,https://on3static.com/uploads/assets/742/573/573742.png,https://www.on3.com/db/gerald-modest-151072/,portal_wire_football_2026
Javious Bond,S,Austin Peay Governors,,Expected,0,3.0,86.0,1315.0,189.0,2023,2025-12-22T11:38:00,https://on3static.com/uploads/assets/738/573/573738.png,https://www.on3.com/db/javious-bond-151130/,portal_wire_football_2026
Jackson Brown,OT,Pittsburgh Panthers,,Entered,0,,,,,2022,2025-12-22T10:53:00,https://on3static.com/uploads/assets/345/168/168345.png,https://www.on3.com/db/jackson-brown-51509/,portal_wire_football_2026
Tanner Allen,DL,Texas Tech Red Raiders,,Expected,0,3.0,83.0,2693.0,308.0,2022,2025-12-22T09:35:00,https://on3static.com/uploads/assets/970/574/574970.PNG,https://www.on3.com/db/tanner-allen-283496/,portal_wire_football_2026
Joshua White,DL,Memphis Tigers,,Expected,0,3.0,84.0,2446.0,268.0,2022,2025-12-21T22:53:00,https://on3static.com/uploads/assets/426/214/214426.jpeg,https://www.on3.com/db/joshua-white-68153/,portal_wire_football_2026
Taccofah Lewis,IOL,Memphis Tigers,,Entered,0,3.0,83.0,2687.0,224.0,2024,2025-12-21T22:48:00,https://on3static.com/uploads/assets/760/228/228760.png,https://www.on3.com/db/taccofah-lewis-153762/,portal_wire_football_2026
Jay Carter,LB,West Georgia Wolves,,Entered,0,,,,,2022,2025-12-21T22:21:00,https://on3static.com/uploads/assets/32/586/586032.PNG,https://www.on3.com/db/jay-carter-232089/,portal_wire_football_2026
Isaiah Dawson,WR,Richmond Spiders,,Entered,0,,,,,2024,2025-12-21T20:02:00,https://on3static.com/uploads/assets/685/580/580685.png,https://www.on3.com/db/isaiah-dawson-283667/,portal_wire_football_2026
Christian Ross,TE,Memphis Tigers,,Entered,0,3.0,86.0,1303.0,96.0,2023,2025-12-21T15:28:00,https://on3static.com/uploads/assets/579/214/214579.jpeg,https://www.on3.com/db/christian-ross-153488/,portal_wire_football_2026
Christian Zachary,WR,NC State Wolfpack,,Entered,0,3.0,85.0,2075.0,322.0,2024,2025-12-21T13:42:00,https://on3static.com/uploads/assets/377/297/297377.png,https://www.on3.com/db/christian-zachary-178679/,portal_wire_football_2026
Ronnie Mageo,DL,Baylor Bears,,Entered,0,3.0,83.0,2684.0,301.0,2022,2025-12-21T10:59:00,https://on3static.com/uploads/assets/599/329/329599.png,https://www.on3.com/db/ronnie-mageo-244370/,portal_wire_football_2026
Daniel Jackson,WR,Iowa State Cyclones,,Expected,0,3.0,85.0,2074.0,308.0,2020,2025-12-21T09:57:00,https://on3static.com/uploads/dev/assets/149/9/9149.jpg,https://www.on3.com/db/daniel-jackson-143480/,portal_wire_football_2026
Jackson Biser,LB,West Virginia Mountaineers,,Entered,0,3.0,82.0,2821.0,267.0,0,2025-12-21T09:34:00,https://on3static.com/uploads/assets/114/305/305114.png,https://www.on3.com/db/jackson-biser-241801/,portal_wire_football_2026
Traevon Mitchell,DL,USF Bulls,,Entered,0,3.0,89.0,205.0,19.0,2022,2025-12-20T15:59:00,https://on3static.com/uploads/assets/515/442/442515.png,https://www.on3.com/db/traevon-mitchell-250915/,portal_wire_football_2026
Jack Foster,OT,Nevada Wolf Pack,,Expected,0,3.0,86.0,1296.0,117.0,2022,2025-12-20T15:21:00,https://on3static.com/uploads/assets/872/572/572872.png,https://www.on3.com/db/jack-foster-222642/,portal_wire_football_2026
Ty Collins,QB,Memphis Tigers,,Entered,0,3.0,81.0,2880.0,206.0,2024,2025-12-20T09:36:00,https://on3static.com/uploads/assets/952/576/576952.png,https://www.on3.com/db/ty-collins-261560/,portal_wire_football_2026
Ken Moore Jr.,CB,Western Carolina Catamounts,,Expected,0,3.0,87.0,2060.0,94.0,2022,2025-12-19T16:36:00,https://on3static.com/uploads/assets/379/572/572379.png,https://www.on3.com/db/ken-moore-jr-72632/,portal_wire_football_2026
Brandon Best,IOL,Kennesaw State Owls,,Expected,0,3.0,88.0,949.0,49.0,2022,2025-12-19T16:34:00,https://on3static.com/uploads/assets/583/86/86583.jpg,https://www.on3.com/db/brandon-best-12198/,portal_wire_football_2026
David Washington Jr.,WR,Kentucky Wildcats,,Entered,0,,,,,2024,2025-12-19T16:18:00,https://on3static.com/uploads/assets/165/76/76165.png,https://www.on3.com/db/david-washington-jr-32194/,portal_wire_football_2026
Hunter Patterson,RB,West Liberty Hilltoppers,Old Dominion Monarchs,Committed,0,0.0,,,,2024,2025-12-19T16:15:00,https://on3static.com/uploads/assets/263/567/567263.png,https://www.on3.com/db/hunter-patterson-283113/,portal_wire_football_2026
Jaylen King,QB,Florida State Seminoles,,Expected,0,3.0,83.0,2683.0,191.0,2023,2025-12-19T15:55:00,https://on3static.com/uploads/assets/395/443/443395.png,https://www.on3.com/db/jaylen-king-250948/,portal_wire_football_2026
Kenzy Paul,S,Duke Blue Devils,,Expected,0,3.0,84.0,2443.0,234.0,2022,2025-12-19T15:46:00,https://on3static.com/uploads/assets/979/85/85979.jpg,https://www.on3.com/db/kenzy-paul-73588/,portal_wire_football_2026
Ke'Breion Winston,LB,Baylor Bears,,Expected,0,3.0,84.0,2357.0,222.0,2025,2025-12-19T14:59:00,https://on3static.com/uploads/assets/52/161/161052.png,https://www.on3.com/db/kebreion-winston-176960/,portal_wire_football_2026
Ralph Ortiz,LB,Kansas State Wildcats,,Expected,0,3.0,83.0,2682.0,259.0,2022,2025-12-19T14:58:00,https://on3static.com/uploads/assets/379/396/396379.png,https://www.on3.com/db/ralph-ortiz-98110/,portal_wire_football_2026
Gavin Garcia,RB,Kent State Golden Flashes,,Expected,0,3.0,86.0,1298.0,132.0,2022,2025-12-19T14:15:00,https://on3static.com/uploads/assets/372/572/572372.png,https://www.on3.com/db/gavin-garcia-45384/,portal_wire_football_2026
Devin Ancrum,DL,North Carolina Tar Heels,,Expected,0,3.0,86.0,1293.0,202.0,2025,2025-12-19T14:01:00,https://on3static.com/uploads/assets/947/470/470947.png,https://www.on3.com/db/devin-ancrum-179941/,portal_wire_football_2026
Ethan Hubbard,OT,South Alabama Jaguars,,Expected,0,3.0,86.0,1291.0,131.0,2023,2025-12-19T13:35:00,https://on3static.com/uploads/assets/821/164/164821.png,https://www.on3.com/db/ethan-hubbard-151634/,portal_wire_football_2026
Ja'Quez Cross,RB,Arkansas State Red Wolves,,Entered,0,3.0,86.0,1300.0,146.0,2021,2025-12-19T12:46:00,https://on3static.com/uploads/assets/140/16/16140.jpeg,https://www.on3.com/db/jaquez-cross-50674/,portal_wire_football_2026
Quaveon Davis,OT,Jackson State Tigers,,Expected,0,3.0,85.0,2062.0,179.0,2023,2025-12-19T12:18:00,https://on3static.com/uploads/assets/373/572/572373.png,https://www.on3.com/db/quaveon-davis-154750/,portal_wire_football_2026
Jason Duclona,CB,East Tennessee State Buccaneers,,Expected,0,3.0,85.0,2068.0,254.0,2023,2025-12-19T08:44:00,https://on3static.com/uploads/assets/327/572/572327.png,https://www.on3.com/db/jason-duclona-57515/,portal_wire_football_2026
Dylan Davidson,P,Emporia State Hornets,Kansas State Wildcats,Committed,0,3.0,80.0,2992.0,33.0,2025,2025-12-18T22:07:00,https://on3static.com/uploads/assets/100/572/572100.png,https://www.on3.com/db/dylan-davidson-283402/,portal_wire_football_2026
Will Cornelson,LB,Idaho Vandals,,Expected,0,3.0,83.0,2681.0,249.0,2022,2025-12-18T19:25:00,https://on3static.com/uploads/assets/374/572/572374.png,https://www.on3.com/db/will-cornelson-283418/,portal_wire_football_2026
Kannon Katzer,RB,West Virginia Mountaineers,,Expected,0,3.0,81.0,2879.0,231.0,2020,2025-12-18T16:35:00,https://on3static.com/uploads/dev/assets/300/3/3300.jpg,https://www.on3.com/db/kannon-katzer-144946/,portal_wire_football_2026
Jaden Mosley,LB,Samford Bulldogs,,Expected,0,3.0,87.0,537.0,97.0,2021,2025-12-18T16:30:00,https://on3static.com/uploads/assets/378/572/572378.png,https://www.on3.com/db/jaden-mosley-52657/,portal_wire_football_2026
Cooper Starks,IOL,Vanderbilt Commodores,,Expected,0,3.0,84.0,2440.0,212.0,2023,2025-12-18T14:22:00,https://on3static.com/uploads/assets/319/332/332319.png,https://www.on3.com/db/cooper-starks-151226/,portal_wire_football_2026
Ethan Head,K,West Virginia Mountaineers,,Expected,0,3.0,80.0,2991.0,27.0,2024,2025-12-18T14:04:00,https://on3static.com/uploads/assets/949/400/400949.jpg,https://www.on3.com/db/ethan-head-247985/,portal_wire_football_2026
Lance Byndon,LB,Morgan State Bears,,Expected,0,3.0,87.0,538.0,118.0,2023,2025-12-18T14:00:00,https://on3static.com/uploads/assets/237/572/572237.png,https://www.on3.com/db/lance-byndon-154046/,portal_wire_football_2026
Jason Cross,S,West Virginia Mountaineers,,Expected,0,3.0,85.0,2055.0,199.0,2024,2025-12-18T13:44:00,https://on3static.com/uploads/assets/620/172/172620.png,https://www.on3.com/db/jason-cross-158649/,portal_wire_football_2026
Caleb Nuhi-Yandall,LB,West Virginia Mountaineers,,Expected,0,3.0,81.0,2878.0,271.0,0,2025-12-18T13:44:00,https://on3static.com/uploads/assets/590/481/481590.jpg,https://www.on3.com/db/caleb-nuhi-yandall-261518/,portal_wire_football_2026
Clay Ash,RB,West Virginia Mountaineers,,Expected,0,3.0,85.0,2057.0,186.0,2024,2025-12-18T13:43:00,https://on3static.com/uploads/assets/80/305/305080.png,https://www.on3.com/db/clay-ash-238216/,portal_wire_football_2026
Salem Wahab,LS,UCLA Bruins,,Expected,0,,,,,0,2025-12-18T12:54:00,,https://www.on3.com/db/salem-wahab-227114/,portal_wire_football_2026
Jaylen Jenkins,RB,Texas State Bobcats,,Expected,0,3.0,85.0,2059.0,179.0,2022,2025-12-18T11:03:00,https://on3static.com/uploads/assets/356/219/219356.png,https://www.on3.com/db/jaylen-jenkins-144444/,portal_wire_football_2026
Giovanni Adopte,WR,Gardner-Webb Runnin' Bulldogs,,Expected,0,3.0,84.0,2439.0,375.0,2023,2025-12-18T11:02:00,https://on3static.com/uploads/assets/449/70/70449.jpg,https://www.on3.com/db/giovanni-adopte-152573/,portal_wire_football_2026
Mikah Coleman,EDGE,Cincinnati Bearcats,,Expected,0,3.0,87.0,939.0,76.0,2020,2025-12-18T11:00:00,https://on3static.com/uploads/assets/878/264/264878.jpeg,https://www.on3.com/db/mikah-coleman-88699/,portal_wire_football_2026
Cardell Williams,QB,Sacramento State Hornets,,Expected,0,3.0,86.0,1271.0,121.0,2022,2025-12-18T08:45:00,https://on3static.com/uploads/assets/813/571/571813.png,https://www.on3.com/db/cardell-williams-18320/,portal_wire_football_2026
Bredell Richardson,WR,UCF Knights,,Expected,0,3.0,86.0,1272.0,223.0,2024,2025-12-17T23:08:00,https://on3static.com/uploads/assets/679/564/564679.PNG,https://www.on3.com/db/bredell-richardson-13657/,portal_wire_football_2026
Deuce Lee,S,Monmouth Hawks,,Expected,0,3.0,86.0,1262.0,129.0,2023,2025-12-17T20:13:00,https://on3static.com/uploads/assets/825/571/571825.png,https://www.on3.com/db/deuce-lee-283387/,portal_wire_football_2026
Omari Abor,DL,SMU Mustangs,,Expected,0,3.0,86.0,1840.0,195.0,2022,2025-12-17T17:12:00,https://on3static.com/uploads/assets/492/221/221492.jpeg,https://www.on3.com/db/omari-abor-94434/,portal_wire_football_2026
Sesi Vailahi,RB,Oklahoma State Cowboys,,Entered,0,3.0,85.0,2049.0,184.0,2023,2025-12-17T17:02:00,https://on3static.com/uploads/assets/585/226/226585.png,https://www.on3.com/db/sesi-vailahi-105954/,portal_wire_football_2026
Collins Acheampong,EDGE,Bowling Green Falcons,,Expected,0,3.0,86.0,1269.0,158.0,2023,2025-12-17T15:01:00,https://on3static.com/uploads/assets/428/222/222428.jpg,https://www.on3.com/db/collins-acheampong-151071/,portal_wire_football_2026
Tank Hawkins,WR,Florida Gators,,Expected,0,3.0,87.0,933.0,122.0,2024,2025-12-17T13:43:00,https://on3static.com/uploads/assets/918/287/287918.png,https://www.on3.com/db/tank-hawkins-152997/,portal_wire_football_2026
Chance Tucker,CB,Notre Dame Fighting Irish,,Entered,0,3.0,85.0,2052.0,242.0,2021,2025-12-17T11:51:00,https://on3static.com/uploads/assets/948/235/235948.jpeg,https://www.on3.com/db/chance-tucker-19833/,portal_wire_football_2026
Brian Alston,DL,East Tennessee State Buccaneers,,Expected,0,3.0,86.0,1257.0,191.0,2023,2025-12-17T11:05:00,https://on3static.com/uploads/assets/387/571/571387.png,https://www.on3.com/db/brian-alston-151202/,portal_wire_football_2026
Jyzaiah Rockwell,WR,Prairie View A&M Panthers,,Expected,0,3.0,87.0,1261.0,104.0,2022,2025-12-17T09:33:00,https://on3static.com/uploads/assets/640/181/181640.png,https://www.on3.com/db/jyzaiah-rockwell-58490/,portal_wire_football_2026
Carson Camp,QB,Southeastern Louisiana Lions,,Expected,0,3.0,85.0,2045.0,154.0,2020,2025-12-17T09:05:00,https://on3static.com/uploads/assets/243/571/571243.png,https://www.on3.com/db/carson-camp-18728/,portal_wire_football_2026
Brody Richter,P,Minnesota Golden Gophers,,Expected,0,3.0,80.0,2990.0,32.0,0,2025-12-17T09:02:00,https://on3static.com/uploads/assets/606/442/442606.png,https://www.on3.com/db/brody-richter-242137/,portal_wire_football_2026
Laquan Robinson,S,Kansas Jayhawks,,Expected,0,3.0,84.0,2430.0,243.0,2022,2025-12-16T21:42:00,https://on3static.com/uploads/assets/824/246/246824.jpg,https://www.on3.com/db/laquan-robinson-78141/,portal_wire_football_2026
Emeka Lloh,TE,Mississippi State Bulldogs,,Expected,0,3.0,86.0,1274.0,91.0,2022,2025-12-16T17:28:00,https://on3static.com/uploads/assets/655/359/359655.png,https://www.on3.com/db/emeka-lloh-243525/,portal_wire_football_2026
Jeremy St. Hilaire,QB,Vanderbilt Commodores,,Expected,0,3.0,86.0,1841.0,118.0,2024,2025-12-16T17:14:00,https://on3static.com/uploads/assets/356/131/131356.png,https://www.on3.com/db/jeremy-st-hilaire-175007/,portal_wire_football_2026
Landon Bell,WR,Colorado State Rams,,Expected,0,3.0,84.0,2354.0,358.0,2024,2025-12-16T17:11:00,https://on3static.com/uploads/assets/555/236/236555.jpeg,https://www.on3.com/db/landon-bell-153205/,portal_wire_football_2026
Neeo Avery,EDGE,Maryland Terrapins,,Entered,0,3.0,86.0,1838.0,138.0,2023,2025-12-16T16:51:00,https://on3static.com/uploads/assets/689/310/310689.png,https://www.on3.com/db/neeo-avery-146452/,portal_wire_football_2026
Suderian Harrison,WR,Virginia Cavaliers,,Expected,0,3.0,84.0,2353.0,361.0,2023,2025-12-16T16:47:00,https://on3static.com/uploads/assets/172/222/222172.png,https://www.on3.com/db/suderian-harrison-162931/,portal_wire_football_2026
Trey Watkins,S,Long Island University Sharks,,Expected,0,3.0,86.0,2674.0,150.0,2022,2025-12-16T15:55:00,https://on3static.com/uploads/assets/968/570/570968.png,https://www.on3.com/db/trey-watkins-198650/,portal_wire_football_2026
Wesley Miller,S,South Alabama Jaguars,,Expected,0,3.0,86.0,1244.0,151.0,2022,2025-12-16T15:21:00,https://on3static.com/uploads/assets/796/21/21796.jpeg,https://www.on3.com/db/wesley-miller-120472/,portal_wire_football_2026
Peyton Strickland,TE,New Hampshire Wildcats,,Expected,0,3.0,85.0,2041.0,115.0,2023,2025-12-16T13:39:00,https://on3static.com/uploads/assets/932/570/570932.png,https://www.on3.com/db/peyton-strickland-283329/,portal_wire_football_2026
Cody Raymond,LB,Wisconsin Badgers,,Entered,0,3.0,81.0,2876.0,276.0,2024,2025-12-16T12:06:00,https://on3static.com/uploads/assets/916/442/442916.png,https://www.on3.com/db/cody-raymond-238409/,portal_wire_football_2026
Carsten Mamaril,CB,Portland State Vikings,,Expected,0,3.0,88.0,925.0,51.0,2022,2025-12-16T11:55:00,https://on3static.com/uploads/assets/814/570/570814.png,https://www.on3.com/db/carsten-mamaril-283316/,portal_wire_football_2026
Darius Cannon,WR,Murray State Racers,,Expected,0,3.0,87.0,1278.0,145.0,2023,2025-12-16T11:48:00,https://on3static.com/uploads/assets/281/222/222281.png,https://www.on3.com/db/darius-cannon-153074/,portal_wire_football_2026
Zion Fowler,WR,Pittsburgh Panthers,,Expected,0,3.0,84.0,2428.0,338.0,2023,2025-12-16T10:41:00,https://on3static.com/uploads/assets/493/308/308493.png,https://www.on3.com/db/zion-fowler-147289/,portal_wire_football_2026
Josh Ford,TE,Oklahoma State Cowboys,Alabama Crimson Tide,Committed,0,3.0,87.0,875.0,53.0,2024,2025-12-16T10:26:00,https://on3static.com/uploads/assets/531/524/524531.png,https://www.on3.com/db/josh-ford-175476/,portal_wire_football_2026
Ormanie Arnold,CB,Cincinnati Bearcats,,Entered,0,3.0,85.0,2036.0,245.0,2022,2025-12-16T10:00:00,https://on3static.com/uploads/assets/204/276/276204.png,https://www.on3.com/db/ormanie-arnold-150575/,portal_wire_football_2026
Donovan Hawkins,S,Mercer Bears,,Expected,0,3.0,85.0,2043.0,210.0,2023,2025-12-15T21:09:00,https://on3static.com/uploads/assets/699/570/570699.png,https://www.on3.com/db/donovan-hawkins-163771/,portal_wire_football_2026
Josiah Davis,S,Florida Gators,,Expected,0,3.0,86.0,1242.0,145.0,2024,2025-12-15T20:48:00,https://on3static.com/uploads/assets/920/287/287920.png,https://www.on3.com/db/josiah-davis-176261/,portal_wire_football_2026
Jesiah Cornwell,TE,Washington State Cougars,,Entered,0,3.0,84.0,2436.0,145.0,0,2025-12-15T20:26:00,https://on3static.com/uploads/assets/731/411/411731.png,https://www.on3.com/db/jesiah-cornwell-249261/,portal_wire_football_2026
Ferzell Shepard,WR,Mississippi State Bulldogs,,Expected,0,3.0,86.0,1268.0,210.0,2025,2025-12-15T17:25:00,https://on3static.com/uploads/assets/885/158/158885.png,https://www.on3.com/db/ferzell-shepard-177901/,portal_wire_football_2026
Samson Israel,CB,Memphis Tigers,,Entered,0,3.0,84.0,2435.0,299.0,2022,2025-12-15T17:12:00,https://on3static.com/uploads/assets/696/570/570696.png,https://www.on3.com/db/samson-israel-145120/,portal_wire_football_2026
Tony Freeman,WR,Washington State Cougars,,Expected,0,3.0,87.0,484.0,102.0,2022,2025-12-15T17:07:00,https://on3static.com/uploads/assets/665/319/319665.png,https://www.on3.com/db/tony-freeman-113861/,portal_wire_football_2026
Mike Sandjo-Nijiki,DL,Washington State Cougars,,Expected,0,3.0,85.0,2044.0,255.0,2021,2025-12-15T16:46:00,https://on3static.com/uploads/assets/215/219/219215.jpg,https://www.on3.com/db/mike-sandjo-nijiki-154573/,portal_wire_football_2026
Kenton Jerido,IOL,South Alabama Jaguars,,Expected,0,3.0,87.0,1237.0,71.0,2022,2025-12-15T16:25:00,https://on3static.com/uploads/assets/567/570/570567.png,https://www.on3.com/db/kenton-jerido-148146/,portal_wire_football_2026
Marcellius Pulliam,LB,Michigan State Spartans,,Expected,0,3.0,84.0,2431.0,229.0,2023,2025-12-15T15:37:00,https://on3static.com/uploads/assets/539/222/222539.jpg,https://www.on3.com/db/marcellius-pulliam-149733/,portal_wire_football_2026
Antarron Turner,LB,Wisconsin Badgers,,Entered,0,3.0,85.0,2039.0,203.0,2022,2025-12-15T13:38:00,https://on3static.com/uploads/assets/408/394/394408.png,https://www.on3.com/db/antarron-turner-247280/,portal_wire_football_2026
Jason Thompson,WR,Stanford Cardinal,,Expected,0,3.0,83.0,2677.0,394.0,2022,2025-12-15T11:09:00,https://on3static.com/uploads/assets/778/217/217778.png,https://www.on3.com/db/jason-thompson-57828/,portal_wire_football_2026
Dylan Phelps,CB,Colorado State Rams,,Entered,0,3.0,86.0,1243.0,173.0,2023,2025-12-15T10:22:00,https://on3static.com/uploads/assets/757/570/570757.png,https://www.on3.com/db/dylan-phelps-162209/,portal_wire_football_2026
Mac Walters,IOL,South Carolina Gamecocks,,Expected,0,3.0,85.0,2040.0,174.0,2022,2025-12-15T09:44:00,https://on3static.com/uploads/assets/79/257/257079.jpg,https://www.on3.com/db/mac-walters-238860/,portal_wire_football_2026
Cam'Ron King,WR,Auburn Tigers,,Expected,0,3.0,82.0,2814.0,406.0,2024,2025-12-15T09:29:00,https://on3static.com/uploads/assets/662/303/303662.png,https://www.on3.com/db/camron-king-154550/,portal_wire_football_2026
Sean Dugery,IOL,Memphis Tigers,,Entered,0,3.0,86.0,1231.0,159.0,2023,2025-12-14T19:30:00,https://on3static.com/uploads/assets/483/444/444483.jpg,https://www.on3.com/db/sean-dugery-251006/,portal_wire_football_2026
Carrington Pierce,CB,Oklahoma State Cowboys,USC Trojans,Committed,0,3.0,86.0,2662.0,215.0,2024,2025-12-14T17:04:00,https://on3static.com/uploads/assets/812/397/397812.png,https://www.on3.com/db/carrington-pierce-247663/,portal_wire_football_2026
Chase Carter,EDGE,Memphis Tigers,,Entered,0,3.0,86.0,1230.0,161.0,2022,2025-12-14T14:15:00,https://on3static.com/uploads/assets/956/87/87956.jpeg,https://www.on3.com/db/chase-carter-20608/,portal_wire_football_2026
Rico Bond,WR,Lindenwood University Lions,,Expected,0,,,,,2024,2025-12-14T14:09:00,https://on3static.com/uploads/assets/71/51/51071.png,https://www.on3.com/db/rico-bond-151926/,portal_wire_football_2026
Jakhari Williams,QB,Syracuse Orange,,Expected,0,0.0,,,,2024,2025-12-14T10:50:00,https://on3static.com/uploads/assets/603/59/59603.jpg,https://www.on3.com/db/jakhari-williams-152249/,portal_wire_football_2026
Zerian Hudson,IOL,Troy Trojans,,Expected,0,3.0,87.0,528.0,114.0,2022,2025-12-14T10:44:00,https://on3static.com/uploads/assets/496/234/234496.png,https://www.on3.com/db/zerian-hudson-238092/,portal_wire_football_2026
Carson Sloan,LB,Samford Bulldogs,,Expected,0,3.0,87.0,527.0,69.0,2024,2025-12-14T09:58:00,https://on3static.com/uploads/assets/734/570/570734.png,https://www.on3.com/db/carson-sloan-283302/,portal_wire_football_2026
Temerrick Johnson,LB,Oklahoma State Cowboys,,Expected,0,3.0,86.0,1229.0,176.0,2024,2025-12-14T09:09:00,https://on3static.com/uploads/assets/324/233/233324.png,https://www.on3.com/db/temerrick-johnson-157304/,portal_wire_football_2026
Jacques Spradley-Demps,WR,Kansas State Wildcats,,Entered,0,3.0,86.0,1817.0,255.0,2024,2025-12-13T21:20:00,https://on3static.com/uploads/assets/46/233/233046.png,https://www.on3.com/db/jacques-spradley-demps-177803/,portal_wire_football_2026
Andrew Metzger,TE,Kansas State Wildcats,,Expected,0,3.0,85.0,2031.0,117.0,2023,2025-12-13T21:19:00,https://on3static.com/uploads/assets/233/209/209233.jpeg,https://www.on3.com/db/andrew-metzger-148095/,portal_wire_football_2026
Jaylen Thompson,S,Memphis Tigers,,Entered,0,3.0,86.0,1227.0,160.0,2024,2025-12-13T20:40:00,https://on3static.com/uploads/assets/936/404/404936.png,https://www.on3.com/db/jaylen-thompson-147238/,portal_wire_football_2026
Edmari Binion,DL,Colorado State Rams,,Expected,0,3.0,82.0,2813.0,318.0,2024,2025-12-13T10:03:00,https://on3static.com/uploads/assets/702/153/153702.png,https://www.on3.com/db/edmari-binion-177322/,portal_wire_football_2026
Malakhi Boone,LB,UCF Knights,,Expected,0,3.0,87.0,1811.0,99.0,2025,2025-12-13T00:14:00,https://on3static.com/uploads/assets/716/564/564716.PNG,https://www.on3.com/db/malakhi-boone-150816/,portal_wire_football_2026
Fred Clark,LB,Mississippi State Bulldogs,,Expected,0,3.0,85.0,2056.0,200.0,2024,2025-12-12T17:23:00,https://on3static.com/uploads/assets/257/332/332257.png,https://www.on3.com/db/fred-clark-151658/,portal_wire_football_2026
Harrysson Ngassa,EDGE,Illinois Fighting Illini,,Expected,0,3.0,81.0,2874.0,229.0,2024,2025-12-12T16:53:00,https://on3static.com/uploads/assets/45/569/569045.jpg,https://www.on3.com/db/harrysson-ngassa-240648/,portal_wire_football_2026
David Kemp,K,Minnesota Golden Gophers,,Expected,0,3.0,80.0,2988.0,25.0,2021,2025-12-12T16:27:00,https://on3static.com/uploads/assets/514/132/132514.jpeg,https://www.on3.com/db/david-kemp-31765/,portal_wire_football_2026
Hollis Davidson,TE,Auburn Tigers,,Expected,0,3.0,87.0,916.0,41.0,2025,2025-12-12T15:01:00,https://on3static.com/uploads/assets/12/284/284012.jpg,https://www.on3.com/db/hollis-davidson-238151/,portal_wire_football_2026
Camdon Frier,WR,Florida State Seminoles,,Expected,0,3.0,86.0,1214.0,225.0,2024,2025-12-12T15:01:00,https://on3static.com/uploads/assets/978/568/568978.png,https://www.on3.com/db/camdon-frier-17596/,portal_wire_football_2026
Kaleb Hutchinson,S,Mercer Bears,,Expected,0,3.0,85.0,2029.0,204.0,2022,2025-12-12T14:59:00,https://on3static.com/uploads/assets/903/171/171903.png,https://www.on3.com/db/kaleb-hutchinson-146194/,portal_wire_football_2026
Drew Devillier,QB,Rice Owls,,Expected,0,3.0,84.0,2418.0,165.0,2024,2025-12-12T10:30:00,https://on3static.com/uploads/assets/157/221/221157.png,https://www.on3.com/db/drew-devillier-163149/,portal_wire_football_2026
Tae Woody,DL,Louisiana-Monroe Warhawks,,Expected,0,3.0,86.0,1250.0,175.0,2022,2025-12-12T10:11:00,https://on3static.com/uploads/assets/224/86/86224.jpg,https://www.on3.com/db/tae-woody-5798/,portal_wire_football_2026
CJ Miller,RB,Mercer Bears,,Expected,0,3.0,87.0,1207.0,65.0,2022,2025-12-11T22:28:00,https://on3static.com/uploads/assets/816/568/568816.png,https://www.on3.com/db/cj-miller-23636/,portal_wire_football_2026
Ethan Harris,WR,Furman Paladins,,Expected,0,3.0,85.0,2030.0,309.0,2021,2025-12-11T22:26:00,https://on3static.com/uploads/assets/815/568/568815.png,https://www.on3.com/db/ethan-harris-283199/,portal_wire_football_2026
Jamir Benjamin,CB,UCLA Bruins,,Expected,0,3.0,86.0,1216.0,206.0,2024,2025-12-11T22:26:00,https://on3static.com/uploads/assets/858/13/13858.jpeg,https://www.on3.com/db/jamir-benjamin-146460/,portal_wire_football_2026
David Anchondo,OT,Saginaw Valley State Cardinals,Northwestern Wildcats,Committed,0,3.0,86.0,2025.0,124.0,2022,2025-12-11T20:41:00,https://on3static.com/uploads/assets/764/568/568764.png,https://www.on3.com/db/david-anchondo-283185/,portal_wire_football_2026
James Djonkam,LB,Virginia Tech Hokies,,Expected,0,3.0,87.0,524.0,116.0,2021,2025-12-11T18:18:00,https://on3static.com/uploads/assets/982/396/396982.jpg,https://www.on3.com/db/james-djonkam-147886/,portal_wire_football_2026
Kamrin Canterbury,CB,Louisiana-Monroe Warhawks,,Expected,0,3.0,84.0,2419.0,286.0,2023,2025-12-11T16:52:00,https://on3static.com/uploads/assets/532/568/568532.png,https://www.on3.com/db/kamrin-canterbury-283176/,portal_wire_football_2026
Nick Peltekian,S,Lehigh Mountain Hawks,,Expected,0,3.0,86.0,1218.0,161.0,2022,2025-12-11T16:28:00,https://on3static.com/uploads/assets/523/568/568523.png,https://www.on3.com/db/nick-peltekian-199419/,portal_wire_football_2026
Mekhi Buchanan,EDGE,Virginia Cavaliers,,Expected,0,3.0,84.0,2421.0,202.0,2023,2025-12-11T16:25:00,https://on3static.com/uploads/assets/192/222/222192.png,https://www.on3.com/db/mekhi-buchanan-151467/,portal_wire_football_2026
Zechariah Sample,WR,Arizona State Sun Devils,,Expected,0,3.0,86.0,1837.0,235.0,2024,2025-12-11T16:05:00,https://on3static.com/uploads/assets/409/472/472409.jpg,https://www.on3.com/db/zechariah-sample-155703/,portal_wire_football_2026
Alec Wills,CB,Pennsylvania Quakers,,Expected,0,3.0,85.0,2027.0,269.0,2022,2025-12-11T15:56:00,https://on3static.com/uploads/assets/504/568/568504.png,https://www.on3.com/db/alec-wills-147501/,portal_wire_football_2026
Mychal Yharbrough,S,Miami (OH) RedHawks,,Expected,0,3.0,86.0,1215.0,182.0,2023,2025-12-11T14:17:00,https://on3static.com/uploads/assets/979/60/60979.jpg,https://www.on3.com/db/mychal-yharbrough-151367/,portal_wire_football_2026
Ta'kai Chisolm,EDGE,Maine Black Bears,,Expected,0,3.0,86.0,1223.0,154.0,2023,2025-12-11T13:48:00,https://on3static.com/uploads/assets/446/568/568446.png,https://www.on3.com/db/takai-chisolm-153517/,portal_wire_football_2026
Tyler Gillison,EDGE,Michigan State Spartans,,Expected,0,3.0,85.0,2350.0,178.0,2022,2025-12-11T13:12:00,https://on3static.com/uploads/assets/427/568/568427.png,https://www.on3.com/db/tyler-gillison-117608/,portal_wire_football_2026
Dalton Anderson,QB,Washington State Cougars,,Expected,0,3.0,83.0,2676.0,185.0,2025,2025-12-11T12:32:00,https://on3static.com/uploads/assets/720/378/378720.png,https://www.on3.com/db/dalton-anderson-246591/,portal_wire_football_2026
Darius Snow,LB,Michigan State Spartans,,Expected,0,3.0,87.0,1208.0,72.0,2020,2025-12-11T10:07:00,https://on3static.com/uploads/assets/161/235/235161.png,https://www.on3.com/db/darius-snow-30414/,portal_wire_football_2026
Armahn Hale,S,New Mexico State Aggies,,Expected,0,3.0,86.0,1212.0,123.0,2022,2025-12-11T09:08:00,https://on3static.com/uploads/assets/390/446/446390.png,https://www.on3.com/db/armahn-hale-239351/,portal_wire_football_2026
Bruno Zandamela,OT,Jackson State Tigers,,Expected,0,3.0,84.0,2414.0,207.0,2021,2025-12-10T22:37:00,,https://www.on3.com/db/bruno-zandamela-15370/,portal_wire_football_2026
Dominique McKenzie,WR,BYU Cougars,,Entered,0,3.0,86.0,1199.0,257.0,2022,2025-12-10T22:01:00,https://on3static.com/uploads/assets/399/12/12399.jpg,https://www.on3.com/db/dominique-mckenzie-37730/,portal_wire_football_2026
Nicholas Reeves,IOL,Temple Owls,,Entered,0,3.0,81.0,2872.0,245.0,2024,2025-12-10T20:29:00,https://on3static.com/uploads/assets/819/150/150819.png,https://www.on3.com/db/nicholas-reeves-152284/,portal_wire_football_2026
Semaj Bridgeman,LB,Michigan State Spartans,,Expected,0,3.0,86.0,1220.0,171.0,2023,2025-12-10T19:59:00,https://on3static.com/uploads/assets/612/302/302612.png,https://www.on3.com/db/semaj-bridgeman-105863/,portal_wire_football_2026
Max Reese,TE,Mississippi State Bulldogs,,Expected,0,3.0,82.0,2816.0,159.0,2022,2025-12-10T17:23:00,https://on3static.com/uploads/assets/834/442/442834.png,https://www.on3.com/db/max-reese-86712/,portal_wire_football_2026
Jaekwon Bouldin,OT,Mississippi State Bulldogs,,Expected,0,3.0,84.0,2445.0,202.0,2022,2025-12-10T17:17:00,https://on3static.com/uploads/assets/489/343/343489.png,https://www.on3.com/db/jaekwon-bouldin-238533/,portal_wire_football_2026
Kevontay Wells,DL,Louisiana-Monroe Warhawks,,Expected,0,3.0,88.0,912.0,49.0,2022,2025-12-10T14:57:00,https://on3static.com/uploads/assets/976/568/568976.png,https://www.on3.com/db/kevontay-wells-239350/,portal_wire_football_2026
Liam Lindo,CB,Bryant University Bulldogs,,Expected,0,3.0,88.0,942.0,53.0,2022,2025-12-10T13:40:00,https://on3static.com/uploads/assets/930/571/571930.png,https://www.on3.com/db/liam-lindo-219335/,portal_wire_football_2026
Robby Martin,IOL,West Virginia Mountaineers,,Entered,0,3.0,86.0,1803.0,146.0,2024,2025-12-10T12:02:00,https://on3static.com/uploads/assets/643/399/399643.jpg,https://www.on3.com/db/robby-martin-154216/,portal_wire_football_2026
Adam Tomczyk,EDGE,West Virginia Mountaineers,,Expected,0,3.0,82.0,2812.0,222.0,2022,2025-12-10T11:23:00,https://on3static.com/uploads/assets/951/266/266951.png,https://www.on3.com/db/adam-tomczyk-147375/,portal_wire_football_2026
Ivan Hoyt,WR,Davidson Wildcats,,Expected,0,3.0,86.0,1213.0,188.0,2022,2025-12-10T10:05:00,https://on3static.com/uploads/assets/311/568/568311.png,https://www.on3.com/db/ivan-hoyt-283167/,portal_wire_football_2026
Gavin Marks,IOL,Mercer Bears,,Expected,0,3.0,87.0,1189.0,95.0,2025,2025-12-10T09:54:00,https://on3static.com/uploads/assets/850/234/234850.png,https://www.on3.com/db/gavin-marks-175319/,portal_wire_football_2026
Aaron McIver,IOL,Gardner-Webb Runnin' Bulldogs,,Expected,0,3.0,86.0,2023.0,152.0,2022,2025-12-10T09:53:00,https://on3static.com/uploads/assets/304/568/568304.png,https://www.on3.com/db/aaron-mciver-283165/,portal_wire_football_2026
Mathias Nielsen,OT,Virginia Union Panthers,,Entered,0,3.0,85.0,2038.0,170.0,2023,2025-12-10T09:51:00,https://on3static.com/uploads/assets/730/570/570730.png,https://www.on3.com/db/mathias-nielsen-283300/,portal_wire_football_2026
Michael Wright III,S,Florida Atlantic Owls,,Expected,0,3.0,85.0,2007.0,217.0,2024,2025-12-10T08:46:00,https://on3static.com/uploads/assets/468/149/149468.png,https://www.on3.com/db/michael-wright-iii-157803/,portal_wire_football_2026
LaVonte Johnson,S,Rice Owls,,Expected,0,3.0,86.0,1198.0,172.0,2024,2025-12-10T08:35:00,https://on3static.com/uploads/assets/143/94/94143.jpeg,https://www.on3.com/db/lavonte-johnson-155030/,portal_wire_football_2026
Jalen Rambert,LB,Wofford Terriers,,Expected,0,3.0,86.0,1197.0,146.0,2023,2025-12-10T08:16:00,,https://www.on3.com/db/jalen-rambert-54467/,portal_wire_football_2026
Chancellor Owens,EDGE,Arizona Wildcats,,Expected,0,3.0,87.0,1190.0,102.0,2023,2025-12-09T22:49:00,https://on3static.com/uploads/assets/363/393/393363.png,https://www.on3.com/db/chancellor-owens-246998/,portal_wire_football_2026
Kendric Davis,LB,East Carolina Pirates,,Entered,0,3.0,82.0,2671.0,261.0,2025,2025-12-09T19:40:00,https://on3static.com/uploads/assets/218/325/325218.png,https://www.on3.com/db/kendric-davis-244101/,portal_wire_football_2026
Quincy Brown,WR,Florida Atlantic Owls,,Expected,0,3.0,85.0,2348.0,314.0,2020,2025-12-09T19:38:00,https://on3static.com/uploads/assets/116/18/18116.jpeg,https://www.on3.com/db/quincy-brown-97373/,portal_wire_football_2026
Solomon Davis,CB,Oregon Ducks,,Expected,0,3.0,85.0,2009.0,280.0,2023,2025-12-09T16:53:00,https://on3static.com/uploads/assets/1/219/219001.png,https://www.on3.com/db/solomon-davis-107808/,portal_wire_football_2026
Ben Grice,WR,Wake Forest Demon Deacons,,Expected,0,3.0,86.0,2034.0,272.0,2024,2025-12-09T16:06:00,https://on3static.com/uploads/assets/453/152/152453.png,https://www.on3.com/db/ben-grice-175109/,portal_wire_football_2026
Victory Johnson,EDGE,Cal Poly Mustangs,,Expected,0,3.0,85.0,2020.0,170.0,2023,2025-12-09T15:05:00,https://on3static.com/uploads/assets/383/242/242383.jpeg,https://www.on3.com/db/victory-johnson-146634/,portal_wire_football_2026
Dionte Thornton,CB,Portland State Vikings,,Expected,0,3.0,85.0,2026.0,268.0,2022,2025-12-09T14:26:00,https://on3static.com/uploads/assets/956/568/568956.png,https://www.on3.com/db/dionte-thornton-37200/,portal_wire_football_2026
Terrance Saunders,IOL,Eastern Michigan Eagles,,Expected,0,3.0,84.0,2346.0,213.0,2023,2025-12-09T14:15:00,https://on3static.com/uploads/assets/951/568/568951.png,https://www.on3.com/db/terrance-saunders-175386/,portal_wire_football_2026
Garrison Madden,LB,USC Trojans,,Expected,0,3.0,84.0,2412.0,227.0,2022,2025-12-09T13:46:00,https://on3static.com/uploads/assets/17/94/94017.png,https://www.on3.com/db/garrison-madden-147579/,portal_wire_football_2026
Jeremiah Bernard,S,Cal Poly Mustangs,,Expected,0,3.0,86.0,1813.0,154.0,2024,2025-12-09T13:03:00,https://on3static.com/uploads/assets/916/568/568916.png,https://www.on3.com/db/jeremiah-bernard-159254/,portal_wire_football_2026
Jared Badie,EDGE,San Diego State Aztecs,,Expected,0,3.0,85.0,2014.0,184.0,2022,2025-12-09T12:35:00,https://on3static.com/uploads/assets/608/313/313608.png,https://www.on3.com/db/jared-badie-56538/,portal_wire_football_2026
Brennan Smith,IOL,Mississippi State Bulldogs,,Expected,0,3.0,86.0,1200.0,142.0,2021,2025-12-09T12:10:00,https://on3static.com/uploads/assets/387/443/443387.png,https://www.on3.com/db/brennan-smith-13880/,portal_wire_football_2026
Raleigh Collins III,S,New Hampshire Wildcats,,Expected,0,3.0,86.0,1217.0,153.0,2022,2025-12-09T10:12:00,https://on3static.com/uploads/assets/813/85/85813.jpeg,https://www.on3.com/db/raleigh-collins-iii-98082/,portal_wire_football_2026
Elijah Reid,WR,Wake Forest Demon Deacons,,Expected,0,3.0,84.0,2413.0,381.0,2024,2025-12-09T10:04:00,https://on3static.com/uploads/assets/628/316/316628.png,https://www.on3.com/db/elijah-reid-175449/,portal_wire_football_2026
Aaron Butler,WR,Texas Longhorns,,Expected,179944,3.0,87.0,904.0,124.0,2024,2025-12-09T09:21:00,https://on3static.com/uploads/assets/763/116/116763.jpg,https://www.on3.com/db/aaron-butler-876/,portal_wire_football_2026
Callen Barta,WR,Kansas State Wildcats,,Expected,0,3.0,85.0,1987.0,321.0,2024,2025-12-09T08:47:00,https://on3static.com/uploads/assets/380/197/197380.png,https://www.on3.com/db/callen-barta-180981/,portal_wire_football_2026
Jamarion Parker,RB,Nebraska Cornhuskers,,Entered,0,,,,,2025,2025-12-08T22:27:00,https://on3static.com/uploads/assets/388/310/310388.jpg,https://www.on3.com/db/jamarion-parker-150854/,portal_wire_football_2026
Mario Robinson Jr.,RB,Memphis Tigers,,Entered,0,,,,,2023,2025-12-08T20:26:00,https://on3static.com/uploads/assets/231/483/483231.png,https://www.on3.com/db/mario-robinson-jr-261562/,portal_wire_football_2026
Kaleb Gray,S,West Virginia Mountaineers,,Expected,0,3.0,82.0,2811.0,268.0,2023,2025-12-08T19:06:00,https://on3static.com/uploads/assets/736/473/473736.png,https://www.on3.com/db/kaleb-gray-261309/,portal_wire_football_2026
Aaron Clark,DL,Towson Tigers,,Expected,0,3.0,88.0,1797.0,50.0,2024,2025-12-08T18:17:00,https://on3static.com/uploads/assets/470/570/570470.png,https://www.on3.com/db/aaron-clark-282262/,portal_wire_football_2026
Jordan Mosley,WR,Mississippi State Bulldogs,,Expected,0,3.0,86.0,1297.0,193.0,2021,2025-12-08T17:13:00,https://on3static.com/uploads/assets/979/72/72979.jpeg,https://www.on3.com/db/jordan-mosley-65806/,portal_wire_football_2026
Tyshawn Wyatt,IOL,Virginia Cavaliers,,Expected,0,3.0,87.0,520.0,115.0,2020,2025-12-08T16:54:00,https://on3static.com/uploads/assets/715/178/178715.jpeg,https://www.on3.com/db/tyshawn-wyatt-118967/,portal_wire_football_2026
Abe Jager,CB,Utah State Aggies,,Expected,0,3.0,82.0,2673.0,323.0,2025,2025-12-08T16:05:00,https://on3static.com/uploads/assets/496/386/386496.png,https://www.on3.com/db/abe-jager-238963/,portal_wire_football_2026
Marcus Calwise,WR,Eastern Kentucky Colonels,,Expected,0,3.0,85.0,2002.0,295.0,2024,2025-12-08T16:01:00,https://on3static.com/uploads/assets/117/567/567117.png,https://www.on3.com/db/marcus-calwise-158114/,portal_wire_football_2026
Diore Hubbard,RB,West Virginia Mountaineers,,Expected,0,3.0,87.0,1188.0,89.0,2024,2025-12-08T15:30:00,https://on3static.com/uploads/assets/922/334/334922.png,https://www.on3.com/db/diore-hubbard-154122/,portal_wire_football_2026
Jaylen Patterson,QB,New Mexico State Aggies,,Expected,0,3.0,84.0,2411.0,174.0,2025,2025-12-08T15:16:00,https://on3static.com/uploads/assets/950/576/576950.png,https://www.on3.com/db/jaylen-patterson-246309/,portal_wire_football_2026
Jaxson Jones,EDGE,Utah Utes,,Expected,0,3.0,86.0,1809.0,134.0,2024,2025-12-08T15:12:00,https://on3static.com/uploads/assets/167/304/304167.png,https://www.on3.com/db/jaxson-jones-155712/,portal_wire_football_2026
Messiah Blair,DL,Eastern Michigan Eagles,,Expected,0,3.0,85.0,2017.0,246.0,2023,2025-12-08T14:16:00,https://on3static.com/uploads/assets/76/70/70076.jpg,https://www.on3.com/db/messiah-blair-148186/,portal_wire_football_2026
Elijah Baldwin,DL,UTEP Miners,,Entered,0,3.0,87.0,1794.0,121.0,2024,2025-12-08T13:39:00,https://on3static.com/uploads/assets/446/567/567446.png,https://www.on3.com/db/elijah-baldwin-240655/,portal_wire_football_2026
Jason Oliver,CB,Sacramento State Hornets,,Expected,0,3.0,88.0,1182.0,58.0,2022,2025-12-08T13:38:00,https://on3static.com/uploads/assets/515/112/112515.jpg,https://www.on3.com/db/jason-oliver-57689/,portal_wire_football_2026
Bucci Farmer,DL,Appalachian State Mountaineers,,Expected,0,3.0,84.0,2404.0,286.0,2024,2025-12-08T13:02:00,https://on3static.com/uploads/assets/163/179/179163.png,https://www.on3.com/db/bucci-farmer-158119/,portal_wire_football_2026
Collin Hurst,QB,Presbyterian Blue Hose,,Entered,0,3.0,85.0,2807.0,155.0,2023,2025-12-08T12:37:00,https://on3static.com/uploads/assets/408/568/568408.png,https://www.on3.com/db/collin-hurst-145233/,portal_wire_football_2026
Azarel Juste,S,Bryant University Bulldogs,,Expected,0,3.0,85.0,1984.0,203.0,2024,2025-12-08T12:08:00,https://on3static.com/uploads/assets/16/567/567016.png,https://www.on3.com/db/azarel-juste-179136/,portal_wire_football_2026
Jalen Lee,S,South Dakota State Jackrabbits,,Expected,0,3.0,83.0,2344.0,257.0,2022,2025-12-08T10:10:00,https://on3static.com/uploads/assets/808/568/568808.png,https://www.on3.com/db/jalen-lee-283197/,portal_wire_football_2026
Zavien Bryant,S,Temple Owls,,Entered,0,3.0,84.0,2423.0,251.0,2025,2025-12-08T09:45:00,https://on3static.com/uploads/assets/858/397/397858.png,https://www.on3.com/db/zavien-bryant-247678/,portal_wire_football_2026
Nathan Pahanich,OT,Wake Forest Demon Deacons,,Expected,0,3.0,85.0,1988.0,159.0,2025,2025-12-08T08:10:00,https://on3static.com/uploads/assets/941/257/257941.png,https://www.on3.com/db/nathan-pahanich-179596/,portal_wire_football_2026
Jude Edwards,IOL,West Virginia Mountaineers,,Expected,0,3.0,81.0,2871.0,242.0,2024,2025-12-07T19:52:00,https://on3static.com/uploads/assets/167/486/486167.jpg,https://www.on3.com/db/jude-edwards-68505/,portal_wire_football_2026
TJ Lester,RB,West Georgia Wolves,,Expected,0,3.0,86.0,2339.0,165.0,2025,2025-12-07T16:12:00,https://on3static.com/uploads/assets/136/239/239136.png,https://www.on3.com/db/tj-lester-238245/,portal_wire_football_2026
Christion Stokes,CB,Findlay Oilers,,Expected,0,3.0,85.0,2328.0,284.0,2022,2025-12-07T09:40:00,https://on3static.com/uploads/assets/811/85/85811.jpeg,https://www.on3.com/db/christion-stokes-23277/,portal_wire_football_2026
Jake Riggs,IOL,UTEP Miners,,Entered,0,3.0,84.0,2442.0,200.0,2024,2025-12-06T15:36:00,https://on3static.com/uploads/assets/353/572/572353.png,https://www.on3.com/db/jake-riggs-53782/,portal_wire_football_2026
Kian Johnson,WR,Temple Owls,,Entered,0,3.0,84.0,2401.0,382.0,2023,2025-12-06T15:14:00,,https://www.on3.com/db/kian-johnson-158919/,portal_wire_football_2026
Omar Ibrahim,CB,Temple Owls,,Expected,0,3.0,85.0,1972.0,275.0,2023,2025-12-06T14:59:00,,https://www.on3.com/db/omar-ibrahim-153722/,portal_wire_football_2026
Easton Baker,LB,Illinois Fighting Illini,,Expected,0,3.0,84.0,2648.0,217.0,2024,2025-12-06T11:48:00,https://on3static.com/uploads/assets/829/304/304829.png,https://www.on3.com/db/easton-baker-40348/,portal_wire_football_2026
Tyshawn Dues,WR,West Virginia Mountaineers,,Expected,0,3.0,85.0,2001.0,279.0,2025,2025-12-05T19:48:00,https://on3static.com/uploads/assets/428/109/109428.jpg,https://www.on3.com/db/tyshawn-dues-158388/,portal_wire_football_2026
Cristian Driver,WR,Minnesota Golden Gophers,,Expected,109701,3.0,85.0,1967.0,311.0,2022,2025-12-05T18:38:00,https://on3static.com/uploads/assets/98/120/120098.png,https://www.on3.com/db/cristian-driver-26994/,portal_wire_football_2026
Legend Lyons,WR,Minnesota Golden Gophers,,Entered,108918,3.0,86.0,1141.0,207.0,2025,2025-12-05T18:38:00,https://on3static.com/uploads/assets/170/325/325170.png,https://www.on3.com/db/legend-lyons-241263/,portal_wire_football_2026
London Hall,S,Temple Owls,,Expected,0,3.0,85.0,1981.0,229.0,2022,2025-12-05T18:01:00,,https://www.on3.com/db/london-hall-79968/,portal_wire_football_2026
Wilky Denaud,DL,Florida Atlantic Owls,,Expected,0,3.0,87.0,512.0,85.0,2023,2025-12-05T15:46:00,https://on3static.com/uploads/assets/756/75/75756.png,https://www.on3.com/db/wilky-denaud-120622/,portal_wire_football_2026
Cam Jones,CB,Holy Cross Crusaders,,Expected,0,3.0,88.0,1774.0,54.0,2023,2025-12-05T13:54:00,https://on3static.com/uploads/assets/117/565/565117.png,https://www.on3.com/db/cam-jones-150243/,portal_wire_football_2026
Michael Hastie,LB,West Virginia Mountaineers,,Expected,0,3.0,85.0,2326.0,196.0,2025,2025-12-05T12:47:00,https://on3static.com/uploads/assets/887/238/238887.png,https://www.on3.com/db/michael-hastie-176309/,portal_wire_football_2026
Ethan Carrier,S,Minnesota Golden Gophers,,Expected,0,3.0,81.0,2870.0,278.0,2023,2025-12-05T12:38:00,,https://www.on3.com/db/ethan-carrier-155755/,portal_wire_football_2026
Aziah Johnson,WR,North Carolina Tar Heels,,Expected,0,3.0,85.0,1977.0,320.0,2023,2025-12-05T10:56:00,https://on3static.com/uploads/assets/964/470/470964.png,https://www.on3.com/db/aziah-johnson-162773/,portal_wire_football_2026
Yasir Smith,TE,North Carolina Tar Heels,,Expected,0,3.0,85.0,1976.0,118.0,2025,2025-12-05T10:55:00,https://on3static.com/uploads/assets/679/412/412679.png,https://www.on3.com/db/yasir-smith-249309/,portal_wire_football_2026
Matthew Montgomery,IOL,Western Illinois Leathernecks,,Expected,0,3.0,87.0,521.0,119.0,2024,2025-12-05T10:39:00,https://on3static.com/uploads/assets/320/567/567320.png,https://www.on3.com/db/matthew-montgomery-283118/,portal_wire_football_2026
Anthony Beavers Jr.,LB,USC Trojans,,Entered,0,3.0,86.0,1221.0,174.0,2021,2025-12-05T08:57:00,https://on3static.com/uploads/assets/642/92/92642.png,https://www.on3.com/db/anthony-beavers-jr-5883/,portal_wire_football_2026
Demonte Greene,WR,Midwestern State Mustangs,Temple Owls,Committed,0,3.0,85.0,2386.0,306.0,2024,2025-12-04T22:35:00,https://on3static.com/uploads/assets/621/553/553621.png,https://www.on3.com/db/demonte-greene-282457/,portal_wire_football_2026
Antonio Coleman,DL,Auburn Tigers,,Expected,148374,3.0,88.0,886.0,51.0,2025,2025-12-04T21:39:00,https://on3static.com/uploads/assets/697/322/322697.jpg,https://www.on3.com/db/antonio-coleman-163282/,portal_wire_football_2026
Remington Moss,S,Wisconsin Badgers,,Entered,0,3.0,87.0,1132.0,103.0,2025,2025-12-04T19:13:00,https://on3static.com/uploads/assets/536/106/106536.png,https://www.on3.com/db/remington-moss-162333/,portal_wire_football_2026
Anson Lewis,WR,Mississippi State Bulldogs,,Expected,0,3.0,85.0,2063.0,278.0,2025,2025-12-04T17:15:00,https://on3static.com/uploads/assets/752/381/381752.png,https://www.on3.com/db/anson-lewis-174718/,portal_wire_football_2026
Mel Brown,RB,Connecticut Huskies,,Entered,0,3.0,86.0,1785.0,131.0,2022,2025-12-04T17:01:00,https://on3static.com/uploads/assets/445/469/469445.png,https://www.on3.com/db/mel-brown-239424/,portal_wire_football_2026
Malik Moses,DL,Bowling Green Falcons,,Expected,0,3.0,83.0,2806.0,307.0,2024,2025-12-04T16:56:00,https://on3static.com/uploads/assets/469/148/148469.png,https://www.on3.com/db/malik-moses-176581/,portal_wire_football_2026
Nathan Jennings,EDGE,South Alabama Jaguars,,Entered,0,3.0,85.0,2654.0,185.0,2024,2025-12-04T16:41:00,https://on3static.com/uploads/assets/31/568/568031.png,https://www.on3.com/db/nathan-jennings-178661/,portal_wire_football_2026
Ronald Jackson,DL,Grand Valley State Lakers,,Entered,0,3.0,85.0,2406.0,240.0,2024,2025-12-04T16:25:00,https://on3static.com/uploads/assets/2/14/14002.jpeg,https://www.on3.com/db/ronald-jackson-146530/,portal_wire_football_2026
Rodshaun Dorsey,WR,Erskine College Flying Fleet,Georgia State Panthers,Committed,0,3.0,84.0,2415.0,350.0,2023,2025-12-04T16:14:00,https://on3static.com/uploads/assets/3/569/569003.png,https://www.on3.com/db/rodshaun-dorsey-283210/,portal_wire_football_2026
Cole Funderburk,EDGE,Wake Forest Demon Deacons,,Expected,0,3.0,84.0,2425.0,189.0,2025,2025-12-04T16:07:00,https://on3static.com/uploads/assets/376/189/189376.jpeg,https://www.on3.com/db/cole-funderburk-180292/,portal_wire_football_2026
Raymond Moore,QB,Morgan State Bears,,Expected,0,3.0,85.0,1973.0,159.0,2024,2025-12-04T15:43:00,https://on3static.com/uploads/assets/628/564/564628.png,https://www.on3.com/db/raymond-moore-282934/,portal_wire_football_2026
Justin Townsend,EDGE,Columbia Lions,,Expected,0,3.0,86.0,1147.0,155.0,2021,2025-12-04T15:27:00,https://on3static.com/uploads/assets/623/564/564623.png,https://www.on3.com/db/justin-townsend-69901/,portal_wire_football_2026
Jaxon Potter,QB,Washington State Cougars,,Entered,0,3.0,87.0,1134.0,48.0,2023,2025-12-04T15:27:00,https://on3static.com/uploads/assets/337/219/219337.png,https://www.on3.com/db/jaxon-potter-58340/,portal_wire_football_2026
Dorian Royal,DL,Georgia State Panthers,,Expected,0,3.0,85.0,2016.0,244.0,2021,2025-12-04T14:14:00,https://on3static.com/uploads/assets/518/338/338518.png,https://www.on3.com/db/dorian-royal-241383/,portal_wire_football_2026
Jadyn Marshall,WR,UCLA Bruins,,Expected,0,3.0,84.0,2398.0,357.0,2022,2025-12-04T13:59:00,https://on3static.com/uploads/assets/295/21/21295.jpeg,https://www.on3.com/db/jadyn-marshall-52770/,portal_wire_football_2026
Zach Wilcke,QB,Charlotte 49ers,,Expected,0,3.0,85.0,1970.0,139.0,2022,2025-12-04T13:30:00,https://on3static.com/uploads/assets/169/26/26169.png,https://www.on3.com/db/zach-wilcke-123155/,portal_wire_football_2026
JayT Jackson,CB,Louisiana Tech Bulldogs,,Expected,0,,,,,2022,2025-12-04T11:50:00,https://on3static.com/uploads/assets/699/173/173699.png,https://www.on3.com/db/jayt-jackson-147541/,portal_wire_football_2026
Evan Bullock,QB,Louisiana Tech Bulldogs,,Expected,0,,,,,2023,2025-12-04T11:43:00,,https://www.on3.com/db/evan-bullock-156165/,portal_wire_football_2026
James Steel,DL,UAB Blazers,,Entered,0,,,,,2025,2025-12-03T20:22:00,https://on3static.com/uploads/assets/705/580/580705.png,https://www.on3.com/db/james-steel-240370/,portal_wire_football_2026
Tim Jacobs,IOL,Ohio Dominican Panthers,Middle Tennessee State Blue Raiders,Committed,0,,,,,2024,2025-12-03T16:44:00,https://on3static.com/uploads/assets/998/570/570998.png,https://www.on3.com/db/tim-jacobs-283345/,portal_wire_football_2026
Chedon James,WR,Incarnate Word Cardinals,,Entered,0,3.0,85.0,2407.0,305.0,2022,2025-12-03T16:41:00,https://on3static.com/uploads/assets/544/567/567544.png,https://www.on3.com/db/chedon-james-147922/,portal_wire_football_2026
Jordan-Lebron Downey,DL,Livingstone College Blue Bears,New Mexico State Aggies,Committed,0,0.0,,,,2024,2025-12-03T16:34:00,https://on3static.com/uploads/assets/16/572/572016.png,https://www.on3.com/db/jordan-lebron-downey-283395/,portal_wire_football_2026
Javon Davis,CB,McNeese State Cowboys,,Expected,0,3.0,87.0,1997.0,133.0,2022,2025-12-03T15:59:00,https://on3static.com/uploads/assets/526/567/567526.png,https://www.on3.com/db/javon-davis-58121/,portal_wire_football_2026
Jhamal Shelby,CB,Louisiana Tech Bulldogs,,Expected,0,3.0,88.0,1796.0,55.0,2022,2025-12-03T15:54:00,https://on3static.com/uploads/assets/525/567/567525.png,https://www.on3.com/db/jhamal-shelby-61504/,portal_wire_football_2026
Yassine Falke,CB,Marian Knights,,Entered,0,3.0,85.0,2019.0,283.0,2024,2025-12-03T14:55:00,https://on3static.com/uploads/assets/973/568/568973.png,https://www.on3.com/db/yassine-falke-283206/,portal_wire_football_2026
Derek Fields Jr.,S,Ball State Cardinals,,Entered,0,3.0,86.0,2336.0,176.0,2023,2025-12-03T14:12:00,https://on3static.com/uploads/assets/469/567/567469.png,https://www.on3.com/db/derek-fields-jr-156417/,portal_wire_football_2026
Carlos Orr-Gillespie,WR,Utah State Aggies,,Expected,0,3.0,84.0,2405.0,360.0,2024,2025-12-03T13:57:00,https://on3static.com/uploads/assets/832/304/304832.png,https://www.on3.com/db/carlos-orr-gillespie-174346/,portal_wire_football_2026
Brody Balliew,OT,West Georgia Wolves,,Entered,0,3.0,86.0,2669.0,123.0,2023,2025-12-03T12:33:00,https://on3static.com/uploads/assets/407/568/568407.png,https://www.on3.com/db/brody-balliew-159171/,portal_wire_football_2026
Kamron Burris,OT,Anderson Trojans,Appalachian State Mountaineers,Committed,0,3.0,86.0,1936.0,146.0,2023,2025-12-03T12:17:00,https://on3static.com/uploads/assets/776/548/548776.png,https://www.on3.com/db/kamron-burris-282307/,portal_wire_football_2026
Elijah McKenzie,CB,Bowie State Bulldogs,Liberty Flames,Committed,0,3.0,86.0,1100.0,201.0,2023,2025-12-03T12:10:00,https://on3static.com/uploads/assets/742/548/548742.png,https://www.on3.com/db/elijah-mckenzie-282305/,portal_wire_football_2026
Jeremiah Carroll,WR,Carson Newman College Eagles,Western Kentucky Hilltoppers,Committed,0,3.0,84.0,2649.0,351.0,2023,2025-12-03T12:08:00,https://on3static.com/uploads/assets/543/567/567543.png,https://www.on3.com/db/jeremiah-carroll-282838/,portal_wire_football_2026
Cam Hill,CB,Louisiana Tech Bulldogs,,Expected,0,,,,,2023,2025-12-03T11:49:00,,https://www.on3.com/db/cam-hill-150598/,portal_wire_football_2026
Daejawn Smith,WR,Louisiana Tech Bulldogs,,Expected,0,,,,,2025,2025-12-03T11:48:00,https://on3static.com/uploads/assets/732/419/419732.png,https://www.on3.com/db/daejawn-smith-246866/,portal_wire_football_2026
Jay Simon,WR,Louisiana Tech Bulldogs,,Expected,0,,,,,2024,2025-12-03T11:47:00,https://on3static.com/uploads/assets/16/110/110016.jpg,https://www.on3.com/db/jay-simon-157994/,portal_wire_football_2026
Brandon Stuckey,IOL,Indianapolis Greyhounds,,Entered,0,0.0,,,,2023,2025-12-03T11:40:00,https://on3static.com/uploads/assets/365/567/567365.png,https://www.on3.com/db/brandon-stuckey-283121/,portal_wire_football_2026
Jimmyll Williams,RB,Elon Phoenix,,Expected,0,0.0,,,,2023,2025-12-03T11:32:00,https://on3static.com/uploads/assets/360/567/567360.png,https://www.on3.com/db/jimmyll-williams-283120/,portal_wire_football_2026
Mandjou Berte,DL,Wingate Bulldogs,Georgia State Panthers,Committed,0,0.0,,,,2023,2025-12-03T11:14:00,https://on3static.com/uploads/assets/907/567/567907.png,https://www.on3.com/db/mandjou-berte-283153/,portal_wire_football_2026
Terrance Hibbler,DL,Mississippi State Bulldogs,,Expected,0,0.0,,,,2024,2025-12-03T10:27:00,https://on3static.com/uploads/assets/288/193/193288.jpg,https://www.on3.com/db/terrance-hibbler-157823/,portal_wire_football_2026
Caleb McGrath,P,Minnesota Golden Gophers,,Expected,0,3.0,80.0,2987.0,37.0,2023,2025-12-03T10:16:00,,https://www.on3.com/db/caleb-mcgrath-154473/,portal_wire_football_2026
Quentin Redding,WR,Minnesota Golden Gophers,,Expected,0,3.0,81.0,2869.0,436.0,2021,2025-12-03T10:12:00,https://on3static.com/uploads/assets/137/72/72137.jpeg,https://www.on3.com/db/quentin-redding-97272/,portal_wire_football_2026
Maurice Smith,QB,Chowan University Hawks,Illinois Fighting Illini,Committed,0,3.0,85.0,1980.0,162.0,2022,2025-12-03T07:43:00,https://on3static.com/uploads/assets/738/563/563738.png,https://www.on3.com/db/maurice-smith-86474/,portal_wire_football_2026
Aidan McCowan,CB,Nicholls State Colonels,,Entered,0,,,,,2022,2025-12-02T17:00:00,https://on3static.com/uploads/assets/953/303/303953.png,https://www.on3.com/db/aidan-mccowan-220480/,portal_wire_football_2026
Jack Dunkley,DL,Duquesne Dukes,,Entered,0,0.0,,,,2023,2025-12-02T16:33:00,https://on3static.com/uploads/assets/542/567/567542.png,https://www.on3.com/db/jack-dunkley-162022/,portal_wire_football_2026
Ja'Torian Mack,S,Appalachian State Mountaineers,,Expected,0,,,,,2025,2025-12-02T16:27:00,https://on3static.com/uploads/assets/984/327/327984.png,https://www.on3.com/db/jatorian-mack-238667/,portal_wire_football_2026
Martez Curry,OT,Lincoln University Blue Tigers,Old Dominion Monarchs,Committed,0,0.0,,,,2023,2025-12-02T16:23:00,https://on3static.com/uploads/assets/536/567/567536.png,https://www.on3.com/db/martez-curry-158820/,portal_wire_football_2026
Caden Johnson,LB,Ball State Cardinals,,Entered,0,0.0,,,,2022,2025-12-02T15:33:00,https://on3static.com/uploads/assets/357/390/390357.png,https://www.on3.com/db/caden-johnson-145713/,portal_wire_football_2026
Ed Smith,DL,South Alabama Jaguars,,Expected,0,0.0,,,,2021,2025-12-02T14:17:00,https://on3static.com/uploads/assets/471/567/567471.png,https://www.on3.com/db/ed-smith-40719/,portal_wire_football_2026
Kenyon McCou,IOL,Tennessee State Tigers,,Entered,0,3.0,84.0,2402.0,214.0,2020,2025-12-02T14:12:00,https://on3static.com/uploads/assets/157/384/384157.jpg,https://www.on3.com/db/kenyon-mccou-73560/,portal_wire_football_2026
LaRue Zamorano,CB,UCLA Bruins,,Expected,0,,,,,2025,2025-12-02T12:48:00,https://on3static.com/uploads/assets/679/142/142679.jpg,https://www.on3.com/db/larue-zamorano-163118/,portal_wire_football_2026
Tory Gethers,LB,New Mexico State Aggies,,Expected,0,0.0,,,,2023,2025-12-02T12:46:00,https://on3static.com/uploads/assets/416/567/567416.png,https://www.on3.com/db/tory-gethers-283126/,portal_wire_football_2026
Daeh McCullough,S,Louisville Cardinals,,Expected,0,3.0,85.0,1969.0,197.0,2023,2025-12-02T12:40:00,https://on3static.com/uploads/dev/assets/276/11/11276.jpg,https://www.on3.com/db/daeh-mccullough-27827/,portal_wire_football_2026
Ashton Whitner,S,Ball State Cardinals,,Expected,0,0.0,,,,2022,2025-12-02T11:56:00,https://on3static.com/uploads/assets/589/340/340589.png,https://www.on3.com/db/ashton-whitner-7943/,portal_wire_football_2026
Khalil Poteat,DL,Temple Owls,,Entered,0,0.0,,,,2022,2025-12-02T11:42:00,https://on3static.com/uploads/assets/367/567/567367.png,https://www.on3.com/db/khalil-poteat-240631/,portal_wire_football_2026
D.J. Wesolak,EDGE,Missouri State University Bears,,Expected,0,3.0,87.0,1781.0,100.0,2022,2025-12-02T11:28:00,https://on3static.com/uploads/assets/922/222/222922.png,https://www.on3.com/db/dj-wesolak-37359/,portal_wire_football_2026
R.J. Moss,EDGE,South Alabama Jaguars,,Expected,0,0.0,,,,2022,2025-12-02T10:57:00,https://on3static.com/uploads/assets/340/567/567340.png,https://www.on3.com/db/rj-moss-97808/,portal_wire_football_2026
Brayshawn Littlejohn,LB,Appalachian State Mountaineers,,Expected,0,3.0,87.0,1129.0,61.0,2023,2025-12-02T10:05:00,https://on3static.com/uploads/assets/926/222/222926.png,https://www.on3.com/db/brayshawn-littlejohn-155862/,portal_wire_football_2026
Richard Mosley III,CB,Stonehill College Skyhawks,,Entered,0,,,,,2023,2025-12-02T09:40:00,https://on3static.com/uploads/assets/272/580/580272.png,https://www.on3.com/db/richard-mosley-iii-283649/,portal_wire_football_2026
Jason Hewlett,LB,Boston College Eagles,,Expected,0,0.0,,,,2023,2025-12-02T09:24:00,https://on3static.com/uploads/assets/616/302/302616.png,https://www.on3.com/db/jason-hewlett-147518/,portal_wire_football_2026
Braeden Orlandi,S,Carroll College Fighting Saints,,Entered,0,0.0,,,,2023,2025-12-02T09:05:00,https://on3static.com/uploads/assets/271/567/567271.png,https://www.on3.com/db/braeden-orlandi-154035/,portal_wire_football_2026
Omiri Wiggins,RB,Louisiana Tech Bulldogs,,Expected,0,0.0,,,,2023,2025-12-02T08:40:00,https://on3static.com/uploads/assets/826/567/567826.png,https://www.on3.com/db/omiri-wiggins-239494/,portal_wire_football_2026
Xavier Walton,S,Angelo State Rams,UTSA Roadrunners,Committed,0,3.0,86.0,2316.0,171.0,2022,2025-12-02T07:08:00,https://on3static.com/uploads/assets/607/554/554607.png,https://www.on3.com/db/xavier-walton-282538/,portal_wire_football_2026
Zion Agnew,WR,Lenoir-Rhyne Bears,Old Dominion Monarchs,Committed,0,3.0,84.0,2390.0,349.0,2023,2025-12-02T07:07:00,https://on3static.com/uploads/assets/887/213/213887.jpeg,https://www.on3.com/db/zion-agnew-151301/,portal_wire_football_2026
Jibriel Conde,DL,Grand Valley State Lakers,Kansas Jayhawks,Committed,0,3.0,87.0,880.0,102.0,2023,2025-12-01T21:16:00,https://on3static.com/uploads/assets/60/554/554060.png,https://www.on3.com/db/jibriel-conde-282498/,portal_wire_football_2026
Makai Shahid,S,Youngstown State Penguins,,Expected,0,0.0,,,,2023,2025-12-01T17:38:00,https://on3static.com/uploads/assets/153/567/567153.png,https://www.on3.com/db/makai-shahid-283107/,portal_wire_football_2026
Zach Cody,CB,Coastal Carolina Chanticleers,,Entered,0,0.0,,,,2024,2025-12-01T16:36:00,https://on3static.com/uploads/assets/460/340/340460.png,https://www.on3.com/db/zach-cody-179773/,portal_wire_football_2026
Isaiah Scott,WR,Wofford Terriers,,Expected,0,0.0,,,,2024,2025-12-01T13:44:00,https://on3static.com/uploads/assets/451/567/567451.png,https://www.on3.com/db/isaiah-scott-152379/,portal_wire_football_2026
Miequie Brock,RB,Nicholls State Colonels,,Expected,0,0.0,,,,2024,2025-12-01T13:31:00,https://on3static.com/uploads/assets/443/567/567443.png,https://www.on3.com/db/miequie-brock-150765/,portal_wire_football_2026
Paul Billups,WR,North Carolina Tar Heels,,Entered,0,3.0,85.0,1968.0,313.0,2023,2025-12-01T12:37:00,https://on3static.com/uploads/assets/47/465/465047.png,https://www.on3.com/db/paul-billups-149706/,portal_wire_football_2026
Khi'len Gates,IOL,Lincoln University Blue Tigers,Old Dominion Monarchs,Committed,0,0.0,,,,2023,2025-12-01T12:03:00,https://on3static.com/uploads/assets/930/567/567930.png,https://www.on3.com/db/khilen-gates-283155/,portal_wire_football_2026
Peter Djan,IOL,Shippensburg University,Georgia State Panthers,Committed,0,0.0,,,,2024,2025-12-01T11:05:00,https://on3static.com/uploads/assets/901/567/567901.png,https://www.on3.com/db/peter-djan-231776/,portal_wire_football_2026
Eric Weatherly,WR,Ball State Cardinals,,Entered,0,3.0,86.0,1158.0,264.0,2022,2025-12-01T11:01:00,https://on3static.com/uploads/assets/802/164/164802.png,https://www.on3.com/db/eric-weatherly-42482/,portal_wire_football_2026
Jake Davis,EDGE,Pennsylvania Quakers,,Expected,0,3.0,85.0,1979.0,186.0,2022,2025-12-01T10:54:00,https://on3static.com/uploads/assets/151/562/562151.png,https://www.on3.com/db/jake-davis-282756/,portal_wire_football_2026
Ghee Evans,LB,Arkansas-Monticello Boll Weevils,,Entered,0,0.0,,,,2023,2025-12-01T10:30:00,https://on3static.com/uploads/assets/500/370/370500.png,https://www.on3.com/db/ghee-evans-246423/,portal_wire_football_2026
Qua Ashley,RB,Ball State Cardinals,,Expected,0,3.0,86.0,2395.0,162.0,2022,2025-12-01T10:23:00,https://on3static.com/uploads/assets/459/381/381459.png,https://www.on3.com/db/qua-ashley-246660/,portal_wire_football_2026
DeAree Rogers,WR,Northern Illinois Huskies,,Expected,0,3.0,87.0,897.0,152.0,2022,2025-12-01T09:15:00,https://on3static.com/uploads/assets/117/562/562117.png,https://www.on3.com/db/dearee-rogers-282755/,portal_wire_football_2026
Daughtry Richardson,OT,Florida Atlantic Owls,,Expected,0,3.0,86.0,1156.0,126.0,2022,2025-12-01T08:59:00,https://on3static.com/uploads/assets/233/242/242233.jpeg,https://www.on3.com/db/daughtry-richardson-31276/,portal_wire_football_2026
Alex DeGrieck,EDGE,Harvard Crimson,,Entered,0,0.0,,,,2022,2025-12-01T08:36:00,https://on3static.com/uploads/assets/824/567/567824.png,https://www.on3.com/db/alex-degrieck-147330/,portal_wire_football_2026
Jason Robinson,WR,North Carolina Tar Heels,,Expected,0,3.0,86.0,2325.0,252.0,2024,2025-11-30T19:59:00,https://on3static.com/uploads/assets/42/465/465042.png,https://www.on3.com/db/jason-robinson-57739/,portal_wire_football_2026
Javante Mackey,EDGE,Arkansas State Red Wolves,,Entered,0,3.0,87.0,511.0,115.0,2022,2025-11-30T19:31:00,https://on3static.com/uploads/assets/192/265/265192.png,https://www.on3.com/db/javante-mackey-147843/,portal_wire_football_2026
Anthony Bynum,EDGE,Middle Tennessee State Blue Raiders,,Expected,0,3.0,87.0,1962.0,92.0,2023,2025-11-30T17:08:00,https://on3static.com/uploads/assets/729/561/561729.png,https://www.on3.com/db/anthony-bynum-159176/,portal_wire_football_2026
JB Price,RB,Kansas State Wildcats,,Expected,0,3.0,86.0,1963.0,126.0,2024,2025-11-30T16:49:00,https://on3static.com/uploads/assets/877/139/139877.jpg,https://www.on3.com/db/jb-price-162623/,portal_wire_football_2026
Kenyon Garner,EDGE,Livingstone College Blue Bears,Florida Atlantic Owls,Committed,0,3.0,87.0,1761.0,81.0,2024,2025-11-30T13:51:00,https://on3static.com/uploads/assets/571/547/547571.png,https://www.on3.com/db/kenyon-garner-282272/,portal_wire_football_2026
Terrance Love,S,Colorado Buffaloes,,Entered,0,0.0,,,,2023,2025-11-30T13:35:00,https://on3static.com/uploads/assets/600/303/303600.png,https://www.on3.com/db/terrance-love-111381/,portal_wire_football_2026
Shakai Woods,DL,Middle Tennessee State Blue Raiders,,Expected,0,0.0,,,,2023,2025-11-30T11:58:00,https://on3static.com/uploads/assets/40/57/57040.jpg,https://www.on3.com/db/shakai-woods-106228/,portal_wire_football_2026
Jackson Stratton,QB,Iowa Hawkeyes,,Expected,0,0.0,,,,2022,2025-11-30T08:56:00,https://on3static.com/uploads/assets/931/394/394931.JPG,https://www.on3.com/db/jackson-stratton-51714/,portal_wire_football_2026
Chris Hudson,CB,Connecticut Huskies,,Expected,0,3.0,82.0,2810.0,332.0,2023,2025-11-28T22:05:00,https://on3static.com/uploads/assets/474/469/469474.png,https://www.on3.com/db/chris-hudson-145449/,portal_wire_football_2026
Kolubah Pewee Jr.,CB,Connecticut Huskies,,Entered,0,3.0,84.0,2400.0,305.0,2019,2025-11-28T16:02:00,https://on3static.com/uploads/assets/439/469/469439.png,https://www.on3.com/db/kolubah-pewee-jr-75796/,portal_wire_football_2026
Zach Bergmann,LB,Missouri Southern State Lions,,Entered,0,,,,,2021,2025-11-28T14:59:00,,https://www.on3.com/db/zach-bergmann-283690/,portal_wire_football_2026
MJ Flowers,RB,Connecticut Huskies,,Entered,0,3.0,86.0,1965.0,155.0,2022,2025-11-28T14:46:00,https://on3static.com/uploads/assets/522/469/469522.png,https://www.on3.com/db/mj-flowers-260998/,portal_wire_football_2026
Jaeden Jones,S,Monmouth Hawks,,Entered,0,0.0,,,,2024,2025-11-28T14:33:00,https://on3static.com/uploads/assets/483/567/567483.png,https://www.on3.com/db/jaeden-jones-177197/,portal_wire_football_2026
KJ Sejour,CB,Chattanooga Mocs,,Expected,0,0.0,,,,2025,2025-11-28T13:50:00,https://on3static.com/uploads/assets/454/567/567454.png,https://www.on3.com/db/kj-sejour-241145/,portal_wire_football_2026
Quincy Briggs,CB,Georgetown Hoyas,,Entered,0,0.0,,,,2022,2025-11-27T10:30:00,https://on3static.com/uploads/assets/888/567/567888.png,https://www.on3.com/db/quincy-briggs-97371/,portal_wire_football_2026
Carver Cheeks,WR,Northern Colorado Bears,,Expected,0,0.0,,,,2023,2025-11-27T09:42:00,https://on3static.com/uploads/assets/288/567/567288.png,https://www.on3.com/db/carver-cheeks-283115/,portal_wire_football_2026
Leonard Farrow,RB,Fairmont State Falcons,Florida Atlantic Owls,Committed,0,3.0,87.0,1769.0,100.0,2022,2025-11-27T08:54:00,https://on3static.com/uploads/assets/439/557/557439.png,https://www.on3.com/db/leonard-farrow-282627/,portal_wire_football_2026
Zolten Osborne,QB,Charleston Southern Buccaneers,,Entered,0,0.0,,,,2023,2025-11-26T16:31:00,https://on3static.com/uploads/dev/assets/503/7/7503.jpg,https://www.on3.com/db/zolten-osborne-123902/,portal_wire_football_2026
Asher Cunningham,LB,Elon Phoenix,,Expected,0,0.0,,,,2023,2025-11-26T14:37:00,https://on3static.com/uploads/assets/484/567/567484.png,https://www.on3.com/db/asher-cunningham-283127/,portal_wire_football_2026
Tyrell Green,OT,Purdue Boilermakers,,Expected,0,3.0,86.0,1122.0,142.0,2024,2025-11-26T10:30:00,https://on3static.com/uploads/assets/100/442/442100.png,https://www.on3.com/db/tyrell-green-176546/,portal_wire_football_2026
Marquis Cooper,CB,Buffalo Bulls,,Entered,0,3.0,86.0,1119.0,158.0,2021,2025-11-26T10:20:00,https://on3static.com/uploads/assets/235/341/341235.png,https://www.on3.com/db/marquis-cooper-187077/,portal_wire_football_2026
Bryson Ross,CB,Portland State Vikings,,Entered,0,0.0,,,,2024,2025-11-25T16:16:00,https://on3static.com/uploads/assets/535/567/567535.png,https://www.on3.com/db/bryson-ross-236247/,portal_wire_football_2026
Paris Smith,OT,Lenoir-Rhyne Bears,,Expected,0,3.0,85.0,1960.0,172.0,2020,2025-11-25T15:46:00,https://on3static.com/uploads/assets/76/558/558076.png,https://www.on3.com/db/paris-smith-282653/,portal_wire_football_2026
Max Mosey,WR,Holy Cross Crusaders,,Expected,0,3.0,85.0,1959.0,318.0,2022,2025-11-25T15:13:00,https://on3static.com/uploads/assets/48/558/558048.png,https://www.on3.com/db/max-mosey-86688/,portal_wire_football_2026
Joe Metzger,IOL,Holy Cross Crusaders,,Expected,0,3.0,85.0,2647.0,184.0,2022,2025-11-25T12:27:00,https://on3static.com/uploads/assets/908/557/557908.png,https://www.on3.com/db/joe-metzger-188078/,portal_wire_football_2026
Camden Byrd,EDGE,Richmond Spiders,,Expected,0,3.0,87.0,1958.0,89.0,2022,2025-11-25T12:12:00,https://on3static.com/uploads/assets/139/26/26139.png,https://www.on3.com/db/camden-byrd-17571/,portal_wire_football_2026
Jusiah Sampleton,DL,Colorado State Pueblo ThunderWolves,,Entered,0,0.0,,,,2023,2025-11-25T12:01:00,https://on3static.com/uploads/assets/382/567/567382.png,https://www.on3.com/db/jusiah-sampleton-283124/,portal_wire_football_2026
Josiah Harris,CB,Gardner-Webb Runnin' Bulldogs,,Expected,0,3.0,85.0,2646.0,253.0,2023,2025-11-25T11:54:00,https://on3static.com/uploads/assets/971/557/557971.png,https://www.on3.com/db/josiah-harris-282650/,portal_wire_football_2026
Maxwell Van Fleet,DL,Cornell Big Red,,Expected,0,3.0,86.0,1118.0,210.0,2021,2025-11-25T11:41:00,https://on3static.com/uploads/assets/136/558/558136.png,https://www.on3.com/db/maxwell-van-fleet-282655/,portal_wire_football_2026
AJ Thomas,EDGE,McNeese State Cowboys,,Expected,0,3.0,85.0,1957.0,169.0,2023,2025-11-25T11:19:00,https://on3static.com/uploads/assets/786/51/51786.jpeg,https://www.on3.com/db/aj-thomas-152149/,portal_wire_football_2026
O'Marion Brown,DL,Wofford Terriers,,Expected,0,0.0,,,,2023,2025-11-25T10:34:00,https://on3static.com/uploads/assets/139/562/562139.png,https://www.on3.com/db/omarion-brown-159131/,portal_wire_football_2026
Gavin Nelson,WR,Monmouth Hawks,,Expected,0,0.0,,,,2022,2025-11-25T10:24:00,https://on3static.com/uploads/assets/127/562/562127.png,https://www.on3.com/db/gavin-nelson-202982/,portal_wire_football_2026
Gavin Hall,RB,Furman Paladins,,Expected,0,3.0,85.0,1955.0,190.0,2024,2025-11-25T09:36:00,https://on3static.com/uploads/assets/874/557/557874.png,https://www.on3.com/db/gavin-hall-178942/,portal_wire_football_2026
Maurice Veney,TE,Morehouse College Fighting Maroon Tigers,Vanderbilt Commodores,Committed,0,3.0,87.0,1763.0,51.0,2023,2025-11-24T23:21:00,https://on3static.com/uploads/assets/610/554/554610.png,https://www.on3.com/db/maurice-veney-282539/,portal_wire_football_2026
King Phillips,WR,Texas A&M-Kingsville Javelinas,Florida Atlantic Owls,Committed,0,3.0,86.0,1950.0,184.0,2024,2025-11-24T22:40:00,https://on3static.com/uploads/assets/436/557/557436.png,https://www.on3.com/db/king-phillips-282626/,portal_wire_football_2026
Jason Patterson,EDGE,Texas Southern Tigers,,Expected,0,3.0,85.0,1953.0,180.0,2023,2025-11-24T17:39:00,https://on3static.com/uploads/assets/486/557/557486.png,https://www.on3.com/db/jason-patterson-282633/,portal_wire_football_2026
Liam O'Brien,QB,Pennsylvania Quakers,,Expected,0,3.0,85.0,1952.0,163.0,2022,2025-11-24T17:04:00,https://on3static.com/uploads/assets/473/557/557473.png,https://www.on3.com/db/liam-obrien-79451/,portal_wire_football_2026
Khari Gee,S,Chattanooga Mocs,,Entered,0,0.0,,,,2021,2025-11-24T16:47:00,https://on3static.com/uploads/assets/351/16/16351.jpeg,https://www.on3.com/db/khari-gee-74980/,portal_wire_football_2026
Stephen Dean,LB,Virginia Military Institute Keydets,,Expected,0,3.0,87.0,2645.0,119.0,2022,2025-11-24T14:04:00,https://on3static.com/uploads/assets/336/557/557336.png,https://www.on3.com/db/stephen-dean-282618/,portal_wire_football_2026
Israel Hiraldo,WR,Post University Eagles,,Entered,0,3.0,85.0,1951.0,304.0,2024,2025-11-24T13:29:00,https://on3static.com/uploads/assets/220/189/189220.png,https://www.on3.com/db/israel-hiraldo-175895/,portal_wire_football_2026
Kalvin Gilbert Jr.,WR,Southeast Missouri State Redhawks,,Expected,0,3.0,86.0,2393.0,269.0,2023,2025-11-24T11:00:00,https://on3static.com/uploads/assets/211/557/557211.png,https://www.on3.com/db/kalvin-gilbert-jr-150694/,portal_wire_football_2026
Tanner Beaman,TE,Portland State Vikings,,Expected,0,0.0,,,,2022,2025-11-24T10:46:00,https://on3static.com/uploads/assets/330/567/567330.png,https://www.on3.com/db/tanner-beaman-110052/,portal_wire_football_2026
Collin Shannon,QB,Virginia Military Institute Keydets,,Expected,0,3.0,84.0,2392.0,170.0,2022,2025-11-24T10:40:00,https://on3static.com/uploads/assets/162/557/557162.png,https://www.on3.com/db/collin-shannon-145822/,portal_wire_football_2026
Shoes Brinkley,S,McNeese State Cowboys,,Expected,0,3.0,85.0,2805.0,207.0,2021,2025-11-24T10:37:00,https://on3static.com/uploads/assets/158/557/557158.png,https://www.on3.com/db/shoes-brinkley-107282/,portal_wire_football_2026
Giancarlo Rufo,LB,Georgetown Hoyas,,Expected,0,3.0,86.0,2664.0,164.0,2023,2025-11-23T16:39:00,https://on3static.com/uploads/assets/464/557/557464.png,https://www.on3.com/db/giancarlo-rufo-152775/,portal_wire_football_2026
Tyrese Stanley,S,Morehouse College Fighting Maroon Tigers,Northern Illinois Huskies,Committed,0,3.0,86.0,1762.0,190.0,2023,2025-11-23T13:44:00,https://on3static.com/uploads/assets/539/554/554539.png,https://www.on3.com/db/tyrese-stanley-282535/,portal_wire_football_2026
Taron Dickens,QB,Western Carolina Catamounts,,Entered,0,3.0,87.0,1116.0,59.0,2023,2025-11-23T10:31:00,https://on3static.com/uploads/assets/154/557/557154.png,https://www.on3.com/db/taron-dickens-110346/,portal_wire_football_2026
Dominic Grand,CB,Truman State Bulldogs,,Expected,0,3.0,87.0,1766.0,132.0,2022,2025-11-22T13:58:00,https://on3static.com/uploads/assets/326/557/557326.png,https://www.on3.com/db/dominic-grand-282617/,portal_wire_football_2026
Jamari Buddin,EDGE,Grand Valley State Lakers,,Entered,0,0.0,,,,2021,2025-11-21T16:44:00,https://on3static.com/uploads/assets/315/18/18315.jpeg,https://www.on3.com/db/jamari-buddin-55111/,portal_wire_football_2026
Quinn Wills,S,Grand Valley State Lakers,,Entered,0,0.0,,,,2021,2025-11-21T16:01:00,https://on3static.com/uploads/assets/527/567/567527.png,https://www.on3.com/db/quinn-wills-97536/,portal_wire_football_2026
Klayton Sattler,TE,Augustana Vikings,,Expected,0,3.0,85.0,1946.0,121.0,2022,2025-11-20T23:31:00,https://on3static.com/uploads/assets/533/554/554533.png,https://www.on3.com/db/klayton-sattler-282534/,portal_wire_football_2026
Keyon Concepcion,WR,Concord University Mountain Lions,,Expected,0,3.0,85.0,1945.0,290.0,2025,2025-11-20T21:12:00,https://on3static.com/uploads/assets/296/554/554296.png,https://www.on3.com/db/keyon-concepcion-179315/,portal_wire_football_2026
Amarie Fleming,EDGE,Allen University Yellow Jackets,Texas Tech Red Raiders,Committed,0,3.0,88.0,501.0,61.0,2024,2025-11-20T20:48:00,https://on3static.com/uploads/assets/282/554/554282.png,https://www.on3.com/db/amarie-fleming-282527/,portal_wire_football_2026
Ean Rhea,EDGE,Emory & Henry College Wasps,,Entered,0,3.0,87.0,1768.0,109.0,2021,2025-11-20T15:41:00,https://on3static.com/uploads/assets/838/444/444838.png,https://www.on3.com/db/ean-rhea-251036/,portal_wire_football_2026
Kevin Holmes Jr.,WR,Texas A&M-Kingsville Javelinas,,Entered,0,3.0,86.0,1949.0,251.0,2024,2025-11-20T15:28:00,https://on3static.com/uploads/assets/423/557/557423.png,https://www.on3.com/db/kevin-holmes-jr-282624/,portal_wire_football_2026
D'Cambren Verrett,S,Texas A&M-Kingsville Javelinas,,Entered,0,3.0,84.0,2387.0,236.0,2022,2025-11-20T14:46:00,https://on3static.com/uploads/assets/379/557/557379.png,https://www.on3.com/db/dcambren-verrett-282620/,portal_wire_football_2026
Tanyon Freibaum,LS,Oklahoma State Cowboys,Texas A&M Aggies,Committed,0,3.0,80.0,2985.0,29.0,2023,2025-11-20T07:36:00,https://on3static.com/uploads/assets/402/518/518402.png,https://www.on3.com/db/tanyon-freibaum-157609/,portal_wire_football_2026
Lamont Shamburger,S,UC Davis Aggies,,Expected,0,3.0,86.0,1942.0,134.0,2022,2025-11-19T17:03:00,https://on3static.com/uploads/assets/613/553/553613.png,https://www.on3.com/db/lamont-shamburger-282456/,portal_wire_football_2026
Khamani Potts,EDGE,Grand Valley State Lakers,,Entered,0,3.0,86.0,1948.0,127.0,2023,2025-11-19T14:52:00,https://on3static.com/uploads/assets/385/557/557385.png,https://www.on3.com/db/khamani-potts-282621/,portal_wire_football_2026
Balaam Miller,DL,Saint Francis (PA) Red Flash,,Entered,0,0.0,,,,2023,2025-11-19T10:28:00,https://on3static.com/uploads/assets/792/579/579792.png,https://www.on3.com/db/balaam-miller-283617/,portal_wire_football_2026
Henry Hicks,DL,Elizabeth City State,,Entered,0,,,,,2024,2025-11-19T06:33:00,,https://www.on3.com/db/henry-hicks-239811/,portal_wire_football_2026
Jordan Barnett,RB,Shepherd Rams,,Entered,0,3.0,86.0,2320.0,157.0,2021,2025-11-18T16:32:00,https://on3static.com/uploads/assets/461/557/557461.png,https://www.on3.com/db/jordan-barnett-282631/,portal_wire_football_2026
Jalile Elliott,EDGE,Barton College Bulldogs,,Entered,0,0.0,,,,2025,2025-11-18T15:22:00,https://on3static.com/uploads/assets/367/576/576367.png,https://www.on3.com/db/jalile-elliott-283533/,portal_wire_football_2026
Leonard Sherrod III,S,Wheeling Cardinals,,Entered,0,3.0,85.0,2318.0,206.0,2023,2025-11-18T14:38:00,https://on3static.com/uploads/assets/362/557/557362.png,https://www.on3.com/db/leonard-sherrod-iii-282619/,portal_wire_football_2026
Malachi Madison,DL,Massachusetts Minutemen,,Entered,0,3.0,85.0,2641.0,239.0,2022,2025-11-17T17:51:00,https://on3static.com/uploads/assets/867/86/86867.jpeg,https://www.on3.com/db/malachi-madison-81432/,portal_wire_football_2026
Davon Banks,CB,Boise State Broncos,,Expected,0,3.0,85.0,1944.0,264.0,2021,2025-11-17T13:43:00,https://on3static.com/uploads/assets/613/16/16613.jpeg,https://www.on3.com/db/davon-banks-32422/,portal_wire_football_2026
Ashton Schumann,WR,Central Oklahoma Bronchos,,Entered,0,3.0,86.0,1939.0,231.0,2023,2025-11-17T12:27:00,https://on3static.com/uploads/assets/561/554/554561.png,https://www.on3.com/db/ashton-schumann-7924/,portal_wire_football_2026
Amare Ary,WR,West Virginia State Yellow Jackets,,Entered,0,0.0,,,,2023,2025-11-17T11:57:00,https://on3static.com/uploads/assets/929/567/567929.png,https://www.on3.com/db/amare-ary-4174/,portal_wire_football_2026
Caesar Magee III,CB,Northwestern State Demons,,Expected,0,3.0,87.0,2642.0,106.0,2020,2025-11-16T20:42:00,https://on3static.com/uploads/assets/326/551/551326.png,https://www.on3.com/db/caesar-magee-iii-282376/,portal_wire_football_2026
LaTrelle Murrell,RB,West Georgia Wolves,,Expected,0,3.0,86.0,1940.0,135.0,2023,2025-11-16T12:41:00,https://on3static.com/uploads/assets/567/554/554567.png,https://www.on3.com/db/latrelle-murrell-159217/,portal_wire_football_2026
Dominick Collins,WR,Concord University Mountain Lions,,Entered,0,3.0,84.0,1929.0,355.0,2024,2025-11-15T16:36:00,https://on3static.com/uploads/assets/936/334/334936.png,https://www.on3.com/db/dominick-collins-239354/,portal_wire_football_2026
Xavier Esquillen,EDGE,Savannah State Tigers,,Entered,0,3.0,84.0,2644.0,205.0,2023,2025-11-14T16:20:00,https://on3static.com/uploads/assets/454/557/557454.png,https://www.on3.com/db/xavier-esquillen-282629/,portal_wire_football_2026
Omoruyi Aliu-Otokiti,IOL,Livingstone College Blue Bears,,Entered,0,3.0,84.0,2663.0,197.0,2024,2025-11-14T14:43:00,https://on3static.com/uploads/assets/635/554/554635.png,https://www.on3.com/db/omoruyi-aliu-otokiti-282542/,portal_wire_football_2026
Xavier Wells,CB,Nebraska Kearney Lopers,,Entered,0,,,,,2025,2025-11-13T11:00:00,https://on3static.com/uploads/assets/399/584/584399.png,https://www.on3.com/db/xavier-wells-282610/,portal_wire_football_2026
Noah McKinney,IOL,Oklahoma State Cowboys,TCU Horned Frogs,Committed,0,4.0,90.0,121.0,10.0,2022,2025-11-12T21:38:00,https://on3static.com/uploads/assets/627/226/226627.png,https://www.on3.com/db/noah-mckinney-93674/,portal_wire_football_2026
Hezekiah Kinard,DL,Anderson Trojans,,Entered,0,3.0,85.0,2385.0,242.0,2023,2025-11-12T14:17:00,https://on3static.com/uploads/assets/631/554/554631.png,https://www.on3.com/db/hezekiah-kinard-282541/,portal_wire_football_2026
Dallas Johnson,CB,Livingstone College Blue Bears,,Entered,0,3.0,86.0,1941.0,239.0,2023,2025-11-12T13:58:00,https://on3static.com/uploads/assets/617/554/554617.png,https://www.on3.com/db/dallas-johnson-282540/,portal_wire_football_2026
Javier Waldron,CB,Roanoke Maroons,,Entered,0,3.0,86.0,2314.0,203.0,2024,2025-11-12T10:08:00,https://on3static.com/uploads/assets/763/548/548763.png,https://www.on3.com/db/javier-waldron-282306/,portal_wire_football_2026
Corey Sandolph,WR,Angelo State Rams,,Entered,0,3.0,85.0,2804.0,323.0,2020,2025-11-12T09:55:00,https://on3static.com/uploads/assets/756/548/548756.png,https://www.on3.com/db/corey-sandolph-238771/,portal_wire_football_2026
Josiah Jeffery,LB,Anderson Trojans,,Entered,0,3.0,85.0,1947.0,211.0,2023,2025-11-11T10:37:00,https://on3static.com/uploads/assets/344/267/267344.png,https://www.on3.com/db/josiah-jeffery-174970/,portal_wire_football_2026
Jambres Dubar,RB,Boise State Broncos,,Expected,0,3.0,86.0,1935.0,134.0,2023,2025-11-05T10:01:00,https://on3static.com/uploads/assets/699/542/542699.png,https://www.on3.com/db/jambres-dubar-55217/,portal_wire_football_2026
Ashton Wolff,K,Colorado State Rams,,Entered,0,3.0,80.0,2986.0,26.0,2022,2025-11-04T09:29:00,https://on3static.com/uploads/assets/691/542/542691.png,https://www.on3.com/db/ashton-wolff-149628/,portal_wire_football_2026
Tonga Lolohea,DL,Baylor Bears,,Expected,0,,,,,2021,2025-10-15T18:39:00,https://on3static.com/uploads/assets/512/304/304512.png,https://www.on3.com/db/tonga-lolohea-113738/,portal_wire_football_2026
Bubba Hampton,WR,Alabama Crimson Tide,,Expected,129685,3.0,87.0,1108.0,125.0,2024,2025-10-14T11:11:00,https://on3static.com/uploads/assets/198/161/161198.png,https://www.on3.com/db/bubba-hampton-1802/,portal_wire_football_2026
Darius Thomas,LB,Oklahoma State Cowboys,,Expected,0,3.0,86.0,1760.0,157.0,2022,2025-10-07T13:19:00,https://on3static.com/uploads/assets/208/391/391208.png,https://www.on3.com/db/darius-thomas-146352/,portal_wire_football_2026
Michael Riles,EDGE,Oklahoma State Cowboys,,Entered,0,3.0,87.0,1104.0,98.0,2025,2025-10-06T16:05:00,https://on3static.com/uploads/assets/242/220/220242.jpeg,https://www.on3.com/db/michael-riles-162313/,portal_wire_football_2026
Xavier Irvin,WR,Temple Owls,,Expected,0,3.0,84.0,2808.0,353.0,2023,2025-10-06T12:11:00,https://on3static.com/uploads/assets/957/46/46957.jpeg,https://www.on3.com/db/xavier-irvin-151426/,portal_wire_football_2026
Terrez Worthy,RB,Temple Owls,,Expected,0,3.0,87.0,500.0,109.0,2022,2025-10-05T16:03:00,https://on3static.com/uploads/assets/505/242/242505.png,https://www.on3.com/db/terrez-worthy-238347/,portal_wire_football_2026
Carson Haggard,QB,Abilene Christian Wildcats,,Entered,0,3.0,84.0,2384.0,183.0,2022,2025-10-02T13:40:00,https://on3static.com/uploads/assets/218/90/90218.jpeg,https://www.on3.com/db/carson-haggard-18765/,portal_wire_football_2026
Nicco Marchiol,QB,West Virginia Mountaineers,,Expected,0,3.0,87.0,497.0,70.0,2022,2025-10-01T09:23:00,https://on3static.com/uploads/assets/82/305/305082.png,https://www.on3.com/db/nicco-marchiol-92084/,portal_wire_football_2026
DeAndre Boykins,S,Oklahoma State Cowboys,,Entered,0,3.0,86.0,1932.0,179.0,2021,2025-09-29T13:39:00,https://on3static.com/uploads/dev/assets/140/10/10140.jpg,https://www.on3.com/db/deandre-boykins-32941/,portal_wire_football_2026
Don Chaney Jr.,RB,Charlotte 49ers,,Entered,0,3.0,86.0,1106.0,122.0,2020,2025-09-29T09:03:00,https://on3static.com/uploads/assets/477/222/222477.jpg,https://www.on3.com/db/don-chaney-jr-37816/,portal_wire_football_2026
Dylan Vickerson,WR,Western Kentucky Hilltoppers,Alabama State Hornets,Committed,0,3.0,85.0,1930.0,284.0,2025,2025-09-16T16:03:00,https://on3static.com/uploads/assets/359/152/152359.png,https://www.on3.com/db/dylan-vickerson-152268/,portal_wire_football_2026
Markeith Williams,S,Miami Hurricanes,,Entered,0,3.0,87.0,1102.0,86.0,2022,2025-09-08T14:56:00,https://on3static.com/uploads/assets/570/222/222570.jpg,https://www.on3.com/db/markeith-williams-83678/,portal_wire_football_2026
